date and time,Trajectory,Waypoint,x_end_avg,y_end_avg,z_end_avg,qx_end_avg,qy_end_avg,qz_end_avg,qw_end_avg,l0,l1,l2,l3,l4,l5,l6,l7,l8
07-Nov-2024 15:55:34,1,1,-0.0185002391537031,0.315374849239985,0.00483197153856357,0.0146765377993385,0.00197253685134153,0.0160628295193116,0.999761354923248,-7.72500000000001,-11.55,-4.95000000000001,-7.35000000000001,-10.05,-7.72500000000001,-9,-6.75000000000001,-9.675
07-Nov-2024 15:55:48,1,2,-0.0205784913152456,0.31907114982605,0.0110999484856923,-0.00597807733962933,3.32649894138134e-05,0.0335298145810763,0.9994198401769,-12.2413297032551,-16.7322018332192,-7.53675353035401,-7.28916761431686,-10.0065482959406,-7.69892897756438,-15.5571808703127,-6.83623921658478,-9.71377036471879
07-Nov-2024 15:56:27,1,3,-0.0200876700381438,0.325597862402598,0.0115460724259416,-0.0324758576850096,1.04835494539657e-05,0.0437341220676899,0.99851526816686,-21.8201594065101,-20.2644036664384,-14.098507060708,-9.47833522863369,-17.3880965918811,-10.7103579551287,-23.6893617406254,-10.5224784331695,-13.1650407294375
07-Nov-2024 15:56:40,1,4,-0.0222385242581368,0.328950210412343,0.0176926622788111,-0.0502308038373788,0.00276668981338541,0.0614798322319984,0.996839745839437,-26.3364891097651,-25.4466054996577,-16.685260591062,-9.41750284295054,-17.3446448878217,-10.6842869326931,-30.2465426109382,-10.6087176497543,-13.2038110941563
07-Nov-2024 15:57:21,1,5,-0.0223738641788562,0.335743055740992,0.0182310178875923,-0.0722191790739695,0.00531243796770771,0.0735841845472654,0.994656511147817,-35.0340688130201,-29.4288073328769,-21.484514121416,-12.0566704572674,-22.1386931837622,-14.3519659102574,-40.8162234812508,-9.86995686633908,-14.7988314588751
07-Nov-2024 15:57:34,1,6,-0.0235216791431109,0.33943305015564,0.0249943458785613,-0.0881729359428088,0.00890204974760612,0.0914426530400912,0.991859173774719,-39.5503985162752,-34.6110091660961,-24.07126765177,-11.9958380715842,-22.0952414797029,-14.3258948878218,-47.3734043515636,-9.95619608292385,-14.8376018235939
07-Nov-2024 15:58:19,1,7,-0.0217976875603199,0.343866632382075,0.024732847760121,-0.109490177035332,0.0122684255242348,0.0886281902591387,0.98995277484258,-47.8073532195301,-39.2682109993153,-27.989271182124,-13.210005685901,-26.1955397756434,-19.671698865386,-51.1368352218763,-23.5049352995085,-17.3794971883126
07-Nov-2024 15:58:33,1,8,-0.0239761850486199,0.347533518075943,0.0313820221771797,-0.124958811203639,0.0162364809463422,0.105143587291241,0.986441334088643,-52.3236829227852,-44.4504128325346,-30.576024712478,-13.1491733002179,-26.152088071584,-19.6456278429504,-57.694016092189,-23.5911745160933,-17.4182675530314
07-Nov-2024 15:59:20,1,9,-0.0228967636823654,0.352282857894897,0.031138954932491,-0.137437330683072,0.0190855429818233,0.110748988886674,0.984114563465118,-58.9353251260402,-49.4451146657538,-35.853403242832,-15.6008409145347,-30.6555113675246,-21.7804943205147,-64.1293219625018,-27.858663732678,-20.2086004177502
07-Nov-2024 15:59:33,1,10,-0.0277075512955586,0.354666544993718,0.0274951982001464,-0.140228222807248,0.0175219307343165,0.0923876042167346,0.985643752415975,-63.5539360896997,-47.240155726116,-34.8196936898595,-19.2261252685496,-34.8932178935424,-23.96811750037,-59.03242079311,-28.3733873647143,-20.5347321506147
07-Nov-2024 16:00:19,1,11,-0.0266678883383671,0.355980296929677,0.025064704567194,-0.156505437692006,0.012064698835214,0.0358378273745378,0.986952988306681,-71.0202033033592,-47.1164467864782,-32.431296636887,-22.3826596225645,-36.0793619195603,-23.8612094302254,-56.5745821237183,-30.9787359967505,-21.4866451334792
07-Nov-2024 16:00:33,1,12,-0.0316094135244687,0.35799352924029,0.0208404663950205,-0.154176625609398,0.0126691187421481,0.0161474412928025,0.98783012231191,-75.6388142670187,-44.9114878468405,-31.3975870839145,-26.0079439765795,-40.3170684455782,-26.0488326100807,-51.4776809543266,-31.4934596287868,-21.8127768663438
07-Nov-2024 16:01:14,1,13,-0.0314756505191326,0.356603773434957,0.0195137475927671,-0.15312661031882,0.011454283259809,-0.0243447214365006,0.987840294837952,-77.4062533556782,-44.7221539072026,-29.986533780942,-28.1238533305944,-39.3539937215961,-25.289190164936,-46.2003110349349,-30.5784957608231,-21.1767992242083
07-Nov-2024 16:01:27,1,14,-0.0369724671045939,0.358682843049367,0.0161896636088689,-0.156592277685801,0.0137630109985669,-0.0554891688128312,0.986007297039032,-82.0248643193377,-42.5171949675649,-28.9528242279695,-31.7491376846094,-43.591700247614,-27.4768133447914,-41.1034098655432,-31.0932193928594,-21.5029309570729
07-Nov-2024 16:02:08,1,15,-0.0364334692557653,0.358010876178741,0.0139819790919622,-0.153930474321047,0.01293267570436,-0.0973275755842527,0.983191506067912,-84.6178893454972,-42.745048527927,-27.280442799997,-34.7697345386243,-43.0540161486319,-28.8658037121467,-35.6912743211514,-30.5180992748957,-22.0230080024374
07-Nov-2024 16:02:22,1,16,-0.0444726360340913,0.360233682394028,0.00940228644758463,-0.127176849047343,0.0165731806308031,-0.115622006356716,0.98497865597407,-82.6106745926625,-47.0973516507434,-29.3976043026279,-40.7077811197285,-48.6767210100127,-31.6181660840598,-32.495916039513,-29.9281986871231,-21.6690676497738
07-Nov-2024 16:03:04,1,17,-0.0476119890809059,0.359867817163467,0.00699363797903061,-0.0861060147484144,0.0137560582409302,-0.127522349357605,0.98799524307251,-79.4406668710778,-51.8410610235596,-31.9454298677588,-48.5934839508326,-51.7617305588935,-35.096212049723,-30.4929405703746,-29.0933762243505,-22.9120999533603
07-Nov-2024 16:03:18,1,18,-0.0543040869136651,0.362351377805074,0.00405785550052921,-0.0632376323143641,0.0147586475436886,-0.141282680630684,0.987837251027425,-77.4334521182432,-56.1933641463759,-34.0625913703897,-54.5315305319367,-57.3844354202743,-37.8485744216361,-27.2975822887362,-28.5034756365779,-22.5581596006967
07-Nov-2024 16:03:54,1,19,-0.0491881015400092,0.360472194353739,-0.000562287327678253,0.00054867984727025,0.00797522117694219,-0.125243418415387,0.992093865076701,-66.6698408810336,-53.1663703941923,-29.6450849042706,-60.7684052380408,-61.1382926254051,-32.8637785904243,-30.0984154133478,-26.8911141113053,-25.5527055761581
07-Nov-2024 16:04:08,1,20,-0.0559173854688803,0.363292874892553,-0.00745396216710409,0.0268844707558552,0.00851301196962595,-0.139433963100115,0.989829762776693,-64.6626261281989,-57.5186735170086,-31.7622464069015,-66.706451819145,-66.7609974867859,-35.6161409623375,-26.9030571317094,-26.3012135235327,-25.1987652234945
07-Nov-2024 16:04:50,1,21,-0.0544247508049011,0.365066415071487,-0.0134406548614303,0.0903461168209712,-0.00117892106839766,-0.125061470270157,0.988026265303294,-57.7522131331767,-59.1563282023249,-34.8120739251574,-76.0939124627491,-69.7992785200418,-42.6749242326881,-32.7057945531959,-29.77508246701,-25.6190680348934
07-Nov-2024 16:05:03,1,22,-0.0626164036492507,0.367834538221359,-0.0173435613512993,0.114746507505576,-0.00533952781309684,-0.133900644381841,0.984314680099487,-55.744998380342,-63.5086313251412,-36.9292354277883,-82.0319590438532,-75.4219833814226,-45.4272866046012,-29.5104362715575,-29.1851818792374,-25.2651276822299
07-Nov-2024 16:05:49,1,23,-0.0567718560496966,0.371724190314611,-0.0177042074501514,0.127266776561737,-0.0100229260201255,-0.125083281596502,0.983898822466532,-59.4572499591162,-61.3096907978364,-39.5816776034458,-87.7015263526124,-78.8343899188681,-47.2522236016965,-37.7860814939731,-33.5862398660868,-27.3437531969958
07-Nov-2024 16:06:03,1,24,-0.0557087277372678,0.375514322519302,-0.0225544355809689,0.157563893000285,-0.0114782951151331,-0.127563720941544,0.979167652130127,-57.6711006589841,-58.1430744892817,-38.2427867712909,-96.2213866301215,-80.2390083703762,-48.1989501495729,-41.7876788648262,-36.0304130873113,-28.8102571297305
07-Nov-2024 16:06:45,1,25,-0.0536456835766633,0.377638157208761,-0.0346762634813786,0.189609731237094,-0.00155222897107402,-0.138806008299192,0.971997261047363,-56.6841517983052,-58.8352960713518,-31.1745624430422,-102.716100423256,-84.297520864853,-51.3097819220587,-41.2513001614606,-36.4530286913483,-30.5828218534807
07-Nov-2024 16:06:58,1,26,-0.0522676264246305,0.382072502374649,-0.0396088297168414,0.22003119289875,-0.00329520651139319,-0.136928516626358,0.965829197565715,-54.8980024981731,-55.668679762797,-29.8356716108872,-111.235960700765,-85.702139316361,-52.2565084699352,-45.2528975323136,-38.8972019125727,-32.0493257862154
07-Nov-2024 16:07:41,1,27,-0.0531213507056236,0.383022755384445,-0.0424882099032402,0.239854149023692,-0.00445241425186396,-0.146570249398549,0.959670460224152,-54.4114534177676,-54.5064823995547,-34.3321140306854,-115.968247736086,-89.7837047893534,-54.5102876301164,-43.6105068660574,-40.5555963252034,-31.5688601144579
07-Nov-2024 16:07:55,1,28,-0.0515870032211145,0.387607222795486,-0.0482775511840979,0.268784854809443,-0.00482547621553143,-0.144651960333188,0.952264249324799,-52.6253041176355,-51.3398660909999,-32.9932231985304,-124.488108013596,-91.1883232408615,-55.4570141779928,-47.6121042369105,-42.9997695464278,-33.0353640471926
07-Nov-2024 16:08:36,1,29,-0.0531561709940434,0.386658400297165,-0.0480305718878905,0.275199051698049,-0.00582990429053704,-0.145983146627744,0.950221260388692,-51.6417701482582,-56.3162007446489,-23.2179678473635,-124.830085860617,-93.7757467620911,-54.842530921749,-45.6629632935693,-41.124824939784,-33.9658670761331
07-Nov-2024 16:08:50,1,30,-0.0497708862026532,0.387626711527506,-0.052296556532383,0.273599402109782,0.000913500052411109,-0.150920893748601,0.94992919365565,-53.0084360690175,-48.8153259256417,-19.2250458702199,-125.415850328733,-96.2246967725786,-55.8245213593528,-45.7108163687828,-44.2177697374371,-35.2698549073196
07-Nov-2024 16:09:34,1,31,-0.0526717104017735,0.388914483785629,-0.0526801665623983,0.268147295713425,0.00196775848356386,-0.152757079402606,0.951187920570373,-54.8500020447085,-53.7780558429627,-12.6409572060647,-126.779721486301,-99.1178835384372,-57.0582749500327,-46.860172434719,-43.1017698329417,-35.3371003373832
07-Nov-2024 16:09:48,1,32,-0.0517056884864966,0.390204815069834,-0.0556335054337978,0.268201673030853,0.00539972055703402,-0.157556986808777,0.950375994046529,-56.2166679654679,-46.2771810239555,-8.64803522892114,-127.365485954416,-101.566833548925,-58.0402653876365,-46.9080255099325,-46.1947146305948,-36.6410881685698
07-Nov-2024 16:10:44,1,33,-0.053351200123628,0.391175055503845,-0.049395635475715,0.264528493086497,-0.0046060997992754,-0.144431259234746,0.95348995923996,-57.145783913693,-56.4081085731131,-37.0345299082717,-128.490303767258,-103.037901937098,-59.4481374017784,-49.9066300805073,-45.8331870771736,-36.9517047991948
07-Nov-2024 16:10:58,1,34,-0.0511020888884862,0.392135719458262,-0.0457048875590165,0.251282840967178,-0.0088869904478391,-0.120976464947065,0.960282595952352,-59.4086991918817,-57.2706604729653,-37.552061048183,-121.774626586763,-103.169127295591,-59.6000052710105,-56.5930905043924,-43.5450106944564,-35.8938717978214
07-Nov-2024 16:11:48,1,35,-0.0499153139690558,0.389200721184413,-0.0400889279941718,0.1965339889129,-0.00839175110061963,-0.106362045307954,0.974674888451894,-63.9278394838032,-56.8241135569,-37.3843005163414,-116.003476078631,-101.461411842928,-59.9648139285115,-57.4799266759582,-46.279598136202,-34.9393531961673
07-Nov-2024 16:12:01,1,36,-0.0478170705338319,0.389856735865275,-0.0364019100864728,0.178212424119314,-0.0126604554553827,-0.0817769785722097,0.980506292978923,-66.1907547619919,-57.6866654567522,-37.9018316562528,-109.287798898136,-101.592637201421,-60.1166817977436,-64.1663870998433,-43.9914217534847,-33.8815201947939
07-Nov-2024 16:12:52,1,37,-0.0455310076475143,0.388238173723221,-0.0352253869175911,0.146616401274999,-0.0137541200344761,-0.0588570428391298,0.987345111370087,-66.581782547047,-56.8446679486456,-38.2267169602876,-104.919385053823,-101.404392154336,-60.6750200611101,-66.4530353975688,-47.8896272829989,-35.5003443932801
07-Nov-2024 16:13:05,1,38,-0.0443269357085228,0.388629810015361,-0.0313876355687777,0.118607055644194,-0.0158418882638216,-0.0380090281367302,0.992087058226268,-68.8446978252357,-57.7072198484978,-38.744248100199,-98.2037078733275,-101.53561751283,-60.8268879303422,-73.1394958214539,-45.6014509002816,-34.4425113919066
07-Nov-2024 16:13:55,1,39,-0.0421274637182554,0.386553307374318,-0.0289974182844162,0.0724825511376063,-0.0155206288521489,-0.00753968292847276,0.997220432758331,-70.2466693568576,-56.8174970443705,-38.340456322172,-90.6366623609232,-101.507107668534,-60.1319909966415,-76.5760501822592,-47.68146547368,-35.473006990463
07-Nov-2024 16:14:09,1,40,-0.0397473941246669,0.387479368845622,-0.0255137201398611,0.0499342856307824,-0.0171815788994233,0.0279979668557644,0.998212170600891,-72.5095846350462,-57.6800489442227,-38.8579874620834,-83.9209851804281,-101.638333027028,-60.2838588658735,-83.2625106061443,-45.3932890909628,-34.4151739890896
07-Nov-2024 16:15:00,1,41,-0.0391552661856015,0.388582505782445,-0.0332267294327418,0.0780238966147105,-0.0208176405479511,0.0268179594228665,0.996373315652212,-68.5532707024424,-57.3562126459228,-37.6227700446708,-90.759061491415,-103.696097843531,-62.2785861880675,-83.4651249458354,-48.8919342769104,-35.928406657711
07-Nov-2024 16:15:13,1,42,-0.0426459950705369,0.390452782313029,-0.0405113629996777,0.11995858947436,-0.0266935161004464,0.0233079855640729,0.992146249612172,-63.977428643122,-59.2585136996128,-38.4232140862275,-98.1728219683565,-106.133730261428,-63.3466959117279,-82.9676923170664,-46.8314839848,-34.7474750263675
07-Nov-2024 16:16:05,1,43,-0.0430238281687101,0.391472729047139,-0.0456487076977889,0.16067026257515,-0.0353144228458405,0.0209776634971301,0.986153113842011,-59.7863506471598,-57.4977460773077,-37.9808273982996,-103.423740362321,-110.256428878628,-64.8031144346551,-82.9702831725274,-48.1505814317188,-37.6886255450065
07-Nov-2024 16:16:19,1,44,-0.0473039408524831,0.394269820054372,-0.0520870491862297,0.19739975531896,-0.0419589859743913,0.0131003620723883,0.97933710416158,-55.2105085878394,-59.4000471309976,-38.7812714398563,-110.837500839262,-112.694061296525,-65.8712241583155,-82.4728505437584,-46.0901311396084,-36.507693913663
07-Nov-2024 16:17:07,1,45,-0.0475226330260436,0.39541241923968,-0.0572253790994485,0.215234889586767,-0.0362226024270058,-0.00800347992529472,0.975857512156169,-55.102048560198,-59.6208138466899,-25.0853001166708,-115.144840274715,-116.349226814074,-67.5084882816093,-79.1504296571044,-47.3694547170127,-39.862803357311
07-Nov-2024 16:17:21,1,46,-0.0520347520709038,0.398349910974503,-0.0628502026200295,0.24570714533329,-0.0435746617615223,-0.0144479795669516,0.968256429831187,-50.5262065008776,-61.5231149003799,-25.8857441582275,-122.558600751657,-118.786859231971,-68.5765980052697,-78.6529970283354,-45.3090044249022,-38.6818717259675
07-Nov-2024 16:18:18,1,47,-0.0529805774490039,0.401555850108465,-0.0583186830083529,0.255336010456085,-0.042762778699398,-0.0373349385956923,0.96518444220225,-57.1840554573966,-57.7846487850708,-39.5379805174129,-129.169150707854,-120.558258199695,-70.6792849287468,-78.1680702706239,-49.0434410675494,-39.9939606321198
07-Nov-2024 16:18:31,1,48,-0.0575364917516708,0.405298872788747,-0.0666997859875361,0.286989094813665,-0.0495851998527845,-0.0462921515107155,0.955528962612152,-52.6082133980762,-59.6869498387608,-40.3384245589696,-136.582911184795,-122.995890617592,-71.7473946524072,-77.6706376418549,-46.982990775439,-38.8130290007763
07-Nov-2024 16:19:24,1,49,-0.0571459708114465,0.408285123109818,-0.0607852928340435,0.298100062211355,-0.0414813141028086,-0.0747762421766917,0.95069667895635,-60.3992168466757,-63.1938673079512,-42.3897647593407,-143.595066401365,-124.800406310402,-72.357792975976,-77.3294579486146,-22.7699839507068,-42.1786076381809
07-Nov-2024 16:19:37,1,50,-0.0618648432195187,0.411797199646632,-0.0676569322745005,0.326622074842453,-0.0468038586278756,-0.0841017673412959,0.940241543451945,-55.8233747873553,-65.0961683616412,-43.1902088008974,-151.008826878306,-127.238038728299,-73.4259026996364,-76.8320253198456,-20.7095336585963,-40.9976760068374
07-Nov-2024 16:20:31,1,51,-0.0596707875529925,0.413579523563385,-0.0634303271770477,0.323125771681468,-0.0411379851400852,-0.0897042820851008,0.941196350256602,-62.622101424133,-67.4364252867294,-42.6902992920218,-152.842678813029,-129.571862318512,-76.6779060290169,-79.4896879992721,-15.5155522090644,-42.4427476026492
07-Nov-2024 16:20:44,1,52,-0.0595514692366123,0.416562920808792,-0.0706439231832822,0.332701694965363,-0.0372735184927781,-0.0912227590878805,0.937869234879812,-61.4374053069504,-63.424374004067,-40.964941703739,-157.877333377938,-131.622244271268,-77.9837650584433,-81.3942242109343,-20.4978490258433,-45.214564064087
07-Nov-2024 16:21:52,1,53,-0.0606197848916054,0.419821774959564,-0.0659991229573886,0.341769860188166,-0.0438327036798,-0.0948949292302132,0.933952383200328,-65.9694205667482,-68.2884768252804,-46.45230815516,-163.936586627753,-133.664347042752,-79.5876962378468,-83.7503236564786,-58.1920067094673,-43.8730080927117
07-Nov-2024 16:22:06,1,54,-0.0569472735126813,0.423252636194229,-0.0723165020346642,0.358387651046117,-0.0375544274846713,-0.0959456240137418,0.927869824568431,-64.7847244495656,-64.276425542618,-44.7269505668771,-168.971241192662,-135.714728995509,-80.8935552672732,-85.6548598681408,-63.1743035262463,-46.6448245541495
07-Nov-2024 16:22:30,1,55,-0.0587860554456711,0.423057810465495,-0.0702710077166557,0.378633348147074,-0.0517443604767323,-0.085211222867171,0.920162133375804,-37.6583840208724,-34.3274513118928,-23.7329549984461,-172.118195100024,-130.035971357629,-72.2234503716882,-86.2851776967441,-43.6375307764473,-30.4849547991805
07-Nov-2024 16:22:44,1,56,-0.0577507937947909,0.423137332995733,-0.0687604109446208,0.377609902620316,-0.0526403293013573,-0.0778846750656764,0.921180522441864,-42.4634989807184,-35.3226056760678,-24.3300476169511,-169.116534890728,-129.642973874367,-72.1264670664748,-88.0759230703797,-50.5804257352317,-34.0559177149902
07-Nov-2024 16:23:53,1,57,-0.0544794720908006,0.423033608992894,-0.0601565112670263,0.354300673802694,-0.0481715388596058,-0.0809433629115423,0.930375583966573,-67.2227917848096,-69.9992985662122,-47.4678212453821,-170.046024352658,-134.460406595788,-76.1165017987557,-89.7545592524859,-61.313785910727,-46.6110375225964
07-Nov-2024 16:24:06,1,58,-0.0473637014627457,0.423604242006938,-0.0555108437935511,0.338910895586014,-0.0330365983148416,-0.0867980604370435,0.936223288377126,-72.0279067446557,-70.9944529303871,-48.0649138638871,-167.044364143362,-134.067409112526,-76.0195184935424,-91.5453046261216,-68.2566808695115,-50.1820004384061
07-Nov-2024 16:24:29,1,59,-0.0459648984173934,0.418929946422577,-0.0600886131326358,0.346843334039052,-0.0413572313884894,-0.0590677830080191,0.935147035121918,-53.2851106266238,-41.6553765575458,-27.7573469873549,-161.733278769679,-126.604626731605,-69.4160442070762,-88.2549954039926,-61.4198084366515,-39.1950418001142
07-Nov-2024 16:24:43,1,60,-0.0418583075205485,0.418209683895111,-0.0597819522023201,0.338335585594177,-0.0357241754730543,-0.0566332720220089,0.938640201091766,-58.0902255864699,-42.6505309217208,-28.3544396058599,-158.731618560382,-126.211629248343,-69.3190609018628,-90.0457407776282,-68.362703395436,-42.7660047159239
07-Nov-2024 16:25:38,1,61,-0.0379915826022625,0.418064155181249,-0.0522993492583434,0.303248862425486,-0.0253352531542381,-0.0528019006053607,0.951109993457794,-69.1963850073768,-69.1285699173883,-46.0992024768463,-158.550245768893,-129.108739316252,-72.643832106023,-95.1459588533815,-70.8157146583982,-50.6830068546827
07-Nov-2024 16:25:52,1,62,-0.0320115620891253,0.419171875715256,-0.0479976852734884,0.288667132457097,-0.0167102580269178,-0.0520003932217757,0.955870314439138,-74.0014999672228,-70.1237242815633,-46.6962950953513,-155.548585559596,-128.715741832991,-72.5468488008097,-96.9367042270172,-77.7586096171826,-54.2539697704924
07-Nov-2024 16:26:39,1,63,-0.0278587363660336,0.418932020664215,-0.0503244169056416,0.28474427262942,-0.0121339921529094,-0.0378940040866534,0.95777739683787,-71.1571371575994,-69.2353209614846,-48.0672228400971,-155.907069059203,-130.792798125314,-74.8357427502831,-98.8821859517117,-82.831562728056,-58.7229522977767
07-Nov-2024 16:26:52,1,64,-0.0204257347931465,0.420392847061157,-0.0464430364469687,0.268107267220815,-0.00209605956139664,-0.0384443131585916,0.962619419892629,-75.9622521174454,-70.2304753256595,-48.664315458602,-152.905408849907,-130.399800642052,-74.7387594450697,-100.672931325347,-89.7744576868404,-62.2939152135864
07-Nov-2024 16:27:39,1,65,-0.0147157952189446,0.420193688074748,-0.0483532416323821,0.245183305939039,0.00759219145402312,-0.0286132648587227,0.96902467807134,-77.1676281925567,-69.8338508477076,-47.8483256402274,-151.283820495062,-131.166830046583,-76.5097147671997,-101.791044874512,-97.0573817216693,-66.8388879351334
07-Nov-2024 16:27:53,1,66,-0.00895612115661303,0.421683007478714,-0.0435428294042746,0.225485130151113,0.0175327822566032,-0.0373014767964681,0.973374378681183,-81.9727431524028,-70.8290052118825,-48.4454182587323,-148.282160285766,-130.773832563322,-76.4127314619863,-103.581790248148,-104.000276680454,-70.4098508509431
07-Nov-2024 16:28:38,1,67,-0.00108148932922631,0.421505790948868,-0.0415965157250563,0.203352911273638,0.0184213930120071,-0.0139191343138615,0.978833258152008,-82.8779886698814,-69.3282701549939,-48.1109696587974,-145.595536003695,-129.835848523956,-76.2747174704447,-107.436219709548,-109.16318617726,-74.3178186696215
07-Nov-2024 16:28:52,1,68,0.00525477488214771,0.423800035317739,-0.0367835345367591,0.184148900707563,0.0212773381421963,-0.0136420974507928,0.982573362191518,-87.6831036297275,-70.3234245191688,-48.7080622773024,-142.593875794399,-129.442851040694,-76.1777341652313,-109.226965083184,-116.106081136045,-77.8887815854312
07-Nov-2024 16:29:39,1,69,0.012039812716345,0.424788016080856,-0.0343196071684361,0.149007201194763,0.0207864829649528,0.00371003753195206,0.988610688845317,-92.0382838683898,-72.245634172812,-48.3143842865873,-139.374733548715,-128.852360279381,-76.2852355168538,-113.024552500702,-122.00898336384,-83.2032469526752
07-Nov-2024 16:29:52,1,70,0.0158481154590845,0.42522304058075,-0.0394300887982051,0.176494058966637,0.0192802846431732,0.0348389188448588,0.983495990435282,-83.7631202588494,-71.2089442374276,-47.6923703253567,-139.716909793887,-131.47302555663,-77.49189916194,-116.511658003812,-123.947585932471,-84.0688792434518
07-Nov-2024 16:30:15,1,71,0.0192260213196278,0.42372487783432,-0.0488843743999799,0.199551998575528,0.0165119248131911,0.0554873382051786,0.978175266583761,-68.2129892887173,-44.6857819467767,-29.3249710595161,-134.175345020866,-128.219944194854,-70.4758051354442,-114.627184528863,-122.666192135606,-74.1812627599457
07-Nov-2024 16:30:29,1,72,0.020538093522191,0.424163085222244,-0.0476693369448185,0.199552271763484,0.0164718631654978,0.0626501381397247,0.977743494510651,-59.9378256791769,-43.6490920113924,-28.7029570982855,-134.517521266038,-130.840609472103,-71.6824687805304,-118.114290031973,-124.604794704236,-75.0468950507223
07-Nov-2024 16:31:18,1,73,0.0171772334724665,0.425947825113932,-0.0424878555039565,0.178127998113632,0.0178011503070593,0.0562457027534644,0.982237235705058,-81.4751783893407,-33.4691658983747,-50.33325048475,-138.217827002113,-134.724401429839,-77.4777535898255,-120.640606046053,-127.633399090119,-83.8109029543575
07-Nov-2024 16:31:32,1,74,0.0210576745371024,0.42785882751147,-0.0459145034352938,0.189435843626658,0.0155720766012867,0.0752719884117444,0.978879606723785,-73.2000147798003,-32.4324759629903,-49.7112365235194,-138.560003247285,-137.345066707088,-78.6844172349117,-124.127711549163,-129.572001658749,-84.6765352451341
07-Nov-2024 16:31:55,1,75,0.0213866263628006,0.427815026044846,-0.0506549482544263,0.191628033916155,0.00874224510043859,0.0845634331305822,0.977778534094493,-46.831109330112,-23.2241679387894,-30.4403762361362,-134.656244237909,-135.947295324581,-74.0103914621024,-124.884422307758,-129.805605136006,-75.76635534234
07-Nov-2024 16:32:09,1,76,0.0243372321128845,0.428968654076258,-0.0501305632293224,0.19122419655323,0.00705114385734002,0.096112326780955,0.976803839206696,-38.5559457205717,-22.187478003405,-29.8183622749056,-134.998420483081,-138.56796060183,-75.2170551071886,-128.371527810868,-131.744207704636,-76.6319876331167
07-Nov-2024 16:32:31,1,77,0.0246422292043765,0.425090811649958,-0.044272900869449,0.168973891933759,0.00321726390781502,0.111391375462214,0.979300399621328,-28.9612304527494,-18.2296432752037,-19.1477948674455,-127.608634104779,-129.810595544245,-69.6675056319001,-123.653891803196,-128.396040815347,-70.211116462043
07-Nov-2024 16:32:44,1,78,0.0280208302040895,0.422225519021352,-0.0388772286474705,0.157801844676336,0.00550643103197217,0.11576697876056,0.980645604928335,-28.8633861050012,-18.3576175914107,-19.1516506230617,-122.11681535375,-123.512448816538,-66.4583008655593,-120.376453167781,-125.750373471745,-68.8281513877546
07-Nov-2024 16:33:54,1,79,0.0263626577953498,0.420056718587875,-0.0321799750129382,0.137184408307076,0.00379979317076504,0.110441287855307,0.984362109502157,-75.8421062972166,-65.0426873854141,-45.7682947971397,-122.126012789084,-124.009692923892,-67.7789237447446,-122.978915846238,-132.053456355299,-74.4512332650736
07-Nov-2024 16:34:07,1,80,0.0273426697899898,0.419189540545146,-0.0280768425514301,0.132011225819588,0.00618671777968605,0.111192979911963,0.984972552458445,-75.7442619494684,-65.1706617016211,-45.7721505527559,-116.634194038056,-117.711546196185,-64.5697189784038,-119.701477210823,-129.407789011697,-73.0682681907852
07-Nov-2024 16:34:58,1,81,0.0326543435454369,0.414748859405518,-0.0259529020637274,0.117799390852451,0.00507196749870976,0.116771570841471,0.986134882767995,-71.959699871702,-62.7021837567263,-41.907400517603,-113.517883380209,-115.936094886008,-63.475428034826,-118.463989232344,-130.861496781673,-75.0383265923005
07-Nov-2024 16:35:12,1,82,0.0329336660603682,0.414155926307042,-0.0233326936761538,0.11518969386816,0.00695914082850019,0.116037977238496,0.986518164475759,-71.8618555239537,-62.8301580729334,-41.9112562732192,-108.02606462918,-109.637948158301,-60.2662232684852,-115.186550596929,-128.215829438071,-73.6553615180121
07-Nov-2024 16:35:58,1,83,0.03520882204175,0.40829914410909,-0.0178268263737361,0.0978260412812233,0.00584117971981565,0.116810418665409,0.988307297229767,-68.8706523111963,-43.0599062585889,-39.7558091334508,-103.871999924742,-104.77614913936,-57.8144754135259,-112.629087289982,-127.619849651258,-74.5489081816255
07-Nov-2024 16:36:11,1,84,0.0372542803486188,0.407760488986969,-0.0145895171910524,0.0924049442013105,0.00780663664142291,0.1193828890721,0.988508041699727,-68.772807963448,-43.1878805747959,-39.759664889067,-98.3801811737135,-98.4780024116526,-54.6052706471851,-109.351648654567,-124.974182307656,-73.1659431073371
07-Nov-2024 16:37:01,1,85,0.0393781282007694,0.400603667894999,-0.0106599523375432,0.0748384272058805,0.00279831805576881,0.143952427307765,0.986746748288473,-62.3532841831949,-53.6167418257273,-38.4588691969909,-89.8072394459803,-93.3480295383282,-51.774794336535,-109.809197683386,-122.678358742448,-72.1712339019997
07-Nov-2024 16:37:14,1,86,0.0406732864677906,0.399458432197571,-0.00666985604912043,0.0605582669377327,0.00229934387219449,0.149699235955874,0.986872625350952,-62.2554398354467,-53.7447161419343,-38.4627249526071,-84.3154206949518,-87.0498828106211,-48.5655895701942,-106.531759047972,-120.032691398846,-70.7882688277113
07-Nov-2024 16:38:00,1,87,0.0432603739202023,0.39321354230245,-0.00558130738014976,0.0565180229643981,0.00208357232622802,0.149402296543121,0.987157734235128,-55.8467557714457,-51.4481339255035,-34.7392549843771,-78.3330404555709,-81.4858230101054,-45.3957490316988,-103.546814244674,-118.536945944441,-70.5744316878984
07-Nov-2024 16:38:14,1,88,0.0455993130803108,0.39230131705602,0.000552955267994548,0.0428045568366845,0.00187633133803805,0.155308704574903,0.986936402320862,-55.7489114236974,-51.5761082417105,-34.7431107399933,-72.8412217045423,-75.1876762823984,-42.1865442653579,-100.269375609259,-115.891278600839,-69.19146661361
07-Nov-2024 16:38:58,1,89,0.0456234065194925,0.386047371228536,0.00154775284851591,0.0429649606347084,-0.000124695740911799,0.151973477999369,0.987450289726257,-49.8706472178226,-50.2668042915985,-29.8833036336865,-68.1541222093375,-65.9565730182871,-41.8470216129398,-96.0131838899025,-114.045572201836,-67.3430655065594
07-Nov-2024 16:39:11,1,90,0.0491066043575605,0.385429110129674,0.00922885158409675,0.0288953192532063,0.00045354335840481,0.158003588517507,0.98701559305191,-49.7728028700743,-50.3947786078056,-29.8871593893027,-62.6623034583089,-59.6584262905801,-38.637816846599,-92.7357452544877,-111.399904858234,-65.960100432271
07-Nov-2024 16:39:55,1,91,0.0495255634188652,0.379403128226598,0.00798606860140959,0.0212961278855801,-0.00140927610142777,0.160020736853282,0.986882917086283,-44.7597485932628,-45.229113790853,-27.3841837139574,-57.4978443351923,-54.1438012946709,-36.2634531372195,-89.7189300771022,-110.354217986931,-64.1944173416015
07-Nov-2024 16:40:08,1,92,0.0514531751473745,0.378716564178467,0.0147781206915776,0.00816664819916089,-0.00207590643937389,0.164737379550934,0.986301497618357,-44.6619042455145,-45.35708810706,-27.3880394695736,-52.0060255841637,-47.8456545669639,-33.0542483708787,-86.4414914416874,-107.708550643329,-62.8114522673131
07-Nov-2024 16:40:52,1,93,0.0492806064585845,0.371923440694809,0.00908360419174035,0.0101795342440406,-0.00569527661427856,0.164547853668531,0.986300158500671,-39.3314549332346,-40.6632428566873,-25.238479509709,-47.2028866470911,-46.4392687051557,-33.1874641330185,-83.9693645352872,-104.362873535876,-60.9371281848342
07-Nov-2024 16:41:06,1,94,0.0515690217415492,0.371467453241348,0.0156445731719335,-0.000859496234140048,-0.00606850416709979,0.169324177503586,0.985541383425395,-39.2336105854864,-40.7912171728943,-25.2423352653252,-41.7110678960625,-40.1411219774487,-29.9782593666777,-80.6919258998723,-101.717206192274,-59.5541631105458
07-Nov-2024 16:41:51,1,95,0.0469957190255324,0.364939163128535,0.0119000482062499,-0.0155471762021383,-0.0109642155468464,0.15575466354688,0.987612577279409,-36.6694637554723,-36.3332817058114,-24.3194831632011,-36.9385890520119,-42.6638556826911,-28.6652648645772,-77.3671431289649,-98.421533966747,-58.9755185321622
07-Nov-2024 16:42:04,1,96,0.0495332611103853,0.364567011594772,0.0177442835023006,-0.0259459229807059,-0.0118842445934812,0.16027705570062,0.986659443378448,-36.571619407724,-36.4612560220184,-24.3233389188173,-31.4467703009833,-36.3657089549841,-25.4560600982364,-74.0897044935501,-95.7758666231448,-57.5925534578738
07-Nov-2024 16:42:32,1,97,0.0496191084384918,0.358111097415288,0.0122959280386567,-0.0213928675899903,-0.0158530529588461,0.169186131159465,0.985224390029907,-27.9656238188429,-27.1712754465806,-16.4388407455634,-21.1396215034437,-16.5530024437519,-12.3949604640158,-70.8635937903889,-94.6801968385801,-47.2367486315378
07-Nov-2024 16:42:45,1,98,0.0448244926830133,0.359042725960414,0.0156331793715556,-0.0315631950894992,-0.0169790167361498,0.166600124041239,0.985372964541117,-32.9540662937194,-33.8203017799052,-19.8545477304833,-21.7061782092505,-17.4649406263288,-12.9421233735619,-72.7857553483641,-92.710483603455,-46.343085832233
07-Nov-2024 16:43:35,1,99,0.0337379569808642,0.3612342496713,0.0165983824680249,-0.0307287055999041,-0.00859000130246083,0.151561965545019,0.987932678063711,-38.9384331480295,-38.9103506674074,-26.6760777509682,-32.0150698918018,-38.694598917143,-26.788338849168,-74.8085808724662,-90.8407691478486,-49.6630031569043
07-Nov-2024 16:43:48,1,100,0.0276495821774006,0.363131195306778,0.0249204595883687,-0.0496585463484128,-0.0095609026029706,0.146890206138293,0.987859272956848,-43.926875622906,-45.559377000732,-30.0917847358882,-32.5816265976086,-39.6065370997199,-27.3355017587141,-76.7307424304414,-88.8710559127235,-48.7693403575994
07-Nov-2024 16:44:59,2,1,-0.021650381013751,0.313188781340917,0.00724983274315794,0.00240165248202781,-0.00316957392108937,-0.00472955740988255,0.999980942408244,-6.22500000000001,-12.075,-5.25000000000001,-7.50000000000001,-12.675,-6.60000000000001,-6.52500000000001,-7.95000000000001,-9.75
07-Nov-2024 16:45:13,2,2,-0.0221198994666338,0.31781414548556,0.00804574384043614,0.0108224737768372,-0.00477521646146973,0.0198398703088363,0.999733213583628,-8.37812163736703,-15.5340110019464,-6.91163832957434,-11.6092172660532,-13.4635866598948,-6.92642970390799,-13.6914286077636,-7.27129856892323,-9.34277914135393
07-Nov-2024 16:45:53,2,3,-0.0220832550277313,0.326147643725077,0.00768292971576254,0.00140951419404397,-0.00481599221626918,0.0364696457982063,0.999322199821472,-16.418743274734,-19.2555220038928,-12.6982766591487,-18.1184345321065,-20.2896733197896,-11.377859407816,-24.5703572155272,-14.0175971378464,-11.4105582827078
07-Nov-2024 16:46:07,2,4,-0.0230216628561417,0.329877775907516,0.00851806333909432,0.0111490044121941,-0.00533151853208741,0.0493252888321877,0.998706356684367,-18.571864912101,-22.7145330058393,-14.359914988723,-22.2276517981597,-21.0782599796844,-11.7042891117239,-31.7367858232908,-13.3388957067696,-11.0033374240618
07-Nov-2024 16:46:53,2,5,-0.0199775543063879,0.337648870547613,0.00696697551757097,0.00175533038564026,-0.00628738685821493,0.0509729874630769,0.998678727944692,-27.343736549468,-25.6297940077857,-17.1090533182973,-30.4618690642129,-26.7605966395791,-17.0932188156319,-40.3844644310544,-21.6976942756927,-15.8836165654156
07-Nov-2024 16:47:07,2,6,-0.0213213187952836,0.341708250840505,0.00752483050649365,0.0116573190316558,-0.00699770981445909,0.0671606943011284,0.997649562358856,-29.496858186835,-29.0888050097322,-18.7706916478716,-34.5710863302661,-27.549183299474,-17.4196485195399,-47.550893038818,-21.0189928446159,-15.4763957067696
07-Nov-2024 16:47:54,2,7,-0.0214444812387228,0.347470112641652,0.00682370852058132,0.0130307331681252,-0.00572351502875487,0.0433830459912618,0.998957188924154,-36.4026262418459,-31.4184587433994,-21.5779362462068,-42.1505944430406,-33.7556592315164,-20.8059292170627,-49.4379442143557,-27.5900451596322,-19.5465270957793
07-Nov-2024 16:48:07,2,8,-0.0277935060362021,0.350341685612996,0.00341627625748515,0.0321336654325326,-0.00681344574938218,0.0257316725949446,0.999129092693329,-39.0990192968569,-35.4449874770665,-23.5414308445421,-49.017602555815,-37.9652601635589,-22.8609599145855,-48.0343703898934,-27.0923474746485,-19.2479084847891
07-Nov-2024 16:48:51,2,9,-0.0275836455325286,0.352089691162109,0.00641293556739887,0.0555932270983855,-0.00581364479536811,0.00453470638021827,0.998426310221354,-39.1750998518679,-40.2730787107337,-26.2268004428773,-55.7908606685895,-38.5982985956013,-23.2566156121084,-46.7761090654311,-30.3540247896649,-21.1336648737989
07-Nov-2024 16:49:05,2,10,-0.0338579518099626,0.355352069934209,0.00338137890212238,0.0694746901591619,-0.00823098197579384,-0.0151513212050001,0.997434687614441,-41.8714929068789,-44.2996074444009,-28.1902950412125,-62.6578687813639,-42.8078995276438,-25.3116463096313,-45.3725352409688,-29.8563271046813,-20.8350462628087
07-Nov-2024 16:49:48,2,11,-0.0345280329386393,0.357166896263758,0.00682311135654648,0.073552859822909,-0.00889976571003596,-0.0373849449058374,0.996550659338633,-44.3077297118899,-48.8769174280681,-30.8897271395477,-65.9530018941384,-42.9792192096863,-28.1119895071541,-44.0416176665065,-31.6133169196978,-22.4536151518184
07-Nov-2024 16:50:02,2,12,-0.0412744599084059,0.360540570815404,0.00495308997730414,0.0876925557851791,-0.011391921279331,-0.0547030232846737,0.99457923968633,-47.0041227669009,-52.9034461617352,-32.8532217378829,-72.8200100069129,-47.1888201417288,-30.167020204677,-42.6380438420443,-31.1156192347141,-22.1549965408282
07-Nov-2024 16:50:45,2,13,-0.0432692006230354,0.361448121070862,0.00450940604011218,0.109678471088409,-0.013726868852973,-0.0813538322846095,0.990537134806315,-46.945437696912,-56.2303655204024,-35.5596850862181,-77.6760806196874,-48.9292804487712,-32.5197071521998,-39.995798142582,-31.9702652997306,-24.389971679838
07-Nov-2024 16:50:59,2,14,-0.0504019054273764,0.364871941010157,0.0021812347540011,0.122990928093592,-0.0163825200249751,-0.0975382179021835,0.987467034657796,-49.641830751923,-60.2568942540696,-37.5231796845533,-84.5430887324618,-53.1388813808137,-34.5747378497227,-38.5922243181197,-31.4725676147469,-24.0913530688478
07-Nov-2024 16:51:42,2,15,-0.0519383922219276,0.367052179574966,0.00338485838534931,0.135806909203529,-0.0184029021610816,-0.12217594931523,0.983000977834066,-51.710684744434,-63.4086183002368,-39.4831586578885,-89.8046280952363,-55.9639120003562,-36.9285966722455,-36.7943145561574,-33.7510418047635,-26.1095313328576
07-Nov-2024 16:51:56,2,16,-0.0583279301722844,0.370856201648712,0.000371256556051473,0.150492963194847,-0.0212856656561295,-0.138797080516815,0.978587849934896,-54.407077799445,-67.4351470339039,-41.4466532562238,-96.6716362080108,-60.1735129323986,-38.9836273697684,-35.3907407316952,-33.2533441197798,-25.8109127218674
07-Nov-2024 16:52:39,2,17,-0.0506034858524799,0.371754014492035,0.00727188481638829,0.133090084791183,-0.0197270035743713,-0.139603101213773,0.981024412314097,-59.0568279017884,-69.4653458232261,-41.221362535349,-96.2379881430375,-55.7374373857392,-36.8163127621528,-38.1047683230591,-36.6684449794746,-27.950485145554
07-Nov-2024 16:52:52,2,18,-0.0448773021499316,0.373223602771759,0.012608115747571,0.11762096931537,-0.0173419434577227,-0.142122955123583,0.9826828956604,-63.2703475353819,-69.6829469562982,-41.5228296269742,-93.0070744530642,-51.6186469953298,-34.9495840920373,-40.415963883173,-43.0454599016694,-31.3316591317405
07-Nov-2024 16:53:36,2,19,-0.044959744811058,0.374429041147232,0.0173225317150354,0.0688564866781235,-0.0124444313968221,-0.146494426329931,0.986733675003052,-73.5519824033503,-70.4318469174953,-42.0859178123494,-91.099793575591,-51.3162140267954,-35.0325624531717,-42.478575458912,-41.8665177926139,-29.7420323366771
07-Nov-2024 16:53:49,2,20,-0.0380852088332176,0.376287074883779,0.0206754330545664,0.0540383982161681,-0.0123160800586144,-0.143945877750715,0.988032273451487,-77.7655020369437,-70.6494480505675,-42.3873849039746,-87.8688798856177,-47.1974236363859,-33.1658337830561,-44.7897710190259,-48.2435327148088,-33.1232063228636
07-Nov-2024 16:54:33,2,21,-0.039732946952184,0.375876760482788,0.0212155524641275,0.0164928488433361,-0.00942526366561651,-0.132576448718707,0.990990742047628,-81.1130792877247,-71.5076985977021,-42.7446625424748,-85.0747826018944,-51.8868119569139,-36.6239586285655,-47.1266745869523,-45.5175691213785,-33.6439799184252
07-Nov-2024 16:54:47,2,22,-0.0333148300647736,0.37795754869779,0.0236793863276641,0.00194863533445944,-0.0104538954173525,-0.128187129894892,0.9916930158933,-85.3265989213182,-71.7252997307743,-43.0461296341,-81.8438689119211,-47.7680215665045,-34.7572299584499,-49.4378701470663,-51.8945840435733,-37.0251539046117
07-Nov-2024 16:55:32,2,23,-0.0306606840342283,0.377498497565587,0.0239059925079346,-0.0308307482550542,-0.0056479301614066,-0.109039858977,0.993543112277985,-87.4571473635054,-71.5132255708777,-42.4755019991627,-78.9063634250729,-52.1783205315639,-35.9279280461468,-52.7369197110864,-55.5951097079555,-38.0011276954858
07-Nov-2024 16:55:45,2,24,-0.0231280021369457,0.37981899579366,0.0274019991358121,-0.0468386046588421,-0.00834183227270842,-0.108322721223036,0.992976748943329,-91.6706669970988,-71.7308267039498,-42.7769690907879,-75.6754497350996,-48.0595301411545,-34.0611993760312,-55.0481152712004,-61.9721246301503,-41.3823016816723
07-Nov-2024 16:56:33,2,25,-0.0211457869658868,0.380164549748103,0.0262774970382452,-0.0760697101553281,-0.00737038431689143,-0.0921998903155327,0.992803259690603,-94.9927010349892,-72.2585901905376,-43.2423888191319,-73.4162401466888,-52.8552844284798,-37.4631840848218,-58.2282378332674,-64.7608949234389,-42.7358755702026
07-Nov-2024 16:56:46,2,26,-0.0140328330919147,0.382727293173472,0.0281511565049489,-0.0864333296815554,-0.00920357002566258,-0.0750292812784513,0.993385740121206,-97.3065853466325,-70.2517023187511,-42.3065299542659,-69.6044127911148,-53.5311351387521,-37.8686945109852,-64.4239330924149,-69.8168663202224,-45.3314463396216
07-Nov-2024 16:57:31,2,27,-0.00725532292077939,0.382440916697184,0.0234817915906509,-0.103667575617631,-0.0082153615852197,-0.0385833248496056,0.993829409281413,-96.2497268604242,-66.7498956237226,-41.6776474077593,-67.403437486322,-54.3892581878918,-37.6835616266017,-72.104091852539,-73.5287154025527,-48.7132170602124
07-Nov-2024 16:57:44,2,28,-0.000587999081471935,0.385614583889643,0.0252083169917266,-0.114223514000575,-0.0111793033157786,-0.0161691491802533,0.993260598182678,-98.5636111720675,-64.7430077519361,-40.7417885428933,-63.5916101307479,-55.065108898164,-38.089072052765,-78.2997871116865,-78.5846867993362,-51.3087878296314
07-Nov-2024 16:58:29,2,29,0.00776779241859913,0.385562429825465,0.0217360780884822,-0.14473058283329,-0.0183834347873926,0.0221137049297492,0.989053146044413,-98.8921240847851,-61.9886604685286,-39.884417837207,-57.8852088005646,-56.58209577787,-38.3492608236549,-84.0377141213223,-82.6685970388931,-54.4474585746363
07-Nov-2024 16:58:42,2,30,0.0139974451934298,0.388795546690623,0.0244798877586921,-0.161354812979698,-0.024642255405585,0.0484700180590153,0.985397406419118,-101.206008396428,-59.9817725967422,-38.948558972341,-54.0733814449905,-57.2579464881423,-38.7547712498183,-90.2334093804699,-87.7245684356766,-57.0430293440553
07-Nov-2024 16:59:26,2,31,0.0201597762604554,0.389230583111445,0.024492896720767,-0.189235827326775,-0.035262576987346,0.0656400909026464,0.979100505510966,-102.677207008609,-57.0011550191452,-40.3019441870649,-49.6142671021118,-57.3043652831314,-39.3126208483449,-93.7252205148615,-90.4195092538468,-60.5101501012672
07-Nov-2024 16:59:39,2,32,0.0258691146969795,0.392405621210734,0.027238779887557,-0.202696633338928,-0.0416488426427046,0.0848296895623207,0.974670879046122,-104.991091320252,-54.9942671473588,-39.3660853221989,-45.8024397465378,-57.9802159934036,-39.7181312745083,-99.9209157740091,-95.4754806506303,-63.1057208706861
07-Nov-2024 17:00:25,2,33,0.0277945258965095,0.395519014199575,0.0248084711531798,-0.199585761626561,-0.0455863078435262,0.0934461538990339,0.974348656336467,-106.733632782164,-49.0505144226671,-41.5998484971278,-49.6169688973113,-58.6413507460343,-41.9998112868533,-105.139668970779,-98.8259367581072,-67.0370666340016
07-Nov-2024 17:00:38,2,34,0.033669014275074,0.399423885345459,0.0284137465059757,-0.212522253394127,-0.0517264234522978,0.116452403863271,0.96881240606308,-109.047517093807,-47.0436265508807,-40.6639896322618,-45.8051415417373,-59.3172014563066,-42.4053217130167,-111.335364229926,-103.881908154891,-69.6326374034205
07-Nov-2024 17:01:33,2,35,0.034076430896918,0.402842837572098,0.024686137214303,-0.196530468265216,-0.0497366035977999,0.113145485520363,0.97267682949702,-110.850729980585,-65.7933062526415,-43.1879417872932,-54.431492439337,-61.1856941877581,-44.3489169322709,-114.042588457885,-107.035121907021,-72.8960956697877
07-Nov-2024 17:01:46,2,36,0.0370404151578744,0.40209348599116,0.0214505889763435,-0.191428782542547,-0.0535763437549273,0.12181065628926,0.972443675994873,-105.016249209488,-60.7319167774813,-40.4092078769359,-50.9589440204557,-58.7053024599857,-42.8606818956075,-114.096581533106,-104.065436305055,-71.1632136960274
07-Nov-2024 17:02:39,2,37,0.0390699205299219,0.399420724312464,0.0178128694494565,-0.170016871889432,-0.0515413912634055,0.156278565526009,0.971604239940643,-99.4514327259591,-47.8238110890948,-38.5353794765272,-50.5554847281614,-60.1212317428031,-43.2664892554896,-115.931339092733,-108.244371880762,-68.8642754707412
07-Nov-2024 17:02:52,2,38,0.0423786131044229,0.398700273036957,0.0139179255192478,-0.162278054157893,-0.0549464578429858,0.164339843392372,0.971410898367564,-93.6169519548627,-42.7624216139346,-35.7566455661699,-47.0829363092801,-57.6408400150308,-41.7782542188262,-115.985332167954,-105.274686278796,-67.1313934969809
07-Nov-2024 17:03:53,2,39,0.0380335075159868,0.395275046428045,0.0160804413259029,-0.146305966377258,-0.0440280484656493,0.185490043958028,0.970695392290751,-88.8923033275498,-58.0026740321613,-35.2303644107869,-47.0949324536925,-56.9586087925534,-41.7620403804356,-116.179707485378,-105.054311265666,-64.7404833974576
07-Nov-2024 17:04:06,2,40,0.041635786741972,0.394489119450251,0.0123668183883031,-0.138131138682365,-0.0474658546348413,0.195464305082957,0.969773411750793,-83.0578225564534,-52.9412845570011,-32.4516305004295,-43.6223840348111,-54.478217064781,-40.2738053437722,-116.233700560599,-102.0846256637,-63.0076014236973
07-Nov-2024 17:04:54,2,41,0.0399893167118231,0.39063374598821,0.0115219421684742,-0.109736827015877,-0.041950878004233,0.216235914826393,0.969247130552928,-75.0032578572488,-54.6557160285347,-17.2241229675595,-45.0421078975769,-26.7219055896555,-40.6465809062453,-115.832884756922,-100.114595356152,-60.2707053870555
07-Nov-2024 17:05:08,2,42,0.0432093091309071,0.389613926410675,0.00919937876363595,-0.100061519940694,-0.0440308866401513,0.228355557719866,0.96742064555486,-69.1687770861524,-49.5943265533745,-14.4453890572021,-41.5695594786956,-24.2415138618831,-39.1583458695819,-115.886877832143,-97.1449097541857,-58.5378234132952
07-Nov-2024 17:05:55,2,43,0.0469512169559797,0.386058203379313,0.01037625366201,-0.0678023308515549,-0.0305633579691251,0.272765310605367,0.959201685587565,-58.9242543510019,-22.5708475515608,-5.44226833558844,-41.1431472006379,-46.2481622604347,-18.4256161324865,-119.763466467915,-94.3000517994287,-58.8529344080941
07-Nov-2024 17:06:09,2,44,0.0464204482734203,0.388325081268946,0.00744120851159096,-0.0377361056705316,-0.0242796905338764,0.267268341779709,0.962576818466186,-56.6798703548021,-23.9112299252685,-6.27014185909094,-49.182513736102,-48.6304940869844,-19.77446438241,-120.308249861586,-98.6356462603318,-61.1784139751943
07-Nov-2024 17:07:12,2,45,0.0484403816362222,0.387447659174601,0.0107414048165083,-0.0587132257719835,-0.0268107564498981,0.265422473351161,0.961969276269277,-59.0554653765753,-50.7205675356499,-29.8608219769651,-43.5949483419773,-51.0313459766963,-37.8260652821176,-119.239331035533,-101.608654544839,-62.2028900265741
07-Nov-2024 17:07:25,2,46,0.048137059311072,0.390198435386022,0.00650307222579916,-0.0319684157768885,-0.0214380111545324,0.257639016707738,0.965474259853363,-56.8110813803755,-52.0609499093576,-30.6886955004676,-51.6343148774414,-53.4136778032461,-39.1749135320411,-119.784114429205,-105.944249005743,-64.5283695936742
07-Nov-2024 17:08:17,2,47,0.0538957476615906,0.389983010292053,0.00958662598083417,-0.0313847166796525,-0.0190160028636456,0.26154640118281,0.964493079980214,-55.6766868931622,-54.3608099014024,-31.4229723211559,-49.7102154481111,-50.9302696613767,-40.6251381068567,-119.747046713014,-109.073550378448,-66.5783474029142
07-Nov-2024 17:08:31,2,48,0.0540447324514389,0.392903206745783,0.00539557586113612,0.0026309655358394,-0.00911254659295082,0.254477975765864,0.967031995455424,-53.4323028969624,-55.7011922751101,-32.2508458446584,-57.7495819835751,-53.3126014879265,-41.9739863567802,-120.291830106686,-113.409144839351,-68.9038269700144
07-Nov-2024 17:09:23,2,49,0.057322750488917,0.394278504451116,0.00611416036263108,0.00771486166243752,-0.00120681327922891,0.24430426855882,0.96966720422109,-55.1179136552558,-54.9713134579862,-32.5069210167539,-60.132215536642,-55.5120633302666,-41.9485227691498,-120.545687945426,-115.866592756155,-72.4415556581845
07-Nov-2024 17:09:36,2,50,0.0571643109122912,0.397308003902435,0.00146058900281787,0.035109747449557,0.00608472628518939,0.235918248693148,0.971119387944539,-52.873529659056,-56.311695831694,-33.3347945402564,-68.171582072106,-57.8943951568164,-43.2973710190733,-121.090471339097,-120.202187217058,-74.7670352252846
07-Nov-2024 17:10:29,2,51,0.0586002200841904,0.399042330185572,0.00390864759683609,0.0377819980184237,0.0133917588119706,0.221023863554001,0.974444282054901,-57.0191430401028,-58.8669476099859,-34.0267688880553,-70.1575821163715,-58.2352919912613,-44.7090633502198,-121.264791955303,-122.623708405912,-76.4986393529198
07-Nov-2024 17:10:43,2,52,0.0585012311736743,0.40159990588824,0.000145637349972579,0.0591671501596769,0.0193004074196021,0.215902190407117,0.974429563681285,-54.774759043903,-60.2073299836936,-34.8546424115578,-78.1969486518356,-60.617623817811,-46.0579116001433,-121.809575348975,-126.959302866815,-78.8241189200199
07-Nov-2024 17:11:35,2,53,0.0604949062069257,0.403824180364609,0.00174133727947871,0.0723542576034864,0.0327735590438048,0.19668286939462,0.977244420846303,-58.0503737363264,-61.5551470596935,-35.6895663472086,-83.2846319417004,-61.5292381483083,-46.5381818906783,-121.419127353914,-129.212860691693,-81.9026607673876
07-Nov-2024 17:11:48,2,54,0.0591156559685866,0.406891562541326,-0.00291721423467,0.100121262172858,0.0421481214463711,0.185332934061686,0.976652959982554,-55.8059897401266,-62.8955294334012,-36.5174398707111,-91.3239984771644,-63.9115699748581,-47.8870301406018,-121.963910747585,-133.548455152596,-84.2281403344878
07-Nov-2024 17:12:43,2,55,0.0595362680653731,0.409960905710856,-0.00222887002552549,0.109200859069824,0.051872746894757,0.160309639573097,0.979635270436605,-61.9466050882387,-64.614629158255,-37.6488386002877,-98.0375233898288,-68.7085430533816,-48.2765894108311,-121.96607844689,-135.643031295487,-86.7801510417217
07-Nov-2024 17:12:57,2,56,0.0575300393005212,0.413206855456034,-0.00685922609021266,0.139233086506526,0.0610849800209204,0.147187418739001,0.977352893352509,-59.7022210920389,-65.9550115319627,-38.4767121237902,-106.076889925293,-71.0908748799314,-49.6254376607546,-122.510861840562,-139.97862575639,-89.1056306088218
07-Nov-2024 17:13:51,2,57,0.061479689180851,0.415572245915731,-0.00326236494195958,0.127279065052668,0.0635534852743149,0.150590262810389,0.978306496143341,-65.0560379836617,-66.442669799541,-39.2874544820304,-105.441440333865,-71.0526137801905,-51.0203322672441,-125.648148773742,-142.19921894872,-89.7117773137574
07-Nov-2024 17:14:04,2,58,0.0544300193587939,0.416635878880819,-0.00586997317150235,0.108737914760907,0.0495256212850412,0.146209091941516,0.982011298338572,-70.6423552031286,-66.2909693915463,-39.1964342372335,-103.518911553836,-77.682032054463,-54.3198713635808,-127.931743554105,-140.215321300057,-88.7046584486261
07-Nov-2024 17:14:53,2,59,0.0626071865359942,0.416845645507177,-0.000455840190018838,0.109006548424562,0.0605587465067704,0.175788028041522,0.976498238245646,-66.6624222586733,-65.408948321338,-40.9812952939552,-102.089922368108,-72.4276106417286,-50.442088214994,-131.017184410877,-143.33366907189,-88.7291723685282
07-Nov-2024 17:15:06,2,60,0.0559730889896552,0.417847520112991,-0.00376165920558075,0.0909206007917722,0.0459088084598382,0.172712021072706,0.979692006111145,-72.2487394781402,-65.2572479133433,-40.8902750491583,-100.167393588079,-79.057028916001,-53.7416273113307,-133.30077919124,-141.349771423226,-87.7220535033969
07-Nov-2024 17:15:54,2,61,0.0546733011802038,0.416964717706045,-0.00203231385288139,0.0881096144517263,0.0441764963169893,0.18991568783919,0.976840416590373,-70.126931615646,-67.2153871742418,-42.7871954551208,-100.516634605201,-78.5445273467701,-52.7025052852057,-135.385297009807,-141.841996484811,-86.0307510307824
07-Nov-2024 17:16:08,2,62,0.0497795524696509,0.418277023235957,-0.00470224224651853,0.07244690010945,0.0330468736588955,0.188378333051999,0.978863108158112,-75.7132488351129,-67.0636867662471,-42.6961752103239,-98.5941058251722,-85.1739456210425,-56.0020443815425,-137.668891790171,-139.858098836147,-85.0236321656511
07-Nov-2024 17:16:57,2,63,0.0445555383960406,0.418004814783732,-0.00611906265839934,0.0579911716282368,0.0193389332542817,0.202097619573275,0.977455679575602,-77.4455035135993,-68.5669061926991,-44.3491252909068,-98.8574619437187,-89.8074039735633,-56.0072529166483,-140.602948089636,-138.887262542608,-83.4494214967781
07-Nov-2024 17:17:10,2,64,0.0381616274515788,0.419708824157715,-0.00977068102608124,0.0392774273951848,0.00717188520357013,0.198471530278524,0.979293072223663,-83.0318207330661,-68.4152057847043,-44.2581050461099,-96.9349331636902,-96.4368222478357,-59.3067920129851,-142.886542869999,-136.903364893944,-82.4423026316468
07-Nov-2024 17:18:00,2,65,0.0334947124123573,0.420675110816956,-0.00886998691906532,0.011222084860007,-0.00968836694955826,0.203110548853874,0.979043587048848,-88.1911066820428,-70.590965293933,-47.8890699640031,-96.3303468329492,-98.3182605612323,-61.7841658287064,-145.195368409914,-136.100997922843,-80.1016378646447
07-Nov-2024 17:18:13,2,66,0.0279623966664076,0.422407629092534,-0.0126570067058007,-0.00582288879280289,-0.0200436439365149,0.201574890812238,0.979250697294871,-93.7774239015096,-70.4392648859383,-47.7980497192062,-94.4078180529207,-104.947678835505,-65.0837049250431,-147.478963190277,-134.117100274179,-79.0945189995134
07-Nov-2024 17:19:02,2,67,0.0249741851041714,0.421375397841136,-0.0193576108664274,0.035381164153417,-0.0214164270708958,0.206170159578323,0.977641757329305,-86.4918960526882,-70.3394129385507,-46.7108931569517,-101.001126060576,-108.195672179125,-64.2672557561647,-146.939772761449,-130.854169620768,-75.9095398618822
07-Nov-2024 17:19:15,2,68,0.0231753091017405,0.422123545408249,-0.0249987040956815,0.0777195245027542,-0.0180621481190125,0.205354444185893,0.975429658095042,-80.169883839112,-70.4258310325515,-46.7627440133521,-107.310462843588,-110.217655503184,-65.286889227594,-146.987966952845,-127.450473628576,-74.2163336751863
07-Nov-2024 17:19:58,2,69,0.0149400988593698,0.42061670422554,-0.0287143522252639,0.103045899669329,-0.0224965162575245,0.212844745318095,0.971376673380534,-76.1411138079132,-47.0941141058572,-49.6200911604251,-109.186785238922,-113.002643837023,-66.8884813788695,-146.817468834129,-123.667160305775,-72.2272410130227
07-Nov-2024 17:20:12,2,70,0.0125187426184614,0.421903791030248,-0.0344283178448677,0.138057355086009,-0.022084662069877,0.209093463420868,0.967849254608154,-69.8191015943369,-47.1805321998579,-49.6719420168256,-115.496122021934,-115.024627161082,-67.9081148502988,-146.865663025525,-120.263464313583,-70.5340348263269
07-Nov-2024 17:20:49,2,71,0.00737957187617819,0.422381929556529,-0.0427115907271703,0.154689870278041,-0.0359712205827236,0.205034641424815,0.965783592065175,-69.9687104719493,-31.3578827835112,-29.5265410185621,-119.738951611106,-117.428112990031,-69.5937276616512,-146.729511061865,-115.019959656087,-68.1678854018972
07-Nov-2024 17:21:02,2,72,0.00347403101623058,0.424293384949366,-0.0478495056430499,0.182866923014323,-0.0369392613569895,0.197073441743851,0.962474306424459,-63.6466982583731,-31.4443008775119,-29.5783918749626,-126.048288394118,-119.450096314089,-70.6133611330805,-146.777705253261,-111.616263663895,-66.4746792152013
07-Nov-2024 17:21:25,2,73,-0.0116795632988214,0.421891262133916,-0.0435278554757436,0.205555230379105,-0.0505296568075816,0.192080156008403,0.958278981844584,-47.2104965903913,-23.5761852163389,-20.656616804031,-128.32437158021,-115.287830890593,-63.4909842744714,-141.708726367129,-98.8176633390506,-56.1200014096386
07-Nov-2024 17:21:39,2,74,-0.0161532902469238,0.423378539085388,-0.0444327312211196,0.230090500911077,-0.0528641459842523,0.182684537768364,0.954405581951141,-40.888484376815,-23.6626033103396,-20.7084676604315,-134.633708363222,-117.309814214652,-64.5106177459007,-141.756920558525,-95.4139673468587,-54.4267952229427
07-Nov-2024 17:22:44,2,75,-0.0204388239731391,0.425818753242493,-0.0419022113084793,0.234477986892064,-0.0532382622361183,0.160600092013677,0.957284394900004,-68.7343774360364,-72.2717545267542,-49.873505553166,-139.901418347774,-121.714673164933,-70.3092460523108,-144.496528211157,-92.1878191883407,-58.9028532268134
07-Nov-2024 17:22:58,2,76,-0.0270763256897529,0.427447911103567,-0.0453944685558478,0.25438302954038,-0.0577338993549347,0.141217094659805,0.954994066556295,-69.1265567357348,-72.5518825979673,-50.0415823958939,-146.30661184656,-118.719473429027,-68.8396589914793,-139.073146148207,-90.0923262041951,-57.8831195418619
07-Nov-2024 17:23:49,2,77,-0.0261542707681656,0.426174167792002,-0.0440624073147774,0.289143725236257,-0.0473323233425617,0.0967008337378502,0.951212163766225,-67.702688671832,-72.9433772303876,-48.3412527567889,-152.865991946116,-119.315711506233,-70.8845693481381,-134.620470815876,-88.4606071368864,-59.6480179521936
07-Nov-2024 17:24:02,2,78,-0.0316238318880399,0.427902954816818,-0.0472676287094752,0.310767149925232,-0.0506694647173087,0.0747825846076012,0.9461838722229,-68.0948679715304,-73.2235053016007,-48.5093295995168,-159.271185444902,-116.320511770327,-69.4149822873066,-129.197088752926,-86.3651141527409,-58.6282842672422
07-Nov-2024 17:24:52,2,79,-0.0316341067353884,0.426133960485458,-0.0429082502921422,0.346845591068268,-0.0452152550220489,0.0399885180095832,0.935977915922801,-65.1790235894281,-73.7093166534174,-47.5932032013282,-165.678472244073,-115.346030940977,-68.6526439352202,-124.334060055286,-83.8265081270137,-57.8008666299323
07-Nov-2024 17:25:05,2,80,-0.0320455310245355,0.428658030430476,-0.0457639356454213,0.339598550399144,-0.0419521855811278,0.023645314698418,0.939336868127187,-69.9901907045085,-73.8538067697548,-47.6798972711306,-167.827903196727,-119.578411280106,-70.7832831164187,-122.943034641589,-89.8044517629171,-60.8042874595177
07-Nov-2024 17:25:55,2,81,-0.0293480183929205,0.429812051852544,-0.0511922736962636,0.345237445831299,-0.0297262456268072,0.0028119220243146,0.93804030418396,-69.4723459786884,-76.801138526394,-47.6744897204747,-170.578380799573,-124.671151072514,-74.0925466519898,-121.607185910548,-96.3858388780296,-62.4788663129239
07-Nov-2024 17:26:09,2,82,-0.0280453716715177,0.432133724292119,-0.0547458852330844,0.341583998998006,-0.0240507816274961,-0.0097855918109417,0.939492483933767,-74.2835130937689,-76.9456286427313,-47.7611837902771,-172.727811752227,-128.903531411643,-76.2231858331883,-120.216160496852,-102.363782513933,-65.4822871425093
07-Nov-2024 17:26:32,2,83,-0.0266653792311748,0.43111026485761,-0.0599296137690544,0.35704803665479,-0.0195739430685838,-0.0180077900489171,0.933707106113434,-61.655174288399,-47.6665395792186,-29.8768270498503,-173.152766029977,-125.391091477412,-69.5681371915731,-113.677723424483,-103.618447889441,-59.9462869840052
07-Nov-2024 17:26:45,2,84,-0.0214159113665422,0.432366975148519,-0.0603861997524897,0.356320186456045,-0.00657093363503615,-0.026343788827459,0.9339692791303,-66.4663414034794,-47.8110296955559,-29.9635211196527,-175.302196982631,-129.623471816541,-71.6987763727716,-112.286698010786,-109.596391525344,-62.9497078135906
07-Nov-2024 17:27:38,2,85,-0.0183672002206246,0.434962882598241,-0.0590319243570169,0.339960676431656,0.0188543645044168,-0.0616475775837898,0.938227518399556,-78.3827555583345,-72.3937302219689,-49.0396897843405,-178.539389597833,-132.45844201899,-80.3865716425632,-113.346966767754,-114.71269603105,-71.8084181491312
07-Nov-2024 17:27:52,2,86,-0.0168681416660547,0.437939550479253,-0.0621299910048644,0.331029291947683,0.0266720734536648,-0.0774889836708705,0.940055147806803,-83.193922673415,-72.5382203383062,-49.1263838541429,-180.688820550487,-136.69082235812,-82.5172108237617,-111.955941354058,-120.690639666953,-74.8118389787166
07-Nov-2024 17:28:24,2,87,-0.00706747338796655,0.441542949279149,-0.0755352998773257,0.346538364887238,0.0528386267522971,-0.0750755786895752,0.933532492319743,-75.1327133083829,-46.0518156596807,-30.207815221388,-183.757132334415,-140.824497628909,-88.5264280492567,-113.965563025693,-126.987763737758,-79.8429045612795
07-Nov-2024 17:28:37,2,88,-0.00548254791647196,0.440776425600052,-0.0727193146944046,0.341908593972524,0.0535814342399438,-0.0729114030798276,0.935367027918498,-74.6839649630804,-44.459306901758,-29.2523099666344,-177.365355967266,-139.312132976161,-87.6109948470906,-110.758451733713,-121.338496070795,-76.8590198520059
07-Nov-2024 17:29:00,2,89,-0.0163922606656949,0.43311505317688,-0.0652049998442332,0.325895428657532,0.0445412648220857,-0.0880984877546628,0.940237434705098,-68.6240283777217,-29.0263507463538,-19.4691733606021,-168.733020015754,-135.050415789243,-76.7848506670728,-102.726663984399,-112.848818621283,-66.2639575192211
07-Nov-2024 17:29:14,2,90,-0.0226191097249587,0.429303147395452,-0.0657695437471072,0.31260030468305,0.0330216688414415,-0.0812163824836413,0.945829892158508,-68.1752800324192,-27.4338419884311,-18.5136681058485,-162.341243648605,-133.538051136495,-75.8694174649066,-99.5195526924191,-107.19955095432,-63.2800728099475
07-Nov-2024 17:30:12,2,91,-0.024673468247056,0.425024265050888,-0.0620204774041971,0.286479413509369,0.0325107738375664,-0.0867939278483391,0.953592920303345,-76.0959375670885,-67.8211095317684,-45.4693471754556,-162.629187489275,-137.176010216663,-78.9986287738146,-97.425103171772,-109.355078396083,-65.4155992889182
07-Nov-2024 17:30:26,2,92,-0.0256983634084463,0.424518738190333,-0.0607650642593702,0.284581851959229,0.0315208757917086,-0.0872104614973068,0.954156152407328,-75.647189221786,-66.2286007738457,-44.5138419207019,-156.237411122126,-135.663645563915,-78.0831955716484,-94.2179918797919,-103.70581072912,-62.4317145796445
07-Nov-2024 17:31:17,2,93,-0.0328144133090973,0.42015464703242,-0.0605306791762511,0.258107030391693,0.0176095316807429,-0.0717659081021945,0.963286225001017,-75.4831438164694,-65.9759801665533,-46.4139288281289,-152.585494858886,-137.551442777624,-79.1900846250193,-94.7922114734783,-100.68394061652,-59.9075354644931
07-Nov-2024 17:31:30,2,94,-0.0324345079561075,0.419546165068944,-0.059000717351834,0.253951970736186,0.0175628662109375,-0.0702577824393908,0.964501861731211,-75.0343954711669,-64.3834714086306,-45.4584235733753,-146.193718491737,-136.039078124877,-78.2746514228531,-91.5851001814982,-95.0346729495569,-56.9236507552194
07-Nov-2024 17:32:21,2,95,-0.0377579512695471,0.41368320385615,-0.0588266313076019,0.22755864461263,0.00816061707834403,-0.0626818773647149,0.971710602442423,-72.9279985958574,-64.660906726023,-45.405714399712,-141.246872176543,-136.376794405358,-77.9203793484555,-88.7686543323513,-91.8991040597754,-55.2946188430069
07-Nov-2024 17:32:34,2,96,-0.0391138136386871,0.413011336326599,-0.057737855364879,0.224156507849693,0.00690268014247219,-0.0634930476546288,0.972458163897196,-72.4792502505549,-63.0683979681003,-44.4502091449584,-134.855095809394,-134.86442975261,-77.0049461462893,-85.5615430403713,-86.2498363928126,-52.3107341337332
07-Nov-2024 17:33:25,2,97,-0.0444803001979987,0.407103947798411,-0.056635245680809,0.185959747433662,0.00613455732042591,-0.0649716173609098,0.980387715498606,-72.9266776402489,-60.2358612478352,-42.8961019307499,-129.110784468222,-133.452105566476,-76.5200935080074,-82.8497644698078,-81.5574181144405,-50.1542758229901
07-Nov-2024 17:33:38,2,98,-0.0450054707626502,0.406055301427841,-0.0549620752533277,0.177087128162384,0.0049029864060382,-0.0617814873655637,0.982241912682851,-72.4779292949464,-58.6433524899125,-41.9405966759963,-122.719008101073,-131.939740913729,-75.6046603058412,-79.6426531778277,-75.9081504474778,-47.1703911137165
07-Nov-2024 17:34:27,2,99,-0.0514429161945979,0.400013111035029,-0.0540799843768279,0.14484101831913,0.00411525725697478,-0.0593796831866105,0.98766303062439,-70.5272688171421,-56.2808297508186,-41.5857904415152,-115.600964246913,-131.227396494288,-74.6045173856172,-76.758208246556,-67.5873074748103,-44.2252196037081
07-Nov-2024 17:34:40,2,100,-0.055098428328832,0.398984924952189,-0.0534043714404106,0.135823661088943,0.00115957876356939,-0.0577593470613162,0.989047265052795,-70.0785204718396,-54.6883209928959,-40.6302851867616,-109.209187879764,-129.71503184154,-73.689084183451,-73.5510969545759,-61.9380398078476,-41.2413348944344
07-Nov-2024 17:35:52,3,1,-0.020997429266572,0.312277750174205,0.0091683459157745,-0.0166008857389291,0.00293768268699447,0.0074267180946966,0.999830333391825,-6.60000000000001,-11.325,-5.77500000000001,-6.52500000000001,-12.975,-6.60000000000001,-7.57500000000001,-7.20000000000001,-8.85
07-Nov-2024 17:36:06,3,2,-0.0283548694103956,0.315147425731023,0.0014403160661459,-0.0256269086152315,0.00568147754917542,-0.0115097168212136,0.999589192867279,-11.8967955485416,-8.63626782633482,-4.09702669285563,-9.43223394783194,-19.7425232957303,-9.65016033648582,-5.50857317273266,-3.86387826840234,-6.8483269610414
07-Nov-2024 17:36:41,3,3,-0.0291234901795785,0.320325223604838,-0.00334886641552051,0.00425179690743486,0.00263792091670136,-0.035408591479063,0.999360430240631,-15.1685910970832,-1.03503565266966,0.393446614288752,-21.8269678956638,-23.3225465914607,-15.1753206729716,-8.80464634546527,-8.92775653680459,-8.89665392208275
07-Nov-2024 17:36:54,3,4,-0.0377706304192543,0.323604595661163,-0.00871623307466507,-0.000759178888984025,0.00713141212860743,-0.0534729366501172,0.998543572425842,-20.4653866456248,1.65369652099551,2.07141992143313,-24.7342018434957,-30.090069887191,-18.2254810094574,-6.73821951819792,-5.59163480520692,-6.89498088312415
07-Nov-2024 17:37:41,3,5,-0.0350153783957163,0.3283389488856,-0.00695890281349421,0.00670926809931795,0.00804656489441792,-0.0599318106969198,0.998147511482239,-25.1487974483891,-19.9050662786164,-10.8029157593158,-31.1120025104975,-34.014076300599,-22.3574384971044,-12.0796625465103,-12.4709355623263,-13.0952105426268
07-Nov-2024 17:37:55,3,6,-0.0313207693397999,0.331855654716492,-0.011027027045687,0.0335940529902776,0.00464167976751924,-0.0594881142179171,0.997652804851532,-23.9447082511535,-19.9200790782284,-10.8335014400648,-38.7460531774992,-36.4568327140071,-23.6018959847514,-15.1148555748226,-17.4752363194458,-15.6204402021295
07-Nov-2024 17:38:37,3,7,-0.03169938052694,0.334442945321401,-0.0110651848837733,0.0557791089018186,0.00212452271953225,-0.0468704663217068,0.997340150674184,-23.7343690539178,-24.9319668778404,-15.1109621208137,-42.601978844501,-41.6652141274151,-26.2901034723983,-19.753173603135,-19.5170370765652,-18.8581698616321
07-Nov-2024 17:38:51,3,8,-0.0289330195635557,0.338467109203339,-0.0163979219893614,0.0844619154930115,0.000806195770079891,-0.0458833284676075,0.995369418462117,-22.5302798566821,-24.9469796774524,-15.1415478015626,-50.2360295115027,-44.1079705408231,-27.5345609600453,-22.7883666314474,-24.5213378336847,-21.3833995211348
07-Nov-2024 17:39:33,3,9,-0.028770840416352,0.34059491554896,-0.0159410413354635,0.106913259128729,0.00180832489083211,-0.0521590327223142,0.99289767742157,-22.7230656594464,-24.9854299770645,-19.0205709823116,-55.5310176785045,-48.0085394542312,-29.5008934476923,-23.7001221597598,-28.0443885908042,-23.9648791806375
07-Nov-2024 17:39:46,3,10,-0.0249026279896498,0.344273847341537,-0.0203796149541934,0.131830477714539,0.00362495011650026,-0.0537293789287408,0.989808456103007,-21.5189764622108,-25.0004427766765,-19.0511566630605,-63.1650683455062,-50.4512958676392,-30.7453509353393,-26.7353151880721,-33.0486893479236,-26.4901088401402
07-Nov-2024 17:40:30,3,11,-0.0229485222448905,0.348172032833099,-0.0213537481923898,0.159201428294182,0.00447389089191953,-0.0479623670379321,0.986070271333059,-22.138324764975,-27.8771743262886,-20.4059610938095,-69.254587762508,-53.4729585310472,-33.4757459229862,-31.0337894663845,-39.0373651050431,-29.1184634996429
07-Nov-2024 17:40:44,3,12,-0.0211402726670106,0.352132358153661,-0.0263590024163326,0.183588505784671,0.00562274875119328,-0.0488840810954571,0.981770877043406,-20.9342355677394,-27.8921871259007,-20.4365467745585,-76.8886384295098,-55.9157149444553,-34.7202034106332,-34.0689824946969,-44.0416658621625,-31.6436931591456
07-Nov-2024 17:41:17,3,13,-0.0175468763957421,0.355579241116842,-0.0293396223336458,0.211043266455332,0.0125930801033974,-0.0492687317232291,0.976153047879537,-13.2918651205038,-10.8880593005128,-8.67924183030757,-84.1254234715115,-59.5479244828633,-33.6326296482802,-37.2108161480093,-47.138154119282,-34.2954853186482
07-Nov-2024 17:41:30,3,14,-0.0176740667472283,0.358649951219559,-0.0278751634061337,0.220185258984566,0.00729575213044882,-0.028009889771541,0.97502855459849,-14.953631385223,-14.3831920217102,-10.776321463026,-87.4728294924252,-56.9194753068573,-32.667918332397,-44.0888966110471,-44.3838347707561,-33.2678389165051
07-Nov-2024 17:41:59,3,15,-0.010773505580922,0.359072202444077,-0.0167437033106883,0.234971529245377,0.00765191636358698,0.00167741806556781,0.971970685323079,-13.0962570249423,-9.59375443040767,-6.22945578324457,-88.521602700839,-46.3357526933515,-26.1121913915138,-52.220297386585,-42.1756091722303,-32.9034737643619
07-Nov-2024 17:42:13,3,16,-0.0112753173957268,0.361988614002864,-0.0153861831873655,0.242446792125702,0.00432379227131605,0.021091802418232,0.969925793011983,-14.7580232896615,-13.0888871516051,-8.32653541596304,-91.8690087217527,-43.7073035173455,-25.1474800756306,-59.0983778496229,-39.4212898237044,-31.8758273622187
07-Nov-2024 17:42:44,3,17,-0.0134583013753096,0.365566462278366,-0.0138174730042617,0.268943357467651,0.000319476408185437,0.0315798074007034,0.962638096014659,-14.9602192418808,-12.0667347165526,-7.10164239243154,-99.0920983364165,-37.0262176225896,-21.3872609472474,-66.0031184689107,-38.6650173501785,-31.8548215850755
07-Nov-2024 17:42:57,3,18,-0.0153901457165678,0.369244333108266,-0.0144918937236071,0.271112744013468,-0.00366684921706716,0.0492572240531445,0.961279451847076,-16.6219855066001,-15.56186743775,-9.19872202515,-102.43950435733,-34.3977684465836,-20.4225496313641,-72.8811989319486,-35.9106980016527,-30.8271751829323
07-Nov-2024 17:43:34,3,19,-0.0201666757464409,0.368567985296249,-0.0203191608190537,0.27273042400678,-0.00813481801499923,0.0212746918201447,0.961820860703786,-17.8037346458778,-10.5748822440902,-6.30573012770409,-103.452449522192,-50.7701103519486,-30.7562915959306,-66.8514289775796,-39.966804750669,-29.466202889637
07-Nov-2024 17:43:48,3,20,-0.0265350621193647,0.369311904907227,-0.0268169241646926,0.265168199936549,-0.0133396583919724,0.00730573783318202,0.964082193374634,-19.1902689414056,-8.52153962855528,-5.07372455838316,-101.702552890179,-57.6937706166885,-34.0127874667471,-60.8833289450855,-39.3488880621855,-28.9519102838418
07-Nov-2024 17:44:23,3,21,-0.0324397223691146,0.366913457711538,-0.0329568095505238,0.258545593420664,-0.0130936718856295,-0.0232687325527271,0.965630014737447,-20.2494106588083,-5.0013757239579,-3.01122582499973,-101.859077156604,-67.3917717017409,-37.0579063844386,-53.984393951654,-36.9429830924519,-29.8892778342965
07-Nov-2024 17:44:36,3,22,-0.0389455477396647,0.36777148048083,-0.0398343806465467,0.250352076689402,-0.0140991137673457,-0.0416963423291842,0.967153815428416,-21.6359449543361,-2.94803310842301,-1.7792202556788,-100.10918052459,-74.3154319664809,-40.3144022552551,-48.0162939191599,-36.3250664039684,-29.3749852285012
07-Nov-2024 17:45:10,3,23,-0.0452148961524169,0.365806412696838,-0.046321131537358,0.252414218584696,-0.00481238005061944,-0.083178115884463,0.964025596777598,-22.7837829608013,-0.161279848356874,-0.131968104326622,-101.937494341796,-78.5762626413771,-44.365209649509,-39.8577764061971,-34.5131555748598,-28.5365227008309
07-Nov-2024 17:45:23,3,24,-0.0512991026043892,0.367217522859573,-0.0528375580906868,0.244713233908017,-0.00201642590885361,-0.100679428875446,0.96435208717982,-24.1703172563291,1.89206276717801,1.10003746499431,-100.187597709783,-85.499922906117,-47.6217055203255,-33.8896763737031,-33.8952388863762,-28.0222300950357
07-Nov-2024 17:46:03,3,25,-0.0509802475571632,0.368845107158025,-0.0544039708872636,0.24036477903525,-0.00175614741165191,-0.0899872009952863,0.966500914096832,-25.4375034073256,3.56211070497852,2.53966632533087,-102.251806302379,-89.6671683759352,-54.6503571528607,-38.5263676009746,-35.4553251275802,-29.7458525283029
07-Nov-2024 17:46:16,3,26,-0.0575891196727753,0.371196971337001,-0.0611837036907673,0.232113365332286,0.00126312282712509,-0.104383505384127,0.9670707543691,-26.8240377028533,5.61545332051341,3.7716718946518,-100.501909670366,-96.5908286406751,-57.9068530236772,-32.5582675684805,-34.8374084390966,-29.2315599225076
07-Nov-2024 17:47:02,3,27,-0.0537845566868782,0.372380183140437,-0.0540015319983164,0.200824816028277,0.00592925815532605,-0.0974553262193998,0.974749573071798,-38.9666934491556,2.42868445217205,2.18581148074007,-100.500843221609,-97.4857788566758,-58.4966210059498,-41.3920781075008,-37.1449985622089,-30.4394230658556
07-Nov-2024 17:47:15,3,28,-0.0574415609240532,0.373984175920486,-0.0472838794191678,0.173206938306491,0.0101637120669087,-0.116668549676736,0.977897997697194,-46.1440232677234,-1.09143707730213,0.496139421320536,-99.2677241605466,-95.6339364701374,-57.5003111073631,-38.4734930166382,-33.8635872204776,-28.7283286896724
07-Nov-2024 17:47:59,3,29,-0.0502135959764322,0.372141889731089,-0.0437719638148944,0.135621609290441,0.0219197077055772,-0.116474444667498,0.983646285533905,-49.9540160501584,-5.56988227620989,-1.51662681534509,-93.7756314056368,-95.9804903848685,-53.547040149206,-39.8561057407173,-36.9016766111681,-32.4517130732547
07-Nov-2024 17:48:12,3,30,-0.0550325800975164,0.373710626363754,-0.0368477207918962,0.11065346300602,0.0238532021641731,-0.133641021450361,0.984544030825297,-57.1313458687263,-9.09000380568407,-3.20629887476463,-92.5425123445746,-94.1286479983302,-52.5507302506193,-36.9375206498547,-33.6202652694367,-30.7406186970715
07-Nov-2024 17:49:08,3,31,-0.0515454744299253,0.373158045609792,-0.0297528163840373,0.0758624921242396,0.0309629563242197,-0.141703104972839,0.986512275536855,-65.7000071692277,-49.4642871698751,-4.83251802280721,-90.6799064365886,-92.1010037624266,-50.5259398222474,-38.7195344664631,-37.5486042939165,-31.5967637007711
07-Nov-2024 17:49:22,3,32,-0.0569315324227015,0.375153934955597,-0.0231278378516436,0.0492354842523734,0.0330156028270721,-0.160698428750038,0.98522173166275,-72.8773369877956,-52.9844086993493,-6.52219008222675,-89.4467873755264,-90.2491613758882,-49.5296299236607,-35.8009493756005,-34.2671929521851,-29.8856693245879
07-Nov-2024 17:50:20,3,33,-0.0522806825737158,0.374829880396525,-0.0160240052888791,0.00191679267057528,0.0393827430903912,-0.167881429195404,0.985018396377563,-80.9003325473302,-51.8316111461818,-31.7301356859577,-85.7239248910023,-88.7594180646672,-48.5440797601814,-37.5576637384737,-40.2906567935598,-30.2831946383461
07-Nov-2024 17:50:34,3,34,-0.0570186326901118,0.376889739433924,-0.00997555373857419,-0.0217326477169991,0.0399030322829882,-0.18146787683169,0.982346618175507,-88.0776623658981,-55.3517326756559,-33.4198077453772,-84.4908058299401,-86.9075756781288,-47.5477698615946,-34.6390786476111,-37.0092454518284,-28.5721002621629
07-Nov-2024 17:51:28,3,35,-0.0508751799662908,0.377925111850103,-0.00796428900212049,-0.0498724949856599,0.0458095476031303,-0.199684131145477,0.977517358462016,-96.0528250549493,-42.2103946638093,-33.9686165769525,-84.937815057147,-83.8867828292491,-46.4068398305616,-36.1581432836165,-42.8052717016504,-29.4903157309505
07-Nov-2024 17:51:41,3,36,-0.0565345145761967,0.381205544869105,-0.013224034383893,-0.0275541584938765,0.0499765197436015,-0.215010131398837,0.974942954381307,-97.2082841925416,-47.1909301315735,-36.4776395007244,-91.5060795662345,-87.6720286001869,-48.3182179059204,-36.4207159420748,-42.9928236005492,-29.6028468702898
07-Nov-2024 17:52:38,3,37,-0.0539298459887505,0.384710470835368,-0.0130103647088011,-0.0242205222447713,0.0470007749895255,-0.204557064175606,0.977425559361776,-100.337659765376,-53.7407358286772,-38.5662308105743,-95.3894082194566,-91.022799139954,-51.732285915056,-42.2021134639674,-46.1440942952248,-32.0050329321146
07-Nov-2024 17:52:52,3,38,-0.0612930131455263,0.388271303971608,-0.0141235957543055,-0.00608210597808162,0.0474673392872016,-0.219909764329592,0.974345707893372,-101.493118902968,-58.7212712964414,-41.0752537343462,-101.957672728544,-94.8080449108918,-53.6436639904148,-42.4646861224257,-46.3316461941236,-32.1175640714539
07-Nov-2024 17:53:50,3,39,-0.0566341797510783,0.392629408836365,-0.0162578489631414,-0.00980125088244677,0.0491244164605935,-0.217058726151784,0.974872442086538,-106.635536258181,-59.1614418788753,-42.7740608511571,-105.158469309699,-98.2260530662442,-57.4313870326619,-47.2866712126013,-51.6760574909111,-35.0249226720361
07-Nov-2024 17:54:03,3,40,-0.0632348497708639,0.396116228898366,-0.0195613010476033,0.00943851657211781,0.0502024059494336,-0.229456705848376,0.971977496147156,-107.790995395773,-64.1419773466395,-45.2830837749291,-111.726733818787,-102.011298837182,-59.3427651080207,-47.5492438710597,-51.8636093898099,-35.1374538113753
07-Nov-2024 17:55:00,3,41,-0.059734221547842,0.398475964864095,-0.0221624770512184,0.0223832990974188,0.0507154256105423,-0.219146862626076,0.974115812778473,-107.639933642176,-67.9023303717386,-43.6369987952206,-114.736264363908,-107.187925800327,-60.9923156668237,-51.4415227453768,-53.8045909876531,-38.0723986813362
07-Nov-2024 17:55:13,3,42,-0.0662172545989354,0.401961209376653,-0.023601670563221,0.0389801075061162,0.0504652460416158,-0.231337972482045,0.970781421661377,-108.795392779768,-72.8828658395028,-46.1460217189926,-121.304528872995,-110.973171571265,-62.9036937421824,-51.7040954038351,-53.9921428865519,-38.1849298206755
07-Nov-2024 17:56:03,3,43,-0.0630485773086548,0.406291077534358,-0.0265199282517036,0.062481863796711,0.0512014140685399,-0.227972299853961,0.970310839017232,-109.522591471766,-75.9033100859344,-45.6024906910243,-128.5684264001,-114.854107938306,-65.8841580592633,-57.0815211702229,-24.5314096349217,-41.5086678253257
07-Nov-2024 17:56:17,3,44,-0.0705792387326558,0.410199536879857,-0.0291254905362924,0.0829494461417198,0.0511108989516894,-0.241536303361257,0.965488084157308,-110.678050609358,-80.8838455536986,-48.1115136147963,-135.136690909187,-118.639353709244,-67.7955361346221,-57.3440938286813,-24.7189615338205,-41.6211989646649
07-Nov-2024 17:57:20,3,45,-0.0660443365573883,0.413626474142075,-0.0300152499228716,0.101368883748849,0.051089496165514,-0.231303934256236,0.966236392656962,-111.394379524153,-88.7093354107965,-43.4692595626982,-140.102771927283,-122.247444778234,-70.6914573308419,-63.6890930411045,-57.1073708574559,-45.5143335366598
07-Nov-2024 17:57:34,3,46,-0.0625703198214372,0.415060553948084,-0.0214988080163797,0.0882837961117427,0.0415457313259443,-0.220941640933355,0.970394090811412,-115.090136446938,-91.5405804415528,-45.1098065447024,-136.963217389287,-117.180330948202,-68.3828248824523,-68.0019165723993,-60.9084568550892,-47.6398010021026
07-Nov-2024 17:58:23,3,47,-0.0632868930697441,0.412287215391795,-0.0149110757435362,0.0828652520974477,0.036503953486681,-0.24142889380455,0.9661847392718,-113.466328258325,-87.394302666976,-43.1747150387717,-138.347571105794,-114.424639767197,-62.5164639944933,-61.780953380676,-57.8599715650906,-44.755570183873
07-Nov-2024 17:58:36,3,48,-0.0576657225688299,0.4129243572553,-0.0106463306273023,0.0765053088466326,0.0327576031287511,-0.228289791941643,0.9700297276179,-117.16208518111,-90.2255476977323,-44.815262020776,-135.208016567797,-109.357525937166,-60.2078315461038,-66.0937769119709,-61.6610575627238,-46.8810376493158
07-Nov-2024 17:59:04,3,49,-0.0655789638559024,0.407535223166148,0.00618955201158921,0.0496615946292877,0.014775990943114,-0.268872334559759,0.961781211694082,-119.098059548196,-90.093031325822,-44.6679897588127,-127.205416157053,-96.3711234316473,-50.4953348779296,-51.5647070817561,-34.7373579165401,-26.7016559729218
07-Nov-2024 17:59:17,3,50,-0.0616328639288743,0.407939193646113,0.013551112699012,0.0240839526057243,0.00826798292497794,-0.257240343093872,0.966011913617452,-122.793816470982,-92.9242763565783,-46.308536740817,-124.065861619056,-91.3040096016159,-48.1867024295401,-55.877530613051,-38.5384439141733,-28.8271234383646
07-Nov-2024 18:00:08,3,51,-0.0610950057705243,0.40853594938914,0.0243631492058436,-0.00723394254843394,-0.00359539457907279,-0.258423405885696,0.965997989972432,-127.859682115917,-97.1986406860013,-55.9801741008375,-124.794784144685,-87.4522514338411,-51.8511378712581,-56.3944074635909,-58.5521370898985,-40.1251663328889
07-Nov-2024 18:00:22,3,52,-0.0566894233226776,0.410689894358317,0.0316218713919322,-0.0191590815782547,-0.00890621946503719,-0.250521659851074,0.967880427837372,-131.555439038703,-100.029885716758,-57.6207210828418,-121.655229606689,-82.3851376038097,-49.5425054228686,-60.7072309948857,-62.3532230875318,-42.2506337983316
07-Nov-2024 18:00:51,3,53,-0.0604778828720252,0.407320739825567,0.0392318899432818,-0.0443550236523151,-0.0225641526281834,-0.269255830844243,0.961782117684682,-132.786250322563,-100.132690396847,-54.3518132538542,-115.349913600505,-71.6257016049066,-41.2954069195329,-52.5470811858026,-57.3856126742108,-27.4373889783153
07-Nov-2024 18:01:04,3,54,-0.0570230225721995,0.40882085164388,0.042453445494175,-0.064540134370327,-0.023048680772384,-0.255671441555023,0.964331599076589,-136.482007245349,-102.963935427604,-55.9923602358585,-112.210359062508,-66.5585877748753,-38.9867744711434,-56.8599047170975,-61.186698671844,-29.5628564437581
07-Nov-2024 18:01:52,3,55,-0.063097474972407,0.410250161091487,0.0446225836873054,-0.097188142935435,-0.0217476191620032,-0.258898039658864,0.960756655534108,-142.170291348672,-108.180960283027,-62.7531798123668,-112.062923790418,-74.470312860408,-50.8089089952807,-56.9612415782032,-58.9534364639999,-39.9439677664711
07-Nov-2024 18:02:05,3,56,-0.0591652808090051,0.412835288047791,0.0507755041122437,-0.110499636828899,-0.0268565934151411,-0.25195072889328,0.961035581429799,-145.866048271457,-111.012205313783,-64.3937267943711,-108.923369252421,-69.4031990303766,-48.5002765468911,-61.274065109498,-62.7545224616331,-42.0694352319139
07-Nov-2024 18:02:50,3,57,-0.0670673047502836,0.414864355325699,0.0530906486014525,-0.154286068677902,-0.0208997146536907,-0.26543029944102,0.95147560040156,-153.783068784511,-115.411340256872,-70.1694100736274,-107.504874347378,-76.3005046581272,-50.557027584765,-59.2811453056984,-59.6384343565277,-41.1227246259918
07-Nov-2024 18:03:04,3,58,-0.0637598633766174,0.417297420899073,0.0595350041985512,-0.164995387196541,-0.0265932484219472,-0.258492028713226,0.951446894804637,-157.478825707297,-118.242585287629,-71.8099570556316,-104.365319809381,-71.2333908280958,-48.2483951363754,-63.5939688369932,-63.4395203541609,-43.2481920914346
07-Nov-2024 18:03:51,3,59,-0.0699448357025782,0.418324534098307,0.0615163803100586,-0.192082218329112,-0.0160877414047718,-0.250005319714546,0.948864046732585,-160.435214425216,-121.332775274552,-77.6180721862619,-103.286295087861,-76.7234867269559,-51.9474544311176,-64.9039207007408,-61.6070193004249,-41.662570521195
07-Nov-2024 18:04:04,3,60,-0.0664820859829585,0.420817961295446,0.0672148148218791,-0.204406169056892,-0.0200666770339012,-0.241656729578972,0.948376222451528,-164.130971348002,-124.164020305308,-79.2586191682661,-100.146740549864,-71.6563728969245,-49.638821982728,-69.2167442320356,-65.4081052980581,-43.7880379866377
07-Nov-2024 18:04:53,3,61,-0.069223427772522,0.421546039978663,0.0698055401444435,-0.237791363398234,-0.00655195927247405,-0.225133311748505,0.94484250942866,-166.332044168354,-130.199737814148,-83.0579502245834,-97.962450920106,-75.7678639313393,-54.0090354059046,-71.6531319295568,-63.5423977700068,-44.4329609342393
07-Nov-2024 18:05:07,3,62,-0.0635157058636347,0.420666380723317,0.0693283056219419,-0.242047497630119,-0.00599509049206972,-0.207990771532059,0.947690316041311,-159.905560661648,-129.292483307938,-82.470583366228,-90.7145242494922,-74.4304678788356,-53.2065977744024,-73.7380183069973,-67.4813228520973,-46.2686838700342
07-Nov-2024 18:05:56,3,63,-0.0575492486357689,0.415449517965317,0.0746985594431559,-0.249006085594495,0.000201794111247485,-0.163230729103088,0.954647405942281,-157.081735103726,-133.887465040769,-80.4876085450292,-81.6942300329975,-72.357374258555,-52.6685830786833,-74.2846867675511,-72.9368511713455,-48.1891345469085
07-Nov-2024 18:06:09,3,64,-0.0527433797717094,0.414480574925741,0.0754009872674942,-0.264494576056798,0.00394137933229407,-0.140714051326116,0.954058003425598,-150.65525159702,-132.980210534559,-79.9002416866738,-74.4463033623837,-71.0199782060513,-51.8661454471811,-76.3695731449916,-76.8757762534361,-50.0248574827035
07-Nov-2024 18:06:59,3,65,-0.0445874869823456,0.411007829507192,0.0772925252715747,-0.249730665485064,0.00398714126398166,-0.108722350001335,0.962184075514475,-147.530097064706,-134.44907414787,-78.9150708468967,-70.2121929188294,-67.4397333696591,-49.9209192835704,-78.2853505639887,-81.1230029541055,-52.9529442890381
07-Nov-2024 18:07:13,3,66,-0.0383421008785566,0.410166541735331,0.0776510675748189,-0.252519516150157,0.00376043833481769,-0.0913128256797791,0.963266110420227,-141.103613558,-133.54181964166,-78.3277039885414,-62.9642662482156,-66.1023373171554,-49.1184816520682,-80.3702369414292,-85.061928036196,-54.788667224833
07-Nov-2024 18:07:55,3,67,-0.022775599360466,0.403817806641261,0.0617802987496058,-0.202162811160088,-0.00254597129921118,-0.0560802601277828,0.977741658687592,-127.673539036201,-119.745403776886,-66.517050823765,-66.7115764772067,-65.3357758072304,-48.3550051152255,-81.9641184904477,-88.0677470533685,-58.0411695522462
07-Nov-2024 18:08:09,3,68,-0.0134537011384964,0.402054399251938,0.0549541095892588,-0.173222183187803,-0.00433785123750567,-0.0288395331551631,0.984450892607371,-120.692800027206,-114.96092885235,-64.0552996496994,-67.901978592668,-64.6406386892498,-47.9379228444371,-84.8425545186879,-91.8194152612515,-59.8474899443897
07-Nov-2024 18:08:57,3,69,-0.00804569634298483,0.400389689207077,0.0497303669651349,-0.16003537774086,-0.00220539012613396,-0.00593709427242478,0.987090988953908,-118.662393261808,-115.720483457696,-64.7940974802784,-67.8208347648942,-63.9097893752969,-47.5726434406216,-89.4037133073173,-95.4981588737792,-60.651901304168
07-Nov-2024 18:09:11,3,70,-0.00137815215081597,0.400868153572082,0.0482777692377567,-0.141482611497243,-0.00223423282926281,0.0148136201004187,0.989827378590902,-111.681654252813,-110.936008533161,-62.3323463062128,-69.0112368803555,-63.2146522573163,-47.1555611698332,-92.2821493355575,-99.2498270816622,-62.4582216963115
07-Nov-2024 18:09:58,3,71,0.00873337537050247,0.398406269152959,0.0418025908370813,-0.106395999590556,0.0012563825196897,0.0587085944910844,0.992588376998901,-103.126081365616,-107.873548373566,-59.5208696344695,-68.4408660241993,-61.3766590413495,-46.0893803325312,-98.0269467439922,-103.415032991868,-64.8885875722724
07-Nov-2024 18:10:12,3,72,0.0146255795533458,0.399377467234929,0.0406950597961744,-0.092991141974926,0.00206527823271851,0.075837982694308,0.99277237256368,-96.1453423566211,-103.08907344903,-57.0591184604039,-69.6312681396606,-60.6815219233688,-45.6722980617428,-100.905382772232,-107.166701199751,-66.6949079644158
07-Nov-2024 18:10:57,3,73,0.0235919491698345,0.396547394990921,0.0333955769737562,-0.0607945449650288,0.00635943360005816,0.0933654680848122,0.99375376701355,-88.6021864085252,-98.4906059069655,-54.4975045374994,-69.4162837693131,-59.1149567563951,-43.9556665076976,-100.71699949057,-110.600138258795,-69.863251098468
07-Nov-2024 18:11:11,3,74,0.0313563079883655,0.397173760334651,0.0310360241681337,-0.03554384658734,0.0104667876536647,0.117777817944686,0.992348444461822,-81.6214473995299,-93.7061309824304,-52.0357533634338,-70.6066858847744,-58.4198196384144,-43.5385842369092,-103.59543551881,-114.351806466678,-71.6695714906114
07-Nov-2024 18:11:57,3,75,0.0386911851664384,0.395832834641139,0.0242289664844672,-0.00834299592922131,0.0176715792467197,0.130051547288895,0.991314685344696,-74.8844999209843,-89.0146597491304,-49.5240708149488,-71.2443947573314,-57.3639684959372,-43.2967273244923,-103.965461892099,-118.019359100141,-74.2319032537092
07-Nov-2024 18:12:10,3,76,0.0471722836295764,0.397242494424184,0.0224409960210323,0.0089780908698837,0.0232808483143648,0.152624928951263,0.987969164053599,-67.903760911989,-84.2301848245953,-47.0623196408832,-72.4347968727927,-56.6688313779565,-42.8796450537039,-106.843897920339,-121.771027308024,-76.0382236458526
07-Nov-2024 18:12:57,3,77,0.0422274423142274,0.398578564325968,0.018647987768054,0.0143445794160167,0.0234327831616004,0.150102956096331,0.988288589318593,-71.4780153675162,-85.4970472164024,-47.5647785776391,-75.4179447890975,-59.0359178744162,-44.7207238381145,-109.174107278209,-120.653147953847,-73.9205628987169
07-Nov-2024 18:13:10,3,78,0.0408056837817033,0.401098471879959,0.0181378476321697,0.0227663122117519,0.0254379106064638,0.161670896410942,0.986254115899404,-72.8303740578185,-86.717407762592,-48.2422032016047,-81.3024393268545,-59.7083613831242,-45.1241899433393,-114.108521463554,-116.27732638688,-71.799896466104
07-Nov-2024 18:13:56,3,79,0.0242591702689727,0.401499609152476,0.0171267899374167,0.0288277854522069,0.0287489550809065,0.158362234632174,0.98654138247172,-76.1936806307333,-84.8860192315904,-51.1571449819654,-85.7362605538854,-63.6281263857081,-45.796462388157,-116.540833235162,-111.655475926308,-68.4057328762298
07-Nov-2024 18:14:10,3,80,0.0221246355523666,0.404685793320338,0.0160318657755852,0.0466124492386977,0.0317602862914403,0.159873303771019,0.985524801413218,-77.5460393210356,-86.1063797777799,-51.8345696059309,-91.6207550916424,-64.3005698944161,-46.1999284933818,-121.475247420507,-107.27965435934,-66.2850664436169
07-Nov-2024 18:14:56,3,81,0.0123100882396102,0.405529163281123,0.0123021950945258,0.0714796215295792,0.03127153540651,0.16581288476785,0.983066074053446,-76.5288719526442,-86.0258657853739,-52.3557528080941,-97.7549129740363,-67.9466741500622,-46.812797768403,-124.483610398984,-103.680818345571,-62.8526514323733
07-Nov-2024 18:15:09,3,82,0.00990684436013301,0.409074264764786,0.0108840943624576,0.089552670220534,0.0327514007687569,0.166735389828682,0.981380156675975,-77.8812306429465,-87.2462263315634,-53.0331774320597,-103.639407511793,-68.6191176587701,-47.2162638736278,-129.418024584329,-99.3049967786032,-60.7319849997605
07-Nov-2024 18:15:56,3,83,0.00553962827349702,0.406938741604487,0.00662205402428905,0.0651278187831243,0.0227411054074764,0.161595899860064,0.98444299697876,-80.592187544352,-81.35397635814,-50.6179966052354,-100.558346123023,-72.8453140493687,-47.4744947032305,-127.115853646255,-97.4194664644055,-60.1229454011867
07-Nov-2024 18:16:10,3,84,0.00454041051367919,0.406275238593419,0.00151597730194529,0.0544479976097743,0.0166259571909904,0.161317054430644,0.985259282588959,-81.4879074751044,-75.5871636540144,-47.7559364893124,-95.9274530619349,-76.4096800664981,-49.278023947935,-122.626708311616,-95.8204433736091,-59.3447800919282
07-Nov-2024 18:16:54,3,85,0.00564012617493669,0.402266365289688,0.00849822716166576,0.0294157031923532,0.0157111823558807,0.137071579694748,0.989999643961589,-85.0162458911834,-74.1826323152398,-45.7923160179387,-92.6714758370056,-67.1049612703615,-45.3589039850884,-119.081050175259,-93.928166671112,-58.5011776380121
07-Nov-2024 18:17:08,3,86,0.00316964316492279,0.401789502302806,0.00324449964488546,0.0229822792112827,0.0116344465563695,0.131420731544495,0.990991985797882,-85.9119658219358,-68.4158196111142,-42.9302559020157,-88.0405827759172,-70.6693272874909,-47.1624332297928,-114.59190484062,-92.3291435803156,-57.7230123287536
07-Nov-2024 18:17:53,3,87,0.00408178642392158,0.398755917946498,0.0101157801846663,-0.00852255038917065,0.00863878863553206,0.0988756790757179,0.995025845368703,-89.6239949953514,-70.080147589664,-42.1674156083673,-87.2471476329083,-62.549150897987,-43.7796378707218,-110.649503105122,-90.5834936836688,-57.9621284471663
07-Nov-2024 18:18:06,3,88,0.00154017398599535,0.398267304897308,0.00574852727974455,-0.0143461753303806,0.00576918084795276,0.0919465611378352,0.995643885930379,-90.5197149261038,-64.3133348855384,-39.3053554924442,-82.6162545718198,-66.1135169151164,-45.5831671154263,-106.160357770483,-88.9844705928724,-57.1839631379079
07-Nov-2024 18:18:51,3,89,0.00190643872289608,0.392852518955866,0.0107697965577245,-0.040110407024622,0.00429469424610337,0.0738984296719233,0.996449597676595,-89.2235894781879,-65.9370925227504,-39.8179052876585,-78.8540904697712,-61.1356117289292,-42.693534058243,-101.719584235414,-87.9871340991508,-55.339438542485
07-Nov-2024 18:19:04,3,90,0.000925844085092346,0.392667472362518,0.00482167232160767,-0.0444527054826419,0.00122296606811384,0.0688898166020711,0.996632679303487,-90.1193094089403,-60.1702798186248,-36.9558451717355,-74.2231974086827,-64.6999777460586,-44.4970633029475,-97.2304389007748,-86.3881110083543,-54.5612732332266
07-Nov-2024 18:19:51,3,91,0.000579059682786465,0.388873157898585,0.00728400371347864,-0.0693966075778008,-0.000719814464294662,0.0690514380733172,0.995196239153544,-89.3191066503585,-61.3237522851683,-37.5060900113811,-70.3266688271141,-63.2432081615297,-43.6540113967081,-96.5904794659207,-84.6399312160953,-53.7749282808859
07-Nov-2024 18:20:04,3,92,-0.00149006421367327,0.38896723985672,0.00165509678578625,-0.0720027928551038,-0.00251407182464997,0.0650514076153437,0.995277674992879,-90.214826581111,-55.5569395810426,-34.644029895458,-65.6957757660257,-66.8075741786591,-45.4575406414126,-92.1013341312814,-83.0409081252988,-52.9967629716275
07-Nov-2024 18:20:53,3,93,-0.000284829877394562,0.390213779608409,0.00386519551587602,-0.0860620846350988,-0.00296690228084723,0.0489569865167141,0.995081822077433,-94.8425690163088,-59.5903602908576,-39.0191492479305,-69.9530549072563,-70.4369612052413,-46.5865552920944,-94.3167182270882,-88.7491121481054,-55.2288921493033
07-Nov-2024 18:21:06,3,94,0.00351647225519021,0.393340196212133,-0.000108640025670563,-0.0758561794956525,-0.0043832547031343,0.0545060371359189,0.995618279774984,-96.1182727961737,-59.4136384153378,-38.9131161226186,-73.7681518087269,-75.6769160326526,-49.1888605182481,-97.9825093730024,-94.0068945216433,-57.8401111485203
07-Nov-2024 18:21:54,3,95,0.00526654676844676,0.396009757121404,-0.00210194041331609,-0.0587809599936008,-0.00346407629549503,0.0673667142788569,0.995989247163137,-94.7949959037051,-62.4669878324856,-42.3226592361989,-76.9793398300775,-80.5615869596494,-51.6545204566658,-102.948096993863,-97.2398877198155,-60.4867852369667
07-Nov-2024 18:22:07,3,96,0.00944029744714498,0.399235558509827,-0.00528007100025813,-0.0529410250484943,-0.00570097217957179,0.0787902111808459,0.995468171437581,-96.07069968357,-62.2902659569658,-42.216626110887,-80.7944367315482,-85.8015417870608,-54.2568256828195,-106.613888139777,-102.497670093353,-63.0980042361836
07-Nov-2024 18:22:54,3,97,0.0111954330156247,0.401917260885239,-0.00683447619279226,-0.043746197472016,-0.00512031670659781,0.0790516172846158,0.995897070566813,-96.6469131272681,-65.7535797277799,-43.0433811050213,-83.3325791929589,-88.9888546642648,-55.1408082651052,-108.904577523164,-106.293057879208,-65.8769507800153
07-Nov-2024 18:23:07,3,98,0.0146421783293287,0.405571422974269,-0.0116115586832166,-0.0335921915868918,-0.00618319561084112,0.0886581341425578,0.995476337273916,-97.9226169071331,-65.5768578522601,-42.9373479797094,-87.1476760944295,-94.2288094916762,-57.7431134912589,-112.570368669079,-111.550840252746,-68.4881697792323
07-Nov-2024 18:23:54,3,99,0.0154035368934274,0.408027940988541,-0.0107736323649685,-0.0148598616942763,-0.00137219128664583,0.0855788106719653,0.996219666798909,-96.8985755189146,-68.7951537999074,-46.2227089141207,-92.3492957758702,-96.3424433439839,-59.2612573954787,-114.648608933729,-114.202425332443,-72.3082525507566
07-Nov-2024 18:24:07,3,100,0.0196923935165008,0.411631208658218,-0.0161312115689119,-0.00583330588415265,-0.00277701914310455,0.0951004937291145,0.995446721712748,-98.1742792987795,-68.6184319243876,-46.1166757888088,-96.1643926773408,-101.582398171395,-61.8635626216324,-118.314400079643,-119.460207705981,-74.9194715499735
07-Nov-2024 18:25:18,4,1,-0.0216105854759614,0.31142663359642,0.00658710108449062,0.00450119084368149,0.00527013481284181,-0.00276345210149884,0.999972200393677,-6.07500000000001,-12.375,-5.17500000000001,-7.05000000000001,-11.7,-6.30000000000001,-6.60000000000001,-7.87500000000001,-8.85
07-Nov-2024 18:25:32,4,2,-0.0120458311711748,0.312377097209295,0.00997654292732477,-0.00750524690374732,0.00537486746907234,0.0241693424681822,0.999665284156799,-5.15192067722574,-12.8478156250109,-5.0995532045379,-2.68408512348636,-8.5814893739188,-4.4288936243513,-9.71340167264873,-13.5490354256402,-11.3751601331437
07-Nov-2024 18:26:09,4,3,-0.00527915991842747,0.314418961604436,0.0111213504647215,-0.0301005495091279,0.00384476889545719,0.052233549207449,0.998173753420512,-8.39134135445146,-14.1081312500218,-6.93660640907579,-0.568170246972699,-11.6129787478375,-7.50778724870257,-15.9768033452974,-17.8355708512804,-17.7253202662875
07-Nov-2024 18:26:23,4,4,0.00231784977950156,0.31530765692393,0.0142098988095919,-0.0390446521341801,0.00270496001467109,0.0696155965328216,0.996805850664775,-7.46826203167719,-14.5809468750328,-6.86115961361368,3.79774462954096,-8.49446812175636,-5.63668087305386,-19.0902050179462,-23.5096062769207,-20.2504803994312
07-Nov-2024 18:26:58,4,5,0.0131031746044755,0.318035846948624,0.00869415104389191,-0.0146126287678878,0.0046928234398365,0.114053944746653,0.99335603316625,-2.85143270890293,-8.54751250004372,-3.31696281815156,0.58865950605469,-11.3759574956751,1.48442550259484,-29.6286066905948,-29.3898917025609,-26.3381405325749
07-Nov-2024 18:27:12,4,6,0.0225191012024879,0.319736403226852,0.0098181448255976,-0.0244476836174726,0.00201988535312315,0.131269852320353,0.9910431543986,-1.92835338612866,-9.02032812505465,-3.24151602268945,4.95457438256834,-8.2574468695939,3.35553187824355,-32.7420083632435,-35.0639271282011,-28.8633006657186
07-Nov-2024 18:27:52,4,7,0.014690171678861,0.320172878106435,0.0118538962056239,-0.0208289780964454,0.00496073005100091,0.119452153146267,0.99260907570521,-4.54637296646475,-12.2855793264644,-9.00387128074716,0.723512083625891,-13.6578684431222,-5.86972106587341,-31.3418078339716,-35.7372105348765,-28.6796720264091
07-Nov-2024 18:28:06,4,8,0.00773653623958429,0.321715462207794,0.0166176533947388,-0.0287113034476837,0.00546157198647658,0.102784109612306,0.994274246692658,-9.38626754680084,-18.0539555278742,-11.9256015388049,-2.19505021531661,-14.0332900166505,-6.09497400999042,-27.8041073046998,-31.4323689415519,-26.5647933870997
07-Nov-2024 18:28:47,4,9,-0.00675589945167303,0.323927140235901,0.015242275968194,-0.0809861749410629,-0.00186498230323195,0.0477798620859782,0.995567615826925,-23.9152246271369,-22.1957692292839,-11.6926442968626,-1.86986251425912,-18.1962115901789,-12.1702269541073,-25.035156775428,-27.2165898482274,-23.9155397477902
07-Nov-2024 18:29:00,4,10,-0.0159231517463923,0.325432644287745,0.0209162617723147,-0.0871710479259491,-0.000849213276524097,0.0182381210227807,0.996026043097178,-28.755119207473,-27.9641454306937,-14.6143745549203,-4.78842481320163,-18.5716331637072,-12.3954798982243,-21.4974562461561,-22.9117482549028,-21.8006611084808
07-Nov-2024 18:29:36,4,11,-0.0247168157249689,0.323592360814412,0.0210162822157145,-0.0831705277164777,0.00306154922582209,-0.0080230575054884,0.996498342355092,-27.0395450378091,-32.5442403821034,-15.958761062978,-5.48511211214415,-17.6908047372356,-13.0707328423413,-16.0941307168843,-18.1264379115782,-19.1185949691713
07-Nov-2024 18:29:50,4,12,-0.0334543344875177,0.325506256024043,0.0280734681834777,-0.0840675036112467,0.00253197670293351,-0.0271633755415678,0.996086573600769,-31.8794396181452,-38.3126165835132,-18.8804913210357,-8.40367441108665,-18.0662263107639,-13.2959857864583,-12.5564301876125,-13.8215963182537,-17.0037163298619
07-Nov-2024 18:30:32,4,13,-0.0414491983751456,0.330513155460358,0.0298362890879313,-0.120854502916336,0.00561289116740227,-0.0764704287052154,0.989704509576162,-47.8415998234812,-43.4868521599229,-21.0135497040934,-11.5612992100292,-21.1135228842923,-14.2712387305753,-10.7109171583406,-12.6515203499291,-13.8552439405524
07-Nov-2024 18:30:45,4,14,-0.0497092840572198,0.33327579498291,0.035909865796566,-0.125138695041339,0.00559078982720772,-0.100969209273656,0.986972292264303,-52.6814944038173,-49.2552283613327,-23.9352799621511,-14.4798615089717,-21.4889444578207,-14.4964916746923,-7.17321662906881,-8.34667875660449,-11.740365301243
07-Nov-2024 18:31:31,4,15,-0.0436790429055691,0.337158352136612,0.0322985827922821,-0.132405214508375,0.00507646668702364,-0.105819627642632,0.985517811775207,-59.0085887231663,-51.8621047390732,-24.8383558387535,-18.8774721740849,-24.3948460217793,-17.3394121756538,-12.0773063282387,-16.9642561034861,-15.8691041624159
07-Nov-2024 18:31:45,4,16,-0.0515892607470353,0.340060073137283,0.0274033357699712,-0.128178006410599,0.00880890799065431,-0.118692358831565,0.984583644072215,-62.5495502300155,-54.5410514293138,-26.1357676528559,-21.8805515891981,-31.0648100857379,-20.6323326766152,-10.5103022774086,-15.2394506378678,-14.9646398985889
07-Nov-2024 18:32:34,4,17,-0.0481327111522357,0.344596232970556,0.0384530879557133,-0.13969299197197,0.00709885526448488,-0.0997813522815704,0.985129042466481,-67.3335781431146,-60.7839629633044,-36.6860114982082,-23.6308966293113,-29.4777428996967,-21.3752531775766,-19.4538451015786,-21.8358365784995,-17.2517771972618
07-Nov-2024 18:32:47,4,18,-0.0562013067305088,0.347565323114395,0.0361113145947456,-0.143062993884087,0.0106831037128965,-0.113935807844003,0.983075559139252,-70.8745396499637,-63.4629096535449,-37.9834233123106,-26.6339760444245,-36.1477069636553,-24.668173678538,-17.8868410507485,-20.1110311128813,-16.3473129334348
07-Nov-2024 18:33:34,4,19,-0.0506980602939924,0.350111567974091,0.0314409342904886,-0.135757221778234,0.010259050441285,-0.110760629177094,0.984477937221527,-73.0120343599379,-64.7738387656605,-35.507251142038,-30.2856882720377,-38.539155402614,-26.7610941794995,-22.8501104374188,-24.5718213503882,-19.6636494508577
07-Nov-2024 18:33:48,4,20,-0.0556292993326982,0.354205624262492,0.0278803541014592,-0.134292076031367,0.0119642451405525,-0.126854170362155,0.98271590868632,-78.620610392007,-67.1468231615294,-36.8132197338178,-36.0367775599773,-43.562587017597,-29.3922863808363,-24.5227799512536,-25.7665852888417,-20.3805078139297
07-Nov-2024 18:34:21,4,21,-0.0505891010165215,0.354003133376439,0.0320643524328868,-0.126716206471125,0.00683310345436136,-0.110669898986816,0.98572233915329,-75.3524530256387,-68.3107987683359,-36.6073963334101,-35.062183254167,-41.2717608200801,-23.1734785821732,-26.8355861838387,-7.40414707885763,-22.4577665676268
07-Nov-2024 18:34:34,4,22,-0.0546398632228374,0.358235357205073,0.0308531751235326,-0.122625420987606,0.00725124822929502,-0.124954207738241,0.984528783957163,-80.9610290577077,-70.6837831642048,-37.9133649251899,-40.8132725421065,-46.2951924350631,-25.8046707835101,-28.5082556976735,-8.59891101731107,-23.1746249306989
07-Nov-2024 18:34:58,4,23,-0.060811660438776,0.358468371629715,0.0305101794501146,-0.111628121137619,0.00509960129857063,-0.156135662396749,0.981394259134928,-81.2312383905581,-73.2022631655425,-37.788437520876,-43.8765200331712,-46.9114951437961,-24.835862984847,-8.67599357088306,-1.21507388154576,-10.1716834890836
07-Nov-2024 18:35:11,4,24,-0.0628186866641045,0.361756714185079,0.0294192710270484,-0.114768288532893,0.00585305504500866,-0.165691727399826,0.979459194342295,-86.8398144226272,-75.5752475614115,-39.0944061126558,-49.6276093211107,-51.9349267587791,-27.4670551861838,-10.3486630847179,-2.4098378199992,-10.8885418521556
07-Nov-2024 18:36:08,4,25,-0.0548882943888505,0.371049942572912,0.0284620242814223,-0.106912180284659,0.00211489644522468,-0.157205334305763,0.981759564081828,-95.929207105087,-80.6459797600148,-47.0349267063888,-61.5347777106128,-55.3547939206371,-34.9732473875207,-36.4438667782405,-36.1403012213435,-27.9205003128838
07-Nov-2024 18:36:21,4,26,-0.0605998627841473,0.375974351167679,0.027363733574748,-0.103227896988392,0.00233943513594568,-0.174281109372775,0.979267426331838,-101.537783137156,-83.0189641558838,-48.3408952981686,-67.2858669985524,-60.3782255356201,-37.6044395888575,-38.1165362920753,-37.3350651597969,-28.6373586759559
07-Nov-2024 18:37:06,4,27,-0.0572578911979993,0.37877982656161,0.0180797477563222,-0.0836516678333283,0.00492440387606621,-0.173987318078677,0.981176137924194,-101.98676749442,-84.7158224531199,-44.864139890925,-73.3399958372733,-69.6998749240407,-41.1731317901944,-41.0504728957541,-41.147678829696,-31.3617670878562
07-Nov-2024 18:37:20,4,28,-0.0625329325596491,0.383489223321279,0.0148526282360156,-0.0844851056734721,0.00896424818783998,-0.189791422088941,0.978141677379608,-107.59534352649,-87.0888068489889,-46.1701084827048,-79.0910851252129,-74.7233065390237,-43.8043239915312,-42.723142409589,-42.3424427681495,-32.0786254509282
07-Nov-2024 18:38:04,4,29,-0.0599416519204775,0.385876909891764,0.00893932618200779,-0.0520431607961655,0.00782696014891068,-0.180938014388084,0.982085406780243,-102.190859165465,-90.1258285867982,-45.7583002075212,-85.5851410230117,-81.1196761104464,-47.0637156646484,-46.8560971404787,-43.4964809415246,-35.3594684599338
07-Nov-2024 18:38:17,4,30,-0.0608276878794034,0.387980178991954,0.00597460620726148,-0.0308691214770079,0.00528326646114389,-0.157769325375557,0.986979262034098,-99.3661706418419,-93.575913373924,-47.7378539318493,-88.25267714542,-86.3419367951504,-49.9293573377657,-52.3084183264464,-46.041594249177,-36.8865364445253
07-Nov-2024 18:38:40,4,31,-0.0731383696198463,0.385047813256582,0.00781230910991629,-0.0195196247349183,0.00199779855708281,-0.176154159506162,0.984166852633158,-95.2515841995181,-95.3944666363916,-48.5217266564216,-83.9834731555237,-87.8012519232139,-47.366874010883,-35.9510562848746,-26.2911699896904,-21.7404919413237
07-Nov-2024 18:38:54,4,32,-0.077662481367588,0.385863904158274,0.00550051076958577,-0.0107127627978722,0.000888599172079315,-0.165939984718959,0.98607728878657,-92.4268956758955,-98.8445514235173,-50.5012803807497,-86.651009277932,-93.0235126079179,-50.2325156840002,-41.4033774708423,-28.8362832973428,-23.2675599259152
07-Nov-2024 18:39:44,4,33,-0.0724003175894419,0.391218435764313,0.00620205203692118,-0.00858509615063667,0.000106932853426163,-0.13468430240949,0.990851394335429,-99.0822581929222,-104.553870448314,-61.1079936051999,-90.800175344188,-98.0143005143016,-59.0840948571174,-55.9758570430402,-45.9586278214256,-35.4330716666099
07-Nov-2024 18:39:57,4,34,-0.0741423636674881,0.394078588485718,0.00373510243371129,0.0026025558821857,-0.000731513160280883,-0.119065022468567,0.992882815996806,-96.2575696692996,-108.00395523544,-63.087547329528,-93.4677114665963,-103.236561199006,-61.9497365302347,-61.4281782290079,-48.503741129078,-36.9601396512014
07-Nov-2024 18:40:44,4,35,-0.0780393153429031,0.39455252289772,0.00206058945817252,0.0254577762136857,-0.00789043266947071,-0.121067280570666,0.992286463578542,-94.8578246436169,-111.366168023896,-65.6536991762111,-96.6294567729073,-107.16022383555,-65.7111790548989,-59.6489177171455,-47.6300993554124,-37.0220071001245
07-Nov-2024 18:40:58,4,36,-0.0780568664272626,0.396044941743215,-0.00160302474784354,0.0322314500808716,-0.00754262482126554,-0.105073280135791,0.99391340414683,-90.2180540976096,-105.948763693516,-62.8562712728332,-98.3003871072945,-108.274622861255,-66.1796528295631,-64.859578012168,-46.7428419735314,-36.4896526709959
07-Nov-2024 18:41:44,4,37,-0.0711961691578229,0.394635574022929,-0.0144175989553332,0.0879699870944023,-0.0169242367148399,-0.0927703231573105,0.991649429003398,-82.6232963117647,-103.871167922554,-59.2906332444859,-103.041724927644,-111.693653692379,-69.4196109792272,-65.2252779037481,-49.3123923957582,-37.4544091808932
07-Nov-2024 18:41:58,4,38,-0.070545860628287,0.395988214015961,-0.0199312256028255,0.105866461495558,-0.0206261598815521,-0.0678706631064415,0.991847010453542,-77.9835257657574,-98.4537635921746,-56.493205341108,-104.712655262031,-112.808052718084,-69.8880847538915,-70.4359381987706,-48.4251350138773,-36.9220547517646
07-Nov-2024 18:42:45,4,39,-0.062885108590126,0.395826333761215,-0.0308265320956707,0.126148029168447,-0.0218681376427412,-0.063080141445001,0.989762314160665,-75.9162615998312,-92.2312635415038,-52.5616723752454,-107.543789339399,-116.124767646498,-70.8423007160557,-71.649118292072,-50.0912815340503,-39.4632557921491
07-Nov-2024 18:42:59,4,40,-0.0612109864751498,0.397046534220378,-0.0347239633401235,0.141856025656064,-0.0266805430253347,-0.0368231592079004,0.988842308521271,-71.2764910538239,-86.8138592111243,-49.7642444718675,-109.214719673786,-117.239166672203,-71.3107744907199,-76.8597785870945,-49.2040241521694,-38.9309013630205
07-Nov-2024 18:43:44,4,41,-0.0556935946146647,0.395732941230138,-0.0445058772961299,0.168041335542997,-0.0370299133161704,-0.0199063957979282,0.984883093833923,-65.8229736978572,-79.7939070205991,-46.8497640372472,-109.815751879664,-119.904723649263,-71.5721193591341,-77.7466987812564,-51.0934687213155,-38.4353246686485
07-Nov-2024 18:43:57,4,42,-0.0533453789850076,0.397041032711665,-0.0516096875071526,0.182761577765147,-0.0434343576431274,-0.000409670936520949,0.982197233041127,-61.1832031518499,-74.3765026902196,-44.0523361338693,-111.486682214051,-121.019122674967,-72.0405931337983,-82.957359076279,-50.2062113394346,-37.9029702395199
07-Nov-2024 18:44:42,4,43,-0.0565916488567988,0.395137588183085,-0.0503200275202592,0.199351545174917,-0.0415490177770456,-0.0320837683975697,0.978520993391673,-60.139627656322,-73.9098161087398,-43.2915283341562,-114.276075691145,-120.165543350476,-70.1403743222004,-74.3285127136138,-48.8988102310628,-37.653907856567
07-Nov-2024 18:44:56,4,44,-0.0596407008667787,0.395627365509669,-0.053306096047163,0.217933230598768,-0.0380638788143794,-0.0639397000273069,0.973122775554657,-60.1029255657739,-72.5194034573329,-42.7392468000642,-118.725418232494,-116.586385050307,-68.4937199637274,-65.8365364013789,-50.3280581471776,-38.5114566062359
07-Nov-2024 18:45:40,4,45,-0.0611658411721389,0.393632837136587,-0.0492054718236129,0.22572949330012,-0.0230962430437406,-0.116474642356237,0.966926300525665,-62.1877867727358,-69.7908538408896,-42.1577021331616,-122.719786241715,-114.745016237977,-67.170283378692,-57.5761250639289,-47.9139815510489,-35.3656997895938
07-Nov-2024 18:45:53,4,46,-0.0635739396015803,0.394731801748276,-0.0521851286292076,0.240767478942871,-0.0188463112960259,-0.141447870930036,0.960035578409831,-62.1510846821876,-68.4004411894826,-41.6054205990696,-127.169128783064,-111.165857937808,-65.523629020219,-49.084148751694,-49.3432294671637,-36.2232485392626
07-Nov-2024 18:46:39,4,47,-0.0580585529406865,0.393857759237289,-0.0472211922208468,0.260030136505763,-0.0203592720131079,-0.136356481909752,0.955707474549611,-60.4751642403945,-65.8159600555575,-41.3385074985723,-129.965984058349,-107.780594381559,-63.5885835484648,-54.7329549268514,-47.2758151271566,-34.254144505776
07-Nov-2024 18:46:52,4,48,-0.060568506270647,0.394667450586955,-0.0496817618608475,0.272821696599325,-0.0163127236068249,-0.161279089252154,0.948309616247813,-60.4384621498464,-64.4255474041506,-40.7862259644803,-134.415326599698,-104.20143608139,-61.9419291899919,-46.2409786146165,-48.7050630432713,-35.1116932554449
07-Nov-2024 18:47:38,4,49,-0.0589232874413331,0.397819785277049,-0.0505016453564167,0.266478846470515,-0.0142699041093389,-0.153702821334203,0.951399421691895,-64.2685762546657,-60.3326268983514,-42.7431916902762,-137.038794981475,-110.203749348326,-68.650141222108,-55.4804033053774,-50.1789783278968,-35.196714711479
07-Nov-2024 18:47:52,4,50,-0.0631614213188489,0.402457181612651,-0.0577628562847773,0.275944691896439,-0.0168453689664602,-0.150288737813632,0.949201810359955,-66.3682995351074,-62.2367406338113,-43.8074731992748,-140.188506996283,-116.784115243302,-72.0525488108647,-59.5994367524421,-51.3012247405832,-35.8700625590908
07-Nov-2024 18:48:36,4,51,-0.063723519941171,0.405263396104177,-0.0610104476412137,0.274747643868128,-0.0110603096584479,-0.159718244274457,0.948093632857005,-68.358218227738,-61.5173372486417,-45.3930968166721,-143.750097194576,-120.000454824258,-78.3078586213011,-59.4536658213549,-55.2243055892393,-36.6242472109138
07-Nov-2024 18:48:49,4,52,-0.0672947362065315,0.409297200043996,-0.0665899321436882,0.281485702594121,-0.0144166793674231,-0.155905025204023,0.946705599625905,-70.4579415081797,-63.4214509841016,-46.4573783256707,-146.899809209385,-126.580820719234,-81.7102662100579,-63.5726992684196,-56.3465520019257,-37.2975950585256
07-Nov-2024 18:49:35,4,53,-0.0680442223946253,0.412269290288289,-0.0684363300601641,0.281412549813588,-0.0125673513238629,-0.150243175029755,0.947668751080831,-71.9027624947159,-71.4388061592467,-46.8073308888686,-149.580460315935,-130.5041734572,-86.0141249096545,-67.2093305264083,-56.8442156325969,-38.911361308243
07-Nov-2024 18:49:48,4,54,-0.0711037258307139,0.416456341743469,-0.0739589596788088,0.289756025870641,-0.0168509488304456,-0.144191328684489,0.946026635169983,-74.0024857751576,-73.3429198947066,-47.8716123978672,-152.730172330744,-137.084539352177,-89.4165324984112,-71.328363973473,-57.9664620452833,-39.5847091558549
07-Nov-2024 18:50:28,4,55,-0.0737532719969749,0.419043982028961,-0.0740560909112295,0.289217265446981,-0.00861749686300755,-0.1538947224617,0.944772760073344,-75.3247579086466,-77.5536543500091,-48.5037294339654,-156.020353891423,-140.686398668648,-93.3446656425879,-71.6061963259998,-42.4264170669619,-41.0282662045195
07-Nov-2024 18:50:42,4,56,-0.0764905542135239,0.423470445473989,-0.0791978115836779,0.296742383639018,-0.0113723697761695,-0.149562078714371,0.943104342619578,-77.4244811890884,-79.457768085469,-49.568010942964,-159.170065906232,-147.266764563624,-96.7470732313447,-75.7252297730645,-43.5486634796483,-41.7016140521313
07-Nov-2024 18:51:22,4,57,-0.0727627222736677,0.420170193910599,-0.0735642189780871,0.281742326418559,-0.0137776751071215,-0.148450437188148,0.947836438814799,-77.2470941146001,-74.7359331962329,-50.3485943887981,-155.694510206347,-144.686744573938,-93.1987909657007,-73.3635489523567,-38.8482539143808,-41.5738250246389
07-Nov-2024 18:51:36,4,58,-0.0700440660119057,0.419737289349238,-0.0725299134850502,0.278949815034866,-0.0104167861863971,-0.147295410434405,0.948884884516398,-77.3834326135882,-70.8107879470755,-48.3452600710824,-150.648719733527,-138.795977873504,-90.2126459223468,-73.9724686789178,-42.1039900446171,-43.16093139662
07-Nov-2024 18:52:17,4,59,-0.06369249522686,0.413235439856847,-0.0600348604222139,0.24051978290081,-0.00633804779499769,-0.145401341716448,0.959671068191528,-79.0129083258381,-73.1622978778787,-46.5338846351415,-147.063046647175,-135.985584528444,-83.6454322678479,-71.1460881318445,-41.6066533271015,-42.7655900688643
07-Nov-2024 18:52:31,4,60,-0.0614239563544591,0.413041589657466,-0.0594718255102634,0.238487346967061,-0.00336551259582241,-0.143750121196111,0.960441752274831,-79.1492468248262,-69.2371526287212,-44.5305503174258,-142.017256174355,-130.09481782801,-80.659287224494,-71.7550078584056,-44.8623894573379,-44.3526964408455
07-Nov-2024 18:53:13,4,61,-0.0568814292550087,0.406777671972911,-0.0478925444185734,0.207781508564949,-0.00587535696104169,-0.130813756585121,0.969370977083842,-78.5321539304453,-71.6753349695441,-44.1231954405975,-138.151524394769,-125.519237805263,-76.1826078755676,-70.7962774481495,-46.9165891636982,-42.3235789629582
07-Nov-2024 18:53:26,4,62,-0.0541948596636454,0.406870742638906,-0.0482084954778353,0.20696676770846,-0.00354817073481778,-0.127239977320035,0.970032060146332,-78.6684924294334,-67.7501897203866,-42.1198611228817,-133.10573392195,-119.628471104829,-73.1964628322136,-71.4051971747107,-50.1723252939346,-43.9106853349394
07-Nov-2024 18:54:08,4,63,-0.0473778667549292,0.400167089700699,-0.0322607147196929,0.171641831596692,-0.00753079761440555,-0.106563955545425,0.979350050290426,-78.2031152317369,-69.4067082662193,-43.2395165256097,-127.674972795747,-113.345297743239,-69.0150506360735,-71.5302918328632,-52.4522932122329,-42.1896797819863
07-Nov-2024 18:54:21,4,64,-0.0442887435356776,0.400285518169403,-0.0324518921474616,0.17063178618749,-0.00557601088657975,-0.104047994315624,0.979810051123301,-78.3394537307251,-65.4815630170619,-41.2361822078939,-122.629182322927,-107.454531042805,-66.0289055927196,-72.1392115594244,-55.7080293424693,-43.7767861539675
07-Nov-2024 18:55:04,4,65,-0.0345221323271592,0.39480938911438,-0.019517099733154,0.127852208415667,-0.00120477810657273,-0.0943852444489797,0.987291129430135,-81.0999343813709,-65.2472496653996,-41.1693427504,-117.165906523415,-101.292561011793,-60.1951269729726,-70.8562187517812,-59.8258813667366,-43.8598365634815
07-Nov-2024 18:55:18,4,66,-0.0290744016567866,0.394867817560832,-0.0184915388623873,0.121405032773813,0.000575446537307774,-0.0897459561626116,0.988537387053172,-81.236272880359,-61.3221044162422,-39.1660084326843,-112.120116050596,-95.4017943113596,-57.2089819296186,-71.4651384783424,-63.0816174969729,-45.4469429354626
07-Nov-2024 18:56:03,4,67,-0.0199650836487611,0.391688283284505,-0.007267065346241,0.0807218631108602,0.00157402029726654,-0.0694582179188728,0.994312385718028,-83.284682455176,-59.6173751158324,-40.6059215450794,-106.56558291443,-86.9754259456367,-53.9240200980682,-74.4281019378013,-69.6934115742248,-48.2320213262102
07-Nov-2024 18:56:16,4,68,-0.0134006280452013,0.391078517834345,-0.00384590170967082,0.0728864029049873,0.00187692380665491,-0.0659531409541766,0.995155417919159,-83.4210209541641,-55.692229866675,-38.6025872273637,-101.51979244161,-81.0846592452029,-50.9378750547142,-75.0370216643625,-72.9491477044611,-49.8191276981913
07-Nov-2024 18:57:03,4,69,-0.00522071678812305,0.388920325040817,0.00318593593935172,0.0331244766712189,-0.00101095609910165,-0.0432741299271584,0.998513472080231,-84.8883949910666,-59.1772925918917,-38.4708766247034,-95.8446306371174,-74.0010917121246,-46.7523216172621,-77.2729632573725,-76.6829128082051,-52.5302200795557
07-Nov-2024 18:57:17,4,70,-0.00458501596003771,0.388850297530492,0.0102297113587459,0.0339742866655191,-0.00163988924274842,-0.0431923136115074,0.998487631479899,-83.5513266417022,-62.9351248509473,-40.3119773081129,-93.9493660268041,-66.2361684100675,-42.8320445201151,-75.267450172709,-74.3366292283461,-51.3192628435078
07-Nov-2024 18:58:00,4,71,-0.00372867655629913,0.385076038042704,0.00606862266237537,0.0315420972804228,-0.00161984821315855,-0.053569083660841,0.998064577579498,-81.9047760612951,-57.2730610971897,-34.9888898490502,-91.9644157506543,-64.324844691688,-41.1620632259191,-71.4504480212699,-75.1543601352409,-49.9952986121516
07-Nov-2024 18:58:14,4,72,-0.00399805270135403,0.385037018855413,0.0112973536675175,0.0319971665740013,-0.00203813351690769,-0.0536750048398972,0.998043648401896,-80.5677077119307,-61.0308933562454,-36.8299905324597,-90.0691511403409,-56.5599213896308,-37.2417861287721,-69.4449349366063,-72.8080765553819,-48.7843413761037
07-Nov-2024 18:58:59,4,73,-0.00672394158318639,0.381807752450307,0.00767587292939424,0.0327781620124976,-0.001992242410779,-0.0546414273480574,0.997965939839681,-79.0008982470449,-56.4787776088944,-34.6389971446331,-89.1790436971093,-60.7967978794124,-38.3466569331006,-68.333677318555,-71.4438002188998,-45.3418806424016
07-Nov-2024 18:59:13,4,74,-0.0072193019092083,0.381849869092306,0.0120882641524076,0.0331335835158825,-0.00224125881989797,-0.054739864418904,0.99794827302297,-77.6638298976805,-60.2366098679501,-36.4800978280425,-87.283779086796,-53.0318745773553,-34.4263798359536,-66.3281642338914,-69.0975166390407,-44.1309234063538
07-Nov-2024 19:00:00,4,75,-0.0132157993813356,0.37850003639857,0.0115022318437696,0.0213406833509604,-0.00297853693676492,-0.0582035583754381,0.998072187105815,-77.7868909905555,-56.9894681238025,-37.730151475834,-84.6910930600235,-58.167851171218,-36.2436766895444,-62.519778882534,-66.1922366808702,-42.4792144214788
07-Nov-2024 19:00:14,4,76,-0.0188869615395864,0.380696489413579,0.0183513083805641,-0.00452131750062108,-0.00543864887828628,-0.0740157951911291,0.997232015927633,-84.9544337507542,-62.2348251038035,-40.3866457720122,-83.3757940825314,-58.5060092329954,-36.4465715266108,-62.5249565818646,-65.9060699597705,-42.3699468671067
07-Nov-2024 19:01:00,4,77,-0.0203666700671116,0.382949976126353,0.0181899774819613,-0.0396581749121348,-0.00634069526568055,-0.0828402082125346,0.995753272374471,-92.8520412320726,-64.2026950822029,-41.0226165503814,-83.0617843968098,-60.2696172427328,-37.6432533390461,-64.1786981478482,-62.8654050495151,-41.7403034383211
07-Nov-2024 19:01:13,4,78,-0.0260234964390596,0.385174582401911,0.0251543218890826,-0.0617722811798255,-0.00857970751821995,-0.0967004294196765,0.993357769648234,-100.019583992271,-69.4480520622039,-43.6791108465597,-81.7464854193177,-60.6077753045102,-37.8461481761126,-64.1838758471787,-62.5792383284154,-41.631035883949
07-Nov-2024 19:01:59,4,79,-0.0324875066677729,0.386824091275533,0.0271437494705121,-0.087491940955321,-0.00801576891293128,-0.11842777878046,0.989068174362183,-105.97715911303,-76.579665541404,-45.4003433838334,-82.2818310877108,-59.6336583402676,-40.9459365008634,-62.0133354798359,-60.3908225127379,-41.9365803923701
07-Nov-2024 19:02:12,4,80,-0.0374132653077443,0.389488158623377,0.0336289947231611,-0.111934719979763,-0.00964314428468545,-0.13296472231547,0.98473246494929,-113.144701873229,-81.825022521405,-48.0568376800117,-80.9665321102188,-59.9718164020451,-41.1488313379299,-62.0185131791664,-60.1046557916382,-41.827312837998
07-Nov-2024 19:03:00,4,81,-0.0409446318944295,0.391640081008275,0.0363877634207408,-0.145314306020737,-0.00639186920598149,-0.145657377441724,0.978584126631419,-120.757260813707,-87.3385077510056,-52.5707010967377,-80.2765554556693,-61.9038369508125,-42.7251729188386,-61.9108318451603,-58.7923645232496,-41.9254513150225
07-Nov-2024 19:03:13,4,82,-0.047404017051061,0.395115902026494,0.0448345137139161,-0.170946657657623,-0.00747700311864416,-0.162390604615211,0.97177703777949,-127.924803573906,-92.5838647310066,-55.2271953929159,-78.9612564781772,-62.2419950125899,-42.928067755905,-61.9160095444908,-58.50619780215,-41.8161837606504
07-Nov-2024 19:04:01,4,83,-0.0498527740438779,0.397859930992126,0.0463168260951837,-0.203619942069054,-0.00284115484294792,-0.170450906952222,0.964094094435374,-135.839854424245,-97.8132858358074,-59.187374249368,-78.6336186621564,-63.7520843178624,-44.4176859648926,-62.989757727153,-57.4819688074058,-42.1106192219767
07-Nov-2024 19:04:15,4,84,-0.0465137933691343,0.39795032342275,0.0473290465772152,-0.214737905065219,-0.00212348987503598,-0.149648985266685,0.965136416753133,-133.833352468845,-92.028764129903,-56.1803835732386,-71.5448785608574,-62.6047860860905,-43.7293070258295,-66.526133918866,-58.2241463095412,-42.3669781498672
07-Nov-2024 19:05:00,4,85,-0.0343965515494347,0.392075006167094,0.0408510794242223,-0.226317889491717,-0.000455747048060099,-0.11247792840004,0.967537474632263,-129.500604558515,-84.5862744863986,-51.6502351772462,-63.9749690402939,-60.1684534760661,-41.5842897727269,-68.1217953522447,-59.8722926748544,-42.9001885856068
07-Nov-2024 19:05:14,4,86,-0.0285051584243774,0.391258921225866,0.0398392707109451,-0.248105778296789,-0.00214590060835083,-0.0869668866197268,0.964819002151489,-127.494102603115,-78.8017527804942,-48.6432445011168,-56.8862289389948,-59.0211552442941,-40.8959108336637,-71.6581715439576,-60.6144701769897,-43.1565475134973
07-Nov-2024 19:05:57,4,87,-0.0199658474574486,0.38627414504687,0.0363889108101527,-0.269948679208755,-0.00463639327014486,-0.0474287954469522,0.961694729328155,-124.024477670251,-72.6382471057898,-44.6496749650559,-47.0069041280636,-57.679339823396,-38.2792127375808,-75.8741903565035,-61.284632110714,-42.0513321953124
07-Nov-2024 19:06:11,4,88,-0.0158112298697233,0.386360204219818,0.0347891410191854,-0.284760936101278,-0.0072549800388515,-0.0235612037281195,0.958281521002452,-122.017975714851,-66.8537253998854,-41.6426842889265,-39.9181640267645,-56.532041591624,-37.5908337985176,-79.4105665482164,-62.0268096128493,-42.3076911232029
07-Nov-2024 19:06:58,4,89,-0.00905492051194112,0.384774456421534,0.0294747620820999,-0.264731043577194,-0.013704675125579,-0.000516299282511075,0.964224795500437,-118.904912270718,-57.204711709581,-39.3424041828314,-41.2591315706493,-56.787484765289,-36.6132952809446,-82.7617640503458,-63.5579793307792,-43.6082629280557
07-Nov-2024 19:07:11,4,90,-0.00482521997764707,0.385091843207677,0.0289624705910683,-0.28077539006869,-0.0187794433285793,0.0231475205471118,0.959310555458069,-116.898410315318,-51.4201900036766,-36.335413506702,-34.1703914693502,-55.6401865335171,-35.9249163418814,-86.2981402420587,-64.3001568329145,-43.8646218559461
07-Nov-2024 19:08:02,4,91,-0.00293977237306535,0.388611580928167,0.0278824903070927,-0.270263336102168,-0.0211520263304313,0.0211364657928546,0.9623219927152,-121.261061670102,-60.8883368930273,-38.52121493198,-42.0617410847402,-58.2390542310915,-38.22383474954,-89.4514000221524,-69.2070938356536,-48.1376984413338
07-Nov-2024 19:08:15,4,92,3.8757489649773e-05,0.391381814082464,0.0344802243014177,-0.276629404226939,-0.0242256122330825,0.0243151559183995,0.960363507270813,-124.076993769252,-66.288729774578,-41.253661072241,-42.5132368775384,-58.5615512259473,-38.4173329464535,-92.0222491470379,-75.8945347304955,-51.5136685882403
07-Nov-2024 19:09:05,4,93,0.00121725698312124,0.394398591915766,0.0336527995765209,-0.258690398931503,-0.0256697133183479,0.023566718523701,0.965331542491913,-124.816285496219,-72.2229996600287,-44.0127848550105,-47.9596595816325,-60.0222335721624,-41.6135412487396,-95.1843035995275,-80.941723679286,-55.4881919543874
07-Nov-2024 19:09:19,4,94,0.00509105694169799,0.39769188563029,0.0413695620993773,-0.265988802909851,-0.030000593389074,0.0245599566648404,0.963196098804474,-127.63221759537,-77.6233925415794,-46.7452309952714,-48.4111553744307,-60.3447305670182,-41.8070394456531,-97.7551527244129,-87.6291645741279,-58.8641621012939
07-Nov-2024 19:10:11,4,95,0.00529451944554846,0.401642096042633,0.0384717827041944,-0.247486160198847,-0.0311965261896451,0.0166550952941179,0.968245844046275,-129.859829508428,-82.3907239250801,-49.5660159567866,-55.7101146228771,-61.5363202375537,-44.401892695253,-101.2216045131,-93.196479495944,-62.3144088578207
07-Nov-2024 19:10:24,4,96,0.00902400525907675,0.404645254214605,0.0447246891756852,-0.255656083424886,-0.0353926509618759,0.0213834551473459,0.965883048375448,-132.675761607578,-87.7911168066308,-52.2984620970476,-56.1616104156752,-61.8588172324096,-44.5953908921665,-103.792453637986,-99.8839203907859,-65.6903790047272
07-Nov-2024 19:11:18,4,97,0.0101827490453919,0.407652678092321,0.0453646739323934,-0.243872903784116,-0.0375379326442877,0.00817978611836831,0.96904593706131,-134.672533613683,-92.8749789391565,-58.8250776479356,-61.0868379362977,-65.7658605651054,-46.0645666154233,-104.561104094772,-106.161298299115,-70.7534874564438
07-Nov-2024 19:11:31,4,98,0.0146788505837321,0.411242991685867,0.0515382707118988,-0.249495666225751,-0.0418304055929184,0.013528248667717,0.967377436161041,-137.488465712833,-98.2753718207072,-61.5575237881965,-61.5383337290958,-66.0883575599612,-46.2580648123368,-107.131953219658,-112.848739193957,-74.1294576033504
07-Nov-2024 19:12:26,4,99,0.0164342538764079,0.414856918652852,0.0489830690125624,-0.233099839091301,-0.0436015658080578,0.00700611313804984,0.971449589729309,-140.04481776546,-101.342499327745,-65.287054633771,-67.4516953858064,-69.4031277237371,-48.664401772422,-110.001703010494,-118.956148595542,-78.9489969026619
07-Nov-2024 19:12:39,4,100,0.0181886150191228,0.41717058022817,0.0445348180830479,-0.214100696643194,-0.0370141151050727,0.035193832218647,0.975475414594014,-134.67844613034,-101.49382242116,-65.3302204473422,-72.4257173600375,-69.0781703923779,-48.4694273736065,-116.06935693867,-118.763837980676,-78.8203458620927
07-Nov-2024 19:13:52,5,1,-0.0191610462963581,0.312958339850108,0.00501814171050986,0.0102795720721285,-0.00250839244884749,0.0153983035435279,0.999825497468313,-7.27500000000001,-12.675,-4.80000000000001,-7.20000000000001,-11.7,-6.67500000000001,-8.47500000000001,-7.87500000000001,-9.375
07-Nov-2024 19:14:06,5,2,-0.0176857398202022,0.317023672660192,0.00745709793021282,-0.00680248731126388,-0.00444250957419475,0.0463295718034108,0.998893201351166,-10.4923533645518,-10.7566512865887,-3.64899077195324,-5.54462236748583,-11.1553731028969,-6.21085463457359,-17.8928532953394,-6.93330595763276,-8.71231563105126
07-Nov-2024 19:14:50,5,3,-0.0166910406202078,0.323286072413127,0.00847599102805058,-0.0428500200311343,-0.00466409577056766,0.0806586111585299,0.995809412002563,-18.9222067291035,-19.6008025731773,-8.42298154390647,-6.06424473497165,-17.7357462057938,-10.9592092691471,-30.5732065906788,-12.3291119152655,-10.4871312621025
07-Nov-2024 19:15:03,5,4,-0.0146048124258717,0.327066208918889,0.0103494512538115,-0.0570786898334821,-0.00535650281235576,0.11187575807174,0.992067142327626,-22.1395600936552,-17.682453859766,-7.27197231585971,-4.40886710245747,-17.1911193086908,-10.4950639037207,-39.9910598860182,-11.3874178728982,-9.82444689315376
07-Nov-2024 19:15:53,5,5,-0.0106043020884196,0.332992243766785,0.0113236846402287,-0.078254479666551,-0.00641261500616868,0.135346821943919,0.987682334582011,-28.5631634582069,-24.5953551463547,-10.7334630878129,-6.54098946994325,-22.6839924115877,-14.2121685382942,-49.6151631813576,-18.0394738305309,-15.1805125242049
07-Nov-2024 19:16:07,5,6,-0.00896749999374151,0.33688002427419,0.0132875702654322,-0.0913743108510971,-0.00779120977967978,0.166280729571978,0.981804875532786,-31.7805168227586,-22.6770064329434,-9.58245385976613,-4.88561183742908,-22.1393655144846,-13.7480231728678,-59.033016476697,-17.0977797881636,-14.5178281552562
07-Nov-2024 19:16:56,5,7,-0.0061146634320418,0.342504018545151,0.0140201987698674,-0.107030826807022,-0.00825601499527693,0.185379658142726,0.976785886287689,-37.7259951873103,-4.69928271953226,-15.1626946317193,-7.74898420491483,-26.9384886173815,-16.3495028074413,-68.8539947720364,-23.9279607457963,-18.8145187863074
07-Nov-2024 19:17:10,5,8,-0.0130996562540531,0.345227905114492,0.0133805867284536,-0.095375848809878,-0.00546917996058861,0.153608594338099,0.983502900600433,-43.0150426931382,-6.1909720274461,-16.0577082164676,-14.7647560140895,-28.1363580598538,-17.0976064594688,-63.8515163979137,-25.0620454501779,-19.5307300692896
07-Nov-2024 19:18:07,5,9,-0.0163999458154043,0.348390179872513,0.0119690179824829,-0.098043238123258,-0.00550891213739912,0.0948834737141927,0.990633312861125,-51.9181526989659,-34.3029738353602,-17.9933468012158,-21.864902823264,-32.756102502326,-21.1785226114963,-60.5506005237911,-29.1820676545595,-20.4766288522717
07-Nov-2024 19:18:21,5,10,-0.021262330810229,0.351427374283473,0.0113263777767618,-0.0886391311883926,-0.00411146245896816,0.0596008638540904,0.994270575046539,-57.2072002047937,-35.794663143274,-18.8883603859642,-28.8806746324387,-33.9539719447983,-21.9266262635238,-55.5481221496684,-30.3161523589411,-21.1928401352539
07-Nov-2024 19:19:15,5,11,-0.0235903013497591,0.353560767571131,0.0105103756611546,-0.100715598464012,-0.000425182304267461,0.0045863006884853,0.994904629389445,-65.8032789606215,-37.9965087011881,-20.0786864707124,-33.3886339416133,-38.8877788872707,-23.8161361655513,-51.4714250255457,-31.4432058133227,-22.3988951682361
07-Nov-2024 19:19:29,5,12,-0.0284767294923464,0.356519373257955,0.010232436346511,-0.0975507403413455,0.00131046639289707,-0.0323111665745576,0.994705073038737,-71.0923264664493,-39.488198009102,-20.9737000554607,-40.4044057507879,-40.0856483297429,-24.5642398175788,-46.4689466514231,-32.5772905177043,-23.1151064512183
07-Nov-2024 19:20:22,5,13,-0.0297688780973355,0.357561222712199,0.0107394535715381,-0.0815657218297323,0.00140278285058836,-0.0826812654733658,0.993231562773387,-74.2848895972772,-43.059965442016,-22.616369890209,-48.1162713099626,-40.3764865222152,-25.5080465946063,-40.6543589023004,-33.9328595970859,-23.7762396092005
07-Nov-2024 19:20:36,5,14,-0.0348468306163947,0.360829581816991,0.0105706303690871,-0.074311201274395,0.002641223045066,-0.116967145105203,0.99034823179245,-79.573937103105,-44.5516547499299,-23.5113834749573,-55.1320431191372,-41.5743559646875,-26.2561502466338,-35.6518805281778,-35.0669443014675,-24.4924508921827
07-Nov-2024 19:21:27,5,15,-0.0382637925446033,0.361207085847855,0.0105490521217386,-0.0760120997826258,0.00302931317128241,-0.158926496903102,0.984355314572652,-83.5147424214328,-45.9583831203438,-24.6302251847056,-58.0708618033118,-43.3687097821598,-27.3271054611613,-30.8433474665551,-32.4867711933491,-24.4311231126649
07-Nov-2024 19:21:41,5,16,-0.0434187479317188,0.364664667844772,0.00987797056635221,-0.0666296511888504,0.00421660936747988,-0.193067305286725,0.978911511103312,-88.8037899272606,-47.4500724282577,-25.5252387694539,-65.0866336124865,-44.566579224632,-28.0752091131888,-25.8408690924325,-33.6208558977307,-25.147334395647
07-Nov-2024 19:22:35,5,17,-0.0409380602339904,0.367895044883092,0.0100401508311431,-0.068279060224692,0.00241130408830941,-0.203762315710386,0.976633576552073,-93.5687163393384,-46.3492812674215,-27.8071664167022,-69.3889288591611,-46.6626908546043,-29.8847385464662,-28.5853633745598,-34.5478116958623,-25.8497761473792
07-Nov-2024 19:22:48,5,18,-0.0450461722910404,0.369914656877518,0.0123306606585781,-0.0610651507973671,0.00156122585758567,-0.202874831358592,0.977297528584798,-94.7192021126795,-53.6415494407812,-31.617707321379,-72.2552471282713,-49.4059902469056,-31.4207950606138,-30.7157565332881,-35.9634768181934,-26.7220155265417
07-Nov-2024 19:23:34,5,19,-0.0412538193166256,0.370779526233673,0.00742371842886011,-0.0506884192426999,0.00386565187945962,-0.207260939478874,0.976964028676351,-95.0826273391455,-49.5875773797655,-29.0717052573059,-75.9398271161314,-48.3234107329568,-32.1375644653864,-31.0196360201414,-37.8005774873995,-26.9123701400792
07-Nov-2024 19:23:48,5,20,-0.045757994055748,0.373252050081889,0.0110563822090626,-0.043290784706672,0.00148669123494377,-0.205588725209236,0.977679415543874,-96.2331131124866,-56.8798455531253,-32.8822461619826,-78.8061453852415,-51.066710125258,-33.6736209795339,-33.1500291788697,-39.2162426097306,-27.7846095192416
07-Nov-2024 19:24:32,5,21,-0.0423307557900747,0.374205555518468,0.00826670409490665,-0.0295888551821311,0.00271457709992925,-0.217395117878914,0.97563134431839,-96.6900686123902,-55.0489936092973,-32.9145155822845,-82.9065945137266,-49.7970700644342,-34.725033938994,-31.8171655016605,-41.8176255054992,-28.3909065155916
07-Nov-2024 19:24:45,5,22,-0.046893023699522,0.376674966017405,0.0111660672351718,-0.0233866736292839,0.000305018172366545,-0.215727695822716,0.976173420747121,-97.8405543857313,-62.341261782657,-36.7250564869613,-85.7729127828367,-52.5403694567355,-36.2610904531416,-33.9475586603888,-43.2332906278303,-29.2631458947541
07-Nov-2024 19:25:28,5,23,-0.0465038535495599,0.378391472498576,0.0134195284297069,-0.0123845108474294,-0.00352200753986835,-0.21486390431722,0.976559142271678,-98.2692750223536,-63.9469698974229,-39.4714616494506,-88.6562964816343,-53.0521991224742,-36.0548251899454,-35.9213234011483,-43.8168146368801,-29.3274140825103
07-Nov-2024 19:25:42,5,24,-0.0512138364215692,0.381042530139287,0.0167503124723832,-0.00529366138701638,-0.00622073135649165,-0.212153563896815,0.977202232678731,-99.4197607956946,-71.2392380707826,-43.2820025541273,-91.5226147507444,-55.7954985147755,-37.5908817040929,-38.0517165598766,-45.2324797592112,-30.1996534616728
07-Nov-2024 19:26:25,5,25,-0.0509298066298167,0.382820705572764,0.0194038732598225,-0.00101394802719976,-0.011961072559158,-0.210545430580775,0.977510396639506,-101.034364000676,-76.0632262148455,-46.5604755877104,-93.9474657346983,-57.1980630437955,-37.9557773295686,-40.7037955096206,-45.2570743249017,-31.1179072451321
07-Nov-2024 19:26:39,5,26,-0.0560207175711791,0.385778739054998,0.0233001887798309,0.00278559712072213,-0.0146339825044076,-0.209099351366361,0.977780942122142,-102.184849774017,-83.3554943882052,-50.3710164923872,-96.8137840038084,-59.9413624360967,-39.4918338437162,-42.8341886683488,-46.6727394472328,-31.9901466242946
07-Nov-2024 19:27:21,5,27,-0.0551313487191995,0.387214541435242,0.0261795652409395,0.0120670187597473,-0.020941973105073,-0.202230870723724,0.979039593537648,-102.217394263179,-86.6386225469165,-56.1655234615171,-99.3093686303404,-58.9392943967574,-40.5923099135278,-44.775424722585,-47.8428692912436,-32.5103932056055
07-Nov-2024 19:27:34,5,28,-0.0567651093006134,0.386435689528783,0.0263974266747634,-0.00795338886479537,-0.0181545893351237,-0.18624129196008,0.982304116090139,-99.3708942709288,-87.7918631923969,-56.5881230153053,-91.1622290413529,-61.9300231924901,-41.9336535424422,-46.4784099505834,-46.302661601724,-31.5862685918937
07-Nov-2024 19:28:16,5,29,-0.0568627417087555,0.381871141990026,0.032568484544754,-0.0221145254870256,-0.0186784770339727,-0.153002781669299,0.987801746527354,-96.2654236365891,-92.3405338305531,-57.2527056013201,-84.7797226310763,-59.1480682724025,-41.0322069491886,-46.4368166263358,-44.4896862730443,-31.8361475792562
07-Nov-2024 19:28:30,5,30,-0.0582734969755014,0.38156333565712,0.0317480218907197,-0.0380013254781564,-0.0145669072245558,-0.135550178090731,0.989934285481771,-93.4189236443392,-93.4937744760334,-57.6753051551083,-76.6325830420888,-62.1387970681351,-42.373550578103,-48.1398018543342,-42.9494785835247,-30.9120229655445
07-Nov-2024 19:29:13,5,31,-0.0588996931910515,0.378209161758423,0.0358463853597641,-0.0601612103482087,-0.00681538085142771,-0.110156289239724,0.992068457603455,-91.7929383310443,-97.8447301178517,-58.1438962250098,-71.3927600424568,-61.7931840059577,-42.3684990959334,-48.6704978062096,-42.547887074425,-31.4749001523698
07-Nov-2024 19:29:27,5,32,-0.0606718535224597,0.37784249385198,0.035436220963796,-0.0756616209944089,-0.00143148560697834,-0.0952108303705851,0.992576547463735,-88.9464383387944,-98.997970763332,-58.5664957787981,-63.2456204534693,-64.7839128016903,-43.7098427248478,-50.373483034208,-41.0076793849054,-30.5507755386581
07-Nov-2024 19:30:13,5,33,-0.0659456993142764,0.376507689555486,0.0334287631014983,-0.0669521152973175,-0.0032913943597426,-0.11154295951128,0.991496241092682,-90.5001684584232,-100.860297223672,-58.5647852807863,-67.4395138483687,-69.7686568900075,-43.694161940788,-45.73110474822,-39.1875801035762,-31.030632016003
07-Nov-2024 19:30:27,5,34,-0.0729981889327367,0.377278210719426,0.0282180075844129,-0.057102012137572,-0.00309375016950071,-0.137341435750326,0.988871383666992,-91.5186412385744,-100.223766185843,-57.940079024718,-70.6297489485903,-73.4965719072798,-45.2516787122702,-38.2248711002936,-36.1231727320369,-29.1919875930795
07-Nov-2024 19:31:19,5,35,-0.0668803175290426,0.37928691705068,0.0232351700464884,-0.0399492626388868,-0.005180808249861,-0.115780970950921,0.992457576592763,-90.1797426884644,-100.236663897099,-57.5518706476779,-75.0718131961508,-77.1779014600746,-46.3975967059815,-47.4505651333363,-39.3809194056028,-31.8125936202902
07-Nov-2024 19:31:32,5,36,-0.073839179178079,0.380035426219304,0.0179615505039692,-0.0296671841293573,-0.0048032331901292,-0.142536088824272,0.989333228270213,-91.1982154686156,-99.6001328592698,-56.9271643916096,-78.2620482963725,-80.9058164773469,-47.9551134774637,-39.9443314854098,-36.3165120340636,-29.9739491973667
07-Nov-2024 19:32:28,5,37,-0.0678641339143117,0.382225547234217,0.0128220098714034,-0.016483715052406,-0.00438871787240108,-0.124449693163236,0.992079301675161,-90.6630025836363,-98.9133161959832,-55.2957070750553,-81.9281979702636,-83.9354387623804,-51.1068308600604,-49.1290616779687,-40.6881816850773,-32.8399299995104
07-Nov-2024 19:32:41,5,38,-0.0746889169017474,0.383290121952693,0.00877213502923648,-0.00874801104267438,-0.00309858359396458,-0.150478659073512,0.988569668928782,-91.6814753637875,-98.2767851581543,-54.671000818987,-85.1184330704852,-87.6633537796527,-52.6643476315426,-41.6228280300422,-37.6237743135381,-31.0012855765868
07-Nov-2024 19:33:34,5,39,-0.0655035232504209,0.382365614175797,0.000563437674039354,0.010491777335604,-0.00288791367784143,-0.128550959626834,0.991643226146698,-87.9163715357658,-92.4371562598289,-51.6993870880855,-86.285335007892,-91.0399498738083,-53.175824009377,-48.1963045795107,-41.306861246211,-33.1376272419583
07-Nov-2024 19:33:47,5,40,-0.0642232696215312,0.384690020481745,-0.00550132446611921,0.0195130671064059,-0.00332426183546583,-0.105930163462957,0.994176562627157,-84.7781105403095,-87.3726701742325,-49.2311488874269,-87.5892796584641,-94.3906923340833,-54.9152000816541,-54.9742992087364,-41.9469096676073,-33.5216562947961
07-Nov-2024 19:34:36,5,41,-0.063197294374307,0.381830185651779,-0.0175104516247908,0.0427183369795481,0.00280220991310974,-0.129499582449595,0.990654941399892,-82.0014281285705,-81.5456126822716,-46.4362229216468,-89.5747029524536,-97.8293616112986,-59.2656263067099,-47.6250347980829,-41.4834773446419,-32.9818416539008
07-Nov-2024 19:34:49,5,42,-0.0618436818321546,0.384274234374364,-0.0237633274247249,0.0533728753527005,-4.36959370366215e-05,-0.104502310355504,0.993091440200806,-78.8631671331141,-76.4811265966752,-43.9679847209882,-90.8786476030257,-101.180104071574,-61.005002378987,-54.4030294273086,-42.1235257660382,-33.3658707067386
07-Nov-2024 19:35:34,5,43,-0.0585399272541205,0.38135822614034,-0.0350742228329182,0.0880791202187538,0.000800337817054242,-0.109315598011017,0.990096759796143,-70.9556954295165,-67.6603548078965,-41.4864026377689,-92.0733315753065,-104.724809940319,-62.6999035276535,-49.4673945365946,-42.7368338152537,-32.7629779127097
07-Nov-2024 19:35:48,5,44,-0.0562826442221801,0.383873351414998,-0.0426824033260345,0.0977397898832957,-0.00457300239553054,-0.082918223241965,0.991741188367208,-67.8174344340601,-62.5958687223001,-39.0181644371103,-93.3772762258786,-108.075552400594,-64.4392795999306,-56.2453891658203,-43.37688223665,-33.1470069655475
07-Nov-2024 19:36:35,5,45,-0.0523344685633977,0.383939200639725,-0.0489897531767686,0.120522449910641,-0.0123894749209285,-0.0607020668685436,0.99077551762263,-64.1695680845331,-57.6782397851125,-38.3432542951714,-94.626590537305,-111.373276565104,-66.5314182104024,-58.6665690350761,-44.0035604719559,-34.087575094952
07-Nov-2024 19:36:48,5,46,-0.0506377682089806,0.386594583590825,-0.0550627750655015,0.130607011914253,-0.019254782423377,-0.0348487863938014,0.990634481112162,-61.0313070890768,-52.6137536995161,-35.8750160945128,-95.9305351878771,-114.724019025379,-68.2707942826795,-65.4445636643018,-44.6436088933523,-34.4716041477898
07-Nov-2024 19:37:37,5,47,-0.0516299769282341,0.385992250839869,-0.0549877199033896,0.134745780626933,-0.032892703016599,-0.0125297417243322,0.990254878997803,-58.4632434165851,-56.472696188124,-38.503441923214,-93.9821646688764,-117.823252337771,-69.8115516240539,-67.9441509135426,-45.5769722217034,-33.933902738911
07-Nov-2024 19:37:50,5,48,-0.0491901251176993,0.388501089811325,-0.0622039747734865,0.145435339212418,-0.0423090130090713,0.0087054197366039,0.988424384593964,-55.3249824211287,-51.4082101025276,-36.0352037225554,-95.2861093194485,-121.173994798046,-71.5509276963311,-74.7221455427683,-46.2170206430997,-34.3179317917488
07-Nov-2024 19:38:37,5,49,-0.0483413847784201,0.386242469151815,-0.049185154090325,0.116335591673851,-0.0394159463544687,0.00923875141888857,0.992384548981984,-59.9899655263433,-55.967696507897,-39.3185155815897,-91.0767567631784,-116.682834123546,-69.392509065821,-73.7956463305985,-47.2282868986005,-34.525464747123
07-Nov-2024 19:38:50,5,50,-0.0423722751438618,0.387190234661102,-0.0459747083485127,0.105846980710824,-0.0358367639283339,0.0114399227624138,0.993670646349589,-63.2448499700755,-55.4654686261642,-39.2284954259442,-88.5685617916946,-111.942428022987,-67.1833998007622,-76.3583508084212,-53.0428957006241,-37.5938629333557
07-Nov-2024 19:39:35,5,51,-0.0409648805856705,0.386291752258937,-0.0326235709091028,0.05919600451986,-0.0297928464909395,0.0248057996233304,0.997493330637614,-68.3297837445488,-55.9190978879825,-39.7751412776387,-85.7347880278176,-108.751644635457,-64.1746358529778,-80.5514534412477,-49.105833229386,-34.7318285041592
07-Nov-2024 19:39:49,5,52,-0.034621849656105,0.38759526014328,-0.0298725831011931,0.0505289644002914,-0.0283839212109645,0.0298708591610193,0.997872225443522,-71.5846681882811,-55.4168700062498,-39.6851211219931,-83.2265930563339,-104.011238534897,-61.9655265879191,-83.1141579190704,-54.9204420314095,-37.8002266903918
07-Nov-2024 19:40:32,5,53,-0.0322492358585199,0.385639870166779,-0.0190655222783486,0.00955397815754016,-0.0227430236836274,0.0418762614329656,0.99881827433904,-77.0295772973838,-57.1175706962925,-39.7634339700176,-79.4306086886535,-100.045643790853,-57.7815899814975,-85.292061474395,-52.4842151968023,-36.9284085689099
07-Nov-2024 19:40:45,5,54,-0.0257043141871691,0.387569369872411,-0.0158533987899621,-0.00251690383690099,-0.0221871835490068,0.0502491931120555,0.998487095038096,-80.284461741116,-56.6153428145598,-39.6734138143721,-76.9224137171697,-95.3052376902936,-55.5724807164387,-87.8547659522177,-58.2988239988259,-39.9968067551426
07-Nov-2024 19:41:29,5,55,-0.0212887983769178,0.387934503952662,-0.00566821961353223,-0.028791860366861,-0.0177927661687136,0.0627123281359672,0.997457615534465,-84.1093585175335,-58.2645792187148,-40.3425601605616,-75.7203240475877,-90.8022372679917,-52.6759577806986,-91.8750699687913,-58.113014982534,-41.245096787518
07-Nov-2024 19:41:43,5,56,-0.0151372592896223,0.389685992399851,-0.00334085603244603,-0.0384621697167555,-0.0185238452007373,0.0673812876145045,0.996813599268595,-87.3642429612657,-57.7623513369821,-40.2525400049161,-73.2121290761039,-86.0618311674324,-50.4668485156398,-94.4377744466141,-63.9276237845576,-44.3134949737506
07-Nov-2024 19:42:26,5,57,-0.00840058326721191,0.389015922943751,0.00450583516309659,-0.0663378601272901,-0.0164072332282861,0.0707581336299578,0.995149946212769,-89.6291335713406,-58.5608555981933,-39.492103100188,-71.656986755571,-78.8151279060019,-48.0640324152404,-95.1042786938122,-69.2920236774235,-45.8718390830547
07-Nov-2024 19:42:39,5,58,-0.00161672204267234,0.390913651386897,0.00952726534257333,-0.0770385896166166,-0.0181429384897153,0.0740095585584641,0.994111935297648,-92.8840180150728,-58.0586277164605,-39.4020829445425,-69.1487917840872,-74.0747218054426,-45.8549231501816,-97.6669831716349,-75.1066324794471,-48.9402372692873
07-Nov-2024 19:43:25,5,59,0.00501183187589049,0.392617934942246,0.0141319942971071,-0.101474776864052,-0.0221750359982252,0.0819769889116287,0.991206808884939,-97.2189055419763,-60.6817659061999,-39.4268544143558,-68.8421231380788,-68.3061671244477,-44.8239604674525,-101.756587534145,-79.1961368268918,-53.0536084170557
07-Nov-2024 19:43:39,5,60,0.010869077903529,0.394992558161418,0.0180406453708808,-0.111575712263584,-0.0253989747414986,0.0860578119754791,0.989696848392487,-100.473789985709,-60.1795380244671,-39.3368342587103,-66.333928166595,-63.5657610238884,-42.6148512023937,-104.319292011968,-85.0107456289154,-56.1220066032883
07-Nov-2024 19:44:26,5,61,0.0164430059492588,0.396079126993815,0.0171107834825913,-0.136048687497775,-0.0345312967896462,0.0874462669094404,0.986230965455373,-103.218675971026,-62.8149931784705,-39.0792099157941,-63.801496357849,-66.7112806331113,-44.8198152284997,-105.320446432135,-88.5378022036496,-60.6128912702888
07-Nov-2024 19:44:40,5,62,0.0226992332686981,0.398335679372152,0.014606610002617,-0.121503121654193,-0.0363889935115973,0.0801423425475756,0.988680982589722,-103.045251489908,-63.3313311055172,-39.3890126720221,-66.9022974799188,-68.9026022687761,-45.9671098390368,-105.013536573148,-97.383125492009,-65.0871867071732
07-Nov-2024 19:45:23,5,63,0.0314779343704383,0.3997068186601,0.0139330227548877,-0.10682615985473,-0.0388008370995522,0.0912025993069013,0.98932542403539,-100.066827779583,-61.4415105504318,-37.8900133346148,-68.4909801833574,-66.7118867593321,-45.3464410951564,-107.300851685333,-102.984672666724,-70.6477253844415
07-Nov-2024 19:45:36,5,64,0.0388703179856141,0.402450728416443,0.0124206195895871,-0.0956497256954511,-0.0403599279622237,0.0876613398392995,0.990725847085317,-99.8934032984652,-61.9578484774784,-38.1998160908428,-71.5917813054272,-68.903208394997,-46.4937357056935,-106.993941826346,-111.829995955083,-75.1220208213258
07-Nov-2024 19:46:15,5,65,0.0360076921681563,0.402990527947744,0.0105487488831083,-0.0776501203576724,-0.0324232295155525,0.0863172148664792,0.992707705497742,-98.5852573837116,-42.1440804423764,-41.4290017676035,-74.6596463307665,-71.7014757892666,-48.7933281324931,-107.881222892201,-114.540929626783,-75.0704844263755
07-Nov-2024 19:46:28,5,66,0.0329203317562739,0.404806292057037,0.00329793663695455,-0.0576212694247564,-0.0278945965071519,0.0817799145976702,0.99459224541982,-97.1046110835615,-41.9083916483405,-41.287588491182,-81.1085705654213,-77.3657617560905,-51.6019022365015,-108.896391472469,-116.098751355306,-75.8258264112331
07-Nov-2024 19:47:15,5,67,0.032366968691349,0.407030487060547,0.00166735514843216,-0.0212084346761306,-0.014688819895188,0.068265675008297,0.997333590189616,-96.8352149761096,-62.7836632337717,-43.2064746913516,-90.0669651954183,-78.7470384366374,-54.1559855019055,-108.497616295531,-119.508129055417,-75.6527292061867
07-Nov-2024 19:47:29,5,68,0.0284470551957687,0.409138335784276,-0.00612616787354151,7.72371526788144e-05,-0.00989486817270517,0.0612943068146706,0.998070681095123,-95.3545686759594,-62.5479744397358,-43.0650614149301,-96.5158894300732,-84.4113244034614,-56.9645596059139,-109.512784875799,-121.065950783939,-76.4080711910444
07-Nov-2024 19:48:13,5,69,0.0300361485530933,0.409863477945328,-0.00825725017736356,0.0243667379021645,-0.00372190216245751,0.0729916080832481,0.997027945518494,-90.5795474721585,-66.8677658354337,-44.8537978768042,-98.9695488623991,-87.5591057271468,-58.5958882906201,-111.320981577464,-124.074550498256,-76.99919358095
07-Nov-2024 19:48:26,5,70,0.0265410520136356,0.412608414888382,-0.0158225403477748,0.050293838729461,0.000533789113008728,0.0660094464818637,0.996550559997559,-89.0989011720084,-66.6320770413979,-44.7123846003826,-105.418473097054,-93.2233916939708,-61.4044623946286,-112.336150157733,-125.632372226779,-77.7545355658076
07-Nov-2024 19:49:13,5,71,0.0311190728098154,0.411453940471013,-0.0160089751084646,0.0930942465861638,0.016807259246707,0.0859067862232526,0.991801905632019,-80.0624329948089,-65.4656315308726,-44.4359481062951,-107.721430991266,-94.9895453468674,-57.9711241116712,-112.91216967417,-127.979444053706,-76.3388486248076
07-Nov-2024 19:49:26,5,72,0.0336718991398811,0.410860208670298,-0.0195954864223798,0.124933828413486,0.0219966887185971,0.104964072505633,0.986351974805196,-71.0981522694349,-63.8964459254804,-43.4944367430598,-109.172021286643,-92.3139513213333,-56.476408538365,-114.291675129909,-125.926126887737,-75.1552714812836
07-Nov-2024 19:50:09,5,73,0.0314856884380182,0.410034414132436,-0.0165507191171249,0.133295455574989,0.0283234030008316,0.102778912087282,0.985325634479523,-71.3227778181481,-39.5036303675212,-43.7104628143984,-110.448795381437,-92.1592311350146,-56.3373816102332,-114.444437615997,-123.823004218216,-75.0556394390216
07-Nov-2024 19:50:23,5,74,0.0329821666081746,0.410214652617772,-0.0199094014863173,0.152159844835599,0.0310279237727324,0.115010354916255,0.981150805950165,-62.3584970927741,-37.934444762129,-42.7689514511631,-111.899385676814,-89.4836371094805,-54.8426660369269,-115.823943071736,-121.769687052246,-73.8720622954976
07-Nov-2024 19:51:03,5,75,0.0344112147887548,0.409907076756159,-0.0214617535471916,0.170933470129967,0.0335506215691566,0.118769438564777,0.977522353331248,-62.7136695044436,-25.1784441804533,-25.0062088052148,-113.8630678719,-88.3684800035541,-55.0007947862078,-116.140077042649,-120.516467134501,-72.9304577026046
07-Nov-2024 19:51:17,5,76,0.0339005676408609,0.410577229658763,-0.0226680570592483,0.176361444592476,0.033707004537185,0.122517828146617,0.97608908812205,-53.7493887790696,-23.6092585750611,-24.0646974419795,-115.313658167277,-85.69288597802,-53.5060792129016,-117.519582498388,-118.463149968531,-71.7468805590806
07-Nov-2024 19:51:44,5,77,0.0335271586974462,0.408948185046514,-0.0112755164504051,0.193216613928477,0.0489484181006749,0.129865290721258,0.971291097005208,-30.0198346222176,-17.1216654815271,-14.7125704373877,-112.520794412508,-75.3975104122898,-44.437785800889,-117.842402211714,-119.434881426674,-60.3342896908721
07-Nov-2024 19:51:58,5,78,0.0379530198872089,0.407688874006271,-0.00734877012049158,0.161120609442393,0.0469180340568225,0.159674968322118,0.972801315784454,-34.7462621988586,-17.2590497305694,-14.795000986813,-104.577178368084,-73.9877771064418,-43.7466575728692,-121.037649819727,-116.984614938196,-59.1228948715374
07-Nov-2024 19:52:47,5,79,0.0323081175486247,0.404124486446381,-0.00433340817689896,0.123200939595699,0.0306375573078791,0.186860553423564,0.974148865540822,-59.9150530597605,-18.0872302355408,-39.32212371556,-98.7868352985868,-74.7681530304958,-48.4937404254962,-123.329554556533,-113.346872761774,-62.3969931898605
07-Nov-2024 19:53:01,5,80,0.0325884262720744,0.404980512460073,-0.000246076181792887,0.0939105331897736,0.0258131600916386,0.199602287014325,0.975024855136871,-64.6414806364014,-18.224614484583,-39.4045542649853,-90.8432192541627,-73.3584197246478,-47.8026121974765,-126.524802164545,-110.896606273296,-61.1855983705258
07-Nov-2024 19:53:52,5,81,0.0310858331620693,0.400195223093033,5.23756137530048e-05,0.0675412724415461,0.0123174561808507,0.24015092253685,0.968304701646169,-60.0140898551729,-59.1323968615902,-38.7343309040715,-83.3012396972022,-73.2687410337507,-47.8055895097801,-128.968378336955,-106.427601940847,-61.1669501200199
07-Nov-2024 19:54:06,5,82,0.0317702802519004,0.400969757636388,0.0033032156371822,0.0323672768970331,0.0051640013543268,0.254284705718358,0.966573826471965,-64.7405174318139,-59.2697811106325,-38.8167614534969,-75.3576236527781,-71.8590077279027,-47.1144612817603,-132.163625944967,-103.977335452369,-59.9555553006852
07-Nov-2024 19:54:51,5,83,0.0305864741404851,0.398271222909292,0.00522974415992697,0.000208694028939741,-0.0085606312379241,0.276988615592321,0.960835055510203,-64.6400358295201,-59.3173644236573,-37.9978650477526,-68.4398258520858,-70.9593017295302,-46.6953858239022,-134.233037835178,-101.342700041905,-59.490533765765
07-Nov-2024 19:55:04,5,84,0.0314494052280982,0.399197598298391,0.00941441903511683,-0.0428974248468876,-0.0170462188621362,0.288346056143443,0.956412982940674,-69.366463406161,-59.4547486726996,-38.080295597178,-60.4962098076617,-69.5495684236822,-46.0042575958825,-137.42828544319,-98.8924335534271,-58.2791389464303
07-Nov-2024 19:55:49,5,85,0.0363662083943685,0.400759023427963,0.00862630692621072,-0.0140368563433488,-0.0122964408248663,0.290344079335531,0.956740355491638,-66.9870726694711,-60.4203260035029,-37.5385687523731,-66.7202099833765,-67.0011529814755,-45.5672671663648,-139.643700065343,-104.095723421278,-61.5287604864331
07-Nov-2024 19:56:02,5,86,0.0395461437602838,0.404155053695043,0.0136056846007705,-0.00381177235394716,-0.00263858726248145,0.29506706794103,0.955465304851532,-67.9961365222486,-65.2558038023151,-39.9975053851529,-71.0063010372255,-63.222723885531,-43.7192503517663,-142.647032546396,-108.716197750122,-63.8801953842288
07-Nov-2024 19:56:48,5,87,0.045474994679292,0.407096383968989,0.00680159600451589,0.0146456541493535,-0.00660402455056707,0.29216114282608,0.956234176953634,-67.1609730802924,-63.3563313671226,-37.5061102791404,-75.8863466520074,-69.0593016164553,-46.7767467297083,-145.031406097999,-111.828079848469,-69.4557236031281
07-Nov-2024 19:57:01,5,88,0.0480189075072606,0.410453559954961,0.0117603683844209,0.0262016298870246,0.00343109088328977,0.29478521545728,0.955198097229004,-68.1700369330698,-68.1918091659348,-39.9650469119203,-80.1724377058563,-65.2808725205108,-44.9287299151098,-148.034738579052,-116.448554177313,-71.8071585009237
07-Nov-2024 19:57:47,5,89,0.0534513900677363,0.412549483776093,0.00570676395048698,0.0392997771501541,0.00243790890090168,0.301122303803762,0.952772263685862,-66.8319871384805,-65.6848118477444,-39.573817675304,-82.3555060401717,-72.2349468380008,-48.5334696967815,-150.65359159538,-118.964732390908,-75.9206400592712
07-Nov-2024 19:58:00,5,90,0.0546717358132203,0.415467578172684,0.00903217929104964,0.0504900398353736,0.0112006109207869,0.301634327570597,0.952019985516866,-67.8410509912579,-70.5202896465566,-42.0327543080839,-86.6415970940207,-68.4565177420563,-46.685452882183,-153.656924076434,-123.585206719752,-78.2720749570669
07-Nov-2024 19:58:47,5,91,0.0569567742447058,0.418316519260406,0.00536532653495669,0.051080834120512,0.00804386089245478,0.298929206530253,0.952873253822327,-69.551558020352,-67.5595298868676,-42.0166080061656,-88.9761767881029,-75.3693403528295,-51.0888143657197,-156.243016825124,-125.803532990972,-81.9545331851384
07-Nov-2024 19:59:00,5,92,0.0603906152149042,0.421257994572322,0.00817310058822234,0.0589546635746956,0.0153087691093485,0.303744079669317,0.950804686546326,-70.5606218731294,-72.3950076856798,-44.4755446389455,-93.2622678419518,-71.5909112568851,-49.2407975511213,-159.246349306178,-130.424007319816,-84.3059680829341
07-Nov-2024 19:59:49,5,93,0.0622669195135434,0.423904134829839,0.00619538150106867,0.0652910103400548,0.0173952081551154,0.305259786049525,0.949868921438853,-71.3954073140652,-71.9073667052413,-45.4719398043763,-96.7226032159174,-77.2831080142998,-53.2184698855906,-162.04106192105,-132.718407619848,-87.7729146458677
07-Nov-2024 20:00:02,5,94,0.0639554187655449,0.427369892597198,0.0083324059844017,0.0775739341974258,0.0252669889479876,0.307520767052968,0.948037374019623,-72.4044711668426,-76.7428445040536,-47.9308764371562,-101.008694269766,-73.5046789183554,-51.3704530709922,-165.044394402103,-137.338881948691,-90.1243495436634
07-Nov-2024 20:00:52,5,95,0.0642461587985357,0.430357414484024,0.00655994946137071,0.0885538329680761,0.0266272235661745,0.304928545157115,0.947875428199768,-73.3263958136992,-78.7667629132404,-48.6085423362616,-104.281907483674,-78.5115627490909,-56.4102808309279,-168.318416950066,-140.121319263129,-94.608540274028
07-Nov-2024 20:01:06,5,96,0.0572121120989323,0.430692595243454,0.0103285020838181,0.0637104014555613,0.0216003948201736,0.288945045073827,0.954979149500529,-80.9390532043784,-80.7269258048564,-49.6340692575718,-103.582064287016,-78.966017504113,-56.6829536839412,-162.49111722135,-139.178243896609,-94.18244806627
07-Nov-2024 20:01:57,5,97,0.053496198852857,0.430323374271393,0.0103388207654158,0.0502038252850374,0.0173986256122589,0.240569348136584,0.969176602363586,-87.2331409920971,-81.2813090016597,-50.3689608120447,-106.650782170387,-80.4381287224752,-56.9495488242216,-159.874162526088,-144.141150022885,-90.4727337747964
07-Nov-2024 20:02:11,5,98,0.0464730317393939,0.430766206979752,0.014405804562072,0.0291673642893632,0.0134551384175817,0.222475942969322,0.974408868948619,-94.8457983827763,-83.2414718932757,-51.3944877333549,-105.950938973729,-80.8925834774973,-57.2222216772348,-154.046862797372,-143.198074656364,-90.0466415670383
07-Nov-2024 20:03:00,5,99,0.0427690940598647,0.428551751375198,0.0169207315891981,0.0155053609982133,0.00900243570407232,0.178519111871719,0.983773124217987,-98.8741709719753,-85.6237449374853,-53.2496969712464,-106.535376317086,-79.0058664641894,-58.0918556738817,-149.674735585383,-143.032990036242,-88.5787383174225
07-Nov-2024 20:03:13,5,100,0.0357946914931138,0.428821974992752,0.0209773321946462,-0.00212074789063384,0.00602183537557721,0.160528723398844,0.987010502815247,-106.486828362654,-87.5839078291012,-54.2752238925566,-105.835533120428,-79.4603212192115,-58.364528526895,-143.847435856667,-142.089914669722,-88.1526461096644
07-Nov-2024 20:04:26,6,1,-0.022331436102589,0.311490474144618,0.00693723779792587,-0.00138373129690687,-0.00166516331179688,-0.00763978318621715,0.999968489011129,-6.22500000000001,-12.375,-5.02500000000001,-6.67500000000001,-11.85,-6.45000000000001,-6.67500000000001,-7.87500000000001,-8.925
07-Nov-2024 20:04:39,6,2,-0.0241752747446299,0.316469897826513,0.00523651347806056,0.00263722560678919,-0.00390814385997752,0.00259218729722003,0.999985551834106,-9.99226086472615,-16.0241342506353,-7.00809176789454,-11.0229104931283,-15.628522430449,-8.4977874693284,-12.4187898605399,-9.46023291800149,-9.87613975080089
07-Nov-2024 20:05:18,6,3,-0.0220911171287298,0.325327134132385,0.00577029933532079,-0.000633570734256258,-0.0039111421443522,0.00771194975823164,0.99996243317922,-19.1220217294523,-19.3357685012706,-12.8536835357891,-19.3083209862566,-19.5570448608979,-14.9705749386568,-21.5000797210798,-15.5079658360029,-14.6147795016017
07-Nov-2024 20:05:31,6,4,-0.0237738800545533,0.329541347424189,0.00500260420764486,0.00208890235517174,-0.00469809118658304,0.0160329076151053,0.999858276049296,-22.8892825941784,-22.9849027519059,-14.8367753036836,-23.6562314793849,-23.3355672913469,-17.0183624079852,-27.2438695816198,-17.0931987540044,-15.5659192524026
07-Nov-2024 20:06:10,6,5,-0.0250821826358636,0.336290742953618,0.00571250058710575,-0.0104839981844028,-0.00409027657782038,0.00874427960564693,0.999898457527161,-31.6627934589045,-27.0652870025413,-18.9761170715781,-29.2978919725132,-28.6140897217959,-20.1536498773135,-33.5314094421597,-22.7846816720058,-15.8608090032035
07-Nov-2024 20:06:23,6,6,-0.0268800986309846,0.340120520194372,0.00618146133298675,-0.0125064978996913,-0.00410909472654263,0.0149005607391397,0.99980233112971,-35.4300543236306,-30.7144212531766,-20.9592088394727,-33.6458024656415,-32.3926121522448,-22.2014373466419,-39.2751993026996,-24.3699145900073,-16.8119487540044
07-Nov-2024 20:07:03,6,7,-0.0259057992448409,0.346026702721914,0.00526523667698105,0.00121566310990602,-0.00453403688346346,0.00315188765525818,0.999984049797058,-40.7254401883567,-34.0541805038119,-23.3454256073672,-42.1655879587697,-36.9211345826938,-24.6429748159703,-43.8658641632395,-29.1332725080087,-20.1349635048052
07-Nov-2024 20:07:16,6,8,-0.0278847388923168,0.350592515865962,0.0044307727056245,0.00180522600809733,-0.0050930070069929,0.0106659030541778,0.999928545951843,-44.4927010530828,-37.7033147544472,-25.3285173752617,-46.5134984518981,-40.6996570131428,-26.6907622852987,-49.6096540237794,-30.7185054260102,-21.0861032556061
07-Nov-2024 20:07:56,6,9,-0.025298390413324,0.356002515554428,0.00468278157835205,0.00932784335066875,-0.00558459054057797,0.0206188263992469,0.999728326002757,-48.574024417809,-40.4477615050826,-27.4381716431562,-52.7973464450263,-44.0281794435918,-29.310424754627,-57.1018813843194,-34.6428008440117,-23.898180506407
07-Nov-2024 20:08:10,6,10,-0.0272577113161484,0.360261460145315,0.00328529888453583,0.0151777014136314,-0.00664903226618965,0.0273303726067146,0.999489156405131,-52.3412852825351,-44.0968957557179,-29.4212634110508,-57.1452569381546,-47.8067018740407,-31.3582122239554,-62.8456712448593,-36.2280337620131,-24.8493202572079
07-Nov-2024 20:08:50,6,11,-0.0256250746548176,0.364387234052022,0.00393837286780278,0.0050190278639396,-0.00529465436314543,0.0247434075921774,0.99966725508372,-58.8905773972612,-47.3686862563533,-31.4676364289453,-60.5861361812829,-51.4352243044897,-33.8419371932838,-66.9886798553992,-40.9327979300146,-27.1809287580087
07-Nov-2024 20:09:04,6,12,-0.0272328104823828,0.368848999341329,0.00219776049877206,0.0130650854979952,-0.00665364246815443,0.0308687126884858,0.999415938059489,-62.6578382619874,-51.0178205069886,-33.4507281968398,-64.9340466744112,-55.2137467349387,-35.8897246626122,-72.7324697159391,-42.5180308480161,-28.1320685088096
07-Nov-2024 20:09:46,6,13,-0.0235097988198201,0.370439451932907,0.00146247239317745,0.0337862399717172,-0.008216243237257,0.0489165070156256,0.998197503884633,-59.6180195148359,-51.3886619091271,-31.7351301788698,-68.3023938750796,-55.006610983247,-35.814630255227,-77.3346887246775,-43.8328436576232,-29.1853311945739
07-Nov-2024 20:09:59,6,14,-0.0261348600188891,0.373002523183823,-0.00150151922522734,0.0663831343253454,-0.00874967481940985,0.0324836341043313,0.99722695350647,-56.9871851426845,-49.8481751862656,-30.7378915358998,-76.774256700748,-54.7244752315552,-35.4465670978419,-76.8872983584159,-41.5628908422305,-27.8233595053383
07-Nov-2024 20:10:44,6,15,-0.0225481467942397,0.373891514539719,-0.00334630788614353,0.0984394003947576,-0.00896197302887837,0.0389367386698723,0.994340662161509,-53.2518585830331,-51.8133525259041,-29.9064732054298,-82.1693617139164,-54.8548394798635,-36.4249883154567,-78.5897126796543,-45.2853208393378,-30.3690050036026
07-Nov-2024 20:10:57,6,16,-0.0255267560482025,0.37638684908549,-0.00680501246824861,0.135954827070236,-0.0104090844591459,0.024541187658906,0.990356357892354,-50.6210242108817,-50.2728658030426,-28.9092345624597,-90.6412245395847,-54.5727037281718,-36.0569251580716,-78.1423223133927,-43.015368023945,-29.0070333143669
07-Nov-2024 20:11:43,6,17,-0.0242594132820765,0.376359035571416,-0.00925240591168404,0.18388163348039,-0.0118856604521473,0.0160809750358264,0.982744991779327,-46.0129437449803,-52.885211111431,-29.4949060757397,-97.5747084590031,-56.22181797648,-35.6121041881864,-77.0448342908811,-45.6916066148025,-31.0238702188812
07-Nov-2024 20:11:57,6,18,-0.027461389824748,0.379241762558619,-0.0139378822719057,0.221265045801799,-0.0141427020852764,0.00148250436565528,0.97511005004247,-43.3821093728289,-51.3447243885695,-28.4976674327697,-106.046571284671,-55.9396822247883,-35.2440410308013,-76.5974439246195,-43.4216537994097,-29.6618985296455
07-Nov-2024 20:12:46,6,19,-0.0266462088872989,0.379512405395508,-0.0154792624836167,0.272821452220281,-0.0152790289993087,-0.00114619967062026,0.961942692597707,-38.4126519538025,-55.405653681333,-30.0918838679246,-113.149244657215,-57.8981714730965,-36.7875989671661,-76.0500047302329,-45.5747966871422,-32.0143311372848
07-Nov-2024 20:12:59,6,20,-0.0283450358857711,0.38086754878362,-0.0181377233316501,0.255618784825007,-0.0145689950635036,-0.0182087774078051,0.966496364275614,-42.601221201246,-52.9936065631836,-29.1081394090559,-113.090270655754,-62.8575963528084,-39.489590507228,-70.6809095793903,-49.3524524077304,-34.1254380977849
07-Nov-2024 20:13:43,6,21,-0.0370258736113707,0.379496908187866,-0.0206793239961068,0.256303338209788,-0.0165945034474134,-0.0556574704746405,0.964849988619486,-44.120478925252,-55.4822674528467,-29.7951224892496,-114.671701927731,-64.9623337325202,-41.9473925941648,-64.6617900144851,-43.941655979881,-31.7937472067225
07-Nov-2024 20:13:56,6,22,-0.0382107054193815,0.38055145740509,-0.0248338780055443,0.240609529614449,-0.0129577957093716,-0.0753764087955157,0.967604013284047,-48.3090481726956,-53.0702203346974,-28.8113780303808,-114.612727926271,-69.9217586122321,-44.6493841342267,-59.2926948636424,-47.7193117004692,-33.9048541672225
07-Nov-2024 20:14:41,6,23,-0.0462836255629857,0.381035373608271,-0.027439741541942,0.231123143434525,-0.00547208472465475,-0.121413984398047,0.965303492546081,-52.8879616584204,-55.1335272204544,-31.9629973410433,-116.273956561529,-76.3038397419439,-47.004280947726,-52.8485875057685,-43.9027413468385,-32.6695622019413
07-Nov-2024 20:14:55,6,24,-0.0470571366449197,0.382133611043294,-0.031424335638682,0.215790868798892,0.00269154589623213,-0.142235309878985,0.966020826498667,-57.0765309058639,-52.721480102305,-30.9792528821745,-116.214982560068,-81.2632646216557,-49.7062724877879,-47.4794923549258,-47.6803970674267,-34.7806691624414
07-Nov-2024 20:15:41,6,25,-0.0519438070555528,0.38397224744161,-0.031435053050518,0.217367559671402,0.00337621420621872,-0.152068247397741,0.964165564378103,-59.8852722724481,-55.922109986109,-36.0381903080714,-118.741109876967,-85.5840176263676,-51.6347166645685,-47.7228911005675,-45.1109397509055,-33.1185766600508
07-Nov-2024 20:15:55,6,26,-0.059160104393959,0.386294982830683,-0.0332220986485481,0.229997726281484,-0.002414562428991,-0.155661712090174,0.960658419132233,-58.0019281931311,-61.190684890717,-38.475249326059,-122.539153659403,-89.275004316117,-53.2829815751269,-48.2888362787652,-41.5837906892137,-31.1577736948886
07-Nov-2024 20:16:42,6,27,-0.0543284426132838,0.388149360815684,-0.0422929252187411,0.244338315725327,1.66507237130039e-06,-0.144011608759562,0.958936647574107,-57.9036701733845,-54.0405982963013,-38.0086492864295,-125.079748101018,-93.9216550683665,-57.0194728040447,-51.2110284052051,-47.033085108967,-33.3853709982811
07-Nov-2024 20:16:55,6,28,-0.0614263370633125,0.390644019842148,-0.0437647881607215,0.257912037769953,-0.00806363845864932,-0.147578805685043,0.954796755313873,-56.0203260940675,-59.3091732009093,-40.4457083044172,-128.877791883454,-97.6126417581159,-58.6677377146031,-51.7769735834028,-43.5059360472752,-31.4245680331188
07-Nov-2024 20:17:41,6,29,-0.0571949705481529,0.391551828384399,-0.0502853815754255,0.286750706036886,-0.0126500987758239,-0.134851741790771,0.948382333914439,-52.9295250445358,-54.8434173560055,-39.2559377935963,-131.972110995479,-101.331460479115,-61.2851157843412,-53.4460422357215,-47.1670087263061,-33.8079652022339
07-Nov-2024 20:17:55,6,30,-0.0644739394386609,0.394322335720062,-0.0532028079032898,0.298288661241531,-0.0213074600944916,-0.137436259786288,0.94428870677948,-51.0461809652188,-60.1119922606134,-41.692996811584,-135.770154777915,-105.022447168865,-62.9333806948997,-54.0119874139193,-43.6398596646143,-31.8471622370717
07-Nov-2024 20:18:45,6,31,-0.0608068426450094,0.397018003463745,-0.0546648246546586,0.299913706382116,-0.0200591515749693,-0.13434727092584,0.944245866934458,-54.4841084007944,-60.7384017904654,-41.7916410651674,-138.541336225145,-109.027349874239,-65.8162021850479,-56.8544943291775,-49.7818214732843,-35.3584593390482
07-Nov-2024 20:18:59,6,32,-0.0564735951522986,0.396785245339076,-0.0617483784755071,0.310192410151164,-0.0166481389353673,-0.127808184425036,0.941896255811056,-48.7742777499069,-53.7783848902084,-38.2362760033935,-137.532284515406,-108.503842006063,-65.4790916393146,-55.9067482605338,-50.886114540708,-35.8352492611147
07-Nov-2024 20:19:23,6,33,-0.0637457822759946,0.39105167388916,-0.0579986587166786,0.312475198507309,-0.0151411586751541,-0.152189649144808,0.937533108393351,-36.2000828564658,-39.7722853025735,-25.6367035594176,-132.109801638064,-101.1622921457,-55.3342593833763,-44.0972830604206,-28.6999630433122,-21.4230892167507
07-Nov-2024 20:19:36,6,34,-0.0624182112514973,0.390730255842209,-0.0579189183811347,0.312553377946218,-0.0151099206879735,-0.150761968890826,0.937738184134165,-30.4902522055783,-32.8122684023165,-22.0813384976438,-131.100749928324,-100.638784277524,-54.9971488376429,-43.1495369917769,-29.804256110736,-21.8998791388173
07-Nov-2024 20:20:44,6,35,-0.0550832236806552,0.391242027282715,-0.0520807060102622,0.292115976413091,-0.0128906410808365,-0.132762584090233,0.947035495440165,-49.9982394334139,-53.9042101583705,-37.1038697447687,-132.759982634783,-104.056255413254,-59.2061774368071,-52.2209313573983,-46.4133268957501,-33.8321940776683
07-Nov-2024 20:20:58,6,36,-0.0515142078200976,0.390985345840454,-0.0576651550829411,0.301086793343226,-0.00974323954433203,-0.126970934867859,0.945055611928304,-44.2884087825265,-46.9441932581134,-33.5485046829949,-131.750930925044,-103.532747545078,-58.8690668910737,-51.2731852887547,-47.5176199631738,-34.3089839997349
07-Nov-2024 20:21:20,6,37,-0.0604542478919029,0.386895267168681,-0.0560964937011401,0.306088719765345,-0.0126477230340242,-0.149017717440923,0.940181974569956,-20.6624870710006,-22.435155686012,-16.1820877756706,-127.201021423403,-95.7547291788553,-51.3550259177892,-38.0100094372437,-29.2243018893927,-19.8135364301939
07-Nov-2024 20:21:33,6,38,-0.0569494388997555,0.386703874667486,-0.0570134234925111,0.306682395935059,-0.0122809973855813,-0.145365392168363,0.940565776824951,-14.9526564201132,-15.475138785755,-12.6267227138968,-126.191969713664,-95.2312213106793,-51.0179153720558,-37.0622633686001,-30.3285949568164,-20.2903263522604
07-Nov-2024 20:22:45,6,39,-0.0535177471737067,0.388973728815715,-0.0513971743484338,0.28739576737086,-0.00996915816018979,-0.131526212890943,0.948686043421427,-48.0102692657286,-52.5450738073711,-34.5028640056441,-130.229416987339,-101.88126046232,-56.5525418943661,-50.2882282341172,-44.6606290073688,-33.4915719527877
07-Nov-2024 20:22:59,6,40,-0.0441119881967703,0.389712619781494,-0.0517405480146408,0.286167335510254,-0.00120618487708271,-0.122823408742746,0.950274296601613,-47.3509276416626,-51.5145191649087,-33.8845312201666,-129.062293156964,-103.233554862984,-57.125633630452,-53.2469079910681,-52.4914686285237,-37.303936299119
07-Nov-2024 20:23:49,6,41,-0.0484717773894469,0.390948482354482,-0.0493723452091217,0.271821347872416,-0.000653571635484695,-0.133114298184713,0.953096707661947,-52.8250632524377,-27.3842093544848,-38.2134354733018,-130.422454878614,-105.209721639137,-60.2544927596501,-52.7142303023022,-53.2979054643774,-38.0857412725483
07-Nov-2024 20:24:03,6,42,-0.0397236118714015,0.392046169439952,-0.0502175092697144,0.270073099931081,0.0080320085088412,-0.123209943373998,0.954890235265096,-52.1657216283718,-26.3536547120224,-37.5951026878244,-129.25533104824,-106.562016039801,-60.827584495736,-55.6729100592531,-61.1287450855324,-41.8981056188795
07-Nov-2024 20:24:52,6,43,-0.0393228679895401,0.392945855855942,-0.0497117708126704,0.256498748064041,0.0129355841626724,-0.117777955035369,0.959254634380341,-54.8731186217265,-9.0482224855793,-39.4503884216534,-129.426849993877,-108.45124662821,-62.753559928378,-57.9359110933457,-64.5473833140367,-43.5951902787598
07-Nov-2024 20:25:05,6,44,-0.0295020656039317,0.394225929180781,-0.0503169357776642,0.253986934820811,0.0205536710719268,-0.107438376049201,0.96100218296051,-54.2137769976606,-8.0176678431169,-38.832055636176,-128.259726163503,-109.803541028874,-63.3266516644639,-60.8945908502966,-72.3782229351916,-47.407554625091
07-Nov-2024 20:25:56,6,45,-0.0279052662352721,0.394656391938527,-0.048464497178793,0.224013531208038,0.0227165733774503,-0.0971623609463374,0.969464492797852,-59.5878046823052,-2.37467440866411,-40.1255321103518,-126.336923721134,-112.92430352341,-65.5511852488278,-64.3304312458183,-76.2029618600213,-52.1872791281968
07-Nov-2024 20:26:10,6,46,-0.0187757565329472,0.396113534768422,-0.0482713632285595,0.22163211107254,0.0275490718583266,-0.0851324796676636,0.971016323566437,-58.9284630582393,-1.34411976620172,-39.5071993248744,-125.16979989076,-114.276597924075,-66.1242769849137,-67.2891110027692,-84.0338014811762,-55.999643474528
07-Nov-2024 20:26:38,6,47,-0.0106607637678583,0.396089516083399,-0.0477529021600882,0.232785360018412,0.0267356906086206,-0.051945731540521,0.970771777629852,-24.9094285879109,3.23791340896519,-17.1526156871976,-124.980675762564,-104.714032225921,-57.5915166585905,-72.9764772329312,-88.8561325872049,-48.4859329020939
07-Nov-2024 20:26:52,6,48,-0.00448315795511007,0.398497168223063,-0.0436546822388967,0.228661481539408,0.0216773636639118,-0.0179263299951951,0.973099466164907,-24.2487094632286,2.96372718813694,-17.3171274196945,-121.794390940364,-102.89223248083,-56.7080354081282,-81.5002631438079,-93.6565140413962,-50.9135422512723
07-Nov-2024 20:27:49,6,49,0.0011709970034038,0.397180620829264,-0.0319234063227971,0.1820831934611,0.0194482543816169,0.00349799500157436,0.983084579308828,-60.3838326657246,6.09265066530628,-42.447091467105,-116.431686465167,-106.425049759208,-57.9999146197355,-85.2308392143272,-96.8178703215063,-59.6954916396444
07-Nov-2024 20:28:02,6,50,0.00904108465959628,0.399931913614273,-0.0299654595553875,0.179968006412188,0.0184555935362975,0.0340171985328197,0.982910827795665,-59.7231135410422,5.81846444447803,-42.6116031996019,-113.245401642968,-104.603250014118,-57.1164333692732,-93.7546251252038,-101.618251775698,-62.1231009888229
07-Nov-2024 20:29:02,6,51,0.0197839026649793,0.40070517261823,-0.0312091022729874,0.165579877297084,0.0126639531925321,0.0850183809796969,0.982443312803904,-56.460315579949,-56.3541669273525,-18.9588410895552,-110.020906994269,-106.133758780762,-56.1206323498456,-103.331806115902,-105.599120642848,-66.6778803575982
07-Nov-2024 20:29:15,6,52,0.0280110056201617,0.404746095339457,-0.0289838167528311,0.160379911462466,0.0116463454440236,0.12425166418155,0.979134408632914,-55.7995964552666,-56.6283531481807,-19.1233528220522,-106.83462217207,-104.311959035671,-55.2371510993834,-111.855592026778,-110.39950209704,-69.1054897067767
07-Nov-2024 20:29:49,6,53,0.040269328157107,0.404664260149002,-0.0207235511392355,0.129026835163434,0.0105570114528139,0.167073448499044,0.977408377329508,-28.833274876969,-26.1156378195361,-8.25758733720655,-101.840538783003,-101.997852942392,-47.7597014288259,-117.4968349981,-114.492559094789,-73.7818217507086
07-Nov-2024 20:30:02,6,54,0.0432358550528685,0.406372972329458,-0.018785160407424,0.124313707153002,0.0119707908481359,0.179492975274722,0.975799707571665,-34.817992716878,-28.2536999153914,-9.52545877363275,-98.3655603071852,-98.3075925932447,-46.113411642751,-121.711380429511,-116.820372386059,-75.1445687848421
07-Nov-2024 20:30:30,6,55,0.0552967466413975,0.405724986394246,-0.00826932191848755,0.0920049071311951,0.0114113418385386,0.216758687297503,0.971813023090363,-23.9521908476836,-14.0663732989967,-4.72651174942303,-89.6310293747429,-86.6054093720314,-41.8515419144348,-125.514274630878,-120.330807530569,-75.6141083238748
07-Nov-2024 20:30:44,6,56,0.0595755172272523,0.406627686818441,-0.00580223711828391,0.0755215629935265,0.00900673177093267,0.237524452805519,0.968399441242218,-29.9369086875926,-16.204435394852,-5.99438318584923,-86.1560508989253,-82.9151490228845,-40.20525212836,-129.728820062289,-122.658620821839,-76.9768553580083
07-Nov-2024 20:31:16,6,57,0.0664563899238904,0.408351741234461,-0.00232958624449869,0.0610367625951767,0.0021655507851392,0.258020790417989,0.964206981658936,-27.6463666729499,-10.7798031345823,-4.22884539195747,-83.7262961947954,-82.2689272377044,-37.2511723711644,-134.937539878677,-126.027745039729,-82.1679986445914
07-Nov-2024 20:31:30,6,58,0.0708134075005849,0.410222258170446,-0.000742555328179151,0.0483020221193632,-0.00221367611860236,0.273924672603607,0.960534926255544,-33.6310845128589,-12.9178652304375,-5.49671682838367,-80.2513177189778,-78.5786668885575,-35.6048825850895,-139.152085310089,-128.355558330998,-83.5307456787249
07-Nov-2024 20:32:13,6,59,0.0745342502991358,0.412114840745926,0.00119976517744362,0.031135755777359,-0.0207551002502441,0.278418385982513,0.959730712572734,-59.7781724254918,-10.8245801482303,-5.24788364965088,-79.773951129004,-74.235425821394,-50.7046978134543,-140.638717933988,-132.929027085578,-85.9076908390832
07-Nov-2024 20:32:26,6,60,0.0768104881048202,0.414708052078883,0.00747030877197782,0.0067474194491903,-0.0277869261801243,0.284143954515457,0.958355124791463,-65.7628902654008,-12.9626422440856,-6.51575508607708,-76.2989726531865,-70.5451654722471,-49.0584080273794,-144.8532633654,-135.256840376848,-87.2704378732167
07-Nov-2024 20:33:27,6,61,0.0787946487466494,0.416296289364497,0.00986935632924239,-0.000147030496251925,-0.030621229360501,0.296071616808573,0.954674772421519,-65.6287931416719,-64.1350307509102,-34.7752742149236,-75.5978001202908,-69.8284147640919,-51.2851707485243,-147.703852393055,-139.082481399773,-91.0152839704626
07-Nov-2024 20:33:40,6,62,0.0810509517788887,0.419416912396749,0.0153300988177458,-0.0265159703791141,-0.0407630900541941,0.298325580358505,0.953224579493205,-71.6135109815809,-66.2730928467655,-36.0431456513498,-72.1228216444732,-66.138154414945,-49.6388809624494,-151.918397824466,-141.410294691043,-92.3780310045961
07-Nov-2024 20:34:32,6,63,0.0821399718523026,0.421297373374303,0.01314754417787,-0.0361010203758876,-0.0647834931810697,0.305854775508245,0.949185299873352,-71.4638213396709,-68.6283181481057,-35.0568409339862,-71.6097461401165,-70.0096488862939,-53.3791174299843,-154.550965053999,-144.71202184814,-94.7068275702858
07-Nov-2024 20:34:46,6,64,0.084350490073363,0.42441154718399,0.0182331555833419,-0.0626389995217323,-0.0788883899648984,0.304782658815384,0.947080000241597,-77.4485391795799,-70.766380243961,-36.3247123704124,-68.134767664299,-66.319388537147,-51.7328276439095,-158.765510485411,-147.03983513941,-96.0695746044193
07-Nov-2024 20:35:42,6,65,0.083051930864652,0.427570740381877,0.0133817349250118,-0.0683367083470027,-0.0911107063293457,0.300706074635188,0.946892209847768,-81.1910532785795,-71.8880239425586,-37.2154957299437,-72.3657406742118,-72.710005598248,-56.6798009846396,-161.814066815883,-149.779605363594,-96.9403464043309
07-Nov-2024 20:35:56,6,66,0.0830858513712883,0.430558947722117,0.0191672995686531,-0.0929280211528142,-0.098027536769708,0.302384642759959,0.943566910425822,-87.1757711184885,-74.0260860384139,-38.4833671663699,-68.8907621983942,-69.0197452491011,-55.0335111985647,-166.028612247294,-152.107418654864,-98.3030934384644
07-Nov-2024 20:36:49,6,67,0.0810089692473412,0.43363223473231,0.0141826558858156,-0.0870999857783318,-0.103119634091854,0.299922480185827,0.944365652402242,-89.6393870879427,-76.8559389356404,-38.7376945643487,-75.5687594654418,-48.9199236050784,-59.8338529758926,-169.660163128235,-155.391210412591,-99.419852855487
07-Nov-2024 20:37:02,6,68,0.0827987556656202,0.436712157726288,0.0201226926098267,-0.106876169641813,-0.108599206308524,0.299682901302973,0.941792829831441,-95.6241049278517,-78.9940010314957,-40.0055660007749,-72.0937809896243,-45.2296632559315,-58.1875631898178,-173.874708559647,-157.71902370386,-100.782599889621
07-Nov-2024 20:37:29,6,69,0.0853513459364573,0.439575703938802,0.0153026750311255,-0.131968756516775,-0.143072665731112,0.317151631911596,0.92818603515625,-95.7982718325334,-54.4029585280358,-28.8416654179775,-52.6952903852394,-34.0096222593466,-36.739589185444,-180.872756715823,-161.949826228359,-88.2223531151987
07-Nov-2024 20:37:43,6,70,0.0806188056866328,0.438016337156296,0.0170485494037469,-0.135948294401169,-0.141572461525599,0.313852653900782,0.928962651888529,-95.7351641747728,-57.3968136374127,-30.1081576410659,-55.1062696578637,-31.705268943346,-35.3569771958437,-173.05955494926,-158.14527889932,-86.0896441190793
07-Nov-2024 20:38:50,6,71,0.0640979439020157,0.429899563392003,0.0195650324225426,-0.303574434916178,0.779216678937276,0.0612909935414791,0.544892092545827,-97.6417810493985,-75.8261164471323,-43.4587638545423,-63.3554928662042,-73.7110253036271,-58.2735230970942,-160.413104545079,-155.742226186896,-87.0454382186821
07-Nov-2024 20:39:04,6,72,0.0597399177650611,0.426737570762634,0.0211607374250889,-0.2702751994133,0.791278310616811,0.0482391158739726,0.54635423819224,-97.5786733916379,-78.8199715565092,-44.7252560776307,-65.7664721388285,-71.4066719876265,-56.8909111074939,-152.599902778516,-151.937678857857,-84.9127292225627
07-Nov-2024 20:39:55,6,73,0.0591954223811626,0.421150042613347,0.0209867109855016,-0.246311364571253,0.800623699029287,0.0357045677800973,0.545029922326406,-97.8254280000704,-73.9315505160572,-40.6338052959132,-68.396573379311,-71.0073735097669,-52.807878063319,-148.670076693144,-147.483878837125,-84.0242717743044
07-Nov-2024 20:40:09,6,74,0.0515949827929338,0.419929814338684,0.0231899408002694,-0.225641721487045,0.808249811331431,0.0310717514405648,0.543003300825755,-97.7623203423098,-76.9254056254341,-41.9002975190016,-70.8075526519352,-68.7030201937663,-51.4252660737186,-140.85687492658,-143.679331508087,-81.891562778185
07-Nov-2024 20:41:00,6,75,0.0498676451543967,0.414150925477346,0.0219258718192577,-0.201741712292035,0.817450904846191,0.00438160474101702,0.539495309193929,-100.329143817646,-70.8781226598965,-43.037818239687,-66.9530929084887,-70.5011942968364,-49.517443556831,-134.310361000612,-141.800157833201,-79.6309795559961
07-Nov-2024 20:41:13,6,76,0.0436732726792494,0.413106745481491,0.0229450799524784,-0.180556387702624,0.822445464134216,0.00203857044689357,0.539424459139506,-100.266036159885,-73.8719777692734,-44.3043104627754,-69.364072181113,-68.1968409808358,-48.1348315672306,-126.497159234049,-137.995610504163,-77.4982705598767
07-Nov-2024 20:42:05,6,77,0.0366734070082506,0.408540006478628,0.0227266280601422,-0.142805554469426,0.833327988783518,-0.017985420798262,0.533711127440135,-101.817894068673,-72.495263841193,-43.5563169346624,-70.0673319457018,-68.6187513743707,-47.9896143139867,-119.842301387784,-133.803750002201,-74.6266244507226
07-Nov-2024 20:42:19,6,78,0.0311987247318029,0.407464746634165,0.0248512048274279,-0.119688084721565,0.837334489822388,-0.0221869967877865,0.532966669400533,-101.754786410912,-75.4891189505699,-44.8228091577508,-72.4783112183261,-66.3143980583701,-46.6070023243863,-112.02909962122,-129.999202673162,-72.4939154546032
07-Nov-2024 20:43:09,6,79,0.0230061997969945,0.401507316033045,0.023962531859676,-0.082929236193498,0.845016916592916,-0.026860224455595,0.52758670647939,-98.6741615364257,-75.4726895412182,-44.7070585052384,-72.5354307369327,-65.2981765971373,-46.7430877029642,-105.920069814806,-125.025998757662,-70.5167379019664
07-Nov-2024 20:43:22,6,80,0.0190033360073964,0.400972205400467,0.0240000353505214,-0.0598167364796003,0.847307785352071,-0.028224615752697,0.526967577139537,-98.611053878665,-78.4665446505951,-45.9735507283268,-74.946410009557,-62.9938232811367,-45.3604757133639,-98.1068680482424,-121.221451428623,-68.384028905847
07-Nov-2024 20:44:14,6,81,0.00801891833543777,0.397389499346415,0.0278477141012748,-0.0186525672674179,0.848120963573456,-0.0552046537399292,0.526588451862335,-101.239187612541,-82.3552575006077,-46.6239215136149,-75.9554594051724,-63.4335358925201,-45.4872124078527,-89.4957522617535,-116.457575806354,-66.6290856314689
07-Nov-2024 20:44:28,6,82,0.00370444480019311,0.396725849310557,0.0295542443792025,0.00871166760722796,0.847772578398387,-0.0595032836000125,0.526939459641774,-101.176079954781,-85.3491126099846,-47.8904137367032,-78.3664386777967,-61.1291825765195,-44.1046004182523,-81.6825504951902,-112.653028477315,-64.4963766353495
07-Nov-2024 20:45:20,6,83,-0.00624808653568228,0.393548440933228,0.0339117375512918,0.035583233833313,0.846512333552043,-0.0712121029694875,0.526383539040883,-101.258592992839,-89.7653965896794,-48.1738452408915,-79.3264530119166,-58.5468622242109,-45.1266627706967,-76.620391718664,-108.068817001661,-61.2775505001007
07-Nov-2024 20:45:33,6,84,-0.0110669527202845,0.39421611626943,0.0404349230229855,0.0255149247745673,0.848551007111867,-0.071358397603035,0.523658446470896,-100.105599936439,-95.8629478084854,-51.3970244175427,-76.2169508903942,-60.2908978966927,-46.1730841741858,-78.0072892180832,-101.869305723534,-58.3521984282857
07-Nov-2024 20:46:24,6,85,-0.0203332776824633,0.392635009686152,0.0436177395284176,-0.000243151245861858,0.853795615832011,-0.0825332909822464,0.514024615287781,-102.175417227948,-101.39671346245,-56.4536732347438,-72.2319662996195,-57.6209500510204,-44.8968427486972,-79.4197082125209,-96.3299623721003,-52.8587877869061
07-Nov-2024 20:46:38,6,86,-0.0269404632349809,0.393657281001409,0.0501052960753441,-0.00838998636851708,0.857008814811707,-0.0831733852624893,0.50847585995992,-101.022424171548,-107.494264681257,-59.676852411395,-69.1224641780971,-59.3649857235023,-45.9432641521863,-80.8066057119401,-90.1304510939738,-49.9334357150911
07-Nov-2024 20:47:27,6,87,-0.036139053106308,0.392203050851822,0.0542398939530055,-0.0212475514660279,0.860422186056773,-0.097065790494283,0.499800431728363,-103.055836289103,-111.359923117642,-65.0167664083212,-66.5502208219486,-56.8020296369069,-44.0283541411864,-79.8062639588685,-82.3860237791936,-47.4490543584937
07-Nov-2024 20:47:41,6,88,-0.0413264234860738,0.393447726964951,0.0594799511134625,-0.0316258013248444,0.864130393664042,-0.0963321591416995,0.492948877811432,-101.902843232703,-117.457474336448,-68.2399455849724,-63.4407187004262,-58.5460653093888,-45.0747755446756,-81.1931614582877,-76.1865125010672,-44.5237022866787
07-Nov-2024 20:48:27,6,89,-0.0518769152462482,0.392230327924093,0.0653275395433108,-0.0387447506189346,0.869747050603231,-0.0952762087186178,0.482660748561223,-100.99305276328,-120.939079164044,-73.6464921717611,-62.0998459615907,-55.5116051023318,-43.4405312409201,-80.4864393314615,-65.2395432046139,-41.8188355724725
07-Nov-2024 20:48:41,6,90,-0.0512853105862935,0.390782097975413,0.0691322430968285,-0.0638103996713956,0.87112922668457,-0.110440656046073,0.474199287096659,-99.3826364694253,-118.325622466624,-72.3935601660067,-53.7240107473821,-56.049568531886,-43.7633092986525,-81.8923972079918,-65.9705054824285,-42.2381130543352
07-Nov-2024 20:49:28,6,91,-0.0384419456124306,0.388489925861359,0.0634368444482485,-0.10539397050937,0.873513599236806,-0.0913926233847936,0.466383467117945,-96.6938214690594,-119.954192573599,-61.0573118653211,-50.1324902245169,-52.5482840216705,-41.0207545027626,-87.2015452713993,-65.6027387510796,-43.2176332150023
07-Nov-2024 20:49:42,6,92,-0.0372848498324553,0.388530910015106,0.063538787762324,-0.116314709186554,0.873769827683767,-0.0915933926900228,0.463257890939713,-95.0834051752048,-117.34073587618,-59.8043798595666,-41.7566550103084,-53.0862474512247,-41.3435325604951,-88.6075031479295,-66.3337010288941,-43.636910696865
07-Nov-2024 20:50:34,6,93,-0.031979246934255,0.387245428562164,0.0583175828059514,-0.119928027689457,0.873596473534902,-0.0769943038622538,0.465315320094426,-94.2837895280945,-116.023292580957,-62.2847897063466,-48.7479771417713,-51.8295869108939,-41.1086441914163,-90.1650561178984,-69.1402988021269,-43.5113095181299
07-Nov-2024 20:50:48,6,94,-0.0362269865969817,0.387173773845037,0.0618245196839174,-0.110654929776986,0.873970937728882,-0.0929780860741933,0.463988431294759,-96.0935269023147,-116.56524863447,-62.3240064941255,-45.451304419243,-49.5119745211185,-39.7180767575511,-82.0512137937034,-65.5720541712124,-41.4954259636951
07-Nov-2024 20:51:37,6,95,-0.0439026529590289,0.38434699177742,0.0604537680745125,-0.0689135362704595,0.866523651281993,-0.13327309191227,0.476052514712016,-99.8836645999069,-107.030211389082,-55.4548942081718,-47.0632103695506,-50.1970501464008,-39.3236761102802,-74.6881690162277,-59.5916272880071,-40.3321030789614
07-Nov-2024 20:51:50,6,96,-0.0484995938837528,0.383595750729243,0.0629793504873912,-0.0536671640972296,0.863893377780914,-0.156243620316188,0.475810875495275,-101.693401974127,-107.572167442595,-55.4941109959507,-43.7665376470223,-47.8794377566254,-37.933108676415,-66.5743266920327,-56.0233826570926,-38.3162195245266
07-Nov-2024 20:52:42,6,97,-0.055353382229805,0.380540553728739,0.0664004474878311,-0.0177429595341285,0.855616943041484,-0.188500994443893,0.48173879981041,-104.118339510033,-103.375626846658,-63.9291632468633,-43.824154260912,-47.2881693743789,-35.8406246358469,-56.5108831411974,-53.1990469000327,-35.0016163049424
07-Nov-2024 20:52:55,6,98,-0.0593542203307152,0.380051936705907,0.0688993478814761,-0.00666777935499946,0.851772717634837,-0.207926070690155,0.480838354428609,-105.928076884253,-103.917582900171,-63.9683800346422,-40.5274815383837,-44.9705569846035,-34.4500572019817,-48.3970408170024,-49.6308022691182,-32.9857327505076
07-Nov-2024 20:53:55,6,99,-0.065864701072375,0.380926398436228,0.0715073610345523,-0.00686161754031976,0.854058456420898,-0.207167618473371,0.477093992630641,-106.545414339317,-114.165290628959,-66.930514553988,-42.9579534840646,-46.7411165985927,-35.4085314647651,-49.9583978794872,-46.509512075131,-30.2454893634981
07-Nov-2024 20:54:08,6,100,-0.0709938352306684,0.381059841314952,0.0739019225041072,0.00429937910909454,0.850400733947754,-0.22399277985096,0.476053889592489,-108.355151713537,-114.707246682472,-66.9697313417669,-39.6612807615362,-44.4235042088173,-34.0179640308999,-41.8445555552922,-42.9412674442165,-28.2296058090633
07-Nov-2024 20:55:21,7,1,-0.0217458296567202,0.313074054320653,0.00558386479193966,0.0170565813779831,0.86323964993159,0.0213634287317594,0.504053608576457,-8.10000000000001,-15.3749999999999,-5.25000000000001,-7.27500000000001,-12.3,-7.05000000000001,-6.97500000000001,-8.32500000000001,-9.075
07-Nov-2024 20:55:34,7,2,-0.018719944357872,0.317764421304067,0.00409590664009253,0.00431649681801597,0.861353540420532,0.0540967643260956,0.505099046230316,-7.97335709982711,-16.2365449943725,-5.56187993627053,-12.829699284129,-11.111094087284,-6.33665645237046,-14.5399124980648,-10.4417781658973,-10.0144948710836
07-Nov-2024 20:56:16,7,3,-0.0169560607522726,0.324468529224396,0.00271597253158689,-0.00551363710934917,0.859821041425069,0.0752945512533188,0.504983381430308,-10.3967141996542,-21.4855899887449,-9.99875987254106,-20.1468985682581,-18.697188174568,-10.7983129047409,-24.3173249961295,-15.3710563317946,-15.1914897421671
07-Nov-2024 20:56:30,7,4,-0.0142928110435605,0.327824606498082,0.00206069615669549,-0.0182491822789113,0.85788121620814,0.0974321623643239,0.50419621070226,-10.2700712994813,-22.3471349831174,-10.3106398088116,-25.7015978523871,-17.5082822618521,-10.0849693571113,-31.8822374941942,-17.4878344976919,-16.1309846132507
07-Nov-2024 20:57:14,7,5,-0.0147827821473281,0.333680719137192,0.000483562434480215,-0.02953157077233,0.855260558923086,0.119975460569064,0.503252593676249,-12.6184283993083,-25.4024299774899,-14.4850197450821,-31.6875471365161,-25.281876349136,-15.3341258094817,-42.503399992259,-19.3608626635892,-19.6392294843342
07-Nov-2024 20:57:27,7,6,-0.0118249479681253,0.337884442011515,-0.000678934537184735,-0.0417875165740649,0.85158367951711,0.146492343147596,0.501596558094025,-12.4917854991354,-26.2639749718625,-14.7968996813526,-37.2422464206452,-24.0929704364201,-14.6207822618521,-50.0683124903237,-21.4776408294864,-20.5787243554178
07-Nov-2024 20:58:13,7,7,-0.0121599571158489,0.342620400587718,-0.00315763307735324,-0.0399756401777267,0.848871695995331,0.165764975547791,0.500340716044108,-13.3776425989625,-28.747394966235,-17.5650296176231,-43.2375707047742,-30.5353145237044,-19.2136887142225,-56.6113499883885,-26.7725439953837,-21.7525942265014
07-Nov-2024 20:58:27,7,8,-0.0100900614634156,0.346561706066132,-0.00417212092628082,-0.0469888267417749,0.845045614242554,0.190264934301376,0.497482951482137,-13.2509996987896,-29.6089399606075,-17.8769095538936,-48.7922699889032,-29.3464086109885,-18.5003451665929,-64.1762624864532,-28.889322161281,-22.692089097585
07-Nov-2024 20:59:16,7,9,-0.0110060184573134,0.350876092910767,-0.00492691978191336,-0.0511058169106642,0.843928440411886,0.194012448191643,0.49752604564031,-16.0306067986167,-34.35642245498,-20.0169144901641,-52.9922817730322,-36.398127698273,-23.8151266189633,-69.505237484518,-32.7451628271783,-23.6737714686685
07-Nov-2024 20:59:29,7,10,-0.00879674653212229,0.355150151252747,-0.00591799890001615,-0.0577349650363127,0.839684454600016,0.218705228964488,0.493725353479385,-15.9039638984438,-35.2179674493525,-20.3287944264346,-58.5469810571613,-35.209221785557,-23.1017830713337,-77.0701499825827,-34.8619409930755,-24.6132663397521
07-Nov-2024 21:00:16,7,11,-0.00883841402828693,0.35728040933609,-0.00436174462859829,-0.0381266598900159,0.845520853996277,0.198873257637024,0.494054992993673,-22.0822403721027,-21.2526206341391,-21.6781434742231,-61.9440572093189,-39.97397758951,-24.9275115537053,-75.189024397833,-38.5920052021597,-28.2665708996895
07-Nov-2024 21:00:29,7,12,-0.00588229317218065,0.358573224147161,-0.00810998013863961,-0.00875047203153372,0.846567245324453,0.198684777816137,0.493732466300329,-22.7573918457617,-20.9443050689255,-21.6634300220115,-65.5684771114766,-41.3684208934625,-25.7641775360768,-69.0258675630833,-44.8275381612439,-31.5237817096268
07-Nov-2024 21:01:20,7,13,-0.00287525258027017,0.358311905463537,-0.00592361226057013,0.0220905433098475,0.852486606438955,0.188634871443113,0.487027233839035,-23.5591058194207,-36.1574738787118,-21.8057478198,-68.4792251386342,-40.5480204474152,-26.1203747684483,-66.6537263533336,-50.9353367453281,-35.1290393945642
07-Nov-2024 21:01:33,7,14,0.00153202192547421,0.359709239006042,-0.00863914346943299,0.0425737912456195,0.853781553109487,0.18918149570624,0.483171782890956,-24.2342572930797,-35.8491583134983,-21.7910343675885,-72.1036450407919,-41.9424637513678,-26.9570407508199,-60.4905695185839,-57.1708697044123,-38.3862502045015
07-Nov-2024 21:02:21,7,15,-0.00127319846457491,0.358044415712357,-0.00313420492845277,0.0421269079049428,0.856917655467987,0.170264859994253,0.484693117936452,-25.9599223099603,-40.259866717679,-23.1272114246781,-69.2526923480788,-39.2618251138601,-26.9878763183153,-60.8881589147583,-56.4527359322769,-37.190818673433
07-Nov-2024 21:02:34,7,16,-0.00623859679326415,0.35831619699796,0.00577522103364269,0.0325417493780454,0.85927810271581,0.145754037300746,0.489221783479055,-30.3223060768409,-45.6848329343598,-25.8848728567677,-63.9085755928657,-39.7136083513525,-27.2589462608107,-60.7402404984327,-54.0734693476414,-36.0463637048645
07-Nov-2024 21:03:19,7,17,-0.00813940099130074,0.356268495321274,0.00550815376142661,0.0127437646190325,0.860785484313965,0.116892248392105,0.495199183622996,-33.2913304687216,-43.9276702447906,-24.9317921013574,-60.7860408689026,-38.8991806513448,-25.3098990158062,-59.9650759883571,-52.5997691692559,-34.876420455046
07-Nov-2024 21:03:32,7,18,-0.0124066595608989,0.356674085060755,0.0133374025424321,0.00285554529788593,0.862052313486735,0.0937568470835686,0.498063504695892,-37.6537142356022,-49.3526364614714,-27.689453533447,-55.4419241136895,-39.3509638888372,-25.5809689583016,-59.8171575720314,-50.2205025846205,-33.7319654864776
07-Nov-2024 21:04:18,7,19,-0.0163536335031191,0.357148494323095,0.0160182176778714,-0.0161582859853903,0.862873534361521,0.0578933887183666,0.501833236217499,-43.3444183149828,-53.2115382250271,-29.9417438717866,-53.0835983741013,-37.8946416575795,-26.2419803070471,-60.4056161088308,-46.34401920311,-32.7997663772841
07-Nov-2024 21:04:32,7,20,-0.0212530266493559,0.358460696538289,0.0234361790120602,-0.0198867201805115,0.86339529355367,0.0369756343464057,0.502778188387553,-47.7068020818635,-58.6365044417079,-32.6994053038762,-47.7394816188882,-38.3464248950719,-26.5130502495425,-60.2576976925052,-43.9647526184745,-31.6553114087156
07-Nov-2024 21:05:17,7,21,-0.0260976711908976,0.357068880399068,0.0280085562417905,-0.0477272279560566,0.866608969370524,-0.00254124474401275,0.496693646907806,-53.7833460049941,-64.4784384318261,-35.5793811890909,-41.0382603714877,-37.6191553981892,-26.229090895163,-59.8779677527421,-43.3868776354016,-28.9669843698346
07-Nov-2024 21:05:31,7,22,-0.030492772658666,0.357767802476883,0.0376757015784581,-0.062776280939579,0.867398687203725,-0.0289176205794017,0.492790474494298,-58.1457297718747,-69.9034046485069,-38.3370426211805,-35.6941436162746,-38.0709386356816,-26.5001608376584,-59.7300493364165,-41.0076110507661,-27.8225294012661
07-Nov-2024 21:06:16,7,23,-0.0350488275289536,0.35710716843605,0.0416808853546778,-0.084117865562439,0.868268855412801,-0.0715871642033259,0.48364106019338,-64.7901936168803,-73.8868547519064,-42.5808612798326,-29.2214746149677,-37.1831955059864,-26.8687161317164,-58.5662251583721,-35.9290402669119,-27.6311383975414
07-Nov-2024 21:06:30,7,24,-0.03993982548515,0.359037230412165,0.0519136185447375,-0.0940066203474998,0.868649824460347,-0.0974576726555824,0.476562919219335,-69.1525773837609,-79.3118209685872,-45.3385227119222,-23.8773578597546,-37.6349787434788,-27.1397860742118,-58.4183067420465,-33.5497736822765,-26.4866834289729
07-Nov-2024 21:07:20,7,25,-0.0454565584659576,0.360283545653025,0.0481583093603452,-0.0685250932971637,0.869111955165863,-0.108912778894107,0.477584320306778,-72.7465479256206,-82.4373152732355,-47.8517646184372,-29.6763962024243,-38.8978830918723,-29.1643996285759,-53.6673573834629,-34.3279355485302,-25.0616595069156
07-Nov-2024 21:07:33,7,26,-0.0508817444245021,0.362442735830943,0.0475368974109491,-0.0467875433464845,0.869486959775289,-0.0979317093888919,0.481884560982386,-73.3994784284178,-84.6335676345245,-48.796927911671,-35.8147106681408,-37.4555506238596,-28.2902705071589,-50.9993609057386,-29.3307495143934,-22.4101036024365
07-Nov-2024 21:08:28,7,27,-0.0503605768084526,0.363114029169083,0.0471853598952293,-0.00551547889287273,0.863289093971252,-0.0915099163850149,0.496313901742299,-73.1229289507463,-87.5194409674932,-50.5261305115454,-41.7083870723339,-40.4408365640501,-29.6905127236324,-47.9648879875846,-34.4212374304517,-25.6218136891683
07-Nov-2024 21:08:41,7,28,-0.0563092522323132,0.365433253844579,0.0463328319291274,0.0150865707546473,0.861757783095042,-0.0809512078762054,0.500592505931854,-73.7758594535435,-89.7156933287822,-51.4712938047792,-47.8467015380504,-38.9985040960374,-28.8163836022153,-45.2968915098603,-29.4240513963149,-22.9702577846891
07-Nov-2024 21:09:38,7,29,-0.0545056007802486,0.365677899122238,0.045420219997565,0.0528426912923654,0.853678508599599,-0.0754592513044675,0.512588135401408,-73.6640499661063,-91.656756175911,-52.7334767513334,-54.3126969730051,-41.9449808321265,-30.9544401497437,-43.5706568119212,-35.095702337276,-26.7753348758154
07-Nov-2024 21:09:52,7,30,-0.0602378557125727,0.367889728148778,0.0449980102479458,0.0693743969003359,0.851289772987366,-0.0661673903465271,0.515863116582235,-74.3169804689036,-93.8530085372,-53.6786400445671,-60.4510114387216,-40.5026483641137,-30.0803110283266,-40.9026603341969,-30.0985163031391,-24.1237789713363
07-Nov-2024 21:10:49,7,31,-0.0600605378548304,0.369973643620809,0.04733585541447,0.0851262365778287,0.845307850837708,-0.0779808168609937,0.521658146381378,-78.3826406865131,-97.6347565087225,-56.9423632611093,-62.7545669295575,-45.2965286128308,-32.7991837117132,-40.2264838086404,-36.5862273278469,-27.2792837632991
07-Nov-2024 21:11:02,7,32,-0.0633460829655329,0.373712597290675,0.0491039847334226,0.107093708217144,0.839978329340617,-0.0858572398622831,0.524972315629323,-82.9806708992398,-101.919099237325,-59.2975766509913,-67.8192819357743,-47.2960042594969,-34.011963560627,-35.6294263931913,-40.8145198650055,-29.6064720574592
07-Nov-2024 21:11:37,7,33,-0.0596433507899443,0.37316786646843,0.0490536900858084,0.103695713977019,0.83966950972875,-0.0629411255319913,0.529377738634745,-75.7625161144081,-97.5521445873877,-52.9570449542035,-69.0284171843006,-23.5426822071878,-17.7527898267771,-41.2428094226884,-37.3225216459385,-27.8478186005207
07-Nov-2024 21:11:50,7,34,-0.0594842284917831,0.374304634332657,0.0448149430255095,0.125124736626943,0.836467591921488,-0.0590576673547427,0.530262219905853,-80.3605463271348,-101.83648731599,-55.3122583440855,-74.0931321905173,-25.5421578538538,-18.9655696756908,-36.6457520072394,-41.5508141830972,-30.1750068946807
07-Nov-2024 21:12:20,7,35,-0.0616639559467634,0.375798743963242,0.0430524085958799,0.128635436296463,0.835762023925781,-0.0608996743957202,0.530326322714488,-82.3141561104196,-97.0220798926421,-50.8618384648814,-76.0574582270525,-16.3072208465718,-12.3796558365817,-40.9392075360788,-37.5961264689189,-17.6516468822688
07-Nov-2024 21:12:34,7,36,-0.0635180652141571,0.379717169205348,0.040874133259058,0.136599340041478,0.834587057431539,-0.0847143242756526,0.526904745896657,-90.6258583924837,-97.5083211585639,-51.2842911290122,-79.7245741424329,-20.0986826887775,-14.4547187888544,-42.602442842445,-38.6265841328536,-18.346207745406
07-Nov-2024 21:13:33,7,37,-0.0600873455405235,0.384468718369802,0.041676864027977,0.137006839116414,0.833522172768911,-0.0966230308016141,0.526435152689616,-98.6085144251582,-104.269238079851,-58.3453075214755,-83.6652951183907,-54.5019451062395,-37.3992933454359,-46.3307882600479,-44.8144691077319,-31.8568081707685
07-Nov-2024 21:13:47,7,38,-0.0645109593868256,0.389268902937571,0.0398848285277685,0.143288492163022,0.832511436939239,-0.120247993866603,0.521472469965617,-106.920216707222,-104.755479345773,-58.7677601856063,-87.3324110337711,-58.2934069484451,-39.4743562977086,-47.9940235664142,-45.8449267716667,-32.5513690339058
07-Nov-2024 21:14:39,7,39,-0.0624987468123436,0.394184444348017,0.0417705694834391,0.151048192381859,0.828968799114227,-0.137981983025869,0.520534535249074,-115.217395864591,-108.829058439377,-62.4344947139034,-91.3613294794402,-58.790769078279,-44.1841750521359,-50.6898139283988,-51.1790980910734,-34.6289496781557
07-Nov-2024 21:14:52,7,40,-0.066806823015213,0.39874166448911,0.0418410087625186,0.157560615738233,0.82568195660909,-0.16430489718914,0.516166492303212,-123.529098146656,-109.315299705299,-62.8569473780342,-95.0284453948206,-62.5822309204846,-46.2592380044086,-52.3530492347651,-52.2095557550081,-35.3235105412929
07-Nov-2024 21:15:45,7,41,-0.063267749051253,0.40375669002533,0.0434039476017157,0.159685451785723,0.820930556456248,-0.18146605193615,0.517342929045359,-131.908538866372,-114.145209885062,-64.9765409742481,-99.2514625753454,-65.1016429065043,-46.1266788577585,-56.0325620689406,-55.7668702466789,-38.2095812949865
07-Nov-2024 21:15:59,7,42,-0.0677588750918706,0.408172076940536,0.0424497922261556,0.168881661693255,0.818073892593384,-0.199450622995694,0.512302267551422,-140.220241148436,-114.631451150984,-65.3989936383788,-102.918578490726,-68.8931047487099,-48.2017418100312,-57.6957973753069,-56.7973279106137,-38.9041421581237
07-Nov-2024 21:16:52,7,43,-0.0649248898029327,0.412586800257365,0.0420450794200102,0.175744114319483,0.811871524651845,-0.220432525873184,0.511261383692423,-148.265812649327,-116.539526873826,-67.1950167685512,-106.338645038678,-72.1985416628225,-50.2229937128425,-59.5421714455778,-59.5412139884165,-40.9944579665391
07-Nov-2024 21:17:05,7,44,-0.069098898768425,0.416873600085576,0.0404438756406307,0.184168010950089,0.808452967802683,-0.242926069100698,0.503460959593455,-156.577514931391,-117.025768139748,-67.617469432682,-110.005760954059,-75.9900035050281,-52.2980566651152,-61.2054067519441,-60.5716716523512,-41.6890188296764
07-Nov-2024 21:17:52,7,45,-0.0653543427586556,0.42048259973526,0.0399983396132787,0.193793912728628,0.79997208515803,-0.269587667783101,0.499811093012492,-164.681151822868,-117.39792663413,-68.5017073298336,-113.624352185725,-76.0134528831871,-54.7962140926572,-61.7602114402626,-42.6588435232197,-43.0814571654527
07-Nov-2024 21:18:05,7,46,-0.0694362958272298,0.42110250989596,0.0296774828185638,0.194577086965243,0.812823760509491,-0.24757171869278,0.490066852172216,-159.209483770357,-118.749964396668,-69.2232134042722,-116.54511006528,-82.6453884998359,-58.1576690941515,-64.0005256708026,-43.1137154549179,-43.3543803244716
07-Nov-2024 21:18:48,7,47,-0.0657338559627533,0.41993886033694,0.0331947190066179,0.20252757469813,0.812772742907206,-0.214997964104017,0.502154378096263,-157.308783022552,-119.069960773436,-69.1256120952213,-119.891605602979,-78.6183178844614,-57.1556713332804,-64.5616245923186,-31.8469444900831,-43.1512422198101
07-Nov-2024 21:19:01,7,48,-0.070472992459933,0.421618447701136,0.0238152225812276,0.205627655982971,0.821235775947571,-0.200449922680855,0.493060763676961,-151.837114970041,-120.421998535973,-69.84711816966,-122.812363482534,-85.2502535011103,-60.5171263347747,-66.8019388228585,-32.3018164217813,-43.4241653788291
07-Nov-2024 21:19:42,7,49,-0.0698853507637978,0.419818594058355,0.0239291472981373,0.216804362336795,0.821126925945282,-0.159890722235044,0.503171364466349,-148.450930569883,-121.933015605626,-68.4340705523539,-125.87099019116,-86.3276860017475,-59.6718549550863,-66.1026453988864,-26.595866905213,-43.8340579060078
07-Nov-2024 21:19:56,7,50,-0.073102912803491,0.421576130390167,0.0153233740478754,0.219371261199315,0.82775331735611,-0.144193826119105,0.495891978343328,-142.979262517371,-123.285053368164,-69.1555766267926,-128.791748070716,-92.9596216183964,-63.0333099565806,-68.3429596294264,-27.0507388369112,-44.1069810650267
07-Nov-2024 21:20:38,7,51,-0.0746654257178307,0.420226722955704,0.0145434694364667,0.221041187644005,0.828360708554586,-0.095257243514061,0.505851213137309,-137.875336291037,-126.216580784259,-70.7598058553589,-131.631440364807,-98.5393056770394,-63.4664017674835,-69.6384700327103,-27.8752000444762,-44.2233889081255
07-Nov-2024 21:20:52,7,52,-0.0791372592250506,0.422057561079661,0.00602438083539406,0.226070046424866,0.832069190343221,-0.0775003681580226,0.500546622276306,-132.403668238525,-127.568618546797,-71.4813119297976,-134.552198244362,-105.171241293688,-66.8278567689778,-71.8787842632503,-28.3300719761744,-44.4963120671445
07-Nov-2024 21:21:34,7,53,-0.0800298536817233,0.421399519840876,0.00412108510111769,0.228285098075867,0.828597438335419,-0.0300370735426744,0.510303843021393,-126.815871099102,-129.785401136113,-70.9941795813001,-137.957423331185,-108.352051131334,-70.5251301751764,-73.7216965801622,-28.669738545806,-44.3159775682034
07-Nov-2024 21:21:47,7,54,-0.0844942981998126,0.423488239447276,-0.00339010148309171,0.231748756766319,0.82921914656957,-0.00733210050190489,0.508561023076375,-121.344203046591,-131.137438898651,-71.7156856557388,-140.87818121074,-114.983986747983,-73.8865851766706,-75.9620108107021,-29.1246104775042,-44.5889007272223
07-Nov-2024 21:22:28,7,55,-0.0841654395063718,0.422967851161957,-0.00792512247959773,0.236827859282494,0.823323400815328,0.0305267550051212,0.514897354443868,-117.689470450624,-130.596849074578,-73.6328725187093,-144.341172693929,-118.765359475131,-77.7159493805171,-76.5036240844281,-26.3718797281692,-44.7851950572612
07-Nov-2024 21:22:41,7,56,-0.090146134297053,0.426090176900228,-0.0141029084722201,0.240385759870211,0.821465996901194,0.049042630692323,0.514784435431162,-112.217802398113,-131.948886837116,-74.3543785931481,-147.261930573484,-125.397295091779,-81.0774043820113,-78.743938314968,-26.8267516598674,-45.0581182162802
07-Nov-2024 21:23:31,7,57,-0.0885624910394351,0.426401283343633,-0.0139611626664797,0.23362416823705,0.81565234263738,0.0748960490028063,0.523948156833649,-109.243986567074,-133.53846868972,-73.8764429190238,-149.469406082679,-129.658631074318,-81.9609438054871,-81.1150821871522,-60.2107114059002,-45.2824604537198
07-Nov-2024 21:23:45,7,58,-0.0852656016747157,0.428531829516093,-0.0115306471164028,0.199896866083145,0.819553562005361,0.0930966014663378,0.528872640927633,-109.861703007764,-135.17436433563,-74.6006668506337,-147.955764790057,-130.695248501608,-82.3855286277868,-89.9605765377432,-59.2734724924497,-44.7201171056495
07-Nov-2024 21:24:33,7,59,-0.0813258449236552,0.429126222928365,-0.00749440702299277,0.182195583979289,0.823388032118479,0.0839129855235418,0.530844183762868,-113.633653312589,-136.712103084887,-76.2988109793765,-148.752681898343,-132.219225206522,-80.7895907506746,-94.0688956491309,-64.6968329087412,-48.3761165503344
07-Nov-2024 21:24:47,7,60,-0.0791808838645617,0.430612474679947,-0.00646045971661806,0.159870427846909,0.826100353399913,0.0954760670661926,0.531868410110474,-114.251369753279,-138.347998730797,-77.0230349109863,-147.239040605721,-133.255842633812,-81.2141755729743,-102.914389999722,-63.7595939952907,-47.8137732022641
07-Nov-2024 21:25:34,7,61,-0.0769613166650136,0.430734143654505,-0.00340794096700847,0.136754148205121,0.82858661810557,0.0957548563679059,0.534390878677368,-112.621203126036,-140.98481592838,-78.0092189411626,-145.980678513553,-135.211139699913,-80.3284990455681,-105.716296730711,-66.6776547467114,-50.9356012505715
07-Nov-2024 21:25:48,7,62,-0.0748282839854558,0.433098836739858,-0.00163752761048575,0.103991473217805,0.831086405118306,0.112527085840702,0.534620273113251,-113.238919566726,-142.62071157429,-78.7334428727724,-144.467037220931,-136.247757127203,-80.7530838678678,-114.561791081302,-65.7404158332608,-50.3732579025012
07-Nov-2024 21:26:34,7,63,-0.0692680185039838,0.42831484079361,-0.00545963651190201,0.084502038359642,0.835059976577759,0.113842899103959,0.531577003002167,-108.355055668695,-135.164090987005,-74.0741588352875,-139.322013206596,-132.123640665456,-78.5695016472313,-113.047584943468,-68.1008316136267,-50.2700031694482
07-Nov-2024 21:26:47,7,64,-0.0663481359680494,0.427990665038427,-0.00650316684817274,0.0823261956373851,0.835306533177694,0.118234890699387,0.53057134548823,-105.57013330463,-128.332009623882,-70.7088947485193,-134.649349592034,-129.115184384303,-77.1160501014479,-112.980172615434,-68.6085975615569,-50.5746627382063
07-Nov-2024 21:27:32,7,65,-0.0558481631179651,0.421607210238775,-0.0128026060760021,0.0473101596037547,0.842806645234426,0.118881119290988,0.5227867603302,-101.660740173583,-119.612658648678,-65.9466206863927,-129.515505777586,-127.123898012853,-75.3725332182379,-114.2143633825,-65.4676884257048,-49.5503651560588
07-Nov-2024 21:27:45,7,66,-0.0531094250579675,0.420882497231166,-0.0163626932849487,0.0455986961722374,0.842440720399221,0.125872377554576,0.521891367435455,-98.8758178095179,-112.780577285556,-62.5813565996245,-124.842842163024,-124.1154417317,-73.9190816724544,-114.146951054466,-65.975454373635,-49.8550247248169
07-Nov-2024 21:28:30,7,67,-0.0440908193588257,0.415998766819636,-0.0178998072942098,0.0117529593408108,0.850153235594432,0.0959538911779722,0.517585027217865,-102.803660061962,-102.154861116393,-58.9675875251772,-118.814588448519,-122.665570405399,-70.1455974579577,-113.680340273982,-66.8338827796741,-47.4702057181221
07-Nov-2024 21:28:43,7,68,-0.040027742087841,0.41565262277921,-0.0206064899762472,0.00705267268543442,0.851105149586995,0.0946898981928825,0.516337247689565,-100.018737697897,-95.3227797532702,-55.602323438409,-114.141924833957,-119.657114124246,-68.6921459121742,-113.612927945949,-67.3416487276043,-47.7748652868803
07-Nov-2024 21:29:26,7,69,-0.0357326179742813,0.410658053557078,-0.0196711408595244,-0.0161979922403892,0.849475701649984,0.100081458687782,0.517795729637146,-97.2901976420866,-87.7188809871274,-51.8128068578012,-110.516466169423,-115.777950320518,-65.7786780320341,-113.72091639169,-64.1997459045888,-45.1597855679118
07-Nov-2024 21:29:40,7,70,-0.0319658363858859,0.410140154759089,-0.0225033750136693,-0.0223925897230705,0.850025741259257,0.0966234584649404,0.517318824927012,-94.505275278022,-80.8867996240049,-48.447542771033,-105.843802554861,-112.769494039365,-64.3252264862506,-113.653504063656,-64.707511852519,-45.4644451366699
07-Nov-2024 21:30:22,7,71,-0.0313026110331217,0.405950572093328,-0.0179595269262791,-0.0517905409137408,0.848783810933431,0.0945893888672193,0.517626039187113,-93.0235440680844,-79.8188095593723,-46.895152437345,-101.694741415313,-109.625683996925,-62.2917667732888,-114.19879212251,-47.490443414976,-43.4092350615647
07-Nov-2024 21:30:35,7,72,-0.0293857477605343,0.40515055457751,-0.0200496908277273,-0.0594229569037755,0.848635550340017,0.0917166257898013,0.517566156387329,-90.2386217040197,-72.9867281962498,-43.5298883505768,-97.022077800751,-106.617227715772,-60.8383152275053,-114.131379794476,-47.9982093629062,-43.7138946303229
07-Nov-2024 21:31:22,7,73,-0.0269135678807894,0.400650302569071,-0.0146339394773046,-0.0801911989847819,0.845314240455627,0.104966556529204,0.517682592074076,-85.6302949170186,-76.4616924823722,-43.3960611403487,-93.5862154236961,-102.041094553976,-58.7948595981327,-114.070317659886,-57.2685581180997,-41.8636193771493
07-Nov-2024 21:31:36,7,74,-0.0292537019898494,0.402459738651911,-0.0135937254255017,-0.0781622603535652,0.849869279066722,0.076530688504378,0.515515236059825,-92.9689806635467,-69.8274063090027,-40.051955735979,-93.400689146804,-102.027399604722,-58.7610498058211,-111.378520324132,-56.9989349412504,-41.7018454710398
07-Nov-2024 21:32:26,7,75,-0.0328853666782379,0.401574218273163,-0.00961005017161369,-0.0554891884326935,0.855940802892049,0.0491607832411925,0.511731910705566,-96.6209641986066,-77.271642960256,-45.2235687698792,-93.3835634886655,-101.454866215147,-58.732237971715,-108.9148980851,-56.6106031680328,-41.1376041539643
07-Nov-2024 21:32:39,7,76,-0.0345577905575434,0.403607521454493,-0.00851748343557119,-0.0531151381631692,0.858787699540456,0.0190554236372312,0.509214500586192,-103.959649945135,-70.6373567868865,-41.8794633655095,-93.1980372117735,-101.441171265894,-58.6984281794034,-106.223100749346,-56.3409799911834,-40.9758302478547
07-Nov-2024 21:33:25,7,77,-0.0333655940989653,0.402832120656967,-0.013061557089289,-0.0364656761288643,0.858347082138062,0.0392853759229183,0.510261944929759,-99.7036334719947,-75.5221827825862,-44.1890959309899,-96.0161865010007,-103.455761545222,-59.8019229629019,-107.162332936801,-51.0023613829361,-42.2514554419916
07-Nov-2024 21:33:39,7,78,-0.0314133395751317,0.403561091423035,-0.016874473541975,-0.0375926420092583,0.856750945250193,0.0507047923902671,0.511853182315826,-94.8909681045887,-74.3427473659743,-43.5158692773352,-97.0251354808511,-105.524771044711,-60.7529187672977,-108.212477575894,-58.6230970728728,-45.9783143416113
07-Nov-2024 21:34:24,7,79,-0.0294670091321071,0.402403956651688,-0.020719800516963,-0.0445461191236973,0.852776364485423,0.0678982645273209,0.515924402077993,-93.0566271843157,-70.9454426555181,-45.4590722332481,-96.01368461539,-108.466570934119,-61.7051640612449,-108.832165989168,-61.6391556137175,-44.9545563884896
07-Nov-2024 21:34:37,7,80,-0.0232132218778133,0.403128482898076,-0.0231787250687679,-0.0454181676109632,0.851236426830292,0.0788178448875745,0.516837978363037,-88.2439618169098,-69.7660072389061,-44.7858455795934,-97.0226335952404,-110.535580433608,-62.6561598656407,-109.882310628261,-69.2598913036542,-48.6814152881093
07-Nov-2024 21:35:23,7,81,-0.0177642119427522,0.402050944169362,-0.0270191669464111,-0.0462464625636737,0.847863805294037,0.102933077017466,0.518066692352295,-83.3454586730703,-69.2026371753721,-45.4958337307226,-97.1713826524351,-112.665985128057,-63.7577804148122,-110.267227154444,-74.1282884190449,-52.1329657613583
07-Nov-2024 21:35:37,7,82,-0.0124154213815927,0.40261354247729,-0.0300125019003948,-0.0477563624580701,0.84493955373764,0.121777011950811,0.518620177110036,-78.5327933056643,-68.0232017587601,-44.822607077068,-98.1803316322855,-114.734994627546,-64.708776219208,-111.317371793538,-81.7490241089816,-55.859824660978
07-Nov-2024 21:36:23,7,83,-0.00668592549239596,0.403185826539993,-0.0344947703182697,-0.0416759684681892,0.839034795761108,0.162579888105392,0.51754378080368,-72.4772090500417,-67.6767990186871,-45.4409878258053,-101.684180650808,-118.259701724515,-65.6600843959916,-112.784902376176,-85.6685905116454,-60.0490293474123
07-Nov-2024 21:36:37,7,84,-0.000685260697112729,0.404570788145065,-0.0373782686889172,-0.0408572569489479,0.837701098124186,0.17633481224378,0.515260736147563,-67.6645436826357,-66.4973636020752,-44.7677611721506,-102.693129630659,-120.328711224004,-66.6110802003875,-113.835047015269,-93.2893262015821,-63.775888247032
07-Nov-2024 21:36:59,7,85,0.00719004735971491,0.402835589647293,-0.0411086797714233,-0.0486254476010799,0.835538184642792,0.181581018368403,0.516274642944336,-56.7554188711214,-40.4594445237321,-26.740338219692,-96.849528629845,-114.350569522233,-61.5622321909772,-110.368884626135,-96.6594772478824,-58.0589200400592
07-Nov-2024 21:37:13,7,86,0.0130804911876718,0.403880484898885,-0.0405614507695039,-0.0479838309188684,0.838349131743113,0.177611962954203,0.51314906279246,-51.9427535037155,-39.2800091071201,-26.0671115660374,-97.8584776096955,-116.419579021722,-62.5132279953731,-111.419029265228,-104.280212937819,-61.7857789396789
07-Nov-2024 21:37:50,7,87,0.0218778890868028,0.404964091380437,-0.035886021455129,-0.0644909297426542,0.839286005496979,0.185146181782087,0.507110317548116,-64.059206214435,-29.352206541378,-18.6939231421926,-99.7667597568888,-114.181694727424,-61.5843418346319,-116.478316696905,-106.866974512878,-68.6605824278165
07-Nov-2024 21:38:03,7,88,0.0221435980250438,0.405676849683126,-0.0308079135914644,-0.0665270740787188,0.842567837238312,0.171189674735069,0.506307967503866,-68.3488886472087,-31.8536458065014,-19.9978328677499,-96.9263168944141,-107.567386033757,-58.3303775807937,-116.595757642696,-108.804028409755,-69.6822994692506
07-Nov-2024 21:38:55,7,89,0.0254735458642244,0.403987642129262,-0.0147346954792738,-0.077466507256031,0.848818059762319,0.150934906800588,0.500724979241689,-71.4519562189553,-65.7904641561923,-44.413193518606,-95.7852365367733,-102.616289539774,-56.913952373504,-116.48412183143,-111.665936145723,-72.9555597340364
07-Nov-2024 21:39:09,7,90,0.0263219248503447,0.40512938896815,-0.00877294993648926,-0.0795946250359217,0.851896500587463,0.13540208141009,0.499603168169657,-75.741638651729,-68.2919034213157,-45.7171032441632,-92.9447936742986,-96.0019808461067,-53.6599881196658,-116.60156277722,-113.602990042599,-73.9772767754704
07-Nov-2024 21:39:50,7,91,0.0338133461773396,0.404422787825267,0.0013168731238693,-0.103591141601404,0.850621855258942,0.102270758152008,0.50522479613622,-79.5130136539891,-67.0110322287228,-43.65173843237,-88.0290320642409,-87.7442782522818,-51.6997933891019,-117.129465344482,-116.452470859022,-74.3247654285803
07-Nov-2024 21:40:03,7,92,0.0366437613964081,0.405560195446014,0.0100634530186653,-0.109700522323449,0.852056078116099,0.0861520826816559,0.504523626963298,-83.8026960867629,-69.5124714938462,-44.9556481579273,-85.1885892017661,-81.1299695586143,-48.4458291352637,-117.246906290273,-118.389524755899,-75.3464824700143
07-Nov-2024 21:40:44,7,93,0.0437726805607478,0.405760131279627,0.0135405985638499,-0.126935536662738,0.846346501509349,0.0608148090541363,0.51369891166687,-86.6332248042798,-68.9227555301114,-42.6249206148093,-80.1104869654999,-75.4189639148681,-48.0137496430626,-117.494578046799,-121.682792112548,-78.0560853172863
07-Nov-2024 21:40:58,7,94,0.0450457207858562,0.406656716267268,0.0203149794290463,-0.131779659787814,0.845964686075846,0.049199299265941,0.514351344108582,-90.9229072370535,-71.4241947952348,-43.9288303403666,-77.2700441030252,-68.8046552212006,-44.7597853892245,-117.61201899259,-123.619846009425,-79.0778023587203
07-Nov-2024 21:41:42,7,95,0.0494041681289673,0.40718986193339,0.0167065410564343,-0.144009308020274,0.838146674633026,0.0279559968660275,0.525347499052684,-93.5080128121988,-69.1550564459289,-42.8904214315862,-74.5107715536547,-73.0669980524937,-47.9417635162048,-117.869575343749,-126.760006636189,-80.6434623030733
07-Nov-2024 21:41:56,7,96,0.0498321235179901,0.408407618602117,0.0239627839376529,-0.149597709377607,0.836665964126587,0.0120477936541041,0.526749889055888,-97.7976952449725,-71.6564957110523,-44.1943311571435,-71.67032869118,-66.4526893588263,-44.6877992623666,-117.987016289539,-128.697060533065,-81.6651793445073
07-Nov-2024 21:42:42,7,97,0.0529993740220865,0.40895741780599,0.0210336840401093,-0.158618688583374,0.82683200041453,-0.0122196190059185,0.539480928579966,-100.260089248932,-70.122646168961,-42.677081565532,-69.3204709852574,-71.5017064276392,-47.5768061989376,-118.099514938014,-131.160667794886,-83.1088678374008
07-Nov-2024 21:42:55,7,98,0.0526562839746475,0.410229547818502,0.0279783431440592,-0.161850727597872,0.824832435448964,-0.0274651759614547,0.541018843650818,-104.549771681706,-72.6240854340845,-43.9809912910892,-66.4800281227827,-64.8873977339718,-44.3228419450995,-118.216955883804,-133.097721691762,-84.1305848788348
07-Nov-2024 21:43:45,7,99,0.0558963512380918,0.411856228113174,0.0236938336243232,-0.160576326648394,0.815943924585978,-0.0511943072080612,0.553018907705943,-108.375809900072,-70.7828802956006,-43.5743213580621,-65.834877838584,-70.5547519215451,-48.5653632864661,-118.256925680937,-135.898052271111,-85.2132876459986
07-Nov-2024 21:43:58,7,100,0.0507239103317261,0.411304785807927,0.0264530375599861,-0.155456731716792,0.815662320454915,-0.0675174131989479,0.553145178159078,-111.304132860485,-70.9534746776033,-43.5180034896533,-62.5339106457589,-69.1386013274434,-47.7156729300051,-112.448659584878,-129.381027991254,-81.81316044666
07-Nov-2024 21:45:10,8,1,-0.0210693224022786,0.312132106224696,0.00716208852827549,0.000422684339961658,0.862673143545787,0.0273768525570631,0.505020217100779,-6.45000000000001,-13.275,-5.92500000000001,-6.67500000000001,-12.45,-6.15000000000001,-8.77500000000001,-7.20000000000001,-9.3
07-Nov-2024 21:45:24,8,2,-0.020011597002546,0.314601588249207,0.00103364355939751,0.0262091302623351,0.861338611443837,0.0544725485146046,0.504422152042389,-3.33268982369044,-10.9129113429026,-4.5077468057416,-13.7881788534652,-13.7815939563516,-6.57959165782556,-9.59959608130941,-10.346630699373,-10.637103512268
07-Nov-2024 21:46:03,8,3,-0.0163949504494667,0.318683608373006,-0.00057225290996333,0.0242727854599555,0.862160424391429,0.0686390350262324,0.501377085844676,-5.24037964738085,-16.6133226858052,-6.35299361148319,-20.9388577069305,-17.8131879127032,-10.6091833156511,-14.4366921626188,-14.0182613987461,-15.649207024536
07-Nov-2024 21:46:17,8,4,-0.0143390666693449,0.320993932088216,-0.00647966157024105,0.0483298048377037,0.860078120231628,0.0965780099232992,0.498600625991821,-2.12306947107128,-14.2512340287078,-4.93574041722478,-28.0520365603957,-19.1447818690549,-11.0387749734767,-15.2612882439282,-17.1648920981191,-16.986310536804
07-Nov-2024 21:46:59,8,5,-0.0135577759395043,0.325239519278208,-0.00481232528885206,0.0596511465807756,0.858519331614176,0.116254851718744,0.495853994290034,-3.39325929476165,-18.1703953716104,-9.34973722296631,-35.4089654138609,-21.1513758254065,-13.2683666313022,-19.5171343252375,-20.4240227974922,-20.5359140490719
07-Nov-2024 21:47:12,8,6,-0.0118707188715537,0.327803053458532,-0.0102723488584161,0.0819352482755979,0.855389273166656,0.140860144297282,0.49168509443601,-0.275949118452081,-15.808306714513,-7.9324840287079,-42.5221442673261,-22.4829697817581,-13.6979582891277,-20.3417304065469,-23.5706534968652,-21.8730175613399
07-Nov-2024 21:47:47,8,7,-0.0123879960427682,0.329583366711934,-0.00854361299425364,0.0708542923132578,0.855890719095866,0.137533382574717,0.49347275296847,-3.78608833981023,-5.53981958381617,-1.97954134597229,-42.9322754246599,-23.6208319897878,-14.3716277757554,-23.9318175163836,-22.2828104713763,-21.9432094312083
07-Nov-2024 21:48:01,8,8,-0.0140736579274138,0.332304726044337,-0.00254395711235702,0.0458423306544622,0.858241017659505,0.114524483680725,0.49820170601209,-10.5024775611684,-8.55570745311921,-3.46097366323666,-38.8705315819937,-23.0711941978174,-14.0702972623831,-28.0562796262203,-19.5137174458874,-20.5321513010767
07-Nov-2024 21:48:37,8,9,-0.0179763513306777,0.333301216363907,-0.00101626648101956,0.0101049869010846,0.859007195631663,0.0903361991047859,0.50382932027181,-16.2157417825266,-4.5544078224223,-1.22521848050104,-36.4447252393275,-25.690306405847,-15.8314667490107,-33.863554236057,-18.9102494203985,-18.1367181709451
07-Nov-2024 21:48:51,8,10,-0.0201459826280673,0.335612469911575,0.00360712103235225,-0.0070287020256122,0.860237654050191,0.0654455160101255,0.505627040068308,-22.9321310038848,-7.57029569172533,-2.70665079776541,-32.3829813966614,-25.1406686138767,-15.5301362356384,-37.9880163458937,-16.1411563949096,-16.7256600408135
07-Nov-2024 21:49:38,8,11,-0.019992657750845,0.339272932211558,0.00725946249440312,-0.0288107549150785,0.862673099835714,0.0316771989067396,0.50394610563914,-31.7719577252429,-32.0525898110282,-2.32948936502978,-31.3892063039951,-27.2254058219063,-17.685055722266,-42.2038847057304,-22.7798758694206,-18.1224144106819
07-Nov-2024 21:49:52,8,12,-0.0217790717879931,0.341860574483871,0.0123987562954426,-0.0494385329385598,0.863048032919566,0.010826847764353,0.502580086390177,-38.488346946601,-35.0684776803312,-3.81092168229414,-27.327462461329,-26.675768029936,-17.3837252088937,-46.3283468155672,-20.0107828439318,-16.7113562805503
07-Nov-2024 21:50:42,8,13,-0.018964334577322,0.344446388880412,0.0130726495757699,-0.0854796320199966,0.861306858062744,-0.0344890877604485,0.499654118220011,-48.6664549179592,-33.8925686746343,-17.2630571245585,-23.2247029936628,-30.7433177379656,-19.5105196955213,-50.2735120504039,-27.0455960684428,-18.7292044004187
07-Nov-2024 21:50:56,8,14,-0.0209258490552505,0.346616111199061,0.0192335018267234,-0.108412130177021,0.859349099795024,-0.0603456457455953,0.496109195550283,-55.3828441393173,-36.9084565439373,-18.7444894418228,-19.1629591509966,-30.1936799459952,-19.209189182149,-54.3979741602406,-24.2765030429539,-17.3181462702871
07-Nov-2024 21:51:46,8,15,-0.0176944217334191,0.34931572675705,0.0203077537318071,-0.132673289378484,0.854412583510081,-0.0934175302584966,0.493609325091044,-63.4550927356755,-36.4034459757404,-19.9112733215872,-17.0307074958304,-30.9026359040249,-20.9469211687767,-58.1327878325773,-30.2343631424653,-20.1715412651554
07-Nov-2024 21:52:00,8,16,-0.0196468055248261,0.352320535977681,0.0262595439950625,-0.152625727653503,0.850536878903707,-0.119441961248716,0.488902926445007,-70.1714819570336,-39.4193338450434,-21.3927056388515,-12.9689636531642,-30.3529981120545,-20.6455906554043,-62.257249942414,-27.4652701169764,-18.7604831350238
07-Nov-2024 21:52:59,8,17,-0.0178828718761603,0.357524329423904,0.0223877719293038,-0.147114884853363,0.848978567123413,-0.128670180837313,0.490954830249151,-77.9408008658918,-42.0997724955964,-22.5668137373659,-19.3969659042479,-37.2576571950843,-23.613791392032,-67.0118878335007,-33.859653653988,-24.0566515673922
07-Nov-2024 21:53:12,8,18,-0.0245437568674485,0.359073927005132,0.032486068457365,-0.145829978585243,0.851400824387868,-0.13981853723526,0.484046498934428,-80.5991749340301,-49.9598894218073,-26.5151836507256,-17.7828940081865,-34.9468620981323,-22.4767052938102,-63.8411976444053,-34.0427681565305,-24.1665202689177
07-Nov-2024 21:54:06,8,19,-0.0256152349213759,0.358924279610316,0.0271017794807752,-0.112494509418805,0.850474166870117,-0.163892767826716,0.487009116013845,-84.7590138459184,-47.8272817386432,-23.8598914547102,-21.2636951590001,-38.1632154386805,-24.5493848205884,-59.935595345935,-34.0826209403232,-24.0300022516932
07-Nov-2024 21:54:19,8,20,-0.0306401293724775,0.360464817285538,0.0349326938390732,-0.112047163148721,0.851470518112183,-0.173633259534836,0.481969817479452,-87.4173879140567,-55.687398664854,-27.8082613680699,-19.6496232629386,-35.8524203417284,-23.4122987223666,-56.7649051568396,-34.2657354428657,-24.1398709532187
07-Nov-2024 21:55:04,8,21,-0.0322294940551122,0.357013958692551,0.0367258076866468,-0.0977829352021217,0.854405975341797,-0.165113304058711,0.482873231172562,-81.0764944040702,-58.7761532863774,-28.4548002267421,-20.0579878903148,-34.2801994635266,-8.58009543664493,-54.0517589130567,-30.3272190860332,-23.0765462953691
07-Nov-2024 21:55:18,8,22,-0.0366843273242315,0.358260196447372,0.0441713007787863,-0.0984064877033234,0.855531871318817,-0.16839032570521,0.479610391457876,-83.7348684722085,-66.6362702125882,-32.4031701401017,-18.4439159942534,-31.9694043665745,-7.44300933842315,-50.8810687239613,-30.5103335885756,-23.1864149968946
07-Nov-2024 21:56:05,8,23,-0.039877412468195,0.358278810977936,0.0451924376189709,-0.0694035569826762,0.85679950316747,-0.169916359583537,0.481877831617991,-81.8936087512844,-71.5857059864553,-34.7006245261177,-23.466062359911,-32.3528963789977,0.466635353548571,-47.4891505075222,-29.1576326614305,-23.6846870187326
07-Nov-2024 21:56:18,8,24,-0.0458405007918676,0.361864314476649,0.052365210155646,-0.0633083507418633,0.857072818279266,-0.179838684201241,0.478619160254796,-87.8451816747512,-78.4359700313936,-38.2623978380072,-25.3087203361931,-33.6255491723972,-0.306332332571555,-48.1877288615948,-30.5460567527636,-24.5155403538195
07-Nov-2024 21:57:22,8,25,-0.0529946347077688,0.368364858627319,0.0557446430126826,-0.0408762720723947,0.851490704218547,-0.222636631131172,0.472996540864309,-101.521937703687,-87.88089350016,-49.8487133862248,-29.6444874433349,-42.5453455204846,-29.8680207218167,-47.2756932019956,-34.4665731292529,-25.4655953490627
07-Nov-2024 21:57:35,8,26,-0.058981675406297,0.373179735740026,0.0643711015582085,-0.0392980183164279,0.8488552014033,-0.240884430209796,0.468908454974492,-107.473510627153,-94.7311575450983,-53.4104866981144,-31.487145419617,-43.817998313884,-30.6409884079368,-47.9742715560682,-35.854997220586,-26.2964486841496
07-Nov-2024 21:58:37,8,27,-0.0620382602016131,0.37921920021375,0.0649227788050969,-0.0204230119784673,0.844158951441447,-0.262402832508087,0.467036789655685,-117.362675103355,-101.978751301951,-58.8845311281679,-38.0263579613291,-47.3392228846276,-35.4583164456196,-48.1675429033049,-39.1844674544973,-27.8619028493146
07-Nov-2024 21:58:50,8,28,-0.0618782959878445,0.380800674359004,0.0567397159834703,-0.00170294928054015,0.846869719028473,-0.243667521079381,0.472688988844554,-113.507799117966,-100.623670518296,-58.4606456111992,-43.9985206861108,-51.5869712889033,-37.8358455226158,-50.4569583656871,-41.7084383761498,-29.3775431849993
07-Nov-2024 21:59:13,8,29,-0.0624025749663512,0.37321811914444,0.0705086732904116,-0.0428788150350253,0.855834666887919,-0.219597680370013,0.466353207826614,-100.296718908944,-96.3172545905992,-52.2428956533124,-26.818960693607,-28.3090055818502,-21.6855547753932,-45.5937203246515,-22.252932369091,-14.8354839357231
07-Nov-2024 21:59:27,8,30,-0.0625849979619185,0.372242834170659,0.0665480752786001,-0.0356710687279701,0.858802982171377,-0.200671862562497,0.470016841093699,-96.4418429235551,-94.9621738069449,-51.8190101363437,-32.7911234183887,-32.5567539861259,-24.0630838523894,-47.8831357870337,-24.7769032907435,-16.3511242714077
07-Nov-2024 22:00:22,8,31,-0.0563303952415784,0.372330758968989,0.0609886738161246,-0.0500797661642234,0.862782549858093,-0.179928469657898,0.469812800486883,-98.1838648263497,-102.631425451269,-57.4231923989159,-34.0874247845276,-45.2416453347372,-33.526703017276,-53.046224497707,-36.8611357480403,-27.1629148146118
07-Nov-2024 22:00:36,8,32,-0.0557583972811699,0.37366353670756,0.0537025185922782,-0.0392837333182494,0.864606070518494,-0.160431304574013,0.474526039759318,-94.3289888409608,-101.276344667615,-56.9993068819471,-40.0595875093093,-49.4893937390129,-35.9042320942723,-55.3356399600893,-39.3851066696928,-28.6785551502964
07-Nov-2024 22:01:20,8,33,-0.0538182521859805,0.373271449406942,0.0569205251832803,-0.0442956753075123,0.868837253252665,-0.123770479857922,0.47732652425766,-90.4975617996637,-104.35843009795,-59.4394552547488,-41.5188195547696,-45.7307136154563,-35.4498062152137,-58.236892046617,-39.4892083591674,-27.9422705897408
07-Nov-2024 22:01:34,8,34,-0.0528502571086089,0.374608546495438,0.0495607962210973,-0.0307367157191038,0.868980840841929,-0.103087219099204,0.483012010653814,-86.6426858142748,-103.003349314296,-59.0155697377801,-47.4909822795513,-49.978462019732,-37.8273352922099,-60.5263075089993,-42.01317928082,-29.4579109254254
07-Nov-2024 22:02:23,8,35,-0.0521533414721489,0.376145275433858,0.0507357249657313,-0.013630381350716,0.867274705568949,-0.0802383934458097,0.491131975253423,-87.1538308677434,-105.585949437792,-60.4971194707696,-53.4287731663244,-49.8149262675151,-37.0362213498854,-61.7019390997404,-42.5534874632637,-30.0120941564247
07-Nov-2024 22:02:37,8,36,-0.0572871260344982,0.377988954385122,0.0479066180686156,0.00238797025134166,0.866260691483815,-0.067869404455026,0.494955042997996,-84.878251449166,-106.624966454294,-60.5466522588739,-61.2480293927581,-50.8046047792143,-37.0610848855883,-62.3466523784089,-37.8537302617962,-27.1922398355442
07-Nov-2024 22:03:28,8,37,-0.0538146754105886,0.377835603555044,0.0474228553473949,0.0115712789818645,0.863915415604909,-0.0333764851093292,0.502396591504415,-80.9210342666117,-109.635775024294,-60.8621935194208,-64.0015529493616,-52.0426761589554,-38.3279596822774,-63.4818248131137,-41.9240057522847,-31.3844042906037
07-Nov-2024 22:03:42,8,38,-0.0586082547903061,0.380340357621511,0.044753692795833,0.0345690784355005,0.861116135120392,-0.0155132367586096,0.506994223594666,-78.6454548480344,-110.674792040796,-60.9117263075251,-71.8208091757953,-53.0323546706546,-38.3528232179803,-64.1265380917821,-37.2242485508172,-28.5645499697232
07-Nov-2024 22:04:37,8,39,-0.0554660215973854,0.381413666407267,0.0431024372577667,0.0525071849425634,0.856831506888072,0.00923274749269088,0.512832880020142,-77.1790565474686,-112.549704834047,-61.0942633318507,-77.107199067314,-53.1712296163748,-41.0236923841763,-64.4164809484687,-43.8095076953281,-32.625705036813
07-Nov-2024 22:04:50,8,40,-0.0598310932517052,0.382254145542781,0.0363206927975019,0.0595423556864262,0.857376730442047,-0.00101339906298866,0.511232741673787,-79.1176012858145,-109.8485764557,-59.8878578633476,-77.7552889364241,-60.6022886311188,-44.8833806122184,-61.0560575367453,-45.2510949020291,-33.4906573608336
07-Nov-2024 22:05:37,8,41,-0.0589517486592134,0.379762258132299,0.031221766397357,0.082713091870149,0.850811660289764,0.00220146533101797,0.518915498256683,-76.9607365831661,-107.790395965728,-57.7729545129552,-79.9869456380766,-61.4579458628734,-42.7910716555072,-57.743248914031,-42.5101902817192,-32.3961143788393
07-Nov-2024 22:05:50,8,42,-0.0629038234551748,0.380712032318115,0.0251414466649294,0.0896100228031476,0.851539973417918,-0.00448523390417298,0.516555511951447,-78.8992813215121,-105.089267587382,-56.5665490444521,-80.6350355071867,-68.8890048776175,-46.6507598835493,-54.3828255023076,-43.9517774884203,-33.2610667028599
07-Nov-2024 22:06:36,8,43,-0.0626273299256961,0.37915543516477,0.0179541779061159,0.116392619411151,0.848398009936015,-0.0186869050065676,0.51606635649999,-81.8651213393608,-101.434613153223,-55.5058946350043,-82.374908792568,-72.8073630008668,-45.9594495192147,-50.8962094850887,-42.3271187816157,-31.946271373873
07-Nov-2024 22:06:50,8,44,-0.0662531420588493,0.380657958984375,0.0118052528550227,0.121254466970762,0.850333881378174,-0.0271351036926111,0.511364221572876,-83.8036660777067,-98.7334847748762,-54.2994891665012,-83.0229986616782,-80.2384220156108,-49.8191377472568,-47.5357860733653,-43.7687059883167,-32.8112236978936
07-Nov-2024 22:07:37,8,45,-0.0637262716889381,0.381950712203979,0.00272376749974986,0.134375240405401,0.850813504060109,-0.021114802484711,0.507556792100271,-85.5058584558041,-95.1055933686234,-51.9659592275258,-87.0669802389238,-83.3631305846075,-52.2283266791106,-50.4122663588942,-41.8771702382648,-32.9613021954104
07-Nov-2024 22:07:50,8,46,-0.0684319044152896,0.383705101410548,-0.0047216703183949,0.140680248538653,0.852564044793447,-0.0298664184908072,0.502445654074351,-87.44440319415,-92.404464990277,-50.7595537590227,-87.715070108034,-90.7941895993515,-56.0880149071528,-47.0518429471708,-43.3187574449658,-33.826254519431
07-Nov-2024 22:08:38,8,47,-0.0650729934374491,0.38436533610026,-0.0109943951790531,0.132547756036123,0.85832584698995,-0.0363525117437045,0.494354490439097,-89.1897717523716,-88.2649550979774,-49.8145860552834,-87.7361058312119,-94.8720733912219,-60.9474534871007,-51.3098713840734,-44.0687831732903,-32.9837699301996
07-Nov-2024 22:08:51,8,48,-0.0694735303521156,0.386421159903208,-0.0179231195400159,0.138484032948812,0.860042945543925,-0.0405954790612062,0.489387772480647,-91.1283164907175,-85.563826719631,-48.6081805867803,-88.384195700322,-102.303132405966,-64.8071417151428,-47.94944797235,-45.5103703799913,-33.8487222542202
07-Nov-2024 22:09:41,8,49,-0.066377546886603,0.389260963598887,-0.0285637671748797,0.1388666421175,0.865210103988648,-0.032268433769544,0.480714416503906,-92.1452731390013,-82.368507584308,-46.7824940006591,-92.0187584964659,-107.907603809273,-71.1917051191378,-54.2482504849397,-46.606176847504,-34.2349561216148
07-Nov-2024 22:09:55,8,50,-0.060134361932675,0.390345801909765,-0.0291499358912309,0.120835027098656,0.865719489256541,-0.025598094239831,0.485049905379613,-93.2954119131298,-76.1899971461592,-43.7877629836985,-90.9497347659557,-105.663029083607,-70.1639419584184,-59.4676865984412,-49.1798144332495,-35.6162991166013
07-Nov-2024 22:10:39,8,51,-0.0586721541980902,0.387948556741079,-0.033104715247949,0.127438244223595,0.869096338748932,-0.0423441680769126,0.476065198580424,-92.7847566422272,-68.1893913295222,-41.1583914079289,-89.2739474989624,-108.205160552222,-68.2236163856756,-54.5917356740993,-47.2305616494008,-34.9582828832748
07-Nov-2024 22:10:53,8,52,-0.0533169947564602,0.38917255004247,-0.0337721966207027,0.109689071774483,0.869302062193553,-0.0357757185896238,0.480627057949702,-93.9348954163557,-62.0108808913734,-38.1636603909683,-88.2049237684522,-105.960585826556,-67.1958532249562,-59.8111717876008,-49.8041992351463,-36.3396258782613
07-Nov-2024 22:11:40,8,53,-0.0536596675713857,0.387144488096237,-0.0271070818106333,0.095743036766847,0.869198373953501,-0.0520231182376544,0.482308091719945,-94.7796371679687,-65.9463227639804,-40.4516090946031,-84.6575182697005,-106.634364198031,-64.7368088582251,-58.7829143821806,-47.7163916360944,-35.0512892590913
07-Nov-2024 22:11:53,8,54,-0.0479767287770907,0.38837263584137,-0.0283216413110495,0.0807807877659798,0.869567883014679,-0.0473625287413597,0.484853539864222,-95.9297759420972,-59.7678123258317,-37.4568780776424,-83.5884945391902,-104.389789472364,-63.7090456975057,-64.0023504956822,-50.29002922184,-36.4326322540778
07-Nov-2024 22:12:44,8,55,-0.0457829758524895,0.389051731427511,-0.02140205912292,0.0701485609014829,0.868177111943563,-0.0442537151277065,0.489274299144745,-97.0772162049679,-65.021278043061,-40.1034869209795,-85.4052799245592,-103.529391295268,-59.7906419337805,-67.5979398497228,-50.6079442151867,-36.2541354419861
07-Nov-2024 22:12:57,8,56,-0.0412892637153467,0.390201558669408,-0.0216001125673453,0.0582803639272849,0.867716526985168,-0.0433483468989531,0.491723879178365,-98.2273549790964,-58.8427676049122,-37.1087559040189,-84.336256194049,-101.284816569602,-58.7628787730611,-72.8173759632243,-53.1815818009322,-37.6354784369726
07-Nov-2024 22:13:48,8,57,-0.0411111628015836,0.38973436554273,-0.0129035271704197,0.0346037723124027,0.86732405424118,-0.0520740727583567,0.493801456689835,-99.901144497596,-65.9552452444531,-41.2846948172071,-81.8601370214784,-99.2073301182211,-56.5897953108388,-76.3998886969954,-52.0023580904783,-35.76190152842
07-Nov-2024 22:14:02,8,58,-0.0356778966883818,0.391590958833694,-0.0134635203828414,0.0143151830881834,0.866548732916514,-0.0465111009776592,0.496714270114899,-101.051283271724,-59.7767348063043,-38.2899638002465,-80.7911132909682,-96.9627553925548,-55.5620321501195,-81.6193248104969,-54.5759956762238,-37.1432445234065
07-Nov-2024 22:14:53,8,59,-0.0370083205401897,0.39125856757164,-0.018633271753788,0.032552391042312,0.864009594917297,-0.00158129907989254,0.502419495582581,-93.1069858438378,-62.0916746211695,-39.8619662309332,-87.1629237569766,-99.4344029442987,-56.7478682842707,-81.2349564113182,-53.7490750284441,-36.567484149399
07-Nov-2024 22:15:07,8,60,-0.0397817668815454,0.392207537094752,-0.0255131686727206,0.0472289003431797,0.860364059607188,0.0344645572205385,0.506315457820892,-84.6008630437655,-62.1111203971898,-39.8736336965454,-91.9882819440153,-101.4475063589,-57.7563645691734,-82.4940497020048,-52.2485850287642,-35.8191837271611
07-Nov-2024 22:15:58,8,61,-0.0381628376742204,0.392193937301636,-0.0293660879135132,0.055935750156641,0.851043709119161,0.0959693496425947,0.513211210568746,-75.7756529297861,-60.2033131926325,-40.4404686446948,-98.7118662705388,-102.489881842073,-58.7785307787003,-84.9564121477587,-53.0348797050345,-36.2071533290384
07-Nov-2024 22:16:11,8,62,-0.0397968245049318,0.393240324656169,-0.036126417418321,0.0682132383187612,0.841488921642303,0.144174004594485,0.516194939613342,-67.2695301297138,-60.2227589686528,-40.452136110307,-103.537224457577,-104.502985256674,-59.787027063603,-86.2155054384452,-51.5343897053546,-35.4588529068005
07-Nov-2024 22:17:03,8,63,-0.0403930736084779,0.392469408114751,-0.0411768073836962,0.0691444218158722,0.828770589828491,0.181759949525197,0.524711072444916,-60.178863672688,-58.5285782543842,-40.0663873171878,-105.336695714359,-107.455724705561,-62.6773583108178,-86.7262333066654,-50.8772920436499,-37.2286874966202
07-Nov-2024 22:17:16,8,64,-0.0416539634267489,0.393615601460139,-0.0482922005156676,0.0771681273976962,0.816891570885976,0.218459469079971,0.528212710221608,-51.6727408726157,-58.5480240304045,-40.0780547828,-110.162053901397,-109.468828120162,-63.6858545957205,-87.9853265973519,-49.37680204397,-36.4803870743823
07-Nov-2024 22:18:07,8,65,-0.040573067466418,0.395833512147268,-0.0467229420940081,0.0775672420859337,0.816798273722331,0.216102359692256,0.5292671362559,-55.7243462440666,-33.9356565612798,-40.5660141190465,-113.099468623307,-111.726749551906,-65.4852683617792,-90.1452371768053,-50.8480082132778,-39.3161541581731
07-Nov-2024 22:18:20,8,66,-0.0420246385037899,0.397902756929398,-0.0532712827126185,0.0883858025074005,0.807211319605509,0.241253644227982,0.53140811920166,-47.2182234439943,-33.9551023373001,-40.5776815846586,-117.924826810346,-113.739852966508,-66.4937646466819,-91.4043304674918,-49.3475182135979,-38.5678537359352
07-Nov-2024 22:19:14,8,67,-0.0435150402287642,0.399700035651525,-0.0496169984340668,0.0951436241467794,0.812010991573334,0.225521841645241,0.52983562151591,-57.1409647296841,-21.6586414907479,-41.502494985588,-120.23121326482,-115.87536538968,-68.2727196721626,-92.0638324025617,-51.132876298412,-40.1365870667117
07-Nov-2024 22:19:28,8,68,-0.0472766834000746,0.398855195442835,-0.0509079962968826,0.11085742165645,0.812097764015198,0.217662128806114,0.529934771855672,-56.7946131563723,-22.8116003539011,-41.8926558447528,-116.448658467016,-116.363288239132,-68.3303625244765,-83.2145298762635,-49.1612307853863,-38.9644457377871
07-Nov-2024 22:20:27,8,69,-0.0528619686762492,0.392831939458847,-0.0568491784234842,0.14598270157973,0.816625293095907,0.195560370882352,0.523037608464559,-53.2876936259415,-58.0816059057683,-37.7893896715761,-114.931617802929,-115.862415592869,-68.5482347470794,-73.3904316721569,-47.9325093146077,-35.9508212853697
07-Nov-2024 22:20:40,8,70,-0.0565799514452616,0.391707187891006,-0.0580753361185392,0.167575965325038,0.817200589179993,0.183942200740178,0.519871922334035,-52.9413420526298,-59.2345647689216,-38.1795505307409,-111.149063005125,-116.35033844232,-68.6058775993933,-64.5411291458587,-45.9608638015821,-34.7786799564451
07-Nov-2024 22:21:34,8,71,-0.0596533387899399,0.386754375696182,-0.0619584632416566,0.177656283974648,0.825635866324107,0.167258872588476,0.508712267875671,-49.8147065007584,-55.9210469764318,-35.572997873735,-108.34926527418,-117.243863543914,-69.0436351368517,-56.9294287806562,-43.2356803096799,-33.660797065774
07-Nov-2024 22:21:48,8,72,-0.063174552222093,0.386028661330541,-0.0619052447378635,0.193165884415309,0.826026471455892,0.156941309571266,0.505704041322072,-49.4683549274466,-57.074005839585,-35.9631587328998,-104.566710476375,-117.731786393366,-69.1012779891656,-48.080126254358,-41.2640347966543,-32.4886557368494
07-Nov-2024 22:22:45,8,73,-0.0606589712202549,0.38280632297198,-0.0637086570262909,0.166467065612475,0.834380781650543,0.143816564480464,0.505385259787242,-48.631861364855,-53.7437263749165,-34.1799628339792,-101.125534212001,-119.022510368889,-69.3489781840518,-51.3996248086075,-41.5406202941905,-31.6436436270516
07-Nov-2024 22:22:58,8,74,-0.063011855383714,0.38262757062912,-0.0647039487957954,0.176317966977755,0.83424113591512,0.139108609159787,0.503589558601379,-48.2855097915433,-54.8966852380697,-34.570123693144,-97.3429794141963,-119.51043321834,-69.4066210363657,-42.5503222823092,-39.5689747811648,-30.471502298127
07-Nov-2024 22:23:59,8,75,-0.0599927663803101,0.380510898431142,-0.0646892373760541,0.150419003764788,0.839848152796427,0.130540196100871,0.504963866869609,-47.3190872235916,-51.1830249373119,-33.1236061732662,-95.0061138831068,-120.549756630827,-69.9342925599657,-49.8354202962853,-40.5964447734202,-31.2629255787659
07-Nov-2024 22:24:13,8,76,-0.062260730812947,0.380176472663879,-0.0655046393473943,0.160160639882088,0.840050486723582,0.124562676250935,0.503138053417206,-46.9727356502798,-52.3359838004651,-33.513767032431,-91.2235590853025,-121.037679480279,-69.9919354122796,-40.986117769987,-38.6247992603946,-30.0907842498413
07-Nov-2024 22:25:06,8,77,-0.0586760195593039,0.37766263683637,-0.0637551233172417,0.141168226798375,0.841965810457865,0.127748584747314,0.50482223033905,-45.4799097677532,-48.4276651635214,-29.821148916344,-90.8355217438093,-117.770725408525,-68.3313481722153,-48.7528672927721,-38.4018513179503,-29.974539308009
07-Nov-2024 22:25:20,8,78,-0.0498468823730946,0.379256149133046,-0.0621282527844111,0.1266391903162,0.840839072068532,0.138407136996587,0.507735880215963,-46.3971193825466,-48.4526561085333,-29.9718699897783,-92.0496397689588,-113.853071055253,-66.5107465965079,-54.8274165454199,-44.0293456228657,-32.9265120613951
07-Nov-2024 22:26:03,8,79,-0.0544765497247378,0.375531979401906,-0.0577263367672761,0.157784649729729,0.840337916215261,0.134970151384672,0.500718796253204,-43.9343112486799,-48.0859922625674,-20.2509214684521,-93.1376801107869,-110.335766842741,-63.270152188622,-46.7480659331359,-38.2566188041009,-30.669375967172
07-Nov-2024 22:26:17,8,80,-0.0454220789174239,0.377168820301692,-0.0562416575849056,0.140891762574514,0.840034373601278,0.145982185999552,0.503170975049337,-44.8515208634734,-48.1109832075793,-20.4016425418864,-94.3517981359363,-106.418112489469,-61.4495506129146,-52.8226151857837,-43.8841131090162,-33.6213487205581
07-Nov-2024 22:27:02,8,81,-0.045963030308485,0.374549065033595,-0.0466827685634295,0.154481038451195,0.838549621899923,0.143549433350563,0.502358202139537,-44.0037216039368,-47.7901467571023,-30.0165288179403,-95.4278773194251,-102.325633206577,-59.893952621118,-49.3452145059656,-41.4114968520916,-32.3187670501396
07-Nov-2024 22:27:15,8,82,-0.0380535160501798,0.376535367965698,-0.0461882382631302,0.139021569490433,0.839306930700938,0.15451268752416,0.502357220649719,-44.9209312187302,-47.8151377021141,-30.1672498913747,-96.6419953445745,-98.4079788533054,-58.0733510454106,-55.4197637586134,-47.0389911570069,-35.2707398035257
07-Nov-2024 22:28:00,8,83,-0.0331787024935087,0.375994831323624,-0.0369271226227283,0.128012161453565,0.837167485555013,0.17045373916626,0.503695416450501,-42.8556363963586,-51.1922149493816,-31.0750535661188,-97.5620939488936,-94.4029120352235,-54.5852512616586,-59.4933380450282,-48.4664301810023,-35.7204353450095
07-Nov-2024 22:28:13,8,84,-0.0260208391894897,0.377966717878977,-0.0370760078231494,0.111452113588651,0.837744390964508,0.180919352173805,0.503021876017253,-43.7728460111521,-51.2172058943934,-31.2257746395531,-98.776211974043,-90.485257681952,-52.7646496859512,-65.567887297676,-54.0939244859177,-38.6724080983956
07-Nov-2024 22:28:58,8,85,-0.0193158201873302,0.378714048862457,-0.0277769946803649,0.11047761986653,0.836477462450663,0.199570033947627,0.498268965880076,-42.223803407363,-52.4682399905331,-31.2300370136424,-101.868320288777,-85.2488970962753,-51.3852990062215,-70.6419490672073,-55.6713911503731,-40.7482422458305
07-Nov-2024 22:29:11,8,86,-0.0135908002654711,0.381357820828756,-0.0279510209957759,0.0971917619307836,0.836419936021169,0.2096955905358,0.496974092721939,-43.1410130221565,-52.493230935545,-31.3807580870767,-103.082438313927,-81.3312427430037,-49.5646974305141,-76.7164983198551,-61.2988854552884,-43.7002149992166
07-Nov-2024 22:29:53,8,87,-0.00639781032999357,0.382034963369369,-0.01985126696527,0.0857446511586507,0.839518849054972,0.21417321463426,0.491920558611552,-43.4250965276587,-53.9562434561208,-31.3082498108385,-103.285551483869,-75.3292352735296,-46.0897213027956,-79.8158038309446,-66.3263659399738,-45.1641184496271
07-Nov-2024 22:30:07,8,88,0.002158723367999,0.385106696685155,-0.0183524838338296,0.0692314992348353,0.840907835960388,0.22546192407608,0.487081084648768,-44.3423061424521,-53.9812344011327,-31.4589708842728,-104.499669509018,-71.411580920258,-44.2691197270882,-85.8903530835924,-71.9538602448892,-48.1160912030132
07-Nov-2024 22:30:50,8,89,0.00746478814010819,0.386545397837957,-0.0105922944843769,0.0516339433689912,0.84208786090215,0.237939044833183,0.481255674362183,-43.4429527025999,-57.2752361339267,-32.2480772828709,-104.683285106564,-65.2517500088852,-43.9463308753752,-90.6272804654611,-75.1813476396896,-51.8990293049115
07-Nov-2024 22:31:04,8,90,0.0151763434211413,0.389518322547277,-0.00983770911892255,0.0369597849746545,0.844807902971903,0.244416725635529,0.474546231826146,-44.3601623173934,-57.3002270789386,-32.3987983563052,-105.897403131713,-61.3340956556136,-42.1257292996678,-96.7018297181089,-80.808841944605,-54.8510020582976
07-Nov-2024 22:31:51,8,91,0.017556581646204,0.39164111216863,-0.00838953461498022,0.0325568502147992,0.847250525156657,0.242728137969971,0.471370017528534,-45.869090404864,-58.0597234178416,-34.4437120923214,-106.971269943061,-66.1953530232914,-43.7540340859576,-99.6325680353672,-84.2613327944629,-59.3434574859397
07-Nov-2024 22:32:04,8,92,0.0265553871790568,0.395303366581599,-0.00716005591675639,0.0143481593579054,0.848980331420898,0.250995687643687,0.46478782693545,-46.7863000196574,-58.0847143628534,-34.5944331657557,-108.18538796821,-62.2776986700198,-41.9334325102502,-105.707117288015,-89.8888270993783,-62.2954302393258
07-Nov-2024 22:32:50,8,93,0.0278413359075785,0.399066118399302,-0.00524740700299541,0.000468493447018166,0.851821347077688,0.243189513683319,0.463960160811742,-51.8243688707894,-39.1269580048108,-36.517250570481,-109.329380386458,-68.3745001772228,-45.0622841155414,-110.734761072968,-95.0288196767649,-66.6926443298399
07-Nov-2024 22:33:03,8,94,0.0353236933549245,0.402988710006078,-0.00469962249820431,-0.0202317465096712,0.852048540115356,0.255585757891337,0.456376967827479,-52.7415784855829,-39.1519489498227,-36.6679716439153,-110.543498411608,-64.4568458239512,-43.241682539834,-116.809310325616,-100.65631398168,-69.644617083226
07-Nov-2024 22:33:43,8,95,0.0433901389439901,0.405631937583288,-0.0076078065050145,-0.0331565325458845,0.852088638146718,0.264746481180191,0.450283165772756,-41.0192177185457,-30.5105662433073,-24.4297408829952,-111.047553633307,-71.7714194009174,-45.3958075546258,-121.535406844416,-106.340057422831,-74.7442105051761
07-Nov-2024 22:33:57,8,96,0.0496586533884207,0.409733412663142,-0.0044757477628688,-0.0501238023241361,0.853704531987508,0.269449959198634,0.44280123313268,-41.9364273333392,-30.5355571883191,-24.5804619564295,-112.261671658456,-67.8537650476459,-43.5752059789185,-127.609956097064,-111.967551727747,-77.6961832585622
07-Nov-2024 22:34:58,8,97,0.0481101828316848,0.409271415074666,-0.00296359270190199,-0.0761520301302274,0.85361012617747,0.246164165933927,0.452718273798625,-56.6983215738754,-63.1062003601374,-16.4846405662378,-106.61914631712,-70.8726952730721,-47.9482169325164,-128.937849014122,-115.290750336739,-75.964270141476
07-Nov-2024 22:35:11,8,98,0.0519007481634617,0.408553369839986,-0.000797514834751685,-0.0839541325966517,0.853723959128062,0.250003717343012,0.44900478720665,-51.680001005327,-59.585030357719,-14.3582950932233,-101.631652377509,-66.6255115333792,-45.4588645908647,-128.389968298105,-114.760824377613,-75.3335466901077
07-Nov-2024 22:35:47,8,99,0.0524972525735696,0.406077547868093,0.000730622792616487,-0.113343085845311,0.853372359275818,0.24268539249897,0.447227934996287,-31.126787841321,-33.1597669424186,-9.02221166162013,-97.216642737035,-63.6113847762459,-25.2506938968378,-128.629974398625,-120.357460702546,-63.7272284058806
07-Nov-2024 22:36:00,8,100,0.0535372212529182,0.405722763140996,0.0024926967608432,-0.118025190134843,0.854302032788595,0.240080946683884,0.445644680658976,-26.1084672727726,-29.6385969400001,-6.8958661886056,-92.2291487974238,-59.364201036553,-22.761341555186,-128.082093682607,-119.82753474342,-63.0965049545124
07-Nov-2024 22:37:12,9,1,-0.0212977394461632,0.311794577042262,0.00821037360777458,0.0108884323388338,0.862061250209808,0.0085147600620985,0.506615634759267,-6.60000000000001,-13.125,-5.70000000000001,-6.90000000000001,-12.375,-6.22500000000001,-6.30000000000001,-8.17500000000001,-9.225
07-Nov-2024 22:37:26,9,2,-0.0264824808885654,0.316302452484767,0.00145401704745988,0.0312657916297515,0.861900003751119,0.0123034277930856,0.505963945388794,-10.0945923209145,-14.6171612323168,-6.55055653752486,-13.5550030027487,-18.3031447462713,-9.29354977173518,-7.76264556416201,-9.2197468315443,-9.85184809892657
07-Nov-2024 22:38:04,9,3,-0.0269983193526665,0.324359468619029,0.00276648242337008,0.0370538825790087,0.860838317871094,0.0189168440798918,0.507175135612488,-17.939184641829,-17.7218224646336,-12.2011130750497,-24.7100060054973,-22.0187894925425,-16.4495995434703,-14.700291128324,-12.1019936630886,-14.2661961978531
07-Nov-2024 22:38:18,9,4,-0.0331062443554401,0.328242518504461,-0.00466439916441838,0.0571610319117705,0.859931019941966,0.0218889094889164,0.50672695239385,-21.4337769627435,-19.2139836969505,-13.0516696125745,-31.3650090082459,-27.9469342388138,-19.5181493152055,-16.162936692486,-13.1467404946329,-14.8930442967797
07-Nov-2024 22:38:58,9,5,-0.0328799923261007,0.334342521429062,-0.00497838705778122,0.0722297380367915,0.859872301419576,0.0192241971691449,0.505007906754812,-28.1533692836579,-27.7373949292673,-15.7022261500994,-39.8950120109945,-32.1688289850851,-26.5054490869406,-19.688082256648,-18.3352373261771,-15.4636423957062
07-Nov-2024 22:39:12,9,6,-0.0387840040028095,0.338964132467906,-0.0115881090362867,0.0944103389978409,0.858454918861389,0.0263198519746463,0.503437332312266,-31.6479616045724,-29.2295561615841,-16.5527826876242,-46.5500150137432,-38.0969737313564,-29.5739988586758,-21.15072782081,-19.3799841577214,-16.0904904946328
07-Nov-2024 22:39:51,9,7,-0.0385525181889534,0.342868425448736,-0.0130254368608197,0.106412994364897,0.859335164229075,0.0208824936300516,0.499783317248027,-35.8550539254869,-31.687342393901,-18.828339225149,-52.0425180164918,-43.3969934776277,-34.5269236304109,-22.1446233849719,-23.4716059892656,-18.1892135935593
07-Nov-2024 22:40:05,9,8,-0.043806883196036,0.347118012110392,-0.0190967994431655,0.125822585821152,0.857708338896433,0.0279113406936328,0.497720871369044,-39.3496462464014,-33.1795036262178,-19.6788957626739,-58.6975210192405,-49.325138223899,-37.5954734021461,-23.6072689491339,-24.5163528208099,-18.8160616924859
07-Nov-2024 22:40:46,9,9,-0.0431779886285464,0.351817844311396,-0.0183617498725653,0.145806483427684,0.85700261592865,0.0246462893982728,0.493639133373896,-43.7254885673158,-35.9044773585346,-22.2169523001987,-65.5212740219891,-54.5642204701703,-42.5062106738813,-24.8355395132959,-28.9595371523541,-21.0788472914125
07-Nov-2024 22:41:00,9,10,-0.0493033811450005,0.356417878468831,-0.0256698716431856,0.165442442893982,0.855868570009867,0.0273898206651211,0.489252098401388,-47.2200808882303,-37.3966385908515,-23.0675088377236,-72.1762770247377,-60.4923652164416,-45.5747604456164,-26.2981850774579,-30.0042839838984,-21.705695390339
07-Nov-2024 22:41:42,9,11,-0.0473360019425551,0.360606048504512,-0.0253261404732863,0.167290506760279,0.855489607652028,0.0383598901331425,0.488548868894577,-50.0302982091448,-43.0302060731683,-25.1368153752484,-77.5656550274864,-66.7509787127129,-49.1894039673516,-30.2686431416199,-32.1482495654427,-24.3505122392656
07-Nov-2024 22:41:56,9,12,-0.053299488623937,0.365111581484477,-0.0305453820774953,0.183773798743884,0.853964666525523,0.0389926212529341,0.485233128070831,-53.5248905300593,-44.5223673054852,-25.9873719127732,-84.2206580302351,-72.6791234589842,-52.2579537390868,-31.7312887057819,-33.192996396987,-24.9773603381921
07-Nov-2024 22:42:40,9,13,-0.050670213252306,0.370219355821609,-0.0312919091433287,0.18225391805172,0.853832785288493,0.0485335419575373,0.485177938143412,-57.3522953509738,-47.860231662802,-28.4973034502981,-89.7178485329837,-79.0725025802555,-55.5995503858219,-37.2228405199439,-36.6623526035312,-27.6631928121187
07-Nov-2024 22:42:54,9,14,-0.0569098795453707,0.371688282489777,-0.0252494882792234,0.192009438077609,0.852391596635183,0.0296472014238437,0.485470910867055,-64.0010328945597,-53.51697272553,-31.082240811496,-91.1019909525461,-77.2492934699764,-54.4445126605163,-33.8147761376192,-34.2280209018708,-26.2025937911224
07-Nov-2024 22:43:43,9,15,-0.0511290324230989,0.375199137131373,-0.0228032492101192,0.196573737263679,0.853624165058136,0.0170040852079789,0.482074119647344,-70.1411766881456,-53.046565350758,-33.3718656726939,-94.9822271221085,-80.3087015471972,-52.6759983727107,-38.7961648802945,-40.6559938877103,-29.1464869576261
07-Nov-2024 22:43:56,9,16,-0.0574622641007106,0.377462408939997,-0.0153524994229277,0.205173879861832,0.8512673219045,-0.00697104185819626,0.482906838258107,-76.7899142317315,-58.703306413486,-35.9568030338919,-96.3663695416709,-78.4854924369181,-51.5209606474051,-35.3881004979698,-38.2216621860498,-27.6858879366298
07-Nov-2024 22:44:45,9,17,-0.0486363857984543,0.379903560876846,-0.0150416546190778,0.207158840696017,0.854416608810425,-0.0206810502956311,0.476056504249573,-81.9843549003174,-58.596473257464,-29.6190841450899,-99.4485588362333,-79.5535919203889,-47.8091846408495,-40.2997626781453,-42.9934828281396,-32.0275350093835
07-Nov-2024 22:44:58,9,18,-0.0551101530591647,0.382377757628759,-0.0083075188100338,0.216089059909185,0.849984220663706,-0.0435655802488327,0.478470842043559,-88.6330924439033,-64.253214320192,-32.2040215062878,-100.832701255796,-77.7303828101098,-46.6541469155439,-36.8916982958206,-40.5591511264791,-30.5669359883872
07-Nov-2024 22:45:46,9,19,-0.0477213407556216,0.384105372428894,-0.00527225046729048,0.210456356406212,0.850597747166951,-0.0621151660879453,0.477842372655869,-94.4796815499893,-61.478168273545,-30.3276307424858,-101.340867112858,-76.9028279967056,-43.9207400496133,-41.6184971947463,-44.8778955966941,-34.257460014266
07-Nov-2024 22:46:00,9,20,-0.0541713823874791,0.386885515848796,0.00119260733093446,0.22097988029321,0.845151793956757,-0.085938316086928,0.479062517484029,-101.128419093575,-67.134909336273,-32.9125681036837,-102.725009532421,-75.0796188864265,-42.7657023243077,-38.2104328124217,-42.4435638950336,-32.7968609932697
07-Nov-2024 22:46:44,9,21,-0.0461354672908783,0.385825828711192,0.00968779387573401,0.214781816800435,0.842095263799032,-0.0928363680839539,0.485927748680115,-102.426082418411,-68.0507568443135,-33.2668414023817,-97.971163670733,-66.104236924585,-34.9714800286897,-40.4448000707225,-46.6857702793111,-33.2368234957111
07-Nov-2024 22:46:57,9,22,-0.0467140637338161,0.386133396625519,0.00922197842349609,0.187560432155927,0.847229405244191,-0.0921838328242302,0.488390837113063,-101.457998814023,-72.4558080580292,-35.710948480383,-95.308695577491,-72.2446656264834,-38.2832758507823,-44.5034154343398,-49.1015849907452,-34.6863123225715
07-Nov-2024 22:47:21,9,23,-0.0594688268999259,0.382467248042425,0.012183040070037,0.193944800893466,0.844225676854451,-0.109747307995955,0.48746670683225,-97.2143781002599,-75.7654124944013,-37.4147235271343,-90.4772333436241,-73.9090079026005,-39.2504793877187,-23.6332466182692,-26.0556687451475,-17.7360819111507
07-Nov-2024 22:47:34,9,24,-0.0636796926458677,0.38296092748642,0.0114712630088131,0.181057822704315,0.847455211480459,-0.103413490951061,0.488204159339269,-96.2462944958718,-80.1704637081171,-39.8588306051356,-87.8147652503822,-80.0494366044989,-42.5622752098113,-27.6918619818865,-28.4714834565815,-19.1855707380111
07-Nov-2024 22:48:27,9,25,-0.0618361473083496,0.386159487565359,0.0115799761066834,0.137628704309464,0.856259989738464,-0.100922221938769,0.487536591291428,-102.115442336796,-86.427791533161,-51.2327716675118,-88.7928000868278,-87.1768220935067,-50.3267748893258,-48.16108525566,-45.0814326894999,-33.3351999457307
07-Nov-2024 22:48:41,9,26,-0.0659606208403905,0.38821437160174,0.0104296715930104,0.123604859411716,0.859089636802673,-0.0920151342948278,0.488077958424886,-101.147358732408,-90.8328427468768,-53.6768787455131,-86.1303319935859,-93.3172507954051,-53.6385707114184,-52.2197006192773,-47.4972474009339,-34.7846887725911
07-Nov-2024 22:49:07,9,27,-0.074837422867616,0.385389280319214,0.0089026868964235,0.107696721454461,0.863277196884155,-0.0897044231494268,0.484878333409627,-94.8228908506763,-92.4890322662566,-50.9109028157019,-79.5881153651877,-97.7011578908582,-52.5767184622219,-49.2586199379725,-28.8851293731099,-21.7342477898813
07-Nov-2024 22:49:20,9,28,-0.070289871096611,0.387183821201324,0.0108370697125793,0.0879444132248561,0.865218377113342,-0.0739231993754705,0.488055662314097,-94.9876754554975,-96.208414956132,-52.8963739202989,-83.7247726233516,-97.7175676537569,-52.7107031033305,-56.5381863503097,-30.1429269697027,-22.488926347837
07-Nov-2024 22:50:06,9,29,-0.0720869655410449,0.390947699546814,0.0123188258459171,0.116771214207013,0.859130545457204,-0.0640731622775396,0.49411927262942,-99.5242679216469,-101.928366798839,-62.4768035209896,-91.0215556139375,-100.680716613433,-56.9578637087946,-56.3329047401859,-45.8617581966663,-35.1936400010073
07-Nov-2024 22:50:20,9,30,-0.071816198527813,0.394050560394923,0.0154316331570347,0.105188916623592,0.858507982889811,-0.0439138419926167,0.49997096657753,-99.6890525264682,-105.647749488715,-64.4622746255866,-95.1582128721014,-100.697126376332,-57.0918483499033,-63.6124711525231,-47.1195557932591,-35.948318558963
07-Nov-2024 22:51:03,9,31,-0.0732283741235733,0.398011000951131,0.0174064569175243,0.111787004768848,0.857561139265696,-0.0594995349645615,0.498550325632095,-105.414741061953,-110.367416755006,-69.6452249782304,-98.4749329964763,-102.486905737619,-60.1824209731896,-65.0496135536299,-51.4078702050375,-37.128014664526
07-Nov-2024 22:51:17,9,32,-0.0725032200415929,0.401532179117203,0.0196731186161439,0.103029109537601,0.85708970228831,-0.0369482927024364,0.503405543168386,-105.579525666775,-114.086799444882,-71.6306960828274,-102.61159025464,-102.503315500518,-60.3164056142982,-72.3291799659671,-52.6656678016302,-37.8826932224817
07-Nov-2024 22:52:02,9,33,-0.0739128366112709,0.401823000113169,0.0269258230924606,0.12127002030611,0.852667264143626,-0.0739072193702062,0.502782162030538,-110.721455830244,-118.653531084916,-71.4433774663339,-101.631770634669,-98.9823643509849,-58.1340287145933,-66.1209916429354,-53.0109676061166,-38.603369778302
07-Nov-2024 22:52:16,9,34,-0.0716605896751086,0.401940943797429,0.0318014512459437,0.118076219161352,0.851163427035014,-0.085253518819809,0.504292277495066,-113.382934028381,-115.895120436743,-70.1073192258171,-97.6869195815932,-92.1747284022578,-54.7733578237996,-64.109015325519,-53.7910090030101,-39.0365375603186
07-Nov-2024 22:53:01,9,35,-0.0707344447573026,0.399718272686005,0.0390364694098632,0.115761808554331,0.847843917210897,-0.123570342858632,0.502484107017517,-116.984638209184,-118.449280932674,-70.1706307973119,-94.8495842450696,-87.8354348531279,-51.9268339285503,-60.7489330052949,-51.5036796037,-38.188459729237
07-Nov-2024 22:53:14,9,36,-0.0683845698833466,0.400495564937592,0.0439972259104252,0.116654273370902,0.844633734226227,-0.134261929988861,0.504935113588969,-119.646116407321,-115.6908702845,-68.8345725567951,-90.9047331919934,-81.0277989044008,-48.5661630377566,-58.7369566878785,-52.2837210005935,-38.6216275112536
07-Nov-2024 22:53:59,9,37,-0.0656754210591316,0.398442810773849,0.0478799015283585,0.108785528937976,0.842002141475678,-0.171893116831779,0.499650798241297,-123.07770759679,-115.063745208379,-67.5231992222841,-88.1136399971934,-74.0293341554723,-46.5125656447351,-56.8759273690582,-51.4550769993851,-36.3141724867212
07-Nov-2024 22:54:13,9,38,-0.0634416768948237,0.399083824952443,0.0537496544420719,0.106048229833444,0.837911637624105,-0.184779874483744,0.502507976690928,-125.739185794927,-112.305334560206,-66.1871409817672,-84.1687889441172,-67.2216982067452,-43.1518947539414,-54.8639510516418,-52.2351183962787,-36.7473402687378
07-Nov-2024 22:54:58,9,39,-0.0614052859445413,0.395308085282644,0.049800298611323,0.102142690618833,0.838540736834208,-0.199049561222394,0.496785289049149,-125.335720488731,-108.887566698058,-64.2634251942533,-82.6758168201791,-64.5936478579174,-43.6697606120337,-53.3774482335235,-49.9608170941212,-34.8351966474799
07-Nov-2024 22:55:11,9,40,-0.06088521083196,0.39629011352857,0.0536675649384658,0.101171450813611,0.834323000907898,-0.212723080317179,0.498415855566661,-127.997198686868,-106.129156049885,-62.9273669537365,-78.7309657671028,-57.7860119091903,-40.30908972124,-51.3654719161071,-50.7408584910147,-35.2683644294965
07-Nov-2024 22:55:58,9,41,-0.0593681943913301,0.393067389726639,0.0489987554649512,0.0923955728610357,0.835253854592641,-0.231270853678385,0.490232473611832,-128.826205132838,-103.116066794725,-61.2224799397211,-76.3870541785956,-61.2431687604128,-42.0376872048893,-49.9162323483397,-48.1187285383828,-33.2538765098758
07-Nov-2024 22:56:12,9,42,-0.0581783418854078,0.393762967983882,0.053131036957105,0.0890182316303253,0.831045782566071,-0.244601035118103,0.491537320613861,-131.487683330975,-100.357656146551,-59.8864216992043,-72.4422031255193,-54.4355328116857,-38.6770163140956,-47.9042560309232,-48.8987699352763,-33.6870442918924
07-Nov-2024 22:57:01,9,43,-0.056553943703572,0.390685002009074,0.0476660616695881,0.075179402033488,0.830889089902242,-0.268307928244273,0.481645369529724,-132.632925653029,-97.0969061948844,-58.7409490719382,-68.9228218047276,-60.2602932629338,-39.4359796105233,-47.8986480883313,-46.9277256574072,-31.5463842230904
07-Nov-2024 22:57:15,9,44,-0.0588663366933664,0.389657731850942,0.0443294199804465,0.0805887967348099,0.837732458114624,-0.243967218200366,0.481860756874084,-124.473712503309,-96.962253565379,-58.270616235021,-71.5232808918317,-61.1565310992041,-39.4810920064941,-44.9651292899963,-42.4716297498573,-28.915329747151
07-Nov-2024 22:58:05,9,45,-0.0574788582821687,0.385223748286565,0.0433056771755218,0.0951543509960175,0.842357738812764,-0.193866419792175,0.493755978345871,-116.906381415548,-97.1014312841269,-57.7455762047293,-73.061474845078,-59.668967135462,-37.3110214960755,-45.5097946790735,-43.089991004926,-30.3973613458023
07-Nov-2024 22:58:18,9,46,-0.0595890368024508,0.384504433472951,0.0395232245326042,0.105640050768852,0.845480763912201,-0.169735795259476,0.495168898502986,-108.747168265828,-96.9667786546215,-57.2752433678122,-75.661933932182,-60.5652049717323,-37.3561338920463,-42.5762758807385,-38.6338950973762,-27.7663068698629
07-Nov-2024 22:59:10,9,47,-0.0571637950837612,0.380860070387522,0.0387035883963108,0.125026404857635,0.843815112113953,-0.128748777508736,0.505735305945079,-102.758896147088,-96.8940411992428,-56.6275569342077,-77.8062604523572,-57.5695419079962,-36.8186548348223,-42.1318491761095,-41.1400277711358,-29.8917954312189
07-Nov-2024 22:59:24,9,48,-0.0599074112872283,0.379843771457672,0.0344934644798438,0.13255565961202,0.846088290214539,-0.100784716506799,0.506365541617076,-94.5996829973687,-96.7593885697375,-56.1572240972906,-80.4067195394612,-58.4657797442665,-36.8637672307931,-39.1983303777745,-36.683931863586,-27.2607409552795
07-Nov-2024 23:00:15,9,49,-0.0551857575774193,0.376603885491689,0.032045599569877,0.138290824492772,0.843629880746206,-0.0635288263360659,0.51490623553594,-87.9759403631387,-97.6306935272954,-46.9732144620299,-81.2041123431009,-52.9910671305335,-37.8175839001664,-40.8093576262925,-38.2589502466912,-29.1079579979878
07-Nov-2024 23:00:28,9,50,-0.0575079023838043,0.37605813741684,0.0280963671704133,0.147539913654327,0.843032276630402,-0.0408453566332658,0.515616381168366,-79.8167272134193,-97.49604089779,-46.5028816251128,-83.8045714302049,-53.8873049668038,-37.8626962961372,-37.8758388279574,-33.8028543391413,-26.4769035220484
07-Nov-2024 23:01:22,9,51,-0.0572923513750235,0.372977276643117,0.0294943197319905,0.161456232269605,0.832888646920522,0.0108895833293597,0.529254066944122,-69.2752493214446,-97.3393670618163,-50.6757103890238,-86.4034973755768,-50.8480675780725,-36.1121608288092,-37.5895930530489,-35.1373155769192,-27.509984805433
07-Nov-2024 23:01:35,9,52,-0.0604631098608176,0.372055226564407,0.0257277113695939,0.169906756281853,0.828563900788625,0.0478889641662439,0.531338127454122,-61.1160361717251,-97.204714432311,-50.2053775521067,-89.0039564626808,-51.7443054143428,-36.1572732247799,-34.6560742547139,-30.6812196693694,-24.8789303294937
07-Nov-2024 23:02:17,9,53,-0.053461496780316,0.369002942244212,0.0165523044764996,0.178763056794802,0.827106062571208,0.0652208591500918,0.528853130340576,-56.3841383679001,-84.059583751176,-41.7652247579517,-89.5226210248093,-52.706951375478,-32.37996752433,-35.4080979672464,-32.0406617462712,-26.773406405656
07-Nov-2024 23:02:30,9,54,-0.0463811948895454,0.370136286815008,0.00999573798229297,0.173782750964165,0.831278852621714,0.0716153870026271,0.523112142086029,-59.1433729352025,-79.7004636732752,-39.7784911633826,-90.8670521578039,-55.262334949114,-33.8504857555293,-39.0364851680657,-37.6298252505093,-29.7608146021563
07-Nov-2024 23:03:12,9,55,-0.0485956328610579,0.371207090218862,0.0112117294222116,0.194901512066523,0.831341131528219,0.0393475907544295,0.518977014223735,-65.7320413169412,-75.6733382937573,-41.2400479690205,-92.6986000053654,-52.5963497164997,-34.1970920209039,-36.2766906247417,-35.4041280410789,-26.5017567384876
07-Nov-2024 23:03:25,9,56,-0.0421088603635629,0.372864971558253,0.00706343557685614,0.187610668937365,0.835558263460795,0.0420271769165993,0.51466330687205,-68.4912758842437,-71.3142182158565,-39.2533143744514,-94.04303113836,-55.1517332901357,-35.6676102521033,-39.9050778255609,-40.993291545317,-29.4891649349879
07-Nov-2024 23:04:04,9,57,-0.0416936290760835,0.373771196603775,0.00264863225941857,0.196637001633644,0.839479227860769,0.02121730123957,0.506120955944061,-73.6902273587642,-64.9460954871471,-38.6907259799858,-95.7060206286381,-55.0964324606465,-35.8261725003902,-38.8393741543086,-40.1250246927207,-27.7783401014037
07-Nov-2024 23:04:18,9,58,-0.0365134691198667,0.375961726903915,-0.000217502003943082,0.191947071750959,0.842767099539439,0.0192536044865847,0.502522881825765,-76.4494619260667,-60.5869754092463,-36.7039923854167,-97.0504517616327,-57.6518160342826,-37.2966907315896,-42.4677613551278,-45.7141881969588,-30.7657482979041
07-Nov-2024 23:05:00,9,59,-0.03791345829765,0.378998555739721,0.000359820238857841,0.189164656400681,0.846144183476766,-0.00351800137820343,0.498241313298543,-83.1285549469781,-62.4233540059412,-37.1543313908993,-98.479162073269,-59.351857406356,-38.2612309713327,-44.7991031199113,-45.0746365227797,-30.6540399793622
07-Nov-2024 23:05:13,9,60,-0.0325350026289622,0.381398244698842,-0.00161915400531143,0.178479752937953,0.848792922496796,-0.00251742759719491,0.497683860858281,-85.8877895142806,-58.0642339280404,-35.1675977963302,-99.8235932062636,-61.907240979992,-39.731749202532,-48.4274903207305,-50.6638000270178,-33.6414481758625
07-Nov-2024 23:05:56,9,61,-0.0333979807794094,0.382736148436864,-0.00241689685111245,0.180814789732297,0.8490132411321,0.0042255693115294,0.496452089150747,-86.1819533083876,-63.9278631874372,-37.2494005017869,-101.585163928579,-63.1349534528468,-41.4742784380033,-50.3573548035319,-52.0136059420473,-35.6042981148417
07-Nov-2024 23:06:10,9,62,-0.0288729280233383,0.38533461689949,-0.00454257413124045,0.175149860978127,0.850488730271657,0.000142950934544691,0.495975275834401,-88.9411878756901,-59.5687431095364,-35.2626669072178,-102.929595061574,-65.6903370264828,-42.9447966692026,-53.9857420043512,-57.6027694462854,-38.591706311342
07-Nov-2024 23:06:55,9,63,-0.0279230431964,0.38805578549703,-4.03965008445084e-05,0.170819198091825,0.850476968288422,-0.000907015684060752,0.497502706448237,-91.7428870563948,-63.8459977002846,-39.4352014626615,-104.632595989229,-67.4318850497282,-44.2513204025379,-56.9898678461615,-58.8222541559192,-41.6668353790818
07-Nov-2024 23:07:08,9,64,-0.0236371328433355,0.390261805057526,-0.0028134083840996,0.164108040928841,0.852373576164246,-0.00179578696843237,0.496512488524119,-94.5021216236973,-59.4868776223837,-37.4484678680924,-105.977027122223,-69.9872686233642,-45.7218386337372,-60.6182550469808,-64.4114176601573,-44.6542435755821
07-Nov-2024 23:07:56,9,65,-0.0215657327324152,0.392198844750722,-0.00155758399050683,0.149633723497391,0.85426930586497,0.00177996496980389,0.497825833161672,-95.8575884977009,-68.1459448788079,-40.6413683485297,-106.300743152548,-73.2607344218049,-46.5103596160045,-65.0595115682956,-70.9657417670932,-45.5855122077022
07-Nov-2024 23:08:10,9,66,-0.0163411468267441,0.394864191611608,-0.00415992379809419,0.141775809725126,0.855542782942454,0.000938563196298977,0.497941039005915,-98.6168230650033,-63.7868248009071,-38.6546347539606,-107.645174285543,-75.8161179954409,-47.9808778472038,-68.6878987691148,-76.5549052713313,-48.5729204042026
07-Nov-2024 23:08:59,9,67,-0.0150210642566284,0.397086652119954,-0.00210158398064474,0.139138029019038,0.85585496822993,-0.00511976033449173,0.498123170932134,-101.274173785656,-68.7117983901692,-42.9327181968948,-109.079247867202,-78.1305426814793,-49.6353974539371,-71.0727206301819,-80.6016490769183,-52.7072588185127
07-Nov-2024 23:09:13,9,68,-0.0133001323168476,0.397997331619263,-0.00371946422383189,0.136895663539569,0.856560830275218,0.0307646479457617,0.496605175733566,-93.5356686677661,-70.4932785160379,-44.001606272416,-112.794646866012,-78.1311889224535,-49.8138685870111,-74.967329220755,-81.3417282404912,-53.2554464128861
07-Nov-2024 23:10:00,9,69,-0.0095692399268349,0.397696540753047,-0.00853074031571547,0.13518988887469,0.856070470809936,0.084871510664622,0.491593257586161,-85.8212216265512,-67.2418054754878,-42.8779028666888,-115.954867089155,-78.0113557196289,-50.759340407852,-79.5151551414521,-84.2355975547385,-54.1520991161643
07-Nov-2024 23:10:13,9,70,-0.00854089601586262,0.398543085654577,-0.0105712134391069,0.13084399998188,0.853355145454407,0.12131404876709,0.489844665924708,-78.0827165086609,-69.0232856013565,-43.9467909422101,-119.670266087965,-78.0120019606031,-50.937811540926,-83.4097637320253,-84.9756767183114,-54.7002867105376
07-Nov-2024 23:10:58,9,71,-0.00410126804684599,0.397796718279521,-0.0162224110215902,0.139061727126439,0.850485475858053,0.165329158306122,0.479585886001587,-69.9812404291083,-64.5382891440156,-42.044383277107,-122.358075698942,-77.9524084796779,-51.4997830178834,-83.8059809876605,-87.7676509572215,-55.4227068593634
07-Nov-2024 23:11:11,9,72,-0.00183574971742928,0.398707636197408,-0.019153876354297,0.133250330885251,0.845289182662964,0.20721127986908,0.474124560753504,-62.2427353112181,-66.3197692698842,-43.1132713526282,-126.073474697752,-77.9530547206521,-51.6782541509574,-87.7005895782337,-88.5077301207944,-55.9708944537367
07-Nov-2024 23:11:45,9,73,0.00765908354272445,0.399327788750331,-0.0285500104228655,0.134505634506543,0.841081968943278,0.252079691489538,0.459287762641907,-47.9477447124967,-46.1430111041476,-28.7465115578374,-128.525079002645,-79.9485811006766,-48.9734754559732,-90.5960025013378,-89.2237568220359,-58.1811983253362
07-Nov-2024 23:11:58,9,74,0.00766724782685439,0.401505569616954,-0.0280897888044516,0.136246715982755,0.838468074798584,0.26446124513944,0.456583372751872,-40.2092395946065,-47.9244912300162,-29.8153996333586,-132.240478001455,-79.9492273416508,-49.1519465890471,-94.490611091911,-89.9638359856088,-58.7293859197095
07-Nov-2024 23:12:53,9,75,0.00292706730154653,0.400255771478017,-0.0227298559000095,0.138799335559209,0.842817290623983,0.236572245756785,0.463063075145086,-57.0735094553239,-63.2043096564519,-38.5729382415452,-129.531782256349,-80.4145419648527,-50.1151527090802,-91.0013827232963,-90.2041626490519,-57.8575142628508
07-Nov-2024 23:13:06,9,76,0.00373980076983571,0.399425278107325,-0.0285605909923712,0.146624608834585,0.84141142765681,0.242366628845533,0.460202558835347,-50.8910220564571,-58.7882472286898,-35.923300784888,-125.5049838582,-81.3074165185294,-50.1199837431423,-85.2367521884162,-90.8315155436606,-57.729584467379
07-Nov-2024 23:13:54,9,77,0.00330366929993033,0.394937553008397,-0.0299041720728079,0.148554250597954,0.850038286050161,0.207422669728597,0.460806274414063,-54.8069132873827,-53.8701252280267,-20.4522513606529,-122.737236786573,-83.4115111069687,-50.0790023201899,-80.0848227366688,-91.0403553226866,-57.9046837412138
07-Nov-2024 23:14:07,9,78,0.00396134001202881,0.393899041414261,-0.0335198248426119,0.159000410636266,0.849700172742208,0.209830617904663,0.456836299101512,-48.6244258885159,-49.4540628002647,-17.8026139039956,-118.710438388424,-84.3043856606454,-50.0838333542521,-74.3201922017886,-91.6677082172954,-57.776753945742
07-Nov-2024 23:15:03,9,79,0.000582163567499568,0.393090178569158,-0.0291973418245713,0.15804497996966,0.854043030738831,0.186213072141012,0.459300593535105,-55.7341752885364,-57.3183970300591,-38.7461263299534,-120.42261232878,-87.4352972384246,-53.8076143075682,-75.2874008147678,-94.2667431368142,-58.6664506206748
07-Nov-2024 23:15:16,9,80,-0.00191539553149293,0.395858410994212,-0.0355560995638371,0.162159784634908,0.853390908241272,0.180044737458229,0.461532322565715,-59.5947353736604,-56.2837610463037,-38.1253447397002,-121.955260605875,-94.0855987988226,-57.0293014893917,-75.9482588861807,-96.8500346141244,-59.8546327609544
07-Nov-2024 23:15:43,9,81,0.00274071296056112,0.395092858870824,-0.0373435306052367,0.154140429695447,0.853861359755198,0.197416437665621,0.456276456514994,-41.8298901162324,-29.1736101693226,-19.7117101575525,-118.1776717146,-94.7012053679112,-53.8270355569615,-76.0872922283767,-101.466197812539,-51.2185721685607
07-Nov-2024 23:15:57,9,82,0.00452887875338395,0.396287606159846,-0.0374475205938021,0.130564101537069,0.854297796885172,0.201377680897713,0.461058795452118,-49.4169043390029,-31.5532643579342,-21.1395026707195,-115.610759108119,-97.2188929501172,-55.3238447669257,-80.5422398673402,-102.833311469202,-52.1400944157534
07-Nov-2024 23:16:42,9,83,0.00238041537813842,0.397757089138031,-0.0325157421330611,0.0936491042375565,0.856693311532338,0.177243390679359,0.475280102094015,-61.5662158904972,-20.8951610999329,-41.4958686879392,-114.813727917453,-99.4192330366686,-60.358677419763,-86.5362751416953,-103.491860986417,-58.4244952966093
07-Nov-2024 23:16:55,9,84,0.00162423721825083,0.400745405753454,-0.0293011585871379,0.0802993228038152,0.858362944920858,0.154926629861196,0.48245504895846,-69.1532301132677,-23.2748152885445,-42.9236612011062,-112.246815310971,-101.936920618875,-61.8554866297272,-90.9912227806588,-104.85897464308,-59.346017543802
07-Nov-2024 23:17:45,9,85,0.00291387458952765,0.401209853092829,-0.030616473654906,0.0525310484071573,0.858228878180186,0.147319887081782,0.488856397072474,-69.9463930004001,-61.3605907538501,-43.6157404662996,-110.339843412398,-105.270934453253,-64.5963075611279,-94.190714237318,-106.846806230019,-61.8989791078262
07-Nov-2024 23:17:59,9,86,0.00214935415424407,0.404016844431559,-0.0281361962358157,0.0391763344407082,0.859298543135325,0.126947469512622,0.493918623526891,-77.5334072231706,-63.7402449424617,-45.0435329794665,-107.772930805916,-107.788622035459,-66.0931167710921,-98.6456618762815,-108.213919886682,-62.8205013550189
07-Nov-2024 23:18:44,9,87,0.00306316772475839,0.405661110083262,-0.0274804942309856,0.0113782991965612,0.857351080576579,0.115961961448193,0.501370632648468,-80.2234957781221,-66.4979597694205,-45.4284688686467,-106.960988553389,-110.189472743752,-67.3869318417745,-103.822881424093,-109.516392508483,-65.1577432606274
07-Nov-2024 23:18:58,9,88,0.00341824521310627,0.408841991424561,-0.0253611223151286,-0.00799130356560151,0.856353032588959,0.10264088511467,0.506024265289307,-87.8105100008926,-68.8776139580321,-46.8562613818136,-104.394075946907,-112.707160325958,-68.8837410517387,-108.277829063056,-110.883506165146,-66.07926550782
07-Nov-2024 23:19:44,9,89,0.00693111826355259,0.407265893618266,-0.0257154876987139,-0.0317512914538383,0.853633479277293,0.117258759836356,0.506509780883789,-81.1605073837873,-66.8581420450505,-43.7347317305271,-102.82431129857,-110.68647742277,-65.367761525767,-110.64836248609,-110.526560241485,-66.1789624106975
07-Nov-2024 23:19:57,9,90,0.0117287779226899,0.407509313027064,-0.0233725404987733,-0.0518207892775536,0.850389178593953,0.140103503068288,0.504503560066223,-76.3589676005915,-66.1496398128955,-43.309630391234,-99.6270614732551,-103.999212956539,-61.9532790694361,-114.5327599547,-110.351934835255,-66.0207994843671
07-Nov-2024 23:20:43,9,91,0.0192915827035904,0.404498505592346,-0.0165763324747483,-0.0878372311592102,0.84601735273997,0.153158521652222,0.503072357177734,-72.433196400441,-63.5856527403271,-42.5113148959442,-97.018554236429,-99.6452392718302,-58.4130480782849,-117.285225400522,-110.31114917031,-65.9165664726406
07-Nov-2024 23:20:57,9,92,0.0237564817070961,0.405022452274958,-0.0148163797333837,-0.101484023531278,0.84353578488032,0.170746305584908,0.498993090788523,-67.6316566172452,-62.877150508172,-42.0862135566512,-93.8213044111144,-92.9579748055996,-54.998565621954,-121.169622869131,-110.13652376408,-65.7584035463102
07-Nov-2024 23:21:41,9,93,0.0319523672262828,0.402075666189194,-0.00766498716548085,-0.146010366082191,0.839206298192342,0.177102616429329,0.492999448378881,-64.243001125572,-59.2909058558102,-40.7995051393597,-87.6934258800441,-85.4873557301297,-52.946208898213,-124.038054326347,-110.478818228493,-65.7772055772818
07-Nov-2024 23:21:55,9,94,0.0366929364701112,0.402471647659938,-0.00242792850670715,-0.157797660430272,0.838423367341359,0.194886900981267,0.483906231323878,-59.4414613423762,-58.5824036236551,-40.3744038000667,-84.4961760547296,-78.800091263899,-49.5317264418821,-127.922451794957,-110.304192822263,-65.6190426509514
07-Nov-2024 23:22:40,9,95,0.0446899622678757,0.401240652799606,0.00126920910552144,-0.185294508934021,0.836255645751953,0.192883183558782,0.478684188922246,-57.8963637049416,-58.5350301813967,-37.1934989217745,-79.6836118765372,-72.7711494930487,-46.5733068518461,-129.87386625787,-111.588027351354,-65.849362203272
07-Nov-2024 23:22:54,9,96,0.0495988488197327,0.40184384783109,0.00604726482803623,-0.19909632007281,0.835034048557281,0.209386002024015,0.468226812283198,-53.0948239217459,-57.8265279492416,-36.7683975824814,-76.4863620512226,-66.0838850268181,-43.1588243955153,-133.758263726479,-111.413401945124,-65.6911992769415
07-Nov-2024 23:23:46,9,97,0.0496533838411172,0.402008511622747,0.00588924083858728,-0.214112799366315,0.832062649726868,0.196220120787621,0.472572918732961,-56.5965052114306,-59.6985901120349,-36.0903944736888,-75.0314550494691,-66.6257819082775,-44.8473733723319,-136.00116969224,-111.593006506555,-66.7772775899366
07-Nov-2024 23:23:59,9,98,0.0538462355732918,0.402573716640472,0.0095727626234293,-0.231226808826129,0.828908979892731,0.210523371895154,0.46381451288859,-51.7949654282348,-58.9900878798799,-35.6652931343958,-71.8342052241546,-59.9385174420468,-41.432890916001,-139.88556716085,-111.418381100325,-66.6191146636062
07-Nov-2024 23:24:55,9,99,0.0531629587213198,0.402387903134028,0.00677472104628881,-0.256869459152222,0.819055358568827,0.195609065890312,0.474239981174469,-55.7950361814794,-58.446867845199,-35.1137409103529,-68.9831268106205,-65.3408336496612,-45.0699241762438,-142.724218878036,-111.120870677926,-67.3080723569385
07-Nov-2024 23:25:09,9,100,0.0569340738157431,0.403332984447479,0.0104140501469374,-0.27419903477033,0.814739366372426,0.210798199971517,0.465380255381266,-50.9934963982836,-57.738365613044,-34.6886395710599,-65.785876985306,-58.6535691834305,-41.655441719913,-146.608616346645,-110.946245271696,-67.1499094306081
07-Nov-2024 23:26:21,10,1,-0.0218857067326705,0.311865224440893,0.00748646041999261,0.0161163825541735,0.863016561667124,0.0100698260590434,0.504818125565847,-6.82500000000001,-12.9,-5.62500000000001,-7.27500000000001,-12.6,-6.45000000000001,-6.00000000000001,-8.02500000000001,-9.075
07-Nov-2024 23:26:35,10,2,-0.02438520056506,0.315195103486379,-0.00222253520817806,0.00764019411678116,0.861827842394511,0.0385783235232035,0.505673948923747,-4.59143247936491,-11.3045946281178,-4.66775677687068,-11.3900714811421,-19.2085121361301,-9.5947190762363,-10.8350518047804,-7.49310843003074,-8.64951070611836
07-Nov-2024 23:27:14,10,3,-0.0236111868172884,0.320442018906275,-0.00450467330714067,-5.26259929756634e-05,0.85906834602356,0.0710674693187078,0.50690344174703,-5.5453649587298,-18.1091892562354,-7.79801355374134,-18.9176429622841,-22.7420242722602,-16.8644381524726,-19.5701036095608,-10.7487168600614,-11.0365214122367
07-Nov-2024 23:27:27,10,4,-0.026618226369222,0.323841937383016,-0.0150841239218911,-0.00148488185368478,0.854479555288951,0.0981916969021161,0.510118536154429,-3.3117974380947,-16.5137838843532,-6.84077033061202,-23.0327144434261,-29.3505364083903,-20.0091572287089,-24.4051554143412,-10.2168252900922,-10.611032118355
07-Nov-2024 23:28:10,10,5,-0.0270477080096801,0.328349284331004,-0.0180854561428229,-0.00114343295960377,0.852399651209513,0.109645901620388,0.511264463265737,-5.07197991745955,-20.3183785124709,-11.3772771074826,-28.4790359245682,-37.0465485445204,-26.9413763049451,-28.6402072191217,-15.3286837201228,-13.3167928244733
07-Nov-2024 23:28:24,10,6,-0.0291595444083214,0.330854070186615,-0.0251264084130526,-0.00626358914499482,0.847776520252228,0.125798162817955,0.515180154641469,-2.83841239682445,-18.7229731405887,-10.4200338843533,-32.5941074057102,-43.6550606806505,-30.0860953811814,-33.4752590239021,-14.7967921501535,-12.8913035305917
07-Nov-2024 23:29:07,10,7,-0.0236745581030846,0.332539900143941,-0.0142884529506167,-0.0240608602762222,0.852715615431468,0.101623859504859,0.51182986497879,-10.3988089478574,-23.9311321909293,-12.1218043145577,-30.8725601195649,-42.1785362897152,-27.3205240907478,-36.8803760680226,-18.7233219738559,-15.897571847477
07-Nov-2024 23:29:21,10,8,-0.0216005353877942,0.334913547833761,-0.00954182657102744,-0.032618506004413,0.854518326123555,0.0807748466730118,0.512064377466838,-17.1623304988904,-23.81429124127,-12.0516997447621,-27.0603878334196,-37.38326189878,-24.9112028003143,-39.8354931121431,-21.4779767975584,-17.2632151643623
07-Nov-2024 23:30:05,10,9,-0.0169083867222071,0.336862816413244,0.00374831554169456,-0.07732276370128,0.856863709290822,0.0529126867651939,0.506957678000132,-24.6242895499233,-27.7849502916109,-15.9425326749664,-23.5435280472744,-32.2223625078447,-21.6487565098807,-47.5156101562635,-21.6685691212609,-19.1491709812476
07-Nov-2024 23:30:19,10,10,-0.0144117498149474,0.339241723219554,0.0113910981143514,-0.0989977265397708,0.856220777829488,0.0222631397346656,0.50654692252477,-31.3878111009563,-27.6681093419516,-15.8724281051709,-19.7313557611291,-27.4270881169095,-19.2394352194472,-50.470727200384,-24.4232239449634,-20.5148142981329
07-Nov-2024 23:31:05,10,11,-0.011436084471643,0.34097053805987,0.0144816135987639,-0.140185066064199,0.852201461791992,-0.015291429994007,0.503852180639903,-40.5255514019893,-28.8450183922925,-17.1827922853753,-14.1168397249838,-30.1740012259741,-19.0285514290136,-55.9383442445045,-25.2208475186658,-22.4406138650181
07-Nov-2024 23:31:19,10,12,-0.00895454740772645,0.343598252534866,0.021549263348182,-0.158172726631165,0.848770948251088,-0.0459551088511944,0.502451419830322,-47.2890729530223,-28.7281774426332,-17.1126877155797,-10.3046674388386,-25.3787268350389,-16.61923013858,-58.893461288625,-27.9755023423683,-23.8062571819034
07-Nov-2024 23:32:13,10,13,-0.011589702963829,0.347886743148168,0.0196717688192924,-0.155457494656245,0.848910748958588,-0.0545442471901576,0.502203639348348,-53.9647038790552,-36.0082114929742,-19.7578175207841,-15.4913232776932,-30.8045461941035,-20.7841275981464,-62.9548283327454,-28.5516415410708,-25.4519786237887
07-Nov-2024 23:32:26,10,14,-0.0088394358754158,0.350535883506139,0.0152235697954893,-0.148777864376704,0.848939116795858,-0.0428498799602191,0.505303339163462,-54.8870739462103,-36.8856174412708,-20.284261089762,-19.8700283340997,-35.8824011141219,-23.4107956529852,-65.8321545546481,-34.1025910689862,-28.3151939825761
07-Nov-2024 23:33:12,10,15,-0.00453933896496892,0.352657788991928,0.0170651098092397,-0.165014920632044,0.846166165669759,-0.0397125815351804,0.505169141292572,-55.9904987008653,-36.7364608895675,-20.8183218462399,-19.4481474530063,-36.4708029091403,-23.5495730828241,-70.3876057765507,-37.2142827844016,-30.3434484038635
07-Nov-2024 23:33:26,10,16,-0.0030043069118013,0.355579878886541,0.0115615025783579,-0.157701314489047,0.846624664465586,-0.0250307833154996,0.507671630382538,-56.9128687680203,-37.613866837864,-21.3447654152179,-23.8268525094128,-41.5486578291586,-26.1762411376629,-73.2649319984533,-42.765232312317,-33.2066637626508
07-Nov-2024 23:34:11,10,17,0.000178292742445289,0.357660955190659,0.0145786893864473,-0.157974070310593,0.846678801377614,-0.0228762168437243,0.50759820540746,-58.1507661789253,-41.8029915361608,-22.6250175779458,-25.7302645970694,-40.706786186677,-27.7839638800018,-75.9313207203559,-46.1965529339824,-35.8023986526882
07-Nov-2024 23:34:24,10,18,0.001613523120371,0.360579218467077,0.00909594303617875,-0.156847152113914,0.845993189016978,-0.00969030000269413,0.509510238965352,-59.0731362460803,-42.6803974844574,-23.1514611469237,-30.1089696534759,-45.7846411066954,-30.4106319348406,-78.8086469422586,-51.7475024618978,-38.6656140114755
07-Nov-2024 23:35:10,10,19,0.00403289276485642,0.362838103373845,0.00971537617345651,-0.150019526481628,0.846974341074626,0.0049589054659009,0.510003976027171,-58.3532699851103,-44.3886628077541,-24.6548090127766,-33.9250282255074,-46.0276327454637,-33.2778273334294,-80.7555044141612,-56.0886375366882,-42.5200891358878
07-Nov-2024 23:35:23,10,20,0.00622080257162452,0.365783617893855,0.0050619611206154,-0.145367759466171,0.846628296375275,0.0137147316709161,0.511762340863546,-59.2756400522653,-45.2660687560506,-25.1812525817546,-38.3037332819139,-51.1054876654821,-35.9044953882682,-83.6328306360638,-61.6395870646036,-45.3833044946752
07-Nov-2024 23:36:09,10,21,0.00851891686518987,0.370217494169871,0.00585732562467456,-0.139115831255913,0.847950839996338,0.0268708335856597,0.51078782081604,-60.8018919553578,-45.2089043918472,-27.84614829917,-43.4511150961329,-54.0659109448755,-36.8514271149821,-87.0949224829665,-67.5606293659565,-49.042149736275
07-Nov-2024 23:36:23,10,22,0.0123079861203829,0.373582545916239,0.000420784241093012,-0.137926574548086,0.84657795826594,0.0393342092633247,0.512576683362325,-61.7242620225128,-46.0863103401438,-28.3725918681479,-47.8298201525395,-59.1437658648938,-39.4780951698209,-89.9722487048691,-73.1115788938719,-51.9053650950624
07-Nov-2024 23:37:09,10,23,0.0135533963019649,0.376571311553319,0.000453369189441825,-0.128988944490751,0.84812072912852,0.0505528062582016,0.511368322372437,-62.5735730076366,-49.7214311321904,-30.4182615113446,-52.6678635878522,-61.5129049645997,-42.0148950605972,-92.6919577392717,-78.397574808506,-54.866395395256
07-Nov-2024 23:37:22,10,24,0.0161061866829793,0.379799981911977,-0.00579131922374169,-0.122505244612694,0.847735798358917,0.0632254029313723,0.51219044526418,-63.4959430747916,-50.598837080487,-30.9447050803225,-57.0465686442587,-66.5907598846181,-44.6415631154361,-95.5692839611744,-83.9485243364214,-57.7296107540433
07-Nov-2024 23:38:09,10,25,0.0119729336972038,0.379188811779022,-0.00925443513939778,-0.0844109321633975,0.854473574956258,0.0801272163788478,0.506289831797282,-60.1233337742345,-50.22051546465,-33.9500106948047,-62.5210128473426,-73.6023238253198,-46.6538720550626,-90.0856615363872,-87.9224582180794,-56.4685056651246
07-Nov-2024 23:38:22,10,26,0.00638985289260745,0.380825906991959,-0.0175854202359915,-0.0673812781771024,0.854508018493652,0.0907533685366313,0.506990798314412,-58.812254014693,-51.463336426938,-34.6957032721775,-68.1407878609733,-80.0182456761778,-49.9861150767205,-86.48084770535,-84.603868906378,-54.9334931055027
07-Nov-2024 23:39:09,10,27,-0.00189297606702894,0.379036984841029,-0.0218383130927881,-0.0164272115876277,0.860222053527832,0.0964561839898427,0.500444249312083,-57.7454094846437,-50.1705861001634,-34.696202368105,-74.2128974693306,-83.7319885719578,-53.8583910573626,-82.9116295774379,-83.8065411913562,-53.1604342812324
07-Nov-2024 23:39:22,10,28,-0.00803402978926897,0.381421093146006,-0.0309055991470814,0.00346519004863997,0.858643774191538,0.108327479163806,0.500983075300853,-56.4343297251022,-51.4134070624514,-35.4418949454778,-79.8326724829613,-90.1479104228158,-57.1906340790204,-79.3068157464007,-80.4879518796549,-51.6254217216105
07-Nov-2024 23:40:07,10,29,-0.0158026147633791,0.380501701434453,-0.035932445526123,0.0401887364685535,0.857590866088867,0.127613811691602,0.496626124779383,-53.4453675803068,-51.4634423802081,-35.8149907821279,-84.6286147939553,-94.6127427961348,-61.4678935801704,-75.6447997669261,-78.6549933662933,-48.7713860296644
07-Nov-2024 23:40:20,10,30,-0.0220232582340638,0.383048456907272,-0.0453304412464301,0.066755843659242,0.854109879334768,0.13733976384004,0.497169772783915,-52.1342878207653,-52.7062633424961,-36.5606833595007,-90.248389807586,-101.028664646993,-64.8001366018283,-72.0399859358889,-75.336404054592,-47.2363734700425
07-Nov-2024 23:41:04,10,31,-0.0336051459113757,0.382545401652654,-0.0508897590140502,0.0986993273099264,0.853015140692393,0.138610372940699,0.493366833527883,-52.0842668685968,-51.0276914825183,-36.5950775665122,-92.6812484698984,-106.544041759081,-70.1048878632321,-67.956571030633,-70.9606301420605,-44.0668493442585
07-Nov-2024 23:41:17,10,32,-0.0246912745138009,0.384985826412837,-0.0530185361703237,0.0883757079641024,0.852446182568868,0.148302553097407,0.493489217758179,-52.0180350472621,-50.4168653023191,-36.2285818583927,-94.4340271263804,-108.943085709914,-71.2433272206287,-72.2330805638178,-77.8964235844567,-47.4736634474367
07-Nov-2024 23:41:46,10,33,-0.0140795834362507,0.38563220500946,-0.0503990009427071,0.0580285223821799,0.851063593228658,0.171712331970533,0.492786320050557,-45.232332629614,-29.8203427109868,-20.5064369650927,-91.2183476072032,-109.091857291363,-63.5430206978985,-79.1202895598931,-77.1036247264378,-54.4882217675338
07-Nov-2024 23:42:00,10,34,-0.00707651640598973,0.387660427888234,-0.0489157805840174,0.0457989275455475,0.853661366303762,0.167393068472544,0.491064488887787,-45.1661008082793,-29.2095165307877,-20.1399412569732,-92.9711262636852,-111.490901242196,-64.6814600552951,-83.3967990930779,-84.039418168834,-57.8950358707119
07-Nov-2024 23:42:51,10,35,-0.00868605890621742,0.391035248835882,-0.0462338206668695,0.0518033362925053,0.8580801765124,0.145185507337252,0.489832639694214,-57.6401336887878,-55.1308421450223,-36.7706209562633,-96.3646758323377,-114.039809008336,-69.8005264726282,-83.578658357708,-88.9109154610226,-61.4557220823495
07-Nov-2024 23:43:04,10,36,-0.000802001589909196,0.394349042574565,-0.0484685165186723,0.0381497753163179,0.856267833709717,0.157422430316607,0.490477418899536,-57.5739018674531,-54.5200159648232,-36.4041252481438,-98.1174544888196,-116.438852959169,-70.9389658300249,-87.8551678908928,-95.8467089034188,-64.8625361855277
07-Nov-2024 23:43:53,10,37,0.00110840587876737,0.398307480414708,-0.0477448843419552,0.0374495836595694,0.85813262462616,0.154889158407847,0.488073066870371,-62.42780239704,-58.6252656818413,-38.3862172437292,-101.215618601387,-119.587828817656,-74.7427187173897,-92.4843522898002,-101.900354270711,-70.5212863429356
07-Nov-2024 23:44:07,10,38,0.00860275086015463,0.401735051472982,-0.0500783783694108,0.029504940037926,0.857391405105591,0.16288411517938,0.487317393223445,-62.3615705757053,-58.0144395016421,-38.0197215356097,-102.968397257869,-121.986872768489,-75.8811580747863,-96.7608618229849,-108.836147713107,-73.9281004461137
07-Nov-2024 23:44:51,10,39,0.00901945134003957,0.40613842010498,-0.0447848950823148,0.0150692276656628,0.858398445447286,0.142988277475039,0.49242200255394,-70.6804049298314,-31.1116512700509,-42.1275196793429,-104.343868642393,-124.235882673149,-79.027254197167,-103.913708789031,-115.180867117952,-77.3358825764067
07-Nov-2024 23:45:05,10,40,0.0104739618177215,0.406720211108526,-0.0434167623519897,0.00236471865015725,0.855464812119802,0.154862867792447,0.494157725572586,-68.0317300984755,-31.0100922356996,-42.0665842587321,-104.44903368815,-116.228993746307,-75.0136538303106,-107.194318306982,-113.118750470097,-76.2946683490445
07-Nov-2024 23:45:33,10,41,0.0241308261950811,0.40503152012825,-0.0333188856641452,-0.029969331373771,0.85018341143926,0.195603257417679,0.487882570425669,-48.87558835485,-18.4375521756523,-23.0177957640475,-100.990545097928,-106.272087796377,-62.4788818459462,-111.613096541364,-118.861096803467,-64.7539381352398
07-Nov-2024 23:45:47,10,42,0.0278976519902547,0.405116105079651,-0.0264492247253656,-0.0409175830582778,0.850507855415344,0.207946182290713,0.481373459100723,-46.2269135234941,-18.335993141301,-22.9568603434368,-101.095710143684,-98.2651988695347,-58.4652814790898,-114.893706059315,-116.798980155613,-63.7127239078776
07-Nov-2024 23:46:27,10,43,0.0286025919020176,0.404844582080841,-0.0241077737261852,-0.0266720394293467,0.852727917830149,0.212370146314303,0.476489961147308,-59.1745052360032,-11.3239435941017,-12.8019983857891,-104.819048371451,-96.1833014311488,-58.8160953034793,-114.018399935482,-118.264094998371,-66.796751687294
07-Nov-2024 23:46:41,10,44,0.0313010556002458,0.40570942958196,-0.0192386160294215,-0.0390003196895123,0.852880537509918,0.221220937371254,0.4713119328022,-56.5258304046473,-11.2223845597505,-12.7410629651784,-104.924213417207,-88.1764125043061,-54.8024949366228,-117.299009453433,-116.201978350516,-65.7555374599318
07-Nov-2024 23:47:30,10,45,0.0313055213540792,0.405382496118546,-0.00829895393302043,-0.0350224328537782,0.860515916347504,0.223315986990929,0.456525733073552,-58.9002888452241,-11.4905802689752,-40.5581642760492,-106.013465053969,-81.8570193216918,-52.6711016653893,-118.351661150491,-115.528477447968,-68.2769442359589
07-Nov-2024 23:47:44,10,46,0.0344484776258469,0.406175794204076,-0.00230947937816381,-0.0439342362185319,0.861942688624064,0.231066982944806,0.449146546920141,-56.2516140138681,-11.3890212346239,-40.4972288554384,-106.118630099725,-73.850130394849,-48.6575012985329,-121.632270668443,-113.466360800114,-67.2357300085966
07-Nov-2024 23:48:07,10,47,0.0313159676889578,0.402374205986659,-0.00517739672213793,-0.0537511559824149,0.854640849431356,0.26134247581164,0.445420847336451,-35.1895058184785,-8.39733957206065,-21.4503118005684,-102.140838440985,-61.2119893401205,-37.260004479488,-118.848901275948,-103.398552024913,-57.1758262829291
07-Nov-2024 23:48:21,10,48,0.0303390831996997,0.402178062995275,-0.00542295680691799,-0.0540408951540788,0.854293449719747,0.262417948246002,0.445420223474503,-32.5408309871225,-8.29578053770939,-21.3893763799577,-102.246003486741,-53.2051004132779,-33.2464041126315,-122.129510793899,-101.336435377059,-56.1346120555669
07-Nov-2024 23:49:22,10,49,0.0239797907570998,0.403286985556285,-0.00442913329849641,-0.061453623821338,0.851909120877584,0.2557086845239,0.452865761518478,-53.38543947375,-11.3991601892521,-38.8354501422172,-104.809690180249,-72.4325854224921,-47.7408555196806,-124.628130856627,-103.971472665531,-60.259053079052
07-Nov-2024 23:49:35,10,50,0.0264960336188475,0.404032850265503,-0.00182537040673196,-0.0700872833530108,0.851324927806854,0.264909948905309,0.447388386726379,-50.736764642394,-11.2976011549009,-38.7745147216065,-104.914855226005,-64.4256964956494,-43.7272551528242,-127.908740374578,-101.909356017677,-59.2178388516897
07-Nov-2024 23:49:59,10,51,0.0229684480776389,0.403372311592102,-0.00438792385781805,-0.0948626418908437,0.840575079123179,0.296662904818853,0.443199310700099,-27.2097314700295,-7.39851146349659,-20.4670838924309,-101.674281095637,-40.6359945368353,-26.6176806729207,-133.423355164917,-93.4958163379857,-51.3094522497512
07-Nov-2024 23:50:13,10,52,0.0239153385162354,0.402474214633306,-0.00195277465196947,-0.0995393907030424,0.842445929845174,0.292112720012665,0.441641197601954,-34.4602547110696,-12.0955550783629,-22.9724633568798,-99.2109905577722,-40.3952962496786,-26.654189186358,-130.811794524997,-95.7716993680821,-52.6042514218151
07-Nov-2024 23:51:22,10,53,0.0266970295459032,0.402498477697372,-0.00136271968949586,-0.0969791839520136,0.849519650141398,0.251857447624207,0.453298209110896,-52.4965987816052,-61.3938333647031,-35.704595117046,-100.024830431845,-67.9631914465365,-45.5677106432716,-129.542236521271,-101.84687088226,-59.0904644065907
07-Nov-2024 23:51:36,10,54,0.0227767643829187,0.403648865222931,0.00439195722962419,-0.0965903326869011,0.854485535621643,0.227241107821465,0.45704079469045,-59.7471220226452,-66.0908769795694,-38.2099745814948,-97.5615398939802,-67.7224931593799,-45.604219156709,-126.93067588135,-104.122753912356,-60.3852635786546
07-Nov-2024 23:52:24,10,55,0.0319489312668641,0.402118416627248,0.00320601065953573,-0.0948892305294673,0.856732920805613,0.221513442198435,0.456000610192617,-56.8655556784331,-63.6135379301725,-37.4287301938024,-96.5118145620842,-66.0860916142305,-45.8542341418845,-125.365116559527,-107.998281184494,-64.1257696570743
07-Nov-2024 23:52:38,10,56,0.0278243641058604,0.40370084643364,0.0102360932156444,-0.0958337252338727,0.861022146542867,0.195600476861,0.459561985731125,-64.1160789194732,-68.3105815450388,-39.9341096582513,-94.0485240242193,-65.8453933270739,-45.8907426553219,-122.753555919606,-110.27416421459,-65.4205688291382
07-Nov-2024 23:53:26,10,57,0.0336775590976079,0.403309994935989,0.0060882156714797,-0.0867187743385633,0.86284198363622,0.155525075395902,0.473070345322291,-68.7755573678871,-60.8704338277732,-39.2961771966295,-93.6420160893388,-69.556843410921,-45.8840044046283,-120.364995938734,-113.049869365707,-69.43822145438
07-Nov-2024 23:53:39,10,58,0.0302390612661839,0.404991700251897,0.0128234143679341,-0.0870239625374476,0.865081862608592,0.130654448270798,0.476434308290482,-76.0260806089271,-65.5674774426395,-41.8015566610783,-91.1787255514739,-69.3161451237643,-45.9205129180656,-117.753435298814,-115.325752395803,-70.7330206264438
07-Nov-2024 23:54:27,10,59,0.0359465338289738,0.404609533150991,0.0109204092994332,-0.0790582155187925,0.864436332384745,0.0953006535768509,0.487254985173543,-81.5310814536541,-63.4459253914398,-41.7602801624918,-90.4938263151012,-69.7765210221096,-46.1603980494375,-115.028374988417,-118.45154648641,-72.7892465250966
07-Nov-2024 23:54:40,10,60,0.0322360972563426,0.406500738859177,0.0178534371157487,-0.0800404757261276,0.864445022741954,0.0691087434689204,0.491479746500651,-88.7816046946941,-68.1429690063061,-44.2656596269407,-88.0305357772362,-69.5358227349529,-46.1969065628749,-112.416814348497,-120.727429516506,-74.0840456971605
07-Nov-2024 23:55:28,10,61,0.0352661281824112,0.405915168921153,0.0173934519290924,-0.0751279567678769,0.861968843142192,0.0376751114924749,0.49994611342748,-91.3343667375777,-68.3057147881395,-45.1977111098718,-87.1314408901174,-69.5706615405472,-46.7851033852795,-111.473503873338,-123.728268076857,-75.2345582325188
07-Nov-2024 23:55:41,10,62,0.0316767734785875,0.407613440354665,0.0239799087246259,-0.0760672137141228,0.860870746771495,0.0154946715260545,0.502867074807485,-98.5848899786177,-73.0027584030057,-47.7030905743207,-84.6681503522525,-69.3299632533905,-46.8216118987168,-108.861943233418,-126.004151106954,-76.5293574045827
07-Nov-2024 23:56:27,10,63,0.0326568009952704,0.406791202227275,0.027642667790254,-0.11279645661513,0.852923154830933,-0.0115444562708338,0.509574166933696,-100.327151209512,-75.4821750416744,-49.1137238935956,-77.162120942002,-70.182877124178,-46.9415432478477,-113.443227700551,-126.598919459526,-74.7473739123934
07-Nov-2024 23:56:41,10,64,0.0312798363467058,0.407911400000254,0.0331143965323766,-0.140973318616549,0.849468513329824,-0.0216562084853649,0.507996877034505,-103.368293039485,-81.7287405968594,-52.2110212036293,-71.7239937063785,-69.9230224485899,-46.7856304424948,-117.640387085304,-124.43121004697,-73.6375337385569
07-Nov-2024 23:57:29,10,65,0.0276240882774194,0.408857476711273,0.0366388546923796,-0.172034911314646,0.842422644297282,-0.0467907838523388,0.508467038472494,-108.084994569918,-85.2667316937863,-55.3649865182837,-67.5019153834415,-69.8445520461897,-48.1926397143839,-122.029609011247,-123.044739516979,-72.641621905544
07-Nov-2024 23:57:43,10,66,0.0243035477896531,0.410720451672872,0.044916604210933,-0.199109812577566,0.83985550403595,-0.0569473249216874,0.501751951376597,-111.126136399891,-91.5132972489714,-58.4622838283174,-62.0637881478179,-69.5846973706016,-48.0367269090311,-126.226768396,-120.877030104423,-71.5317817317074
07-Nov-2024 23:58:35,10,67,0.014475860260427,0.41216949224472,0.044240224113067,-0.194732537865639,0.845142646630605,-0.0577772530416648,0.494444078207016,-114.705058080094,-96.1055755750274,-63.9879151406614,-67.0586853685376,-72.9405348316076,-50.3872751422993,-128.569959051347,-119.09994013315,-71.0789057282827
07-Nov-2024 23:58:48,10,68,0.0106462070718408,0.414444005489349,0.0517896051208178,-0.21183986167113,0.84512265920639,-0.0636575902501742,0.486661225557327,-117.746199910067,-102.352141130212,-67.0852124506951,-61.6205581329141,-72.6806801560196,-50.2313623369465,-132.7671184361,-116.932230720594,-69.9690655544462
07-Nov-2024 23:59:42,10,69,0.00348253760797282,0.416420431931814,0.0519698376456896,-0.208688293894132,0.850663069883982,-0.0643472587068876,0.478206024567286,-121.281231665155,-107.321563070833,-71.096676761884,-68.6739431254623,-73.9286715487286,-52.1536800509043,-135.06229345615,-116.75983102868,-68.2877074658156
07-Nov-2024 23:59:56,10,70,-0.000674989283046064,0.419377046823502,0.0602157806356748,-0.226110220948855,0.851672999064128,-0.0706802979111671,0.467473326126734,-124.322373495127,-113.568128626018,-74.1939740719178,-63.2358158898387,-73.6688168731406,-51.9977672455514,-139.259452840903,-114.592121616124,-67.1778672919791
08-Nov-2024 00:00:33,10,71,-0.00671958926444252,0.415868055820465,0.0544252338508765,-0.2272529621919,0.850603628158569,-0.0764651576677958,0.467955871423086,-121.380049090572,-106.430779229659,-69.6248043277001,-46.9590384046842,-74.2921870105296,-33.4197416065697,-136.230702816757,-107.645022549,-60.7678669206027
08-Nov-2024 00:00:46,10,72,-0.0101260920365651,0.415712128082911,0.0517450883984566,-0.225655949115753,0.849429551760356,-0.0884236330787341,0.468753618001938,-124.940779723459,-103.457001640583,-68.1985510829049,-49.1115048054438,-76.6366341137701,-34.6526007079329,-132.127944974962,-100.825268621556,-57.4186255066233
08-Nov-2024 00:01:39,10,73,-0.0221270353843768,0.413553772370021,0.0517284179727236,-0.212187566359838,0.850822710990906,-0.127381324768066,0.463520409663518,-130.499982837625,-108.976438147866,-67.8258395883984,-62.0743492632461,-72.7205427340846,-51.1800174391236,-128.787191041992,-92.0668421242712,-53.6640046139454
08-Nov-2024 00:01:52,10,74,-0.0298146277666092,0.414761950572332,0.0490019659201304,-0.198044069608053,0.853360505898794,-0.136270595590274,0.46258478363355,-134.060713470512,-106.002660558789,-66.3995863436032,-64.2268156640057,-75.0649898373251,-52.4128765404869,-124.684433200197,-85.2470881968266,-50.3147631999661
08-Nov-2024 00:02:36,10,75,-0.0338643103837967,0.410888620217641,0.0514706566929817,-0.197322208682696,0.85000806649526,-0.177788457274437,0.454908227920532,-136.895680344038,-107.800490017892,-65.5751039739524,-57.6844710932867,-71.6541676991023,-49.5930144567637,-120.287677312814,-75.4329979844621,-46.9128320466374
08-Nov-2024 00:02:49,10,76,-0.0425377222398917,0.412020236253738,0.050657628228267,-0.188113804658254,0.853003672758738,-0.185312129060427,0.45017470518748,-140.456410976925,-104.826712428816,-64.1488507291571,-59.8369374940463,-73.9986148023428,-50.8258735581269,-116.184919471019,-68.6132440570175,-43.5635906326581
08-Nov-2024 00:03:34,10,77,-0.040070952475071,0.409086390336355,0.0467241831123829,-0.166318947076797,0.847777422269185,-0.221017122268677,0.452507404486338,-143.804259730132,-102.288738363829,-62.4234829219341,-57.1919984090667,-73.1654272848516,-48.157372066947,-111.935162606431,-67.1213219871128,-43.5630043490041
08-Nov-2024 00:03:48,10,78,-0.0485943367083867,0.410656901200612,0.0453934667011102,-0.154224790136019,0.850266897678375,-0.233123289545377,0.445998158057531,-147.364990363019,-99.3149607747527,-60.9972296771389,-59.3444648098262,-75.5098743880921,-49.3902311683102,-107.832404764636,-60.3015680596682,-40.2137629350247
08-Nov-2024 00:04:34,10,79,-0.039706906179587,0.408215316136678,0.0416768059134483,-0.133299773931503,0.841629366079966,-0.257664930820465,0.455521629254023,-149.394280056066,-93.5590849477212,-58.8964191511297,-58.7982284677162,-73.3405041809665,-47.0974099734018,-105.456147411444,-65.6707300609936,-41.913849086208
08-Nov-2024 00:04:47,10,80,-0.046258300046126,0.409994280338287,0.0396120289961497,-0.124603402614594,0.843536225954692,-0.26591810186704,0.449675627549489,-152.955010688953,-90.5853073586448,-57.4701659063345,-60.9506948684758,-75.684951284207,-48.330269074765,-101.353389569649,-58.8509761335489,-38.5646076722286
08-Nov-2024 00:05:32,10,81,-0.0391050683955352,0.405630630254745,0.0319985603292783,-0.0878338977694511,0.842175090312958,-0.263858872652054,0.46195761958758,-149.001136300956,-85.7754923669699,-53.4261222885306,-62.2396165400066,-72.9813843736633,-46.6342177581007,-97.3358935264197,-63.7966136894513,-40.8799792097202
08-Nov-2024 00:05:46,10,82,-0.0431511988242467,0.405641559759776,0.0259864430874586,-0.0741049622495969,0.847694536050161,-0.252373729149501,0.460684200127919,-144.987982382879,-82.8817264942724,-51.8193573113335,-64.8028895829722,-77.7847261183027,-48.8760065895721,-91.3301472388885,-62.1977932809684,-39.9206869646304
08-Nov-2024 00:06:30,10,83,-0.0420192112525304,0.402222675085068,0.0215692222118378,-0.0289824099590381,0.846773040294647,-0.2603246986866,0.46299733320872,-145.354468229842,-79.4049360620862,-48.8439530138331,-69.1289869402204,-76.5846135353505,-48.7738753469756,-85.6435260735081,-61.7712018546782,-40.2237266108313
08-Nov-2024 00:06:44,10,84,-0.0463284196952979,0.402440136671066,0.015156351774931,-0.0131499820699294,0.850770537058512,-0.25509493748347,0.459285513559977,-141.341314311765,-76.5111701893888,-47.2371880366361,-71.692259983186,-81.3879552799899,-51.015664178447,-79.637779785977,-60.1723814461953,-39.2644343657416
08-Nov-2024 00:07:28,10,85,-0.0480838132401307,0.398012183109919,0.00771649982780218,0.0321975817282995,0.853791491190592,-0.237956301371257,0.461930984258652,-137.417980276208,-74.6758920369469,-44.5711033992873,-75.2119451832929,-82.1395698608335,-52.5354929728844,-72.8165960595213,-58.6346755288087,-38.5613080662971
08-Nov-2024 00:07:41,10,86,-0.0518940863509973,0.398415259520213,0.00121217564834903,0.0503836433092753,0.856481734911601,-0.235926864544551,0.456332127253215,-133.404826358131,-71.7821261642495,-42.9643384220903,-77.7752182262586,-86.9429116054728,-54.7772818043558,-66.8108497719901,-57.0358551203258,-37.6020158212074
08-Nov-2024 00:08:25,10,87,-0.054289153466622,0.393987482786179,-0.00639984117199977,0.0813450227181117,0.860900163650513,-0.212074155608813,0.455256507794062,-129.061582381315,-67.9926041516799,-41.7279136148175,-79.0916973477948,-91.9703897682143,-55.0830906173102,-60.2473847649967,-55.242591957391,-37.0708065489403
08-Nov-2024 00:08:38,10,88,-0.0587564704318841,0.394984020789464,-0.0143283785631259,0.102027078469594,0.863482077916463,-0.210471144318581,0.446868054072062,-125.048428463238,-65.0988382789825,-40.1211486376205,-81.6549703907604,-96.7737315128536,-57.3248794487816,-54.2416384774656,-53.6437715489081,-36.1115143038505
08-Nov-2024 00:09:23,10,89,-0.0601301357150078,0.391420332590739,-0.0118617392455538,0.104433975617091,0.867455041408539,-0.1601413667202,0.45931481719017,-117.816478119251,-71.7746209646784,-42.7691813629411,-82.0711912841935,-98.7463439187327,-57.2381938004797,-55.7431015720086,-51.031872797108,-36.9317493655173
08-Nov-2024 00:09:37,10,90,-0.0636361315846443,0.390921278794607,-0.00976005600144466,0.104319630563259,0.868254375457764,-0.142684069275856,0.463565562168757,-111.124572804635,-77.7732817203105,-45.6070440032998,-82.1358091383412,-100.231888115561,-57.8194981614362,-55.9484240262827,-49.4171954225337,-35.9629429407728
08-Nov-2024 00:10:23,10,91,-0.0648147826393445,0.389600203434626,-0.00749718192964792,0.111545700331529,0.865993964672089,-0.108147807916005,0.475306326150894,-107.237644975334,-80.9605034409746,-49.6249916861394,-84.4762285121316,-101.660966416914,-59.5668075177636,-55.9768168006913,-50.8289073593466,-36.1886572592339
08-Nov-2024 00:10:37,10,92,-0.0696300437053045,0.389613135655721,-0.00425973658760389,0.11143002063036,0.865269887447357,-0.0958031758666038,0.47928405602773,-100.545739660718,-86.9591641966067,-52.462854326498,-84.5408463662793,-103.146510613742,-60.1481118787201,-56.1821392549654,-49.2142299847724,-35.2198508344894
08-Nov-2024 00:11:25,10,93,-0.0699007406830788,0.388240762551626,-0.00434567360207438,0.115703860421975,0.86143395503362,-0.042097940047582,0.492718956867854,-94.881323088759,-90.4271054347548,-57.2407594880971,-87.5433649802484,-104.978821862833,-61.3874187373621,-57.3489968693067,-49.1877472658918,-36.1233047813477
08-Nov-2024 00:11:38,10,94,-0.0754421412944794,0.388970275719961,-0.00280149813431005,0.117203110456467,0.859876239299774,-0.0307661817719539,0.4959130803744,-88.1894177741427,-96.4257661903868,-60.0786221284558,-87.6079828343961,-106.464366059661,-61.9687230983186,-57.5543193235809,-47.5730698913176,-35.1544983566032
08-Nov-2024 00:12:27,10,95,-0.0710305199027061,0.386484269301097,0.00941569140801827,0.116298894087474,0.853499555587769,-0.0260441061109304,0.507281808058421,-88.733441696336,-100.176348031024,-60.4568640495868,-87.3059572798362,-98.283199618734,-55.9956992244534,-56.4165562127204,-46.3946658273766,-35.492127707332
08-Nov-2024 00:12:41,10,96,-0.0706305116415024,0.386908241113027,0.0120168520137668,0.122333845496178,0.850756661097209,-0.0215764520068963,0.510668238004049,-85.8387212472005,-100.692289630403,-60.3900847100976,-89.0599813453656,-89.9286496516759,-51.4936741017456,-54.8730255218263,-43.1471644355887,-33.5436268722593
08-Nov-2024 00:13:31,10,97,-0.0665652285019557,0.384040995438894,0.0254146364827951,0.128806985418002,0.841643591721853,-0.0097751093407472,0.524356162548065,-82.8633729837294,-105.225551350411,-60.6958160009186,-88.2109806008503,-81.2857914476834,-46.181149603459,-53.007378620949,-44.2342117077244,-34.6881911300874
08-Nov-2024 00:13:44,10,98,-0.0653659030795097,0.384224184354146,0.0292741438994805,0.133704180518786,0.838470009962718,-0.00215981757889191,0.528286504745483,-79.968652534594,-105.741492949791,-60.6290366614294,-89.9650046663797,-72.9312414806252,-41.6791244807512,-51.463847930055,-40.9867103159365,-32.7396902950147
08-Nov-2024 00:14:33,10,99,-0.0693842152754466,0.384538147846858,0.0265854983280102,0.145425593852997,0.831224155426025,0.0172311816364527,0.536303015549978,-78.0907500134386,-108.839283015962,-62.4860975766852,-92.738766732791,-78.3068884283831,-45.9100159232466,-51.3366901443424,-42.3413906196211,-33.6186664244987
08-Nov-2024 00:14:46,10,100,-0.0746603548526764,0.387476070721944,0.0207804595430692,0.162736343344053,0.828333886464437,0.0200780892123779,0.535702085494995,-80.2281613994511,-110.378413021819,-63.4069031767859,-98.3140412042246,-84.2766894946082,-49.0461570535314,-49.6455904636215,-43.8537965913437,-34.5261100075324
08-Nov-2024 00:15:58,11,1,-0.0198099253078302,0.312474757432938,0.00617062315965692,0.0123815095673005,0.864362490177154,0.014521341646711,0.502507106463114,-9,-13.425,-5.25000000000001,-7.20000000000001,-13.5,-6.75000000000001,-6.52500000000001,-7.12500000000001,-9.6
08-Nov-2024 00:16:12,11,2,-0.0240378987044096,0.315644019842148,0.0133105987062057,0.020451578622063,0.864405890305837,-0.00244070924818516,0.502372670173645,-14.5040963001938,-20.4293504120363,-8.56107020426333,-9.99811834390977,-11.5889721409481,-5.6033832845689,-7.08659617208962,-9.53005434141743,-10.6114203116359
08-Nov-2024 00:16:51,11,3,-0.0243480155865351,0.321885299682617,0.0135099111745755,0.0195819898198048,0.864508350690206,-0.024588663255175,0.50163463751475,-24.1331926003876,-24.1712008240727,-15.4721404085267,-13.5462366878195,-19.3529442818961,-10.9067665691377,-10.4606923441792,-14.5976086828348,-14.3228406232717
08-Nov-2024 00:17:05,11,4,-0.0285060173521439,0.324875730276108,0.0218351708104213,0.0257547582189242,0.863684741655986,-0.0423542795081933,0.501588972409566,-29.6372889005815,-31.175551236109,-18.78321061279,-16.3443550317293,-17.4419164228443,-9.76014985370664,-11.0222885162688,-17.0026630242523,-15.3342609349076
08-Nov-2024 00:17:47,11,5,-0.0285737195362647,0.330738681554794,0.0221841511627038,0.0272671405225992,0.862995008627574,-0.0627983277042707,0.500552237033844,-39.6038852007752,-36.9236516481454,-22.6942808170533,-20.042473375639,-23.1433885637923,-15.0635331382754,-14.6401346883584,-21.7139673656697,-17.9956812465434
08-Nov-2024 00:18:01,11,6,-0.0338490980366866,0.334102350473404,0.0310541701813539,0.0381452736755212,0.860697762171427,-0.0751820226510366,0.502087636788686,-45.1079815009691,-43.9280020601817,-26.0053510213166,-22.8405917195488,-21.2323607047405,-13.9169164228443,-15.201730860448,-24.1190217070871,-19.0071015581793
08-Nov-2024 00:18:47,11,7,-0.0355547492702802,0.338685047626495,0.0303682051599026,0.0339196210106214,0.86148137251536,-0.0805100570122401,0.50021747748057,-50.6683278011629,-53.3042274722181,-32.3164212255799,-26.6137100634586,-27.7025828456889,-19.9702997074131,-19.3164520325376,-26.6272010485045,-20.5435218698151
08-Nov-2024 00:19:00,11,8,-0.0406349976857503,0.342687879006068,0.0397179899116357,0.0442673126856486,0.858197991053263,-0.0961224714914958,0.502291850248973,-56.1724241013567,-60.3085778842544,-35.6274914298433,-29.4118284073683,-25.791554986637,-18.823682991982,-19.8780482046272,-29.0322553899219,-21.554942181451
08-Nov-2024 00:19:50,11,9,-0.041712348908186,0.347941054900487,0.0385745815932751,0.0450793027877808,0.858095518747966,-0.103285043438276,0.500971285502116,-63.7296454015505,-64.8238657962908,-41.6385616341065,-34.497446751278,-33.0211521275857,-22.9270662765508,-24.0912068767168,-30.8138722313393,-23.4288624930869
08-Nov-2024 00:20:03,11,10,-0.0483297362923622,0.352423324187597,0.0373341823617617,0.0680969754854838,0.856424228350322,-0.0971498007575671,0.502456259727478,-67.5053032273034,-68.4929354790443,-43.7830323368801,-41.711325025232,-36.1205107415537,-24.7866814449316,-25.6593122658913,-30.2185686181331,-23.4411465478805
08-Nov-2024 00:20:49,11,11,-0.0504333498577277,0.356273825963338,0.0375450327992439,0.0789232124884923,0.853098618984222,-0.105576877295971,0.504824205239614,-72.2325235530562,-72.3424739117977,-46.9775030396536,-46.018953299186,-39.440181855522,-26.1962966133124,-26.6531989050658,-30.5865462549268,-23.5096806026742
08-Nov-2024 00:21:02,11,12,-0.0560509781042735,0.359707939624786,0.0372369249661764,0.0890777771671613,0.851784976323446,-0.104621653755506,0.505550897121429,-76.008181378809,-76.0115435945512,-49.1219737424271,-53.2328315731399,-42.53954046949,-28.0559117816932,-28.2213042942403,-29.9912426417205,-23.5219646574679
08-Nov-2024 00:21:50,11,13,-0.0548541349669298,0.363992794354757,0.0380059090753396,0.0986342916886012,0.84928529659907,-0.0988005250692368,0.509140765666962,-79.4346204545619,-78.9458476523046,-51.9414444452006,-58.9185848470939,-44.6240553334581,-29.615526950074,-32.0523003084147,-33.7775796535142,-24.6123737122615
08-Nov-2024 00:22:03,11,14,-0.0609671888252099,0.368602977196376,0.0370865720013777,0.116961706678073,0.846571509043376,-0.0938770701487859,0.510709098974864,-83.2102782803147,-82.6149173350581,-54.0859151479741,-66.1324631210478,-47.7234139474261,-31.4751421184548,-33.6204056975892,-33.1822760403079,-24.6246577670552
08-Nov-2024 00:22:52,11,15,-0.0561770488818486,0.373032104969025,0.0362459654609362,0.123006508251031,0.84482573668162,-0.0802790696422259,0.51448438167572,-86.6613267310676,-85.7666042053115,-56.9428858507476,-73.0322788950018,-48.7403506863941,-34.6097572868357,-38.9449563992637,-38.6027927396016,-27.3510043218488
08-Nov-2024 00:23:05,11,16,-0.0474055456618468,0.373787607749303,0.0364634243150552,0.108332953850428,0.848031298319499,-0.0734786892930667,0.513524874051412,-84.3693869122561,-81.7715651340875,-54.8373972125172,-70.5047738392247,-47.6606596602103,-33.9619426711254,-43.2219961566334,-45.2412446387872,-30.5622611688232
08-Nov-2024 00:23:54,11,17,-0.042584278434515,0.372001455227534,0.0317064297695955,0.103025774657726,0.850121692816416,-0.0663435712456703,0.51213020881017,-83.2651424059446,-83.0678346566135,-52.8631585742868,-71.4202375334475,-48.5397576965265,-34.1016280554151,-43.3772585702531,-46.9376066942228,-32.7305492657976
08-Nov-2024 00:24:07,11,18,-0.0340950854122639,0.373284006118774,0.0325551028052966,0.0861279701193174,0.852746061484019,-0.057968228807052,0.511904112497966,-80.9732025871332,-79.0727955853895,-50.7576699360565,-68.8927324776703,-47.4600666703427,-33.4538134397048,-47.6542983276229,-53.5760585934084,-35.9418061127721
08-Nov-2024 00:24:57,11,19,-0.0251902059962352,0.370795055230459,0.0273943121234576,0.067012878259023,0.857076028982798,-0.0361158234377702,0.509534768263499,-77.5501104245718,-77.6484108110404,-49.0928062978261,-68.4617117968932,-47.5097701754089,-33.6497488239946,-50.0954494131176,-58.868465570719,-39.3065785847465
08-Nov-2024 00:25:11,11,20,-0.0151823555429777,0.372400138775508,0.0284272688130538,0.0522308362027009,0.859260702133179,-0.0293614192555348,0.508016661802928,-75.2581706057603,-73.6533717398164,-46.9873176595957,-65.934206741116,-46.4300791492251,-33.0019342082843,-54.3724891704873,-65.5069174699046,-42.5178354317209
08-Nov-2024 00:25:57,11,21,-0.00620483662933111,0.369714337587357,0.0220263384282589,0.0254062047849099,0.864707998434703,0.00519518225143353,0.501605033874512,-67.0756546150739,-67.8686598170299,-42.4771415213653,-64.7549438728388,-46.4400853886664,-32.700994592574,-57.9565845919195,-69.6723469081527,-45.6558500911953
08-Nov-2024 00:26:10,11,22,0.00273354110928873,0.371598754326502,0.0213810940583547,0.00997554156929254,0.866052496433258,0.0152724282816052,0.499620215098063,-64.7837147962624,-63.8736207458059,-40.3716528831349,-62.2274388170617,-45.3603943624826,-32.0531799768637,-62.2336243492892,-76.3107988073383,-48.8671069381697
08-Nov-2024 00:26:57,11,23,0.0136316739022732,0.36989285548528,0.0153225683917602,-0.0211182641486327,0.865845882892609,0.0221101968238751,0.499375691016515,-62.6214868915135,-58.6087452488006,-36.5388204949046,-57.7490548550345,-46.1005519691113,-32.4038028611535,-66.9891919386902,-79.0877394760552,-53.4667426913941
08-Nov-2024 00:27:11,11,24,0.0144060174624125,0.368347094456355,0.0186395124842723,-0.0511283904314041,0.861766668160756,-0.00842785518616438,0.504651482899984,-65.4006645873541,-55.9522415786127,-35.0911403175879,-47.845151368106,-44.906268546884,-31.6872328078171,-66.4737976622115,-79.4355927400141,-53.5212409811508
08-Nov-2024 00:27:56,11,25,0.0231910987446706,0.365396895011266,0.0239734617372354,-0.090451318025589,0.851557032267253,-0.0358521364629269,0.515154163042704,-64.719698240226,-55.1358196955342,-32.7047882652712,-37.7158084280526,-40.4969094410628,-29.9698815044807,-64.6976673017485,-83.3276903887385,-53.4449287240325
08-Nov-2024 00:28:10,11,26,0.0243437184641759,0.364910207192103,0.0245127212256193,-0.102134889364243,0.847513135274251,-0.0497416098912557,0.518474356333415,-67.4988759360666,-52.4793160253463,-31.2571080879545,-27.8119049411241,-39.3026260188355,-29.2533114511443,-64.1822730252699,-83.6755436526974,-53.4994270137892
08-Nov-2024 00:29:03,11,27,0.025340893988808,0.365914394458135,0.0226600352674723,-0.0938724353909492,0.845315897464752,-0.061508647352457,0.52234636147817,-69.9729816104228,-51.267853248713,-30.4650919731378,-33.770281727633,-40.5508047548113,-29.0113507728079,-64.761510706799,-85.945519109039,-53.5635200301084
08-Nov-2024 00:29:16,11,28,0.0256517494718234,0.365951885779699,0.0233746862659852,-0.102360459168752,0.840850087006887,-0.0765168368816376,0.525964462757111,-72.7521593062634,-48.6113495785251,-29.0174117958211,-23.8663782407046,-39.3565213325839,-28.2947807194714,-64.2461164303204,-86.2933723729979,-53.6180183198651
08-Nov-2024 00:30:14,11,29,0.0251698900014162,0.367284601926804,0.0222954262048006,-0.0781590685248375,0.840684513250987,-0.0873310685157776,0.528690870602926,-76.0538009913618,-49.5273663551145,-30.4475636497544,-34.4936148904954,-40.8084689894583,-29.9155153536351,-61.0530381328457,-88.5022867331481,-53.527313972903
08-Nov-2024 00:30:28,11,30,0.0197578222801288,0.369767735401789,0.0266508890936772,-0.0863944227496783,0.839401964346568,-0.100794457892577,0.52704918384552,-81.3281068822943,-52.9068235013529,-32.2598876348223,-35.70735423903,-42.0344231089454,-30.6510878253274,-64.5998585046731,-81.8591609374163,-50.3283464869858
08-Nov-2024 00:31:19,11,31,0.00514222858473659,0.369431893030802,0.0266686468074719,-0.104854003588359,0.839738047122955,-0.127182043592135,0.517368729909261,-87.3136447678556,-53.57254087098,-35.1361276355152,-32.6366636559241,-44.2084927679834,-30.4553126407697,-69.0578368660024,-76.3715656897803,-44.1317776827093
08-Nov-2024 00:31:33,11,32,-0.000168562418063326,0.37257420818011,0.0311413947492838,-0.113415537774563,0.839102264245351,-0.140123569965363,0.513234579563141,-92.5879506587881,-56.9519980172184,-36.9484516205831,-33.8504030044587,-45.4344468874706,-31.190885112462,-72.6046572378298,-69.7284398940485,-40.9328101967921
08-Nov-2024 00:32:24,11,33,-0.0131791044026613,0.373392748832703,0.0308755009124676,-0.126886058847109,0.842615103721619,-0.159654530882835,0.498407642046611,-98.892872547035,-58.1495852751511,-38.1677336134635,-32.996927387173,-46.9844587767332,-31.0107837560292,-75.7820566044082,-60.8130793723646,-38.1850420516953
08-Nov-2024 00:32:37,11,34,-0.020547969887654,0.376442579428355,0.0342354066669941,-0.13649110297362,0.843218771616618,-0.170358167092005,0.491253840923309,-104.167178437967,-61.5290424213895,-39.9800575985314,-34.2106667357075,-48.2104128962203,-31.7463562277215,-79.3288769762356,-54.1699535766328,-34.9860745657781
08-Nov-2024 00:33:29,11,35,-0.0258864170561234,0.378431232770284,0.0327369992931684,-0.148420691490173,0.842050111293793,-0.19716766277949,0.479633049170176,-110.331792327557,-63.2925646234751,-39.6958605875056,-32.2907986013318,-50.9483959005952,-33.2990917853513,-80.7409868454386,-51.6407104179249,-31.5627067502711
08-Nov-2024 00:33:42,11,36,-0.0319876179099083,0.381792956590652,0.0370844987531503,-0.156873123844465,0.843420616785685,-0.205392305056254,0.471005739768346,-115.60609821849,-66.6720217697135,-41.5081845725735,-33.5045379498664,-52.1743500200824,-34.0346642570436,-84.287807217266,-44.9975846221932,-28.3637392643539
08-Nov-2024 00:34:25,11,37,-0.0174698480715354,0.380176113049189,0.0313592893381913,-0.184676026304563,0.840354915459951,-0.163202768564224,0.482766244808833,-104.327226898713,-63.495474135697,-35.1723248867478,-32.4342273553048,-48.7222733944383,-15.9733911591596,-89.8219976252648,-51.2966213562807,-34.669277700538
08-Nov-2024 00:34:38,11,38,-0.0121215152243773,0.380858602126439,0.0290485993027687,-0.188330921530724,0.842307563622793,-0.12770081559817,0.488612248500188,-98.9032015796078,-65.9268939737568,-36.259725698969,-35.8557205021986,-47.4391823263504,-15.2035365183068,-93.9485432845759,-55.8387167718563,-36.812016301517
08-Nov-2024 00:35:30,11,39,-0.012620904793342,0.379981319109599,0.0267139428605636,-0.199981434146563,0.84591459830602,-0.098427281777064,0.484507995843887,-96.9267532601669,-70.3543300757784,-34.0104962621667,-35.5313117783646,-49.5715984794845,-37.5129726489386,-96.828911318231,-56.009282846688,-38.0361548200986
08-Nov-2024 00:35:44,11,40,-0.00759369287018975,0.381831751267115,0.0271498009562492,-0.201946352918943,0.846226600805918,-0.073522587120533,0.487557882070541,-91.5027279410617,-72.7857499138383,-35.0978970743878,-38.9528049252584,-48.2885074113966,-36.7431180080859,-100.955456977542,-60.5513782622636,-40.1788934210776
08-Nov-2024 00:36:22,11,41,0.000355105090420693,0.380264951785405,0.0304549747457107,-0.237428292632103,0.844539527098338,-0.0272323455661535,0.479206838210424,-81.8024911217887,-70.665177883879,-34.1419827620972,-35.1013471367884,-45.3381699539196,-15.1129087529752,-106.258913824025,-64.1077090074672,-40.2123319808579
08-Nov-2024 00:36:36,11,42,0.00598144199078282,0.381849054495494,0.0287748519331217,-0.243638545274734,0.84347071647644,0.00560985986764232,0.478712813059489,-76.3784658026835,-73.0965977219389,-35.2293835743184,-38.5228402836821,-44.0550788858317,-14.3430541121225,-110.385459483336,-68.6498044230428,-42.3550705818369
08-Nov-2024 00:37:30,11,43,0.00363301954542597,0.382900569836299,0.029792520403862,-0.241731995344162,0.848301362991333,0.0356674286226432,0.469764105478923,-75.2663347334944,-77.6770216259892,-41.6701268242837,-41.382857962894,-51.0883646230496,-37.6430221641411,-112.775460736233,-71.7240175034324,-43.8931591622165
08-Nov-2024 00:37:44,11,44,0.00970401943971713,0.385154388348261,0.0309235955278079,-0.244282309214274,0.848169465859731,0.070347177485625,0.464742873112361,-69.8423094143892,-80.108441464049,-42.7575276365048,-44.8043511097878,-49.8052735549617,-36.8731675232883,-116.902006395545,-76.266112919008,-46.0358977631955
08-Nov-2024 00:38:35,11,45,0.0123396902655562,0.38570739030838,0.0328526439766089,-0.243448266386986,0.851754041512807,0.0931861311197281,0.454493502775828,-66.649231220242,-83.7643633351041,-46.221599667598,-46.5201065228406,-50.2803708895268,-39.0632242288715,-119.335279851649,-80.4492671669906,-49.1513113538749
08-Nov-2024 00:38:49,11,46,0.0182951825360457,0.387650738159815,0.0336626586814721,-0.246265525619189,0.85184649626414,0.121457968155543,0.44604802330335,-61.2252059011368,-86.1957831731639,-47.3090004798191,-49.9415996697343,-48.9972798214388,-38.2933695880187,-123.46182551096,-84.9913625825662,-51.2940499548539
08-Nov-2024 00:39:40,11,47,0.0166949152946472,0.390468321243922,0.0339915509025256,-0.240863410631816,0.85537181297938,0.121143269538879,0.442321383953095,-66.0926838003893,-88.9013233571421,-53.941217205482,-52.5170301902016,-54.3987393476317,-42.0817444561566,-125.221889698695,-90.0633776313839,-54.0783667984978
08-Nov-2024 00:39:54,11,48,0.01311707329005,0.39487412571907,0.0347560356060664,-0.227591152985891,0.858325890700022,0.119414349893729,0.444093706210454,-70.4446881371628,-92.3446125246226,-55.9350983217089,-59.6953295775893,-57.121104672498,-43.7151636510764,-128.278589988033,-93.814863263998,-56.2263461472915
08-Nov-2024 00:40:44,11,49,0.0129149975876013,0.39934401512146,0.0337850401798884,-0.21655149658521,0.859401869773865,0.109175328413645,0.450127442677816,-77.0044292551757,-94.8940272003519,-59.1981472426538,-64.2721945315168,-60.1330170980276,-44.9260606826052,-131.28697222657,-97.026613604714,-59.4424942435103
08-Nov-2024 00:40:58,11,50,0.0110416289418936,0.403654541571935,0.0342246962090333,-0.202359153827031,0.861883731683095,0.110364244381587,0.451693479220072,-81.3564335919492,-98.3373163678325,-61.1920283588807,-71.4504939189046,-62.8553824228939,-46.559479877525,-134.343672515908,-100.778099237328,-61.590473592304
08-Nov-2024 00:41:48,11,51,0.0123407188802958,0.406769220034281,0.0345479513208071,-0.203070493539174,0.861959604422251,0.107692896823088,0.451874264081319,-85.180457381842,-100.990473899549,-64.4470572371246,-74.1214560836863,-66.7291318441168,-47.1456043183641,-137.773852034004,-104.447025953093,-64.1518527339626
08-Nov-2024 00:42:01,11,52,0.0140993616233269,0.41100905140241,0.0361092542608579,-0.204583144187927,0.862554089228312,0.103724898397923,0.450984875361125,-89.700612781115,-104.24056867714,-66.3925022130095,-78.1681354651982,-69.933107715008,-49.0679898408989,-141.378190577502,-109.810820314807,-67.1541475019086
08-Nov-2024 00:42:49,11,53,0.0171790021161238,0.413801238934199,0.0381770355006059,-0.202982069055239,0.863329633076986,0.107560350000858,0.44932283560435,-91.4727023756979,-107.492194831794,-69.3677391400739,-80.7769562383451,-70.2469703610649,-49.4972448225857,-144.295449608299,-112.602180853546,-71.810984456711
08-Nov-2024 00:43:02,11,54,0.0184358358383179,0.417972294489543,0.0390402485926946,-0.203928176561991,0.863362491130829,0.106307310859362,0.449129547675451,-95.9928577749709,-110.742289609386,-71.3131841159589,-84.823635619857,-73.4509462319561,-51.4196303451205,-147.899788151796,-117.96597521526,-74.813279224657
08-Nov-2024 00:43:50,11,55,0.0194853562861681,0.421267249186834,0.0403965666890144,-0.198351633548737,0.864262930552165,0.0972030758857727,0.451948910951614,-100.263980271899,-113.693150075508,-74.0735250674336,-87.4763856971864,-75.8098654904302,-51.1704505972312,-150.260586938944,-121.743552665487,-79.4678450860312
08-Nov-2024 00:44:04,11,56,0.0222358318666617,0.42021545569102,0.0401139092942079,-0.216142529249191,0.861045932769775,0.0944001411398252,0.450523010889689,-96.7641515079623,-107.269340012424,-70.9803602265336,-82.0885568146451,-76.9972673968522,-51.8828917410844,-148.755904600694,-124.001202725405,-80.7154103066324
08-Nov-2024 00:44:51,11,57,0.0385075045128663,0.417314114173253,0.0394458582003911,-0.235503366589546,0.853925184408824,0.101579780876637,0.452804086605708,-91.9398062928532,-107.370912793605,-66.8696433734285,-77.0537632800125,-70.5621409970654,-48.1345502497254,-148.879452384269,-127.415744329579,-82.1891110739477
08-Nov-2024 00:45:04,11,58,0.0407339063783487,0.416834934552511,0.0388837752242883,-0.247279346982638,0.850955883661906,0.100533636907736,0.452349392573039,-88.4399775289166,-100.947102730521,-63.7764785325286,-71.6659343974712,-71.7495429034874,-48.8469913935786,-147.374770046019,-129.673394389497,-83.436676294549
08-Nov-2024 00:45:52,11,59,0.052375990152359,0.415750638643901,0.0332155113418897,-0.246772348880768,0.844641860326131,0.0980897933244705,0.464824676513672,-87.1278905393937,-97.4859840895694,-60.6245376855261,-70.7296231888843,-65.6006806568047,-46.6540412198256,-146.834202768682,-132.734490221543,-84.5723092885073
08-Nov-2024 00:46:06,11,60,0.0562997994323572,0.415432194868724,0.0322337465981642,-0.257395392656326,0.841432591279348,0.103156200051308,0.463786190748215,-83.6280617754571,-91.0621740264851,-57.5313728446261,-65.341794306343,-66.7880825632267,-47.3664823636788,-145.329520430432,-134.992140281462,-85.8198745091085
08-Nov-2024 00:46:52,11,61,0.0677388722697894,0.41389618118604,0.0240479045857986,-0.248855715990067,0.836145408948263,0.112698045869668,0.475637316703796,-78.8971038987274,-82.2947096744671,-51.7838200006749,-66.3797242607788,-64.0073523930962,-45.2012278487288,-143.856895622638,-138.026513227444,-88.2114736163882
08-Nov-2024 00:47:05,11,62,0.0725699916481972,0.413647353649139,0.0189599117885033,-0.259323014815648,0.828981546560923,0.116489053765933,0.481634163856506,-75.3972751347908,-75.8708996113828,-48.6906551597749,-60.9918953782375,-65.1947542995182,-45.913668992582,-142.352213284388,-140.284163287362,-89.4590388369895
08-Nov-2024 00:47:55,11,63,0.0789549589157104,0.414244057734807,0.0161762033899625,-0.240926198164622,0.828974076112111,0.120684633155664,0.49009362856547,-74.2068818144576,-69.9252624038317,-45.0202963173493,-65.9419459141846,-61.2480901676637,-44.9622623070335,-140.638559711367,-143.905174790312,-91.87862100093
08-Nov-2024 00:48:08,11,64,0.0830939809481303,0.414209135373433,0.0140150381873051,-0.252378195524216,0.821712410449982,0.119252149760723,0.49686300555865,-70.707053050521,-63.5014523407474,-41.9271314764494,-60.5541170316433,-62.4354920740858,-45.6747034508867,-139.133877373117,-146.16282485023,-93.1261862215312
08-Nov-2024 00:48:57,11,65,0.0765829766790072,0.410789362589518,0.0157281232376893,-0.22604599793752,0.828701456387838,0.10603121817112,0.500913695494334,-72.7475349432597,-67.3544470338608,-41.2579990981582,-63.2830437457717,-58.8983508165418,-44.7577359067813,-133.64983714149,-145.184429769108,-89.41966728168
08-Nov-2024 00:49:11,11,66,0.0706588506698608,0.410464070240657,0.0108062465985616,-0.21392670571804,0.8297176917394,0.105321803689003,0.504689232508342,-74.0082991141966,-63.3933552992076,-39.3024637206298,-65.8680307506558,-62.1282425781363,-46.3976922773767,-128.79528252725,-139.09935396647,-86.4021398701591
08-Nov-2024 00:49:55,11,67,0.0633529379963875,0.403485083580017,0.0152888802190622,-0.211822865406672,0.832154909769694,0.0678547243277232,0.507981352011363,-75.8839221460345,-63.2643067784377,-39.49012984272,-58.5499876101622,-58.7496178301615,-43.0091866906218,-124.300985104316,-134.142618524589,-80.640116694473
08-Nov-2024 00:50:08,11,68,0.0565477207303047,0.403152730067571,0.0107476407662034,-0.197569488485654,0.833727240562439,0.0675384322802226,0.511178731918335,-77.1446863169714,-59.3032150437845,-37.5345944651916,-61.1349746150463,-61.979509591756,-44.6491430612172,-119.446430490076,-128.057542721951,-77.6225892829521
08-Nov-2024 00:50:52,11,69,0.0458864885071913,0.395911180973053,0.013849948408703,-0.178526749213537,0.841998243331909,0.0502529447277387,0.506598337491353,-76.0878799183589,-62.283144916073,-38.8256598374725,-58.3184465472415,-58.0051430985659,-41.6748684531375,-114.772004471489,-121.711637099692,-73.1578139893487
08-Nov-2024 00:51:05,11,70,0.039499539633592,0.396091677745183,0.00867986461768548,-0.162253284454346,0.843700706958771,0.0497807204723358,0.509278762340546,-77.3486440892958,-58.3220531814198,-36.8701244599441,-60.9034335521256,-61.2350348601604,-43.314824823733,-109.917449857248,-115.626561297054,-70.1402865778278
08-Nov-2024 00:51:51,11,71,0.0257059800128142,0.391000231107076,0.0106136582170924,-0.125295122464498,0.853075782457987,0.0245412436624368,0.505925512313843,-80.750622975458,-59.7814722502377,-39.2378894573203,-61.4626630206653,-59.8877974943626,-42.8726657049908,-105.002959540835,-109.711070584605,-67.7491352252656
08-Nov-2024 00:52:05,11,72,0.026029563943545,0.394171353181203,0.0107850655292471,-0.129959694544474,0.854235359032949,0.0509425113598506,0.500796715418498,-77.965692807966,-63.427979791067,-41.0683277527813,-67.4914198957547,-56.4832247372779,-41.1775638514948,-110.4614739451,-106.651424977696,-66.2264969468571
08-Nov-2024 00:52:49,11,73,0.0218937322497368,0.394303766886393,0.00653719992066423,-0.133820408582687,0.854161254564921,0.0840210492412249,0.495420169830322,-75.0513699980866,-63.1097427336318,-38.6104162356947,-72.207298002672,-59.640087416497,-42.9414042533299,-113.71502049828,-103.826571915881,-63.1420466979281
08-Nov-2024 00:53:02,11,74,0.0197792700181405,0.397001914183299,0.00717682080964247,-0.133559942245483,0.85516429344813,0.117068694531918,0.486981250842412,-72.2664398305946,-66.7562502744612,-40.4408545311557,-78.2360548777614,-56.2355146594122,-41.2463023998339,-119.173534902545,-100.766926308971,-61.6194084195196
08-Nov-2024 00:53:46,11,75,0.0137376312787334,0.397939532995224,0.00338716171681881,-0.124740560352802,0.853748265902201,0.150605743130048,0.482567777236303,-69.941813341909,-57.7703855161582,-40.7271179203429,-84.1333723687648,-62.5616596204794,-42.9306716740035,-122.554565381268,-97.0746769746093,-59.5408641558509
08-Nov-2024 00:53:59,11,76,0.0126675153772036,0.401063972711563,0.00207992660192152,-0.124430734912554,0.851015420754751,0.178865638375282,0.477804174025853,-67.1568831744169,-61.4168930569876,-42.5575562158039,-90.1621292438543,-59.1570868633947,-41.2355698205075,-128.013079785534,-94.0150313676997,-58.0182258774424
08-Nov-2024 00:54:46,11,77,0.0089073966567715,0.401195700963338,-0.00130398392211646,-0.129533738891284,0.843713919321696,0.220999908447266,0.471727585792541,-63.1021048463281,-67.2222144482507,-41.440907058128,-92.7501664269007,-66.3178729653863,-44.0802035308442,-132.657852227028,-90.1890838970638,-55.2426346064038
08-Nov-2024 00:54:59,11,78,0.00173681116042038,0.400785877307256,-0.00328431711532176,-0.125089762111505,0.843711527188619,0.212290576100349,0.476902621984482,-64.5502050406448,-67.2266284760934,-41.2139957189199,-89.5630199734395,-69.7443614412942,-45.5643294156687,-127.427137327864,-83.9029106939122,-51.8704296516986
08-Nov-2024 00:55:42,11,79,-0.00456494052583973,0.39668581088384,0.00315035106614232,-0.128841049472491,0.849058508872986,0.178594693541527,0.480212060610453,-67.0133811546631,-66.8104494291529,-41.0885406531434,-87.2805136739567,-65.4785293467401,-42.4183230824097,-125.464551447315,-75.5835865588975,-48.0967482006783
08-Nov-2024 00:55:55,11,80,-0.0117136724914114,0.39610630273819,0.00110141487093642,-0.12443566719691,0.849385090668996,0.166500490903854,0.485116835435232,-68.4614813489798,-66.8148634569956,-40.8616293139352,-84.0933672204955,-68.9050178226481,-43.9024489672343,-120.233836548152,-69.2974133557459,-44.7245432459731
08-Nov-2024 00:56:36,11,81,-0.0135547221327821,0.392888198296229,0.00599610231195887,-0.104432850579421,0.856306449572245,0.139086632927259,0.486300331354141,-72.2171195031472,-61.4339809474467,-39.4854461114429,-84.4335408440235,-61.9603460133249,-40.821508743017,-116.187186158296,-65.5196646866627,-42.3516000431103
08-Nov-2024 00:56:50,11,82,-0.0211089613536994,0.392408647139867,0.00290648497951527,-0.0981577043732007,0.856321875254313,0.129613549510638,0.490181887149811,-73.6652196974639,-61.4383949752893,-39.2585347722348,-81.2463943905623,-65.3868344892328,-42.3056346278416,-110.956471259132,-59.2334914835111,-38.9793950884051
08-Nov-2024 00:57:35,11,83,-0.0195409261931976,0.389566487073898,0.00541201556722323,-0.082813852528731,0.861835209528605,0.0865614036719004,0.492837838331858,-78.292088871706,-60.9251607344362,-38.2319875013846,-80.1979079755957,-61.5277428225252,-42.0322274581452,-107.367788614623,-61.8515305473936,-39.556821009621
08-Nov-2024 00:57:49,11,84,-0.0273816076417764,0.389351493120193,0.00222837681261202,-0.0750683431824048,0.862196246782939,0.0768239796161652,0.495056064923604,-79.7401890660227,-60.9295747622788,-38.0050761621765,-77.0107615221344,-64.9542312984331,-43.5163533429698,-102.137073715459,-55.565357344242,-36.1846160549158
08-Nov-2024 00:58:36,11,85,-0.0237012337893248,0.38712306022644,0.00291719492524862,-0.0629880353808403,0.86431227127711,0.0478153298298518,0.496699663003286,-81.352673750302,-59.9251646557736,-37.4533468571473,-76.0929450879205,-64.8879297030333,-42.0217127005339,-99.5273749436226,-59.4312902746078,-38.2372265381711
08-Nov-2024 00:58:50,11,86,-0.0309838552027941,0.386897259950638,0.000503789788732926,-0.0563814935584863,0.864693029721578,0.0365194166700045,0.497788574298223,-82.8007739446187,-59.9295786836162,-37.2264355179392,-72.9057986344593,-68.3144181789412,-43.5058385853584,-94.2966600444593,-53.1451170714562,-34.8650215834659
08-Nov-2024 00:59:37,11,87,-0.0292167539397875,0.38298134803772,-0.00209257565438747,-0.0600256018340588,0.864068154493968,0.00349897467531264,0.499770891666412,-82.9060663839168,-59.3545806442849,-35.2621151958206,-67.8533171906217,-70.6695116191953,-43.8005812065528,-90.3764532089593,-53.9599969350636,-36.005224347741
08-Nov-2024 00:59:50,11,88,-0.0354856098691622,0.383140118916829,-0.00555848559985558,-0.0557008862495422,0.864616556962331,-0.00341409067623317,0.499323532978694,-84.3541665782335,-59.3589946721276,-35.0352038566125,-64.6661707371605,-74.0960000951032,-45.2847070913773,-85.145738309796,-47.673823731912,-32.6330193930357
08-Nov-2024 01:00:40,11,89,-0.0357910325129827,0.378901336590449,-0.00673554831494888,-0.0412642354766528,0.867269841829936,-0.034762312968572,0.494905928770701,-84.5308628950409,-58.2487026663832,-34.3145880259491,-61.9713567885111,-79.6867910531842,-45.9491413443867,-80.8702774424644,-48.6131770621402,-34.7420182978209
08-Nov-2024 01:00:53,11,90,-0.0409521758556366,0.380975377559662,-0.00645314358795683,-0.0193910668293635,0.867948551972707,-0.0207644099990527,0.49584084947904,-82.5013941282398,-64.5425231131433,-37.3258496086647,-68.0509118965167,-81.7614035369731,-46.8507989456168,-80.271798640764,-47.2566906554954,-33.928126453834
08-Nov-2024 01:01:43,11,91,-0.0428971750040849,0.381719028949738,-0.00600928965335091,0.0027074150275439,0.865067720413208,0.0151278824235002,0.501419671376546,-79.4612234226841,-66.9789905431099,-40.8402589456526,-74.7516332569282,-85.0681672618487,-48.7676107309392,-80.2259468549796,-49.5129675155407,-35.1048365395924
08-Nov-2024 01:01:57,11,92,-0.0489039632181327,0.384103737274806,-0.00503441353018085,0.0240210202833017,0.862960072358449,0.0289562287429969,0.503869525591532,-77.4317546558831,-73.27281098987,-43.8515205283682,-80.8311883649339,-87.1427797456376,-49.6692683321692,-79.6274680532793,-48.1564811088959,-34.2909446956056
08-Nov-2024 01:02:46,11,93,-0.0512746135393779,0.383782974878947,-0.00421071999395887,0.0485069257517656,0.85640743970871,0.0582409570614497,0.510706790288289,-72.3469349197048,-78.3879549282334,-49.1393559882199,-85.4213265991424,-89.0084678499699,-51.5285030254455,-76.3053027595369,-49.8813763355963,-35.6723538164914
08-Nov-2024 01:02:59,11,94,-0.0578792966902256,0.386570467551549,-0.00348559156991541,0.071005601187547,0.851285525163015,0.0739522452155749,0.514589424928029,-70.3174661529037,-84.6817753749934,-52.1506175709355,-91.5008817071481,-91.0830803337589,-52.4301606266755,-75.7068239578366,-48.5248899289516,-34.8584619725046
08-Nov-2024 01:03:48,11,95,-0.0597654432058334,0.386662310361862,-0.00185806820324312,0.082061663766702,0.84478934208552,0.0901646499832471,0.521025188763936,-69.0103219014141,-89.5612575675552,-56.4501660922191,-93.9107283782552,-93.4282306278195,-53.2856067739286,-75.0215019101153,-48.4840943389794,-36.0422206109542
08-Nov-2024 01:04:02,11,96,-0.0592366710305214,0.389671023686727,0.00557341007515788,0.0740577687819799,0.848317742347717,0.0741015916069349,0.519019695123037,-75.3055820669563,-94.7408388114883,-59.4108142884306,-95.1563545343809,-92.0837200342379,-52.9842090513828,-78.0002317701229,-52.1926700814293,-38.2673660564241
08-Nov-2024 01:04:50,11,97,-0.0591623939573765,0.392807120084763,0.0152453261738022,0.0782150050004323,0.85266064008077,0.0369962620238463,0.515251004695892,-86.1620044901542,-99.7382509283222,-64.2156059539262,-96.1421264720573,-90.7244783457921,-51.6097056018485,-78.31054000712,-54.0090912322155,-37.5913367431122
08-Nov-2024 01:05:03,11,98,-0.0589546270668507,0.396177786588669,0.0226794352134069,0.070690035323302,0.855071719487508,0.0190440598875284,0.513315331935883,-92.4572646556965,-104.917832172255,-67.1762541501377,-97.3877526281829,-89.3799677522105,-51.3083078793027,-81.2892698671276,-57.7176669746654,-39.8164821885821
08-Nov-2024 01:05:51,11,99,-0.0592221960425377,0.400989542404811,0.0283307826767365,0.0590349443256855,0.858970598379771,-0.00762875077004234,0.508553071816762,-101.933105950067,-109.706328852639,-70.6089740809913,-98.5784516750839,-85.7030916111968,-51.8203572932627,-86.8337889156299,-56.2801654212832,-40.3660402546611
08-Nov-2024 01:06:04,11,100,-0.0593333885073662,0.404871785640717,0.0356019576390584,0.0526963566740354,0.860091555118561,-0.0267315485825141,0.506706094741821,-108.228366115609,-114.885910096572,-73.5696222772028,-99.8240778312096,-84.3585810176152,-51.5189595707169,-89.8125187756375,-59.9887411637332,-42.591185700131
08-Nov-2024 01:07:16,12,1,-0.0207408850391706,0.311242548624674,0.00680061358337601,0.0178524906436602,0.864934734503428,0.0167378312597672,0.501287444432576,-7.20000000000001,-13.425,-5.92500000000001,-6.37500000000001,-11.85,-6.45000000000001,-6.45000000000001,-7.35000000000001,-9.225
08-Nov-2024 01:07:29,12,2,-0.0219862621277571,0.315734285116196,0.00616536969318986,0.0459959370394548,0.863732091585795,0.00942559627195199,0.501759366194407,-12.4438094543069,-11.1797155597702,-4.51923237112923,-13.6626425299435,-9.0187813660357,-4.75126881962145,-6.72373343113839,-10.168757205545,-10.3512502223078
08-Nov-2024 01:08:11,12,3,-0.0227115293343862,0.324498744805654,0.00536337569355965,0.0663475086291631,0.86207689444224,0.0130014304692547,0.502247432867686,-21.2126189086138,-20.7469311195403,-9.37596474225841,-26.987785059887,-2.13756273207145,-10.5525376392428,-11.7974668622768,-14.63751441109,-15.4150004446156
08-Nov-2024 01:08:25,12,4,-0.0245145967851082,0.328797223170598,0.00372804674940805,0.0912939801812172,0.860444327195485,0.00747799873352051,0.501243511835734,-26.4564283629207,-18.5016466793105,-7.97019711338763,-34.2754275898305,0.693655901892829,-8.85380645886427,-12.0712002934151,-17.4562716166351,-16.5412506669235
08-Nov-2024 01:09:19,12,5,-0.0267836527278026,0.334682323535283,0.0039978857152164,0.0999130348364512,0.860286808013916,-0.017619388923049,0.499613400300344,-36.3877378172276,-28.0876122390808,-14.5706794845168,-39.331820119774,-27.0751254641429,-15.4800752784856,-13.6199337245535,-22.52502882218,-19.1112508892313
08-Nov-2024 01:09:32,12,6,-0.0281388739744822,0.338499993085861,0.00308302695242067,0.129364267985026,0.857256249586741,-0.0141780513028304,0.498172259330749,-41.6315472715345,-25.842327798851,-13.164911855646,-46.6194626497175,-24.2439068301787,-13.781344098107,-13.8936671556919,-25.3437860277251,-20.2375011115391
08-Nov-2024 01:10:23,12,7,-0.0327684787412484,0.342226751645406,0.00668979796270529,0.116698977351189,0.858377480506897,-0.0445914981265863,0.497575179735819,-49.9872809131645,-32.5843394883339,-19.5177302206635,-46.3196631042476,-31.083907032942,-18.9878442197648,-17.326613368177,-24.1380474686441,-20.4180068522749
08-Nov-2024 01:10:37,12,8,-0.0394018232822418,0.345225139458974,0.0133962725599607,0.117274111012618,0.855785556634267,-0.0800915683309237,0.497456769148509,-58.5492645547945,-37.5357261778165,-22.1674235856812,-44.5854885587777,-32.8239072357049,-20.0318443414225,-17.0470595806623,-22.2573089095631,-19.6516375930107
08-Nov-2024 01:11:25,12,9,-0.0368533218900363,0.348077140251795,0.0124727378909787,0.102770472566287,0.856918915112813,-0.113584919770559,0.492165354887644,-67.5331231964245,-35.7324253672991,-21.1936794506988,-45.4435015133078,-33.4389074384681,-20.5320944630803,-19.7487557931474,-24.7640703504821,-18.6837058337465
08-Nov-2024 01:11:38,12,10,-0.0432554456094901,0.351412610212962,0.0187138799577951,0.10278105388085,0.852203933397929,-0.149930703639984,0.490617247422536,-76.0951068380545,-40.6838120567817,-23.8433728157165,-43.7093269678379,-35.1789076412311,-21.5760945847381,-19.4692020056326,-22.8833317914011,-17.9173365744823
08-Nov-2024 01:12:28,12,11,-0.0391406123836835,0.354635336001714,0.0179239956041177,0.0872069373726845,0.850670746962229,-0.18522274295489,0.484197056293488,-84.9430279796844,-42.4828549962643,-22.3563474307341,-43.4212461723679,-35.6064078439941,-22.4982197063959,-22.3302732181178,-27.02134323232,-20.1251860652181
08-Nov-2024 01:12:41,12,12,-0.0463792413473129,0.358289704720179,0.0260221533477306,0.0878964071472486,0.84428467353185,-0.220250721772512,0.480569740136464,-93.5050116213145,-47.434241685747,-25.0060407957518,-41.687071626898,-37.346408046757,-23.5422198280537,-22.050719430603,-25.1406046732391,-19.3588168059539
08-Nov-2024 01:13:27,12,13,-0.0399006058772405,0.358325030406316,0.0212591617057721,0.0803438439965248,0.847016576925913,-0.210606355468432,0.481407113869985,-92.9656303791904,-45.9201700394455,-23.074911010587,-43.1261010784772,-37.4158447194152,-23.8753051398689,-24.5924565141207,-29.5311315252031,-21.7926815824218
08-Nov-2024 01:13:41,12,14,-0.0412210121750832,0.360545480251312,0.0127023745328188,0.0769029388825099,0.853096055984497,-0.195022054513295,0.477786032358805,-92.8832803870663,-44.4072702681441,-22.5371406004222,-45.5670836550563,-45.7165313920736,-28.244327951684,-28.1888810976383,-31.1372833771672,-22.8144369838898
08-Nov-2024 01:14:24,12,15,-0.0400082059204578,0.360238554080327,0.0153136997794112,0.0785077840089798,0.852923814455668,-0.192467798789342,0.478867087761561,-92.4224147699422,-47.5437845593427,-25.0526905027574,-46.2320896691355,-44.5015930647319,-29.1703820134992,-27.882961931156,-33.0106227291313,-23.1922470728578
08-Nov-2024 01:14:38,12,16,-0.0425066043933233,0.362545200188955,0.0060720745784541,0.0760723953445752,0.857193430264791,-0.181795204679171,0.47579714457194,-92.3400647778181,-46.0308847880412,-24.5149200925926,-48.6730722457146,-52.8022797373903,-33.5394048253143,-31.4793865146736,-34.6167745810954,-24.2140024743258
08-Nov-2024 01:15:22,12,17,-0.0425684086978435,0.363469137748082,0.00377954312910636,0.0729106927911441,0.861072258154551,-0.172873383760452,0.472602872053782,-91.918456973194,-46.9926920479899,-27.5288098386778,-49.8510665410438,-56.2701539100486,-36.1869432621294,-32.9746392231912,-34.2565201830595,-25.5137852195437
08-Nov-2024 01:15:36,12,18,-0.0448430341978868,0.365710983673732,-0.00443998416885734,0.0707077835996946,0.864556996027629,-0.1600094328324,0.471103662252426,-91.8361069810699,-45.4797922766885,-26.991039428513,-52.2920491176229,-64.5708405827071,-40.5559660739446,-36.5710638067089,-35.8626720350237,-26.5355406210117
08-Nov-2024 01:16:23,12,19,-0.0477619061867396,0.367961249748866,-0.0044118699307243,0.0941278373201688,0.865139138698578,-0.153100489576658,0.468224851290385,-93.2656247468177,-48.5003566910719,-31.1867960458928,-60.4298188005381,-67.6879613180289,-41.8528084689814,-35.2601374200381,-36.2526870733111,-26.7519844644062
08-Nov-2024 01:16:37,12,20,-0.0534380612274011,0.371939279635747,-0.012539841607213,0.127839907010396,0.865803388754527,-0.134315264225006,0.464758914709091,-94.3397714188154,-47.2835675898301,-30.4567225851477,-68.8990826240783,-72.6964883033508,-44.2353930515181,-32.5247969708674,-35.6009052365985,-26.3044146359257
08-Nov-2024 01:17:15,12,21,-0.0481915275255839,0.374110867579778,-0.0193532632042964,0.158884443839391,0.866131317615509,-0.101314669350783,0.462933748960495,-88.5416036376882,-26.9604552464007,-17.3395641634653,-78.4025993773061,-76.3843121636727,-44.4251065403049,-35.3766635529466,-39.4450218373859,-29.5638516433827
08-Nov-2024 01:17:29,12,22,-0.0540624017516772,0.377817912896474,-0.0252186555415392,0.18829296429952,0.86489938100179,-0.0819377928972244,0.45801855524381,-89.615750309686,-25.7436661451589,-16.6094907027202,-86.8718632008463,-81.3928391489946,-46.8076911228417,-32.6413231037758,-38.7932400006733,-29.1162818149023
08-Nov-2024 01:18:23,12,23,-0.0506307798127333,0.377008722225825,-0.0216978194812934,0.171782195568085,0.865089476108551,-0.0650391131639481,0.466777294874191,-87.6300365630864,-53.6889432361226,-30.7265085188806,-85.5816533641098,-82.6102720327525,-48.4364887396963,-38.3437444034461,-41.8168556103498,-30.3314593689349
08-Nov-2024 01:18:37,12,24,-0.0510325536131859,0.378064145644506,-0.0163064323365688,0.148995064695676,0.864910026391347,-0.0446715511381626,0.477216519912084,-83.7554800430493,-59.6873819481799,-33.7120688155099,-82.7993170625296,-82.6880564790105,-48.461721903426,-44.8525621874913,-41.0175220012763,-29.9181335049988
08-Nov-2024 01:19:22,12,25,-0.0438342352708181,0.375889219840368,-0.0199880518019199,0.127964596947034,0.867502546310425,-0.0347684281567733,0.479432592789332,-81.8753449097309,-53.4842398496901,-31.0133578719049,-81.5880439933713,-83.1856651440184,-48.1637372937181,-47.283181729349,-43.8546630015779,-31.5940593500471
08-Nov-2024 01:19:35,12,26,-0.044323235253493,0.3775920967261,-0.0144265664120515,0.102398896217346,0.866527513662974,-0.019683175906539,0.488115908702215,-78.0007883896938,-59.4826785617474,-33.9989181685342,-78.8057076917911,-83.2634495902764,-48.1889704574478,-53.7919995133942,-43.0553293925044,-31.180733486111
08-Nov-2024 01:20:21,12,27,-0.0404039534429709,0.376536206404368,-0.0159979006896416,0.0743606969714165,0.865564994017283,0.00701464094842474,0.495195508003235,-76.4734425630161,-56.0053268685311,-33.9923428450464,-78.9839030064218,-83.4011461459093,-48.4275947344586,-58.9367181763457,-44.2242330881186,-32.4120334766671
08-Nov-2024 01:20:34,12,28,-0.0413796176513036,0.377763074636459,-0.0111597175399462,0.0552439364294211,0.864374566078186,0.0192218810319901,0.499434953927994,-72.598886042979,-62.0037655805884,-36.9779031416757,-76.2015667048416,-83.4789305921672,-48.4528278981883,-65.4455359603909,-43.4248994790451,-31.998707612731
08-Nov-2024 01:21:20,12,29,-0.0400510100026925,0.376617040236791,-0.00847887477527062,0.0193010214716196,0.864194822311401,0.0325068538387616,0.50173511505127,-72.0729348696215,-63.3393090900089,-37.9423956282464,-73.7744962113669,-83.6616710931127,-48.6597566185585,-71.0473041838893,-44.1346845223155,-32.707694676041
08-Nov-2024 01:21:33,12,30,-0.0420126462976138,0.378337870041529,-0.00153243558015674,-0.00570645003269116,0.862650843461355,0.047977738827467,0.503487018744151,-68.1983783495844,-69.3377478020662,-40.9279559248757,-70.9921599097867,-83.7394555393706,-48.6849897822882,-77.5561219679345,-43.335350913242,-32.2943688121049
08-Nov-2024 01:22:16,12,31,-0.031912275403738,0.376242711146673,-0.00140158163073162,-0.0368553854525089,0.863273509343465,0.0397736760477225,0.50181534687678,-71.1109360693661,-61.4843145611484,-38.084292491466,-67.3518078258548,-76.4848050571008,-45.187636597221,-79.8318850050395,-45.6435431536071,-31.6727050242439
08-Nov-2024 01:22:30,12,32,-0.0261556117484967,0.377287896474202,-0.00111295719786237,-0.0438830410440763,0.862545160452525,0.0353482457498709,0.502832698822022,-73.6991911158079,-57.0873289215489,-36.1761629630856,-64.6588228378702,-70.3776765474873,-42.4244356338336,-81.9611728224179,-48.5471760678003,-33.4148847727598
08-Nov-2024 01:23:14,12,33,-0.0225046772509813,0.375995635986328,0.00593145188565056,-0.0748037179311117,0.861994055906932,0.00768118839090069,0.501310014724731,-77.0495974989197,-57.1121194812902,-33.8002664821906,-61.492154301912,-64.3717870515456,-39.0691585596063,-83.9386982496596,-47.7780886450793,-31.8001427530873
08-Nov-2024 01:23:27,12,34,-0.0173568403969208,0.377334952354431,0.00886470309148232,-0.0835621943076452,0.861651317278544,0.0010183506179601,0.500573035081228,-79.6378525453615,-52.7151338416908,-31.8921369538101,-58.7991693139274,-58.2646585419321,-36.3059575962188,-86.067986067038,-50.6817215592724,-33.5423225016032
08-Nov-2024 01:24:11,12,35,-0.0174322117120028,0.377177113294601,0.0123486924916506,-0.114165606598059,0.859316678841909,-0.0187336559096972,0.498186868429184,-82.3071832601383,-55.9290363017616,-30.7251239491724,-53.694342551956,-54.9081495391545,-36.0967185774115,-88.4963926893481,-47.9239943050084,-31.6560413660249
08-Nov-2024 01:24:25,12,36,-0.0126878147323926,0.37723373969396,0.0182837389409542,-0.115115187565486,0.85933704773585,-0.0212069101631641,0.497833953301112,-79.4578598506093,-58.9278168135177,-31.8825668038911,-51.1791009971889,-49.6640946219586,-33.1327437176542,-85.1598447285229,-52.437090319976,-33.5706419723494
08-Nov-2024 01:25:06,12,37,-0.0137490316604575,0.371419388055801,0.0181991039464871,-0.113129282494386,0.861174519856771,-0.00634672263016303,0.495519866545995,-73.7990742752478,-57.8570413751091,-32.0605679204812,-47.8329385554284,-48.9453494581806,-32.4207498301869,-83.7728561701635,-48.0445062507151,-34.1960121366268
08-Nov-2024 01:25:20,12,38,-0.00899162261436383,0.371206829945246,0.0249223278214534,-0.117862003544966,0.861117215951284,-0.0113254077111681,0.494426397482554,-70.9497508657187,-60.8558218868652,-33.2180107752,-45.3176970006613,-43.7012945409847,-29.4567749704297,-80.4363082093383,-52.5576022656828,-36.1106127429513
08-Nov-2024 01:26:04,12,39,-0.0105009354030093,0.36686473886172,0.0241608496755362,-0.109613643586636,0.861418191591899,-0.0264598451554775,0.495220625400543,-70.5956963732734,-60.4698244235389,-33.2857327608544,-41.3369950023975,-46.0448945004977,-30.9187905968174,-77.3995399497461,-54.5678582385362,-36.4055981282523
08-Nov-2024 01:26:18,12,40,-0.00632056801890333,0.367366109291712,0.030997987712423,-0.107844627400239,0.861577713489532,-0.0267193383226792,0.495317552487055,-67.7463729637444,-63.468604935295,-34.4431756155731,-38.8217534476304,-40.8008395833019,-27.9548157370601,-74.0629919889209,-59.0809542535038,-38.3201987345768
08-Nov-2024 01:27:04,12,41,-0.00453204667816559,0.362434885899226,0.031343753139178,-0.101549091438452,0.86180731455485,-0.0291848654548327,0.496109050512314,-64.4196840127572,-67.09999645951,-35.6557580357597,-36.3237816711149,-41.3756121044606,-31.4038361203753,-69.6013338787121,-63.0926302474143,-38.9749917303895
08-Nov-2024 01:27:17,12,42,0.00080791759925584,0.363251113891602,0.0383300316830476,-0.0994318654139837,0.861761105060577,-0.0284428909420967,0.496660965681076,-61.5703606032282,-70.0987769712661,-36.8132008904784,-33.8085401163478,-36.1315571872647,-28.439861260618,-66.264785917887,-67.605726262382,-40.889592336714
08-Nov-2024 01:28:04,12,43,0.00213547212382158,0.359852985541026,0.0337184449036916,-0.0777227570613225,0.861374600728353,-0.0206648384531339,0.501563568909963,-57.5823544229701,-74.4638629892516,-32.2982135279311,-34.0019334507065,-35.5969159892464,-32.8073840223971,-60.41568288237,-71.1181122668211,-42.4742891377826
08-Nov-2024 01:28:17,12,44,0.0072455786789457,0.360220009088516,0.0414682187139988,-0.0790849670767784,0.861146096388499,-0.0195221348355214,0.501788751284281,-54.733031013441,-77.4626435010077,-33.4556563826499,-31.4866918959394,-30.3528610720505,-29.8434091626399,-57.0791349215448,-75.6312082817887,-44.3888897441072
08-Nov-2024 01:29:07,12,45,0.00957617287834485,0.35710297425588,0.0406246257325013,-0.0625025528172652,0.869728843371073,0.028724663456281,0.488712733983994,-43.8893662185475,-77.8445767658785,-38.7518841287356,-35.8007677857351,-32.6385130144436,-29.3451831136509,-56.4613094233737,-79.1939492914921,-47.7135384478037
08-Nov-2024 01:29:21,12,46,0.00256462533337375,0.359923319021861,0.0455410870412985,-0.0569190296034018,0.867476669947306,-0.00404013525694609,0.494194449981054,-53.5380106385679,-80.2769174978178,-40.0535258225105,-37.1567659071666,-33.4932262924969,-29.8580110804829,-56.0160158750544,-78.3445905624126,-47.3743304110693
08-Nov-2024 01:30:13,12,47,-0.00527633015687267,0.363090662161509,0.0475389689207077,-0.0535719382266204,0.8615296403567,-0.0567411715785662,0.501674417654673,-65.489484365906,-83.8758346063144,-48.5245599619689,-36.9774227508796,-39.387793000345,-31.9037134526991,-55.6550835580621,-78.2200543307009,-47.2151464230208
08-Nov-2024 01:30:27,12,48,-0.0102097352966666,0.365977881352107,0.0521348650256793,-0.047470002869765,0.858458832899729,-0.0845381701985995,0.503635132312775,-75.1381287859264,-86.3081753382536,-49.8262016557438,-38.3334208723111,-40.2425062783982,-32.4165414195311,-55.2097900097427,-77.3706956016213,-46.8759383862864
08-Nov-2024 01:31:12,12,49,-0.0120255057389537,0.368655890226364,0.0447523792584737,-0.0313197365651528,0.848332711060842,-0.128952554861705,0.51256415049235,-85.3381878596056,-79.7238042584716,-42.5625395723606,-39.2217483548833,-41.4421462713489,-36.5458065890553,-53.6066770770869,-78.2337481212257,-44.226742373895
08-Nov-2024 01:31:26,12,50,-0.0161390695720911,0.372179965178172,0.0470993888874849,-0.0228931585947673,0.841968258221944,-0.163714045286179,0.513578736782074,-94.986832279626,-82.1561449904109,-43.8641812661355,-40.5777464763148,-42.2968595494022,-37.0586345558873,-53.1613835287676,-77.3843893921461,-43.8875343371605
08-Nov-2024 01:32:09,12,51,-0.0175483246644338,0.372382940848668,0.043879572302103,-0.02219226633509,0.837886794408162,-0.185484240452449,0.512882856527964,-99.0611840264758,-79.9301298164895,-40.8831710713314,-39.3749092783167,-44.2990361849042,-37.5796811240654,-52.21218028828,-76.2662362874085,-43.4433323125976
08-Nov-2024 01:32:23,12,52,-0.021571484580636,0.376431169112523,0.0473961196839809,-0.0124753501887123,0.829875044027964,-0.222698792815208,0.511426456769307,-108.709828446496,-82.3624705484288,-42.1848127651063,-40.7309073997482,-45.1537494629575,-38.0925090908973,-51.7668867399607,-75.4168775583289,-43.1041242758631
08-Nov-2024 01:33:11,12,53,-0.0295083902776241,0.38012588818868,0.0541206774612268,-0.00143120285744468,0.822607171535492,-0.255817830562592,0.507811665534973,-118.496326529931,-87.4906333274377,-52.5951285145917,-42.9074878614649,-46.5071944197352,-37.6344463584023,-50.6196383455572,-73.6081216414204,-42.1874192452144
08-Nov-2024 01:33:24,12,54,-0.0356797824303309,0.380803376436234,0.0483383928736051,0.00469611824179689,0.826027297973633,-0.257814822594325,0.501186954975128,-119.983063872372,-87.5572374277391,-52.7258504580733,-44.172075504245,-52.3729753564282,-40.6647567200798,-47.5671866403875,-68.0130081538753,-39.4872823947729
08-Nov-2024 01:34:10,12,55,-0.04462589447697,0.381470110019048,0.0572439906497796,-0.00111997292842716,0.826825090249379,-0.276296504338582,0.489917653799057,-123.03872804652,-94.1467525515753,-53.2859094294102,-42.6969543171678,-48.2881221324832,-37.0596217320936,-49.0387575121756,-63.1381960724158,-36.1983970473742
08-Nov-2024 01:34:23,12,56,-0.0503070029119651,0.382532427708308,0.051815764605999,0.00515906761089961,0.829695717493693,-0.280131951967875,0.482808862129847,-124.525465388961,-94.2133566518766,-53.4166313728918,-43.9615419599479,-54.1539030691762,-40.0899320937711,-45.9863058070059,-57.5430825848708,-33.4982601969326
08-Nov-2024 01:35:08,12,57,-0.0580397978425026,0.385024692614873,0.0604982726275921,0.000736857081453006,0.828092511494954,-0.300641200939814,0.473156595230103,-128.896666147256,-99.0414162639454,-56.687021830301,-43.4812751877993,-51.0693669255499,-37.5525197806165,-48.7208653903151,-48.3331198003686,-32.6037490980125
08-Nov-2024 01:35:22,12,58,-0.0672419806321462,0.385982930660248,0.0535374395549297,0.00799953856815894,0.833203168710073,-0.302324946721395,0.462934269507726,-130.383403489697,-99.1080203642467,-56.8177437737827,-44.7458628305794,-56.9351478622429,-40.582830142294,-45.6684136851453,-42.7380063128235,-29.903612247571
08-Nov-2024 01:36:09,12,59,-0.0609431852897008,0.386973075071971,0.0583907852570216,0.00247442196123302,0.829204070568085,-0.307465257247289,0.466775765021642,-132.412372540065,-99.7553522204318,-56.9432999742281,-45.2130232658952,-53.4507702587761,-38.8042791665555,-49.709467624215,-47.1854681767998,-30.6562882728901
08-Nov-2024 01:36:23,12,60,-0.069240998228391,0.388002912203471,0.0518444493412972,0.00642498436694344,0.834336272875468,-0.310170028607051,0.455671181281408,-133.899109882505,-99.8219563207331,-57.0740219177097,-46.4776109086753,-59.3165511954692,-41.834589528233,-46.6570159190453,-41.5903546892548,-27.9561514224485
08-Nov-2024 01:37:14,12,61,-0.0628182922800382,0.389337182044983,0.0537963733077049,0.0028871995707353,0.829817648728689,-0.317991489171982,0.45855838060379,-137.15696307891,-100.778924298976,-57.4271609896733,-47.1184849477232,-57.5822528620823,-42.2354692212025,-50.6763170359955,-47.8415288774705,-31.1824210098873
08-Nov-2024 01:37:27,12,62,-0.0709388375282288,0.390470250447591,0.0480309630433718,0.00785269069795807,0.834338621298472,-0.320692574977875,0.448300768931707,-138.643700421351,-100.845528399278,-57.5578829331549,-48.3830725905033,-63.4480337987754,-45.26577958288,-47.6238653308258,-42.2464153899255,-28.4822841594457
08-Nov-2024 01:38:21,12,63,-0.0651953925689061,0.39081561366717,0.0488617879649003,0.000863733193061004,0.833901325861613,-0.315277367830276,0.452999021609624,-138.765995690773,-101.58231443855,-58.2498134408775,-49.4858034314174,-64.6137751004286,-44.7313746102035,-52.6822900367164,-47.7494457402613,-32.1203505279443
08-Nov-2024 01:38:34,12,64,-0.066942885518074,0.392561886707942,0.0419735709826152,0.0347286770741145,0.838601020971934,-0.291503306229909,0.458876991271973,-135.405359776501,-101.204786831452,-57.9823409120811,-58.7153422609475,-66.327146184721,-45.5093514271023,-50.8508620206275,-46.9623584877874,-31.64809817646
08-Nov-2024 01:39:26,12,65,-0.0618562174340089,0.391867516438166,0.0390383717914422,0.0629165569941203,0.837943069140116,-0.258736242850622,0.47639116247495,-133.312502825719,-99.8123501938394,-56.5704726654051,-66.5889526895447,-65.9904974514934,-44.8799705768242,-51.7998722100689,-49.9993431542542,-33.6699474344458
08-Nov-2024 01:39:40,12,66,-0.0640058015783628,0.394076460599899,0.0331987793246905,0.0934442535042763,0.839643820126851,-0.237650275230408,0.479362885157267,-129.951866911447,-99.4348225867413,-56.3030001366087,-75.8184915190748,-67.7038685357858,-45.657947393723,-49.9684441939801,-49.2122559017803,-33.1976950829615
08-Nov-2024 01:40:32,12,67,-0.0598712881406148,0.39346585671107,0.0283300330241521,0.123885662853718,0.838172284762065,-0.197538650035858,0.493049774567286,-126.77512047892,-97.799840464386,-54.5633297488726,-83.1700661481385,-69.8172297113182,-45.2072453770333,-50.8772352806565,-51.9872046087768,-35.3974935362123
08-Nov-2024 01:40:46,12,68,-0.0622743226587772,0.396295533577601,0.0217892337590456,0.158540175358454,0.837398441632589,-0.174784625569979,0.493030625581741,-123.414484564647,-97.422312857288,-54.2958572200762,-92.3996049776687,-71.5306007956106,-45.9852221939321,-49.0458072645676,-51.200117356303,-34.925241184728
08-Nov-2024 01:41:40,12,69,-0.0576791405677795,0.395897982517878,0.0157635072867076,0.184476505716642,0.835567434628805,-0.124205713967482,0.502362843354543,-119.695793391247,-96.1910579925613,-52.3922857618099,-100.090161706966,-73.818966925523,-46.8238595940367,-50.9844887998615,-53.5440480835644,-37.3640142356114
08-Nov-2024 01:41:54,12,70,-0.0608353232343992,0.39918351372083,0.00978208786497513,0.21798337996006,0.832694820562998,-0.101196524997552,0.498860561847687,-116.335157476975,-95.8135303854633,-52.1248132330135,-109.319700536496,-75.5323380098154,-47.6018364109355,-49.1530607837726,-52.7569608310906,-36.891761884127
08-Nov-2024 01:42:50,12,71,-0.0563524295886358,0.400783276557922,0.00165975173780074,0.237010936935743,0.834374229113261,-0.0869568799932798,0.489983656009038,-119.483392660926,-90.1673730816519,-50.3000539068099,-115.689855355554,-79.9283051411795,-50.9143384828453,-51.7292332238829,-57.1518395812575,-38.3648964414905
08-Nov-2024 01:43:03,12,72,-0.0620814715822538,0.404110938310623,-0.00758683796351155,0.260403784116109,0.834725069999695,-0.0726798097292582,0.479730731248856,-119.73565547444,-87.3480794066549,-48.7683440453413,-122.904501224729,-86.1367747497336,-53.8965102631523,-50.0203508883016,-55.9312093415566,-37.6325182976699
08-Nov-2024 01:43:53,12,73,-0.0560787168641885,0.406802743673325,-0.014779509541889,0.271699247757594,0.837967769304911,-0.048581268141667,0.47077538172404,-118.735904473173,-82.0653539172507,-49.4151094515052,-129.396901568846,-92.5639931196928,-55.4688471892607,-55.5539959405664,-26.6183335967886,-41.0778965044415
08-Nov-2024 01:44:06,12,74,-0.0615895420312881,0.41039025982221,-0.0248365071912607,0.294435250759125,0.837504069010417,-0.0356225527822971,0.458939941724141,-118.988167286687,-79.2460602422536,-47.8833995900366,-136.61154743802,-98.7724627282469,-58.4510189695677,-53.8451136049851,-25.3977033570877,-40.3455183606209
08-Nov-2024 01:44:57,12,75,-0.0565574777623018,0.413756412267685,-0.0273508336395025,0.314707497755686,0.83458845615387,-0.0100534665708741,0.452018014589945,-118.314423192811,-78.345050660053,-48.7909273623842,-144.440070544666,-102.465306717504,-61.1782733227754,-58.382494963327,-9.53095036485303,-42.6770183920966
08-Nov-2024 01:45:11,12,76,-0.0529525183141232,0.414695570866267,-0.0296877714494864,0.301012768348058,0.837571561336517,0.0138003474101424,0.455713381369909,-113.223934454265,-76.2445501046425,-48.1649168745174,-145.888883560199,-103.820167084814,-62.279943296269,-64.3218520210649,-13.7733482632373,-45.2224571311271
08-Nov-2024 01:46:05,12,77,-0.0535181870063146,0.413180649280548,-0.0418492419024309,0.326800326506297,0.833746075630188,0.0509761450191339,0.442120464642843,-102.495442262023,-67.2281915956303,-38.6335252035588,-149.294635194466,-113.592214642476,-55.5291545562132,-58.1593409257639,-60.1926847853557,-44.3498349578057
08-Nov-2024 01:46:19,12,78,-0.0473080972830454,0.41365799109141,-0.0434165060520172,0.31157341003418,0.835367143154144,0.0808005541563034,0.445594936609268,-97.4049535234772,-65.1276910402198,-38.007514715692,-150.743448209999,-114.947075009786,-56.6308245297068,-64.0986979835019,-64.4350826837399,-46.8952736968362
08-Nov-2024 01:46:42,12,79,-0.0605822024246057,0.409703061978022,-0.0485900714993477,0.346467749277751,0.818068357308706,0.103935958941778,0.447125720977783,-88.6704630580835,-60.4692615080085,-32.9288136362793,-149.195730534899,-107.310528972272,-54.8562651464257,-39.3121209647194,-38.3909498939903,-26.7316819796903
08-Nov-2024 01:46:55,12,80,-0.0622807455559572,0.408798352877299,-0.0522866030534108,0.346187539895376,0.814697221914927,0.124724122385184,0.448181229829788,-83.5799743195374,-58.368760952598,-32.3028031484124,-150.644543550431,-108.665389339583,-55.9579351199194,-45.2514780224573,-42.6333477923746,-29.2771207187208
08-Nov-2024 01:47:43,12,81,-0.0561477571725845,0.41095965107282,-0.046193528175354,0.334393088022868,0.816509687900543,0.130524464448293,0.452168742815654,-87.0349400270398,-70.6787657957618,-43.9135404169314,-153.414383858207,-112.317184212555,-61.8111673777339,-59.9695767056319,-29.4410614334061,-41.8031928816916
08-Nov-2024 01:47:57,12,82,-0.0522344626486301,0.412217744191488,-0.0415711107353369,0.306509204705556,0.817964386940002,0.149769475062688,0.463201353947322,-86.7619065979659,-73.9177351273261,-45.6756229812235,-154.0824895113,-111.014682287939,-61.3025143139358,-69.2006424270666,-30.8670404185046,-42.6587802727507
08-Nov-2024 01:48:46,12,83,-0.0549514708419641,0.413035301367442,-0.0402655323346456,0.317604698737462,0.811910637219747,0.150325838724772,0.46618726849556,-87.9028727371801,-76.1422222146902,-48.1620328976289,-155.801462491734,-112.564328762117,-63.4498039109439,-68.0502246293712,-60.3088867315699,-43.0496100497657
08-Nov-2024 01:49:00,12,84,-0.0502622870107492,0.414902055263519,-0.0349264688789844,0.282760431369146,0.815260243415832,0.170107497771581,0.475878846645355,-87.6298393081063,-79.3811915462545,-49.9241154619209,-156.469568144826,-111.261826837501,-62.9411508471458,-77.2812903508059,-61.7348657166684,-43.9051974408248
08-Nov-2024 01:49:45,12,85,-0.0497226613263289,0.415417291720708,-0.0301446049163739,0.277388129631678,0.812683244546255,0.1725660353899,0.482517103354136,-88.8138056631764,-81.7379197557187,-51.8233617022697,-157.513107461589,-109.585399112282,-63.4604691137509,-79.0716143126756,-65.1687783657506,-43.4784060248618
08-Nov-2024 01:49:58,12,86,-0.0469358488917351,0.417273700237274,-0.026750706632932,0.249920102953911,0.815023728211721,0.189625183741252,0.487153492371241,-88.5407722341026,-84.976889087283,-53.5854442665617,-158.181213114681,-108.282897187666,-62.9518160499528,-88.3026800341104,-66.5947573508491,-44.3339934159209
08-Nov-2024 01:50:42,12,87,-0.0438012259701888,0.417729423443476,-0.0213940391937892,0.240012068549792,0.811965692043304,0.201530399918556,0.492434074481328,-87.8712386971007,-87.5497378577973,-54.8911086688821,-158.962035599609,-105.893432362749,-62.3571486513562,-91.1133748757626,-68.6497031679394,-45.673391403469
08-Nov-2024 01:50:55,12,88,-0.0419171293576558,0.419804165760676,-0.0172544571260611,0.215618829925855,0.813240718841553,0.217133314410845,0.494975944360097,-87.5982052680269,-90.7887071893616,-56.6531912331741,-159.630141252701,-104.590930438133,-61.8484955875581,-100.344440597197,-70.0756821530379,-46.5289787945281
08-Nov-2024 01:51:38,12,89,-0.0383100514610608,0.421283429861069,-0.0130500390504797,0.196291514237722,0.813473912080129,0.229608811934789,0.497000692288081,-87.651921784989,-93.4696162404009,-57.6620647164803,-160.504605321711,-101.094947063366,-61.8968353563608,-105.840320878741,-72.8661445541324,-47.4764714838317
08-Nov-2024 01:51:51,12,90,-0.0304994404315948,0.421474681297938,-0.0147794956341386,0.197961879769961,0.817955199877421,0.228169970711072,0.489590489864349,-87.853327871115,-88.4951370137108,-55.1372293297301,-157.883531973087,-97.9957696970614,-60.3096508998033,-105.687304957787,-79.6661334937217,-50.8388701802212
08-Nov-2024 01:52:31,12,91,-0.0293931915114323,0.418847034374873,-0.0107433666164676,0.182282717029254,0.823859600226084,0.213525085647901,0.49237731496493,-90.768108930259,-84.5166276467581,-52.985789402487,-155.740637832422,-93.5748516056812,-57.8759628595462,-106.291696316887,-75.2983641413086,-46.372221525733
08-Nov-2024 01:52:44,12,92,-0.023698694507281,0.41906361579895,-0.0125846983864903,0.183263899882634,0.827335226535797,0.210992685953776,0.487250336011251,-90.969515016385,-79.5421484200679,-50.4609540157369,-153.119564483799,-90.4756742393764,-56.2887784029887,-106.138680395932,-82.0983530808979,-49.7346202221226
08-Nov-2024 01:53:26,12,93,-0.0227031093090773,0.41730677485466,-0.00421322332695126,0.162507506211599,0.833907608191172,0.19452475408713,0.490254594882329,-92.52760858902,-84.0656541232464,-51.3478163587402,-150.362580739154,-88.3656265105339,-54.2033421545814,-107.189368115005,-76.7894628744858,-50.2324952430733
08-Nov-2024 01:53:40,12,94,-0.015395000576973,0.417543423175812,-0.00549488657464584,0.162502773602804,0.836918115615845,0.193514607350032,0.485502831141154,-92.729014675146,-79.0911748965563,-48.82298097199,-147.741507390531,-85.2664491442291,-52.6161576980239,-107.036352194051,-83.5894518140751,-53.5948939394628
08-Nov-2024 01:54:24,12,95,-0.0129169321308533,0.41738253235817,-0.00320819664436082,0.145511170228322,0.842172932624817,0.186786434054375,0.484439973036448,-93.6087645045265,-81.0406881348004,-50.0289944501166,-147.302478843897,-84.9118365966555,-53.2548473455415,-109.36018809311,-83.0600011806637,-53.950030798133
08-Nov-2024 01:54:37,12,96,-0.00564907422910134,0.417950824896495,-0.00354909695064028,0.145488451917966,0.844805185000102,0.18489027718703,0.480575642983119,-93.8101705906525,-76.0662089081102,-47.5041590633664,-144.681405495273,-81.8126592303507,-51.667662888984,-109.207172172156,-89.859990120253,-57.3124294945225
08-Nov-2024 01:55:24,12,97,-0.00301654503370325,0.416646393140157,-0.00182322588128348,0.135996514558792,0.849508726596832,0.170536924401919,0.480371793111165,-93.9757485484058,-80.6287259138874,-48.3447481090546,-143.001354547644,-82.7107642734114,-52.468415484464,-107.817582161208,-93.970259273342,-58.9461972720524
08-Nov-2024 01:55:38,12,98,0.00431981158132354,0.417382462819417,-0.00270363829719524,0.135160420338313,0.851884686946869,0.169200373689334,0.47685986161232,-94.1771546345318,-75.6542466871973,-45.8199127223044,-140.380281199021,-79.6115869071066,-50.8812310279065,-107.664566240254,-100.770248212931,-62.3085959684419
08-Nov-2024 01:56:27,12,99,0.00867505104591449,0.416067371765773,-0.000494654690070699,0.114821176230907,0.857540293534597,0.155151292681694,0.476832125584284,-94.2106466564714,-78.5232655767411,-47.9777895517734,-137.854719050895,-80.6860507454845,-52.0630150973678,-108.093263274303,-104.42537725927,-66.2316792054016
08-Nov-2024 01:56:41,12,100,0.0172199334949255,0.417458748817444,-0.000615854592372974,0.112184837460518,0.860702951749166,0.153001759449641,0.472435686985652,-94.4120527425974,-73.548786350051,-45.4529541650232,-135.233645702271,-77.5868733791797,-50.4758306408103,-107.940247353349,-111.22536619886,-69.5940779017912
08-Nov-2024 01:57:53,13,1,-0.0192664923767249,0.312261827786764,0.00750293272236983,-0.0161775025228659,0.865271635850271,0.0223199617117643,0.50054486989975,-7.95000000000001,-12.45,-5.25000000000001,-6.30000000000001,-11.325,-6.30000000000001,-10.05,-6.00000000000001,-8.85
08-Nov-2024 01:58:07,13,2,-0.0218292400240898,0.316560606161753,0.010515770316124,-0.0336029127240181,0.865404113133748,-0.00474342294037342,0.499924075603485,-15.8974418371239,-13.8978762920545,-5.79625909593366,-6.30066720629842,-12.8657527617459,-6.89269986317896,-14.6489172127109,-4.22318827257249,-7.78391296354349
08-Nov-2024 01:58:48,13,3,-0.02373918145895,0.324225481351217,0.0120451069747408,-0.0490626573562622,0.865393193562826,-0.0393288450936476,0.497132533788681,-29.9948836742478,-20.820752584109,-9.79251819186731,-8.92633441259682,-18.4940055234918,-11.1603997263579,-21.7978344254217,-11.5213765451449,-9.11782592708695
08-Nov-2024 01:59:01,13,4,-0.0249493033935626,0.327873448530833,0.0150841314345598,-0.0655331080158552,0.864462204774221,-0.0598870461185773,0.49479700922966,-37.9423255113718,-22.2686288761635,-10.338777287801,-8.92700161889523,-20.0347582852377,-11.7530995895369,-26.3967516381326,-9.74456481771738,-8.05173889063044
08-Nov-2024 01:59:48,13,5,-0.0216149629404147,0.335083564122518,0.015531092012922,-0.0653541013598442,0.862368412812551,-0.0827172865470251,0.495184238751729,-48.3647673484956,-28.104005168218,-13.5850363837346,-13.2401688251936,-24.0692610469835,-14.9332994527158,-32.3456688508434,-19.1052530902897,-14.8606518541738
08-Nov-2024 02:00:01,13,6,-0.0239397563040257,0.338908384243647,0.018810260668397,-0.0779335220654806,0.859924705823263,-0.107569244503975,0.49283340771993,-56.3122091856196,-29.5518814602726,-14.1312954796682,-13.240836031492,-25.6100138087295,-15.5259993158947,-36.9445860635543,-17.3284413628622,-13.7945648177173
08-Nov-2024 02:00:48,13,7,-0.0231625201801459,0.342902894814809,0.0197189086427291,-0.086237570643425,0.857602552572886,-0.131136764089266,0.489779710769653,-64.5971510227435,-32.8185077523271,-17.9775545756018,-13.1477532377904,-28.6976415704753,-18.6874491790736,-39.5185032762652,-24.9453796354347,-16.6659777812607
08-Nov-2024 02:01:02,13,8,-0.0263290909429391,0.34668265581131,0.0237449069817861,-0.0938804790377617,0.853975836435954,-0.162925033768018,0.485146498680115,-72.5445928598674,-34.2663840443816,-18.5238136715355,-13.1484204440888,-30.2383943322213,-19.2801490422526,-44.117420488976,-23.1685679080072,-15.5998907448042
08-Nov-2024 02:01:49,13,9,-0.0221438946823279,0.347879652182261,0.0194685996820529,-0.0919413646062215,0.856538025538127,-0.134045149882634,0.489817651112874,-69.7316212152339,-34.7055884381177,-19.2575187250097,-17.6282356134904,-31.2284274425708,-20.9666122040335,-46.7633165998323,-28.1960361752677,-19.0027277350407
08-Nov-2024 02:02:03,13,10,-0.0143353041882316,0.348616437117259,0.017338294784228,-0.0794259145855904,0.856597129503886,-0.117844256261985,0.496029903491338,-65.3998995706004,-32.1354178318538,-17.966223778484,-20.3549257828921,-30.5450230529203,-20.6187003658145,-46.7467127106887,-35.5766294425283,-22.6868147252772
08-Nov-2024 02:02:48,13,11,-0.0148249702528119,0.346620118618011,0.0143452825024724,-0.0725884000460307,0.860697285334269,-0.0798644175132116,0.497546803951263,-60.102552925967,-34.2949347255899,-18.2124288319583,-22.6081784522938,-31.9733374132698,-20.8379760275955,-46.786358821545,-32.4056602097888,-24.3552767155137
08-Nov-2024 02:03:01,13,12,-0.0077488349750638,0.347377439339956,0.0114653515939911,-0.0615680006643136,0.861070505777995,-0.0644351502259572,0.500614734490712,-55.7708312813335,-31.724764119326,-16.9211338854326,-25.3348686216955,-31.2899330236193,-20.4900641893765,-46.7697549324013,-39.7862534770493,-28.0393637057502
08-Nov-2024 02:03:48,13,13,-0.00539602438608805,0.346359082063039,0.0119523414721092,-0.0580928668379784,0.86275729338328,-0.0386347663899263,0.500781842072805,-52.0812971367,-32.8694372630623,-19.2485889389068,-26.7748400410972,-31.2873880089688,-21.4757461011575,-46.8562760432577,-43.6910654943099,-28.9906381959867
08-Nov-2024 02:04:01,13,14,0.00283392408552269,0.347911095619202,0.0102805739889542,-0.0468168459832668,0.863080251216888,-0.0287072900682688,0.50207230647405,-47.7495754920665,-30.2992666567984,-17.9572939923811,-29.5015302104988,-30.6039836193184,-21.1278342629384,-46.839672154114,-51.0716587615704,-32.6747251862232
08-Nov-2024 02:04:48,13,15,0.00821577180176973,0.347201798359553,0.00958421031634013,-0.0446547155578931,0.865789937973023,0.0121371760964394,0.498263464371363,-42.0889475974331,-32.4365179255348,-19.3003740458554,-31.5848610049005,-30.8610089171679,-21.9717192997194,-46.2746307649704,-54.8393614038309,-36.7924059264597
08-Nov-2024 02:05:01,13,16,0.0177381155391534,0.348211640119553,0.00631535798311234,-0.0368114280203978,0.867519362767537,0.0346331117053827,0.494828901688258,-37.7572259527996,-29.8663473192709,-18.0090790993297,-34.3115511743022,-30.1776045275174,-21.6238074615004,-46.2580268758267,-62.2199546710915,-40.4764929166962
08-Nov-2024 02:05:49,13,17,0.0218286370237668,0.347864047686259,0.00604233747969071,-0.0378127021094163,0.868887154261271,0.0669580931464831,0.489001003901164,-32.5360511831661,-30.9248876505073,-19.2349716528039,-36.1915616562039,-31.6144149816169,-22.3217940607814,-47.992204236683,-65.3191026258521,-44.5273767819327
08-Nov-2024 02:06:02,13,18,0.0170207243412733,0.350309443473816,0.00227571059949696,-0.0148105879003803,0.870106581846873,0.0869772757093112,0.484902207056681,-31.9987754944943,-33.6519728760057,-20.871222788103,-43.9749846336965,-34.3587455325736,-23.9666678588096,-49.6823776357495,-61.1686909701638,-42.7248794766384
08-Nov-2024 02:06:49,13,19,0.00818491534640392,0.351094486316045,0.00151678759139031,-0.00257664620876312,0.869582311312358,0.101269715527693,0.483285069465637,-32.2917732433224,-34.1434135702542,-21.141067673402,-50.0600677674392,-35.8381835054052,-23.7344908755877,-52.0979416598159,-59.7525566582255,-41.180780608844
08-Nov-2024 02:07:02,13,20,0.00332484478130937,0.353856013218562,-0.00276641109958291,0.0207859341055155,0.867933511734009,0.12125714768966,0.481202717622121,-31.7544975546506,-36.8704987957526,-22.777318808701,-57.8434907449318,-38.5825140563618,-25.3793646736159,-53.7881150588823,-55.6021450025372,-39.3782833035497
08-Nov-2024 02:07:46,13,21,-0.00443422477692366,0.355668326218923,-0.00456652541955312,0.0492933911581834,0.863617559274038,0.147254822651545,0.47963623603185,-31.3323585847288,-37.8047617556259,-21.9303668190001,-65.7527438005494,-39.869398318256,-24.6607130810191,-54.7909837704487,-52.6688720187238,-36.4299852170054
08-Nov-2024 02:08:00,13,22,-0.00917656607925892,0.35867933233579,-0.00867554054905971,0.0678037191430728,0.858856161435445,0.167720994353294,0.479206045468648,-30.7950828960569,-40.5318469811243,-23.5666179542991,-73.536166778042,-42.6137288692127,-26.3055868790472,-56.4811571695152,-48.5184603630355,-34.6274879117111
08-Nov-2024 02:08:42,13,23,-0.015683510278662,0.359561665852865,-0.00889405862738689,0.0827833071351051,0.850999669233958,0.194566238919894,0.480718719959259,-27.5403755667601,-43.8625210738102,-23.3612675270981,-79.2075047945971,-42.9793362756381,-28.1186979817629,-57.9776782248316,-42.7266180432847,-32.9270902157918
08-Nov-2024 02:08:56,13,24,-0.0223613535364469,0.362902637322744,-0.0126441798483332,0.102188540995121,0.842858131726583,0.215297535061836,0.482487974564234,-27.0030998780883,-46.5896062993085,-24.9975186623972,-86.9909277720897,-45.7236668265947,-29.763571779791,-59.6678516238981,-38.5762063875964,-31.1245929104975
08-Nov-2024 02:09:37,13,25,-0.0242439681043228,0.365167397260666,-0.0146637755756577,0.129371796051661,0.836165948708852,0.226287353038788,0.482580043872197,-27.957108369104,-44.3684859584005,-24.6629690164462,-93.8683082691136,-45.4036358052857,-30.142564230163,-57.8111988510895,-40.2050793998768,-28.0981454098907
08-Nov-2024 02:09:50,13,26,-0.0298612849165996,0.366589939594269,-0.0239900257438421,0.138252439101537,0.83078666528066,0.234232529997826,0.485607719421387,-24.6923908831909,-42.036544897034,-23.2638043796263,-96.4881690426872,-52.5267182972527,-33.4709113700098,-56.1666006480816,-36.8788679346058,-26.2018455711185
08-Nov-2024 02:10:39,13,27,-0.0324703504641851,0.367573352654775,-0.0270287115126848,0.156564197937648,0.830630668004354,0.221688123544057,0.486204512914022,-29.2983154871215,-45.1805010524645,-24.1792393521814,-99.1800085760265,-57.5926200030869,-36.9163178360285,-54.0235893591362,-39.592298803319,-28.64357063469
08-Nov-2024 02:10:53,13,28,-0.0379939712584019,0.369561765591303,-0.036065840224425,0.16678619881471,0.825742161273956,0.228172990679741,0.488128441572189,-26.0335980012085,-42.848559991098,-22.7800747153616,-101.7998693496,-64.7157024950538,-40.2446649758753,-52.3789911561283,-36.2660873380479,-26.7472707959178
08-Nov-2024 02:11:48,13,29,-0.0408840437730153,0.37149513165156,-0.035163048406442,0.193964345256488,0.826744786898295,0.208323808511098,0.485254647334417,-34.5042015602173,-47.2295675381303,-26.9632098832291,-104.905719503057,-69.4601945939544,-42.8065417788081,-50.4101864101517,-40.759697039769,-29.1199834083175
08-Nov-2024 02:12:01,13,30,-0.0462046538790067,0.373599902788798,-0.0434809818863869,0.200409067670504,0.822048278649648,0.215667385856311,0.487401684125264,-31.2394840743042,-44.8976264767639,-25.5640452464092,-107.52558027663,-76.5832770859214,-46.134888918655,-48.7655882071438,-37.4334855744979,-27.2236835695453
08-Nov-2024 02:13:01,13,31,-0.048383358369271,0.375357822577159,-0.0438618210454782,0.219309988617897,0.823787240187327,0.199939833084742,0.483013327916463,-38.4174271108526,-48.472159719597,-29.8060305119331,-110.388435740145,-80.8670643813552,-51.5550008900447,-47.6338867326515,-41.9921846927232,-29.786889956359
08-Nov-2024 02:13:14,13,32,-0.0532317782441775,0.377920532226563,-0.0521663251022498,0.226908199985822,0.819482143719991,0.206100784738859,0.484235688050588,-35.1527096249395,-46.1402186582305,-28.4068658751132,-113.008296513719,-87.9901468733221,-54.8833480298916,-45.9892885296436,-38.6659732274522,-27.8905901175868
08-Nov-2024 02:14:06,13,33,-0.0525794843832652,0.381239318847656,-0.0572728671133518,0.240094277262688,0.823581528663635,0.20127734541893,0.472816693782806,-40.7093224002575,-17.5115147489631,-11.9782761894653,-117.549654632263,-92.7185817670225,-59.7075775855099,-47.4511386908934,-42.9572170539296,-32.2740433916077
08-Nov-2024 02:14:19,13,34,-0.0597786878546079,0.384502641359965,-0.0633050218224525,0.24903252919515,0.820542351404826,0.200683231155078,0.473729143540065,-37.4446049143445,-15.1795736875967,-10.5791115526454,-120.169515405837,-99.8416642589895,-63.0359247253567,-45.8065404878855,-39.6310055886585,-30.3777435528356
08-Nov-2024 02:14:43,13,35,-0.0601893492043018,0.383037650585175,-0.062475477407376,0.258034831285477,0.817843425273895,0.199482958515485,0.474085076649984,-18.011189296607,-5.22961193538764,-5.20845083127629,-116.999352804286,-99.3771260800254,-55.8826007105013,-40.7004643513945,-20.3846894981331,-16.6099402082066
08-Nov-2024 02:14:57,13,36,-0.0641430844863256,0.383446794748306,-0.0616483867168427,0.259216439723969,0.817893064022064,0.196298430363337,0.474683674176534,-24.2421085482548,-8.42803160712909,-7.12750263432116,-118.11844153025,-101.984911700195,-57.50633548776,-41.2411640327746,-25.0796457617339,-19.2772603071812
08-Nov-2024 02:16:09,13,37,-0.0572167955338955,0.387250526746114,-0.0579180541137854,0.237390955289205,0.824635128180186,0.191842777530352,0.476255005598068,-46.8158603652103,-54.927260566896,-32.2516981751589,-122.567904592456,-105.006535420797,-63.7415408689616,-52.2334758052191,-45.0289658482716,-34.2020186843538
08-Nov-2024 02:16:23,13,38,-0.0582459623614947,0.389936858415604,-0.0561174638569355,0.243592613935471,0.828358062108358,0.173711051543554,0.473613884051641,-53.0467796168581,-58.1256802386375,-34.1707499782038,-123.68699331842,-107.614321040966,-65.3652756462204,-52.7741754865991,-49.7239221118724,-36.8693387833283
08-Nov-2024 02:17:11,13,39,-0.0582741133868694,0.392466515302658,-0.0658091872930527,0.241297315557798,0.823125155766805,0.204380357265472,0.471666598320007,-47.5741151511594,-56.4995045543917,-19.9423736501452,-127.521269212505,-111.404025711352,-69.8197457254505,-56.5156812135114,-48.3960602869416,-37.040378021402
08-Nov-2024 02:17:24,13,40,-0.0563343981901805,0.394485219319661,-0.063649719953537,0.246497417489688,0.828926122188568,0.185086144010226,0.466758634646734,-53.8050344028072,-59.6979242261332,-21.8614254531901,-128.640357938469,-114.011811331522,-71.4434805027093,-57.0563808948914,-53.0910165505424,-39.7076981203765
08-Nov-2024 02:17:57,13,41,-0.0575073378781478,0.396297707160314,-0.0696063290039698,0.250638361771901,0.827547856171926,0.202329382300377,0.459791002670924,-44.5091617957818,-36.6340462198802,-15.0317631906832,-130.592040248493,-119.535556476799,-64.9575829309538,-57.9974835990376,-41.2745637698774,-41.4268777889006
08-Nov-2024 02:18:10,13,42,-0.0566673770546913,0.397680886586507,-0.0699549769361814,0.252833503484726,0.829416167736053,0.198675815264384,0.456806276241938,-50.7400810474295,-39.8324658916217,-16.9508149937281,-131.711128974457,-122.143342096968,-66.5813177082126,-58.5381832804177,-45.9695200334782,-44.0941978878752
08-Nov-2024 02:18:33,13,43,-0.0675040250023206,0.396774381399155,-0.0710161278645198,0.267986822128296,0.821225349108378,0.194647378722827,0.464633536338806,-49.2076043697407,-29.8997367243659,-14.4955097639971,-127.171514492451,-120.509107479692,-63.9252363109642,-48.4790844731809,-42.483771774946,-33.5374477716246
08-Nov-2024 02:18:47,13,44,-0.0679785028100014,0.397030552228292,-0.0680891662836075,0.270873824755351,0.823802185058594,0.181140552957853,0.463859301805496,-54.0597151687409,-36.7688599728925,-17.8718860405193,-126.777405406019,-119.23159697436,-63.2282957105575,-46.5405376989276,-40.4033157563642,-32.4390344145926
08-Nov-2024 02:19:42,13,45,-0.0625268697738647,0.399150542418162,-0.0619615671535333,0.240566611289978,0.828708124160767,0.173073049386342,0.474780279397964,-60.5801280030728,-59.4974088019203,-38.4860838006535,-131.353944715603,-122.433076350306,-69.1664470228973,-60.6770916803657,-51.3325074767158,-38.903585949948
08-Nov-2024 02:19:56,13,46,-0.0668521463871002,0.399657156070073,-0.0517595209181309,0.239694731434186,0.828838396072388,0.154840022325516,0.481246107816696,-65.432238802073,-66.3665320504468,-41.8624600771757,-130.959835629171,-121.155565844975,-68.4695064224906,-58.7385449061124,-49.2520514581339,-37.805172592916
08-Nov-2024 02:20:32,13,47,-0.059264403829972,0.400217215220133,-0.0589797635873159,0.242975907524427,0.840376035372416,0.147675959269206,0.461435484886169,-65.6435006187391,-59.1153680892242,-35.482747095504,-130.201050740746,-126.167550280282,-62.0151117784572,-60.1875485097049,-39.5764193090189,-41.5382416820776
08-Nov-2024 02:20:46,13,48,-0.0640852595369021,0.400865304470062,-0.0487304233014584,0.242835743228594,0.840177782376607,0.127512461940447,0.467838205893834,-70.4956114177393,-65.9844913377508,-38.8591233720263,-129.806941654314,-124.890039774951,-61.3181711780505,-58.2490017354516,-37.495963290437,-40.4398283250456
08-Nov-2024 02:21:20,13,49,-0.0595118371148904,0.398981692393621,-0.0455644575258096,0.234842472275098,0.845648141702016,0.11542043586572,0.465195008118947,-71.8272977255724,-66.8434709814028,-36.4574550194515,-124.205494666886,-116.782276739939,-63.8925035558304,-60.3292301501213,-31.4679192065886,-41.0821561911105
08-Nov-2024 02:21:34,13,50,-0.0655394141872724,0.40001296599706,-0.036212391157945,0.234186364213626,0.844014871120453,0.0981207345922788,0.472406528393428,-76.6794085245727,-73.7125942299293,-39.8338312959738,-123.811385580454,-115.504766234608,-63.1955629554237,-58.3906833758681,-29.3874631880067,-39.9837428340785
08-Nov-2024 02:22:13,13,51,-0.0628084897994995,0.400034644206365,-0.0309138198693593,0.226771508653959,0.847842486699422,0.0835246329506238,0.471976147095362,-79.7713070779893,-77.6516456760186,-40.1711852579475,-127.263607543524,-117.637129464436,-63.6092588441103,-61.9115241960765,-25.1832131367916,-42.2307000885949
08-Nov-2024 02:22:27,13,52,-0.06681087911129,0.401065862178802,-0.0229973332335552,0.225961744785309,0.845844288667043,0.0688550978899002,0.478275841474533,-84.6234178769895,-84.5207689245452,-43.5475615344697,-126.869498457092,-116.359618959105,-62.9123182437037,-59.9729774218232,-23.1027571182098,-41.1322867315629
08-Nov-2024 02:22:50,13,53,-0.0757838944594065,0.400466211636861,-0.0136664706592758,0.244327041506767,0.840233564376831,0.0362288624048233,0.48269972205162,-90.020422553198,-88.4998562718531,-45.4044266537177,-121.723554895411,-109.512045321354,-57.0706958878436,-38.7141244448005,-16.8104040833113,-24.8315586803053
08-Nov-2024 02:23:03,13,54,-0.0773796742161115,0.402066560586294,-0.00514317605023583,0.238988612095515,0.837596948941549,0.0216051341344913,0.490763225158056,-94.8725333521982,-95.3689795203797,-48.78080293024,-121.329445808979,-108.234534816022,-56.373755287437,-36.7755776705472,-14.7299480647294,-23.7331453232733
08-Nov-2024 02:24:00,13,55,-0.0683398808042208,0.402837965885798,0.00620796792209148,0.211772565046946,0.843605248133341,-0.01233885747691,0.493285308281581,-103.410318287159,-99.3991372195,-55.9613528825399,-122.118655339791,-104.87513600756,-58.1919484946562,-60.2034724541742,-53.4011766172937,-40.1482942125938
08-Nov-2024 02:24:14,13,56,-0.0694374124209086,0.404846944411596,0.0131067289660374,0.210120779275894,0.842203187942505,-0.0355184771120548,0.495258982976278,-108.750656283515,-101.34931286923,-57.001658413477,-118.683782108226,-98.8257687653069,-55.2324825796021,-61.1165203391855,-54.053353678016,-40.5396004490272
08-Nov-2024 02:25:02,13,57,-0.0687586272756259,0.405072708924611,0.0259671673178673,0.194881375630697,0.837794196605682,-0.0712846274177233,0.505015559991201,-114.864717749174,-109.064479543655,-63.5870861550954,-117.06095025785,-94.4213857399492,-54.8868462256846,-60.3119916735047,-53.9150564846594,-40.4678280119042
08-Nov-2024 02:25:15,13,58,-0.0701479449868202,0.407357410589854,0.0331112650533517,0.193152837951978,0.834903184572856,-0.0911974916855494,0.50725900332133,-120.205055745531,-111.014655193384,-64.6273916860325,-113.626077026286,-88.3720184976965,-51.9273803106305,-61.225039558516,-54.5672335453818,-40.8591342483376
08-Nov-2024 02:26:04,13,59,-0.0687373931209246,0.407873392105103,0.0429416810472806,0.173341178894043,0.829261807600657,-0.142013474305471,0.511966709295909,-128.182255476538,-117.197326355462,-68.1402583223103,-110.047224485315,-82.8451433638913,-50.5748291761447,-59.7792991681811,-55.4991734790647,-39.6689011479927
08-Nov-2024 02:26:17,13,60,-0.0707296644647916,0.410711725552877,0.0510827566186587,0.171985133488973,0.824052488803864,-0.162973095973333,0.514585653940837,-133.522593472895,-119.147502005191,-69.1805638532473,-106.612351253751,-76.7957761216386,-47.6153632610906,-60.6923470531924,-56.151350539787,-40.0602073844262
08-Nov-2024 02:27:07,13,61,-0.0717692380150159,0.410583217938741,0.0585747850437959,0.146485029657682,0.823666123549143,-0.195707555611928,0.511678465207418,-138.156362336577,-123.063925411095,-74.9821499368547,-102.730488367483,-74.3826549336096,-48.2343547363206,-60.3510008005306,-58.2934090369897,-37.7107439524705
08-Nov-2024 02:27:20,13,62,-0.0723110591371854,0.413087528944016,0.0668950190146764,0.14234732290109,0.817652185757955,-0.214884957671165,0.514787840843201,-143.496700332934,-125.014101060824,-76.0224554677918,-99.2956151359191,-68.3332876913569,-45.2748888212665,-61.2640486855419,-58.9455860977121,-38.1020501889039
08-Nov-2024 02:28:14,13,63,-0.0738076905409495,0.413679158687592,0.0680804322163264,0.114846758544445,0.822070920467377,-0.239945818980535,0.503423984845479,-147.433753762953,-128.622400588641,-78.393401275064,-97.1372470770032,-73.327043476216,-48.9796516013544,-63.0498995017167,-59.1427038766746,-38.1729715911428
08-Nov-2024 02:28:28,13,64,-0.0758210842808088,0.416566554705302,0.0748126924037933,0.11124186317126,0.816611047585805,-0.259556772311529,0.503390371799469,-152.77409175931,-130.572576238371,-79.4337068060011,-93.7023738454389,-67.2776762339633,-46.0201856863003,-63.962947386728,-59.794880937397,-38.5642778275762
08-Nov-2024 02:29:22,13,65,-0.0733069658279419,0.417060263951619,0.0699414521455765,0.0832332318027814,0.818777386347453,-0.294730337460836,0.485602627197901,-158.012787472498,-134.176813827144,-70.7143324751058,-89.1057532001989,-72.4498705052667,-52.1678341188172,-66.1373967373211,-58.7945283572394,-39.9953916469123
08-Nov-2024 02:29:36,13,66,-0.0746515656510989,0.420102393627167,0.0760932132601738,0.0793210779627164,0.812385467688243,-0.315876454114914,0.483694185813268,-163.353125468854,-136.126989476873,-71.7546380060429,-85.6708799686346,-66.4005032630141,-49.2083682037631,-67.0504446223324,-59.4467054179617,-40.3866978833457
08-Nov-2024 02:30:30,13,67,-0.0770916859308879,0.417936213811239,0.0775255754590034,0.0414336644113064,0.825384879112244,-0.328285205364227,0.457440678278605,-162.748526959693,-137.78406627734,-76.9499241093649,-79.0008392524603,-71.9241024852239,-51.8284377290302,-67.6528971576914,-59.071471785179,-37.2922203873915
08-Nov-2024 02:30:44,13,68,-0.0733551134665807,0.418015333016713,0.0770958667000135,0.000173907016505837,0.834564471244812,-0.323262715339661,0.446097834904989,-159.344749592117,-138.614112108285,-77.275050143603,-72.6116722431239,-72.2869209506553,-51.9199500805117,-75.1246489602598,-58.1725029728362,-36.7528390999858
08-Nov-2024 02:31:37,13,69,-0.0767803236842155,0.4161838610967,0.0817495266596476,-0.0103050663446387,0.846357854207357,-0.314018980662028,0.430074814955393,-158.465561653748,-140.757673423991,-80.7102562123831,-69.3070683803685,-69.9801297944759,-51.850741018886,-73.2367511292234,-58.5854017502735,-35.8359097083058
08-Nov-2024 02:31:51,13,70,-0.0726380303502083,0.416648459434509,0.0817325750986735,-0.0549652231236299,0.854836984475454,-0.304929280281067,0.416233871380488,-155.061784286171,-141.587719254936,-81.0353822466213,-62.9179013710321,-70.3429482599074,-51.9422533703674,-80.7085029317917,-57.6864329379308,-35.2965284209002
08-Nov-2024 02:32:47,13,71,-0.0736800377567609,0.415622738997142,0.0806940803925196,-0.0502155440549056,0.864887217680613,-0.274772520860036,0.417071495453517,-153.070301633199,-142.024522828261,-82.3155482981304,-65.7960159349862,-70.9459619145334,-52.3284050152953,-81.2504299175577,-59.5433979204782,-36.4433730813574
08-Nov-2024 02:33:00,13,72,-0.0696896796425184,0.41633232831955,0.080783715347449,-0.0914944012959798,0.870182355244954,-0.265166582663854,0.405090190966924,-149.666524265622,-142.854568659206,-82.6406743323686,-59.4068489256498,-71.3087803799649,-52.4199173667768,-88.7221817201261,-58.6444291081354,-35.9039917939517
08-Nov-2024 02:33:58,13,73,-0.0693505192796389,0.415271411339442,0.0788973162571589,-0.0896618177493413,0.879230753580729,-0.23128977616628,0.406717483202616,-146.743894255347,-142.887993361341,-83.2183203752422,-63.3513227029586,-71.5666964399936,-52.8837493649815,-90.2540211142933,-59.7984271932378,-38.0827234804775
08-Nov-2024 02:34:11,13,74,-0.0643763825297356,0.41730873187383,0.083445913096269,-0.0955444887280464,0.872453713417053,-0.255240652958552,0.405644943316778,-152.5081521121,-138.593922349207,-81.0510586245813,-60.3216441650681,-67.7024191759543,-50.9313844883678,-90.6360174071631,-64.01141237396,-40.1689898262445
08-Nov-2024 02:34:36,13,75,-0.0658770700295766,0.412022928396861,0.0736513629555702,-0.109387022753557,0.865986438592275,-0.283560027678808,0.397108938296636,-151.762983647505,-123.626540772669,-72.8600568782381,-41.6087860205003,-43.6106907092134,-31.6151794351157,-85.1980574958323,-45.3258810034042,-27.2643126589775
08-Nov-2024 02:34:49,13,76,-0.0646967316667239,0.412505235274633,0.0725035200516383,-0.113890920082728,0.859264115492503,-0.305324045817057,0.394298122326533,-157.527241504258,-119.332469760535,-70.6927951275772,-38.5791074826097,-39.7464134451741,-29.6628145585021,-85.5800537887021,-49.5388661841264,-29.3505790047445
08-Nov-2024 02:35:57,13,77,-0.0570096177359422,0.412956893444061,0.0605736936132113,-0.0972234020630519,0.851181634267171,-0.320052005847295,0.404480085770289,-162.211786200337,-120.951743466198,-70.3136633790751,-58.2328391413807,-72.3434105797848,-50.7535295935694,-86.8770719794717,-61.0525930892094,-37.8913735939944
08-Nov-2024 02:36:10,13,78,-0.051710699001948,0.41538716952006,0.0658328180511793,-0.0997869829336802,0.839479633172353,-0.343694359064102,0.40888952811559,-167.97604405709,-116.657672454065,-68.1464016284142,-55.2031606034902,-68.4791333157455,-48.8011647169557,-87.2590682723415,-65.2655782699316,-39.9776399397615
08-Nov-2024 02:37:03,13,79,-0.0521669531861941,0.415314547220866,0.0576107708116372,-0.107452508310477,0.841372493902842,-0.340174555778503,0.405989662806193,-168.1907571835,-119.476923967027,-65.5531471971748,-58.0945901335515,-73.2986804215656,-52.1860506166933,-91.9373860643722,-60.6557425992423,-41.5061917857175
08-Nov-2024 02:37:16,13,80,-0.046440651267767,0.416669887304306,0.0543179325759411,-0.0841833765308062,0.841420996189117,-0.325783457358678,0.422834495703379,-167.295326890247,-119.41450312109,-65.5908277648559,-64.5693145652822,-73.9875903280604,-52.5993965605902,-92.708192907453,-67.4705360663724,-44.982479509932
08-Nov-2024 02:38:06,13,81,-0.0412169682482878,0.416532625754674,0.0550094832976659,-0.0986063808202744,0.837098534901937,-0.324449090162913,0.429273374875387,-167.479968306826,-119.217918454603,-63.5630408330768,-62.2023915461781,-72.8418188342179,-52.6235124824075,-95.8827552250088,-70.2230149645928,-45.4598992950173
08-Nov-2024 02:38:19,13,82,-0.0385531278947989,0.417912723620733,0.0515982617934545,-0.0780200506250064,0.838208508491516,-0.310657908519109,0.441374033689499,-166.584538013573,-119.155497608666,-63.6007214007579,-68.6771159779087,-73.5307287407127,-53.0368584263044,-96.6535620680897,-77.0378084317229,-48.9361870192319
08-Nov-2024 02:39:08,13,83,-0.0320771356423696,0.417460970083872,0.0521302759647369,-0.0848962684472402,0.833739137649536,-0.302482112248739,0.454066409667333,-165.254143575236,-119.325994852454,-63.5056682187089,-67.206016684222,-73.3022979470388,-53.5555893591614,-98.476246648408,-80.0964446143982,-53.0880407738818
08-Nov-2024 02:39:21,13,84,-0.0272473409771919,0.419252183039983,0.0489029223720233,-0.0652313262224197,0.834082782268524,-0.286926569541295,0.466608975330989,-164.358713281983,-119.263574006517,-63.54334878639,-73.6807411159527,-73.9912078535336,-53.9689353030583,-99.2470534914889,-86.9112380815283,-56.5643284980963
08-Nov-2024 02:40:08,13,85,-0.0222969905783733,0.419101246198018,0.0470044846336047,-0.0548333451151848,0.830248586336772,-0.278217111031214,0.479870603481929,-163.770800916188,-118.042612205443,-63.3646624792061,-75.7325536849747,-75.196447409944,-54.2849737414353,-98.8187992031885,-89.8229529064311,-59.8533992375285
08-Nov-2024 02:40:22,13,86,-0.017859016234676,0.420929125944773,0.0438433962563674,-0.0318445113797983,0.830561983585358,-0.263518420855204,0.489602692921956,-162.875370622935,-117.980191359506,-63.4023430468872,-82.2072781167053,-75.8853573164389,-54.6983196853322,-99.5896060462693,-96.6377463735612,-63.3296869617431
08-Nov-2024 02:41:10,13,87,-0.0113441104069352,0.422690965731939,0.0421891887982686,-0.0208135714133581,0.828566920757294,-0.248322212696075,0.501377864678701,-163.183699293411,-116.888500036,-63.5568401771358,-86.3955466170817,-76.9074320478915,-54.9880118764691,-101.33588232366,-102.176000519578,-68.5123661935664
08-Nov-2024 02:41:24,13,88,-0.00564558263868094,0.424819588661194,0.039408183346192,-0.0120287083710233,0.829873426755269,-0.233100806673368,0.506783429781596,-162.288269000159,-116.826079190064,-63.5945207448169,-92.8702710488123,-77.5963419543863,-55.401357820366,-102.10668916674,-108.990793986708,-71.988653917781
08-Nov-2024 02:42:13,13,89,-0.00728641456613938,0.425898873806,0.0511673393348853,-0.025733175377051,0.821610951423645,-0.249627047777176,0.511839469273885,-165.208274301559,-121.789619300173,-70.9425087399782,-87.0698732010527,-76.6178447611733,-54.4424831805708,-102.000908432142,-111.723572715414,-73.4528659056475
08-Nov-2024 02:42:26,13,90,-0.00975521362076203,0.427775728702545,0.0613402597606182,-0.0366604415078958,0.814141579469045,-0.269819770256678,0.512861382961273,-170.001400121095,-127.417794649066,-73.5820884538557,-82.7127033189701,-74.8727651554813,-53.3954354171557,-102.832392980389,-114.344621104676,-74.5888821397096
08-Nov-2024 02:43:16,13,91,-0.00920113728692134,0.429318004846573,0.0705123836795489,-0.0483780570328236,0.804791216055552,-0.290173065662384,0.515529135862986,-173.407965681563,-131.588652378568,-78.9508723083751,-79.958919454049,-74.4109767560289,-53.5174742155505,-102.745244887214,-117.39653466366,-75.6639962506739
08-Nov-2024 02:43:29,13,92,-0.0115704439580441,0.432640337944031,0.0799856503804525,-0.055406399567922,0.797613779703776,-0.30714141925176,0.516145650545756,-178.201091501099,-137.216827727461,-81.5904520222527,-75.6017495719665,-72.6658971503369,-52.4704264521353,-103.576729435461,-120.017583052923,-76.800012484736
08-Nov-2024 02:44:08,13,93,-0.00367355509661138,0.429750327269236,0.0667758872111638,-0.0509421808024247,0.796830463409424,-0.290697469313939,0.527220197518667,-168.314112735422,-124.639572853484,-69.4691761680038,-78.2411774138168,-72.766743829166,-30.1104903784656,-103.053162783506,-121.00604093051,-73.9069941771215
08-Nov-2024 02:44:21,13,94,0.00147219682112336,0.426758001248042,0.0559058417876561,-0.0417104363441467,0.806051874160767,-0.259977672497431,0.530049244562785,-161.595414099279,-119.690976789202,-67.0832982434339,-80.9039122470864,-73.6509449048754,-30.6410110238912,-101.113912452262,-117.654066223237,-72.3194269310558
08-Nov-2024 02:45:14,13,95,-0.00339992159667114,0.422132929166158,0.0487069003283978,-0.0321994041403135,0.81788318157196,-0.234145478407542,0.52460104227066,-158.84257539837,-119.553051320072,-65.6797213540245,-81.6799935846463,-73.6184687821446,-54.0763033097695,-99.7325039606627,-117.072307808394,-70.6041341542157
08-Nov-2024 02:45:27,13,96,-0.00352120950507621,0.42150185306867,0.0428313901027044,-0.0229583248496056,0.82292732000351,-0.216587519645691,0.524741272131602,-152.123876762227,-114.604455255791,-63.2938434294546,-84.3427284179159,-74.502669857854,-54.6068239551951,-97.7932536294189,-113.720333101121,-69.01656690815
08-Nov-2024 02:46:15,13,97,-0.00525052634378274,0.416196904579798,0.0375292825202147,0.00347989470077058,0.831349209944407,-0.191633585095406,0.521654105186462,-148.3631080937,-111.536194489085,-61.2491160224649,-85.9871365033306,-73.8785323343433,-51.589730420847,-92.0079242179973,-112.203466540063,-66.9151368966971
08-Nov-2024 02:46:29,13,98,-0.00453784056007862,0.415787168343862,0.0316690226395925,0.0107943396394451,0.835723074277242,-0.174045861760775,0.520728810628255,-141.644409457557,-106.587598424803,-58.863238097895,-88.6498713366002,-74.7627334100526,-52.1202510662726,-90.0686738867534,-108.85149183279,-65.3275696506315
08-Nov-2024 02:47:15,13,99,-0.00514680091291666,0.410682908693949,0.0275287660459677,0.0269033948580424,0.844479374090831,-0.144688855608304,0.514971800645192,-136.254675805223,-102.429170009309,-57.3979354321153,-91.4784427959424,-72.1927651861518,-48.4019646218112,-87.7063840154208,-106.342071198624,-63.7830710218722
08-Nov-2024 02:47:28,13,100,-0.00527546359226108,0.410243405898412,0.0221544605990251,0.0332594578464826,0.847801419099172,-0.126878169178963,0.513837003707886,-129.53597716908,-97.4805739450277,-55.0120575075454,-94.1411776292119,-73.0769662618612,-48.9324852672369,-85.7671336841769,-102.990096491351,-62.1955037758065
08-Nov-2024 02:48:41,14,1,-0.0198185702164968,0.311581027507782,0.0050299742569526,0.0121229759107033,0.865138391653697,0.0353666538993518,0.500137774149577,-7.27500000000001,-15.4499999999999,-5.25000000000001,-6.97500000000001,-11.1,-6.37500000000001,-6.60000000000001,-7.27500000000001,-9.225
08-Nov-2024 02:48:54,14,2,-0.0147994728758931,0.315724275509516,0.00729151722043753,-0.0282231219112873,0.86389920314153,0.0482934375603994,0.500549105803172,-9.05694036568006,-16.9574883214393,-6.02544713372629,-7.27886643960852,-11.3170474568632,-6.50522847411794,-15.5496565058878,-9.62060033015157,-10.419501652228
08-Nov-2024 02:49:34,14,3,-0.0133856255561113,0.323371787865957,0.00776574276387691,-0.0713185255726178,0.861755967140198,0.048480578015248,0.499939996004105,-15.9763807313601,-22.1399766428786,-9.80089426745258,-9.64523287921703,-17.7590949137264,-10.3479569482359,-28.3993130117756,-13.1287006603031,-15.5515033044559
08-Nov-2024 02:49:48,14,4,-0.00960311448822419,0.326165715853373,0.00974680340538422,-0.0971171299616496,0.859431215127309,0.0537413659195105,0.499057243267695,-17.7583210970401,-23.647464964318,-10.5763414011789,-9.94909931882554,-17.9761423705896,-10.4781854223538,-37.3489695176634,-15.4743009904547,-16.7460049566839
08-Nov-2024 02:50:29,14,5,-0.00772560269882282,0.332305139303207,0.00886641442775726,-0.124277098476887,0.856238480408986,0.0577625279625257,0.49807063738505,-23.0840114627201,-25.8674532857574,-13.2267885349051,-11.959215758434,-23.1056898274527,-14.0396638964717,-48.0986260235511,-18.8511513206062,-20.2842566089118
08-Nov-2024 02:50:43,14,6,-0.00394777868253489,0.335978422562281,0.0111516591161489,-0.158706160386403,0.851155968507131,0.068031157553196,0.49569918513298,-24.8659518284001,-27.3749416071968,-14.0022356686314,-12.2630821980425,-23.3227372843159,-14.1698923705896,-57.048282529439,-21.1967516507578,-21.4787582611398
08-Nov-2024 02:51:24,14,7,-0.0020714958353589,0.340360315640767,0.0101533052201072,-0.187558821837107,0.845645276705424,0.0734727998574575,0.494274709622065,-27.7447671940801,-30.2136799286362,-15.9401828023577,-12.895073637651,-27.2710347411791,-17.4407458447075,-66.7479390353267,-23.9829769809093,-24.2201349133677
08-Nov-2024 02:51:38,14,8,0.00218562833033502,0.344136065244675,0.0124368770668904,-0.218337983886401,0.839153166611989,0.0826488415400187,0.491243036588033,-29.5267075597602,-31.7211682500755,-16.715629936084,-13.1989400772595,-27.4880821980423,-17.5709743188254,-75.6975955412145,-26.3285773110609,-25.4146365655957
08-Nov-2024 02:52:20,14,9,0.00295440629124641,0.34762303630511,0.0119168040032188,-0.234865905841192,0.83589319785436,0.08990515122811,0.487891042232513,-31.4070854254402,-33.7442815715149,-18.9723270698102,-14.341869016868,-30.3957546549055,-20.2465152929433,-81.5722520471024,-29.3444901412124,-27.0075757178237
08-Nov-2024 02:52:33,14,10,0.00801355022316178,0.352067776521047,0.0144721598674854,-0.26938232978185,0.826968204975128,0.101681612928708,0.482926098505656,-33.1890257911203,-35.2517698929543,-19.7477742035365,-14.6457354564765,-30.6128021117687,-20.3767437670612,-90.5219085529901,-31.690090471364,-28.2020773700517
08-Nov-2024 02:53:18,14,11,0.00701390653848648,0.356710902849833,0.0123315022016565,-0.271552165349325,0.825468405087789,0.11920802295208,0.480261240402857,-35.0951849068003,-38.8170707143937,-21.1138463372628,-20.394133146085,-33.9751620686319,-22.3046284911791,-97.859065058878,-34.7458470515156,-29.8207977722796
08-Nov-2024 02:53:31,14,12,7.03583830424274e-05,0.358338421583176,0.0118839547038078,-0.248067452510198,0.831290213267008,0.130270683765411,0.480050726731618,-36.2512487765234,-43.109487487415,-23.0547757574059,-26.9891905713183,-31.9223724049563,-21.0729546929738,-94.553359371215,-31.4447762098309,-27.9649833850697
08-Nov-2024 02:54:20,14,13,-0.00501119745895267,0.359344045321147,0.00669564148411155,-0.212366141875585,0.838248006502787,0.122737834850947,0.487007568279902,-38.9694220212464,-44.1558105104363,-23.341017677549,-31.9565136215516,-40.3672389912812,-26.0651090197684,-93.1414036835521,-36.1487834931461,-25.7962783728598
08-Nov-2024 02:54:33,14,14,-0.0115814546744029,0.361390558878581,0.00858870247999827,-0.18949448466301,0.842769463857015,0.131954170266787,0.486229968070984,-40.1254858909694,-48.4482272834576,-25.2819470976921,-38.5515710467849,-38.3144493276056,-24.833435221563,-89.8356979958891,-32.8477126514615,-23.9404639856499
08-Nov-2024 02:55:27,14,15,-0.0134165243556102,0.363620293140411,0.00722480729843179,-0.141955911119779,0.852725688616435,0.110074484348297,0.49050081372261,-45.5126044481925,-48.942597181479,-27.4455327678352,-45.4577612845182,-44.2104877889306,-27.4636754858577,-87.7018673082262,-39.3241808722767,-27.25320428594
08-Nov-2024 02:55:40,14,16,-0.0184852667152882,0.365198598305384,0.008756458448867,-0.125473473469416,0.854140587647756,0.116882883012295,0.49095689256986,-46.6686683179155,-53.2350139545003,-29.3864621879783,-52.0528187097515,-42.157698125255,-26.2320016876523,-84.3961616205632,-36.023110030592,-25.3973898987301
08-Nov-2024 02:56:36,14,17,-0.0209091510623693,0.365187446276347,0.0095191752538085,-0.0779867485165596,0.859090375900269,0.119361526270707,0.49156351685524,-46.1902595313886,-56.8284072900216,-31.2887197331214,-57.6784425412348,-45.2793225240799,-29.1812849206971,-82.1263934329002,-40.0858087201575,-28.0008528552702
08-Nov-2024 02:56:49,14,18,-0.0265831892689069,0.367469618717829,0.0103567970295747,-0.0527233344813188,0.858876840273539,0.129818349083265,0.492643956343333,-47.3463234011117,-61.1208240630429,-33.2296491532645,-64.2734999664682,-43.2265328604043,-27.9496111224917,-78.8206877452373,-36.7847378784728,-26.1450384680603
08-Nov-2024 02:57:41,14,19,-0.0239367080231508,0.367528555790583,0.00544227166101336,-0.00699594073618452,0.85809189081192,0.131501031915347,0.496323372920354,-47.1056482174737,-56.8653000369166,-32.1336061754566,-69.792114166908,-48.5699578184591,-29.7069977148993,-76.4545904247146,-41.6182520108128,-28.589290936673
08-Nov-2024 02:57:55,14,20,-0.0225278736402591,0.369439643621445,-0.000294450427675959,0.00951435770839453,0.856515431404114,0.140821820497513,0.496447445948919,-47.5322093619607,-54.0092877295401,-31.0568991351486,-74.8954451642229,-52.7511757452635,-32.1489057916818,-73.7955243541919,-45.9948813775276,-31.1289047334107
08-Nov-2024 02:58:41,14,21,-0.023758818457524,0.368912186225255,-0.00218387668331464,0.0354420803487301,0.8544264793396,0.146554400523504,0.497213323911031,-46.2001523423853,-53.0035195627887,-29.5205241260907,-78.4814177631003,-50.1634971876928,-31.7735531262767,-72.9329426586691,-42.0499531270549,-28.595837866086
08-Nov-2024 02:58:54,14,22,-0.0232429205129544,0.371051033337911,-0.00908794427911441,0.0542490673561891,0.852028195063273,0.156469193100929,0.496610899766286,-46.6267134868723,-50.1475072554123,-28.4438170857828,-83.5847487604152,-54.3447151144971,-34.2154612030591,-70.2738765881464,-46.4265824937697,-31.1354516628237
08-Nov-2024 02:59:38,14,23,-0.023386371259888,0.369888335466385,-0.00539814767738183,0.0816227853298187,0.852011942863464,0.152585073312124,0.49409633676211,-46.5489655493281,-50.7666170183484,-28.7122760610999,-86.2044005585114,-51.9164847991137,-31.8737389087479,-67.8380527051237,-42.3674330518908,-31.8887251275301
08-Nov-2024 02:59:51,14,24,-0.0236529515435298,0.372453109423319,-0.013523826127251,0.102959644297759,0.84953088760376,0.16278084119161,0.491120133797328,-46.9755266938151,-47.910604710972,-27.635569020792,-91.3077315558263,-56.0977027259181,-34.3156469855303,-65.178986634601,-46.7440624186056,-34.4283389242678
08-Nov-2024 03:00:34,14,25,-0.0216727743546168,0.371914931138357,-0.00876493509858847,0.130362992485364,0.848797619342804,0.162157513697942,0.4860586921374,-46.6999332972865,-51.0671534387518,-28.4314449882965,-94.3442229535318,-50.2991965316282,-33.840739876766,-61.5815416578283,-47.7278023810236,-34.9497825549899
08-Nov-2024 03:00:48,14,26,-0.0201462178180615,0.374229991436005,-0.0147446328774095,0.144993884364764,0.847575783729553,0.167795560757319,0.482116864124934,-47.1264944417735,-48.2111411313754,-27.3547379479886,-99.4475539508467,-54.4804144584326,-36.2826479535484,-58.9224755873056,-52.1044317477385,-37.4893963517276
08-Nov-2024 03:01:29,14,27,-0.017442894851168,0.373520813385646,-0.012164616274337,0.176096863547961,0.845805827776591,0.168326322237651,0.474624752998352,-45.9269783157527,-51.211409341577,-28.7893224115869,-102.242465148357,-51.0467703246898,-35.2411484375575,-56.2442200636578,-53.5096164123049,-40.1449250654575
08-Nov-2024 03:01:43,14,28,-0.0198977461705605,0.374633896350861,-0.0185887224972248,0.169590223828952,0.847190610567729,0.16744161148866,0.474837442239126,-46.7485810525,-50.1156992083655,-28.13189633166,-100.715830345027,-59.3591690753752,-39.2877767995791,-57.227879990978,-55.1446468379798,-40.8528692649738
08-Nov-2024 03:02:26,14,29,-0.0198048415283362,0.375291436910629,-0.020231985176603,0.161203465859095,0.846669109662374,0.175702621539434,0.475703193744024,-45.6321451539933,-52.0231293339432,-30.0051160036862,-102.384985641794,-60.7141367957871,-41.5177013652139,-59.4769451917357,-55.1439549125805,-41.0937709229862
08-Nov-2024 03:02:39,14,30,-0.0234347805380821,0.376357173919678,-0.0276494630922874,0.158567550778389,0.8465722600619,0.173717868328094,0.477487027645111,-46.4537478907405,-50.9274192007317,-29.3476899237593,-100.858350838464,-69.0265355464726,-45.5643297272355,-60.4606051190558,-56.7789853382553,-41.8017151225025
08-Nov-2024 03:03:23,14,31,-0.0222959960500399,0.377578155199687,-0.0282450266182423,0.131976301471392,0.848474828402201,0.176905402541161,0.481016884247462,-46.7563313098608,-52.3832791969149,-30.8555867198089,-100.854611085182,-75.1352187820212,-47.6526061910637,-65.3769676830947,-57.4461545883931,-41.9011380512669
08-Nov-2024 03:03:37,14,32,-0.025816393767794,0.379247476657232,-0.0370051602522532,0.128643319010735,0.847613875071208,0.176792009671529,0.483473070462545,-47.577934046608,-51.2875690637034,-30.198160639882,-99.3279762818522,-83.4476175327067,-51.6992345530853,-66.3606276104148,-59.081185014068,-42.6090822507832
08-Nov-2024 03:04:22,14,33,-0.0264995723962784,0.379573943217595,-0.0356422205766042,0.132468737165133,0.84900754292806,0.167618121703466,0.48326229651769,-48.9650271245417,-51.7676439951893,-34.1483959979433,-100.962789003546,-86.9831585258238,-56.0416869660102,-65.1856388560944,-62.1072848519744,-43.0127658149235
08-Nov-2024 03:04:35,14,34,-0.0300079102317492,0.381702735026677,-0.0466193243861198,0.127841837207476,0.848070728778839,0.167073493202527,0.486332174142202,-49.7866298612889,-50.6719338619778,-33.4909699180164,-99.4361542002161,-95.2955572765092,-60.0883153280318,-66.1692987834145,-63.7423152776493,-43.7207100144398
08-Nov-2024 03:05:26,14,35,-0.0309587132185698,0.382213936249415,-0.0473584435880184,0.121942369143168,0.851360853513082,0.150228451689084,0.487592242161433,-52.0159777686294,-50.8891162611151,-35.5123745570837,-98.8902431593981,-101.14452714841,-66.382855715505,-65.9236343699144,-66.5228804094399,-43.9765238962681
08-Nov-2024 03:05:40,14,36,-0.0341191517810027,0.384844569365184,-0.0588191407422225,0.118137478331725,0.8500417192777,0.149092178543409,0.491166083017985,-52.8375805053766,-49.7934061279036,-34.8549484771568,-97.3636083560678,-109.456925899096,-70.4294840775266,-66.9072942972346,-68.1579108351148,-44.6844680957844
08-Nov-2024 03:06:12,14,37,-0.0193537666151921,0.381170241038005,-0.0539741456508636,0.0595304451882839,0.852185297012329,0.14942887822787,0.497903007268906,-41.2317963284253,-26.3537620805645,-18.106709648546,-84.3287448488294,-112.759855880089,-58.7436532690939,-71.3065187552184,-71.6920065547206,-44.5494580888631
08-Nov-2024 03:06:25,14,38,-0.0160917506863674,0.381001073122025,-0.0510162614285946,0.0259719717005889,0.850248960653941,0.148489041129748,0.504334417978923,-36.1971395661774,-22.5826717670512,-15.844055460438,-78.9785194603349,-108.894500300475,-56.4338664479353,-75.6454053836125,-72.6283349212686,-44.6405132407858
08-Nov-2024 03:07:38,14,39,-0.00818250936766465,0.378226898113886,-0.0431340093413989,-0.0023639767896384,0.848378932476044,0.153686599930127,0.506584735711416,-43.8519190965776,-8.60230458662506,-6.33860895207869,-78.0359750124684,-104.263287501164,-55.5860576331396,-80.0144609268014,-74.5635469643456,-44.1685358132865
08-Nov-2024 03:07:51,14,40,-0.00541330020253857,0.379236455758413,-0.0415117430190245,-0.0240680050104857,0.844460916519165,0.161023980379105,0.510272192955017,-38.8172623343297,-4.83121427311179,-4.07595476397073,-72.6857496239738,-100.397931921549,-53.276270811981,-84.3533475551955,-75.4998753308936,-44.2595909652092
08-Nov-2024 03:08:19,14,41,0.00375815794492761,0.375995812813441,-0.0294767760982116,-0.0942195579409599,0.836082482337952,0.157613456249237,0.516959222157796,-23.7023237184059,4.04451447385792,1.80809558426293,-61.8143647057934,-89.6246477320869,-45.9974729940039,-90.132318640987,-78.1356455357061,-37.3941298274209
08-Nov-2024 03:08:33,14,42,0.0087371909370025,0.375315002600352,-0.0248596880584955,-0.13082782526811,0.830823949972789,0.151622302333514,0.519255534807841,-18.667666956158,7.81560478737119,4.07074977237089,-56.4641393172988,-85.7592921524724,-43.6876861728453,-94.471205269381,-79.0719739022541,-37.4851849793436
08-Nov-2024 03:09:39,14,43,0.00569008107607563,0.375316298007965,-0.0192816237608592,-0.13530091047287,0.833918027083079,0.139773595333099,0.516466597716014,-44.9786972939457,-45.5190907548626,-29.630761002943,-57.7492668651777,-86.0291914734111,-45.1213139632635,-95.9915023902277,-74.7348482383877,-41.3822050188849
08-Nov-2024 03:09:53,14,44,0.00539330479999383,0.377110469341278,-0.0168182219068209,-0.154037667314212,0.83167888323466,0.127933306495349,0.51789546807607,-49.1048685585715,-44.7061055138238,-29.1429698583197,-53.9949741778995,-81.7280550992739,-42.889447252091,-100.316757282376,-70.898001655389,-39.3824832032817
08-Nov-2024 03:10:43,14,45,0.00302621490942935,0.374049496650696,-0.0129506466289361,-0.188677982489268,0.824053661028544,0.138704487681389,0.515846216678619,-44.2984693597783,-46.5169606644216,-29.4748296736651,-50.7353916081999,-79.5624365726746,-42.1903277917139,-103.914533288873,-66.2110155319564,-39.4311323152507
08-Nov-2024 03:10:56,14,46,0.00362872049833337,0.376226558287938,-0.0101843530933062,-0.213942581415176,0.81946055094401,0.126546931266785,0.516428979237874,-48.4246406244041,-45.7039754233828,-28.9870385290419,-46.9810989209217,-75.2613001985374,-39.9584610805414,-108.239788181021,-62.3741689489577,-37.4314104996474
08-Nov-2024 03:11:46,14,47,0.00269018347995977,0.374501830339432,-0.00415903438503544,-0.20935218334198,0.826317962010702,0.106222107013067,0.511944528420766,-50.9736219689962,-48.9892959674513,-29.5608274167991,-45.8918102760244,-72.4272528257766,-39.151194791322,-105.605918982253,-63.0435512513285,-39.6050852333752
08-Nov-2024 03:11:59,14,48,0.00117738837531457,0.376055246591568,0.00419116903406878,-0.208093295494715,0.831468061606089,0.0793067544698715,0.508987752596537,-57.7638885452978,-52.5376963157015,-31.599790824572,-44.4051665723378,-68.1504465292469,-37.2775548767049,-102.885789226311,-64.3630033239162,-40.5295745033169
08-Nov-2024 03:12:46,14,49,0.0044224408455193,0.374507083495458,0.00800710351516803,-0.196841152509054,0.838070130348206,0.0517456896603107,0.5061763048172,-61.5335125057446,-51.4545567618607,-29.3811669723369,-43.3422003980458,-62.8700196946017,-37.0621017747867,-100.958789748957,-64.5324205113955,-41.1786565051516
08-Nov-2024 03:12:59,14,50,0.00232282093105217,0.375958796342214,0.0140723247701923,-0.194842594861984,0.840492391586304,0.0307125110179186,0.504644159475962,-68.3237790820462,-55.0029571101109,-31.4201303801098,-41.8555566943592,-58.5932133980719,-35.1884618601696,-98.2386599930146,-65.8518725839832,-42.1031457750932
08-Nov-2024 03:13:44,14,51,0.00565161720539133,0.374515422185262,0.0166983779519796,-0.193659362196922,0.840376488367717,-0.00904015333702167,0.50614398320516,-72.5537243504204,-53.4605875073154,-29.0053001578786,-39.5307517553699,-53.1395968324845,-36.0189153519019,-96.2150953763662,-66.4463072140167,-42.2899314109814
08-Nov-2024 03:13:58,14,52,0.00261908740115662,0.376590651273727,0.0239663851757844,-0.192208435138067,0.841327357292175,-0.0350802014271418,0.503977791468302,-79.343990926722,-57.0089878555656,-31.0442635656516,-38.0441080516834,-48.8627905359547,-34.1452754372848,-93.4949656204241,-67.7657592866045,-43.2144206809231
08-Nov-2024 03:14:43,14,53,0.00550921661779284,0.375552127758662,0.020175684740146,-0.17318269610405,0.836349395910899,-0.0816735540827115,0.5136700908343,-85.0790968490599,-53.6620032282927,-28.8313301584225,-35.9883837303454,-51.6475791048961,-35.6486822258424,-89.1731184341289,-69.9977026379151,-42.7200581338381
08-Nov-2024 03:14:56,14,54,0.00276664059298734,0.377815612157186,0.0287089105695486,-0.171293663978577,0.83487313191096,-0.110772468149662,0.511248302459717,-91.8693634253615,-57.2104035765429,-30.8702935661954,-34.5017400266588,-47.3707728083663,-33.7750423112254,-86.4529886781869,-71.3171547105028,-43.6445474037797
08-Nov-2024 03:15:45,14,55,0.00417414723585049,0.377848100662231,0.0253073792904615,-0.153689706325531,0.83300697406133,-0.125027147928874,0.51657247543335,-94.6070496746813,-56.1861114370313,-31.9833085664673,-36.6305560141465,-50.9747639445721,-35.4649257481956,-86.5320002070682,-73.6928524224519,-43.409610765208
08-Nov-2024 03:15:58,14,56,0.00205331455605725,0.380263197422028,0.0326209093133608,-0.151892344156901,0.829993681112925,-0.15258614718914,0.514545134703318,-101.397316250983,-59.7345117852816,-34.0222719742402,-35.14391231046,-46.6979576480423,-33.5912858335786,-83.8118704511261,-75.0123044950397,-44.3341000351497
08-Nov-2024 03:16:47,14,57,0.00147979591662685,0.380605226755142,0.0292587930957476,-0.117790145675341,0.824775191148122,-0.185391743977865,0.521057875951131,-106.911292663794,-56.7215658896506,-34.4732611782626,-37.8649984523605,-52.6615500678806,-35.5994075947551,-80.6163113375958,-76.8598793873081,-44.9038763508347
08-Nov-2024 03:17:01,14,58,-0.0041510386702915,0.381203099091848,0.0374449412027995,-0.117997179428736,0.827135241031647,-0.186093287666639,0.517004096508026,-107.793434302563,-64.9709965409119,-38.3013556149039,-36.5805831915418,-49.6953411779873,-33.8196822608191,-77.4835360656345,-77.0226453099669,-44.6886384231747
08-Nov-2024 03:17:48,14,59,-0.00226082126609981,0.382205816109975,0.0269563609113296,-0.0782654931147893,0.818032026290894,-0.225112931927045,0.523471442858378,-115.612430859587,-56.2897540702327,-31.2854629496701,-40.1750328535166,-53.2743316462783,-37.58083776478,-74.413046114879,-77.524472642466,-44.0710440183864
08-Nov-2024 03:18:01,14,60,-0.00668386509642005,0.382709936300913,0.0335363030433655,-0.0792024617393812,0.818962093194326,-0.226445859670639,0.521296775341034,-116.494572498356,-64.539184721494,-35.1135573863114,-38.8906175926979,-50.308122756385,-35.801112430844,-71.2802708429177,-77.6872385651247,-43.8558060907265
08-Nov-2024 03:18:43,14,61,-0.00663234901924928,0.381723672151566,0.035751136392355,-0.0688963755965233,0.812061043580373,-0.248414455850919,0.523546048005422,-118.820141596252,-64.3232788117851,-33.5196582720152,-38.170634793276,-51.889513545584,-18.4168275158565,-68.3286382315593,-78.0195351927037,-42.9893899245024
08-Nov-2024 03:18:56,14,62,-0.0113745211313168,0.382497437795003,0.0433542760709922,-0.0664315005143483,0.812729128201803,-0.251246611277262,0.521472311019897,-119.702283235022,-72.5727094630464,-37.3477527086565,-36.8862195324573,-48.9233046556907,-16.6371021819205,-65.195862959598,-78.1823011153624,-42.7741519968424
08-Nov-2024 03:19:52,14,63,-0.0204007683942715,0.383089832464854,0.0483893685042858,-0.0277806588759025,0.819058136145274,-0.242186699310939,0.51934351126353,-120.031138603354,-81.5394718338226,-47.914850369829,-43.909020502337,-49.7308956053437,-38.780097057459,-61.8536590179382,-78.0548323904813,-42.9833249499004
08-Nov-2024 03:20:06,14,64,-0.0262252616385619,0.384772465626399,0.0590706986685594,-0.0262498429665963,0.818877108891805,-0.246754748622576,0.517555149396261,-120.913280242124,-89.7889024850839,-51.7429448064703,-42.6246052415183,-46.7646867154504,-37.000371723523,-58.7208837459769,-78.21759831314,-42.7680870222404
08-Nov-2024 03:21:02,14,65,-0.0308998276789983,0.38664421637853,0.0601912565529346,-0.00599948714176814,0.817804551124573,-0.250449852148692,0.518106798330943,-123.543778745675,-97.1969989961027,-56.3155408553773,-47.743798096049,-49.3603777453305,-40.2820064943245,-57.5833941391663,-77.7852469120289,-42.6900545349394
08-Nov-2024 03:21:16,14,66,-0.0368016439179579,0.388753749926885,0.0700169796744982,-0.00554516796643535,0.818489225705465,-0.25372878909111,0.515428320566813,-124.425920384444,-105.446429647364,-60.1436352920186,-46.4593828352303,-46.3941688554372,-38.5022811603885,-54.450618867205,-77.9480128346876,-42.4748166072795
08-Nov-2024 03:22:08,14,67,-0.0429187436898549,0.385400380690893,0.065705203016599,0.00228432472795248,0.824753105640411,-0.245645374059677,0.509348138173421,-117.565881321667,-101.816545872402,-60.422622511805,-47.1822286657563,-50.1885664760633,-38.2510298092008,-53.1477092808595,-69.1830224875306,-40.3085482508969
08-Nov-2024 03:22:21,14,68,-0.0487984297176202,0.38513801296552,0.0654464721679688,-0.00197788081907978,0.827292843659719,-0.248292636871338,0.503918075561523,-119.206663826499,-101.232329167561,-60.1793589254586,-44.1782704386074,-50.6770141368026,-38.5440984056444,-52.9471568619387,-61.0155908022586,-36.2736771743348
08-Nov-2024 03:23:18,14,69,-0.0616444108386834,0.386413278182348,0.0699706236521403,-0.00410562104855975,0.833077434698741,-0.263331598043442,0.486437684297562,-123.347035547526,-108.20027892766,-65.1472207421785,-44.9127142402961,-51.3934367774853,-38.3400070282723,-51.8954258593056,-50.9743797860441,-32.9481074578624
08-Nov-2024 03:23:32,14,70,-0.0676201005776723,0.386835587024689,0.0698109894990921,-0.00910940133035183,0.835174934069316,-0.269646992286046,0.479260224103928,-124.987818052358,-107.616062222819,-64.9039571558321,-41.9087560131471,-51.8818844382246,-38.6330756247159,-51.6948734403848,-42.8069481007721,-28.9132363813003
08-Nov-2024 03:24:20,14,71,-0.0602454972763856,0.385570514202118,0.0685918609301249,-0.00498506293321649,0.830658821264903,-0.272340842088064,0.485604381561279,-121.953395165288,-101.282928750448,-55.3412562710189,-43.3239988004172,-48.5093195889355,-16.4025642342512,-50.6187317296078,-46.8276267500287,-31.608015984783
08-Nov-2024 03:24:34,14,72,-0.0653139432271322,0.385608128706614,0.0683248599370321,-0.00944705754518509,0.83337740500768,-0.274372675021489,0.47970041235288,-123.59417767012,-100.698712045608,-55.0979926846725,-40.3200405732683,-48.9977672496748,-16.6956328306948,-50.418179310687,-38.6601950647567,-27.573144908221
08-Nov-2024 03:25:44,14,73,-0.0631403336922328,0.386834247907003,0.0669084201256434,-0.00616210500399272,0.83237517674764,-0.282633564869563,0.476688488324483,-127.097357479001,-108.115036957002,-59.4950104490927,-43.5006828533291,-51.0057086553999,-38.5019114336846,-50.6048322458381,-46.0368185467494,-31.1030991716812
08-Nov-2024 03:25:57,14,74,-0.0690930669506391,0.387681623299917,0.0560139993826548,0.00895858965814114,0.838592978318532,-0.271235060691834,0.472348360220591,-125.951690787538,-107.503455423335,-59.115770371885,-48.29367581117,-58.0329266224312,-41.942071106826,-49.4218476564064,-43.5515757971266,-29.7870284864956
08-Nov-2024 03:26:20,14,75,-0.0715363656481107,0.383069092035294,0.0701453362902005,-0.000611131618885944,0.830239979426066,-0.297953244050344,0.471088920036952,-120.4872227481,-99.3421446977852,-51.7566709700606,-24.0789690226149,-34.3948914619544,-23.0638357832402,-41.6824657440106,-20.563360631136,-14.4783704713214
08-Nov-2024 03:26:34,14,76,-0.0701694185535113,0.382717112700144,0.0712334374586741,-0.0023084058581541,0.830501671632131,-0.29616809686025,0.471747805674871,-119.341556056637,-98.7305631641182,-51.3774308928528,-28.8719619804558,-41.4221094289857,-26.5039954563816,-40.4994811545789,-18.0781178815133,-13.1622997861357
08-Nov-2024 03:27:39,14,77,-0.0608630878229936,0.385094610850016,0.0638661896189054,0.00174327737186104,0.829336225986481,-0.288923966884613,0.478248198827108,-126.986488691186,-106.26911703451,-55.3832611533367,-42.8611050650987,-48.7167008322628,-36.9349576311592,-47.5882979036651,-44.1163889237071,-29.8999354359557
08-Nov-2024 03:27:53,14,78,-0.0671484505136808,0.386021256446838,0.0538738695283731,0.0167592082172632,0.835363793373108,-0.277851978937785,0.474009225765864,-125.840821999723,-105.657535500843,-55.004021076129,-47.6540980229396,-55.7439187992941,-40.3751173043007,-46.4053133142333,-41.6311461740844,-28.5838647507701
08-Nov-2024 03:28:46,14,79,-0.0645095924536387,0.385233483711878,0.0611510435740153,-0.00262221285762886,0.838740714391073,-0.271024139722188,0.472284990549088,-124.965454971267,-108.971021669205,-56.592316167767,-43.6201660441814,-52.4048234844484,-40.7856782282602,-49.0582293940605,-43.7326603203702,-29.6946472330874
08-Nov-2024 03:28:59,14,80,-0.070323279996713,0.38609525958697,0.0505647912621498,0.0115767158567905,0.844454256693522,-0.260598812500636,0.467815287907918,-123.819788279804,-108.359440135538,-56.2130760905592,-48.4131590020223,-59.4320414514797,-44.2258379014017,-47.8752448046287,-41.2474175707475,-28.3785765479018
08-Nov-2024 03:29:53,14,81,-0.0668939173221588,0.384734094142914,0.0516412278016408,-0.00479220614458124,0.847434413433075,-0.251444162925084,0.467555171251297,-122.134271419844,-109.485392452886,-57.4176035977744,-45.8676894915636,-62.4761027775725,-42.7761981999522,-51.0852105498264,-43.1555532690792,-30.8259324464678
08-Nov-2024 03:30:06,14,82,-0.0702423483133316,0.385052227973938,0.0433605601390203,0.00815837898602088,0.852448904514313,-0.233738558491071,0.467579430341721,-115.869753866056,-108.83537038413,-57.0688278497289,-49.6352421744954,-67.7054672066018,-45.3671157007991,-50.9812834865912,-42.9179061324021,-30.6833441644615
08-Nov-2024 03:30:57,14,83,-0.0684120804071426,0.380702231327693,0.0407413010795911,0.0152493071431915,0.858140083154043,-0.186029156049093,0.478284700711568,-108.210311228019,-108.529115240882,-57.6619358938949,-51.0085636232774,-71.9182533151617,-44.9131335143506,-49.8488315906708,-41.2769482197022,-31.5224691743311
08-Nov-2024 03:31:11,14,84,-0.0724698707461357,0.381431132555008,0.0311653682341178,0.0294883376608292,0.861729025840759,-0.164000381032626,0.479225800434748,-101.945793674231,-107.879093172127,-57.3131601458494,-54.7761163062092,-77.1476177441909,-47.5040510151975,-49.7449045274356,-41.0393010830251,-31.3798808923248
08-Nov-2024 03:32:02,14,85,-0.0696668619910876,0.378371111551921,0.0250018510967493,0.0372040130198002,0.863316261768341,-0.115417245030403,0.489877311388652,-96.033813578319,-106.350954566125,-56.3853262939097,-57.8715533720661,-80.8936930129856,-48.7975186723966,-50.4767150478578,-39.0499985583365,-31.8031492562565
08-Nov-2024 03:32:15,14,86,-0.0739937459429105,0.37971248626709,0.0152074610814452,0.0541347175836563,0.864303092161814,-0.095989228785038,0.490750108162562,-89.7692960245309,-105.700932497369,-56.0365505458642,-61.6391060549979,-86.1230574420148,-51.3884361732435,-50.3727879846227,-38.8123514216594,-31.6605609742503
08-Nov-2024 03:33:06,14,87,-0.0717337558666865,0.377779233455658,0.0115055416400234,0.058298992862304,0.863838402430216,-0.0634162942568461,0.496349573135376,-86.0810471996806,-104.761852159991,-55.8482457458716,-63.4206009293923,-89.6357772909267,-53.1056287522666,-50.8367297132162,-38.5238765909765,-31.875901015213
08-Nov-2024 03:33:20,14,88,-0.0714187150200208,0.378332928816477,0.00772850193704168,0.0646777008970578,0.864151807626088,-0.0599447846412659,0.495444385210673,-82.7050087039294,-96.7870061566723,-51.9312598600032,-64.5581044878136,-90.5419936986355,-53.6291740719117,-49.7893831543915,-39.2282477488838,-32.2985237099574
08-Nov-2024 03:34:08,14,89,-0.0660104980071386,0.373274284601212,-0.0062909829740723,0.0716659133632978,0.866886762777964,-0.056649025529623,0.490063560009003,-80.4671045726472,-87.7676310190426,-46.5195094481613,-61.8525791419662,-93.3648878162856,-54.0158569306449,-45.9509709914812,-36.232205059788,-31.2501105661862
08-Nov-2024 03:34:21,14,90,-0.0654614880681038,0.373892633120219,-0.012808513144652,0.078517210483551,0.86776389280955,-0.0526913690070311,0.487898063659668,-77.091066076896,-79.7927850157244,-42.6025235622929,-62.9900827003874,-94.2711042239943,-54.53940225029,-44.9036244326566,-36.9365762176953,-31.6727332609305
08-Nov-2024 03:35:09,14,91,-0.0602149012188117,0.37067210872968,-0.025798299536109,0.107166393101215,0.865896228949229,-0.015939499437809,0.488349320491155,-69.1840947633793,-67.3206744452504,-38.3131554134378,-68.7310718066743,-96.5106594866737,-56.4195163394791,-42.0857450717891,-35.4157404521009,-29.259838036417
08-Nov-2024 03:35:22,14,92,-0.0565372119347254,0.370857417583466,-0.0360640466213226,0.111519306401412,0.866532758871714,-0.00356417379031579,0.486489166816076,-65.8080562676281,-59.3458284419322,-34.3961695275694,-69.8685753650956,-97.4168758943825,-56.9430616591242,-41.0383985129644,-36.1201116100082,-29.6824607311613
08-Nov-2024 03:36:10,14,93,-0.0574401251971722,0.368840742111206,-0.0442232432464759,0.122440187633038,0.866258895397186,0.0147311188280582,0.48413526614507,-61.5915513629942,-53.9223501550361,-31.2679925102076,-69.7078216974497,-99.6647617295765,-58.8948913635413,-37.9057855531184,-34.2868793061645,-27.8623244662766
08-Nov-2024 03:36:24,14,94,-0.0541685986022154,0.368954583009084,-0.0502856108049552,0.125557443499565,0.865890673796336,0.0271423498789469,0.483458298444748,-58.215512867243,-45.9475041517179,-27.3510066243393,-70.845325255871,-100.570978137285,-59.4184366831864,-36.8584389942937,-34.9912504640718,-28.284947161021
08-Nov-2024 03:37:18,14,95,-0.0567311815917492,0.369465738534927,-0.0497564842303594,0.136262419819832,0.86166402498881,0.046135467539231,0.486661291122437,-55.9942411670505,-50.2733420066107,-30.1284251727241,-74.9337002012586,-101.548029258737,-59.9061241952175,-38.2934592349583,-34.4268198911035,-28.1111903759508
08-Nov-2024 03:37:32,14,96,-0.0554311449329058,0.369957659641902,-0.0551062415043513,0.140105215708415,0.861051607131958,0.0562667906284332,0.485586988925934,-52.6182026712993,-42.2984960032925,-26.2114392868558,-76.0712037596799,-102.454245666445,-60.4296695148626,-37.2461126761337,-35.1311910490108,-28.5338130706951
08-Nov-2024 03:38:21,14,97,-0.0575365357100964,0.369390571117401,-0.0534103910128276,0.135187410314878,0.858015271027883,0.0672554329037666,0.490928594271342,-51.5445475733274,-19.7739919290799,-30.966655618114,-75.4591430115844,-104.220879431025,-61.3852859307007,-38.9399495170536,-34.0761613414802,-27.4582460255321
08-Nov-2024 03:38:35,14,98,-0.0555963682631652,0.369831283887227,-0.0589969982703527,0.139293925960859,0.856603825092316,0.0786656990647316,0.490549486875534,-48.1685090775762,-11.7991459257617,-27.0496697322456,-76.5966465700057,-105.127095838734,-61.9088312503458,-37.892602958229,-34.7805324993874,-27.8808687202765
08-Nov-2024 03:39:13,14,99,-0.0525014787912369,0.371477667490641,-0.0577211908996105,0.169436477621396,0.847740292549133,0.121359919011593,0.487749387820562,-43.3934770868742,-9.3817124267077,-15.0714711774539,-86.4745182980066,-99.3804210878576,-55.8934276522345,-40.1247847916475,-35.0208577511511,-30.5487892610124
08-Nov-2024 03:39:27,14,100,-0.0509779294331868,0.374138009548187,-0.0580235727131367,0.178854256868362,0.842533946037292,0.139207964142164,0.488639861345291,-45.4922533972825,-14.6141079631008,-17.9571715140987,-92.052172179266,-102.578537658545,-57.7619885060265,-43.0863749251936,-37.7158834356337,-32.165804671702
08-Nov-2024 03:40:40,15,1,-0.0197623879959186,0.31327458024025,0.00646407917762796,0.0118782865504424,0.864276134967804,0.0195337992161512,0.50249795516332,-8.47500000000001,-14.25,-5.70000000000001,-7.20000000000001,-13.725,-7.12500000000001,-6.45000000000001,-7.50000000000001,-9.15
08-Nov-2024 03:40:53,15,2,-0.0235960893332958,0.318503725528717,0.00359122172618906,0.010741382651031,0.862706605593363,0.0423289803167184,0.503815674781799,-10.1454416367715,-18.2286243120843,-7.48723114107421,-13.8920285556736,-17.2460412516827,-8.68344551980586,-12.1561118668408,-5.47914032184061,-7.93748419310436
08-Nov-2024 03:41:33,15,3,-0.0238327736655871,0.325467431545258,0.00320577736323078,0.0043813385690252,0.859672919909159,0.0721738105018934,0.505701796213786,-12.8283832735429,-23.1822486241686,-12.7244622821484,-23.7340571113471,-20.7295825033654,-15.0043910396117,-21.9122237336816,-12.9832806436811,-9.1999683862087
08-Nov-2024 03:41:46,15,4,-0.0265638290594021,0.329895363251368,0.000832017293820779,0.00545096568142374,0.856889136632283,0.092351425687472,0.507131671905518,-14.4988249103144,-27.1608729362529,-14.5116934232226,-30.4260856670206,-24.2506237550482,-16.5628365594175,-27.6183356005225,-10.9624209655217,-7.98745257931306
08-Nov-2024 03:42:26,15,5,-0.0237202197313309,0.330952862898509,-0.00411185330400864,0.0163519680500031,0.857222119967143,0.090991015235583,0.506580189863841,-15.0622961271149,-24.6590664207789,-12.7330755816441,-32.538984776748,-27.8268876062254,-19.2201289011646,-27.0192164924868,-15.2568359556332,-13.1694454905272
08-Nov-2024 03:42:39,15,6,-0.020347790295879,0.330793660879135,-0.012573182148238,0.0238080869118373,0.856710310777028,0.0898509631554286,0.507353341579437,-12.6445173439155,-18.969759905305,-9.67945774006556,-31.0518838864754,-31.9469014574027,-21.0711712429116,-24.3950973844512,-19.5137509457448,-15.0889384017415
08-Nov-2024 03:43:21,15,7,-0.0198730764289697,0.328237251440684,-0.0132115867609779,0.020395618925492,0.857667648792267,0.0891659984985987,0.506003622213999,-9.84236356071603,-21.924203389831,-12.813339898487,-27.0147829962027,-38.7200403085799,-23.4753385846587,-22.6334782764155,-21.0894159358563,-18.2646813129556
08-Nov-2024 03:43:35,15,8,-0.0173766316225131,0.328752003113429,-0.0219516939173142,0.0211735565215349,0.856917703151703,0.0924270709355672,0.506656587123871,-7.42458477751659,-16.234896874357,-9.75972205690845,-25.5276821059301,-42.8400541597571,-25.3263809264057,-20.0093591683799,-25.3463309259679,-20.1841742241699
08-Nov-2024 03:44:16,15,9,-0.0175542445232471,0.328790686527888,-0.0186185039579868,0.0250996131449938,0.861363661289215,0.0591625240941842,0.503907215595245,-13.8146184943171,2.90753464111676,-12.7248542153298,-24.6405812156575,-46.6366305109344,-27.7539857681528,-19.8414900603442,-29.7626209160794,-22.9567921353841
08-Nov-2024 03:44:30,15,10,-0.0219463663796584,0.332764236132304,-0.0276095986366272,0.0264573466032743,0.856983311971029,0.0861561010281245,0.507401990890503,-11.904280969507,2.63559670048305,-12.8880169797101,-30.2861672635912,-52.6389537559326,-30.7823411847153,-24.6447031785993,-29.7480515010621,-22.9767012219388
08-Nov-2024 03:45:10,15,11,-0.0246505939712127,0.336018629868825,-0.0247802806397279,0.0194782382498185,0.85632362763087,0.0866548831264178,0.508744963010152,-16.4228496946969,9.09022125984928,-17.6355547440902,-32.9317533115249,-55.9295582509309,-34.3239778512778,-28.6510412968544,-28.3881695860448,-22.2981728084935
08-Nov-2024 03:45:23,15,12,-0.0288057179500659,0.339771884679794,-0.0330276384949684,0.0207087576389313,0.851090844472249,0.108600316445033,0.513245971997579,-14.5125121698869,8.81828331921557,-17.7987175084705,-38.5773393594586,-61.9318814959292,-37.3523332678403,-33.4542544151095,-28.3736001710274,-22.3180818950482
08-Nov-2024 03:46:05,15,13,-0.0336971054474513,0.344863303502401,-0.0313287859161695,0.0322791437307994,0.849840553601583,0.115475791196028,0.513219698270162,-20.691627770077,11.9096266285818,-20.3290677728507,-46.9979254073923,-64.6283453659275,-43.1123293094028,-37.5590300333646,-27.6863745060101,-22.2887722316029
08-Nov-2024 03:46:19,15,14,-0.0376137442886829,0.349009831746419,-0.0395123315354188,0.0333220819632212,0.843765771389008,0.134925830364227,0.51840519507726,-18.781290245267,11.6376886879481,-20.4922305372309,-52.643511455326,-70.6306686109258,-46.1406847259653,-42.3622431516197,-27.6718050909928,-22.3086813181576
08-Nov-2024 03:47:15,15,15,-0.0378754024704297,0.352803864081701,-0.0384369105100632,0.0339299470186234,0.844151039918264,0.130304502447446,0.518920588493347,-25.2656792829573,-36.3776086276861,-22.1389870516111,-56.1515975032597,-74.9050621684241,-49.9348604550278,-45.6162375198748,-29.8709075509754,-23.8039810297123
08-Nov-2024 03:47:29,15,16,-0.041262091199557,0.357167063156764,-0.0460785711805026,0.0357694012423356,0.837577569484711,0.149356957276662,0.52428701321284,-23.3553417581473,-36.6495465683198,-22.3021498159913,-61.7971835511934,-80.9073854134223,-52.9632158715903,-50.4194506381299,-29.8563381359581,-23.823890116267
08-Nov-2024 03:48:20,15,17,-0.042209214468797,0.360649508237839,-0.0422696237762769,0.0631441742181778,0.840348875522614,0.144875977436701,0.51849547624588,-30.0428315765439,-42.7034594966391,-24.8932866354825,-67.8771516004383,-83.9680491055437,-53.7291636198578,-49.7935280080599,-32.5009015550246,-26.2636724936321
08-Nov-2024 03:48:34,15,18,-0.0437113267680009,0.364081986745199,-0.0394385151565075,0.0822542612751325,0.838745911916097,0.150305933753649,0.516863334178925,-33.6579581136901,-45.2856927374579,-26.4426265799738,-75.7008696496832,-83.1676776414151,-53.5872012118754,-51.2172147529898,-34.038629036591,-27.2907595584972
08-Nov-2024 03:49:09,15,19,-0.0387503052751223,0.366871211926142,-0.0472580614189307,0.0968682914972305,0.83323327700297,0.185532212257385,0.51177792151769,-13.909266291461,-22.228765822026,-12.0128649619652,-82.1277126989281,-88.1228237554114,-50.299193882018,-54.1660968104197,-34.0297744869075,-31.2741942796122
08-Nov-2024 03:49:22,15,20,-0.0401185443003972,0.370388785998027,-0.0466652311384678,0.119369176526864,0.82780667146047,0.20104876657327,0.509967219829559,-17.5243928286072,-24.8109990628448,-13.5622049064564,-89.951430748173,-87.3224522912827,-50.1572314740355,-55.5897835553497,-35.567501968474,-32.3012813444774
08-Nov-2024 03:49:55,15,21,-0.0374182480076949,0.373718736569087,-0.0432012150684992,0.139978396892548,0.822712087631226,0.218287061651548,0.505867286523183,-10.4326101860658,-13.7486522255382,-7.12199406969771,-97.8267112974178,-89.6998396162165,-43.0422466051156,-57.4010679565296,-37.2319384344155,-32.7815422374675
08-Nov-2024 03:50:08,15,22,-0.0390942337612311,0.377493470907211,-0.0432542182505131,0.163844181100527,0.815962247053782,0.232389189799627,0.503344825903575,-14.047736723212,-16.3308854663569,-8.67133401418894,-105.650429346663,-88.8994681520879,-42.9002841971332,-58.8247547014595,-38.7696659159819,-33.8086293023326
08-Nov-2024 03:50:59,15,23,-0.0400897329052289,0.380680425961812,-0.0387740217149258,0.186866781115532,0.813517236709595,0.231868894894918,0.499507123231888,-36.3844086705142,-54.0158286681135,-6.30089856805521,-112.974928645908,-86.6879760824905,-45.646810558682,-60.2172402745144,-41.0457478897359,-34.1123032812602
08-Nov-2024 03:51:12,15,24,-0.0428020618855953,0.384124050537745,-0.0369370321432749,0.206708767016729,0.806870138645172,0.239380555351575,0.498927855491638,-39.9995352076604,-56.5980619089322,-7.85023851254645,-120.798646695152,-85.8876046183619,-45.5048481506996,-61.6409270194444,-42.5834753713024,-35.1393903461253
08-Nov-2024 03:51:55,15,25,-0.0322319269180298,0.383732883135478,-0.0307414095848799,0.195561386148135,0.81028474966685,0.253257475296656,0.490973565975825,-37.8804814095047,-56.1995408156629,-6.67042517299093,-121.173501043736,-77.1685524127624,-43.3973589766588,-65.6063665577456,-46.5642784353419,-35.8010091047556
08-Nov-2024 03:52:08,15,26,-0.0250402577221394,0.384728008508682,-0.02684592405955,0.17713229060173,0.814713275432587,0.261901819705963,0.486080131928126,-38.475654906271,-56.6246647419245,-6.92549952874789,-119.172964767319,-71.4800605098972,-40.5956254178523,-72.3624066819842,-49.8759042532876,-37.4993344063546
08-Nov-2024 03:52:58,15,27,-0.01837935782969,0.384954251845678,-0.0182712366183599,0.149469580252965,0.819652704397837,0.271638637781143,0.481706096728643,-37.3387147555762,-56.6379661584206,-31.0631300368484,-118.735123803402,-66.3762884556648,-40.6160140514287,-78.6981465132542,-51.9471186942802,-38.9793064364693
08-Nov-2024 03:53:12,15,28,-0.0103229893992345,0.386871488889058,-0.0136617076272766,0.126017468174299,0.823915950457255,0.281189846992493,0.475619977712631,-37.9338882523425,-57.0630900846822,-31.3182043926054,-116.734587526986,-60.6877965527996,-37.8142804926222,-85.4541866374929,-55.2587445122259,-40.6776317380683
08-Nov-2024 03:54:01,15,29,-0.00718063603465756,0.388122326135635,-0.0121045577029387,0.092837493121624,0.825063979625702,0.291565757989883,0.475015866756439,-36.6130049253783,-58.6323027560611,-31.8145568245342,-116.565398906819,-61.9666645742507,-38.9736080300072,-91.9250766152472,-56.8251646416951,-41.8917804039251
08-Nov-2024 03:54:14,15,30,-0.000551508050799991,0.390314088265101,-0.00932787445684274,0.070897713303566,0.828621617952983,0.300122026602427,0.467211423317591,-37.2081784221445,-59.0574266823227,-32.0696311802912,-114.564862630402,-56.2781726713856,-36.1718744712007,-98.6811167394859,-60.1367904596408,-43.5901057055241
08-Nov-2024 03:55:10,15,31,-0.00161522024621566,0.39206951657931,-0.0100738361477852,0.036956716577212,0.833020575841268,0.284376541773478,0.47311830719312,-42.1703235070455,-60.504594981143,-32.820344574134,-113.18000018211,-63.1483607306787,-41.8756714604899,-104.019581790482,-63.7758134333483,-44.0713426892521
08-Nov-2024 03:55:23,15,32,0.00633866392696897,0.393766490618388,-0.0091922535871466,0.0144805799548825,0.834263821442922,0.296029595534007,0.464930822451909,-38.8617294389717,-58.1413135039475,-31.4023756878167,-108.035829588276,-62.8158480170537,-41.4730869559579,-108.500595850418,-68.742415414714,-46.3183155322154
08-Nov-2024 03:56:02,15,33,0.0147819637631377,0.39304048816363,-0.00403182997057835,-0.037426845729351,0.843084740638733,0.276262716452281,0.45987636645635,-42.5366211649655,-30.3390542130306,-17.5572263205425,-102.749495908503,-60.3626752845078,-27.8482677254738,-112.647822373732,-74.5477159739606,-48.4817442162432
08-Nov-2024 03:56:16,15,34,0.0230819635093212,0.394671307007472,-0.00376047088454167,-0.0638175562024117,0.842909042040507,0.284977598985036,0.451906285683314,-39.2280270968917,-27.9757727358351,-16.1392574342251,-97.6053253146686,-60.0301625708829,-27.4456832209418,-117.128836433667,-79.5143179553264,-50.7287170592065
08-Nov-2024 03:57:22,15,35,0.022655408953627,0.394356469313304,-0.000176401265586416,-0.10715982268254,0.844234323501587,0.256583603223165,0.458203077316284,-44.4361759258521,-62.3930023517799,-32.5076983074292,-92.2400731778652,-60.1373198477975,-42.8569813534335,-121.217956725292,-83.6252692256326,-54.358917822702
08-Nov-2024 03:57:36,15,36,0.0323341024418672,0.396664118766785,0.00133336089396228,-0.134405892093976,0.842136704921722,0.263697000344594,0.450782374540965,-41.1275818577783,-60.0297208745843,-31.0897294211118,-87.0959025840305,-59.8048071341725,-42.4543968489015,-125.698970785228,-88.5918712069983,-56.6058906656654
08-Nov-2024 03:58:29,15,37,0.0380701407790184,0.396812492609024,0.000467259607588251,-0.170971725384394,0.837542335192362,0.240385972460111,0.459897917509079,-45.902359238222,-58.1316949439591,-13.4399654145554,-83.2661912187114,-60.0671294158173,-43.2837536628814,-129.384037961008,-91.7806478328343,-58.5694774688948
08-Nov-2024 03:58:43,15,38,0.0454157295326392,0.399273230632146,0.00140896067799379,-0.188782277703285,0.834340937932332,0.247910069425901,0.454727452993393,-42.5937651701482,-55.7684134667636,-12.0219965282381,-78.1220206248767,-59.7346167021924,-42.8811691583493,-133.865052020943,-96.7472498142,-60.8164503118581
08-Nov-2024 03:59:10,15,39,0.0549678161740303,0.398335854212443,0.00920092941572269,-0.24679166674614,0.825438729921977,0.232437293728193,0.451351012786229,-13.7768568263325,-21.837759762852,-2.41313008180119,-66.6600796452998,-43.1245214862023,-27.2695553130734,-138.623092638801,-101.049939117801,-59.8467301349545
08-Nov-2024 03:59:23,15,40,0.062076993783315,0.400635514656703,0.00944907876352469,-0.279745338360469,0.815867988268534,0.22124271094799,0.455141305923462,-10.4682627582587,-19.4744782856565,-0.995161195483865,-61.5159090514651,-42.7920087725773,-26.8669708085414,-143.104106698736,-106.016541099167,-62.0937029779178
08-Nov-2024 03:59:53,15,41,0.0705965255697568,0.400646279255549,0.0120845658083757,-0.317759549617767,0.796678570906321,0.18733952442805,0.478785908222198,2.08960435424981,-4.60242790470027,3.04830614513485,-49.7241696713903,-36.5915128815268,-20.6527673914756,-143.920710533316,-110.960034961846,-66.8067451420052
08-Nov-2024 04:00:06,15,42,0.072215956946214,0.401496515671412,0.011739200539887,-0.318386640151342,0.794878546396891,0.186513436834017,0.481674941380819,1.96831432888733,-4.68906363710205,2.99632470569378,-40.6413154841865,-38.6048082416588,-21.6680786447818,-142.198801088934,-113.835485163407,-68.2531338160261
08-Nov-2024 04:01:36,15,43,0.0659699946641922,0.402781039476395,0.0106502695629994,-0.287853688001633,0.806593398253123,0.170562556385994,0.487294340133667,-53.7633971275409,-58.7213563128261,-30.2579323437174,-57.279018700547,-57.4362079761993,-45.0186325629018,-142.121148284033,-116.244957195527,-70.5828492350802
08-Nov-2024 04:01:50,15,44,0.0672042012214661,0.403167857726415,0.00968532351156076,-0.29591079155604,0.80211884578069,0.165740915139516,0.491499914725622,-53.8846871529034,-58.8079920452279,-30.3099137831585,-48.1961645133433,-59.4495033363313,-46.0339438162079,-140.399238839651,-119.120407397089,-72.0292379091011
08-Nov-2024 04:02:53,15,45,0.0685130760073662,0.403112878402074,0.0107130229473114,-0.267309596141179,0.811021558443705,0.153697304924329,0.497158710161845,-55.8317705414683,-58.8143711364875,-30.6561819599027,-57.6779783167107,-57.1828649146889,-45.4920749061514,-137.618067863832,-121.597176578202,-73.0041354764947
08-Nov-2024 04:03:06,15,46,0.0612710724274317,0.404210035006205,0.0158691027512153,-0.263681155443192,0.814916141827901,0.128164681792259,0.499957700570424,-63.7986432145004,-62.5979217560862,-32.9263123316618,-59.0245134182956,-56.1071743058421,-45.3325846636879,-134.389768568273,-123.106934844036,-74.1373696713716
08-Nov-2024 04:03:43,15,47,0.0796509231130282,0.402873474359512,0.00905898908774058,-0.252925054232279,0.809918002287547,0.15183902879556,0.506958317756653,-40.4806212452979,-32.9928866115141,-17.5095116059135,-55.8136878707717,-54.7360097905975,-30.506905087428,-131.460033432584,-129.82519856751,-76.9164355525069
08-Nov-2024 04:03:57,15,48,0.0790856967369715,0.403268267711004,0.00853095576167107,-0.250605569283168,0.810225486755371,0.154363587498665,0.506856457392375,-48.44749391833,-36.7764372311127,-19.7796419776727,-57.1602229723566,-53.6603191817508,-30.3474148449645,-128.231734137025,-131.334956833344,-78.0496697473838
08-Nov-2024 04:04:43,15,49,0.0814610873659452,0.402784885962804,0.00781333800405264,-0.226001254717509,0.811864447593689,0.136746018131574,0.520672806104024,-52.8469192702447,-24.090694968626,-13.2063068006781,-57.2030777493871,-53.9368916197051,-44.7548299356025,-125.002716921401,-134.473967827998,-80.0808197853899
08-Nov-2024 04:04:57,15,50,0.0758643433451653,0.403905385732651,0.0122088574493925,-0.222867340842883,0.813408029079437,0.113764728605747,0.525123870372772,-60.8137919432768,-27.8742455882246,-15.4764371724373,-58.5496128509721,-52.8612010108583,-44.595339693139,-121.774417625841,-135.983726093832,-81.2140539802668
08-Nov-2024 04:05:54,15,51,0.075205534696579,0.398584365844727,0.0108372221390406,-0.200676044821739,0.824896355470022,0.120057419439157,0.514646883805593,-54.0466860849427,-55.8346070711349,-28.8614834697992,-55.5987474476035,-54.5602918714393,-43.8870471380425,-116.676957384872,-134.464080444141,-78.2176510045429
08-Nov-2024 04:06:07,15,52,0.0711408068736394,0.397593116760254,0.0183206339677175,-0.196316190560659,0.830945726235708,0.117168248196443,0.507208808263143,-53.7133038871673,-60.9046149950879,-31.068262541538,-55.0247222065123,-49.4332512086196,-40.9953019163951,-111.729856103936,-132.279808430039,-76.7972901072544
08-Nov-2024 04:06:45,15,53,0.0788767993450165,0.391973259051641,0.0107808939491709,-0.189314460754395,0.829538734753927,0.116520887613297,0.512297248840332,-42.8130598591126,-46.8197996985194,-23.2641752260885,-49.1372768842824,-48.5442763075005,-22.4702830280232,-108.132575342983,-131.402849598142,-74.9639081707482
08-Nov-2024 04:06:59,15,54,0.0757574439048767,0.39142985145251,0.013952295233806,-0.187347075343132,0.831288548310598,0.11378279030323,0.510797309875488,-42.4796776613371,-51.8898076224723,-25.4709542978273,-48.5632516431912,-43.4172356446809,-19.5785378063758,-103.185474062046,-129.21857758404,-73.5435472734597
08-Nov-2024 04:07:50,15,55,0.0678198685248693,0.385831336180369,0.0086645703141888,-0.158259336153666,0.836036475499471,0.0947233701745669,0.516744176546733,-47.512864548422,-46.6324039361646,-22.6723001759719,-47.9575163615306,-49.0342278627119,-38.3451557513662,-98.9132830411013,-127.537962161041,-70.9416758565624
08-Nov-2024 04:08:04,15,56,0.0660146310925484,0.385501287380854,0.0143378604203463,-0.156953585147858,0.838673766454061,0.0939446856578191,0.512997364997864,-47.1794823506466,-51.7024118601175,-24.8790792477108,-47.3834911204393,-43.9071871998923,-35.4534105297187,-93.9661817601646,-125.353690146939,-69.5213149592739
08-Nov-2024 04:08:44,15,57,0.0643694306413333,0.379927243789037,0.0156430640568336,-0.136926063895226,0.849428375562032,0.104099053144455,0.49888486067454,-38.8793846953014,-51.6087139789401,-24.5831417226525,-45.6686108590634,-42.2021629774982,-13.6158468913902,-90.2565356092239,-123.271246428389,-68.4101988021809
08-Nov-2024 04:08:58,15,58,0.0578905045986176,0.379622439543406,0.022243391474088,-0.134156715869904,0.852222653230031,0.0948955858747164,0.496702436606089,-38.546002497526,-56.678721902893,-26.7899207943914,-45.0945856179721,-37.0751223146786,-10.7241016697427,-85.3094343282873,-121.086974414287,-66.9898379048924
08-Nov-2024 04:09:50,15,59,0.0528226874768734,0.373593389987946,0.0125951485708356,-0.125548069675763,0.848225255807241,0.0835773219664892,0.507707079251607,-41.5820743160982,-48.3892483105059,-22.7732360071932,-41.7783929853661,-42.8209690960048,-35.7570955980704,-83.8873989463638,-115.311265499385,-63.5321325997626
08-Nov-2024 04:10:04,15,60,0.0571420746544997,0.37361191312472,0.00514268123855193,-0.126168901721636,0.846970204512278,0.0946777611970901,0.5076997478803,-37.8765038634553,-42.6816276206839,-20.0079095183935,-39.6326278629024,-43.705807657118,-36.2879987347383,-81.7716359994425,-110.309642436707,-61.119804924535
08-Nov-2024 04:10:33,15,61,0.0555466977258523,0.364932131767273,0.011805183130006,-0.168909918268522,0.841501474380493,0.103941966593266,0.502534421284993,-26.5167545464201,-36.5830804795794,-17.3669038803946,-27.3766489853677,-16.5711503283368,-15.6199472672358,-82.92773683502,-105.670976447917,-50.2347884343563
08-Nov-2024 04:10:47,15,62,0.0555783917506536,0.364839353164037,0.0120207767312725,-0.170829727252324,0.841106402873993,0.105085450907548,0.502308996518453,-22.8111840937772,-30.8754597897575,-14.601577391595,-25.230883862904,-17.45598888945,-16.1508504039038,-80.8119738880987,-100.669353385239,-47.8224607591287
08-Nov-2024 04:11:42,15,63,0.0444021376470725,0.35986047188441,0.0100783319522937,-0.144833951195081,0.849037114779154,0.0960196862618128,0.498938272396723,-28.7785242089381,-34.1223758742943,-20.5234113281957,-29.2050118629046,-35.0060795056164,-25.9572762384863,-76.9571428324268,-96.2242088595047,-50.0237886764255
08-Nov-2024 04:11:55,15,64,0.0470744833350182,0.359614938497543,0.00636037538448969,-0.147778249780337,0.847254665692647,0.102975670993328,0.499717044830322,-25.0729537562952,-28.4147551844723,-17.7580848393961,-27.0592467404409,-35.8909180667297,-26.4881793751543,-74.8413798855054,-91.2225857968268,-47.6114610011979
08-Nov-2024 04:12:36,15,65,0.0430734897653262,0.353067036469777,0.00675303833559155,-0.156551011403402,0.843907578786214,0.11187462558349,0.500795284907023,-19.4538385875543,-17.3594028818298,-9.9613385632966,-23.2484281792095,-30.1083826553693,-22.5818438607796,-73.7310828842088,-84.8492020026209,-47.2059611222325
08-Nov-2024 04:12:50,15,66,0.0435007957120736,0.35296845237414,0.00639492714156707,-0.157151162624359,0.843617260456085,0.113126127918561,0.500815232594808,-15.7482681349114,-11.6517821920078,-7.19601207449696,-21.1026630567458,-30.9932212164825,-23.1127469974475,-71.6153199372874,-79.847578939943,-44.7936334470048
08-Nov-2024 04:13:17,15,67,0.0396363730231921,0.344584496815999,0.0120093427598476,-0.179341282447179,0.840843323866526,0.10919519563516,0.498894429206848,-5.01092532421955,-3.04529569577559,-1.91497569204741,-10.6993712148982,-14.1443727913587,-10.1750308085943,-68.8022899631784,-64.2600755115012,-41.9597196699083
08-Nov-2024 04:13:30,15,68,0.0341068548460801,0.343003439903259,0.0104031777009368,-0.174598549803098,0.841748607158661,0.108579024672508,0.499184610446294,-11.2242323936945,-6.87999340916061,-3.81443003346762,-11.9339917730584,-15.7360503864622,-10.9529750908737,-64.402398815793,-60.023541345843,-39.8235580718069
08-Nov-2024 04:14:16,15,69,0.0206744986275832,0.341679604848226,0.00788054621467988,-0.147356480360031,0.846012055873871,0.0782859389980634,0.506380319595337,-19.171653284145,-28.3902582193404,-4.53102942806288,-15.7898489715266,-25.1108844884469,-19.2466097103924,-61.6038741548138,-60.3940669973028,-38.9016034227711
08-Nov-2024 04:14:30,15,70,0.0137894691278537,0.343364554643631,0.0130415370687842,-0.139560895164808,0.848244059085846,0.0549400709569454,0.507923587163289,-25.38496035362,-32.2249559327254,-6.43048376948309,-17.0244695296868,-26.7025620835504,-20.0245539926718,-57.2039830074284,-56.1575328316446,-36.7654418246697
08-Nov-2024 04:15:12,15,71,0.00187121496225397,0.342105885346731,0.0133416233584285,-0.097267975906531,0.855163355668386,0.00275502704704801,0.509143424034119,-34.1153243335827,-31.0974371945078,-18.6885106374908,-18.2197084080009,-28.5858179320945,-19.7603434435709,-50.6047751032462,-52.6495285745454,-34.3363837011011
08-Nov-2024 04:15:26,15,72,-0.00498811059320966,0.343829524517059,0.0179468153665463,-0.0860961774984996,0.855693896611532,-0.0228196075807015,0.509759442011515,-40.3286314030577,-34.9321349078929,-20.587964978911,-19.4543289661611,-30.1774955271979,-20.5382877258503,-46.2048839558608,-48.4129944088872,-32.2002221029997
08-Nov-2024 04:16:08,15,73,-0.0152938068533937,0.344516448179881,0.0188435723384221,-0.0436194727818171,0.85843358039856,-0.0637201229731242,0.507078854242961,-50.4254669277766,-38.2357243954766,-22.941705583625,-22.3942586843982,-29.8899622490217,-20.0451545924395,-41.005334430077,-43.7157251975085,-29.3926122421647
08-Nov-2024 04:16:21,15,74,-0.0219787120819092,0.346413578589757,0.0232729571561019,-0.0291342843323946,0.856867289543152,-0.0912785281737645,0.506554877758026,-56.6387739972516,-42.0704221088616,-24.8411599250452,-23.6288792425584,-31.4816398441252,-20.823098874719,-36.6054432826916,-39.4791910318503,-27.2564506440633
08-Nov-2024 04:17:02,15,75,-0.0320341837902864,0.346595062812169,0.0258356831967831,0.000693600698529432,0.85692321062088,-0.125780932108561,0.499861307938894,-63.5938452943485,-44.139565709346,-29.4427573981122,-24.891154380757,-31.4587120025888,-20.8905044491533,-31.955722946107,-33.7372893433319,-23.8095649145951
08-Nov-2024 04:17:15,15,76,-0.0406939849257469,0.348867575327555,0.0305830391744773,0.0136175009111563,0.853512783845266,-0.154548658927282,0.497438410917918,-69.8071523638235,-47.974263422731,-31.3422117395324,-26.1257749389172,-33.0503895976922,-21.6684487314327,-27.5558317987216,-29.5007551776737,-21.6734033164937
08-Nov-2024 04:17:59,15,77,-0.0452165241042773,0.351399942239126,0.0346661689380805,0.0357115882138411,0.847084069252014,-0.192379221320152,0.494129071633021,-79.1663415471094,-52.5011840796657,-36.467737646776,-28.0492227870966,-32.3347644744758,-21.7911236597896,-24.7560260567366,-28.6365372505854,-19.9318796527089
08-Nov-2024 04:18:13,15,78,-0.0554717399179935,0.354590743780136,0.0414565401772658,0.0486061890920003,0.842423911889394,-0.219370994965235,0.489730282624563,-85.3796486165844,-56.3358817930508,-38.3671919881963,-29.2838433452567,-33.9264420695792,-22.569067942069,-20.3561349093512,-24.4000030849272,-17.7957180546075
08-Nov-2024 04:19:04,15,79,-0.0490268724660079,0.35830771724383,0.0408908575773239,0.0295030148078998,0.840160620212555,-0.235484478871028,0.487654409805934,-92.9408967429649,-58.7916909782106,-40.8296821125282,-29.7378775484265,-37.9644683055226,-24.2193775473871,-27.4062864646659,-32.0496270385538,-20.6568754236644
08-Nov-2024 04:19:17,15,80,-0.0591676391661167,0.361096815268199,0.0458345691363017,0.0427388449509939,0.83585110505422,-0.258425291379293,0.482434111833572,-99.1542038124399,-62.6263886915956,-42.7291364539484,-30.9724981065866,-39.5561459006261,-24.9973218296665,-23.0063953172806,-27.8130928728956,-18.520713825563
08-Nov-2024 04:20:14,15,81,-0.0515521960953871,0.36532731850942,0.0450435921549797,0.0183503380666176,0.83384655714035,-0.272496569156647,0.479696577787399,-106.266481410368,-68.1716421408681,-43.7101086868245,-31.4418254872516,-41.7709978161495,-27.5614487734653,-32.2065255212456,-34.3196377668802,-23.1582117110407
08-Nov-2024 04:20:27,15,82,-0.0612376883625984,0.36880109111468,0.0505357193450133,0.0287962937106689,0.82804160118103,-0.300575832525889,0.472410903374354,-112.479788479843,-72.0063398542531,-45.6095630282447,-32.6764460454118,-43.3626754112529,-28.3393930557447,-27.8066343738603,-30.083103601222,-21.0220501129393
08-Nov-2024 04:21:19,15,83,-0.0548438680668672,0.367899358272552,0.047121715794007,0.0173865629980961,0.840786774953206,-0.247514254848162,0.481156943241755,-104.903144393195,-78.0478080747796,-45.4665554120131,-35.5483224461151,-43.1791968669779,-31.133089796011,-36.0130122133463,-34.6610257485349,-24.4727094252236
08-Nov-2024 04:21:32,15,84,-0.0594072006642818,0.369962658484777,0.043649701277415,0.0157446234176556,0.846445639928182,-0.234207761287689,0.477942113081614,-101.827015042321,-82.2589984273623,-47.6577888500536,-38.5778454355661,-49.3591311624927,-34.3086952055175,-38.9193793771568,-35.5174083660262,-24.9865389957184
08-Nov-2024 04:22:18,15,85,-0.0594708529611429,0.366871577501297,0.0405879512429237,0.0279091328382492,0.855130823453267,-0.172388711571693,0.488113230466843,-89.3756283235607,-85.735327713917,-51.0819017609581,-41.6785451306432,-51.0073590381126,-35.6433462804039,-38.3257518788049,-34.7845607484282,-25.0937834371079
08-Nov-2024 04:22:32,15,86,-0.0649568537871043,0.368607566754023,0.0372553738454978,0.0291430326799552,0.859793881575266,-0.145515858133634,0.488600345452627,-86.2994989726868,-89.9465180664997,-53.2731351989986,-44.7080681200941,-57.1872933336275,-38.8189516899105,-41.2321190426155,-35.6409433659195,-25.6076130076027
08-Nov-2024 04:23:17,15,87,-0.0650898302594821,0.367629923423131,0.0342467099428177,0.0481742968161901,0.858708604176839,-0.0956199899315834,0.501154295603434,-78.6857409378695,-93.6402778860684,-56.0808083734711,-50.8481794623582,-59.6013744191949,-40.624079932107,-41.1884888753447,-34.0527108658661,-26.2181500135449
08-Nov-2024 04:23:31,15,88,-0.0702982634305954,0.370069907108943,0.0322218420604865,0.0475966061155001,0.860284145673116,-0.081153766810894,0.501058741410573,-75.6096115869956,-97.8514682386512,-58.2720418115116,-53.8777024518091,-65.7813087147098,-43.7996853416136,-44.0948560391552,-34.9090934833574,-26.7319795840397
08-Nov-2024 04:24:16,15,89,-0.0692587365706762,0.369625624020894,0.0298591692000628,0.0605656832456589,0.856940150260925,-0.0435779415071011,0.509986654917399,-70.3396678941501,-101.653943324727,-60.9964951177681,-57.8625196176666,-69.1033164052509,-46.2150521674651,-43.9512245374249,-35.5931685420763,-27.5191628722581
08-Nov-2024 04:24:29,15,90,-0.0674635743101438,0.372488661607107,0.0261516434450944,0.0514525989691416,0.858387887477875,-0.0323020949959755,0.509391260147095,-73.1441943291709,-96.9344570944466,-58.8751065973592,-61.1986859732114,-71.4857983916399,-47.6446477553908,-49.8694919683763,-37.9767144893887,-28.9492904406456
08-Nov-2024 04:25:16,15,91,-0.0655449211597443,0.374187608559926,0.0193541027605534,0.0809525554378827,0.857003398736318,-0.0736217459042867,0.50355908870697,-83.0268135932059,-94.7856132309127,-56.9453280110583,-65.2374994169595,-74.7643170755421,-48.7691240514891,-45.6377600665571,-39.674106657315,-30.066094867895
08-Nov-2024 04:25:29,15,92,-0.0623382734755675,0.377386683225632,0.0158130189403892,0.0701751410961151,0.858630394935608,-0.061607454965512,0.504017718633016,-85.8313400282267,-90.0661270006323,-54.8239394906493,-68.5736657725044,-77.146799061931,-50.1987196394148,-51.5560274975086,-42.0576526046275,-31.4962224362824
08-Nov-2024 04:26:14,15,93,-0.0575321276982625,0.379805791378021,0.00617534757281343,0.0951216225822767,0.857737934589386,-0.0807553191979726,0.498714450995127,-91.5749128777546,-84.6069619537252,-52.4983559372944,-74.6611556721508,-80.5772993970766,-51.2507555814268,-50.4492952620747,-44.6231216622468,-32.3196884341008
08-Nov-2024 04:26:28,15,94,-0.055822249998649,0.383136316140493,0.00278451636744042,0.0887533903121948,0.858618605136871,-0.0708510304490725,0.499877085288366,-94.3794393127754,-79.8874757234448,-50.3769674168854,-77.9973220276957,-82.9597813834656,-52.6803511693525,-56.3675626930261,-47.0066676095593,-33.7498160024883
08-Nov-2024 04:27:12,15,95,-0.0481830487648646,0.386115638415019,-0.00538415812576811,0.0892461076378822,0.861267562707265,-0.0780582785606384,0.494125749667486,-99.4034889550498,-72.3981500848511,-45.8284813800035,-81.6591501552914,-85.8662725442329,-53.3211669343214,-60.1983302907848,-49.8561751120252,-34.1266127855913
08-Nov-2024 04:27:26,15,96,-0.0456491904954116,0.389512075980504,-0.00952180127302806,0.0807559962073962,0.862309531370799,-0.0728122075398763,0.494569691022237,-102.208015390071,-67.6786638545707,-43.7070928595946,-84.9953165108362,-88.2487545306219,-54.7507625222472,-66.1165977217363,-52.2397210593377,-35.5567403539788
08-Nov-2024 04:28:09,15,97,-0.0446221726636092,0.390415938695272,-0.0114331780001521,0.0709181477626165,0.863384481271108,-0.0767551814516385,0.493605639537176,-103.197303428718,-68.2492579201336,-42.6971555809492,-83.8443137524065,-91.9432411042,-55.0359681986945,-67.9911152360914,-53.1312477842269,-35.860202529724
08-Nov-2024 04:28:23,15,98,-0.0437712574998538,0.393603612979253,-0.0152466017752886,0.0694343701004982,0.863724911212921,-0.0748891552289327,0.493507637580236,-106.001829863739,-63.5297716898533,-40.5757670605402,-87.1804801079514,-94.325723090589,-56.4655637866202,-73.9093826670428,-55.5147937315393,-37.2903300981115
08-Nov-2024 04:29:12,15,99,-0.0424693350990613,0.397615867853165,-0.0137319842353463,0.070514656106631,0.863987147808075,-0.0762396797537804,0.492688000202179,-110.298737100573,-70.7553256074945,-43.810104161013,-91.3480619065089,-96.3892073705725,-58.8229644188067,-77.805775139696,-58.2023300676402,-39.4321249701778
08-Nov-2024 04:29:26,15,100,-0.040323444455862,0.401123440265655,-0.0160202244917552,0.0594623876114686,0.864007759094238,-0.0675204833348592,0.495374476909637,-113.103263535594,-66.0358393772141,-41.688715640604,-94.6842282620538,-98.7716893569615,-60.2525600067325,-83.7240425706475,-60.5858760149526,-40.8622525385653
