date and time,Trajectory,Waypoint,x_end_avg,y_end_avg,z_end_avg,qx_end_avg,qy_end_avg,qz_end_avg,qw_end_avg,l0,l1,l2,l3,l4,l5,l6,l7,l8
27-Jan-2025 10:07:44,152,1,0.00160435321740806,0.324665693442027,0.042370309929053,-0.017080245912075,-0.0053188683775564,-0.00253023918097218,0.999836802482605,-10.8,-14.9249999999999,-6.30000000000001,-6.07500000000001,-15.1499999999999,-6.15000000000001,-8.77500000000001,-7.87500000000001,-9.675
27-Jan-2025 10:07:55,108,2,-0.00282376959609489,0.326952920357386,0.0489088661968708,-0.0492563729484876,-8.07655695704549e-05,-0.0112045642609398,0.998723344008128,-19.2234356171847,-19.7725597179031,-8.54080330094636,-4.10565111049578,-14.1099791126761,-5.44701521418248,-10.005446882212,-6.04521584676758,-8.57712950806054
27-Jan-2025 10:08:34,62,3,0.0097625316431125,0.33272896806399,0.0474112202723821,-0.0665587266286214,-0.00447424588104089,0.0311796974390745,0.997285215059916,-23.2831648209555,-21.1992944310709,-9.33227518239508,-5.1318624432231,-16.9888303165878,-9.75829818995274,-23.9513068157687,-19.0589335405883,-16.9620904918554
27-Jan-2025 10:08:45,253,4,0.0038890504433463,0.339569250742594,0.0375148440400759,-0.036363839606444,-0.00452509419992566,-0.0130339417606592,0.999243386586507,-31.2229745458673,-12.5794058841456,-4.81014353048744,-19.6050881451725,-26.2694429724191,-14.186419671823,-21.9659732832256,-22.7108678002521,-18.5758681205932
27-Jan-2025 10:09:18,127,5,0.013052975324293,0.339898067712784,0.0481543543438117,-0.108230102558931,-0.0109642419964075,-0.0151765583703915,0.993949568271637,-39.8135033851517,-0.33695650794628,1.13657609523219,-9.07049591434247,-20.0184793202797,-11.094820440533,-23.4383731087473,-26.4617087566129,-22.7257915385045
27-Jan-2025 10:09:30,384,6,0.0302855480462313,0.347261768579483,0.0382736203571161,0.0663141384720802,1.14346124367633e-05,0.150473155577977,0.986387526988983,-7.62829369503966,-10.8286146643169,-4.77449313166646,-30.3384492188169,-18.6331885714313,-11.0674131428588,-53.6219170557339,-37.7477667930868,-29.0340624421677
27-Jan-2025 10:10:05,200,7,0.00936613554755847,0.351045443614324,0.0218153485407432,0.233128061890602,0.00826101421068112,0.0327020275096099,0.971860949198405,-1.44073239305054,2.24010186210677,1.98343611726404,-63.9688700574908,-30.1154914813639,-18.8021848723362,-38.4895435343522,-26.5798380634502,-24.4265239398184
27-Jan-2025 10:10:16,296,8,0.0049726419771711,0.352319550514221,0.0192720834165812,0.254150180021922,0.00513753506044547,0.0261649160335461,0.966797065734863,6.63632374939547,8.00942767813963,5.44503160688376,-68.8177810759411,-27.3483655853065,-16.841693035787,-35.45451133896,-21.6104749746,-21.36490671826
27-Jan-2025 10:10:59,6,9,-2.59943839713136e-05,0.366624859968821,0.0394197955727577,0.0136837796618541,-0.00864112830410401,0.0599110792080561,0.998072552680969,-45.456836917809,-41.0290115050826,-25.1366091431563,-50.4910964450264,-43.8875544435917,-30.482299754627,-61.8925063843193,-34.3709258440117,-23.795055506407
27-Jan-2025 10:11:11,243,10,0.0267060250043869,0.369780860344569,0.0494901406268279,-0.109458584090074,-0.0240236533184846,0.290016742547353,0.950437788168589,-39.3537157832067,0.229869336454792,-2.03239089812715,-18.6809835208767,-28.0804819871864,-20.103990536745,-101.127742214703,-39.3360936014948,-23.8028575085579
27-Jan-2025 10:11:59,231,11,0.0195279849072297,0.361735433340073,0.041664944589138,0.0328661526242892,-0.00613601893807451,0.122208033502102,0.991941253344218,-30.5881447390331,-35.1767309910067,-20.399671838256,-43.1526003266372,-35.9525946191622,-21.283324504131,-66.4068206612171,-45.7415788169457,-30.9508308926814
27-Jan-2025 10:12:12,323,12,0.013260295552512,0.366723394393921,0.0557454511523247,-0.16435324549675,-0.0243356257677078,-0.016477736706535,0.985963638623556,-73.3963894886595,-35.0502724310759,-20.8853197086456,-26.5508882365079,-34.2458466595012,-20.9788276746555,-50.3010072818768,-51.4629390962006,-34.3603881826639
27-Jan-2025 10:13:00,262,13,0.0304737043877443,0.361991035938263,0.0516480724016825,-0.133084737261136,-0.0263097893446684,0.178526198863983,0.974538211027781,-46.2622920904399,-35.4678522696081,-19.763480146896,-14.9942346390857,-34.6108942400739,-21.1953704214262,-77.0712742038286,-51.5441113830664,-33.6984698450811
27-Jan-2025 10:13:13,352,14,-0.0340272506078084,0.363340872526169,0.0608789163331191,0.00630489876493812,-0.0265511188656092,-0.123716895282269,0.991942270596822,-57.2526296025452,-73.1414613514848,-39.1879493683795,-52.8143013737846,-39.6713448030059,-24.3132603834372,-23.9136498895848,-25.0334908823533,-21.0308242752697
27-Jan-2025 10:13:36,361,15,0.0447005520264308,0.372154172261556,0.0644689227143923,-0.129822308818499,-0.0360171472032865,0.102189627289772,0.985599438349406,-59.3375670368717,-55.9322552230218,-28.0680750827857,-4.21246015741208,-7.66594104322115,-6.44011150093267,-71.9849117529911,-87.3467698774562,-46.423755051459
27-Jan-2025 10:13:50,61,16,0.0398909275730451,0.38040389418602,0.0338802821934223,0.180332925915718,0.0352695961793264,0.0959021548430125,0.978283568223317,-27.7760316045953,-44.8176138829017,-23.1388293123999,-79.4475225276259,-13.9466900399638,-10.2085608989783,-76.2501449311591,-83.7717648777442,-45.2643274512772
27-Jan-2025 10:14:12,78,17,0.0647164220611254,0.380101863543193,0.0531780737141768,-0.0731871133049329,-0.0350532645980517,0.219411858916283,0.972251443068186,-44.2008355991527,-43.8821483049068,-22.4035697769499,-6.30872338404182,-8.77327804418769,-6.2142402640126,-93.8033613666076,-98.2334130195793,-51.0159060257422
27-Jan-2025 10:14:25,317,18,0.0300779992093643,0.373293020327886,0.0373065513869127,0.110770077506701,0.011243944366773,0.248001001278559,0.962340339024862,-16.2009781481486,-19.0053070684045,-10.5642935274669,-55.8595035181096,-20.6399948338872,-12.7467430276305,-89.6589494512984,-57.2676925160842,-31.1321901427628
27-Jan-2025 10:15:21,25,19,-0.0164365462958813,0.370539299647013,-4.96264388251196e-05,0.301033349831899,0.00520653364559015,-0.108258837461472,0.94743435382843,-22.3086548301381,-39.621332256635,-21.0187466196056,-99.3546762163239,-65.1053062221797,-37.7807952744881,-29.5234087248776,-32.9128364008731,-24.532843208181
27-Jan-2025 10:15:33,156,20,0.000590525996328021,0.374170664946238,0.0517621216674646,0.0430716703335444,0.000282949610846117,-0.0489947699010372,0.997869877020518,-58.3117247428934,-57.684771612228,-31.8568102329614,-64.5729526330095,-40.078296222474,-27.0736342101946,-51.5008619555273,-51.6866830154031,-35.7261104510054
27-Jan-2025 10:16:01,120,21,-0.0249217891444763,0.355349230766296,0.093591271340847,-0.151564681529999,0.0150839023292065,-0.0554795674979687,0.98677388827006,-58.4388791568589,-85.657103080926,-47.3240250173337,-4.7904744785512,1.89555183050552,-2.55773726107168,-26.609653197701,-37.6657712381009,-18.4000239248774
27-Jan-2025 10:16:14,294,22,-0.0346431990464528,0.377678847312927,0.0757170553008715,-0.00115467092643181,-0.00540766923998793,-0.0426805364588896,0.999073501427968,-63.4284562045761,-101.358870361044,-55.5963919437736,-60.910936596336,-31.6381885073495,-19.7460907163801,-50.8963992641492,-11.7514502970791,-5.86434674074749
27-Jan-2025 10:16:37,42,23,0.0611429065465927,0.375791605313619,0.0557067282497883,-0.110395140945911,-0.0395887583494186,0.216773337125778,0.969151671727498,-45.8967795166911,-29.3059462543348,-17.9614359310363,-12.445623620717,-9.7646732428374,-7.69582813841316,-90.383001237103,-87.8271786973611,-45.9578771377556
27-Jan-2025 10:16:51,318,24,-0.0357588815192382,0.383919318517049,0.0240894168615341,-0.0456752111514409,0.0377163879573345,-0.253845906257629,0.965429059664408,-95.8015199473706,-50.7326518338046,-27.8127307242938,-76.5148317015904,-73.8688395274482,-38.8858532842412,-12.2306799913524,-7.77742058024715,-5.07094008272129
27-Jan-2025 10:17:42,314,25,0.0166600034882625,0.382748079299927,0.035483821729819,0.113392057518164,0.00672639645636082,-0.0331169381737709,0.992975509166718,-57.3881373509468,-50.3822359882998,-28.3288350011827,-84.0364492682816,-51.2517334357962,-32.8661069448925,-62.5383414153649,-66.6060522959317,-40.57114821833
27-Jan-2025 10:17:55,213,26,-0.0338254575928052,0.357755215962728,0.0484380103647709,-0.00917403095712264,0.000286889380853002,0.00863589787234863,0.999920582771301,-38.5741485905701,-70.473291118241,-37.3266395244809,-34.6359855825584,-53.8071917887076,-33.0961130796758,-39.1275095343739,-6.47432140154871,-9.45755972946609
27-Jan-2025 10:18:45,102,27,0.00429601448898514,0.393374981482824,0.0196605854978164,0.25856905579567,0.0216696102172136,-0.120029997825623,0.958261601130168,-54.546670167346,-54.6043337323999,-34.3473469435408,-118.840969204564,-65.7560898670372,-41.6369954842393,-54.5389861870871,-67.4164090615374,-41.7685797105037
27-Jan-2025 10:18:59,29,28,-0.0586195975542068,0.387100178003311,0.111732318003972,-0.0336939111351967,-0.00927098753551642,-0.0535000180204709,0.997956176598867,-65.8310466636312,-134.005475859531,-73.466495006438,-53.5297396086399,-7.85644005130738,-12.1057475757063,-46.88000104171,-10.3553825379799,-12.6566434480568
27-Jan-2025 10:19:45,251,29,0.0105200697978338,0.358609257141749,0.0658717190225919,-0.0329849516352018,0.0379891353348891,0.231693466504415,0.971487001578013,-25.5468874917347,-66.0021460654047,-39.9195861347235,-19.5382512305265,-30.8771656617876,-20.5889900330037,-78.9215097035696,-35.3440818939889,-26.6731441709409
27-Jan-2025 10:19:59,10,30,-0.0137242134039601,0.393184194962184,-0.0316088815530141,0.151813950141271,0.00881477066626151,-0.0149514571453134,0.988256712754568,-49.0867948398084,-44.5367061525544,-31.1593970435829,-87.3631877812189,-127.583883152852,-70.9148796438204,-63.442053501807,-65.0616237811546,-43.5044459798082
27-Jan-2025 10:20:50,25,31,-0.031142691647013,0.417177232106527,-0.0399220302700996,0.342897458871206,0.0465250611305237,-0.123920593659083,0.930000257492065,-40.7728280394777,-56.8793799898356,-32.8151284817358,-145.709751918965,-133.609979171307,-82.4463839859143,-67.7461677933762,-53.74101061593,-41.8497314264734
27-Jan-2025 10:21:04,52,32,0.0215427796045939,0.399023967981338,0.00856909081339836,0.335016798973084,0.0610734358429909,-0.0714222351710002,0.937513963381449,-6.4746288500631,-19.7540671900914,-14.23612699008,-127.980286637295,-69.4692468313001,-50.3596727241272,-67.2772309803729,-75.9588586320993,-52.9423103427744
27-Jan-2025 10:21:27,181,33,0.0412405741711458,0.379877251386642,0.0761209517717361,-0.134823254744212,-0.0306416856745879,0.010370494487385,0.990341452757518,-74.2724543466049,-69.6420820898529,-35.4763266296525,-33.4988511343665,4.10713038269039,-4.90970721350092,-60.1053389358382,-101.145900367618,-56.6051221551081
27-Jan-2025 10:21:40,269,34,0.00595841612666845,0.396771762768428,0.0863686497012774,-0.248432299494743,-0.00574166451891263,0.0147293012589216,0.968519981702169,-108.522771737241,-91.2069207405814,-49.1426274479179,-33.6308417484052,-27.9265254160877,-23.8104166057911,-85.7282640382885,-77.6598007922733,-47.7459538603371
27-Jan-2025 10:22:30,343,35,-0.00462208359191815,0.382740590969721,0.0587721310555935,-0.123104953765869,-0.0206574767827988,-0.141311199466387,0.982063937187195,-96.5139482339107,-74.5755081654916,-33.1741120184019,-58.1307073318345,-45.7086748755723,-33.2571976469007,-47.2316294992835,-59.3494405416761,-39.4245139705088
27-Jan-2025 10:22:43,200,36,0.00777665025865038,0.389801438649495,0.00559556552519401,-0.0207872857650121,-0.00639417742689451,0.012792383817335,0.999681655565898,-71.3045507446983,-32.697562598568,-12.9713242573962,-66.1061974623964,-96.6828840304115,-59.4804872467764,-75.5075812742825,-73.4993762796581,-47.2356668619559
27-Jan-2025 10:23:07,20,37,0.0616959599157174,0.4034847676754,0.065552065273126,-0.0637056509653727,0.00601813665901621,0.319071733951569,0.945567854245504,-59.1146962879805,-80.2795667093281,-37.685267944243,-31.8028414263025,-20.6024822892814,-14.6174857343475,-132.744923327725,-110.801412122558,-61.1154011035932
27-Jan-2025 10:23:23,126,38,-0.0299963667988777,0.369448107481003,0.0667504007617633,-0.142965459823608,0.0255031875024239,0.0356931587060293,0.988754975795746,-66.0310735781124,-84.8658094391439,-38.8953648779503,-25.389892506982,-55.5596248635999,-31.0130325903061,-56.0483693098239,-0.495540443911366,-4.87944083306931
27-Jan-2025 10:23:45,257,39,0.0329572481413682,0.401549478371938,0.0171918455511332,0.178591140111287,-0.00332707952087124,0.149588157733281,0.972480034828186,5.32568446994827,1.44151278138875,2.48217725158167,-97.7607916589455,-89.199498327274,-46.4487171662123,-104.073905540928,-97.7290752882567,-50.9627145803368
27-Jan-2025 10:24:00,315,40,0.0368856680889924,0.347215290864309,0.0520052534838518,-0.103455293675264,-0.0341055005788803,0.154991771777471,0.981890058517456,-26.0831473186106,-11.9966492271889,-3.41871625178766,8.67472546731722,3.52217678733528,0.730307892011824,-52.5127955793586,-46.1133550826045,-24.3366669765912
27-Jan-2025 10:24:47,116,41,-0.0117310040940841,0.381677671273549,0.0290697747220596,0.0369043578704198,0.00724851454918583,-0.156174357732137,0.98701323668162,-77.3120677292201,-50.6830871820204,-27.6536933033609,-81.7720899337426,-61.0533538901852,-38.7690299525732,-42.9367127268626,-44.4770941683517,-28.5429882658024
27-Jan-2025 10:25:00,200,42,-0.0112106024598082,0.406175661087036,0.0239791786919037,-0.0505870612959067,0.00322224173384408,-0.0414460336168607,0.997854121526082,-103.210661684975,-53.8900575961568,-30.5259948540672,-86.4990023888212,-91.8225556842632,-55.4224471932503,-86.8288459564,-42.2702250798534,-28.7083700651914
27-Jan-2025 10:25:56,328,43,-0.0269109046707551,0.386332648992538,-0.0101222453638911,0.122421417633692,0.0264428532371918,-0.135595459739367,0.982816211382548,-62.6668742716326,-50.6927775726827,-29.5257670032139,-90.8299762435694,-103.792788720136,-62.4908830879039,-41.5250121604615,-43.0595332686523,-30.3677831565647
27-Jan-2025 10:26:10,239,44,-0.0106989049663146,0.387773921092351,0.0942178815603256,-0.199121815959613,0.0109573263054093,-0.0227239141861598,0.979643936951955,-96.2734686193776,-103.905773011243,-55.3523887631054,-15.1318790270292,-19.1224637037994,-19.3758446203471,-68.4213321486726,-65.3078828030328,-40.7120819643662
27-Jan-2025 10:26:31,215,45,-0.00213300050236285,0.383231608072917,0.0840446670850118,-0.235734447836876,0.0117208857710163,-0.00698795787369212,0.971721692879995,-96.0765713079233,-81.5527273111773,-42.4566239282466,-6.9475647304576,-4.69949618989715,-7.23757248648692,-69.2527690915621,-57.8368057625633,-33.0404748773506
27-Jan-2025 10:26:45,133,46,0.0280781202018261,0.382713824510574,0.032173312207063,0.100105474392573,0.0137718748922149,0.0436428407828013,0.993923791249593,-47.7589852944574,-26.0228076746975,-15.2984769231859,-76.6411343191765,-52.8892107521136,-31.9392425807744,-72.692197706808,-79.2098061453816,-44.333787881939
27-Jan-2025 10:27:32,165,47,-0.0195574874679248,0.402124734719594,-0.0109340883791447,0.190508648753166,-0.00120086561267575,-0.0260084559520086,0.981340229511261,-60.9760781882813,-56.9177337406463,-37.476268722982,-109.030448188287,-113.75920910242,-68.4382973267078,-76.7563158780468,-54.2602720581402,-38.9434363141626
27-Jan-2025 10:27:46,318,48,0.0427519609530767,0.411908549070358,0.0432259763280551,0.0787040149172147,0.0149489525705576,-0.00883203614503145,0.996746810277303,-86.1877028538508,-47.1656939390941,-31.7664620145345,-101.482412829979,-53.8438782550352,-37.6468450953441,-91.6399756839032,-110.561665564946,-66.2603462598942
27-Jan-2025 10:28:50,138,49,0.0555059524873892,0.417310561736425,0.0577290733655294,-0.141542107860247,-0.0354387730360031,0.308530535300573,0.939956851800283,-87.857786095637,-70.0711068321001,-42.8666778496321,-55.3006903272565,-69.1731006526312,-43.7258290847154,-149.392088672117,-107.946866772653,-66.4274996068532
27-Jan-2025 10:29:05,186,50,-0.0639659002423286,0.429842195908229,0.0167143003394206,0.210142286618551,-0.0438576611379782,-0.205973517894745,0.954720584551493,-102.027018868432,-118.722030332723,-67.7311745266709,-147.811107172864,-125.035636789099,-72.1961320796769,-50.2891407085239,-34.8118963360107,-30.3990493152598
27-Jan-2025 10:29:50,148,51,-0.0198413716008266,0.419241547584534,0.0788443560401599,-0.0869389360149701,0.023080525919795,0.0572973812619845,0.994296717643738,-110.293969164677,-122.119678262468,-74.9618025053603,-85.5369976899558,-75.1256505336562,-48.4813746667615,-112.171108461847,-66.1753296790356,-44.8760916778445
27-Jan-2025 10:30:03,272,52,0.0249416523923477,0.423124275604884,0.0773909469445546,-0.287612394491831,-0.0109721252694726,0.177046506603559,0.941175572077433,-126.425661039181,-89.7816645419464,-57.5540772935264,-36.718028531881,-62.7384670179256,-41.0490645573232,-140.104524623695,-87.4441915730012,-54.2718042732543
27-Jan-2025 10:30:56,228,53,-0.0165381627778212,0.447529180844625,-0.0366479972998301,0.316739122072856,0.0661160717407862,-0.157185963789622,0.933058190345764,-94.8424972250646,-73.8654267527615,-50.5490219896856,-175.846939850171,-155.687751499767,-92.6684862394905,-95.4676659113906,-95.8892685633754,-62.6791671978209
27-Jan-2025 10:31:11,261,54,0.011140784000357,0.410488559802373,0.053860329836607,-0.0966161042451859,-0.00143428415370484,-0.0224266469478607,0.995068017641703,-108.391466148294,-80.1533298757519,-54.3959334006558,-79.9809497617595,-82.7556554514212,-56.9053980647929,-89.3352843671725,-87.5980414877719,-59.2365135094943
27-Jan-2025 10:32:07,197,55,-0.0260755244642496,0.395597664515177,0.0331354034443696,0.055416114628315,0.00735487208391229,-0.221807923913002,0.973486646016439,-94.6587114172842,-73.6620314445624,-39.2306506060256,-100.927306839991,-74.9386834727712,-49.8856364216798,-43.2090509000442,-50.7028338734611,-32.3226565426169
27-Jan-2025 10:32:21,160,56,-0.00350239117008944,0.400516490141551,0.102144799133142,-0.152268285552661,0.00990665132800738,-0.00817855602751176,0.988251948356628,-98.1898394281341,-130.162463582013,-66.306868264363,-16.875810780073,-18.5580018826463,-20.5212972162297,-77.7670481430093,-94.4109259641922,-53.0027041775947
27-Jan-2025 10:32:46,191,57,-0.0114201193675399,0.37899915377299,-0.00374502766256531,0.243728779753049,-0.0316252154608568,0.0248993323494991,0.969007762273153,-15.7410154310611,-23.1469551719858,-13.1087057797876,-93.0377380499753,-83.0640266224121,-48.0755802691743,-58.5955072038214,-42.1587657866814,-26.0629060189344
27-Jan-2025 10:33:00,27,58,-0.0201432077835004,0.379592291514079,0.0590127410988013,-0.112245532870293,-0.000876961004299422,-0.150037084023158,0.982287673155467,-93.176454925938,-66.7830488798303,-35.8797532806341,-56.7369964040606,-47.0015672805583,-30.9973512451717,-40.4671810240692,-38.3104566324785,-25.0917520887572
27-Jan-2025 10:33:24,165,59,0.0418540599445502,0.414668728907903,0.0259719195465247,0.13869510491689,-0.00565797590340177,0.33253671725591,0.93281877040863,-43.9020555646457,-31.1274785036971,-18.3167534405163,-96.9489137952316,-81.6759824092186,-46.0951836387625,-146.428540924537,-92.0199540199475,-51.9121312352691
27-Jan-2025 10:33:38,388,60,-0.0467769389351209,0.395129909118017,0.0961941972374916,-0.325999176502228,0.0482563058535258,-0.159118833144506,0.930631800492605,-129.394866349765,-102.745486079104,-51.0828027625318,-12.2498510435596,-26.8976326268737,-15.663054281902,-48.6805903171905,-35.8465086088864,-20.7824540640504
27-Jan-2025 10:34:38,313,61,0.0125055115049084,0.42124255100886,0.0727013702193896,-0.266496423880259,0.0159086370219787,0.183808888991674,0.946013164520264,-125.184108930264,-100.778771085193,-59.133393834854,-52.8251877055467,-71.7279426756861,-46.0100776162414,-139.685523097833,-81.8952858653275,-52.9162138139629
27-Jan-2025 10:34:51,292,62,-0.0162152557323376,0.392501840988795,0.0306441241254409,-0.171370269854863,0.0267002915342649,-0.0325586199760437,0.984306482474009,-99.9489571887523,-55.6701689296607,-35.367499607985,-51.6352201603357,-80.6417932409617,-49.2554097497765,-72.5707798634465,-46.3161765330602,-33.9150659987266
27-Jan-2025 10:35:13,307,63,-0.0436177243789037,0.406088457504908,0.0950240731239319,-0.317168601353963,0.075866341094176,-0.0656978795925776,0.94304408232371,-133.206365415361,-116.742379425097,-62.0589730428167,-20.7336265183076,-31.3468518132246,-20.3247670933497,-79.1992808889289,-39.3028778118065,-25.7389961014204
27-Jan-2025 10:35:29,303,64,0.0251766048371792,0.408497575918833,0.0180938045183818,0.213371715943019,-0.0018303454387933,0.217207757631938,0.952517235279083,-3.07324990161907,-7.26013818289036,-6.49974898227601,-107.312380995614,-78.4313931233836,-43.0489343089918,-121.935802550015,-81.1101300609062,-45.8245187865329
27-Jan-2025 10:36:36,338,65,0.02353019254903,0.382242655754089,0.0247337215890487,0.11794671813647,-0.00516959332550565,0.181436799963315,0.976290233929952,-32.3119460413737,-49.7511543960585,-27.3907259299217,-71.0354142001549,-66.1740453923979,-39.4589592197252,-93.3331580842332,-67.2363244072589,-41.083190438875
27-Jan-2025 10:36:50,309,66,-0.025522643700242,0.359361114104589,0.0682352910439173,-0.234443706274033,0.0107735455657045,-0.148345322410266,0.960683977603912,-86.6711415383714,-50.7786776864021,-27.7249216567965,-17.1960109522171,-23.1431751067904,-17.7639581586245,-21.1943710511542,-3.90762657889486,-9.23927560639594
27-Jan-2025 10:38:12,392,67,-0.0366983525454998,0.417184996604919,0.0721916983524958,-0.181869872411092,-0.0229562371969223,-0.280445277690887,0.942203176021576,-150.499752364199,-113.813912111996,-55.1602167040236,-91.0515193150382,-67.6106529766952,-48.9119898955887,-56.5292593425498,-58.7770927951564,-37.879239368008
27-Jan-2025 10:38:26,45,68,0.0348175118366877,0.433104636271795,0.0798650731643041,-0.293503771225611,-0.0419112381835779,0.123473529517651,0.947023316224416,-136.75065105888,-108.584886369927,-54.8105783252606,-42.3355808746699,-66.3487389815888,-50.5459073903068,-141.110808554351,-114.141189017011,-67.8261619712069
27-Jan-2025 10:39:19,159,69,0.05943438783288,0.397421511014303,0.0401195459067821,-0.117987786233425,-0.0595810251931349,0.127021349469821,0.983053716023763,-78.8906342478843,-56.4904524939906,-36.0668208491778,-47.6672597482883,-72.6507649136418,-46.7236873020102,-99.7600704427713,-116.933727839501,-67.2446672538632
27-Jan-2025 10:39:33,197,70,-0.0104215509568652,0.397167839606603,0.115320654213428,-0.125488929450512,0.0209699138998985,0.0103261470794678,0.991819429397583,-86.3350857647817,-136.569691323644,-75.9282194968502,-35.3260209368458,-35.7675207735837,-28.1038444648269,-73.3181674210061,-88.4643392029729,-52.8317521684451
27-Jan-2025 10:40:16,104,71,-0.0322889720400174,0.415836038192113,-0.0189500467230876,0.123467942078908,0.0307524494826794,-0.121757401525974,0.984370430310567,-91.9653982663906,-72.8077946131595,-43.4969640558928,-117.422860946377,-135.548286823535,-81.1805741459828,-73.5518339478014,-57.0744753902522,-40.6084013811327
27-Jan-2025 10:40:32,15,72,0.0210498912880818,0.361088714996974,0.0819720859328906,-0.076642145216465,0.00666178908819954,0.110087834298611,0.990940018494924,-40.1755751221266,-67.7823081510911,-38.210225483914,-18.6920018529992,-20.4608076684583,-20.8628392275001,-56.6189256057367,-61.4651143526892,-40.0297255214067
27-Jan-2025 10:41:08,390,73,0.0645938287178675,0.408605541785558,0.0369519750277201,-0.00830495562404394,-0.0284960719446341,0.207612468798955,0.977760771910349,-66.5298855197378,-65.7431241706027,-22.6140015831287,-72.5759243746544,-74.2176680616683,-49.3579643845117,-120.05884245553,-121.515045322021,-72.714003197913
27-Jan-2025 10:41:22,291,74,-0.0444017452498277,0.413668445746104,0.10948417087396,-0.223751708865166,-0.0256905030459166,-0.199935029943784,0.953572837511698,-136.182679124956,-138.301612721346,-58.6206247099094,-64.2309709535459,-28.3893989440041,-26.1712086770889,-56.8750401213221,-62.1221162233281,-42.7449174999758
27-Jan-2025 10:42:09,60,75,-0.0474885910749435,0.420687047640483,0.0631357684731483,0.0291414204984903,-0.0205908550570408,-0.0778498113155365,0.9963263630867,-105.950557258953,-146.343175970314,-73.3552730597334,-107.842783599587,-94.8183158670548,-59.7086972994273,-87.0858861280334,-59.1863668415983,-44.7088815856408
27-Jan-2025 10:42:20,60,76,-0.0512382581830025,0.423114011685054,0.0539914704859257,0.056925010929505,-0.0224840379009644,-0.0894595791896184,0.994108140468597,-104.341418386211,-143.730081653085,-72.1026769573003,-115.616488998984,-99.3104452961446,-62.0087130701537,-85.9579580741422,-59.7258774034133,-45.0325879227298
27-Jan-2025 10:43:18,282,77,0.0760967289408048,0.428908131519953,0.0671744734048843,-0.063977442185084,-0.0191025557617346,0.324052302042643,0.943680103619893,-79.2609807210296,-100.992983773332,-56.209118150011,-70.8710725722244,-66.1910402236324,-48.3910823842214,-157.249966096957,-138.914225864864,-87.1357383116374
27-Jan-2025 10:43:34,153,78,-0.0554972802599271,0.397359440724055,0.0116841655845443,0.106648718814055,-0.00197368400792281,-0.109881329039733,0.988204578558604,-70.6310647093537,-93.4707594509916,-51.4237581005036,-94.1769188571264,-114.547027484704,-71.5448281264203,-21.8027526995761,-32.2084675052764,-32.7586112435066
27-Jan-2025 10:43:57,31,79,0.00541276025275389,0.402575488885244,0.0989341924587886,-0.202193278074265,0.0127950157349308,0.0189953890939554,0.979077804088593,-106.865468453057,-119.410595544895,-63.8486157613272,-45.5671956917053,-46.9679840545471,-32.1187868840822,-89.3660562604843,-89.3594580041578,-55.1060391196171
27-Jan-2025 10:44:11,165,80,0.0662233908971151,0.387711149454117,0.0404547023276488,0.127685678998629,0.0491609615584215,0.0905337139964104,0.986449571450551,-8.13757456232088,-17.8804471117585,-10.5627830769646,-75.6514613046515,-21.0580726399314,-16.6430727089798,-75.13971057993,-112.465105320494,-64.1381043099907
27-Jan-2025 10:45:30,58,81,-0.0151398340240121,0.41924976905187,-0.0135572884852688,0.32938490708669,-0.0459137082099915,0.0337600183983644,0.942474285761515,-52.1268220960421,-67.2954412017304,-40.8927726635856,-142.135454023554,-118.016985891946,-69.3992923060567,-100.404103296354,-63.9679133996087,-44.5079973975823
27-Jan-2025 10:45:43,320,82,0.0372133528192838,0.409389011065165,0.0414773307740688,-0.101896414657434,-0.0238795048246781,0.0331818168361982,0.993954666455587,-99.206474980826,-75.9601524954247,-46.0915994398022,-70.413245751254,-94.2856986943813,-58.4001198366439,-96.4770021387509,-119.504098898966,-73.1425612766303
27-Jan-2025 10:46:41,373,83,0.0507226437330246,0.41657205025355,0.0520798859496911,-0.0686883126695951,-0.02574897694091,0.0399557337164879,0.996505165100098,-102.263623914542,-73.6717613673768,-44.1474402623938,-84.7189057066745,-74.3253612050474,-48.4471226933095,-106.351297796196,-123.473047976244,-78.4000704550845
27-Jan-2025 10:46:56,2,84,-0.00874767266213894,0.458703237771988,-0.058738432576259,0.346415903170904,0.0124098064377904,-0.057139070580403,0.936256984869639,-84.7179274644138,-80.9728003546888,-48.8114341840865,-180.653924285332,-173.024616135178,-98.8102245864115,-114.414495077218,-113.526606859249,-74.4403243246239
27-Jan-2025 10:47:21,261,85,0.0626016887525717,0.428756733735402,0.0569279392560323,-0.195537666479746,-0.0846919452150663,0.257494693994522,0.942490649223328,-105.904370791503,-53.2268559617766,-31.1256660214135,-47.5210787703969,-48.7469411327835,-32.7096587263558,-153.397239167981,-123.758400670705,-70.8049243907344
27-Jan-2025 10:47:37,272,86,-0.0417419788738092,0.384746837615967,0.0631627375880877,0.121756021678448,-0.0529041953384876,-0.164957658449809,0.977325721581777,-66.1382916052814,-93.779791342116,-50.0630260405854,-91.9316746669596,-40.5391825241899,-27.2666717510612,-31.7106409740081,-9.62645713112752,-12.3998449499477
27-Jan-2025 10:48:00,102,87,0.0384358920156956,0.42916338245074,0.0926457837224007,-0.248814479509989,-0.0513116300106049,0.0417636508742968,0.966288900375366,-134.083633437158,-117.937927729979,-62.1362739259225,-39.4653798046048,-30.344046637374,-20.1763173027381,-119.089199183324,-134.385775963817,-72.5669336209979
27-Jan-2025 10:48:16,338,88,0.0321627939740817,0.444958388805389,-0.015829338443776,0.352138251066208,0.0549003923932711,0.00434548327078422,0.934326259295146,-69.7933790661564,-38.2441952964905,-22.7559556707126,-169.498449888335,-119.629132961588,-65.2854084263793,-117.318810611487,-138.393703287725,-75.0374452444863
27-Jan-2025 10:48:40,118,89,-0.0450477490822474,0.434753155708313,0.102247755726178,-0.352057548364003,0.119139708578587,-0.0122095733880997,0.92828449010849,-160.899564615557,-139.579099696413,-72.9817478140327,-47.6373244490087,-47.4012545417772,-27.8113260616724,-109.273835647552,-27.0706565781445,-17.5683866147045
27-Jan-2025 10:48:54,11,90,-0.0142436703046163,0.379223062594732,0.0290412501742442,-0.047815885891517,0.0107128280525406,0.0176885019987822,0.998642098903656,-68.4788767484038,-59.2322358094293,-29.8095156015424,-52.7590198985292,-73.012701593146,-37.6182493183585,-64.6239537632339,2.91734611183865,0.424414999285382
27-Jan-2025 10:49:53,38,91,-0.0484808385372162,0.400439471006393,0.066932841638724,-0.069198555747668,0.00490705423677961,-0.157911097009977,0.985013512770335,-106.061401403107,-121.694915368167,-68.9510001427216,-80.1395552077203,-85.6396160212533,-48.4576097451423,-54.2985515209481,-47.1846887536038,-34.7788095860709
27-Jan-2025 10:50:08,320,92,0.106142305831114,0.440057835976283,0.0444370788832506,0.00835323641076684,-0.0569436373809973,0.317187907298406,0.946610462665558,-34.4297279664076,-11.0076558211242,-14.0869531158791,-87.0914512893458,-82.4542286925427,-47.3444988274658,-156.881879357482,-169.352557832957,-96.3423268724263
27-Jan-2025 10:50:38,285,93,0.0488794006407261,0.380326100190481,0.0595616936683655,-0.183051128188769,-0.063373301923275,0.0908896947900454,0.976839411258698,-74.9598667096009,-29.5361153554943,-18.349595329329,-4.56990878828237,-2.57439987880088,-4.12337609231974,-81.8909418378166,-93.8431003392628,-53.3945417672566
27-Jan-2025 10:50:54,314,94,-0.0445055683453878,0.426515853404999,0.0633301556110382,0.0677613238493601,-0.0378228202462196,-0.130261423190435,0.988438053925832,-114.462050986504,-132.762738606874,-71.8055217246369,-125.743506782295,-80.3591326575798,-44.8583572513274,-87.249673223649,-51.8660820028927,-34.2486473686898
27-Jan-2025 10:52:02,250,95,0.00385959084766606,0.401517524321874,0.0905608450373014,-0.15521531701088,0.00920673701912165,0.0450132444500923,0.986811697483063,-99.7849874042968,-120.924060821329,-68.1316290934479,-53.5859279806726,-57.0693149859137,-41.8315842898072,-93.0564625378303,-88.9002115753584,-56.1154240142121
27-Jan-2025 10:52:16,331,96,-0.0264300235857566,0.381925946474075,0.0427605107426643,-0.0715339680512746,0.000335863574097554,-0.25867503285408,0.963311938444773,-96.6660461977113,-55.5988498733742,-34.629541179638,-71.5731857330837,-46.790008180702,-35.8524484473691,-9.67596983855699,-20.3703267381991,-21.0109991558002
27-Jan-2025 10:53:01,15,97,-0.0221707844485839,0.403545188903809,0.00611439483861129,-0.0174299503366152,0.0233543265610933,-0.131147118409475,0.990934530893962,-102.19762043845,-65.8052393865941,-40.2196924779835,-91.6362556070071,-107.076307914764,-67.9438996625009,-68.2346716376599,-55.701755855509,-36.0033030550437
27-Jan-2025 10:53:14,163,98,-0.0458879274626573,0.421861336628596,0.0621749733885129,-0.13355252345403,0.0329711146652698,-0.0818885028362274,0.987102262179057,-128.314103460655,-126.49215566954,-70.8791740690213,-86.9754511065498,-98.1230320179258,-63.7832851636465,-92.3512049061132,-58.8619903511577,-37.8994437524329
27-Jan-2025 10:53:55,100,99,-0.0264904960989952,0.369739367564519,0.0479449684421221,-0.0799559493859609,0.0116984196628133,-0.148003682494164,0.985680051644643,-78.771606729247,-66.4923044315507,-42.1256217641672,-51.8208942706413,-55.28755667423,-41.9425932091216,-30.9860759094962,-32.1351351955215,-24.877205888182
27-Jan-2025 10:54:10,193,100,0.0536047977705797,0.434433859586716,0.013993603674074,0.264571205774943,0.060440352310737,0.037759356200695,0.96172928015391,-72.6634377909403,-45.9435519891506,-33.3585403651939,-146.03011802832,-90.0893245510094,-60.850771969738,-116.445152335114,-137.711556269146,-79.1727112472209
27-Jan-2025 10:55:24,353,1,0.00105091866571456,0.323482735951742,0.0422949217259884,-0.0211920889715354,-0.00481198827425639,0.000531082057083647,0.999763739109039,-11.85,-16.7999999999999,-6.45000000000001,-5.02500000000001,-16.7999999999999,-6.30000000000001,-8.70000000000001,-7.87500000000001,-9.9
27-Jan-2025 10:55:35,113,2,0.00271062466005484,0.327063781023026,0.0449590908984343,-0.0459180417160193,-0.00409882860258222,0.00821334812790155,0.998903052012126,-18.9524867575748,-16.9596672346769,-6.53011571727224,-5.02898042096779,-16.8028431578341,-6.30170589470049,-14.7236937505189,-9.97418480188347,-10.9498726435575
27-Jan-2025 10:56:14,240,3,0.00755806254843871,0.333262236913045,0.0429558898011843,-0.0298160175482432,-0.00672151874750853,0.0284948512911797,0.99912660519282,-20.9919405533718,-23.2664458087089,-8.01986748522549,-11.3151789280747,-21.4776285674884,-10.5379615918148,-24.5133925023441,-16.3294786349913,-18.3326316124366
27-Jan-2025 10:56:26,11,4,-0.0102235820144415,0.33640363017718,0.0631335193912188,-0.0319607856372992,-0.0124159059176842,-0.0575207695364952,0.997755304972331,-31.1372889005814,-46.6630512361089,-19.38321061279,-19.1568550317293,-12.9419164228443,-5.93514985370668,-10.5347885162688,-15.2026630242523,-17.4342609349076
27-Jan-2025 10:57:04,63,5,-0.0124453786139687,0.336048454046249,0.0544479680558046,-0.123357642690341,-0.00136147441032032,-0.115333929657936,0.98563643693924,-47.7937706093221,-35.5836559768594,-12.6549218139675,-9.61269063284184,-18.4935170411424,-10.6911102246855,-5.57780737694784,-11.5757372475138,-9.94158084549725
27-Jan-2025 10:57:16,334,6,-0.029305916155378,0.339812672138214,0.033253488689661,-0.0409026943147182,0.00882345257947842,-0.122899167239666,0.991536605358124,-38.7353162611915,-45.6523207914503,-17.5093682773459,-23.1031270853502,-47.1834555750329,-24.8561945325359,-1.98980633288211,-8.35075452348719,-8.14920271409228
27-Jan-2025 10:58:01,78,7,0.0308872303615014,0.343210887908936,0.0540616184473038,-0.12017197261254,-0.0252152543514967,0.0578764734168847,0.990743800004323,-37.4990136999611,-29.8448069742814,-15.963207836404,-4.73009355670338,-22.9144264436126,-16.2011558661674,-39.0797183482823,-50.8454583512968,-33.2088348810037
27-Jan-2025 10:58:14,332,8,-0.0126506523539623,0.350657685597738,0.0130967724447449,0.0169178602596124,-0.00181196061894298,0.0240897199759881,0.999565025170644,-28.9038459554672,-21.3003781053953,-12.3057515628551,-34.6913875402859,-56.6665708239981,-33.6919906489537,-37.2325923912905,-4.56485151613502,-10.683285909681
27-Jan-2025 10:58:56,136,9,-0.00484281477207939,0.34021560549736,0.0247647367417812,0.00898395298669736,0.00954188089817762,-0.039083019644022,0.999150053660075,-28.428798607348,-26.4878454487593,-12.2134466122474,-27.6445903364464,-45.9701139155043,-26.7311610724171,-18.1055865285008,-20.2340073780191,-19.6216689683332
27-Jan-2025 10:59:10,269,10,0.0210109246273836,0.367138061920802,0.0569872890909513,-0.197692803541819,-0.0172010975579421,0.25873220761617,0.945345918337504,-54.6138527783893,-11.3465994451195,-4.61473281743494,4.00562599658635,-12.317633216724,-9.87682993003432,-96.1250006237326,-26.8013103058489,-22.8772296392555
27-Jan-2025 10:59:55,21,11,-0.0326573451360067,0.365724104642868,0.0820504541198413,-0.150857258836428,-0.0033138411740462,-0.126695836583773,0.98039751847585,-79.1343567814832,-87.1123740972817,-48.6516111653179,-31.2218542110917,-36.8309648194725,-26.1617038916834,-28.1940627086821,-28.9092020843582,-21.9675897760888
27-Jan-2025 11:00:07,294,12,-0.0316200668613116,0.363643262783686,0.0737230201562246,-0.133297547698021,-0.00212089399186273,-0.119540730118752,0.983838033676147,-72.3550157983109,-72.4968884496691,-40.241244934028,-32.4510518887673,-32.1114897039918,-22.6993445379866,-26.5305447911254,-8.46770225649549,-10.6442151038972
27-Jan-2025 11:00:37,200,13,0.00333311896150311,0.364411930243174,0.0130178426702817,0.245436649521192,-0.0100073429445426,-0.00722046671435237,0.969334097703298,-17.7492664957298,-13.6657183005561,-10.4810638791819,-82.5008272458737,-54.9845828922302,-26.9534045268162,-44.3500408297685,-33.9928727497083,-27.178415307714
27-Jan-2025 11:00:50,378,14,0.0160223633050919,0.357182536522547,0.0397176419695218,0.0924101973573367,-0.0142899359265963,0.184400233626366,0.978392899036407,-12.3904243568508,-15.878559910596,-10.3983451747643,-42.1834192966276,-26.030142347942,-11.2870447452346,-70.9876852599314,-25.4361597797265,-21.7109193132855
27-Jan-2025 11:01:44,116,15,0.0100441164026658,0.361119558413823,0.0511741238335768,-0.138639248410861,-0.0251208109160264,-0.0558445297181606,0.988448071479797,-69.3387327649635,-39.5677965238366,-17.8873793258306,-29.7799359775734,-35.1953107976716,-20.9950995020453,-42.6163419142059,-43.6568728878537,-31.8612971805452
27-Jan-2025 11:01:56,151,16,0.0062376896229883,0.372929579019546,0.0333688924709956,0.0295681953430176,-0.00848466890553633,0.0389212064445019,0.998768667380015,-51.9407654818737,-40.9962980352885,-18.8479658949383,-60.6990173762461,-50.1644739037861,-28.7260168684844,-66.2225684106229,-40.3398254070972,-30.4491092535487
27-Jan-2025 11:02:45,46,17,-0.0121270844091972,0.367680722475052,0.0259052323798339,-0.0349762099484603,0.00858543819437424,-0.021673725048701,0.999116249879201,-60.5046795767073,-51.3232190013513,-20.148703191261,-48.0158897240174,-67.6623113091396,-40.2652397282023,-50.5725802935185,-32.7007687891641,-25.2771604922481
27-Jan-2025 11:02:57,386,18,0.000710283926067253,0.375423812866211,0.0232884603242079,0.0553782475491365,-0.022777758538723,0.160410493612289,0.985232432683309,-37.4579412534602,-56.1325064837879,-23.1306780895148,-58.1924685747939,-69.9288338489834,-41.9758321551598,-84.3191241804038,-38.4740803595194,-28.7411474344613
27-Jan-2025 11:03:50,174,19,0.0189897807935874,0.383188714583715,0.0379545874893665,0.109999510645866,0.00218821675516665,0.0387641998628775,0.993173031012217,-51.6344682971826,-52.1410378049194,-28.5448178716133,-80.3499549246447,-51.3714385935663,-33.4210223208593,-75.2726593545421,-66.580164940539,-43.9967152136918
27-Jan-2025 11:04:03,34,20,-0.0286740685502688,0.39061691959699,0.0466120700041453,0.0472707271575928,-0.00597402208174268,0.00657842100287477,0.998842620849609,-69.1435423034728,-94.419327522497,-51.2495933640417,-76.4528472145404,-80.524102176994,-49.5629847462127,-75.8369370830738,-45.8906508250915,-35.2175887896076
27-Jan-2025 11:04:45,287,21,-0.0206574872136116,0.38001385529836,0.0538536176085472,-0.0620065997044245,-0.0130552997191747,-0.223358714580536,0.972674504915873,-95.3191145946856,-66.2007462320666,-33.9062090015964,-69.9840936692384,-50.7468662017313,-11.9347798772884,-30.1329762931735,-38.9490614822513,-26.9840260845511
27-Jan-2025 11:04:59,203,22,0.0523172929883003,0.393053160111109,0.0738800262411436,-0.0857205246885618,-0.00453802427897851,0.164830239613851,0.9825794617335,-65.0230216714551,-87.1564683942521,-43.6870995496237,-44.6153091084136,-43.7771608710771,-7.75295667889586,-98.4957260283433,-111.231229968889,-62.4281397948043
27-Jan-2025 11:05:54,132,23,-0.0155042205626766,0.35882471203804,0.000431090701992313,0.104300764699777,0.00131799367566903,0.00124232490391781,0.994544184207916,-26.4730738649426,-34.2378776761569,-22.4674914977133,-53.7791175143571,-84.5775896854806,-41.8276118112036,-38.0754987964333,-28.2953755695045,-23.4855627440461
27-Jan-2025 11:06:08,302,24,-0.028666265308857,0.392679884036382,0.0855499530831973,-0.0956464896599452,-0.0278515708943208,-0.184905075033506,0.97769429286321,-104.800827936337,-103.992121312323,-60.2696116516426,-70.858664898954,-55.826085765787,-30.3768581872029,-45.9804338107341,-57.5453589279657,-41.0355527591228
27-Jan-2025 11:06:46,335,25,-0.00280483493891855,0.385674051443736,0.0307621744771798,0.156009441614151,-0.00969731491059065,-0.0264305793990692,0.987354282538096,-56.0479607874876,-55.8781957912633,-37.6294704885849,-93.441139019763,-60.9150554321677,-39.9055413268499,-66.6131929510176,-48.4585761233907,-37.264314375206
27-Jan-2025 11:06:58,102,26,0.026010450720787,0.399090222517649,0.0222281270970901,0.226808212200801,0.0373254174987475,-0.104176791508993,0.96763215859731,-61.2696449287167,-21.6040701564303,-18.6650027766629,-119.527859496229,-64.3391791049001,-39.7901982687107,-61.4813758610558,-89.6559620336207,-56.0356024358156
27-Jan-2025 11:07:43,214,27,0.0416508071124554,0.393641495704651,0.0280386455357075,0.115484634538492,0.0126456004877885,0.0640568097432454,0.991161032517751,-53.4463223484371,-55.477275446354,-35.9907451506246,-86.3880865284124,-74.4831479392849,-45.8975107693953,-84.1627547359703,-100.653417829231,-63.5886357730699
27-Jan-2025 11:07:55,175,28,0.0154207343856494,0.402435998121897,0.0152646071588,0.28982555270195,0.00320706508743266,0.100598955154419,0.9517720301946,-21.074320011288,-47.7463605200609,-31.3521961948487,-119.130555622359,-72.6545421826968,-44.210116398472,-99.295295205373,-69.7634428532302,-47.3705567924403
27-Jan-2025 11:08:37,64,29,-0.0188828315585852,0.382868452866872,0.0694325685501099,-0.212882445255915,0.00283970998910566,-0.15280101398627,0.96505176226298,-109.031966808005,-71.1484426255545,-47.5077110798238,-45.0091215426385,-49.9981992701008,-30.2345129516483,-46.1530423852294,-44.03697227771,-31.0943781921331
27-Jan-2025 11:08:51,241,30,-0.0233424998819828,0.408643947045008,0.105608080327511,-0.227972097198168,0.0685205568869909,0.0376594031850497,0.97052317460378,-115.36813791984,-128.267662926967,-74.7199713400919,-47.7665085199313,-22.8702216639431,-15.3231742581315,-96.9951740789708,-66.6520710235525,-41.0545776746164
27-Jan-2025 11:09:43,375,31,-0.0313008155673742,0.394937272866567,0.0693564087152481,0.0514181070029736,-0.0270833200464646,-0.116873167951902,0.991445092360179,-84.390212485885,-113.216331484376,-64.5835853362451,-90.0082839876166,-56.8586960234884,-40.5557382439755,-56.4606616688096,-52.3995318917434,-37.1713792537727
27-Jan-2025 11:09:55,44,32,-0.0554064579308033,0.374759302536647,0.0694182579716047,-0.0876619959870974,0.0326349357763926,-0.0831864004333814,0.992134054501851,-70.6673580730454,-104.500859177483,-58.9621461580226,-40.8898854222096,-71.5473124698208,-46.6363434423654,-17.9792360354515,-10.6801419547832,-15.0479812605163
27-Jan-2025 11:10:58,360,33,-0.0260138094425201,0.405962012211482,-0.00215395439105729,0.150235974788666,0.0493486039340496,-0.217887020111084,0.963077974319458,-90.1911806865409,-66.4336394686024,-40.0131831112049,-123.258183652478,-103.709480248302,-66.3140976835405,-50.5570820727693,-54.0812796982009,-35.4475926536538
27-Jan-2025 11:11:10,221,34,-0.00669130931297938,0.384649837017059,0.000538301013754487,0.125808791319529,0.0247203409671783,-0.0966374044617017,0.987027005354563,-58.1728246653389,-36.4496224106443,-24.5242932704936,-86.3135691280597,-86.4652957085901,-57.1951241019523,-46.4829479738059,-52.9554056012622,-34.3877742934522
27-Jan-2025 11:11:33,171,35,0.016236291329066,0.398476988077164,0.00318206467976173,0.233077544967333,-0.0106248622760177,0.084455144405365,0.968725562095642,-25.2482636887882,-32.8077144525629,-20.6974024142134,-107.099661748957,-95.0657849890732,-55.9954436371101,-90.9796756128868,-76.2954344720013,-45.0465497084855
27-Jan-2025 11:11:48,61,36,0.0836238731940587,0.400452313820521,0.0546162401636442,-0.0727411275108655,-0.0613273633023103,0.284627823034922,0.953904851277669,-52.9227377079185,-24.6384698812674,-15.7958556714361,-25.8361411179321,-25.4102190079795,-20.3507361894337,-118.971214129049,-119.666954355373,-65.9153851930419
27-Jan-2025 11:12:17,100,37,0.0215766285856565,0.42850066224734,-0.00172482113509128,0.357149789730708,0.0141023994113008,0.0579294254382451,0.932142329216003,-46.9452450390493,-32.4228475837153,-19.630095421567,-153.596728577903,-105.271516374275,-58.4764416575664,-115.034303847422,-103.379392627295,-60.3860041563614
27-Jan-2025 11:12:33,179,38,0.0850914547840754,0.397122279802958,0.0539873085916042,-0.0561675064265728,-0.0491908227403959,0.216316508253415,0.973464254538218,-52.2875631266233,-12.3071864050434,-7.10726653388967,-34.952165676158,-11.853962685965,-9.30266651506991,-101.715362978343,-125.722836959625,-69.0927280241849
27-Jan-2025 11:14:00,214,39,0.0590767338871956,0.400601830085119,0.0444634422659874,0.0354190684854984,0.00370028124501308,0.287664747238159,0.957068876425425,-45.0359458046601,-58.3264342759485,-30.3590540012373,-66.1372065464926,-55.8860532643059,-40.0998782791748,-125.45494851592,-106.762931687869,-59.0536133844282
27-Jan-2025 11:14:17,142,40,-0.00648794739196698,0.447928061087926,0.121530465284983,-0.337895218531291,-0.0965923915306727,-0.194080684582392,0.915876305103302,-185.851906432918,-145.695884316622,-75.559550697333,-74.1578815280993,-48.4571578341318,-37.9012022398465,-96.0122162443576,-129.537500273366,-71.9566693529358
27-Jan-2025 11:15:03,310,41,-0.0300775756438573,0.40533292889595,-0.00362496466065447,0.160997638106346,0.0186399605125189,-0.15368050634861,0.974738244215647,-82.7766863477512,-73.35666708527,-43.1158365124514,-117.37249659361,-111.273009449363,-71.3795239497758,-59.301896982691,-54.8675726863545,-38.6969372223371
27-Jan-2025 11:15:16,353,42,0.0249654730161031,0.399495377143224,0.0351029438277086,-0.0925645490487417,-0.0134863893811901,-0.110938561956088,0.989415204524994,-104.714146906508,-45.2068885778522,-27.4307298645452,-72.1620171980973,-79.7184463690118,-53.9920250154032,-66.9319273204834,-98.4134731413137,-58.8596700556195
27-Jan-2025 11:16:00,294,43,0.00316116857963304,0.370036389430364,0.0292268345753352,0.119807976484299,-0.0113957260424892,0.0946075603365898,0.988213380177816,-32.2161703744449,-45.4411104741209,-22.7160452964241,-65.9684594891813,-48.4282445501178,-35.6873793254604,-69.9364522343011,-39.6981738737949,-24.8073935216611
27-Jan-2025 11:16:14,163,44,0.0298304653416077,0.42466247677803,0.0134387696782748,0.00710697304457426,-0.0576562697688738,0.253663935263952,0.965546401341756,-82.6070475868497,-61.6373430463767,-33.3832646030929,-93.7216851971754,-109.698254621937,-68.8914873819111,-147.391955151017,-100.015992071609,-57.535405641109
27-Jan-2025 11:17:20,242,45,-0.0451724869509538,0.390393926699956,0.0955934156974157,-0.130207766095797,-0.0159444025407235,-0.138712754845619,0.981606090068817,-99.9704006644217,-121.182457141739,-65.7857563317744,-56.8977918517101,-51.4694218744812,-36.480631057063,-46.0167086500292,-42.9776888959363,-29.089773042301
27-Jan-2025 11:17:35,257,46,0.0783619110782941,0.429310347636541,0.036459731310606,-0.0110427912945549,-0.0613384333749612,0.398566130797068,0.915017573038737,-29.6363933713308,-27.6131054559687,-20.2595124530395,-78.3460299380248,-86.2110533284206,-55.1098787481829,-169.32284037988,-131.028783525643,-74.3737523213046
27-Jan-2025 11:18:24,51,47,-0.0161528805891673,0.407979530096054,0.00537031165634592,0.0603344524900119,0.00839428218702475,-0.0892024154464404,0.994149005413055,-93.0753430946316,-68.5168194206815,-41.1259162421376,-103.280657514861,-111.67725723468,-69.0818401919943,-77.906307393975,-67.7292324471686,-44.1853157428235
27-Jan-2025 11:18:39,199,48,-0.0677155102292697,0.420539130767186,0.122930968801181,-0.106289462248484,0.0229158954073985,-0.0767551491657893,0.991103378931681,-108.611132942096,-170.479344990552,-90.4720511361887,-74.3586555765796,-35.3015196256004,-29.2588434965705,-76.7932139607789,-33.7382014478053,-25.5546723522576
27-Jan-2025 11:19:25,125,49,0.0611321104069551,0.405571512381236,0.0406079282363256,0.0685225983460744,0.0120905353998144,0.130155889193217,0.989049033323924,-61.9358691044752,-65.8093288953317,-43.4835096320629,-85.2169820207477,-67.8507778643639,-45.5170955014069,-104.567982359229,-124.186770650063,-73.9488195738783
27-Jan-2025 11:19:40,232,50,-0.0844957629839579,0.424020568529765,0.123589727282524,-0.168394906322161,0.073668247461319,-0.0985245009263356,0.978012681007385,-118.341505300703,-184.400279980316,-102.811492606224,-64.9978548736852,-85.4566282140615,-54.3525281079243,-50.6122755180792,-26.4302000846923,-25.1030417228614
27-Jan-2025 11:20:41,378,51,-0.0498831135531267,0.391820242007573,0.0918601428469022,-0.0405063057939212,-0.0165731098502874,-0.0994484767317772,0.994079772631327,-84.2338217635627,-139.619548506591,-76.2476772725733,-67.7989952070543,-57.4046948133467,-41.4966899817636,-49.5659108882146,-43.962292862077,-28.7198365532687
27-Jan-2025 11:20:56,171,52,0.088894851009051,0.417154908180237,0.0190377789239089,-0.022474421436588,-0.0821833511193593,0.212937717636426,0.973343841234843,-56.4987430814914,-48.2489469750761,-32.2083243324774,-68.0260023575739,-103.961723545557,-66.4211521735307,-119.922766004254,-156.523457393884,-86.6463666448339
27-Jan-2025 11:21:43,14,53,0.035702795535326,0.38799921075503,0.0538505723079046,-0.173128612836202,-0.0528330606718858,0.113823658227921,0.976872249444326,-81.1078976051717,-58.0708743611728,-32.2864650821785,-36.9718825577135,-55.5304053094941,-37.7944591976445,-93.2158336214997,-90.1759363895702,-53.4018822185818
27-Jan-2025 11:21:56,372,54,0.0026112904616942,0.401436070601145,0.0674481585621834,0.107563341657321,0.0109291444222132,0.0874464794993401,0.990284709135691,-62.3694239618775,-108.106516728146,-58.3633569850899,-92.6770236592562,-38.4233579717081,-30.300006248176,-97.9810369597295,-86.0488421178265,-52.3974058021345
27-Jan-2025 11:22:33,370,55,-0.0513180466989676,0.417698490619659,0.0742865314086278,0.00775417691717545,-0.0271583425501982,-0.119850408534209,0.992390151818593,-109.099918789554,-142.431348832707,-81.4082835664219,-103.453012172209,-85.6938289809983,-55.7536468246188,-76.8181028493778,-38.0592957289312,-41.2411926463641
27-Jan-2025 11:22:48,144,56,-0.0165221848835548,0.424699620405833,-0.0286076910793781,0.242731122175852,0.0707205990950266,-0.19950020412604,0.946720596154531,-85.2440373121288,-34.5254901726722,-26.290388962513,-146.451270019454,-132.990101228453,-78.2368176744547,-63.1140455108166,-80.2621079859945,-61.1776335010044
27-Jan-2025 11:23:10,104,57,-0.0525763178865115,0.422445380687714,0.0290325353542964,-0.000638337734077747,0.0481100353101889,-0.268067896366119,0.962197597821554,-127.557234448061,-103.968058264372,-57.6952186537443,-115.740712028081,-116.809291455572,-65.8104057047683,-28.3503905406853,-25.4784230369861,-24.8348614266944
27-Jan-2025 11:23:25,315,58,0.0635936041673024,0.401373745997747,0.0692973737915357,-0.0495009941359361,0.0202019061893225,0.242762785156568,0.96861119667689,-60.3688008792292,-86.0773288516508,-47.3499844867025,-44.7202903654194,-8.71892650013637,-10.3653537663696,-115.894966819204,-120.790649659278,-71.0911052771592
27-Jan-2025 11:24:16,205,59,0.00334436149957279,0.399276345968246,0.079854199786981,-0.108489394187927,-0.0115520469844341,-0.0414448127150536,0.993166136741638,-100.888203452846,-105.062942316402,-66.2066802931377,-67.7694721846083,-56.9300429290368,-40.0250246905656,-78.4795638501351,-92.333442769207,-57.9716532835898
27-Jan-2025 11:24:30,226,60,-0.0412255860865116,0.398808032274246,-0.0473283054927985,0.213859780629476,-0.0191031377762556,-0.0512580037117004,0.975331513086955,-25.9512610786847,-27.7827900957399,-26.2349408367561,-99.5061448327061,-138.924125957954,-79.6904028589736,-55.5984903226745,-17.1975852884639,-19.0720611971677
27-Jan-2025 11:25:09,274,61,-0.0405981836219629,0.42193075021108,0.0183623493959506,-0.0092340341458718,0.0117107702419162,-0.0314651196201642,0.999393622080485,-108.875869041275,-106.954022833296,-67.664082877616,-101.131472036194,-139.606582921703,-83.3452688307735,-98.105621713521,-21.499735125953,-42.7892929766974
27-Jan-2025 11:25:23,37,62,0.0132357185706496,0.417419163386027,-0.0115940156082312,0.278401935100555,0.0202527886877457,-0.0095568273216486,0.960203417142232,-16.524884401498,-20.9646202954459,-23.7464814121407,-134.925833936403,-114.125486078065,-69.6818202124043,-90.0577014683731,-83.7203000350827,-72.9766752347119
27-Jan-2025 11:25:47,350,63,0.0281772801031669,0.40168301264445,0.0829643934965134,-0.222469580173492,-0.0276252424965302,0.070411933461825,0.972001194953918,-105.406582549852,-86.7195197316477,-51.416428542621,-39.6245878750948,-28.8488076138692,-23.0960343016074,-100.067035642947,-92.7617715940384,-63.0637240209208
27-Jan-2025 11:26:01,378,64,-0.0221960322310527,0.375896151860555,0.0669630433122317,-0.116812102993329,-0.0293360320230325,-0.229697117209435,0.965781303246816,-92.9879691519875,-64.4178876437147,-37.2281734966297,-55.3705821778175,1.52558240637902,-4.87140028945843,-16.8106468058658,-33.254927674949,-30.2728630593513
27-Jan-2025 11:26:52,39,65,0.00714208194985986,0.388844060897827,0.0313504233956337,-0.0308969924847285,-0.0018981623230502,-0.0989563450217247,0.994610222180684,-87.0147142952305,-62.2899050029268,-32.9033879716573,-74.593331653836,-73.0784866623881,-44.4926685737249,-60.8201266056477,-68.7491536771132,-50.4585896530312
27-Jan-2025 11:27:05,339,66,-0.0299355082213879,0.393609241644541,-0.0226775050163269,0.307413695255915,0.0082086989035209,-0.146994812289874,0.940117971102397,-42.9708164326388,-56.8173828040849,-29.6198746523522,-122.299875238581,-103.222601456967,-59.0174737511302,-33.6332875177977,-37.2428874656428,-34.1582043274118
27-Jan-2025 11:27:30,364,67,-0.0209132046749194,0.381738046805064,0.0892582729458809,-0.196162491043409,0.0566892432669799,0.0842198704679807,0.975301826000214,-83.6530952031888,-96.5870811217812,-47.0139205407517,8.83057329536237,4.31303703893207,-1.83636520996221,-79.2631475152452,-27.6258328292379,-19.6585776373484
27-Jan-2025 11:27:45,5,68,0.0413873359560967,0.408816349506378,0.0305677246302366,0.0150558158755302,-0.00556303970515728,0.0577724330127239,0.998200746377309,-84.585224817174,-49.9995930700498,-26.9394783269805,-88.6722549773297,-80.7491841120211,-47.5867775975333,-100.019500748418,-113.921535993598,-66.025731031623
27-Jan-2025 11:28:18,210,69,-0.00417978931218386,0.397195247809092,-0.0040060224942863,0.253751417001088,-0.0353914111852646,0.0839473853508631,0.962969609101613,-27.1679315855877,-12.9241776322428,-6.25436782182098,-108.834702859833,-97.864564171216,-52.2983218294898,-88.2068730479348,-57.3814493615899,-16.1081368786568
27-Jan-2025 11:28:31,261,70,0.0504637514551481,0.418122945229212,0.0309187867989143,0.162638562917709,0.020559303338329,0.288553593556086,0.943324987093608,-36.7873937154279,-22.5015654021497,-12.0008004837651,-99.4502507697496,-76.8072329517783,-42.7273949967616,-141.960322347912,-109.612868056093,-43.1815850028989
27-Jan-2025 11:28:55,155,71,0.0130350193629662,0.381690688927968,0.0792412638664246,-0.0876709515849749,0.0364507327477137,0.194207501411438,0.976354734102885,-56.3097180639818,-88.0076125333843,-42.6407965132546,-28.7128221726569,6.82167379278175,2.08695741733868,-92.3764149613038,-73.1242607992854,-29.6491798130143
27-Jan-2025 11:29:07,260,72,0.0517393360535304,0.405111539363861,0.062241371969382,-0.15457587937514,-0.0392896883189678,0.248733779788017,0.955350168546041,-80.7277888456559,-71.5647033006609,-33.7030584479961,19.3794088605126,13.984508281749,6.38465811071903,-126.655187541278,-109.984874379375,-47.3632031541625
27-Jan-2025 11:29:40,306,73,-0.0200669017930826,0.375578800837199,0.00192867674243947,0.146813971797625,0.0240502819418907,-0.138293392459551,0.97915381193161,-50.6301456283529,-12.430358521895,-7.19568042375586,-86.2656721471006,-82.4360248825545,-43.2419670837291,-33.5806645768392,-19.1702422858834,-27.7406444598826
27-Jan-2025 11:29:55,231,74,-0.0429324813187122,0.408161622285843,0.0644275978207588,0.140516000986099,-0.0513284499446551,-0.228803192575773,0.96190942923228,-97.7516119526747,-112.112080329519,-58.0494489362929,-122.309084232024,-62.568623128635,-34.3211738154945,-48.5528639879671,-27.0672073971098,-32.7020346242209
27-Jan-2025 11:30:56,253,75,0.0273949054380258,0.408242223660151,0.0143504980330666,0.0588888222972552,-0.0398583466808001,0.196162602305412,0.977989614009857,-64.146073674691,-66.0257179390086,-42.2591634187141,-87.0876920569162,-107.577405572629,-59.5817428387451,-120.327093489815,-91.2472027601718,-61.0949094770903
27-Jan-2025 11:31:10,112,76,-0.00349647194767992,0.421815538406372,0.114957751830419,-0.12829350233078,0.0671636824806531,0.17121926744779,0.974532250563304,-100.833267355286,-149.084853770595,-85.1254636927915,-48.7484943567534,-16.4076069613222,-15.3335758913759,-127.247197783355,-96.8474131939995,-65.2317470522883
27-Jan-2025 11:32:05,336,77,-0.0250744832058748,0.387486600875855,-0.0231404561549425,0.281125716368357,-0.019395221521457,-0.0762973224123319,0.956436578432719,-14.7144721789407,-49.6429225555087,-28.5253192752932,-108.453877597067,-109.378282237795,-54.5663757814456,-45.6811474293257,-40.5842484567552,-31.4584766205416
27-Jan-2025 11:32:20,171,78,0.0774428953727086,0.420400925477346,0.068187207976977,0.0355052813887596,0.0391490812102954,0.282097458839417,0.957928756872813,-59.2032633894086,-91.3196194453391,-51.8918709867706,-79.0767879401035,-21.5093207181884,-13.1600982882043,-139.512739102516,-138.405474189885,-82.8972927536688
27-Jan-2025 11:32:43,253,79,0.0222072534263134,0.41542405684789,0.00587952602654696,0.185477836926778,-0.0265208667765061,0.230189759532611,0.954938248793284,-43.2116314050631,-25.1920167455225,-15.8211432111407,-109.580044828836,-104.017680743039,-54.0331724058022,-130.291292117494,-87.5636393180761,-51.8631942654581
27-Jan-2025 11:32:59,334,80,-0.0229201215008895,0.384863471984863,0.0988608891765277,-0.171747895081838,0.0230626934518417,-0.0122929671779275,0.984794183572133,-86.258140497625,-115.865565136526,-59.3794914850631,5.22938916724218,5.1969996336958,2.35259370414485,-62.1958350902661,-58.2874343240441,-35.4466658468625
27-Jan-2025 11:33:55,109,81,0.0718449011445045,0.427581880489985,0.0439904108643532,0.0288469811280568,0.00362525658371548,0.233530561129252,0.97191473642985,-77.0656804338026,-74.9635237608294,-42.613028902936,-94.2851190652604,-73.7668239949807,-50.2267864813623,-142.294247367103,-139.197277228887,-82.5580180917133
27-Jan-2025 11:34:11,161,82,-0.0507749579846859,0.366530603170395,0.0319241911172867,0.194826808571816,-0.0588714122772217,-0.0623807907104492,0.97707990805308,-18.0006791122031,-79.9110122683019,-42.4698003733793,-74.0866051038963,-60.8091033768754,-41.1309533890168,-19.5862523331032,-5.51208020716854,-13.0984467975614
27-Jan-2025 11:34:35,222,83,0.0711989690860113,0.383815348148346,0.0554710944493612,-0.106297355393569,-0.0578435341517131,0.194174879789352,0.973473751544952,-53.0334373425998,-33.8482910711294,-18.6089481279947,-27.1058084283384,-27.6290585982276,-19.7178944856178,-94.8111329795071,-104.867839366582,-57.5452710738233
27-Jan-2025 11:34:49,178,84,-0.00245889705450584,0.410735698541005,0.0393816240131855,0.0241522168119748,-0.00221167292135457,-0.163468877474467,0.986250309149424,-109.920860086599,-64.246405646831,-35.4649785359312,-109.868203097796,-33.6898599279663,-24.4052682705729,-70.8642944719505,-75.4938089068944,-44.5152289640654
27-Jan-2025 11:35:36,37,85,-0.0273004531860352,0.415655014912287,0.00908155490954717,0.195625959833463,-0.0355809832612673,-0.0329028072456519,0.979480441411336,-79.1847300835861,-90.2871179703856,-53.8627219100493,-126.686653588067,-114.223958623682,-69.3654323971329,-91.3007356182073,-60.0005942298026,-41.6702270095369
27-Jan-2025 11:35:49,298,86,0.0766488845149676,0.382322311401367,0.0386007102827231,0.0408178898195426,0.000202029672315499,0.137264208992322,0.989692882696788,-9.88069841222364,-16.2216707372291,-14.6999940878157,-51.3768813848763,-54.9754738140284,-37.611185786651,-75.8158174362926,-118.452739767188,-68.766295572574
27-Jan-2025 11:36:37,14,87,-0.0400844847162565,0.377539620796839,0.0434512374301751,-0.0518905587494373,0.0235227520267169,-0.110113840301832,0.99228477080663,-76.3968856609902,-93.9009585966907,-48.2491113398576,-58.9595400887768,-84.8615847313123,-52.8465783507848,-41.3538862585898,-38.0157286130226,-29.5443724036409
27-Jan-2025 11:36:51,172,88,0.0877987926204999,0.401379652818044,0.0500413827598095,0.00557042472064495,-0.0152078274637461,0.265566996733348,0.96395624478658,-44.5774012242406,-16.1535205591797,-11.2688301918244,-57.8437523035395,-26.5259348251216,-25.5721912684117,-115.424463860545,-124.310489351243,-74.5851906434736
27-Jan-2025 11:37:15,15,89,-0.0444952244559924,0.370033182700475,0.0582589988907178,-0.0506005066136519,-1.8598673887027e-05,-0.133599815766017,0.989742728074392,-69.6656384183642,-91.9843104108816,-47.1499123089508,-48.4303122780341,-63.5916158105286,-37.5121508439812,-15.5508697486562,-24.3922008413303,-18.7977881227118
27-Jan-2025 11:37:31,391,90,0.08333677003781,0.427774413426717,0.0496449366211891,0.00579714129368464,-0.0235979216794173,0.144649137059848,0.989184617996216,-86.0242723145243,-38.6737119602535,-22.5050653189375,-92.4430770303557,-37.4370956769635,-26.4453430124994,-122.938018306898,-152.332813061879,-84.7785464682871
27-Jan-2025 11:37:54,209,91,0.0620172200103601,0.409658722082774,0.0571062174936136,-0.145092219114304,-0.0692611152927081,0.281656954685847,0.945949510733287,-75.8088190369297,-18.1791668453611,-11.4758740629014,-43.5218128008523,-36.4284948128926,-24.5298398276693,-136.483672216435,-115.266486099483,-59.0664915599586
27-Jan-2025 11:38:09,364,92,-0.0150692503278454,0.381731834014257,0.0052762637535731,0.259247002998988,0.0149213168770075,-0.14300035238266,0.955049324035645,-43.4444566704507,-15.798265055075,-10.0473329887298,-107.119338800939,-67.8789400220461,-40.0169722532174,-35.8264773307085,-50.1454250547782,-26.2678708585778
27-Jan-2025 11:38:44,154,93,-0.0206313436230024,0.41371776064237,-0.00906429023792346,0.191056681672732,0.0178511322786411,-0.114119426906109,0.97475920120875,-82.0910972384015,-48.760423512456,-42.1126822620067,-126.694334916034,-121.446485514187,-69.5453730167719,-74.1679150933345,-66.9480832998041,-43.379983661407
27-Jan-2025 11:39:00,354,94,-0.0231146868318319,0.389964824914932,0.0947395587960879,-0.221168636282285,0.0312338996678591,-0.0162496854861577,0.974599381287893,-101.29711705985,-100.783104334673,-66.5943143845655,-5.44839758936772,0.824784423760727,-6.88002975924859,-69.41317058887,-51.0474762174032,-33.899971831657
27-Jan-2025 11:40:04,103,95,0.0478317459424337,0.41901690363884,0.0507142121593157,-0.0987980256477992,-0.0335566846032937,-0.0242911083002885,0.994244905312856,-114.558418127105,-75.5484993789676,-42.9155653353178,-86.9485425727821,-72.0929346458685,-46.6701217091165,-100.403298950968,-128.954062773089,-74.4050753559697
27-Jan-2025 11:40:18,364,96,-0.0175781471033891,0.387241264184316,-0.0313974503427744,0.193363712231318,-0.00303759090602398,-0.0353199757635593,0.980486158529917,-23.9535167287069,-40.2468567355552,-25.4902075302542,-89.474665323983,-117.384780330414,-69.5415080680318,-51.9291924580004,-55.021136255893,-37.6640756140143
27-Jan-2025 11:41:17,358,97,0.0384097933769226,0.41699395775795,0.00121154554653913,0.111040446162224,-0.0310906118402878,0.15907443066438,0.980509463946025,-64.9047693111759,-61.51009582794,-40.3071042412241,-100.811448929577,-122.070643421891,-73.7035562717726,-119.972318112714,-116.372483011337,-71.5191545654466
27-Jan-2025 11:41:32,160,98,-0.0654537126421928,0.423306866486867,0.0456441558897495,0.125539162755013,-0.0417922106881936,-0.216770641009013,0.967214477062225,-107.918843370785,-124.21605411301,-71.2088131293576,-131.773073848368,-103.537219301532,-63.9855739571915,-36.995001066347,-7.15238579256973,-16.4578357016613
27-Jan-2025 11:42:34,251,99,-0.0464677654206753,0.383375869194667,0.02902393899858,-0.0399909841517607,0.0305164013057947,-0.0897363126277924,0.994694379965464,-73.9880228462675,-92.0942215347376,-49.1576364042671,-59.6998016064571,-109.837065322282,-62.5871562782244,-46.312834523054,-39.1274446082859,-31.164668878031
27-Jan-2025 11:42:47,228,100,-0.0539912325640519,0.404074867566427,0.108366571863492,-0.308031151692073,0.0358193258444468,-0.200275959571203,0.929361796379089,-138.470035021118,-125.015823078482,-65.5618633351107,-37.4759175914369,-45.5916820621175,-30.4078908071137,-43.774451105014,-40.5432675593404,-31.8160065125298
27-Jan-2025 11:44:01,358,1,0.00211277992154161,0.324117791652679,0.0425258589287599,-0.00379518702005347,-0.00832766449699799,-0.0092401709407568,0.999915472666423,-10.575,-18.1499999999999,-5.92500000000001,-10.5,-14.4,-6.37500000000001,-8.02500000000001,-8.77500000000001,-10.275
27-Jan-2025 11:44:12,86,2,-0.00343124754726887,0.327114542325338,0.0451522553960482,0.00400923807173967,-0.00556286107748747,-0.0284604546924432,0.99957142273585,-15.9050199512994,-23.6818208472603,-8.6077513344426,-15.8574001432905,-14.034046528264,-6.10886639079409,-6.8607467489219,-7.94339053494421,-9.77603432096651
27-Jan-2025 11:44:54,2,3,-3.59116900881418e-05,0.336660538117091,0.0419739812612534,0.0024427950847894,-0.00838928663482269,0.00530108114083608,0.999947794278463,-23.1687432747339,-27.5430220038927,-12.5857766591487,-22.4684345321064,-24.3021733197895,-11.640359407816,-24.1953572155272,-15.8550971378464,-12.4980582827078
27-Jan-2025 11:45:06,353,4,0.0287814927597841,0.331314647197723,0.0476160508890947,-0.0480410610636075,-0.0132840874915322,0.0722120389342308,0.996143058935801,-13.3639537687878,-13.1400828616489,-4.65195717930845,-2.09694456635609,-14.0442461188257,-5.77904767129548,-27.6079414590368,-32.4392356946362,-20.05777616653
27-Jan-2025 11:45:28,95,5,-0.0177380995204051,0.327937930822372,0.0388901799917221,-0.000401331713267912,0.00291221590402226,-0.157476942737897,0.987518334388733,-29.0774384341124,-19.6751462887993,-7.70265808267974,-22.9788485426924,-18.8096763017502,-8.2824408159525,17.4577688836943,6.59304920263884,2.25332952158329
27-Jan-2025 11:45:40,98,6,-0.0079296367863814,0.343896285692851,0.0302766166627407,0.105458084245523,-0.00822992368290822,-0.0811707302927971,0.991071244080861,-24.2112259576424,-26.9945941193229,-13.3558978855308,-48.67278879387,-31.1949366933065,-16.4685839448536,-14.806930649611,-13.3421344374933,-9.70778066249601
27-Jan-2025 11:46:21,257,7,0.00199154593671362,0.35031444032987,0.0220716236780087,0.167007745305697,-0.0193757714082797,0.0368570300439994,0.985075942675273,-11.6099599091269,-30.3067967309589,-3.12650219023459,-55.8612773580644,-39.4075852810353,-23.1456616596704,-39.5486015228577,-23.459035888602,-17.1916715331612
27-Jan-2025 11:46:34,122,8,0.0385039163132509,0.353485182921092,0.0559559288124243,-0.0524723470211029,-0.027296261365215,0.0451145889858405,0.997229305903117,-36.0422239756003,-49.0456343278741,-12.5465259741083,-21.1930653378131,-12.2934621892922,-9.63920231357535,-42.3559055031978,-72.009779457947,-41.5176506381639
27-Jan-2025 11:47:23,331,9,0.00562521771838268,0.362041352192561,0.0352309440573057,0.113751271863778,-0.00315258282547196,0.0759843563040098,0.990594335397085,-26.4816337696111,-43.0183643412573,-19.5346462881161,-58.6689930119339,-40.5829434428473,-22.8263285657081,-58.7307896347407,-35.3048671230294,-25.6599140704581
27-Jan-2025 11:47:36,354,10,-0.0421579470237096,0.354877545436223,0.0831891377766927,-0.129297343889872,0.0230314104507367,-0.0787470509608587,0.988205623626709,-57.105861949324,-95.1570703522074,-44.299414473822,-16.6025271469641,-47.5683170550961,-25.0144305520633,-9.67523022790875,-3.74770689174279,-8.57674913504564
27-Jan-2025 11:48:24,379,11,-0.00944863675783078,0.36798540353775,0.0166885420680046,-0.028597167879343,0.00245559356796245,0.00700172570844491,0.99956351518631,-56.0248422627512,-49.185812255764,-11.8586594932805,-46.6964510130607,-77.0643143850516,-45.1526157847213,-54.299186048188,-32.4519163185447,-26.0702122911266
27-Jan-2025 11:48:37,157,12,-0.0151054297884305,0.367524933815002,-0.0115406361718973,0.162799245119095,0.0238686562826236,-0.110652768115203,0.98014421860377,-35.5638906974812,-34.5489275377934,-4.26948909275165,-76.8469260207819,-87.5215412064062,-50.1105011538551,-2.89185331604486,-39.4133699720316,-29.2802110763265
27-Jan-2025 11:49:21,321,13,-0.0162321229775747,0.37838613986969,0.0489429980516434,0.10580487549305,-0.0113844523206353,-0.174667969346046,0.978860008716583,-67.0538475884334,-74.2860939248178,-37.5513904627863,-87.4785866254319,-50.5916577690368,-30.6940338616927,-33.0835507138218,-41.8463808475394,-34.0457768781029
27-Jan-2025 11:49:34,63,14,-0.0181327888121208,0.3676438331604,0.0885345786809921,-0.23702500462532,-0.0195869393646717,-0.177896137038867,0.954876037438711,-96.3866732529383,-74.1128211985892,-35.6592591801902,-18.4109942563134,-26.8356943269296,-17.0105572211574,-16.8320042741754,-35.8252748968525,-29.2297289832778
27-Jan-2025 11:50:18,251,15,-0.0174089615543683,0.360438477993011,0.0601667866110802,-0.250503389040629,0.0064580701602002,-0.198765238126119,0.947469659646352,-96.1730113519822,-48.373575664127,-17.5243459047951,-20.23871447971,-31.6242410419472,-20.232118195502,-16.640467473828,-23.3511372338192,-15.9827407373471
27-Jan-2025 11:50:30,280,16,-0.0165197799603144,0.368366040786107,0.0675511966149012,-0.166433269778887,0.000995250065655758,-0.133615519603093,0.976957472165426,-83.478668387559,-73.0709022692848,-30.3058245119846,-35.1978135485192,-38.9609167788464,-24.3332713685621,-33.1211771283271,-38.4081130688411,-23.9440439594686
27-Jan-2025 11:50:52,35,17,-0.0173255871981382,0.370339530706406,-0.0114499428619941,0.153266068299611,-0.0488502559562524,0.0681361019611359,0.984622077147166,-15.2797719963289,-23.6828112742752,-8.21043983853161,-66.0271600683418,-94.9322117742264,-49.3763687528043,-58.5288188934527,-4.58950983475033,-4.93608871335016
27-Jan-2025 11:51:05,213,18,0.0246273086716731,0.357405092318853,0.0309284426271915,-0.0495481727023919,-0.0336955676476161,0.108613070845604,0.992276581128438,-35.6764758646361,-2.93493020978825,2.04335828037701,-24.1381177115717,-52.4222721347026,-28.2415413463772,-57.881078677658,-53.5733803155693,-29.5481663670945
27-Jan-2025 11:52:02,356,19,-0.0118224775418639,0.369661659002304,0.04519940863053,-0.0687967419624329,-0.0048915200556318,-0.206109893321991,0.976095207532247,-84.5242733372762,-47.5516346148108,-22.3708215416521,-58.860788518925,-44.0948485166907,-25.9630516881387,-23.7675935645355,-34.9698620122484,-25.2910776083894
27-Jan-2025 11:52:15,106,20,0.0421015766759714,0.361252075433731,0.0552171198030313,-0.0372379392385483,-0.00211843495878081,0.150575769941012,0.987894550959269,-30.5637205081599,-58.4063345532359,-28.0638827621482,-8.94043445805637,-46.7519610295259,-27.5573191958398,-66.2117669787076,-80.85752984492,-48.5006227760087
27-Jan-2025 11:52:37,94,21,-0.0373050905764103,0.375730041662852,0.0454264856874943,-0.049160955597957,0.00498846735184391,-0.186074272791545,0.981292176246643,-83.3681139366762,-80.3609099437559,-39.1536341294201,-62.2281435832158,-72.9425481834595,-38.1047737104438,5.78944493121302,2.96852790845573,-2.61947895805153
27-Jan-2025 11:52:52,336,22,0.0281445253640413,0.390705488125483,0.0235893877844016,-0.0426943848530451,-0.0367518745362759,0.115680081148942,0.99168777068456,-67.3059068166506,-23.6887202830628,-12.7671530682752,-55.8919814620652,-89.2777328218562,-48.2219797988439,-92.5484157404525,-83.4010656515444,-47.7538895072533
27-Jan-2025 11:53:34,199,23,0.0355803869664669,0.387184488773346,0.0739041770497958,-0.118359824021657,-0.0260367915034294,0.117850005129973,0.985608673095703,-73.654642593741,-82.7168343859375,-41.3098928280247,-41.4651420512171,-47.0510908450957,-8.38219015158822,-89.2492644061848,-93.2450808003869,-57.576790483346
27-Jan-2025 11:53:46,61,24,0.0304427356769641,0.388914750019709,0.0403615308304628,0.0973907694220543,0.00131766429015746,0.0579899149636428,0.993554437160492,-53.2063257262533,-62.0120083202773,-32.018309392494,-80.7787714756532,-57.6593868180897,-14.7471677353846,-76.8287606781439,-80.9989072710096,-52.5145333159568
27-Jan-2025 11:54:33,93,25,0.0158675589909156,0.393302321434021,0.053642492989699,-0.0863613153497378,-0.01630841071407,0.147763567169507,0.985110012690226,-77.801935320607,-68.7805010999275,-37.9294234693042,-57.6395207508361,-57.1349850746595,-35.6217588670605,-103.533201945348,-70.2671357279829,-43.6116205781082
27-Jan-2025 11:54:46,264,26,-0.0037412796014299,0.391519190867742,-0.00334708184624712,0.198819048206011,-0.0434261021514734,0.109155515829722,0.972969770431519,-34.9995157988773,-32.9763918084687,-20.6663097705424,-94.1683717927901,-92.6727323406393,-54.029573447018,-84.1216941889466,-55.2001401238173,-36.717063722993
27-Jan-2025 11:55:21,226,27,-0.0124535093083978,0.384845679998398,0.00907121257235607,0.280133682489395,0.00357793263780574,-0.130376253525416,0.951059607664744,-43.9712781273302,-46.8955460439981,-26.1354465125483,-113.704004225775,-68.9454458717753,-39.5929519950307,-43.2916947572381,-43.707814957748,-31.3985134375394
27-Jan-2025 11:55:34,117,28,0.0356908480326335,0.378805418809255,0.0469399280846119,0.0128257885575294,-0.00567204222703973,0.101986939708392,0.99468682607015,-52.14000172739,-10.1068874832443,-6.38554496228943,-56.164294878972,-37.6756760288167,-22.6024948036695,-78.9222651853721,-71.8473740604537,-44.1127207190103
27-Jan-2025 11:55:57,249,29,0.0700667724013329,0.40767603913943,0.0452473819255829,0.0773201391100884,0.0283278296391169,0.339314126968384,0.937061874071757,-18.4142579710924,-14.0168956320599,-8.21159636373569,-74.0853691347747,-40.1336810552047,-22.0362757230037,-139.196285031446,-107.83431078979,-60.1987627473868
27-Jan-2025 11:56:12,287,30,-0.0456089665492376,0.372443920373917,0.0360919858018557,0.0372246603171031,-0.00117349576515456,-0.135722688833872,0.9900466243426,-62.259923822679,-77.1873891450415,-38.1091284188283,-63.7434505967504,-76.981968201658,-38.7727045948321,-13.7530384828107,-7.06905075918725,-8.12841803068725
27-Jan-2025 11:57:08,113,31,0.017841840411226,0.385586500167847,0.058507347603639,0.000794150532844166,-0.00612274895732602,-0.0144087854151924,0.999877158800761,-71.5764619755323,-79.164902749329,-44.7271686072045,-70.3871454375847,-51.2402344200344,-36.2854866298034,-68.837978600162,-83.1517434766175,-51.5848109439698
27-Jan-2025 11:57:22,165,32,-0.0355541090170542,0.41414893468221,-0.0408862978219986,0.343799515565236,0.0580567054450512,-0.165794225533803,0.922464501857758,-32.2236443292206,-25.7662665548631,-17.7177536167109,-143.536364102394,-131.249769236918,-75.9801571449848,-17.4537349992893,-5.52886196677839,-12.4632732957896
27-Jan-2025 11:58:04,145,33,0.0377379737794399,0.389293464024862,0.0208366051316261,0.0313949373861154,-0.0279771961271763,0.190141958991687,0.980855611960093,-46.682465439358,-55.3753704027713,-29.4732522557009,-63.5620633187647,-89.2298618929269,-53.6983329578003,-100.935961189988,-85.6089570223454,-58.3846491227764
27-Jan-2025 11:58:17,313,34,0.0201055145512025,0.38521574139595,0.07497878074646,-0.0172975979745388,-0.0101251991465688,0.028296959027648,0.999398605028788,-65.7671625114741,-90.477351535966,-44.3345896134206,-58.1765960957593,-33.5307581356792,-23.1591278702987,-69.7029183345711,-88.1171560015608,-56.9490954035064
27-Jan-2025 11:59:00,55,35,-0.0224475800991058,0.410306330521901,-0.0148207683116198,0.373001448313395,-0.0245324869950612,-0.0855618258317312,0.923551432291667,-48.966153804409,-64.8208274513684,-36.8978091375514,-145.451770287887,-107.076709213686,-64.8246763606198,-70.7966101508504,-37.7469143347725,-39.7081469286257
27-Jan-2025 11:59:16,361,36,-0.0329303828378518,0.393081327279409,0.106100816031297,-0.193763561050097,0.0296802521993717,-0.0152285354211926,0.980480933189392,-97.6017387243747,-121.976782858087,-64.2439098809992,-1.70848031845818,-20.391082994194,-20.2499862909619,-69.2632671557477,-34.8597224479747,-37.0326740253151
27-Jan-2025 12:00:02,116,37,-0.0126255419105291,0.380680020650228,0.0180226556956768,0.0996341039737066,0.0150217299039165,-0.13644972940286,0.985509479045868,-65.7350188508131,-57.7313774427383,-29.0193061607613,-87.1590995944113,-73.9458625126294,-48.3635207300606,-42.5303275079225,-43.2073161489366,-35.4809152592749
27-Jan-2025 12:00:15,200,38,-0.00260675644191603,0.394769539435705,0.0303167148182789,-0.0522066096464793,0.00344260220105449,-0.00395258787708978,0.998622584342957,-87.0465166696961,-69.0226142430818,-35.91868443144,-69.5098517177964,-85.6503346154936,-55.4695166519996,-81.4346041002598,-57.0107732047939,-43.6364036577105
27-Jan-2025 12:00:52,314,39,-0.0239843369772037,0.398050667842229,-0.0259468012799819,0.332965846856435,0.00773185842360059,-0.1173006772995,0.935582466920217,-29.0984769070449,-24.3020544128515,-10.6288493233083,-128.563197386884,-110.876520811815,-61.0345774033657,-50.4100524525783,-44.0754102768071,-37.4273396987213
27-Jan-2025 12:01:05,271,40,-0.0495805454750856,0.414755211273829,-0.000688056616733472,0.163845248023669,0.0295593763391177,-0.220667423804601,0.961034107208252,-94.5450071612782,-86.3104336649005,-43.4575112057289,-128.995908867754,-126.638638844631,-70.7401086761698,-44.7627457353567,-24.3373455948132,-29.3827796141204
27-Jan-2025 12:01:29,60,41,-0.0145062082136671,0.390684342384338,-0.00433966675773263,0.275637767712275,-0.03544673944513,0.0109924059982101,0.960544915994008,-14.7697745032626,-23.8998132273682,-11.5688601301317,-108.421099697885,-91.4276405419861,-50.3920300911271,-70.722067370991,-14.1966618027701,-15.6231832102783
27-Jan-2025 12:01:45,279,42,0.00856181994701425,0.426589804887772,0.092739707728227,-0.313962278763453,-0.0274077787995338,0.00536065691461166,0.949022750059764,-147.644007696998,-117.138440280875,-58.5063992135576,-39.6253519630702,-13.8451831500078,-11.9190269518104,-114.054398839382,-106.359010259879,-62.0225829955053
27-Jan-2025 12:02:43,52,43,-0.00237214985924462,0.376943107446035,0.0144489287088315,0.157823158303897,-0.0308955700447162,0.0833263084292412,0.983460267384847,-33.4933104122773,-49.2374373184753,-25.9099569730864,-78.4940393962839,-71.0792131944947,-41.4979819263381,-73.6110289472666,-41.1981863807903,-27.6557734711949
27-Jan-2025 12:02:57,379,44,-0.0512126798431079,0.433837109804153,0.022957693785429,0.169560740391413,0.00879785629610221,-0.306733200947444,0.936528917153676,-123.46056835134,-108.471503411288,-57.0113608896741,-156.240459199153,-117.57950911032,-66.2325007544318,-29.4535286890737,-43.5845808667278,-30.3333415843448
27-Jan-2025 12:03:56,355,45,-0.00444765851522485,0.402495759725571,0.0868774682283402,-0.098304541905721,0.0282202330728372,0.087507526576519,0.9908997853597,-90.3178399926496,-120.943306117305,-69.4637578622236,-63.2844691730269,-62.136573585922,-43.9314689675518,-99.7575897062221,-76.7226869073159,-49.7861618114328
27-Jan-2025 12:04:10,207,46,0.0576632772882779,0.426109590133031,-0.0117841193452477,-0.0220478395620982,-0.112252190709114,0.240981584787369,0.963763809204102,-64.3619243787691,-37.0035855608979,-28.5766518055079,-79.5122932698172,-138.703222389046,-83.2975475906016,-138.232167781407,-138.712423122082,-81.8637841403035
27-Jan-2025 12:05:05,272,47,0.055885657419761,0.422373263041178,0.0567762454350789,-0.174764843781789,-0.0690785666306814,0.266910362243652,0.945221833388011,-99.4262162677937,-73.1454969046423,-45.7981318327629,-58.6092859901369,-78.4069129662479,-46.2018874124737,-149.048298246011,-115.765791112181,-70.1996282843618
27-Jan-2025 12:05:21,391,48,-0.0505506955087185,0.411722075939178,0.0121380242829522,-0.145340158541997,0.0820356264710426,-0.191618659098943,0.96717555920283,-128.027425802187,-77.8559223131144,-47.8796290202216,-82.1649879675138,-127.348420041451,-70.3989254332981,-33.5682016938561,-46.6261032311863,-35.3560688270874
27-Jan-2025 12:06:10,51,49,-0.0301137711852789,0.418432384729385,-0.0199798165510098,0.167317629853884,0.0631411671638489,-0.200913203756015,0.963146901130676,-94.4868580573376,-67.5847834309337,-42.5494951758021,-132.899663724979,-130.626506855441,-79.8193895259085,-61.5724547450414,-64.8228834572986,-43.0142124336278
27-Jan-2025 12:06:25,301,50,0.0776550660530726,0.427855984369914,0.0619875910381476,-0.151548058787982,-0.0632814730207125,0.307397749026616,0.937302009264628,-89.6056824243526,-75.0717009947027,-44.151852505939,-39.6410797506708,-46.5616483007821,-35.6458587968315,-156.422519079256,-133.888757885317,-75.4060481958895
27-Jan-2025 12:07:16,331,51,0.023045182103912,0.398312147458394,0.00704154611254732,0.235191317399343,0.0452851444482803,-0.0304488678773244,0.970415985584259,-48.5114499485792,-57.1570516509181,-32.2635435491711,-113.86574685248,-86.1483210981976,-54.9587034551365,-73.0926021895941,-96.6306339277139,-57.4231608806192
27-Jan-2025 12:07:30,313,52,0.0416829116642475,0.430855999390284,0.0690627912680308,-0.171131208539009,4.91676054214925e-05,0.299475236733754,0.938631097475688,-107.110384971337,-103.030757195302,-57.2879388426102,-42.2242204085707,-51.5265051910372,-39.7353380228034,-161.847600562813,-121.027918643676,-71.7093457598476
27-Jan-2025 12:08:21,77,53,-0.0128907101228833,0.393020737171173,0.0734458381930987,0.0298515525956949,-0.00710660895953576,-0.0431421406567097,0.99859760204951,-76.5826754746816,-110.556248067928,-61.0669331839475,-81.3471720564371,-52.988631504544,-40.2078963568167,-69.443328746634,-74.396259042622,-44.3108443385476
27-Jan-2025 12:08:35,172,54,-0.0296902872622013,0.387512312332789,-0.00877859635899464,0.205411832531293,0.0247641379634539,-0.18132722278436,0.961411603291829,-56.0443829216931,-40.753947884559,-24.1755238288781,-106.486882010615,-90.8682651733839,-57.157453927852,3.09722185309234,-6.67999520592379,-8.46245315681386
27-Jan-2025 12:09:36,6,55,0.0538322888314724,0.414043354988098,0.0183438282459974,0.0933763295412064,-0.0169360132267078,0.198555130759875,0.975484466552734,-59.8290121722853,-63.0074796949802,-39.5019184933816,-94.024196225809,-102.883444373116,-61.9022954231293,-122.714954384598,-122.325528351279,-72.410388225886
27-Jan-2025 12:09:51,131,56,-0.0682810540000598,0.448383110761642,0.119268481930097,-0.254124915599823,0.109167002638181,-0.0446599255005519,0.959952394167582,-156.598863440263,-177.218867862451,-98.8692882862182,-81.3864677704323,-82.3475121249096,-53.8960050081271,-110.389680203512,-42.9350523911967,-34.9768259549459
27-Jan-2025 12:10:42,54,57,0.0339333196481069,0.423795582850774,0.0312115794668595,-0.0106968692193429,-0.0124807723487417,0.00333611909300089,0.99985937277476,-108.266625903382,-80.4822142222859,-53.9754926031984,-103.748666095007,-97.536362336892,-61.7837728192401,-108.470075091895,-122.990619945386,-75.1294107376544
27-Jan-2025 12:10:55,181,58,0.0133849094311396,0.418139030536016,0.0834825331966082,-0.0634156733751297,-0.00144529185102632,0.053468423585097,0.996552789211273,-101.986149216558,-115.760591521169,-72.3032687112656,-83.6252397624102,-37.1799974589714,-32.2941778389053,-109.737043482529,-101.158949143104,-64.9021627951386
27-Jan-2025 12:11:43,229,59,0.0439062150816123,0.400235422452291,0.0285184775789579,-0.0124449882656336,-0.0430954178174337,0.289375166098277,0.956164201100667,-53.2121381016125,-55.2460869457227,-38.5857342023467,-60.7159335237,-80.4854726855732,-50.6585390150402,-127.340275091424,-95.0548708570733,-58.5899763652031
27-Jan-2025 12:11:57,317,60,-0.0558544675509135,0.412575143575668,0.0453882773717244,0.0345480831960837,-0.00302126224463185,-0.2273075679938,0.973205236593882,-111.386805277085,-110.503588172868,-68.3299933833646,-111.69690874934,-96.4366837788608,-60.7496531291293,-41.8809430631599,-44.3445249415058,-35.3503119748646
27-Jan-2025 12:13:10,168,61,-0.0413189987341563,0.405142629146576,0.080929671227932,-0.0740318233768145,-0.0242444520195325,-0.205773219466209,0.975494205951691,-116.392091277954,-118.300602727695,-68.4475957429639,-87.6590594039809,-63.722823482858,-42.0477709553282,-52.6570530734283,-52.9443355135652,-34.3193798102173
27-Jan-2025 12:13:24,214,62,0.00592218662301699,0.419189218680064,0.00728528288503488,0.186773270368576,-0.0596883326768875,0.277890704075495,0.940388039747874,-45.7381120555469,-78.8998890858278,-50.0607415997402,-112.725451944039,-104.593451961242,-63.7965878722304,-141.444952289766,-66.0793622906659,-42.2003958764777
27-Jan-2025 12:14:13,371,63,0.0232508674263954,0.417549258470535,0.0472012142340342,0.0942484041055043,0.00231758570298553,0.188140525420507,0.977606805165609,-75.8729670301126,-84.9932046885992,-57.7687648562627,-103.688744941518,-77.7468137231313,-44.6151106543185,-131.36428168447,-90.4388447662836,-59.4290363029922
27-Jan-2025 12:14:25,360,64,0.0100467297558983,0.401930340131124,0.0726383730769157,-0.0426708581546942,0.0167801722884178,0.207519187529882,0.977155725161235,-70.52140180506,-93.7977802406385,-60.3318223416544,-62.4834638104175,-59.354510816851,-33.5797289105503,-114.630288293744,-68.5219980118557,-46.6313826351502
27-Jan-2025 12:15:04,218,65,-0.0401603768269221,0.416703430811564,0.00110012819059193,0.03175916771094,-0.000432471339202796,-0.0211188338696957,0.999272350470225,-96.1504492569424,-97.5919457993825,-62.7440456427393,-99.8724957362223,-140.531232169298,-78.5859683314908,-92.4428612445257,-24.2882701563585,-41.7984260958991
27-Jan-2025 12:15:18,361,66,-0.0243412469824155,0.40405503710111,0.0929694856206576,-0.184494408965111,0.0308318324387074,0.0303963207950195,0.981879464785258,-105.435915947761,-120.326658936248,-75.4766552193356,-53.5552677928248,-66.1804346823078,-42.7758225961589,-90.4872333357062,-37.263494003637,-49.6512910277019
27-Jan-2025 12:16:16,21,67,-0.00645880674322446,0.386514365673065,-0.00539603553091486,0.149387354652087,0.0113793841873606,-0.0557729857663314,0.987138982613881,-52.7675772063129,-58.2826938010408,-33.4808210643059,-90.6488695951469,-104.712171013197,-62.6942082856796,-56.0770980488247,-58.4626732842523,-49.4114125139761
27-Jan-2025 12:16:30,324,68,-0.0681398083766302,0.435624053080877,-0.0125167599568764,0.290624396006266,-0.024737037345767,-0.183596697449684,0.93872838417689,-86.5457229896841,-109.543255241998,-61.0829164565414,-160.956227066938,-145.688689182851,-85.1542820422638,-32.6654394885684,-26.2529323084718,-35.2783566978428
27-Jan-2025 12:17:23,134,69,-0.0214083310216665,0.372083246707916,0.0107611052691936,-0.0192621885488431,0.0236656780044238,-0.0908546591798464,0.995396582285563,-65.9942408557918,-49.5361724472382,-27.4307930739329,-57.5902443514764,-91.5253909651783,-53.44973550395,-39.9198221429373,-35.2586516766817,-25.0248261134153
27-Jan-2025 12:17:38,92,70,0.0865786910057068,0.416543342669805,0.0414149979750315,0.0889081363876661,0.0301508568227291,0.157015827298164,0.983123771349589,-50.8525919187955,-67.1225232936299,-38.697829039768,-91.5041756926279,-76.9149085307896,-48.6183548293949,-110.337077367338,-153.222674920417,-86.4806982779224
27-Jan-2025 12:18:04,329,71,-0.0585861665507158,0.399485111236572,0.0776664103070895,0.0528083155552546,-0.0649135202169418,-0.150979679822922,0.984988562266032,-83.4809046533501,-134.760452139573,-68.3800822389478,-93.0068101289119,-70.3328017476924,-39.5409324919299,-15.5423027780402,-13.2709612407998,-10.6392260726698
27-Jan-2025 12:18:16,140,72,-0.0543904105822245,0.425896926720937,0.0308453926195701,0.0238097170988719,0.0169420149177313,-0.2786865234375,0.959937353928884,-129.613834316922,-113.736858499159,-58.8597061619771,-126.048050959331,-113.741180309124,-62.2365425158819,-13.5420697066034,-23.1851686731617,-16.5877505320869
27-Jan-2025 12:18:41,67,73,0.0271500300616026,0.414028481642405,0.0884248395760854,-0.119283848504225,0.0650212277968725,0.26678871512413,0.954131650924683,-85.5319127466772,-119.992784246629,-60.5628934261352,-44.4025989001646,-5.12690940041728,-4.62980259088909,-137.777314479407,-98.4015705878888,-52.5442238090473
27-Jan-2025 12:18:58,12,74,-0.0363533442219098,0.41502556403478,0.0167763385921717,0.130217137932777,0.029243462284406,-0.303172588348389,0.943543040752411,-109.860425622362,-81.4604926761052,-40.4446721725219,-134.53120175536,-92.741582501123,-47.5850636728906,8.39104586071889,-0.280383826566158,-2.63155496003463
27-Jan-2025 12:19:49,383,75,-0.0141168090204398,0.404408599932988,0.0665038630366325,-0.0865992471575737,0.0126554884637396,0.0136851000289122,0.996068867047628,-101.213125989947,-104.293773408507,-58.5371418694235,-76.8502263964213,-63.6292508489775,-41.1673127469872,-93.390590114082,-57.5107284547853,-38.5965805694318
27-Jan-2025 12:20:00,273,76,-0.0296217703570922,0.402602217594782,0.0855828364690145,-0.133296495676041,0.0397565891345342,0.0423268613715967,0.989373437563578,-95.6930575840624,-121.132407911342,-66.9109541923286,-57.7721129408805,-62.525589579551,-40.5699771837617,-89.0993252628333,-50.9386751777575,-35.2650490024057
27-Jan-2025 12:20:23,345,77,0.0659134636322657,0.418522318204244,0.0531629336376985,-0.190949583053589,-0.0753132879734039,0.288819215695063,0.935119942824046,-92.6972902526522,-63.1818933646205,-36.7062135793768,-36.2487485912081,-33.2057760146976,-22.1118798464782,-147.867484308593,-114.196031648396,-64.313755880427
27-Jan-2025 12:20:38,376,78,-0.037163553138574,0.414868785937627,0.0183176177243392,0.0116968831668297,0.0365467396875222,-0.26162983973821,0.964405119419098,-120.702548906908,-80.1375764274585,-45.8613831779598,-116.388172298896,-100.156019134119,-56.2643294733531,-55.1292303120004,-29.1973695736946,-22.4917529102404
27-Jan-2025 12:21:21,273,79,-0.0294955591360728,0.399222467343012,0.0782460863391558,-0.0544486132760843,0.00635946479936441,-0.0650181303421656,0.996377229690552,-96.871926626972,-113.715407919441,-66.1841888688466,-77.9801799470542,-60.2495668365881,-39.7606396618504,-75.0486859597854,-53.0159410062135,-34.7846845625424
27-Jan-2025 12:21:36,367,80,0.0169044755399227,0.406838093201319,0.0055163249373436,0.163791127006213,-0.0319333349665006,0.197517913579941,0.965991389751434,-49.6483177388041,-23.388071721714,-21.8286028787656,-100.464177736141,-92.0657645183661,-56.4768206115217,-117.542128570917,-74.3715800865486,-46.2705862114922
27-Jan-2025 12:22:29,103,81,-0.0171088607360919,0.410558782021205,0.0783548444509506,-0.165822062889735,0.00726196691393852,-0.0522456613679727,0.984744000434876,-121.061102525526,-110.943877048248,-67.6597356399299,-73.9953505315316,-67.5538808700472,-42.2194320814427,-89.9933533620853,-71.847808219362,-43.1993083713695
27-Jan-2025 12:22:43,355,82,-0.0439976635078589,0.44529448946317,-0.038421560327212,0.124115829666456,0.156485227743785,-0.298633686701457,0.933233908812205,-125.914549284343,-37.040179516462,-31.3125093054305,-156.087537202632,-157.805876359542,-87.9500522575838,-59.2925891634386,-71.6357370057486,-43.6978951959566
27-Jan-2025 12:23:39,369,83,0.0299817098925511,0.419721808036168,0.0579027471443017,-0.131785318255424,-0.0292704097926617,-0.112462753554185,0.984443016846975,-129.991369531229,-78.8589045671374,-47.5604728631767,-91.1977386541924,-77.0982492860628,-49.2325013513444,-89.7161929952028,-114.126103789138,-69.8628686178462
27-Jan-2025 12:23:52,121,84,0.058003256469965,0.407942120234172,0.0409546713034312,-0.142822480201721,-0.0612911174694697,0.230638421575228,0.960547014077504,-80.800136467357,-49.3828105691492,-32.6772894976949,-22.6030334367421,-75.6468856211859,-48.3616831524182,-127.183806748463,-100.632256065157,-62.970808389368
27-Jan-2025 12:24:35,30,85,0.0740955288211505,0.398790903886159,0.0551835385461648,-0.10794132600228,-0.0505522678295771,0.158815336227417,0.980087172985077,-73.5842106707295,-56.5864596082024,-33.804363753903,-46.1216161891752,-56.5304498769964,-38.3150458160509,-103.282979636794,-122.163711767208,-73.9898804759686
27-Jan-2025 12:24:49,307,86,0.0222477906694015,0.426676940917969,0.104676988720894,-0.0964356730381648,0.0649654482801755,0.195655815800031,0.973754831155141,-98.9436901892116,-140.453428433671,-75.0202859886356,-71.8565657479745,-49.3548280969768,-34.0096727480391,-136.828204979046,-124.079527888673,-74.2302263586992
27-Jan-2025 12:25:11,34,87,0.0171981208026409,0.403277077277501,0.0826140870650609,-0.193741966287295,-0.00437860942135255,0.0710825299223264,0.978464150428772,-103.368086846871,-99.7103679589366,-51.2560345767427,-17.8823409187988,-20.7931497962202,-15.6042778226586,-96.0708414971138,-97.7718087317603,-54.397692855164
27-Jan-2025 12:25:26,292,88,0.0250304245700439,0.381166519721349,0.0183311769117912,0.118449350694815,0.012609259908398,0.0200636071463426,0.992677267392476,-44.8282417827801,-17.6645200880551,-10.8721970431916,-77.7345067839577,-67.5287554101668,-39.6111670315215,-63.2666364015906,-79.2569973279351,-45.779373555141
27-Jan-2025 12:25:51,180,89,-0.031362563620011,0.380438550313314,-0.0298952762037516,0.259600390990575,0.0259437181055546,-0.101387963692347,0.960028624534607,-11.3937281182979,-22.1463297138325,-9.90375850681087,-98.3994795388575,-104.037367226851,-58.2652122903558,11.4889844054111,7.9712188284173,1.67455424758129
27-Jan-2025 12:26:07,261,90,0.0653362597028414,0.422076863050461,0.0578096454342206,-0.254946579535802,-0.105648986001809,0.192013751467069,0.941791299978892,-111.881152488961,-42.1008674260901,-22.6046011064021,-30.1591853260607,-27.859084479295,-22.8996446600402,-139.87706022043,-122.117516617734,-66.093387218957
27-Jan-2025 12:26:59,68,91,-0.0178277209401131,0.385072612762451,0.0794724638263384,-0.274736201763153,-0.0141146809483568,-0.163086739182472,0.947482736905416,-118.473632597757,-85.4252357526681,-41.6250251142676,-35.9418478821902,-2.22202300836722,-33.0563951190336,-45.8867723274654,-56.9240144358812,-33.5771377849685
27-Jan-2025 12:27:14,213,92,0.0394092363615831,0.393916235367457,0.0255641599496206,0.129619380831718,-0.00677298239121834,0.211991882324219,0.968613417943319,-1.23546253260846,3.98901847866541,2.9325398396096,-80.3405516620104,-40.0962816939713,-52.1430866236252,-107.463271543396,-88.4241572471983,-49.4767713524166
27-Jan-2025 12:28:11,254,93,-0.0231046549975872,0.419522007306417,-0.0198604346563419,0.346821854511897,-0.0335642064611117,-0.0274174277981122,0.936929229895274,-56.5125507004776,-67.9280048432024,-38.8822385297156,-148.007710159527,-114.884081180768,-83.901773750356,-90.2448569402527,-46.4613357885885,-40.2877582376843
27-Jan-2025 12:28:26,6,94,-0.0343495272099972,0.405289032061895,0.124967176715533,-0.134050301710765,0.0508215218782425,0.0309541529665391,0.989186032613118,-91.204986017956,-154.350986513474,-81.4266186565376,-39.4919401827299,-9.44073958542365,-30.5129922443699,-80.7725074351367,-60.4100186959028,-46.5949889830278
27-Jan-2025 12:29:29,189,95,0.010419375449419,0.418673845132192,0.0978348031640053,-0.152839942773183,0.028981959571441,0.0901818280418714,0.983700815836589,-108.373569883567,-147.254602252328,-67.6611540871032,-64.5737442021777,-63.2283610370894,-49.2812908688114,-113.938836299348,-102.989653182354,-68.735599240482
27-Jan-2025 12:29:45,355,96,-0.015108942364653,0.442333537340164,-0.0622922902305921,0.231969865163167,-0.0494892530143261,0.0422900500396887,0.970542065302531,-57.7363195503148,-41.7073481574685,-15.117126706378,-137.350369945881,-176.953833572529,-106.373626803236,-114.808107409328,-93.8039308527482,-64.3723377423838
27-Jan-2025 12:30:28,46,97,0.0185939457267523,0.372601918379466,0.0213572190453609,0.26104922691981,0.0190228621164958,0.021124550824364,0.964906863371531,-6.81098441030406,-28.6930738077002,-20.727883195058,-90.7333427702456,-49.958467259916,-31.327217479228,-58.6740097805826,-57.1462175867304,-42.2829074994841
27-Jan-2025 12:30:41,178,98,-0.0206941362470388,0.393089499076207,-0.0271517292906841,0.3153937180837,0.0406140352288882,-0.129321053624153,0.939229881763458,-28.9250388951217,-10.7574062162069,-11.1308026356725,-120.896051205366,-107.181097772731,-59.3092859719969,-34.3870193115869,-48.5723588467451,-37.3667313658526
27-Jan-2025 12:31:24,264,99,-0.0531834381322066,0.420525620381037,0.0575476042926312,-0.117345321675142,0.0418656083444754,-0.207694885134697,0.970226911703746,-135.744522753074,-127.68189703627,-69.4172148497003,-98.2884736155665,-108.585021004509,-61.2396044762492,-68.1224340834345,-15.1960457695297,-39.7510079945136
27-Jan-2025 12:31:37,118,100,-0.0240143410861492,0.418870097398758,0.111521771053473,-0.316036285956701,-0.049571784834067,-0.213226283589999,0.923145508766174,-156.656649617461,-122.971690635186,-67.4090390921796,-46.4288218323985,-50.1525561690853,-32.370299501559,-68.6417520924031,-64.4003189655905,-64.7000720355655
27-Jan-2025 12:32:52,381,1,0.00232642735354602,0.323754495382309,0.0423312539855639,-0.00629530825341741,-0.00764677530775468,-0.00656136339530349,0.999929451942444,-11.475,-17.6249999999999,-5.55000000000001,-9.97499999999999,-14.025,-6.67500000000001,-7.95000000000001,-8.47500000000001,-10.5
27-Jan-2025 12:33:03,278,2,0.0109062028427919,0.326280132929484,0.0430719035367171,-0.00650773926948508,-0.0049738634377718,0.0164935864508152,0.999830444653829,-10.5137392934704,-16.9383852096216,-5.13803112577304,-10.7481549448429,-14.6303368077734,-6.9090082884487,-14.3393327940997,-15.5534814045092,-13.9705780802518
27-Jan-2025 12:33:36,83,3,0.00218133968301117,0.331081042687098,0.0409935161471367,-0.0135229352861643,-0.00778935998678207,-0.00589001942425966,0.999860914548238,-20.5913690063056,-20.8061969152233,-8.86847082248857,-16.1141474500961,-22.4605922096015,-9.80817353447696,-16.2642455210871,-11.9536811957864,-14.7547087174718
27-Jan-2025 12:33:47,222,4,-0.00315432944335043,0.338044989109039,0.0364069685339928,0.0552124862869581,-0.00745315247525771,-0.049291504919529,0.99722938934962,-23.6568920462834,-18.7953609317533,-7.80919867274371,-35.0166115034956,-20.6452866031394,-8.84666910563566,-13.3486657448749,-11.4151183891963,-14.4315710335178
27-Jan-2025 12:34:27,352,5,-0.0134691886603832,0.334169814984004,0.0252648890018463,0.123746640483538,-0.000911625168131043,-0.100281786421935,0.987233277161916,-12.6300634186792,-22.0111733845259,-13.8367870970044,-42.1086312721878,-29.891129082294,-19.2580291273264,-0.955389250688345,-10.461885179063,-7.36838110743782
27-Jan-2025 12:34:39,224,6,0.0339367682735125,0.348509138822556,0.0413213225702445,0.0743940621614456,0.00597724284355839,0.0546492286026478,0.995712415377299,-17.5622005533658,-23.2247283646972,-15.1609071484783,-36.3639315762132,-7.92300352295212,-8.9913021137713,-39.7787410487254,-55.4229722447887,-30.566272897464
27-Jan-2025 12:35:21,301,7,0.0282666486998399,0.349455626805623,0.0323737541834513,0.111859562496344,0.00538301834215721,0.0790874272584915,0.99055726925532,-10.0938007145461,-31.659857653247,-14.0102895919483,-43.380483821606,-32.8752483782504,-23.7961217723148,-44.6048681653499,-53.562944312659,-33.5399480159582
27-Jan-2025 12:35:34,358,8,-0.00982955998430649,0.350720079739889,0.0405969031155109,-0.10834451764822,0.00865439201394717,-0.0462723508477211,0.992998218536377,-54.6377754878675,-29.2286358089725,-11.4739389262179,-21.474653672546,-36.2680857428107,-24.1718066199342,-28.2732944887707,-7.07106163187668,-8.97326197912598
27-Jan-2025 12:36:23,337,9,0.0190079056968292,0.359071193138758,0.047834720214208,-0.0855804865558942,-0.0133116552606225,-0.0163159750401974,0.996108758449554,-56.9076093877002,-37.0246751825094,-18.0719926095052,-33.5631010765624,-35.0894320866764,-22.2559512883864,-44.2205184074561,-53.3639716485907,-35.3306884840023
27-Jan-2025 12:36:36,53,10,-0.0260715479652087,0.355907338857651,0.0576312996447086,-0.115276503066222,-0.00518405837938189,-0.211311607559522,0.970583061377207,-75.5440336508489,-48.0823121745161,-23.4712621929329,-38.0115620715042,-26.5996506322352,-17.8815116485901,-0.275964959837832,-0.938412471312738,-8.98835998278757
27-Jan-2025 12:37:15,76,11,0.049267773081859,0.356786072254181,0.0473101233442624,-0.056835745771726,-0.020475485548377,0.210119255383809,0.975807555516561,-25.4924620297397,-36.5830348985876,-10.7995405745564,-16.467432375221,-30.8040766157728,-21.8858604099466,-74.5137896985948,-63.3480823423603,-42.601580687899
27-Jan-2025 12:37:27,62,12,0.00585349168007572,0.356984452406565,0.0607765885690848,-0.020909783244133,-0.00772903580218554,0.0146219669530789,0.999644565582275,-41.5191523682218,-63.8704888445367,-23.9104769202612,-35.142257650318,-15.6634397479048,-13.7827513487429,-41.789902071823,-44.0175085753316,-32.403503177115
27-Jan-2025 12:38:12,12,13,-0.0154423157994946,0.364637474219004,0.053562851746877,-0.147783444325129,-0.00298746473466357,-0.210460954904556,0.966362961133321,-89.0386772541904,-48.0154825394458,-22.586239135587,-42.4370385784772,-35.9545165944147,-20.8436645148689,-18.9791752641207,-30.6643346502032,-19.7454159574219
27-Jan-2025 12:38:25,4,14,-0.0302412030597528,0.344909846782684,0.0859190002083778,-0.0919599155584971,-0.000739518913906068,-0.099985013405482,0.990729741255442,-45.6338381538173,-79.5575721113328,-37.251295587151,-15.4818146339717,-18.7807413328206,-11.1507885496924,-2.95681037906887,-20.1802725066044,-13.397396551243
27-Jan-2025 12:38:46,239,15,-0.036580781886975,0.347855977217356,0.0678545082608859,-0.182993983229001,0.0177947168548902,-0.156283194820086,0.970449380079905,-69.0115608750391,-57.8614560910446,-27.3057094737556,-14.0006974662585,-31.4552341530785,-17.7090615440699,6.21294055161334,-4.41685319689451,-2.75077598063669
27-Jan-2025 12:38:59,244,16,-0.000148001758983204,0.373653523127238,0.013367835059762,0.0601587921380997,-0.000918049679603428,-0.0390009788175424,0.997425925731659,-53.971303380408,-12.1363465862735,-5.125206389264,-66.4617601579799,-77.9127266050445,-41.6198594379469,-49.17808841256,-58.2440782542287,-30.3464401771977
27-Jan-2025 12:39:46,368,17,-0.013842737612625,0.368361037969589,0.0508727336923281,-0.138323763012886,0.00648369258269668,-0.181027688582738,0.973680416742961,-89.8449500826129,-47.3948443212891,-25.7579971160514,-46.3261528987757,-42.6497924718958,-23.2762115744021,-27.160046893307,-33.3391947186294,-20.8638488624277
27-Jan-2025 12:39:59,294,18,-0.0396427852412065,0.37309528986613,0.0703553393483162,0.058322848379612,-0.0417704793314139,-0.17062552968661,0.98272092739741,-62.7376144443532,-93.8829628187594,-47.3957409866348,-72.5759366932487,-36.0432754365202,-18.3666376785626,-21.0013583798406,-17.2760409371123,-11.2259565935174
27-Jan-2025 12:40:33,121,19,-0.00228799334727228,0.358572125434875,0.015512765198946,0.144829156001409,-0.00817829569180806,-0.0227770612885555,0.989160704612732,-27.9764816121236,-21.6917265143499,-11.5980115345697,-63.4705336771406,-55.0698729865468,-34.6824638255904,-36.7236019308919,-30.1829961504419,-23.5479771971967
27-Jan-2025 12:40:46,199,20,0.0450623633960883,0.383183568716049,0.0702567592263222,-0.0820874532063802,-0.0205728889753421,0.135981654127439,0.987090329329173,-63.2056036984366,-70.0426154834413,-35.1846382819065,-41.0668016104276,-14.4341662635819,-13.7757927268991,-85.6713208285615,-93.6518203929376,-54.6935715812357
27-Jan-2025 12:41:39,104,21,0.00791854237516721,0.356881674130758,0.0470380641520023,-0.0644869938492775,-0.0117651143421729,-0.0370354262491067,0.997161690394084,-55.0548417160371,-38.3397139412877,-19.3049607986676,-35.7266961493916,-34.5111514288187,-19.275877933293,-39.074539148273,-43.6843814003023,-29.2419525211935
27-Jan-2025 12:41:53,294,22,-0.0414616266886393,0.387605118751526,0.0783671985069911,0.026551157856981,-0.0302840072661638,-0.0654198661446571,0.997044682502747,-72.7972306186385,-114.511995361044,-58.3744681156486,-75.2280264400858,-52.3791308901618,-29.1932342710675,-55.2350467250866,-15.380454203329,-16.0733555298099
27-Jan-2025 12:42:49,47,23,0.0608511557181676,0.382192275921504,0.0576132071514924,-0.058237798511982,-0.016470405459404,0.209918916225433,0.975843818982442,-47.886160077318,-59.2101360505124,-35.9646428014179,-37.4553155492399,-45.4585959280288,-31.4189807990043,-95.4198288915325,-98.5434836942378,-59.3761381905179
27-Jan-2025 12:43:03,299,24,-0.0426499550541242,0.385146967569987,0.0579278556009134,-0.172510421276093,0.02656151826183,-0.20969457924366,0.962061285972595,-110.10641196761,-83.8990884593321,-48.1225260907694,-53.8011938802359,-68.8702389665293,-42.9382094031962,-10.0413612529421,-1.5026192443447,-10.669113050513
27-Jan-2025 12:43:48,324,25,0.0157092383752267,0.404835774501165,0.0504817532996337,-0.0732409099737803,-0.0207527966548999,-0.145444518327713,0.986433513959249,-114.120868955061,-72.1759916791135,-44.0158369226125,-88.2867426374327,-61.5849235477512,-40.6728657497438,-72.1750172793313,-86.7307292886511,-57.3656090817279
27-Jan-2025 12:44:02,299,26,-0.047468622525533,0.384243160486221,0.0741232027610143,-0.273183472951253,0.0506696199377378,-0.179139197866122,0.943775602181752,-116.32152634004,-89.8141387200213,-50.8001158350481,-25.5627423142196,-59.8027551137353,-37.7469869247176,-4.47678727454081,4.93320922568875,-9.49884521653975
27-Jan-2025 12:44:52,135,27,0.0101696841418743,0.39444518884023,0.0718801155686379,-0.0587348955372969,0.0390577611823877,0.23302242954572,0.969909954071045,-67.8018751720639,-97.8334878293489,-58.1315688787299,-51.3209177345625,-56.2265946331395,-36.4669125904298,-114.293280475579,-65.2804800678944,-44.141259245904
27-Jan-2025 12:45:05,234,28,0.0150996134926875,0.394217469294866,0.0446569460133711,-0.0660089552402496,-0.00480073171978196,0.0382548655072848,0.997073912620544,-84.0711206695445,-81.7226437274399,-52.6519778763899,-62.0019983019146,-81.9849051192853,-51.9218988821172,-81.6279430290014,-92.9151630463136,-60.5344317837281
27-Jan-2025 12:46:00,188,29,-0.00915063166369995,0.369806434710821,0.000415434513706714,0.142372078696887,-0.0304252566148837,0.0811839198072751,0.986008989810944,-25.0963606859862,-6.65781288372578,-24.8919398044714,-66.0002965117329,-83.9897077223126,-50.6397912420657,-64.0982354167898,-35.7602994966159,-25.9612728055952
27-Jan-2025 12:46:14,35,30,-0.0258056050787369,0.395047718286514,0.0358853655556838,-0.114136796196302,0.0164775360375643,-0.0432447592417399,0.992386615276337,-99.7594839945818,-62.6174653781527,-54.4387736296211,-62.3365507907994,-94.0904730484366,-57.2571814830639,-75.8624712896484,-45.8141870623956,-32.5552241664213
27-Jan-2025 12:46:53,332,31,-0.035900088151296,0.394078240791957,0.0913130139311155,-0.227673626939456,0.0318164492646853,-0.102772781252861,0.967775857448578,-115.74236834041,-104.181427359491,-71.8120342448195,-47.1001486437879,-58.7268895373429,-37.4132262062947,-61.4192556737303,-48.7804853401915,-30.2831006532374
27-Jan-2025 12:47:07,275,32,0.00199066629478087,0.403044301271439,-0.0136002840474248,0.111004752914111,-0.0795481130480766,0.203047622243563,0.969598384698232,-25.7780731900464,-11.0584793561264,-23.9264680763221,-85.8568288678759,-117.377854842641,-65.4146166921283,-111.985216288641,-62.459644106613,-35.7985878696329
27-Jan-2025 12:48:25,107,33,0.023531257857879,0.39569793343544,0.0303210233648618,0.192127413551013,-0.0025033777890106,0.202495873967806,0.960248021284739,-35.9533033680537,-58.1477801680303,-33.6043583321407,-93.8787012244357,-64.2308347713289,-37.8226249334632,-109.395781328176,-67.0027098003419,-40.7550844280587
27-Jan-2025 12:48:40,388,34,-0.0527532073358695,0.419199075301488,0.0986760591467222,-0.0445729081829389,-0.0194864983359973,-0.0911543771624565,0.994647880395254,-110.682794757464,-145.126947868059,-78.5547291997534,-94.0822596214463,-61.5039569300219,-37.919973030408,-79.5706169315208,-41.6967683254338,-29.562900708203
27-Jan-2025 12:49:35,74,35,-0.0355851029356321,0.418415009975433,-0.0291756976395845,0.256569391489029,0.0190938577055931,-0.147929559151332,0.954947356383006,-73.666715530817,-74.2164677408622,-44.7797412078448,-136.967374988957,-137.393765285684,-81.119268493491,-67.1508107407934,-41.2999915276678,-40.1831263118569
27-Jan-2025 12:49:49,120,36,-0.0702996730804443,0.417176250616709,0.106755636632442,-0.245231218139331,0.0723237802584966,-0.136166401704152,0.957125600179036,-132.946236256567,-152.714397597336,-84.1816820946976,-48.1736635687939,-80.5549067827607,-52.8528152006457,-65.0464418525888,-18.5926992064078,-28.9824561098431
27-Jan-2025 12:50:14,165,37,-0.0253719350943963,0.387854226430257,-0.0174465383092562,0.358050443728765,-0.0193741158892711,-0.142584002017975,0.922547709941864,-12.9660866424929,-34.4437161665097,-20.2541492228331,-125.000181177001,-88.1422868035459,-48.8413826613676,-33.6867307640502,-2.96997606009294,-11.3105833456575
27-Jan-2025 12:50:29,95,38,0.0596921163300673,0.412991827726364,0.0723632042606672,-0.0840306982398033,0.00662170713767409,0.32129881978035,0.943218978246053,-70.3898417310028,-94.357658794985,-51.7484240137748,-26.0690032454394,-24.3938786721942,-18.5044820723959,-143.124031634918,-112.886356529565,-67.8060770570976
27-Jan-2025 12:51:25,79,39,-0.0216155654440324,0.392911436160405,0.00783763900399208,0.183809546629588,0.0241808798164129,-0.192199678222338,0.963684944311778,-71.2600140706573,-60.3288604842324,-33.1319277850332,-113.512432176328,-85.8273021699854,-52.075131551317,-42.6874467747122,-49.5061503144805,-32.9547173589021
27-Jan-2025 12:51:37,283,40,-0.0338881760835648,0.4195416867733,0.0134875861306985,0.155248107512792,0.0401104179521402,-0.323761969804764,0.932452289263407,-114.392212760952,-72.178311572921,-40.8677329833115,-144.040492490215,-98.5805510361326,-60.2628356383246,-45.2534264952818,-53.9424856882344,-36.983964699713
27-Jan-2025 12:52:48,73,41,0.0374941095709801,0.407749603192012,0.0617507487535477,-0.146078384915988,-0.020444735015432,0.245888809363047,0.958009302616119,-88.508656860712,-75.6937799351276,-49.1176603565736,-51.8450785832355,-63.282319968425,-41.6214306983244,-132.4279139891,-91.5858556082034,-59.118263093212
27-Jan-2025 12:53:02,209,42,-0.0743767162164052,0.425403253237406,0.033484365294377,-0.0430683252712091,0.0392786341408888,-0.194007371862729,0.97926679054896,-125.615417611084,-130.281625400641,-76.5838098572452,-105.839528816395,-130.539787258471,-75.4223911112622,-56.6695237942933,-21.6045748377521,-24.299849475901
27-Jan-2025 12:53:27,119,43,-0.0377334068218867,0.420272427797317,-0.0353960141539574,0.375372697909673,0.00362696874265869,-0.167000563939412,0.911697812875112,3.6296772145937,-8.05209638393305,-9.17956065008845,-156.211427258933,-125.26675611911,-66.9166495436264,-57.0331097618573,-47.3843575309125,-29.9854662443564
27-Jan-2025 12:53:44,186,44,-0.0507165342569351,0.422687445084254,0.0733050048351288,-0.00873146827022235,-0.0575817212462425,-0.313434718052546,0.947822022438049,-138.010710773913,-119.277073552647,-67.3808362076941,-117.68431774479,-80.339427241249,-47.0417720779449,-39.3879259952739,-27.3352216552408,-22.5496852797693
27-Jan-2025 12:54:13,371,45,0.0714041436711947,0.401257785161336,0.0545604132115841,-0.0876581028103828,-0.0349260553717613,0.350409344832102,0.931831292311351,-55.1875331947514,-60.9423368673239,-34.3574008412005,-22.6044150996614,-20.5811110459471,-13.0666763068856,-136.770989209545,-101.956007091622,-63.0466160344666
27-Jan-2025 12:54:26,87,46,0.0464066537717978,0.390494557221731,0.0340485711892446,0.0726912175615629,-0.000497771805385128,0.0925270597139994,0.993053098519643,-51.6594949055784,-27.9166880950753,-19.4041642669095,-75.9200450965508,-61.2247113869844,-34.9480642892375,-82.1471690118673,-91.0661777169626,-59.1612891589702
27-Jan-2025 12:55:25,1,47,-0.0225764837116003,0.407861671845118,-0.0165094189345837,0.30894869963328,-0.0289886602511009,-0.0263016398996115,0.950272905826569,-49.033988539262,-26.2755924046793,-39.2608750131386,-132.008650780452,-115.103797438744,-67.3699305817563,-79.6531270404718,-52.931389821979,-38.417456333075
27-Jan-2025 12:55:39,363,48,0.104717177649339,0.401481719811757,0.0593209490180016,-0.00712829641997814,0.010134555461506,0.202242402235667,0.97925409078598,-37.1993808727244,-26.6476567364225,-39.9015642821329,-45.3621001654823,-19.8127990186493,-20.1790884748318,-99.6664647578121,-149.296050098626,-87.0544435745212
27-Jan-2025 12:56:03,273,49,0.101484463612239,0.420183215538661,0.0599144232769807,-0.0587828531861305,-0.078490241865317,0.328154758612315,0.939520271619161,-41.7110492470319,-31.8687982489118,-35.1159796045158,-49.6511924618913,-28.8251634789148,-21.1291476087088,-144.515073795041,-149.908145763137,-83.3749872379999
27-Jan-2025 12:56:15,206,50,0.0697835981845856,0.408319866657257,0.0459571888049444,0.0649325251579285,0.0202242467552423,0.206350102027257,0.976111789544423,-52.3625336852052,-41.2880423698032,-39.3048021039362,-80.6593107925219,-44.338447784502,-28.364990200477,-112.365348152283,-127.587050240951,-71.6936399158812
27-Jan-2025 12:57:00,209,51,-0.014500602769355,0.399202420314153,0.0748818531632423,-0.255047482252121,-0.0109450988471508,-0.125893031557401,0.958635477224986,-127.189396258203,-86.5362976868851,-58.2602077358501,-52.6779595487534,-61.6860996134741,-35.740110257139,-71.6706634539029,-63.4671413239696,-39.9952890633061
27-Jan-2025 12:57:13,42,52,-0.00603778045624495,0.39048292239507,0.0766472056508064,-0.114265734453996,0.0375914183755716,0.203590006629626,0.971638492743174,-70.4835655240368,-89.5115542610393,-59.6650557625623,-40.0791788898104,-41.9425818260237,-25.785571103049,-107.381380950354,-45.3161480940446,-30.8370121879787
27-Jan-2025 12:58:00,399,53,-0.0292530295749505,0.423889450232188,-0.0135023805002371,0.392948857943217,-0.00932239629328251,-0.181619879603386,0.901398102442423,-70.4311175447425,-72.7735470990776,-48.7223370665302,-168.093144935933,-109.694418723063,-69.2227825209189,-66.7674876066445,-62.1605608321939,-38.4006662582731
27-Jan-2025 12:58:13,144,54,0.00313955782912672,0.427823674678803,-0.0282951679080725,0.244413582483927,0.076207180817922,-0.168611712257067,0.951853164037069,-85.6569782400728,-20.9861412124528,-21.5569441905881,-146.249958415718,-141.207281130937,-83.7075237922261,-69.9927621964974,-105.867132231678,-58.9822620253855
27-Jan-2025 12:58:59,251,55,0.0768508533636729,0.397976454099019,0.0548051153620084,-0.0509473669032256,-0.0372537871201833,0.157770517468452,0.985456764698029,-62.9761059325726,-57.6209753912577,-35.3109635869682,-54.0070819109591,-56.2907041465513,-39.6408416492115,-100.049358363178,-127.051927996728,-75.4313436230237
27-Jan-2025 12:59:12,158,56,0.0468220616380374,0.373301617304484,0.0259919666995605,-0.0131773617118597,-0.0429722671707471,0.179852808515231,0.982666122913361,-34.1476627888891,-18.4257475423509,-13.6930782569687,-36.4685626270218,-65.3633080987374,-42.1568722197585,-79.2558131154636,-84.9448195660616,-52.3575180021445
27-Jan-2025 12:59:45,4,57,-0.0401021781067053,0.426028744379679,-0.0411391496658325,0.3010686814785,0.0407166255017122,-0.154568932453791,0.940110790729523,-70.3557511056871,-73.8527345182982,-41.4394215954135,-150.717642185325,-149.268171681223,-82.619655882573,-69.6280281206749,-61.2075164007417,-26.2317569740235
27-Jan-2025 12:59:59,219,58,0.08567945510149,0.436227508385976,0.0435352238516013,0.124590008954207,0.0668904229998589,0.293846193949381,0.945333162943522,-30.9295422180035,-25.9368401993615,-16.910918985396,-105.337041634355,-78.4983366446769,-46.6641829137506,-156.01410654034,-150.919832719746,-70.5173596829766
27-Jan-2025 13:00:46,204,59,-0.0143404812241594,0.419504642486572,0.0648282110691071,-0.091142626106739,0.00277843287525078,-0.0743293344974518,0.993056158224742,-123.908408097477,-104.25550261777,-63.2625527262997,-97.6211927720912,-74.3821679958384,-49.8371521315809,-96.8775321286043,-83.4370898688211,-43.7233111412474
27-Jan-2025 13:00:58,99,60,-0.0534628291924795,0.399099649985631,0.0552457424501578,-0.0529521428048611,0.00840596941610177,-0.117188059786956,0.991661401589711,-95.5838461504698,-112.731402142888,-66.1380336100916,-77.4069266543317,-88.6787972631327,-55.6229978864611,-59.56130321425,-43.2449379315401,-22.2647662938399
27-Jan-2025 13:01:45,19,61,0.0714761565128962,0.408029691378276,0.0445226070781549,-2.41324493818714e-05,-0.00699447439983487,0.168444953362147,0.985686274369558,-66.9954852554729,-60.1251039352032,-37.6722660775663,-74.7042423223391,-69.9879138682763,-45.0843132656254,-110.963015582261,-131.612593006683,-73.8009855787456
27-Jan-2025 13:02:00,337,62,-0.024586013580362,0.409478010733922,0.0332307770848274,0.260259139537811,-0.0373101393381755,0.0260146512339513,0.964466861883799,-57.8427644342584,-94.8423826499845,-54.357772408701,-127.741823947376,-81.008300476216,-49.9213735433392,-91.4141771934977,-28.021333938776,-21.3322230185362
27-Jan-2025 13:03:05,20,63,-0.0430237278342247,0.398848015069962,0.0994184449315071,-0.280535711844762,0.0184476360678673,-0.185701683163643,0.941527664661407,-131.113340760982,-115.480779700654,-60.0535431932436,-45.1469701932616,-51.1090907942149,-5.63302871418333,-49.716731436706,-46.2737611489602,-30.5175139708442
27-Jan-2025 13:03:20,127,64,0.0183267269283533,0.430341404676437,-0.0221244749923547,0.322451875607173,0.0590841911733151,-0.0436293683946133,0.943731915950775,-58.6027752393149,-21.1079502422001,-13.4033720035422,-153.224574614284,-135.393176646701,-48.3113151799524,-95.0984934940673,-113.438703386008,-64.6362286288937
27-Jan-2025 13:04:05,314,65,-0.0249236776183049,0.386597945292791,0.0371193428834279,-0.110087611277898,0.0426076449453831,-0.20788256128629,0.971004740397135,-104.819524480177,-62.3392990230887,-32.1230095153574,-65.5196766808163,-86.758692154656,-28.6028799316193,-37.8297347701303,-41.7249369878131,-31.6245610951712
27-Jan-2025 13:04:20,389,66,0.0359749714533488,0.427043590943019,0.0558469208578269,-0.0479910336434841,-0.0171844099958738,-0.118656324843566,0.991626063982646,-128.008299423577,-87.5943565425099,-46.1338955876238,-110.167156144954,-47.3310404802013,-10.2724114069478,-93.8900370807902,-124.536548321051,-74.4137240743461
27-Jan-2025 13:05:05,235,67,-0.0187275766084592,0.39479044675827,-0.0158673856407404,0.20912851691246,-0.0341904108723005,0.0158833666394154,0.977161212762197,-43.7228587562211,-54.5629176342796,-35.4241552570723,-101.563209780724,-118.635436896108,-60.5330106766246,-74.5834226780039,-32.7225585814472,-39.00833460011
27-Jan-2025 13:05:20,312,68,0.0695846979816755,0.417272371053696,0.0165545776486397,0.0842420766750971,0.00481337889408072,0.167813568313917,0.982200968265533,-64.3403542882586,-23.0181460496415,-19.3355380943404,-93.2477168724295,-106.140801600386,-53.9694616583507,-117.172301967615,-131.396609988993,-88.0291289334701
27-Jan-2025 13:06:05,292,69,0.0500531276067098,0.385325346390406,0.0619491862754027,-0.164966829617818,-0.0644222711523374,0.0415569481750329,0.983315193653107,-81.8729240079687,-57.5958693889769,-16.6413050001215,-36.2652543561857,-12.1123028364398,-6.03582848157066,-78.0005502314014,-98.7154356864172,-62.0407601542968
27-Jan-2025 13:06:20,261,70,0.0357510392864545,0.429999391237895,0.0182951713601748,0.262351963917414,0.0196486975997686,0.279625793298086,0.923360399405162,-44.0506967187411,-51.1798845730097,-14.2852559760835,-131.700285962637,-85.6221215855559,-43.6426812400742,-153.776321903555,-100.6556254399,-63.8627984149835
27-Jan-2025 13:06:45,266,71,0.00520390442882975,0.420006940762202,0.000156970051951551,0.353092038631439,-0.0238324776291847,0.0682690809170405,0.932790044943492,-21.9501642321369,-34.5197964648213,-11.8105404950316,-145.868645646487,-99.6441411524103,-51.9408750810836,-108.611247918285,-85.7069435214472,-46.2239425968002
27-Jan-2025 13:07:00,376,72,-0.0201710758109887,0.413689557711283,0.05497005879879,-0.129062316815058,0.00970637326439222,-0.0820671379566193,0.988187086582184,-124.826179685983,-88.6287043422513,-39.6249004526268,-85.1681763055151,-77.9499929900612,-41.8537070187892,-88.0969878988903,-42.441769921463,-25.3512618156883
27-Jan-2025 13:08:01,215,73,0.0612260207533836,0.424641060829163,0.0372685285905997,0.143185430765152,0.0424921120206515,0.0773749639590581,0.985751207669576,-75.756416910237,-68.9301757687493,-41.0445964876229,-118.095245164438,-75.8861336111277,-48.0066653933394,-114.681156394906,-136.867257750422,-77.6980443359155
27-Jan-2025 13:08:16,160,74,-0.0304986958702405,0.451237585147222,0.123460013171037,-0.291698886950811,0.0741156468788783,0.00598580185323954,0.95361559788386,-162.305905042712,-174.852045633659,-94.2727700460451,-47.6054330568203,-77.4606127842948,-49.0611436058901,-129.887767920963,-103.631282415323,-61.3472952943331
27-Jan-2025 13:09:36,269,75,-0.036267826706171,0.420946065584819,-0.0364243614176909,0.312524644533793,0.0382498813172181,-0.132660696903865,0.939822578430176,-61.7320930556589,-74.3491521927571,-39.8152309660505,-147.249442435852,-139.474120091822,-86.0072687712453,-69.7238263753329,-53.5788272252704,-41.5350144817633
27-Jan-2025 13:09:52,177,76,0.00133582816148798,0.398455007870992,0.0738986273606618,-0.291909603277842,0.00119540812447667,0.0194325832029184,0.956247754891713,-118.69482628739,-77.2035100997056,-40.4333177802958,0.000645860859517455,-21.7131073864246,-26.3176702793178,-91.7944378839465,-56.3692394100316,-42.121128434915
27-Jan-2025 13:10:17,54,77,0.0447232477366924,0.383657199144363,0.0357053148249785,0.160792175928752,0.0292122149219116,0.152988683183988,0.974621478716532,-4.92606202191207,-13.1300041958851,-6.89283534454814,-79.1658214016604,-17.8897320988457,-16.6124850872584,-84.2879981563542,-84.6408395042934,-48.8507185692085
27-Jan-2025 13:10:31,176,78,0.00205733781525244,0.407124143838882,0.0304399783412615,0.111590151488781,0.0161173388361931,-0.107355424761772,0.987807015577952,-89.5076972700057,-35.7825521418297,-20.4843641121149,-114.626074753729,-76.9764673718466,-48.4211075183533,-73.5582795593678,-79.3372372489653,-48.4641722361389
27-Jan-2025 13:11:19,220,79,0.0845122843980789,0.418292438983917,0.050822206089894,0.0120268344258269,-0.0054894861454765,0.220516829689344,0.975293624401093,-66.7257973091269,-64.6912353733434,-37.9711904214307,-78.9961334360852,-65.0045442756881,-43.5227466316169,-126.587851174075,-143.201245523067,-83.777420852249
27-Jan-2025 13:11:33,159,80,-0.00690519682442149,0.40309640566508,0.0765207653244337,-0.245804568131765,0.000529998185811564,0.0176107904563347,0.969159213701884,-117.495263970305,-88.8389836782316,-49.7450456931722,-48.8151128476984,-39.9300415120458,-30.6854763690932,-93.1190294648057,-67.3855935541976,-45.5695759871116
27-Jan-2025 13:12:08,160,81,-0.0404735577603181,0.423692707220713,0.0991422658165296,-0.279077688852946,0.0772878512740135,-0.018292140836517,0.956978396574656,-142.801744064772,-137.804413876255,-78.9663089264561,-60.4930363659287,-71.0209691855996,-48.9845463240342,-102.995166659605,-63.3100269393315,-41.6947207067008
27-Jan-2025 13:12:22,301,82,-0.0442035250365734,0.379376890261968,0.0744759152332942,-0.228436202804248,0.0523588672280312,-0.0974742755293846,0.967250863711039,-96.5425212573765,-89.2779612008359,-52.125766612228,-29.5156701009209,-51.9300973355134,-36.8617944224723,-43.4801603299782,-14.430464560267,-14.6776235406498
27-Jan-2025 13:12:45,209,83,0.0396309996644656,0.408015366395315,0.0728485738237699,-0.204948842525482,-0.0171644070496162,0.195285539825757,0.95893942117691,-99.6237522003141,-87.1472218303399,-48.8842746814398,-37.7201366223288,-34.8127611406294,-26.147033071436,-123.644495558277,-101.243360346208,-55.5451391344552
27-Jan-2025 13:12:59,197,84,-0.0414257541298866,0.388547356923421,0.0930355181296667,-0.282048674424489,0.0435459263622761,-0.0943737174073855,0.953753431638082,-114.802483734759,-100.27682403031,-52.9060204936262,8.1746563926264,0.742656521436167,-5.82626895260469,-54.1237826861745,-20.9998124515956,-12.8803098993503
27-Jan-2025 13:13:59,36,85,-0.0493135889371236,0.421133784453074,0.0982508093118668,-0.346760632594426,0.0598142971595128,-0.179354225595792,0.918700933456421,-161.576471165388,-132.179929981448,-68.6407184191181,-57.5500845394862,-64.2482522648534,-48.8398827916451,-72.0133048737523,-59.2302787926626,-34.784782992994
27-Jan-2025 13:14:12,101,86,-0.0392326258122921,0.40448169708252,0.0247793229917685,0.150633158286413,-0.000355737172988787,-0.254205813010534,0.955347450574239,-93.9180142071175,-90.5597912545639,-47.0488200416815,-123.317517048548,-74.4322289062402,-53.1500420983438,-27.1780962183447,-26.9201537489177,-17.847891457127
27-Jan-2025 13:14:36,180,87,-0.0371840221186479,0.389229206244151,-0.0320745674272378,0.259669546286265,0.00565837916607658,-0.118283276259899,0.958409496148427,-15.5230560148171,-11.5129502175199,-5.09606472833314,-102.57381480719,-116.68345104792,-64.2013256223441,8.96597499380074,1.87958733411153,-1.35923360737979
27-Jan-2025 13:14:50,256,88,-0.028024543573459,0.408602905273438,0.00813682451844215,0.292728080352147,0.0256090578933557,-0.278158817688624,0.914484544595083,-81.9357828166334,-47.4437822658916,-25.665925131838,-147.780251546661,-84.4792951948835,-50.7036920751448,-21.5967575517981,-20.6422868554046,-15.2246150814569
27-Jan-2025 13:15:58,284,89,0.0545730739831924,0.419236210982005,0.039491310964028,0.157639807462692,0.0437473890682062,0.305644754568736,0.93798569838206,-48.9501387190561,-71.1842056012501,-35.5738801236715,-102.65978248863,-67.4521045572983,-44.6928437045001,-148.587210132005,-106.253113024453,-65.6130452334326
27-Jan-2025 13:16:12,398,90,-0.012926430379351,0.421877102057139,0.0852831587195396,-0.315838783979416,0.0540546690424283,0.125658296545347,0.938900144894918,-138.512156949458,-108.414015742522,-54.6656804187206,-38.7689859313048,-49.6345379208085,-36.2609556106682,-128.406966515714,-68.3484677177196,-47.137617804479
27-Jan-2025 13:17:03,373,91,0.0673083583513896,0.394868888457616,0.0536462532977263,-0.127707879741987,-0.0605731812616189,0.138448988397916,0.980231352647146,-76.2823456075895,-56.7444881453264,-31.0591303251074,-43.1602459447734,-52.6178573815382,-37.7508308580141,-100.200787196673,-113.874889720057,-69.4391793822807
27-Jan-2025 13:17:17,37,92,-0.0518654651939869,0.427586861451467,0.0267920126517614,0.0658738980690638,-0.0134860378379623,-0.0223963489135106,0.997485454877218,-104.295959965063,-128.1652782602,-68.7990676394467,-118.799270619289,-124.494135030842,-75.7185119395687,-104.038005829807,-27.0646603710127,-28.063606964661
27-Jan-2025 13:17:39,382,93,-0.0475312232971191,0.425093821684519,-0.0167508248239756,0.292405970891317,0.00117573235960056,-0.189640041192373,0.937301258246104,-81.7780308607424,-90.5879058809789,-48.7691111503049,-153.54629146454,-129.742752579278,-73.2115513202536,-45.5370409395278,-37.0038236118887,-26.9594867213919
27-Jan-2025 13:17:55,66,94,0.0875599707166354,0.416132672627767,0.0466631097098192,-0.0577708676457405,-0.056009990721941,0.423249600330989,0.902431571483612,-27.6388827851836,-32.5593770983183,-17.9928560549703,-15.9839237794471,-30.231261120646,-21.6938148869332,-159.231511409451,-121.299894974862,-67.3455316988742
27-Jan-2025 13:18:54,389,95,-0.00347780954713623,0.396497792005539,0.0330034084618092,-0.0824995920062065,-0.0128471761321028,0.0705742383996646,0.994006073474884,-88.1463895343947,-60.786366873249,-35.6529580759834,-66.2886441824902,-76.5334757852921,-49.1840298058034,-97.1298152321428,-58.8255198484363,-35.0262354871213
27-Jan-2025 13:19:07,239,96,0.063308306535085,0.397515948613485,0.0507864639163017,-0.133315611879031,-0.0609599533180396,0.281279611587524,0.948362930615743,-63.0151462388324,-28.826745963499,-16.7114671734643,-1.22103547817763,-15.4445613924582,-15.6778921617423,-123.809606674924,-100.743884818723,-53.0237375246206
27-Jan-2025 13:19:59,97,97,0.0392715483903885,0.401904644568761,0.0581170516709487,0.0225428887953361,0.00896325744688511,0.102229964236418,0.994464973608653,-73.03124976402,-83.5270457530695,-50.2409801613998,-79.8192021592436,-60.7496023152664,-42.6935259427959,-101.414029844185,-113.901551226845,-65.1550759307877
27-Jan-2025 13:20:13,29,98,0.0822756797075272,0.400122944513957,0.044727220137914,-0.0441998484234015,-0.0435686513781548,0.345707241694132,0.936287224292755,-10.658641117531,-26.3840860592174,-19.861262195489,-4.70612980952425,-51.7090175511318,-36.3649954417439,-131.854610498395,-111.699678879038,-62.2459016378995
27-Jan-2025 13:21:10,121,99,0.0733295530080795,0.423310591777166,0.0535009170571963,-0.108198312918345,-0.0596627183258533,0.327552584807078,0.936719171206156,-80.0482919941927,-70.4784445125107,-41.0974631957323,-61.9313756632436,-68.6744634554464,-46.7661152807474,-157.952739972705,-126.203260260577,-80.3357851567435
27-Jan-2025 13:21:24,326,100,-0.0494204469025135,0.435390841960907,-0.0202979094038407,0.0350032034019629,0.0802665457129478,-0.208448207378387,0.974105342229207,-126.821560715406,-82.9236406586926,-47.7908619271406,-127.621671997333,-152.181252862149,-88.9903106424159,-76.0366860017327,-26.6528001339413,-31.031355751743
27-Jan-2025 13:22:38,31,1,0.00150166465124736,0.323085776964823,0.041893199334542,-0.0169156125436227,-0.00504279502977928,-0.00432243787993987,0.999834903081258,-11.1,-17.4749999999999,-5.47500000000001,-5.77500000000001,-15.9749999999999,-6.52500000000001,-8.62500000000001,-8.40000000000001,-10.125
27-Jan-2025 13:22:50,142,2,0.00715782797584931,0.324260085821152,0.0478417719403903,-0.036954261859258,-0.00249787893456717,0.0101472857718666,0.999262344837189,-14.5174839152962,-20.2334959813045,-6.55804813438675,-2.32369720581231,-13.0130309820066,-4.747818589204,-11.6811283307211,-15.0419246576041,-13.1497599961125
27-Jan-2025 13:23:23,53,3,0.000343391443796766,0.328517893950144,0.0381971217691898,-0.0191685520112514,-0.00333611456056436,-0.0444249667227268,0.998823265234629,-22.2718233800402,-5.29151362697263,-0.68489593965021,-15.4210142563968,-18.0642158368825,-10.5212521094044,-8.24788833211848,-9.60384880865605,-10.8848092851936
27-Jan-2025 13:23:35,64,4,-0.0102104309946299,0.32673317193985,0.0485052548348904,-0.0410316005349159,0.00119540363860627,-0.0721601143479347,0.996547985076904,-24.8853288992091,-24.8278468992208,-9.9390900745745,-8.29191989972763,-14.1316831997652,-8.04102151994468,-1.05217673478577,-4.46405481056125,-7.80093288633673
27-Jan-2025 13:24:06,25,5,0.00368241048417985,0.321505626042684,0.0383224984010061,-0.0413727596402168,-0.00387203395366669,0.0170104129860799,0.998991501331329,-10.5856006669077,4.14792944083958,4.69063522290302,0.314104770659183,-14.083851028399,-8.85027273851361,-10.5239012607444,-5.73759765245545,-5.84898846520055
27-Jan-2025 13:24:18,281,6,0.00126729654924323,0.342686194181442,0.0150633879005909,0.0596097668011983,-0.00262492612625162,0.0140435252338648,0.998119521141052,-18.2435811452716,-5.22626069216228,-1.29825641529738,-34.1363196572746,-48.735590127037,-27.4779299961334,-26.9122946916175,-29.5961192137021,-19.0800532467953
27-Jan-2025 13:25:06,35,7,0.002971840572233,0.351728550593058,0.0301765569796165,0.159944224357605,-0.00908083058893681,0.0644093960523605,0.984980642795563,-11.4222080861614,-32.9015575481569,-15.6607464548545,-55.5847810017438,-34.8851853852283,-19.315072191255,-46.5167486709358,-23.8527027507996,-16.2972466504798
27-Jan-2025 13:25:19,247,8,0.0280796136707068,0.357040653626124,0.0476830303668976,-0.0539228250583013,-0.0171569344898065,-0.0527998313307762,0.997000579039256,-52.5098572736906,-14.0800720630065,-5.93929323780396,-33.7483306720692,-35.4359919356447,-19.2797709009204,-32.0008126608599,-66.2607748672545,-37.190567281384
27-Jan-2025 13:25:52,70,9,-0.00321756424382329,0.348075880606969,0.0219308100640774,0.124716570973396,0.00977469496428967,-0.0945222561558088,0.987631416320801,-24.8125489077303,-28.3918187120462,-13.7072819156445,-55.5707886399625,-40.0269404289061,-27.7936105008717,-16.5984056226929,-28.3190535081971,-22.701353205176
27-Jan-2025 13:26:04,261,10,0.0239848136901855,0.35700008670489,0.0548655450344086,-0.160502667228381,-0.028838936984539,0.00529894853631655,0.986599814891815,-61.2183046283436,-21.0830018004938,-10.2340923760308,-16.135898806715,-18.6019982927444,-17.2623583489533,-46.8002472819578,-53.9426442525071,-35.6943674934934
27-Jan-2025 13:26:28,200,11,0.00810812792430321,0.358914879957835,0.0219921347995599,0.278519580761592,0.00443397021541993,0.0136626192058126,0.960323083400726,-1.80637330829381,-1.42529382141194,-0.0766580924632558,-81.4968801811154,-29.8921232787741,-18.3319655479416,-44.2549217276084,-34.2307175216863,-22.1195894590565
27-Jan-2025 13:26:42,114,12,-0.034268178542455,0.358361365397771,0.0651504586140315,-0.102185596525669,0.0238029727091392,-0.0590169437229633,0.99272780418396,-59.7454497654447,-74.3639352283171,-36.2943616676207,-28.0273554858756,-46.7903635522521,-26.5294685563855,-31.8033594746426,-1.8370731991822,-5.67115016950928
27-Jan-2025 13:27:31,333,13,0.0300999131053686,0.361153797308604,0.0467421412467957,-0.0561182327568531,0.00104347484496733,0.277288953463237,0.95914572874705,-26.9136330295395,-38.33131629024,-16.3481342670435,-19.2734720739703,-33.5733759872068,-20.1426193423241,-90.4715818350886,-39.2173572257232,-29.173757063741
27-Jan-2025 13:27:44,328,14,-0.0260334432125092,0.368299945195516,0.100737063090007,-0.172154239813487,0.0121159796913465,-0.041097129881382,0.984136315186818,-72.2980626125543,-104.057877110173,-48.1804497395307,-4.21593600738116,-23.2637266124149,-13.956829717449,-40.8428383492587,-41.7318318843904,-29.4000294555954
27-Jan-2025 13:28:07,376,15,-0.00185766827004651,0.370962997277578,-0.00204556530031065,0.183929554621379,-0.0419759877026081,0.108735335369905,0.976004159450531,3.04126432643689,-5.05838630159587,-0.0469849059575758,-72.6192676391439,-78.5256812521925,-39.8673688580532,-68.5301372339665,-36.7817200272884,-21.6874455040098
27-Jan-2025 13:28:21,1,16,-0.0212363460411628,0.358019461234411,0.0489106595516205,-0.111224564909935,0.0156291905169686,-0.122071474790573,0.986145726839701,-68.3917292801627,-46.1217657132433,-21.745846490128,-32.9259451822286,-44.9366819475127,-24.2400410840599,-24.5828301020131,-8.84030806212335,-8.88391139977398
27-Jan-2025 13:28:57,257,17,-0.00986837384601434,0.356839380661646,0.0194516278803349,0.063269234697024,0.00806581427653631,-0.0998438730835915,0.992956793308258,-42.5495366307101,-6.12915295680539,-2.08660503672677,-56.6964977315619,-54.4828162848819,-33.5818138025623,-25.53019117674,-25.9992523691664,-18.7735441812383
27-Jan-2025 13:29:10,3,18,0.00117274962831289,0.379142816861471,0.0186352965732416,0.329496773084005,-0.0208819848795732,0.0285374062756697,0.943494244416555,-17.1657355066001,-16.39038306275,-8.37020640015003,-106.92661373233,-43.6878075090835,-29.3372957251141,-66.3339333069487,-37.1347214391527,-25.4942650266824
27-Jan-2025 13:30:08,43,19,0.00762200765311718,0.366164499521256,0.0157157195111116,0.0657140458623568,0.00208425208305319,-0.0135268868257602,0.997744671503703,-40.6100331455526,-39.7693470308252,-25.3795964997446,-59.7843846858169,-75.2407146787904,-44.9369777380249,-46.1761884919811,-59.4966152317602,-38.2066678901061
27-Jan-2025 13:30:19,43,20,0.00836597743133704,0.370317016045252,0.0136515378952026,0.0600064121186733,0.00379307417509456,-0.024544554327925,0.997889014085134,-47.4524981170414,-39.029063407625,-24.9354263258245,-62.7072622400284,-79.0269360032607,-46.75606003794,-48.0997874561996,-63.8197721355347,-40.2942179796733
27-Jan-2025 13:30:44,147,21,0.0409915978709857,0.383354127407074,0.0384332311650117,0.118696063260237,0.011140505845348,0.29675941268603,0.947481385866801,12.8906317920729,-12.9199378153125,-8.12698074701264,-64.3614154929245,-3.02012244423034,-4.53793063201905,-111.430433910342,-68.2295704360137,-34.9010082730383
27-Jan-2025 13:30:57,96,22,-0.00521020209416747,0.365345199902852,0.0362417034804821,0.180240278442701,-0.012763289300104,0.108398588995139,0.977548054854075,-16.9041681292648,-44.7027431844142,-24.9349520307191,-69.0484380803281,-34.3959434291981,-21.1424097236586,-64.1439248806227,-7.78115295742661,-5.59336813290032
27-Jan-2025 13:31:51,139,23,-0.0208010220279296,0.384809782107671,0.0129520024483403,0.128119492530823,0.0279124397784472,-0.193766649564107,0.97224524418513,-70.8287207784513,-32.4788017594004,-30.775742103955,-98.8564107915781,-78.2762298354129,-46.2548937906338,-36.2251848370148,-43.3783149266426,-27.6100968661416
27-Jan-2025 13:32:04,100,24,-0.00809611435979605,0.407145696878433,-0.0279199900726477,0.270449835062027,0.0353937069574992,-0.103272540370623,0.956524304548899,-53.5456139310538,-14.3637104945242,-21.6127233670267,-126.71299186751,-125.275976249093,-69.6492938929836,-63.5018459717979,-81.3437374263469,-46.4873350115036
27-Jan-2025 13:32:58,155,25,0.034597319116195,0.390748035907745,0.0166862080494563,0.171681412061055,0.0212999602158864,0.0366471653183301,0.984240253766378,-43.6183479356515,-53.6704615814569,-30.1945254840296,-93.8306394770608,-86.446534287358,-49.4727895247156,-77.140697459503,-95.2615069087011,-58.532339807663
27-Jan-2025 13:33:12,169,26,-0.00896490874389807,0.382034820318222,0.0536538590987523,0.0347330724199613,-0.000784571329131722,0.157378414273262,0.986927072207133,-47.0098185928563,-76.4783867697107,-41.8385273296619,-59.2314790768199,-56.9095330306315,-34.9443281478577,-90.0345740518865,-30.4603853215538,-26.3718182655947
27-Jan-2025 13:33:58,257,27,0.0261527954290311,0.372241620222727,0.0243654023855925,0.14810326397419,0.00508064369981488,0.108812357982,0.982954506079356,-24.8380000321386,-45.0182286729955,-22.9320614713745,-70.1046055262517,-59.4854757939933,-36.4483077391402,-72.7587107078262,-66.6824200594622,-43.9852955653419
27-Jan-2025 13:34:12,316,28,-0.0411480079094569,0.385878000656764,0.103768676022689,-0.243146683772405,0.00495602538188299,-0.123226897418499,0.962115510304769,-106.429131658121,-112.167799730722,-56.382212457182,-5.610956053848,-6.94852535416087,-10.0551979761684,-45.3680228611834,-41.9558687001204,-31.4973853426154
27-Jan-2025 13:35:04,108,29,-0.0140704785163204,0.376840939124425,0.0290922868996859,0.101934069395065,0.00173966526053846,-0.182041197021802,0.977991549173991,-67.46056347976,-53.8827895419672,-28.8502358589682,-87.6100592546777,-55.0413125382179,-36.5833175741262,-31.9168251992632,-40.317856826506,-25.9783312723333
27-Jan-2025 13:35:17,338,30,-0.0164532985538244,0.40135931968689,0.0981565162539482,-0.180055699745814,-0.0320984475314617,-0.142402826746305,0.972764480113983,-117.593138154267,-117.05632065863,-60.7229064747295,-60.9215866137543,-7.95524980611086,-13.3261912655024,-61.9108003494335,-77.8319798623423,-45.0212978476811
27-Jan-2025 13:36:29,297,31,0.0687475219368935,0.415406382083893,0.0563853013018767,-0.0878161509831746,-0.0238693661987782,0.355357911189397,0.93028994401296,-69.8842629545255,-77.7335171552329,-41.4121287861779,-56.8473344763804,-60.3826848955873,-42.57613162827,-152.559757830371,-115.675579879208,-69.2009336044413
27-Jan-2025 13:36:44,331,32,-0.0522449294726054,0.417707924048106,-0.00863006313641866,0.218502187728882,0.00243284587437908,-0.176620343327522,0.959716689586639,-85.5175817703668,-95.4702523314536,-51.0051389940698,-135.714283212477,-124.856385227021,-75.5376244137684,-45.5702291745135,-26.8088475792543,-25.4922100742461
27-Jan-2025 13:37:40,73,33,-0.00452837118258079,0.399373918771744,0.0903612951437632,-0.141285906235377,0.0396840405960878,0.105582690735658,0.98352214495341,-91.4897777325216,-118.28444883749,-68.4622547836793,-50.5055704645997,-58.2398836883175,-41.822190558449,-100.7837811115,-72.2100400682161,-50.5464296979083
27-Jan-2025 13:37:54,27,34,0.0057767526867489,0.412384810050329,0.0296972217659156,-0.0933504347999891,-0.0020549678709358,-0.126288582881292,0.987589331467946,-120.424275869875,-40.9586504322458,-31.8748900459097,-91.6041346855089,-86.2506317930818,-57.9030990756837,-78.6864792979191,-87.0676852837792,-60.0507867705424
27-Jan-2025 13:38:37,245,35,0.0533612507085005,0.397736326853434,0.0600220094124476,-0.0532435928781827,0.00874596815556288,0.26872353553772,0.961704913775126,-58.2436752440935,-78.4110363772561,-43.5014281659557,-50.9373266847994,-56.6789784267516,-41.0765172287799,-121.88836531538,-100.269351759971,-67.8662680774742
27-Jan-2025 13:38:52,281,36,-0.0349296952287356,0.373130849997203,0.0451844113568465,-0.0465346448123455,0.0122794841105739,-0.174996141592662,0.983392079671224,-78.2551390171531,-69.0391850292592,-39.0058281719457,-58.2412944610454,-58.5822352266358,-42.2184713087104,-11.2399158860603,-14.0628805773844,-24.9533581661692
27-Jan-2025 13:39:23,45,37,-0.0071565655991435,0.399049001932144,-0.0153572351361314,0.308795098463694,0.00391760929487646,-0.0659086520473162,0.948834196726481,-43.2289327379019,-8.01818944369125,-5.13320309469941,-125.701085832863,-102.073521362817,-62.0814369366992,-65.5358195119394,-61.7954957365864,-42.3771899219555
27-Jan-2025 13:39:36,39,38,-0.0199662877867619,0.399519282579422,0.0510158961017927,0.0602471843361855,-0.0101072036971649,-0.225779455900192,0.972261166572571,-100.983963131679,-73.0116057344976,-39.359651692374,-102.863681723384,-43.7985162119762,-34.6736748135501,-46.9015544154781,-47.2270784320612,-36.8227217219643
27-Jan-2025 13:40:32,240,39,0.0104637946312626,0.42607053120931,0.0516155332326889,0.0476706350843112,0.00697035208965341,0.166421161095301,0.984877109527588,-94.7118867313696,-96.9674257201352,-56.1949956873604,-109.401862678775,-79.5679308872775,-49.9430410755482,-139.562586327123,-82.8911056309853,-55.1969950539176
27-Jan-2025 13:40:46,325,40,0.0280114449560642,0.420322187741598,0.0752658436695735,-0.243297700087229,-0.0369099395970503,0.0476534967621167,0.968076944351196,-127.837270097398,-94.0632294994506,-54.310198688178,-35.2105422748354,-75.2409419988768,-47.3468477425078,-113.723807801482,-113.881465407661,-70.2594760534154
27-Jan-2025 13:41:35,326,41,0.0322712361812592,0.416674635807673,0.0574777488907178,-0.20168467660745,-0.0526142517725627,-0.0375913081069787,0.977313661575317,-128.016978096844,-78.0410248532616,-43.3075940155036,-71.3472941365728,-72.0734558298905,-45.0352147695247,-102.048204669706,-110.376402528224,-67.6703551292787
27-Jan-2025 13:41:49,36,42,0.0376972412069639,0.418130308389664,-0.0174136028935512,-0.00869019726912181,-0.115230337282022,0.22556967039903,0.967349259058634,-50.6539911496766,-22.7370791234707,-11.9442823314295,-76.5331296020498,-139.127623763884,-74.8509599173426,-131.945535302258,-115.814368405008,-66.6779992484925
27-Jan-2025 13:42:40,293,43,0.0220716716100772,0.385463130474091,0.0646237219373385,-0.241040266553561,-0.0558566006521384,-0.0641754746437073,0.966778759161631,-105.557807362889,-56.6318437606682,-35.1945121924233,-35.4943015429061,-51.062311725461,-31.2029576710713,-68.1993317526539,-82.2568619348058,-50.0795499883672
27-Jan-2025 13:42:56,362,44,-0.0435719015697638,0.427500647306442,-0.0571203947067261,0.219707877437274,-0.0769103686014811,0.0195378029098113,0.972332998116811,-58.3883350674949,-48.5084764321485,-31.9582916677943,-120.967745689383,-171.827902388177,-92.4112161420599,-94.5147795382722,-42.1831708098203,-30.8681675655053
27-Jan-2025 13:43:39,181,45,0.00235277921892703,0.405045835177104,0.0748778944214185,-0.288865280151367,0.00850511907289426,0.013372143668433,0.957238594690959,-125.703389395324,-85.7516660533217,-48.3946483575694,-45.227427678049,-66.3514462453571,-21.8536530651112,-99.5076822606828,-71.1204803061764,-43.7653124091623
27-Jan-2025 13:43:53,29,46,-0.0362114109098911,0.405766226847967,-0.00886985032508771,0.0695978115002314,0.070003612836202,-0.244255131483078,0.96467353105545,-95.7199225851902,-27.2522996617267,-19.3795797048586,-110.541298738291,-119.153931759542,-48.4895103652902,-32.9559424356342,-30.6441672693916,-23.7617704338567
27-Jan-2025 13:44:54,97,47,-0.0101776313657562,0.411674823363622,0.00555376975486676,0.0473637893795967,-0.0134893346577883,0.018996786698699,0.998605970541636,-89.1481161352687,-66.062861690385,-41.6254431505141,-99.3712663358463,-121.94178961015,-59.2319732795576,-99.3313817771793,-60.1361360714412,-43.4927013743532
27-Jan-2025 13:45:08,293,48,0.0505041800439358,0.400539284944534,0.069219941397508,-0.0634612043698629,-0.022521481414636,0.00498036307593187,0.997717734177907,-83.8158317608847,-77.200129690568,-45.973303575651,-66.6143802389494,-40.3891224057964,-17.2348661024262,-79.8847503688176,-121.173176622387,-72.7904480748718
27-Jan-2025 13:45:31,17,49,0.0193842995911837,0.450763620932897,0.11061042547226,-0.208871501684189,0.080131429930528,0.218242840965589,0.949905836582184,-137.625333644778,-155.762018622891,-83.0331239906117,-36.1082949010361,-36.4246029767135,-17.8604581155023,-166.738730548692,-131.829409565569,-74.4571225493345
27-Jan-2025 13:45:47,170,50,0.0101485243067145,0.403292540709178,0.012345465272665,0.33464032014211,0.000925505460084726,0.0238706069688002,0.942043093840281,-24.5111730581576,-31.8728654914058,-20.1034073438021,-129.515614427275,-75.0568992519866,-36.1914661720716,-84.2949488192537,-70.1207438313852,-42.6176496011753
27-Jan-2025 13:46:57,217,51,-0.0031217556912452,0.441879896322886,0.103868488470713,-0.303754907846451,-0.0135137271756927,-0.0434673999746641,0.951662230491638,-165.037748654345,-144.444130629126,-83.063305472498,-76.7310470614204,-73.5642183058625,-54.0963791482544,-121.649798734043,-117.849780313236,-69.8862744289729
27-Jan-2025 13:47:12,382,52,-0.0114217105011145,0.416917677720388,-0.0265277224282424,0.138732519745827,-0.0863889664411545,0.148151063919067,0.975367367267609,-60.6671194317201,-23.6539587450401,-21.6272192715033,-103.807890888404,-135.240967074616,-83.8937532736792,-112.916713164644,-64.7562233119447,-42.2984956693754
27-Jan-2025 13:48:20,84,53,-0.0433680372933547,0.398712833722432,0.0267897917578618,-0.0133921718224883,0.0194635679324468,-0.146724032362302,0.988895312945048,-98.1129753955932,-91.8600025502098,-58.8436260241137,-86.3744111881818,-111.90737089812,-67.3788339801613,-54.8273573384186,-51.3398499743308,-32.3061143641118
27-Jan-2025 13:48:34,47,54,0.0552344034115473,0.418872998158137,0.0101973748455445,0.139755014578501,-0.000172613751844134,0.156044605374336,0.977812258402507,-30.706621202876,-19.4458428351298,-24.3249277133174,-105.131026056587,-111.166137833718,-68.6965989947044,-118.742719687954,-128.78527754375,-72.7172096955649
27-Jan-2025 13:48:58,259,55,-0.0561444995303949,0.409891333182653,0.0583800859749317,-0.177497831980387,0.0446566174427668,-0.23061677912871,0.955675665537516,-135.224995785612,-107.382918139223,-60.4627374897008,-77.0706148510849,-99.1611287138079,-56.4326135314384,-22.8606441786658,-34.8109596617485,-20.6630331356605
27-Jan-2025 13:49:11,44,56,-0.0343169502913952,0.418427167336146,0.0728451470534007,-0.0386831407745679,-0.0294624934593836,-0.257311310370763,0.965104381243388,-129.924358937203,-120.133731253666,-69.4154976790502,-110.610770929659,-48.9077310319372,-33.883268322631,-59.6148784588095,-69.800922931696,-40.7353684027623
27-Jan-2025 13:49:56,394,57,-0.0223692045857509,0.411284043391546,0.0425037985046705,-0.00578450923785567,-0.00342873361272116,-0.288271506627401,0.957525130112966,-125.794696484116,-83.2683694550447,-47.556778340074,-113.237609881072,-74.4046227269463,-44.927799216646,-50.2993837975861,-60.701725307498,-36.9165862793769
27-Jan-2025 13:50:11,100,58,0.0862024992704391,0.419313486417135,0.0355074010789394,0.167087262868881,0.0811178053418795,0.0975482265154521,0.977745326360067,-15.3613837622456,-14.8411378442985,-11.529038209639,-105.245772405547,-69.0104879114495,-40.4166074838356,-104.549018433003,-150.730642781266,-80.1169206911991
27-Jan-2025 13:51:16,243,59,-0.0124407516171535,0.432352209091187,-0.0273872926831245,0.347639159361521,-0.00611129788060983,-0.0385496695836385,0.936815694967906,-67.0034425644634,-73.8256548013892,-45.9075706323629,-159.290546174512,-138.299631558882,-81.9335149948189,-100.670604841414,-89.9487875221095,-52.4156945699897
27-Jan-2025 13:51:32,327,60,-0.0210833503554265,0.401710832118988,0.0921256343523661,-0.0305139330526193,0.012923894263804,0.0139111063132683,0.999353953202565,-83.2404261448165,-125.440389519821,-69.7846984746477,-73.248847897702,-10.2671918815068,-15.9870556392,-80.9193763642986,-65.1465672171725,-38.0843449005899
27-Jan-2025 13:52:32,333,61,-0.0390649663905303,0.40111477971077,0.0883700519800186,-0.219480218489965,-0.00854541367540757,-0.211257548133532,0.952431456247966,-131.399375649817,-110.668464336319,-65.5429000530697,-63.8962821048122,-59.0966898667852,-37.563999673556,-50.2346604306417,-52.0511005988912,-31.0699895437172
27-Jan-2025 13:52:47,196,62,-0.0257760126143694,0.408715736865997,-0.0302122332155704,0.277439238627752,-0.0496444957951705,-0.000505914401340609,0.959459471702576,-35.6465945358563,-48.1907851299246,-34.4378596027899,-123.685279578724,-125.501878371083,-70.9003930786226,-81.3434095782181,-46.3078690933176,-28.332172943848
27-Jan-2025 13:53:43,305,63,-0.027805059030652,0.399219526847204,0.0794469585021337,-0.0436112066109975,0.00918146160741647,0.0148289230962594,0.99889634847641,-87.9516595693541,-115.47033502701,-68.1997741803212,-74.1503895918482,-63.0004717435999,-41.4683448296413,-84.3010113799887,-52.4054103036546,-33.972690069052
27-Jan-2025 13:53:58,367,64,0.0473859007159869,0.432203716039658,-0.00793409602095683,-0.0205201059579849,-0.0438130582372348,0.0851271877686183,0.995194832483927,-102.4289547185,-30.571132423028,-26.343223891699,-96.096239525811,-144.922726444423,-83.0225231934216,-121.52192043085,-144.360524162264,-80.5432980117257
27-Jan-2025 13:54:40,361,65,-0.0350709944963455,0.39893475373586,0.0856517359614372,-0.172719913721085,0.0180132986356815,-0.0587680404384931,0.983051220575968,-109.665632108555,-116.13547012644,-69.2681691330689,-57.6371017813174,-63.4897776584555,-42.734582907988,-74.8285850905071,-53.4839382235176,-33.44508487754
27-Jan-2025 13:54:52,86,66,-0.00172987032371263,0.402374960978826,0.0891355579098066,-0.170714581012726,0.0440486113230387,0.122222338616848,0.976717901229858,-94.8343434401526,-118.176719164412,-67.4767999849161,-42.6978156140632,-16.2060784783474,-16.2807396507952,-105.571830906257,-78.2839545070659,-43.0330993521754
27-Jan-2025 13:55:42,219,67,0.0176123447716236,0.407104627291361,0.0133778518686692,0.16334291100502,-0.0054807621675233,0.125081834197044,0.978592693805695,-59.6750872249219,-64.8616315139106,-40.3017857126298,-104.636691826211,-93.2026295653742,-60.216923606216,-108.414755740828,-87.167523776984,-54.1560652628608
27-Jan-2025 13:55:57,314,68,-0.048109841098388,0.390338418881098,0.0810469294587771,-0.22957906126976,0.0228062416116397,-0.201471783717473,0.951936097939809,-120.14938579606,-99.0190189653815,-55.1641977352327,-48.1869038596468,-55.2513487803037,-39.0250015105483,-12.1683533536085,-15.7366069952161,-16.2243251688443
27-Jan-2025 13:56:57,78,69,-0.0199778065085411,0.422600785891215,-0.0173036736746629,0.180615891019503,-0.0270164130876462,0.00713536366820335,0.983156724770864,-79.7943959261607,-74.2145696420757,-42.9713098399799,-126.095186971232,-137.877532520058,-81.5376195762975,-101.846574983327,-65.7689786345332,-44.2241736162842
27-Jan-2025 13:57:10,299,70,0.00510774434854587,0.389743721485138,0.0233639121055603,0.256148894627889,-0.000305049076359865,-0.0262558942039808,0.966280575593313,-20.7670399676839,-67.111054993791,-38.7092010510091,-105.128882683654,-73.1438587909514,-48.4604312469157,-63.0159587127254,-72.1268104768131,-46.6927380725957
27-Jan-2025 13:57:32,191,71,0.0528016063074271,0.387790779272715,0.026107361043493,0.0110370983680089,-0.0427534994979699,0.276697905858358,0.959941891829173,-4.20609918238691,-17.2747283561404,-9.52612104105151,-49.8290149965107,-78.253395494516,-42.6703776223011,-110.86871186382,-90.8718944141525,-50.2250262808233
27-Jan-2025 13:57:47,234,72,-0.0606582159797351,0.393899504343669,0.0698884497086207,-0.0849440082907677,0.00364292125838498,-0.183035308122635,0.979421571890513,-101.995923323981,-115.352054203712,-60.6701116467224,-71.6526088368971,-80.6894875584199,-45.9937513361379,-17.2870327535625,-27.4631651270339,-20.6259893191489
27-Jan-2025 13:58:56,105,73,-0.0177828196436167,0.384975743293762,-0.0111254952847958,0.227428790926933,-0.0333268019060294,-0.00775281849006812,0.973193418979645,-36.625879951204,-54.5628494336507,-31.6883516738734,-98.254216395777,-101.787308373066,-59.253051513011,-59.7759822330471,-42.1845408138497,-30.8618510400843
27-Jan-2025 13:59:10,34,74,0.0617269285023212,0.404404719670614,0.0721992795666059,-0.165177731712659,-0.0876395498712858,0.0323213561127583,0.981826055049896,-98.7524814377745,-76.3482228871852,-41.8690202243506,-14.2198862229594,-2.40198647160641,-8.84837238599136,-88.9539648028301,-133.294017718449,-75.7045713160939
27-Jan-2025 14:00:05,120,75,-0.0274081276108821,0.418532019853592,-0.00902433147033056,0.216142578919729,0.055435898154974,-0.244502052664757,0.943624949455261,-94.9619261717695,-69.3465963759706,-40.7982788324233,-144.613699858182,-117.056312329906,-70.2668808575052,-57.5692826613683,-63.0791047550049,-41.6958524307246
27-Jan-2025 14:00:19,367,76,0.00988465361297131,0.418034346898397,0.0387028726438681,-0.0451505869626999,-0.0150121405099829,0.158911710977554,0.986145615577698,-97.831568707075,-71.9425319113584,-42.3558401536559,-86.9764899406341,-86.8777049154361,-55.4371707038089,-129.904826267076,-71.8555197132882,-46.3436534634051
27-Jan-2025 14:00:41,189,77,0.0696351567904154,0.398639682928721,0.0521436671415965,-0.063157245516777,-0.0313023433089256,0.399072513977687,0.914205904801687,-41.2363198657196,-43.4399367307925,-24.8260474169698,-22.1483063694901,-14.0613036772017,-12.9436117776302,-139.626863168688,-95.5894972183001,-52.7664799358438
27-Jan-2025 14:00:55,108,78,0.0153496710583568,0.39221632083257,0.0888844346006711,-0.191401108105977,-0.0256820728381475,0.0140408697848519,0.981075378259023,-96.9929757698894,-94.2306462854938,-49.4840283182224,-20.3679621357342,-6.68756491622122,-8.51936852104185,-76.9356463236179,-92.9003746285972,-50.6845447648943
27-Jan-2025 14:01:50,306,79,-0.012503543185691,0.374545168876648,0.0205400307973226,0.286857656637828,-0.00108913250733167,-0.175454884767532,0.941768078009288,-39.4866623560363,-44.6705106346274,-22.0548866324864,-109.030784453345,-46.3362648544146,-30.0662130495067,-26.0754087903989,-36.3229769341458,-21.851438490534
27-Jan-2025 14:02:05,309,80,0.0223956637084484,0.374226492643356,0.0669422720869382,-0.147461970647176,-0.0112792958815893,0.110034408668677,0.982862941424052,-66.4400468044876,-66.2759640570649,-31.6573819000253,10.3469158773206,-1.87675441303734,-6.63622638513828,-78.0421855080307,-71.0259988247129,-38.0027179921377
27-Jan-2025 14:02:31,9,81,0.0217959586530924,0.398178178071976,-0.00224698442810525,0.249943079551061,0.0421339804927508,-0.00824371837079525,0.967308151721954,-28.0000491889286,-25.6945747359132,-13.1030349674029,-114.086532493982,-95.4259750683425,-51.9704686505796,-73.7145397906584,-98.6575898852557,-49.7321944669464
27-Jan-2025 14:02:47,352,82,0.0168786586572727,0.389487206935883,0.0823342983921369,-0.209862334529559,-0.0243961816032728,-0.00623668531576792,0.977406207720439,-98.9963799390875,-81.8404915173827,-40.0465847422078,7.91504111356903,1.43634892348803,-2.40989803873446,-72.4985471719294,-86.3516317162163,-42.4498067664968
27-Jan-2025 14:03:19,320,83,0.0600448640684287,0.396724824110667,0.0152040498331189,0.041453842073679,-0.0185196879009406,0.178904068470001,0.982818361123403,-44.2705706093541,-13.556485673784,-6.51203646719789,-67.9861896837301,-91.3529531754072,-53.7486458398891,-101.771534657943,-121.866798483153,-66.6285114050465
27-Jan-2025 14:03:32,130,84,0.0734096532066663,0.367103117704391,0.0467630590001742,-0.0240312373886506,-0.0232198841869831,0.228747101624807,0.972912069161733,4.05516386860685,1.85244692893549,2.7333230944338,-12.1225714176286,-30.2225370762955,-21.6425445300613,-77.212746539593,-87.7275633761238,-48.01800059126
27-Jan-2025 14:03:55,268,85,-0.0271527054409186,0.379443420966466,0.0222208411743244,0.0778942008813222,0.0361407513419787,-0.257996340592702,0.962322302659353,-77.7386440106514,-23.4795308472048,-10.9663991164651,-91.5261906009683,-64.9711434069242,-35.8814020706633,-3.13038209679666,-0.340973251499404,-2.56527215592253
27-Jan-2025 14:04:09,119,86,0.0263764059791962,0.381900399923325,0.080082560578982,-0.141224833329519,0.00964895461996396,0.125444183746974,0.981950128078461,-69.1223690589576,-82.6803089585638,-42.2977789646371,-31.3775156450473,-15.8639431148689,-13.0587927171282,-85.6571721837899,-82.3420027446623,-45.2967776949965
27-Jan-2025 14:04:44,372,87,0.0381682239472866,0.39152883887291,0.0261077586561441,0.213012981414795,0.0390088364481926,0.136023316780726,0.966747903823853,-31.1987857962794,-12.0441051010433,-6.82099932635783,-95.1417387683812,-55.3125992715398,-37.7398536121739,-94.5190597026736,-85.3350089173997,-49.8130197239192
27-Jan-2025 14:04:57,113,88,0.046727696309487,0.432110639413198,0.0118180666739742,0.168798373142878,0.0420985733469327,0.0350962964197,0.984125530719757,-84.8573055904215,-17.4507215288336,-10.064969183032,-131.366857048444,-108.151141339948,-64.6997862891573,-113.552548495354,-144.273323046378,-79.8228384311875
27-Jan-2025 14:05:29,68,89,-0.00918411736687024,0.38147234916687,0.0846028019984563,-0.263147511084874,-0.0085499436284105,-0.114359133938948,0.957915604114532,-107.829995263178,-82.7926998872871,-40.3489396771326,10.7745548287899,5.67704514880072,-0.41887962277125,-50.1251526580494,-63.4455780859637,-34.2611555918905
27-Jan-2025 14:05:43,299,90,0.0289331059902906,0.377838466564814,0.0380248116950194,0.0581158948441346,0.0100742980837822,0.00692718584711353,0.998234923680623,-51.307749991624,-21.5312599158114,-10.5359353928418,-68.9116334773232,-50.6580827778448,-29.4041592875411,-63.3188342846783,-83.6736885636547,-45.192926532183
27-Jan-2025 14:06:28,191,91,0.022233642389377,0.390437229474386,0.0527559767166773,-0.236308570702871,-0.034044964859883,0.123315181334813,0.96321990887324,-95.0363008596244,-41.5284501341456,-21.9413342186307,-33.3068377014119,-51.6697089077202,-33.8893787006579,-101.760786025674,-65.7534306005267,-41.3592054302591
27-Jan-2025 14:06:41,262,92,0.0569530241191387,0.421790057420731,0.0653584912419319,-0.259537786245346,-0.0875578030943871,0.122169545292854,0.953964559237162,-121.700755074412,-72.266001266212,-37.3279653355746,-51.0639047538172,-51.8482644168265,-33.9965120061216,-128.056867620203,-124.926117418155,-70.9634043899838
27-Jan-2025 14:07:04,387,93,0.0370829164981842,0.433189656337102,-0.00398510716234644,0.298453382651011,0.0496886931359768,0.0381719246506691,0.952364857991536,-56.7527966599338,-17.3660347146478,-10.1289378620052,-149.735573467272,-111.444269380193,-60.1567716057963,-112.010425266164,-135.469768410011,-73.8834877696338
27-Jan-2025 14:07:19,126,94,0.0446529239416122,0.395403093099594,0.0312220747272174,0.0239649143069983,-0.0303272030005852,0.347312059005102,0.936952555179596,-19.3805537348917,-13.5230462707763,-7.82314479568229,-56.529156024593,-67.6868333265308,-37.8937547345781,-129.651978574915,-78.7798909013937,-45.1542501709379
27-Jan-2025 14:08:29,31,95,0.0563191123306751,0.402047445376714,0.0447204279402892,0.0340588500102361,0.000298813084373251,0.337487930059433,0.940713473161062,-44.7655050304868,-60.018939584699,-31.1260222674272,-66.8837250160029,-60.8230583124467,-38.1224487002092,-136.378572958999,-96.774245910105,-59.167509530832
27-Jan-2025 14:08:43,317,96,-0.0127372957145174,0.384586598475774,0.0833896284302076,-0.245791345834732,0.0132780099287629,-0.00204868560346464,0.969229638576508,-99.7256734536313,-86.5177987294,-42.0045987622265,12.1906949083516,-23.3067812742839,-16.9934571035766,-71.1411368643091,-54.382709503057,-35.6008882497569
27-Jan-2025 14:09:46,147,97,-0.0355891235172749,0.419130740563075,-0.00908597291757663,0.288256615400314,0.00188221504601339,-0.190573679407438,0.938395587603251,-81.1729162710945,-87.0291980090941,-43.8574068995256,-149.882836718941,-123.644650783375,-65.4248256845189,-63.5553640446851,-54.064255128541,-40.5693450803278
27-Jan-2025 14:09:58,235,98,-0.0420334212481976,0.413580256700516,0.0612868405878544,-0.0297737788408995,-0.0214966417600711,-0.292586479584376,0.955532419681549,-128.427305011609,-104.20917614565,-50.5808525791216,-106.111506574194,-84.5437744484937,-44.0078441283963,-33.8334802724996,-35.3988212417221,-29.3700847482364
27-Jan-2025 14:10:51,74,99,-0.0198525048792362,0.408998095989227,0.0569095946848392,-0.0587588106592496,-0.0143941381325324,-0.222164116303126,0.973130691051483,-123.898560056094,-94.407458397188,-49.6939847649693,-100.459124065844,-72.571810174826,-43.3685157161129,-61.2517175159945,-57.9498351769928,-41.0998705361391
27-Jan-2025 14:11:06,31,100,0.0589097154637178,0.425410813093185,0.0155056950946649,0.0233128915230433,-0.0601406040290991,0.344775629043579,0.936465887228648,-37.2669659993021,-32.2343636255615,-18.2017828044889,-85.500236242275,-112.243680960228,-62.7987965341468,-158.548234036092,-118.350284773006,-70.8944407594784
27-Jan-2025 14:12:24,62,1,0.0014574586879462,0.323741902907689,0.0421129964292049,-0.0133656098817786,-0.00660968233520786,-0.0032582642044872,0.999883556365967,-12,-16.7999999999999,-5.92500000000001,-9.525,-15.3749999999999,-6.67500000000001,-9.075,-7.95000000000001,-10.2
27-Jan-2025 14:12:35,331,2,0.0024201810049514,0.327917110919952,0.0418267627557119,0.00528774854416649,-0.00976717049876849,0.00689719008902709,0.999914558728536,-13.4521964087014,-19.0776861676571,-7.02444797351453,-15.7453428764917,-14.9810710553558,-6.43864263321354,-15.2802158918426,-9.86994432787871,-11.1205751963073
27-Jan-2025 14:13:21,121,3,-0.0048671613757809,0.331194933255514,0.0452921271324158,-0.0461953016618888,-0.000163962339865975,-0.0827341164151827,0.995500409603119,-31.5765768127571,-24.1474177357938,-7.04095064147643,-17.4980183069054,-17.3280722413136,-8.67503498495521,-6.05738923849705,-11.4938084565935,-10.2391400584586
27-Jan-2025 14:13:34,154,4,-0.0263493531694015,0.334021806716919,0.0570486908157667,-0.0391410887241364,0.00138633754104376,-0.0617744639515877,0.997321359316508,-26.6469255477916,-53.2460334741935,-21.2630643600712,-15.5012123679317,-28.4586115787856,-13.9131140484455,-8.80505752069942,-5.65038707847932,-6.99023224708758
27-Jan-2025 14:14:10,261,5,0.00502674945940574,0.341469196478526,0.0447992667555809,-0.0715345586339633,-0.00113524917202691,0.0285041678696871,0.997030146916707,-35.0804309004254,-31.2742226163173,-12.9158942481473,-16.2968766099482,-25.5316975785343,-17.2915185471206,-34.1303387788614,-22.4344041438064,-18.3959751061958
27-Jan-2025 14:14:22,327,6,-0.0172922119498253,0.344114659229914,0.00923719195028146,0.162771348158518,0.00376296732574701,-0.09784783522288,0.981792783737183,-15.9967584346296,-26.2902210513263,-9.94656770713585,-56.5618664698316,-47.6858688291599,-27.8912746536878,-8.4890559862468,-10.4645042758905,-11.9337025655343
27-Jan-2025 14:15:09,307,7,0.00317109228732685,0.349196521441142,0.0152527449652553,0.134223901232084,-0.0232619803398848,0.114777565499147,0.984006595611572,-4.90012653837028,-31.2554475274073,-13.3138935164444,-45.7369780033513,-51.4428022420679,-33.5560201916395,-50.5234373779305,-23.2704231198826,-20.421371406986
27-Jan-2025 14:15:21,150,8,-0.0224778730422258,0.354468005895615,0.0118631197139621,0.00375212401462098,0.0272822452088197,-0.118338141342004,0.992591412862142,-48.5533440879434,-31.9996211811447,-13.1944094289749,-46.0423618801588,-65.4625698080831,-40.0743325231333,-17.8515511935364,-2.77089382965521,-9.68003629779307
27-Jan-2025 14:16:02,76,9,0.056437720110019,0.349293065071106,0.0455589843293031,-0.0186290670186281,-0.0221116273353497,0.217484493056933,0.975635464986165,-8.88885628803923,-29.3405809454961,-2.89966106729759,-13.3851045940277,-25.6384615070304,-20.072837824862,-66.4388939587798,-65.2376434193801,-41.9231774456957
27-Jan-2025 14:16:16,259,10,-0.0110576101268331,0.343599985043208,0.0359244724114736,0.179577278097471,-0.0147389698773623,0.0043703932625552,0.983623731136322,-4.21532057390444,-41.0874379589833,-8.00913618704852,-53.6251839282376,-13.1525409684412,-13.0659241685748,-25.6239999211867,8.8334765098698,-4.12366409407803
27-Jan-2025 14:17:03,2,11,-0.0136438159272075,0.363555455207825,0.0436663801471392,0.104066019753615,-0.0113248674198985,-0.047548762957255,0.993368585904439,-40.96319846189,-62.3276986780681,-30.3483208895477,-65.8287831441384,-42.0229692096863,-27.5705832571541,-40.8400551665066,-30.9008169196977,-21.7223651518185
27-Jan-2025 14:17:15,114,12,-0.0388048474987348,0.364576701323191,0.071573406457901,-0.108253203332424,0.016134686768055,-0.0922763844331106,0.989699900150299,-67.4845122654446,-92.7975289783171,-45.2193616676207,-33.4836054858755,-55.330988552252,-33.8607185563854,-29.6705469746426,-27.2620731991822,-19.5391189195092
27-Jan-2025 14:18:03,256,13,-0.00261179395020008,0.37267249027888,0.055122526238362,-0.18048543035984,0.0171076184759537,0.0484889234105746,0.982232781251272,-78.0722940130891,-60.8510187657925,-31.1377900688263,-28.9947676640595,-45.7688591834419,-30.5840326919483,-71.3158104586309,-36.5377589157048,-24.5123952852381
27-Jan-2025 14:18:16,237,14,-0.00476384662712614,0.367481468121211,-0.00586301578829686,0.142312519749006,-0.0297990186760823,0.0846513922015826,0.985745072364807,-20.0165788479969,-38.742132757178,-20.2096509312987,-63.1140643069973,-81.796400836737,-48.7241073853755,-57.8120599096839,-33.9888219416588,-23.3642306649948
27-Jan-2025 14:18:57,131,15,0.0158573477218548,0.366401588916779,0.0665912265578906,-0.0626159206032753,-0.0051443772080044,0.0640091111262639,0.995969728628794,-51.9319960804142,-71.3063631812911,-37.2335867984449,-35.9436738715409,-41.6305965334669,-7.47687354507998,-63.1516011885657,-64.5874629371479,-42.0022468178291
27-Jan-2025 14:19:09,396,16,0.0505145572125912,0.365019959211349,0.0475223779678345,-0.0609226308763027,-0.0160678966591756,0.322738448778788,0.94438879887263,-20.9562979358268,-25.1835043964615,-13.464003575213,-8.07244132321502,-34.5490582252958,-3.22795056017728,-99.3339911327771,-54.1295625664722,-36.0651428016741
27-Jan-2025 14:20:02,50,17,-0.0111744863291581,0.362306569019953,0.0270605362951756,-0.0569655554989974,0.0113017399484913,-0.0365916885435581,0.997641368707021,-58.0946753816931,-42.6814070114148,-21.6581878922336,-41.2140795454563,-67.9585265472217,-31.9373415588093,-44.3569569610025,-29.8629765298229,-23.2130202928933
27-Jan-2025 14:20:15,295,18,0.0169915293653806,0.350363550583522,0.0510051757097244,0.0131336448093255,-0.00926212587704261,-0.0911305715640386,0.995709264278412,-38.2303902433503,-36.598135376212,-18.6878661020271,-37.9716606962703,-20.2243922802842,-8.14158845273538,-18.267869727078,-52.9412177811693,-34.8234549459614
27-Jan-2025 14:21:08,63,19,-0.00676447593917449,0.38189305861791,0.0825693503022194,-0.213708989818891,-0.0424899647633235,-0.157581438620885,0.963167281945546,-107.062632636643,-88.8765730744082,-41.3145589130196,-39.8935856874624,-42.5694928230033,-32.5813246000516,-43.1500025411038,-67.6825293842855,-42.499553459414
27-Jan-2025 14:21:22,174,20,0.0165723610669374,0.383653654654821,0.00739801482607921,0.144665870070457,-0.0225223008543253,0.120578087866306,0.981847953796387,-36.3204488719469,-25.2661311765074,-11.2883341397455,-78.8758211140008,-75.0231631881197,-50.5871559582861,-83.6409013896022,-61.7182020269476,-41.2963859564214
27-Jan-2025 14:22:19,333,21,0.0261077058811982,0.368707031011581,0.019124544163545,0.102988869448503,-0.0117455951869488,0.109974397718906,0.988514546553294,-25.9295664567709,-43.3477988300234,-22.5545753540553,-58.9560712225577,-67.0137972593052,-41.5602363384622,-68.5687354652465,-70.0798549768134,-44.0241041939064
27-Jan-2025 14:22:33,144,22,0.0450822569429874,0.418593045075734,0.056756854057312,-0.227206809322039,-0.0810537209113439,0.225697592894236,0.943857975800832,-107.921173179597,-58.8077676420499,-31.8922435930423,-51.8729533769678,-70.9875258800838,-45.1547844818251,-142.888546070582,-104.189144685273,-62.6864328811098
27-Jan-2025 14:23:17,31,23,-0.00514019184435407,0.392481917142868,0.0149995098511378,0.254676057895025,-0.019102414076527,0.0147008404756586,0.966726001103719,-43.4158512855421,-59.7308131319176,-30.1372793830564,-111.004510549799,-70.979570710326,-47.0354979205425,-77.766628766904,-53.2032561641928,-35.8752438531503
27-Jan-2025 14:23:31,223,24,-0.0547423417369525,0.400724848111471,0.0989976137876511,-0.250895629326503,0.0738534505168597,-0.0815970207254092,0.961737481753031,-118.958260700579,-127.262321576611,-62.02153728651,-37.946691999645,-63.3652692331034,-41.3468508630379,-64.3154990257768,-15.8521515528576,-15.3181952285895
27-Jan-2025 14:23:55,110,25,0.00374912178764741,0.375638135274251,-0.00229049848082165,0.0859123711784681,-0.0501094813148181,0.13561808069547,0.985756496588389,10.2317549218959,-7.78381554127995,-1.8496850767209,-59.5797627638897,-94.4357238495567,-50.8125679683988,-77.7857461473456,-55.8981085461214,-30.5576956268478
27-Jan-2025 14:24:09,53,26,-0.0395534468193849,0.355819676319758,0.0915063435832659,-0.0713828970988592,-0.00913149447490772,-0.100648928682009,0.992315924167633,-53.5257146210285,-88.585520423018,-42.7361053455316,-28.8602358000695,-15.1046011693185,-11.6325744562214,-18.5845964830483,-1.00757033291355,-3.59799434818557
27-Jan-2025 14:25:01,280,27,0.000768923565434913,0.364264639218648,0.0636897971232732,-0.18194576104482,0.0212085815767447,0.11577295511961,0.976239009698232,-64.1619580901134,-58.4829307003695,-32.8863258868133,-15.7141500339323,-37.1681958914495,-21.1474317145217,-72.3459048209076,-30.7485094881697,-21.2695398752946
27-Jan-2025 14:25:15,195,28,0.0060611336492002,0.385198221604029,-0.00389310409470151,0.295173780123393,0.0589975275099277,-0.0962529907623927,0.948748934268951,-13.5672828574005,-9.14696706027378,-8.11287811214073,-113.156890641388,-82.2849355830033,-43.6003356056738,-46.1613692898144,-70.1005404797136,-40.8400894164418
27-Jan-2025 14:26:22,74,29,-0.0290215730667114,0.401242580016454,-0.00749183408915997,0.132912424206734,0.0588235095143318,-0.174446412920952,0.973880171775818,-80.8788658485385,-58.8346881889862,-39.1781618513795,-112.244061286027,-115.165107741481,-65.9026171071103,-51.5227690033099,-53.8167364004157,-35.3193908251131
27-Jan-2025 14:26:35,41,30,-0.0591298465927442,0.395772298177083,0.066088808576266,-0.160509916146596,0.0668713862697283,-0.164556142687798,0.970919426282247,-110.664711419892,-111.631492952403,-64.7056747826251,-58.797603827414,-88.2030765465842,-51.5507120591987,-27.1976309261185,-7.31770137333092,-11.1989838611079
27-Jan-2025 14:27:18,81,31,-4.09198536848028e-05,0.372412047783534,0.00964024141430855,0.153959014018377,-0.0196589477360249,0.100350424647331,0.98277157942454,-27.3935911207622,-29.7188508604828,-20.2949849852836,-72.3026741209681,-72.7493018578384,-44.7648420871015,-71.3802708119103,-36.3500690593884,-26.2356890894739
27-Jan-2025 14:27:31,54,32,-0.0365848469237487,0.39763147632281,0.00388724693718056,0.303472985823949,-0.00387311863402526,-0.173522685964902,0.936898549397786,-55.0432301430261,-71.3778299581879,-42.7523578726028,-130.45258326384,-93.0333191209885,-56.5347340571432,-41.8809831736781,-42.5935637969161,-30.9853197967043
27-Jan-2025 14:28:18,130,33,0.0497213557362556,0.407840194304784,0.0631889556845029,-0.204410867889722,-0.0643694619337718,0.0171086803078651,0.976616648832957,-112.042668207234,-68.8529244280538,-40.9401445839442,-55.1353467675237,-64.0392797439795,-42.860646906876,-98.1478679046406,-115.720268935711,-69.0238569108696
27-Jan-2025 14:28:31,381,34,0.0343617138763269,0.395955944061279,0.0856639285882314,-0.145790593822797,-0.0406572667260965,0.00987407124290864,0.988430309295654,-88.6776669273844,-97.9250542891582,-52.8056821988713,-37.1886215647783,-16.8255431442862,-16.5832512914042,-75.6696080987805,-110.713929813963,-63.8501600343705
27-Jan-2025 14:29:32,213,35,-0.0133960713321964,0.375576994816462,0.0723140726486842,-0.248537838459015,0.0106916765371958,-0.0370477450390657,0.967854364713033,-97.2594017710945,-70.3835167481723,-40.7016271524205,-25.0601586480223,-44.1858048630253,-26.9164424057298,-59.8170851377485,-40.9088056319513,-25.3642842015866
27-Jan-2025 14:29:49,100,36,-0.00530404097711047,0.446081525087357,-0.0344966364403566,0.393661604324977,-0.000666532995334516,-0.0337726898491383,0.918634323279063,-57.3792891943908,-52.207538174961,-34.040441522225,-178.299516511719,-147.65161820602,-81.0761527336375,-111.519151860008,-105.966126955759,-60.3197485199005
27-Jan-2025 14:30:46,175,37,0.00736236969629923,0.402409934997559,0.0114184662699699,0.0179768183579048,-0.0456786478559176,0.188812271753947,0.980785548686981,-64.0497742185809,-60.9234423323422,-36.0220247080289,-77.7240419381157,-109.027134322344,-60.9682151643701,-114.038326352254,-69.4119634203563,-42.4787841264027
27-Jan-2025 14:31:01,268,38,-0.0370414339005947,0.409821120897929,0.122895344098409,-0.130246259768804,0.0907971382141113,0.0643911227583885,0.985212377707164,-91.87990835715,-159.648839360857,-84.7359393931913,-23.8087744731777,-31.3458106783603,-21.4787695132834,-91.9220199786456,-68.859513106488,-41.5537751403735
27-Jan-2025 14:31:52,220,39,-0.0378120243549347,0.389203131198883,0.0550646317501863,0.0198010388761759,-0.0183234204848607,-0.138718971610069,0.989964298407237,-83.2899926770418,-104.580160250294,-54.8636338517273,-82.2113036925764,-72.8700083502568,-43.3557389957778,-47.5153278682369,-43.5109688958238,-31.8102801824036
27-Jan-2025 14:32:06,244,40,0.027103570724527,0.38083796898524,0.0670154983798663,-0.261114873488744,-0.03775519952178,0.0268361980716387,0.964195350805918,-95.0004712527313,-34.7877289489281,-20.2071348520511,-6.24876115112777,-17.1921159967729,-15.7565094700424,-76.7318172298072,-63.2445903973815,-41.9168075841889
27-Jan-2025 14:33:03,346,41,0.0368939578533173,0.3673586110274,0.050834463040034,-0.105488830308119,-0.019687877719601,0.224681582053502,0.968505394458771,-43.2571018369318,-41.8536484901255,-21.5066789212305,-20.4971630883544,-38.0751223087369,-22.4660152409699,-88.3490154228455,-59.3390121115526,-40.7399743066281
27-Jan-2025 14:33:17,153,42,0.0790958017110825,0.429871632655462,0.0339461932579676,0.0148196733867129,-0.0212574285765489,0.354775255918503,0.93459240992864,-58.8199986729819,-74.8478204968348,-41.3031821252561,-83.9684766299467,-92.1501128367934,-52.8029277056691,-161.007213579735,-138.964534912952,-83.8521529079987
27-Jan-2025 14:33:39,300,43,0.0647739743192991,0.440023853381475,0.0637772788604101,-0.250140359004339,-0.0981048057476679,0.284575871626536,0.920228997866313,-121.092439430879,-71.1248095469726,-38.7731054872165,-42.4560982218245,-36.1424706528417,-23.4937446087665,-172.081269494218,-131.728007287336,-74.3950037154685
27-Jan-2025 14:33:52,63,44,0.0274250847597917,0.411935349305471,0.0890616873900096,-0.128201598922412,0.0171137743939956,0.210421714186668,0.969016822179159,-87.7131759898804,-109.660547741441,-56.6263942003498,-19.2616147124147,-17.4761893025024,-12.7460235494961,-123.842026958877,-106.331072369734,-60.2819558725665
27-Jan-2025 14:34:47,24,45,-0.0389505761365096,0.417785878976186,0.0971878324945768,-0.339684154589971,0.0323220362265905,-0.163348434368769,0.925682044029236,-155.557248921883,-128.338288616389,-61.8691730369746,-54.9334913393042,-64.5828689248923,-9.23487633893226,-75.3298427445267,-62.0233050967562,-41.3843235269212
27-Jan-2025 14:35:02,136,46,-0.0500550121068954,0.398887858788172,0.00672612367197871,0.208266642689705,-0.0588289022445679,-0.0907097940643628,0.972078057130178,-56.7617064727301,-95.5453174432076,-44.343873234939,-108.764468016447,-121.085773709847,-36.3575145159646,-52.2267893630741,-9.40894407484554,-13.9483288005209
27-Jan-2025 14:35:55,327,47,-0.0099658515304327,0.381092798709869,0.0695107996463776,-0.22685472369194,0.0285364548365275,0.0155527639513214,0.973386243979136,-95.4399149610203,-78.8832921940992,-37.8889642083883,-30.435848890264,-50.5395605659208,-31.6013138315503,-73.6252399767592,-40.4537741893624,-31.0105189016294
27-Jan-2025 14:36:08,152,48,-0.0514069966971874,0.381069203217824,-0.0171672691901525,0.102666747073332,0.0243970079968373,-0.105504952867826,0.988803728421529,-52.2814243936419,-65.0908130442823,-31.8318964072751,-74.8522295773708,-117.609307338905,-65.9753589918378,-9.67992983510734,-10.6632240293668,-16.9544155954268
27-Jan-2025 14:37:08,390,49,-0.0126120571047068,0.421421601374944,-0.0389005894462268,0.273562864462535,0.0582517425219218,-0.131629121303558,0.951022569338481,-69.3801892109163,-65.2551453636085,-41.1739928323618,-141.327378005989,-147.00205551724,-84.1520644912023,-69.3247795805739,-85.6631323815081,-54.0586357598447
27-Jan-2025 14:37:20,243,50,0.0196356122692426,0.42777859767278,-0.000419000782373284,0.110025564829508,-0.00316375819966197,0.0632821713884672,0.99190712372462,-87.2965231702216,-78.9593731237378,-49.3965294884394,-115.324667514808,-136.69872862318,-80.3708238201848,-116.976326942481,-112.611062226189,-68.9030234581982
27-Jan-2025 14:38:19,136,51,-0.0376749090850353,0.400239992141724,0.063703807691733,-0.0642333149909973,0.00337103181518614,-0.0355501418312391,0.997295812765757,-96.275500320416,-116.721348009911,-67.9328336245557,-75.8133520152776,-89.7079036777606,-52.9284286128915,-78.2658526253118,-52.4335660514331,-35.7042599253111
27-Jan-2025 14:38:32,372,52,0.0223935430248578,0.405510316292445,0.0766483977437019,0.0160977565993865,-0.0028194564084212,0.0203879877924919,0.999658536911011,-81.5548477422095,-103.900673722561,-62.3365900155642,-87.1039083927879,-35.8917593569554,-26.8344499871726,-89.9462550902696,-105.673988909179,-63.1385648888679
27-Jan-2025 14:39:26,360,53,0.0412226028740406,0.38330156604449,0.045755856235822,0.0434057464202245,0.00464674780766169,-0.0271972987800837,0.998676478862762,-62.7752509888268,-56.7956788752798,-34.8362541353432,-72.9875960730594,-49.599041145959,-34.5766027112866,-59.3340902163044,-98.3623897169064,-58.0147607668816
27-Jan-2025 14:39:41,341,54,-0.0413716045518716,0.416048942009608,-0.0390276884039243,0.260775536298752,0.0346085079014301,-0.156324039896329,0.952029959360759,-70.0929981647949,-62.8971273456482,-39.3061466440228,-133.018099625575,-140.399107552487,-81.3958041880459,-58.113788970733,-53.8539846544527,-37.1797265091502
27-Jan-2025 14:40:51,103,55,-0.0581933024028937,0.40786536137263,0.0288437681893508,0.035952190309763,0.0109613274534543,-0.125604479511579,0.991368186473846,-95.6756557707631,-119.033702370068,-68.6046220493283,-98.4333273065354,-131.167733315038,-73.5659801055138,-62.9252406531189,-51.2180896677243,-37.356883874247
27-Jan-2025 14:41:04,115,56,-0.0171403045455615,0.386493931214015,0.0895247826973597,-0.163608086109161,0.0316763589779536,0.0355501934885979,0.985375626881917,-82.6746165896984,-101.605832996701,-60.0597384332558,-38.0694281051409,-56.544683969192,-36.4235065032017,-73.506819392811,-52.9086003738304,-38.3711902979107
27-Jan-2025 14:41:57,312,57,0.0945661966999372,0.430368206898371,0.0435395300388336,-0.0937661031881968,-0.108920343716939,0.367034476995468,0.91903753678004,-68.1048402949007,-23.2892100633891,-17.2501404933843,-62.6257029301396,-66.0578400715395,-54.2816356527086,-165.860458529909,-138.658889976814,-88.71500710887
27-Jan-2025 14:42:11,281,58,-0.0444136038422585,0.435953025023142,0.03217641984423,-0.0285244127114614,0.0220194684962432,-0.0254642354945342,0.999026068051656,-126.424305168231,-119.966253581506,-66.9539155532941,-114.733884008229,-123.70321956828,-84.4695787019302,-113.835153312278,-53.1780038450823,-47.3398173438556
27-Jan-2025 14:42:58,198,59,-0.012878471861283,0.408721216519674,0.0722826903065046,-0.16600230038166,0.0371371584633986,0.0994335432847341,0.980396382013957,-108.027981111048,-105.080422567273,-60.4004104732671,-62.2630542252735,-70.3147075904424,-44.841151925875,-111.668156956558,-59.0239027406159,-40.2871564600534
27-Jan-2025 14:43:11,388,60,-0.0315821247796218,0.402448999881744,0.0960868174831073,-0.305115344127019,0.0169723660995563,-0.151037815213203,0.940108442306519,-135.518714502298,-109.74672490544,-59.8436205204791,-34.2924250629171,-58.0666917635235,-35.8272028905437,-61.4930236809674,-57.5694660538691,-36.6699969948081
27-Jan-2025 14:43:36,191,61,0.00635621088246504,0.381082669893901,-0.00488508952160676,0.204256487886111,-0.00737352666134636,0.0150785041972995,0.978773482640584,0.747066405510666,-3.17182653506276,-4.03326632125947,-88.8866592188767,-89.1351954909235,-48.7142591331,-60.359494521621,-64.522709054256,-36.0162031016415
27-Jan-2025 14:43:54,398,62,-0.0579903485874335,0.458906481663386,0.0285972551753124,0.0778595378001531,0.0386168782909711,-0.397111958265305,0.913645076751709,-168.812524695029,-115.99819285256,-62.8469197840238,-174.536104497282,-142.487321922629,-77.7907926529686,-39.8474741628297,-38.2593586428652,-25.2849981999619
27-Jan-2025 14:44:41,197,63,-0.0245719008147717,0.377672016620636,0.0575173631310463,0.0544724936286608,-0.0113968133926392,-0.173133731881777,0.983324778079987,-72.5259665738928,-76.6623495027939,-40.748553769994,-80.4331607055304,-50.7680587522695,-11.5510714250855,-33.233916842989,-34.8082664462709,-24.6377525728532
27-Jan-2025 14:44:55,202,64,0.0494788366059462,0.39824170867602,0.0429613411426544,0.133687131603559,0.0284566685557365,0.292308189471563,0.946505498886108,-26.5698295453807,-22.0727386729178,-14.1529037159968,-81.3010519446349,-53.4636312281362,-13.5980130239596,-125.405717178196,-85.9230326716735,-50.8942910464954
27-Jan-2025 14:45:49,308,65,-0.0164262025306622,0.400363169113795,0.0240768431375424,0.115079301595688,0.0147114870448907,-0.167571266492208,0.979009811083476,-88.0071679705169,-64.4265931512875,-38.6559984908275,-112.130592843385,-87.2930960583306,-43.1640903229249,-58.6399783901173,-55.6484500506475,-38.7375396767962
27-Jan-2025 14:46:02,156,66,0.0337844784061114,0.411016712586085,-0.0156455599392454,0.145624196529388,-0.00918851761768262,0.0803561329841614,0.986028238137563,-39.5177568635925,-54.8998505470252,-32.9399529282702,-99.7983625650936,-134.785426549851,-65.957581308259,-98.7337020822671,-112.421354344313,-66.1713175632029
27-Jan-2025 14:46:27,182,67,-0.0297195050865412,0.373514827092489,0.0867846717437108,-0.213051031033198,0.0533104993402958,0.00674342097093662,0.975562302271525,-84.0724098114939,-90.8932036672657,-48.0700293954042,-14.8606170323401,-31.0632040775519,-13.9049586532339,-57.9744392706967,-4.45507280743579,-7.53626290436163
27-Jan-2025 14:46:41,54,68,0.04035612915953,0.3954139371713,0.02710818387568,0.116407814621925,-0.000663744817332675,0.24651966492335,0.962120954195658,-37.1573150243936,-25.4043354245426,-15.8426225547531,-79.4977715330375,-71.3783119460435,-34.5795398681901,-113.742144425937,-85.1219046979299,-48.3867061303191
27-Jan-2025 14:47:33,304,69,-0.0185978084802628,0.383993075291316,-0.0157717016836007,0.243605140844981,-0.0128735026344657,-0.0299396218111118,0.969326802094777,-34.9037299158163,-50.2122801013069,-16.0842018407593,-99.9844962763689,-101.83256838349,-58.9693193715927,-55.280211253064,-42.6704457140999,-31.39342668732
27-Jan-2025 14:47:46,227,70,0.00331649471384784,0.386432107289632,0.0645328025023142,0.0094425596917669,0.00842190788437923,0.116044150789579,0.993163486321767,-59.7980055234882,-88.7552294442474,-36.0705384355936,-62.5210044097038,-47.8475368000744,-32.6916655032491,-89.224497078877,-56.5281756397011,-39.0371535734847
27-Jan-2025 14:48:10,260,71,0.0574163161218166,0.408865048487981,0.0623881449302038,-0.134053326646487,-0.0296494806806246,0.285082715749741,0.94861912727356,-77.8775745802561,-79.0766586057726,-32.4796403098797,16.3703439133354,10.2055807767934,3.09898382313365,-136.257824624371,-110.063125992797,-58.4129375942019
27-Jan-2025 14:48:24,320,72,0.0385130641361078,0.373020839691162,0.0333849647392829,0.098286912838618,0.0141301233321428,0.22296958565712,0.969753897190094,12.1546421327102,-4.13971185477075,4.76866756213066,-56.2024034436887,-42.7436317557158,-23.5957879466115,-86.1656866300136,-66.2238257358625,-36.7134529692254
27-Jan-2025 14:49:06,89,73,0.0525897075732549,0.404771409432093,0.0288029296944539,0.203725176056226,0.0551371802886327,0.134790041049321,0.96813614765803,-42.0758859601606,-29.006856305858,-13.6728664460183,-104.10107180646,-63.7139771571913,-41.6326835142183,-106.722894869983,-107.972771372375,-63.51334834541
27-Jan-2025 14:49:18,344,74,0.0383677206933498,0.415957913796107,0.0101053781186541,0.175975985328356,0.00467008681346973,0.215259490410487,0.960559109846751,-32.3947069388869,-22.0917284335197,-9.52378972261524,-107.523901077009,-97.1442263034347,-57.6562953001062,-129.411977256724,-101.646333501459,-59.6586166227182
27-Jan-2025 14:50:13,362,75,-0.0417545268932978,0.415875671307246,0.0820113077759743,-0.248240486780802,0.0620580973724524,-0.0588911046584447,0.964913125832876,-136.683448439176,-125.230818235855,-71.0141158643224,-63.624890256648,-85.7058399413248,-50.2922639017226,-91.4344581530859,-56.4413529894574,-38.2356379949179
27-Jan-2025 14:50:27,117,76,0.0427637279033661,0.428306621313095,0.0905733262499173,-0.203593903779984,-0.0585048782328765,0.00586734892179569,0.977287185192108,-127.781153315593,-121.780263759371,-69.3361997998078,-32.9237000400508,-36.2561394405231,-25.6147748250494,-111.054414775211,-145.683723472139,-82.9041844099865
27-Jan-2025 14:51:24,291,77,-0.0403799377381802,0.408453261852264,0.0922855541110039,-0.249000564217567,-0.0150239141657948,-0.214047451814016,0.944434599081675,-141.70590602726,-119.434301397858,-69.2814441991892,-62.7837374957052,-60.629379486624,-40.5243106993032,-57.4647703674508,-57.6823794495616,-38.238603172666
27-Jan-2025 14:51:39,136,78,-0.0544846358398596,0.423719221353531,-0.0461297775308291,0.271041246255239,0.0481473629673322,-0.146481183171272,0.950137535730998,-63.3801026105269,-73.0601658153946,-45.2785420669426,-136.524331502666,-158.432321218204,-88.6099472240786,-51.1246199997024,-33.1783119341757,-25.1707350739583
27-Jan-2025 14:52:45,110,79,-0.0446052558720112,0.392103966077169,0.0433584620555242,0.0426451382537683,-0.00209444742649794,-0.125219307343165,0.991209963957469,-81.502482016536,-104.364410384496,-63.4711605475223,-87.3080190391093,-98.9054606167351,-57.9893582549059,-50.7412868723611,-43.9030134950402,-29.7820146473345
27-Jan-2025 14:52:59,69,80,0.0573509169121583,0.43202410141627,-0.00422846504176656,0.149277454614639,-0.0168961891283592,0.181264472007751,0.971891951560974,-22.7816958949499,-10.349888292532,-17.244777058332,-116.981446395667,-133.769857588926,-76.2024342977934,-133.704148246676,-138.042310070403,-77.6325404918078
27-Jan-2025 14:53:56,266,81,-0.0287840683013201,0.420718826850255,-0.0289294642706712,0.371755343675613,0.0289729754130046,-0.150253031651179,0.915632343292236,-60.5823357983327,-66.9259326577038,-37.4638774534739,-157.411002651658,-126.49430212932,-76.1844073483126,-68.3705287594905,-62.2229399118307,-41.4081499235353
27-Jan-2025 14:54:10,215,82,0.0845993742346764,0.425341608126958,0.0420038945972919,0.103459171454112,0.0387196533381939,0.268895228703817,0.956813561916351,-37.0291015534741,-33.9422873864601,-20.7977944732825,-94.0839179845468,-78.7010587961949,-52.1135253371806,-141.753974169447,-138.628080448333,-79.4364598472169
27-Jan-2025 14:55:14,332,83,0.0544515656928221,0.397512944539388,0.0458974043528239,0.0311387269447247,0.00736266588792205,0.0959057301282883,0.994876035054525,-62.9534318724528,-60.3041212542867,-31.8638143631686,-76.5737263725551,-61.0873817197556,-40.6236260388172,-92.6862196947714,-115.315693553332,-66.5674775049187
27-Jan-2025 14:55:29,107,84,-0.0607111607988675,0.450020309289296,-0.0334083534777164,0.194246330857277,0.122511942187945,-0.269540270169576,0.93520366748174,-117.078225025058,-98.0677634428067,-51.9835506214928,-164.722704341402,-169.311847994482,-95.9737743402447,-49.15758858447,-46.3749425473952,-33.3350171660146
27-Jan-2025 14:56:22,71,85,0.0567828436692556,0.420006922880808,0.0394662196437518,-0.113721571365992,-0.0404368090132872,0.101350683967272,0.987502074241638,-103.610483332341,-73.6324320555861,-46.1625647437024,-74.6740107031967,-104.321905795573,-59.6914011985522,-118.153235649258,-134.414464621081,-79.8525120932922
27-Jan-2025 14:56:35,173,86,0.0406097372372945,0.403116422891617,0.0119313621272643,0.172883172829946,0.040556591997544,0.0312525783975919,0.983610550562541,-35.4686892455679,-56.7698213514477,-36.0449983212194,-103.144066478427,-93.5195221678379,-52.6039483142706,-82.0901944494988,-110.250863894985,-66.08445065983
27-Jan-2025 14:57:19,191,87,0.020785025631388,0.398212893803914,0.0548795737326145,-0.111038399239381,-0.00838148780167103,0.221897396445274,0.96869074900945,-79.4607561939549,-65.7836499454503,-40.8916107026601,-53.0499261384551,-66.4589969633452,-36.0838428674344,-119.992388546347,-69.9036626747878,-48.8760751714781
27-Jan-2025 14:57:33,315,88,-0.0317914559195439,0.401608387629191,-0.0360752254724503,0.172161998351415,-0.0698705350359281,0.0704560860991478,0.980058185259501,-40.3788146957949,-52.8308904834323,-32.66239328678,-93.9841025958998,-139.877416746212,-71.0402150739968,-80.2320588763086,-41.1537460327194,-32.7482791655729
27-Jan-2025 14:58:31,53,89,-0.054514596114556,0.424448438485463,0.0518681881328424,-0.0569465843339761,0.0189904563128948,-0.205144269267718,0.976889117558797,-132.258201852956,-132.31628302415,-70.1084023597256,-108.870602563256,-119.784537197651,-63.3698176377881,-72.2864372890913,-56.7622601575622,-42.5311125492342
