date and time,Trajectory,Waypoint,x_end_avg,y_end_avg,z_end_avg,qx_end_avg,qy_end_avg,qz_end_avg,qw_end_avg,l0,l1,l2,l3,l4,l5,l6,l7,l8
25-Jan-2025 11:07:30,170,1,-0.000155023249681108,0.328546625375748,0.0424400734404723,-0.0123175814126929,-0.00596381776655714,-0.0190283211568991,0.999725306034088,-8.47500000000001,-12.675,-5.70000000000001,-6.07500000000001,-11.4,-6.22500000000001,-5.77500000000001,-6.30000000000001,-9.075
25-Jan-2025 11:07:41,48,2,0.010919989955922,0.330766522884369,0.0451262598236402,-0.0159521595885356,-0.0063640454163154,0.00937107757975658,0.999808593591054,-7.43261988568344,-13.3638165468042,-5.80456326964525,-5.47425342669279,-9.00157528642727,-4.78594517185639,-11.513651483955,-13.007163944961,-12.1887348460745
25-Jan-2025 11:08:13,199,3,0.00153853152878582,0.339129155874252,0.0454218891759713,-0.0272022585074107,-0.00620457533126076,-0.0337141734858354,0.999042022228241,-22.2440229458659,-20.7209635586052,-10.8435287170881,-14.9538554980497,-18.6680200258467,-10.8483120155081,-14.6178838772323,-15.6416418347541,-16.1601136098642
25-Jan-2025 11:08:25,283,4,-0.0186843540519476,0.338802186648051,0.0310588927318652,0.0753947089115779,-0.00504786421855291,-0.114106746514638,0.990590616067251,-15.1279009753726,-16.8316017045047,-7.88433262037512,-31.9714567628115,-14.612454650982,-7.8060166908126,1.81564439754566,-2.52275400175311,-8.58615240105183
25-Jan-2025 11:08:56,98,5,-0.0133012710760037,0.347588749726613,0.0281340826302767,0.0757910867532094,-0.00687817422052224,-0.083014984925588,0.993638229370117,-23.295230766114,-26.6544252954583,-14.3447183084246,-39.3544810350961,-25.0309493546452,-18.2486171558829,-13.7167945196888,-16.2687075499947,-13.1924745299968
25-Jan-2025 11:09:08,315,6,-0.00261095378858348,0.352910196781158,0.0457336202263832,-0.0790291796127955,-0.00379859100406369,0.039855845272541,0.996068000793457,-36.44508883964,-29.0948300024846,-14.7428486969505,-16.8867010305508,-27.7904829406138,-18.8063128280131,-39.1669733626112,-8.04798082462464,-8.26003849477476
25-Jan-2025 11:09:42,30,7,-0.00537748423715432,0.352164572477341,0.0455178069571654,0.0786599467198054,-0.00714848485464851,-0.0707245036959648,0.994363943735758,-26.0003717746963,-39.85380757438,-20.754165878561,-43.1818518651887,6.6428268183172,-16.8511789090095,-18.9545878059463,-29.8496757198827,-19.0473975927684
25-Jan-2025 11:09:54,158,8,0.0295165856679281,0.342710663874944,0.0444278918206692,-0.0679056356350581,-0.0160819564014673,0.0092773279796044,0.997519000371297,-23.1763632199232,-3.34612946944156,-2.53052440734109,-7.04591480700426,-1.56382283421623,-20.9847013165255,-21.9307540022748,-37.3727343988135,-22.8391245134831
25-Jan-2025 11:10:35,2,9,-0.00727642119551698,0.362844530741374,0.0329818730552991,0.0684145788351695,-0.00720861507579684,0.0117145926381151,0.997562185923259,-31.637599851868,-38.9043287107337,-21.3049254428773,-49.2611731685896,-35.4529860956014,-25.5394281121084,-42.7729840654312,-22.6758997896649,-17.6508523737989
25-Jan-2025 11:10:47,89,10,-0.0245818934092919,0.370318092902501,0.0389732671280702,-0.0504458725452423,0.0044110167461137,-0.0542755427459876,0.997241187095642,-56.5071890402016,-53.8326469820236,-29.9140788562446,-40.3996579214907,-56.2402132942841,-37.0780342164924,-39.4037013775108,-34.1258574254326,-24.5208269552595
25-Jan-2025 11:11:25,1,11,-0.00577542756994565,0.364615970849991,0.0716446136434873,-0.173025588194529,0.0134465722988049,0.0451101787388325,0.983791859944661,-58.9592658033593,-48.0375405364782,-28.1047341368871,-16.2209408725647,-30.9934244195604,-21.0627719302254,-52.8644258737184,-26.6756109967506,-18.3038326334793
25-Jan-2025 11:11:38,76,12,0.0866262142856916,0.375556091467539,0.0510138193766276,-0.0817025726040204,-0.0359232266743978,0.203637014826139,0.974969796339671,-32.3610617755899,-10.7046525001327,-9.21119907818591,-13.8496118908177,-29.7997747951441,-20.2388560774889,-76.5285813185024,-76.5958799288502,-43.0368760590007
25-Jan-2025 11:12:09,57,13,-0.0255741038670142,0.38097486893336,0.0353789413968722,-0.0211363698045413,0.00657675142089526,-0.244897110263507,0.969296363989512,-81.0244547074222,-8.20822497005941,-6.39704435703566,-69.2021786891736,-46.1407509210771,-27.2658641218418,-23.9087587065412,-35.4278818670506,-27.1968970094873
25-Jan-2025 11:12:21,108,14,-0.0277623428652684,0.378858327865601,0.082600241402785,-0.32453931371371,0.00107727915747091,-0.187670987844467,0.927066632111867,-106.05875558208,-43.9417247778479,-23.7597139657292,-17.9892162135367,-33.2957595284927,-20.3392881303489,-31.4755192945534,-18.4004765576137,-18.1791140595682
25-Jan-2025 11:12:59,70,15,-0.03880643521746,0.370034462213516,-0.00382273201830685,0.161016992727915,-0.0126834012567997,-0.094670336941878,0.982318810621897,-31.442732765566,-44.2390032214209,-27.8158146230254,-68.5872253717123,-65.499281197439,-39.4347408690817,-26.8201765441553,-2.16903622521014,-18.1758357976259
25-Jan-2025 11:13:12,56,16,-0.0173573631793261,0.382292089859645,0.100827675064405,-0.221691412727038,0.0320652837554614,0.0534277925888697,0.973123947779338,-79.0965174653487,-70.6383151884681,-41.9575730405012,-21.9410993806548,-27.1194436103263,-21.1869245094775,-69.6750438282904,-11.5900605647318,-23.8284504013389
25-Jan-2025 11:13:42,240,17,0.0962175697088242,0.4102654616038,0.0591327155629794,-0.187978594501813,-0.0915427024165789,0.406174900134404,0.889553785324097,-55.1545210739707,1.03950810387042,-1.76438103196834,-23.2140437858642,-20.8219853238283,-13.86453023824,-139.657264294444,-80.784799541693,-54.561529761831
25-Jan-2025 11:13:55,361,18,0.0894345243771871,0.399647374947866,0.0706438879172007,-0.132131003340085,-0.057475907355547,0.296579990784327,0.944075079758962,-51.8028107808712,-51.7234448130194,-29.0264466524344,-20.1133144353096,-4.34536894597032,-6.50681121133217,-110.285659692539,-87.3386947860079,-58.7190665460096
25-Jan-2025 11:14:25,376,19,0.00912548583000898,0.394306588172913,-0.0399361006915569,0.143922676642736,-0.0576594228545825,0.140849181016286,0.97781552473704,16.1715762453532,13.7591933110791,7.11525231477247,-70.5405782443964,-100.854258724679,-55.0136838127163,-83.5481022938349,-55.6151728989188,-38.9519208144949
25-Jan-2025 11:14:38,89,20,-0.0305709974219402,0.392656749486923,-0.00102845979078362,0.302711037794749,-0.0111725132291516,-0.170572640498479,0.937627931435903,-44.3510227582946,-39.6389464709787,-22.4703859519312,-112.654459875971,-59.7170563939237,-37.3316510230135,-36.3898161043206,-22.222992250854,-25.1423988661373
25-Jan-2025 11:15:35,194,21,0.112596472601096,0.408644292751948,0.0501161597669125,0.0267475727945566,0.000533845807270457,0.159636945525805,0.98681325117747,-49.4311478393858,-45.9029300719673,-25.0457632577138,-61.6988984313356,-46.480146789962,-35.3204855349144,-92.8408134824838,-117.276138269136,-72.1223549391602
25-Jan-2025 11:15:50,151,22,-0.0122284781187773,0.380407752593358,0.0161815244704485,0.186630900700887,-0.0164866908142964,0.0984818418820699,0.977342553933461,-23.4999702971839,-54.2193624741038,-29.1557204053519,-73.8997014071179,-53.2285800100778,-38.6464430915422,-68.4394611275608,-7.99736549974173,-17.434709501033
25-Jan-2025 11:16:12,210,23,0.02433184136947,0.379738261302312,0.0816343585650126,-0.239050553242366,-0.0291681386530399,0.0388684578239918,0.969790248076121,-78.6918817411338,-48.5935849009192,-24.6514669206157,-16.6243855846624,-15.3404156218778,-13.5054481035953,-64.787058189958,-59.8090828104243,-35.6167022375273
25-Jan-2025 11:16:25,106,24,0.0991742004950841,0.374438752730687,0.0514745309948921,-0.0312831163406372,-0.0260540872812271,0.150111830234528,0.98783042828242,-26.2898509090803,-23.8775593903314,-12.0312347122177,-23.8537426733381,-16.9054755573314,-14.025758618218,-60.8050616863565,-87.8666889281242,-49.3832858432732
25-Jan-2025 11:17:01,28,25,-0.00986064566920201,0.413130863507589,0.00754893428335587,0.21111766298612,-0.0300233987470468,0.0457622729241848,0.975927142302195,-61.0286662116407,-68.1564569906022,-38.8401169578819,-114.11095946544,-79.6623331402682,-49.5458468073636,-95.8034648163041,-20.7204877493527,-39.5133680890645
25-Jan-2025 11:17:14,175,26,0.015516420143346,0.407675963640213,-0.0251056646307309,0.300678078333537,-0.0312649777779977,0.113928592205048,0.94638018210729,-20.8607058956891,-20.8359179947251,-14.4602234493212,-107.898345580319,-80.5726994904086,-49.2814059718117,-88.6967123190126,-44.9715361103551,-50.9192682589436
25-Jan-2025 11:17:36,70,27,-0.0697692289948463,0.394518401225408,0.0484898199637731,-0.0126371870438258,0.000478431163355708,-0.225344815850258,0.974197006225586,-86.8930061897398,-80.293153527602,-42.5482522583283,-75.6414410440479,-70.4078968736972,-40.7195286820989,-27.9719393868824,-14.0924822143255,-21.9060270483217
25-Jan-2025 11:17:50,11,28,0.0582025684416294,0.375844722986221,0.0758867770433426,-0.176365788777669,-0.0641332258780797,-0.0211268618702888,0.98200511932373,-66.4152177779432,-38.4245148617283,-19.4052169716025,0.716235895037407,2.5843539115579,-2.01468733568239,-48.6436811275862,-73.8221596044433,-49.5621497895917
25-Jan-2025 11:18:42,382,29,-0.0305934968094031,0.40274844566981,0.036109342922767,-0.0102092591424783,0.00770161142572761,-0.267171102762222,0.963564264774323,-104.100328694182,-62.9889015425189,-34.3562227338451,-94.0088062417884,-57.1858336003729,-39.9491500015319,-42.1674072322923,-52.8143674147012,-34.7105034639801
25-Jan-2025 11:18:55,173,30,0.0140490484113495,0.400769519805908,0.0316841699182987,-0.239447211225828,-0.0374377138912678,0.134400964776675,0.960832901795705,-91.4561752896192,-24.5279217430844,-14.5487138833773,-32.9002386261373,-78.7455746516306,-50.1520015764103,-103.281865901908,-58.2665887159808,-36.8595951638694
25-Jan-2025 11:19:36,385,31,-0.0833138888080915,0.417117337385813,0.132326992352804,-0.207567762335141,0.00553661702821652,-0.190946972370148,0.959387445449829,-115.803867938703,-131.085815369095,-66.5268963243239,-57.3645186398798,-53.478007088962,-30.4327316670361,-49.0293029617703,-37.5462067759484,-29.2278584955006
25-Jan-2025 11:19:52,305,32,0.00144685835887988,0.401624631881714,-0.0464999494453271,0.124556893110275,-0.0787262092034022,0.157837216059367,0.976409161090851,-14.2752330364341,-5.13193995544361,-2.87948059313923,-73.0632193678118,-108.780436623627,-57.4134684100095,-91.4123996911709,-49.0880809429869,-34.3283175546608
25-Jan-2025 11:20:41,3,33,-0.0430899769067764,0.393425929546356,-0.0150474316130082,0.0464274078607559,0.0591202057898045,-0.196627412239711,0.977592472235362,-76.1732645999425,-22.1547076122462,-9.77117686942949,-81.7973196663931,-92.4985999646917,-51.4355016504401,-34.9333297846157,-35.1963651065477,-28.227381421183
25-Jan-2025 11:20:55,273,34,0.119721586505572,0.417568196853002,0.0460359568397204,0.0551182265082995,0.0219942820568879,0.231575886408488,0.971005070209503,-46.2476704027602,-27.3465366593349,-14.5841500871249,-68.1368764419639,-31.2884790191838,-23.0474998718373,-110.309656455499,-116.483625318415,-71.0880702212678
25-Jan-2025 11:21:42,283,35,-0.054009672999382,0.422223164637884,-0.0314891343315442,0.146879100799561,0.0508631862699985,-0.222016128897667,0.962573798497518,-91.9535017771815,-62.0688043947563,-39.2694060412242,-120.204053544286,-115.176525856637,-68.7319649379573,-55.1740674096444,-38.1597730926295,-38.6075708631903
25-Jan-2025 11:21:56,259,36,0.00887157308558623,0.420900120337804,0.0725262656807899,-0.164958624045054,0.00661838970457514,0.170191330711047,0.971483302116394,-104.176759382094,-82.6278816393998,-50.629341528123,-63.7235163119991,-69.4348040047032,-46.9415008765674,-126.666171102077,-45.5554757396992,-43.3858190513021
25-Jan-2025 11:22:38,221,37,-0.0230005585898956,0.384170164664586,0.0130381368100643,0.192579180002213,0.00376559764457246,-0.164883980154991,0.967322281996409,-50.7512050529119,-47.1068490854675,-25.3323851981421,-93.3710512838766,-53.8137023648228,-34.565169784115,-34.3536786109176,-37.3119403671458,-28.5937636462243
25-Jan-2025 11:22:52,88,38,0.0424633259574572,0.409254256884257,0.0680891474088033,-0.237634270389875,-0.0419086083769798,0.139447845021884,0.960379079977671,-100.001427270703,-58.5208845740663,-32.1963203219236,-42.5055607876496,-50.531522129211,-34.0809970457911,-111.085539397443,-74.1704017172152,-48.179911700741
25-Jan-2025 11:23:40,309,39,0.0999325330058734,0.393648719787598,0.0441476479172707,0.053250656525294,0.0210614439100027,0.127620882789294,0.990168543656667,-37.0595364326621,-39.3893459869034,-24.0505023808833,-56.5207715432275,-40.5036342753001,-31.3723343616284,-76.576073811075,-104.842432583406,-61.3814546534848
25-Jan-2025 11:23:54,92,40,-0.00142969223670661,0.416600924730301,0.144427784283956,-0.120936771730582,-0.00523615504304568,-0.0172540877014399,0.992496478557587,-93.5363692046912,-127.795340311131,-70.5203926509925,-61.3501704841193,-26.2310877443313,-26.5029542041395,-79.358250761295,-92.1682615673629,-57.3112622534587
25-Jan-2025 11:24:38,149,41,-0.0962740783890088,0.438294752438863,-0.00510796535139283,0.0621862923105558,0.0505065090954304,-0.231155761082967,0.96961282491684,-113.296970780983,-113.642725069788,-65.3113534118501,-121.413613301168,-131.193205213494,-82.4564462653753,-65.5393686996304,-49.1187123392411,-37.71404410448
25-Jan-2025 11:24:53,357,42,-0.0218799548844496,0.368871772289276,0.0846705665191015,-0.0341354901591937,0.0470346276958783,0.153070787588755,0.986504892508189,-30.2947254175755,-76.8398969184354,-43.7088189220165,-19.5338817423203,-36.0760397245635,-31.6967431067526,-65.0158925977241,-17.1075081976661,-18.5073216195349
25-Jan-2025 11:25:34,343,43,0.0307664627830187,0.403218752145767,0.0957771251598994,-0.27561599612236,-0.0437835042675336,0.0231429806600014,0.959991284211477,-105.608364858688,-77.6181544164673,-43.6867493407395,-34.9779624624251,-47.5903199735543,-13.3952673735176,-86.0652662028137,-80.4843514315181,-51.9521889479445
25-Jan-2025 11:25:48,161,44,0.0995698501666387,0.403092116117477,0.0288312268753846,0.11743053595225,0.0340095967054367,0.15416567226251,0.980452032883962,-13.8199174564632,-28.8239045274357,-18.8305548330421,-73.2801266894771,-51.0058746069601,-14.6439751270389,-88.5725426369658,-105.914077870234,-64.2079826041209
25-Jan-2025 11:26:31,128,45,0.00261607047480841,0.417614436149597,-0.0367489623526732,0.324668212731679,-0.0284897678842147,0.0658870150645574,0.943100110689799,-40.2334600116369,-16.4636529084733,-37.5790535936765,-123.415666852423,-102.79403796396,-53.605472611936,-92.1240247823234,-67.5818262832874,-45.7043034016514
25-Jan-2025 11:26:47,244,46,0.0299117331703504,0.397774173816045,0.0860284179449081,-0.214318077762922,-0.00108108868977676,0.204216290513674,0.955176575978597,-80.5082679459705,-30.6930776040305,-43.397661336786,-2.06465897588619,-15.0181133059427,-8.42140567825809,-106.645816242021,-59.4266392415041,-40.3306052760906
25-Jan-2025 11:27:21,365,47,0.0803619051973025,0.420642745494843,0.0589488126337528,-0.0579189606010914,-0.0145879401514928,0.103878216445446,0.992795014381409,-87.5214172827222,-45.2365177652408,-44.2345171484318,-74.4176164878965,-63.7823294328324,-21.8255450908843,-107.82824656921,-116.815361910297,-71.6070133519718
25-Jan-2025 11:27:35,364,48,0.103207580248515,0.444122074047724,0.0784609546264013,-0.264583492279053,-0.102008637289206,0.356063131491343,0.890398160616557,-102.262081829125,-51.2829939316749,-47.0438597473629,-44.7221333863829,-65.69226040012,-22.5666150902422,-165.104918880193,-120.38404187597,-73.1774578505223
25-Jan-2025 11:28:36,237,49,0.00788930462052425,0.433794236183166,-0.0605261169373989,0.279608271519343,-0.0510214862724145,0.062484168757995,0.95671927134196,-55.2642166401132,-53.4340219114629,-43.1706286090257,-127.939217400449,-133.421924494922,-70.0611498184824,-100.938073616814,-91.469517990511,-56.6299062847838
25-Jan-2025 11:28:52,134,50,-0.105996058881283,0.440257543325424,0.172381126880646,-0.339262002706528,0.0905779088536898,-0.194957549373309,0.915799077351888,-140.137065114507,-143.556416834769,-87.149023747066,8.12301887575672,-11.6617009107596,-8.09823570278856,-50.7019882174451,-0.47410695284487,-10.0493984423382
25-Jan-2025 11:29:23,342,51,0.0583959013223648,0.414194772640864,0.0911833882331848,-0.175219909350077,0.0201171610504389,0.299580206473668,0.937627343336741,-78.3354444332267,-84.9122794979844,-52.122832359643,-41.0900316385152,-25.6616922107639,-17.0708325382949,-132.173805802937,-83.4318661707915,-56.2908830848915
25-Jan-2025 11:29:35,177,52,0.065975995361805,0.416003628571828,0.0206814531236887,0.171323623259862,0.0114348618934552,0.321215186516444,0.931309958299001,-37.3804767979382,-37.1353545854142,-27.6263204823225,-91.6917011004966,-56.9380975681963,-32.1009857959757,-133.376875697968,-83.5654012648933,-55.749601210907
25-Jan-2025 11:30:12,362,53,-0.0705576921502749,0.434829300642014,-0.0310891687870026,0.13761264582475,0.0573697263995806,-0.243919466932615,0.95826655626297,-104.484777012001,-81.9406304257673,-51.229229453613,-129.919673755951,-128.542734878671,-75.3794374545947,-62.9354634596248,-16.6330399492786,-41.0170554805191
25-Jan-2025 11:30:26,14,54,0.0407579757273197,0.395645346244176,0.0741256718834241,-0.222238747278849,-0.0479638936618964,0.0299866678814093,0.973349984486898,-90.7472372111554,-29.3392334599533,-24.2054795320912,-35.2853577861548,-33.3044156062836,-27.0372263797861,-82.1822286370842,-59.8234456309542,-61.889206882742
25-Jan-2025 11:31:13,213,55,-0.000626740383449942,0.40877973039945,0.118108231325944,-0.196606408556302,0.0278255011886358,0.095576536655426,0.975416219234467,-96.2936849488962,-108.195954454315,-65.1336262057085,-45.1934375949776,-49.4428142625574,-33.4816428604932,-99.3727791833822,-67.6014769513828,-55.5321906575458
25-Jan-2025 11:31:27,287,56,-0.0947062293688456,0.429815133412679,0.0636831601460775,0.0899941032131513,-0.0732072760661443,-0.249930241703987,0.961289056142171,-106.959708372899,-127.173892962819,-75.6085652345102,-120.694520318342,-83.9177469680339,-51.705078987781,-52.1027620050465,-24.5880620092816,-35.0114529610448
25-Jan-2025 11:31:59,72,57,-0.0514839974542459,0.424857914447784,0.00603870439032714,0.0880756661295891,0.0386896029114723,-0.368001625935237,0.924835455417633,-116.433016660938,-47.5872206777561,-30.8315017582638,-127.535848540793,-91.5227510065798,-48.474069161406,-39.1880974690926,-23.014777140275,-41.7431741619027
25-Jan-2025 11:32:13,135,58,0.0045750370559593,0.410403951009115,0.0173800241202116,-0.0863546545306842,-0.0123843261351188,0.0983871375521024,0.991317053635915,-89.4313822878601,-29.6975725557613,-22.0017243018915,-67.7503811242804,-88.4919507775308,-47.0737156515066,-105.663803362177,-24.1652431865263,-42.4334537896535
25-Jan-2025 11:32:56,76,59,-0.00489516199255983,0.371840121348699,0.036342587073644,-0.0718358377615611,-0.00657891721154253,0.0726294000943502,0.994746895631154,-51.6806044348246,-41.6789561506029,-26.7692211119453,-35.8522185548264,-54.2039670581631,-29.8941365484892,-64.1292535392297,-31.0402875469276,-20.6363264670253
25-Jan-2025 11:33:10,129,60,0.0796892022093137,0.438610947132111,0.106380189955235,-0.185800529519717,0.0153865846494834,0.30853155652682,0.932764494419098,-96.7088416759668,-101.329505452252,-58.8565439434085,-54.46845732771,-35.6771262430636,-22.8927643215778,-150.250555237957,-117.648996514431,-66.2027291314155
25-Jan-2025 11:33:55,162,61,0.0540734574198723,0.413251566886902,0.0900683686137199,-0.126981747150421,0.0115251964579026,0.211320546269417,0.969064744313558,-78.8120788825412,-89.7665090731569,-50.96227011092,-51.4979253735722,-51.5448514125222,-37.1451551353829,-117.319339232374,-99.970879786988,-58.8076678670224
25-Jan-2025 11:34:08,220,62,0.0501662793258826,0.413585277398427,0.108578641712666,-0.156740293900172,0.016592101752758,0.190263135234515,0.968998010953267,-82.6149984794737,-95.5524814130238,-53.0632758004111,-16.0001797058211,-43.625046608099,-32.393272252729,-108.963164049145,-96.0436589562281,-56.0520769712
25-Jan-2025 11:35:04,20,63,-0.0668971682588259,0.407705614964167,0.125836553176244,-0.342481579383214,0.0360451174279054,-0.210484148065249,0.914933661619822,-128.174075266654,-102.479850044728,-60.5585258497635,-35.4513798667918,-43.7134447425365,-32.0971889894563,-42.4398763906717,-38.9560163650313,-26.3807077802366
25-Jan-2025 11:35:18,222,64,-0.0203267559409142,0.395842270056407,0.00781683092936874,-0.0450943318506082,0.0153570069000125,-0.0444275798896948,0.997876179218292,-80.6755448944087,-26.1197234553447,-23.8259333607683,-68.4956091833406,-75.2276701818988,-49.301772514834,-70.1721966793587,-38.8355841088765,-27.7679624578557
25-Jan-2025 11:36:09,110,65,-0.0417916208505631,0.390790740648905,0.0556288177768389,-0.0783858999609947,0.00147484415986886,-0.271213936805725,0.959320867061615,-100.332432116403,-61.5946166138647,-38.5802151868054,-71.8755150392991,-50.3706656022517,-31.1041814397917,-27.8516023996904,-36.3842959340332,-24.2420968027781
25-Jan-2025 11:36:22,97,66,0.0232215560972691,0.402801821629206,0.0428337079783281,0.131915688514709,0.0180248326311509,-0.0511353828012943,0.989777032534281,-66.8808519956718,-69.7057853305576,-44.2246991527957,-99.0468432379994,-53.2741004100798,-34.1447984513496,-72.840725522431,-78.60601854238,-46.9418577145953
25-Jan-2025 11:37:02,98,67,0.0060647375571231,0.398104387521744,0.0864841202894847,-0.109971788028876,0.00145140159099052,0.0268685175726811,0.993570454915365,-85.7943957122114,-86.4724265458354,-53.6282809695604,-56.4932830185103,-50.3026690345429,-35.2863819567089,-81.4951004389181,-70.5392258186287,-41.9451941546293
25-Jan-2025 11:37:14,62,68,-0.0199465475976467,0.403614675998688,0.117005942265193,-0.228323634465535,0.00672666442890962,-0.045480548342069,0.972499004999797,-105.182469294674,-102.773741912996,-62.0338945247692,-33.2812581579701,-52.8522277508289,-36.8161171864806,-69.6174958134402,-66.056171644168,-39.9586229390276
25-Jan-2025 11:38:08,383,69,-0.0461415573954582,0.416317236423492,0.0746660654743512,0.0473511459926764,-0.0189399726688862,-0.0406957305967808,0.997869257132212,-90.6945336061704,-114.622879518076,-67.0363377170897,-98.7311793177767,-66.218124052056,-44.3179587188753,-84.7858688703277,-53.6626749252619,-37.0229847657463
25-Jan-2025 11:38:20,375,70,-0.0289461760471265,0.409793684879939,0.0646659339467684,-0.14545551041762,0.012803867769738,-0.0841597879926364,0.985695644219716,-109.156841333424,-106.145350196753,-65.2643887344148,-64.2238397100168,-91.6709018508466,-59.5111632962573,-71.4405747265657,-81.3471348506214,-53.3320304064127
25-Jan-2025 11:38:59,328,71,0.0793214529752731,0.422724898656209,-0.01279376745224,0.166238475839297,0.0431887537240982,0.0572077378630638,0.983476893107096,-58.0551623633194,-20.5362142829137,-38.8069874640166,-104.374273039499,-95.9290904797932,-62.6954337932531,-92.0121722094214,-124.886310543594,-76.9654028376168
25-Jan-2025 11:39:14,292,72,0.0770319680372874,0.392101939519246,0.0778607393304507,-0.139193500081698,-0.0636497542262077,0.00949738528579474,0.988171899318695,-73.0135252000761,-7.65129764752663,-30.2225849881888,-7.61404253063457,-26.0288500079459,-25.6033693991951,-61.8448684481838,-93.497370864024,-59.1289888396976
25-Jan-2025 11:40:21,71,73,0.103778040905794,0.410124450922012,0.0692284281055133,-0.144605514407158,-0.0939047187566757,0.117190040647984,0.978027458985647,-75.96447810654,-50.4929653597737,-30.7557806564526,-41.2533841118416,-45.7804003276482,-35.7080111191872,-92.6986903999444,-117.774336519468,-71.5631424286581
25-Jan-2025 11:40:36,145,74,-0.036262043317159,0.444671658674876,0.155599224567413,-0.181988376379013,-0.0545159426828225,-0.156290467580159,0.969268560409546,-137.982603905583,-153.285913307239,-83.072364502097,-84.4058335248814,-46.6232326027729,-37.0495371286613,-79.9020554096877,-92.7106386426622,-59.9514033621672
25-Jan-2025 11:41:27,76,75,-0.0527427079776923,0.415040870507558,-0.0185142866025368,0.249489683906237,0.0184173605094353,-0.265528806050619,0.931080114841461,-78.8987506245099,-68.7087460180499,-41.7113076281351,-129.868567980257,-90.6834844991611,-61.302942221488,-41.6856614635905,-49.108428096939,-33.2819793344868
25-Jan-2025 11:41:43,1,76,0.115347274144491,0.492908608913422,-0.0777731354037921,0.291404869159063,0.0549994491040707,0.191007617115974,0.935721135139465,-35.8004036042711,-47.8977076757503,-31.8349393290169,-154.406270725788,-160.859007363916,-96.9198545258972,-154.272910877579,-169.373434101369,-93.9436332087333
25-Jan-2025 11:42:07,127,77,0.130277587970098,0.406770086288452,0.0625337379674117,-0.0323148929824432,-0.0314712515721719,0.257532370090485,0.965215841929118,-6.10761473861282,-10.121715403063,-7.20118660362121,-35.5460104297435,-31.6920065495001,-22.663473716637,-96.6698004436806,-113.644682087917,-60.0230778502298
25-Jan-2025 11:42:21,280,78,-0.047400073458751,0.418335487445195,0.0664286707838376,0.108982029060523,-0.0305822259436051,-0.0614664355913798,0.991670068105062,-87.0641019171833,-105.829934298803,-57.7105374660207,-110.921648557993,-62.1664166059514,-40.5559201593921,-80.4844509353587,-51.7428022363842,-31.7273793389928
25-Jan-2025 11:43:29,251,79,-0.0853052720427513,0.443130159378052,0.147170092662175,-0.44469148516655,0.091382446885109,-0.23622879187266,0.859124398231506,-169.554443568776,-130.891541509581,-74.1647039568482,-46.3577306725147,-56.8085907856301,-47.1118082281703,-60.1269071275986,-51.8164404822475,-27.1323499660001
25-Jan-2025 11:43:46,218,80,-0.0538480204840501,0.489234566688538,-0.135156824191411,0.462795895338058,0.32233038743337,-0.36349819501241,0.741479591528575,-63.552854118468,-27.984376465501,-24.2697045601923,-204.125580699496,-155.483924070674,-98.008057996076,-50.2242501267265,-86.5908667894523,-46.0781462449864
25-Jan-2025 11:44:38,176,81,-0.0082450303559502,0.418099602063497,-0.0334128757317861,0.182011258602142,0.114876947800318,-0.175010536114375,0.960753111044566,-76.2804537781276,-53.3961834695783,-38.5222494221925,-121.709126450217,-116.22539139311,-71.0311520640061,-54.5039346159677,-85.919447979972,-49.2739725095268
25-Jan-2025 11:44:52,115,82,0.0553241613010565,0.417319810390472,-0.0167102284729481,0.264975142478943,0.159090456366539,-0.0921994100014369,0.946560931205749,-9.87321915220006,-45.2260513712286,-33.5355540294472,-124.137278338814,-84.9283565892498,-54.4810053185054,-67.4519595219107,-110.997602165506,-60.9114202587236
25-Jan-2025 11:45:28,201,83,0.0355051651597023,0.409163890282313,0.0243789107849201,-0.0321603054801623,0.00655693771938483,0.0713708872596423,0.996909713745117,-81.2945813280112,-54.7636800307695,-37.9113740120038,-74.4890642934658,-89.764811392824,-54.7965978964535,-97.4742481311347,-94.8877411465569,-54.0184425566943
25-Jan-2025 11:45:41,305,84,-0.0929041266441345,0.423283435901006,0.0937343870600065,0.0682614242037137,-0.10136324663957,-0.260920546452204,0.957593822479248,-103.37838534969,-124.347916403973,-72.3656520295778,-109.998364784273,-60.6758376284876,-39.9142708452576,-23.3969465868432,-23.5692415961813,-18.0213526124788
25-Jan-2025 11:46:30,305,85,-0.0810718322793643,0.419881018002828,0.0957564721504847,0.0333157271146774,-0.0909006054202715,-0.259374050299327,0.960912211736043,-106.856571687807,-120.435154961649,-70.2383095948776,-103.903713898326,-57.9885137277394,-41.3323269430328,-43.2043274154206,-44.7583985079478,-7.73494293215343
25-Jan-2025 11:46:44,231,86,-0.0285833284258842,0.426821162303289,-0.0622260776658853,0.233332783977191,-0.0245405074208975,-0.0283615823835134,0.971673389275869,-64.0409409545173,-60.655529413137,-42.4387378795548,-119.947486735445,-129.085574541172,-78.971098408682,-81.9316203805243,-65.6608090972782,-20.2763892857516
25-Jan-2025 11:47:36,300,87,0.0217569892605146,0.403238193194071,-0.023016303901871,0.113047892848651,-0.0521067808071772,0.159725090861321,0.979281874497732,-44.3221345357211,-47.6777765175216,-33.4897333280682,-77.5162433259977,-105.630587989608,-61.0748169100652,-97.4054124584738,-71.5528842550069,-40.1447855496023
25-Jan-2025 11:47:49,259,88,0.12767172952493,0.445536981026332,0.014225990884006,0.0953790307044983,-0.0018375140381977,0.362354630231857,0.927145346005758,-32.4695642207644,-45.543844835611,-32.2093743189218,-89.3773831858415,-91.0659960851456,-53.5791277896431,-151.10875404492,-137.405144952707,-72.8575227302613
25-Jan-2025 11:48:29,50,89,-0.0539175892869631,0.418030166625977,-0.0252201891193787,0.0394163049757481,0.0584108203649521,-0.195991578698158,0.978070489565531,-98.9246535502244,-65.1980038890941,-41.1540048190765,-101.279005120915,-119.893233235967,-72.8684672788886,-55.836909641188,-56.389993448492,-39.2087413458994
25-Jan-2025 11:48:41,202,90,-0.0566148536900679,0.417121473948161,0.00126837211040159,0.155114275217056,-0.0291900330533584,-0.0586159879962603,0.985723944505056,-74.9157971979213,-85.5561144930779,-51.7309589321377,-111.460449905317,-105.133695999207,-65.8865974715781,-77.9125229886108,-35.0166747587663,-28.9199808121058
25-Jan-2025 11:49:06,139,91,0.061404076218605,0.417367857694626,0.0989543775717417,-0.256464151541392,-0.0965887034932772,0.00187579063543429,0.961713687578837,-114.401336274067,-71.7810973250673,-39.4796336561806,-11.3000091333223,-6.21862286235568,-9.2943291814114,-89.7811734778773,-113.338417055829,-59.2001569658513
25-Jan-2025 11:49:20,37,92,-0.0427136441071828,0.422941229740779,0.0556455632050832,0.0462817410628001,-0.0042439602004985,0.0284072005500396,0.998515443007151,-89.9612590821591,-111.243406255216,-61.2975329093843,-103.55922267066,-78.6669258239295,-47.6052254503277,-103.766254312776,-34.5270524764336,-21.8812194642832
25-Jan-2025 11:49:55,60,93,-0.0246698061625163,0.411784698565801,0.00466243037953973,0.222090822458267,-0.00977049805223942,-0.11951413800319,0.967624203364054,-73.1645041761544,-57.0162128022552,-39.0750550287457,-122.026358778559,-81.4545710280263,-49.2922093833232,-68.6496990647871,-55.0034911746637,-38.439618507823
25-Jan-2025 11:50:09,80,94,0.0773432950178782,0.425216356913249,0.108913736045361,-0.133059300978978,0.022116490577658,0.249908748269081,0.958828143278758,-82.4837290542112,-95.5200939136563,-58.8984840660311,-36.7550434620085,-16.4483461889602,-17.3605854453751,-128.432454634042,-113.575171759528,-68.2969472818403
25-Jan-2025 11:50:53,269,95,0.00766630827759703,0.41784839630127,-0.0303817804902792,0.41639670530955,0.040100471675396,-0.055964948485295,0.906572500864665,-38.2099760776072,-53.7531890978039,-33.2677301722793,-140.78357668946,-84.4285986664171,-53.6419314408307,-75.1830985564186,-72.9077051841134,-48.8054429325987
25-Jan-2025 11:51:05,173,96,0.0218573817362388,0.434045128027598,-0.0520557741324107,0.364954151709874,0.019261830424269,0.0598305058976014,0.928901358445485,-28.0112151650791,-38.7659821250836,-24.2754059886471,-136.40962203495,-118.055363317004,-68.9565930688519,-104.950342858917,-90.4723738200759,-56.0890565533079
25-Jan-2025 11:51:57,278,97,-0.0549728927512964,0.429041411479314,-0.0654281054933866,0.359060962994893,0.0215489483127991,-0.180657130479813,0.915409127871195,-59.0488599151641,-59.4459263378638,-36.1873567158661,-142.630175299387,-120.459816965144,-74.9125591350275,-55.5237281646566,-53.9202339465816,-36.6672304495355
25-Jan-2025 11:52:12,103,98,0.112588016192118,0.451943010091782,0.0633858695626259,-0.0248620794465144,-0.0285286574314038,0.0511419452726841,0.997974208990733,-110.25622480348,-67.461521825746,-39.5725703398524,-101.976067375116,-30.8239531239256,-29.4720430944633,-118.390017661415,-156.126124683342,-87.147591697961
25-Jan-2025 11:52:35,4,99,0.0517611046632131,0.442775807778041,0.132544844349225,-0.266660791635513,-0.0765270332495371,-0.00106492955237627,0.960746844609578,-133.691790013792,-108.755787138722,-57.8510254287771,-20.0132814121924,-18.4957205907564,-16.7926295709536,-104.299683700324,-130.247768524524,-70.7433686570615
25-Jan-2025 11:52:51,213,100,0.0203489761799574,0.385905887683233,-0.00519368772705396,0.111098978420099,-0.0509922005236149,0.22014811138312,0.967776175340017,14.3724810814197,-4.73295791672144,-3.16872892843201,-61.5400262954148,-69.5334559663682,-39.6406153694146,-87.9710562079159,-48.598043406719,-27.2476242088141
25-Jan-2025 11:53:59,112,1,-0.000816235163559516,0.328150610129039,0.0432861859599749,-0.0157689295709133,-0.00201972785095374,-0.0153688850502173,0.999755521615346,-8.55000000000001,-14.55,-5.77500000000001,-5.25000000000001,-13.2,-6.00000000000001,-6.07500000000001,-6.00000000000001,-8.77500000000001
25-Jan-2025 11:54:10,379,2,-0.00509357654179136,0.332840510209401,0.0422346835335096,-0.0367727754016717,0.000157035431281353,-0.0179600518196821,0.999162276585897,-16.2931223403673,-15.800127629456,-6.24790017400225,-7.4355848842644,-17.432839126602,-7.96425887704146,-10.6028934432886,-4.47833882850238,-7.86200329710143
25-Jan-2025 11:54:45,363,3,-0.0104571630557378,0.335411840677261,0.0295838639140129,0.0614695370197296,-0.00274530908403297,-0.0615036763250828,0.996208469072978,-10.9173434898531,-20.1829867563205,-6.06476028268786,-23.3816292348027,-19.0754407315105,-11.7734917019821,-4.93818465848142,-5.8576318989153,-8.72707913934916
25-Jan-2025 11:54:57,158,4,0.0438702223201593,0.331495314836502,0.0572849291066329,-0.0048764037899673,-0.00181038971059024,0.082901002963384,0.996544142564138,2.59321273580374,-16.7037198599446,-3.39189798677819,0.172988215851525,-0.725513519037792,-1.66530811142272,-18.8639170624956,-31.8425737795433,-20.7863138026695
25-Jan-2025 11:55:28,10,5,0.00181775333670278,0.342982904116313,-0.000422080491747086,0.112890757620335,-0.00599845300118128,0.0694921905795733,0.991156184673309,4.0217700825404,-4.49337851247107,0.172722892517307,-27.5602859245682,-38.7340485445203,-23.9788763049452,-27.7589572191217,-14.8974337201228,-11.5542928244734
25-Jan-2025 11:55:40,269,6,0.0288907329241435,0.348798779646556,0.0603506108125051,-0.121980263292789,-0.0174429889768362,0.153750674923261,0.980396389961243,-25.4045709879941,-2.69949969173313,1.28000954586944,0.778993609214579,-3.81500456484666,-6.30900273890802,-51.7069447909626,-26.099512669916,-16.9449886884753
25-Jan-2025 11:56:21,335,7,-0.0156983888397614,0.356852104266485,0.0260690492888292,0.0942231287558874,0.00166010130972912,-0.155946282545726,0.983259904384613,-35.4031136158859,-31.5793075675812,2.93179045945127,-55.7168671470218,-27.8211204603983,-18.9172516230357,-11.2816277852377,-20.4010144195082,-17.3540540513858
25-Jan-2025 11:56:33,389,8,-0.027063520376881,0.354580090443293,0.0376618107159932,0.122657279670238,-0.0133870900298158,-0.153952627380689,0.980344108740489,-27.8642411698488,-43.012754626584,-2.60659923248896,-55.9731602369113,-7.48364645994289,-8.57018787596574,-4.38171524602244,-12.7467424690366,-13.3485782951713
25-Jan-2025 11:57:13,23,9,0.0329625718295574,0.362186155716578,0.0200362795343002,0.107325994471709,0.00018883382047837,0.123797022799651,0.986486379305522,-13.1246987673471,-7.33773126239097,-15.9929512574344,-43.3300997135396,-40.5553177625519,-26.5783211889529,-56.3266737007118,-44.6324707581477,-30.8528091184777
25-Jan-2025 11:57:25,181,10,-0.0212688998629649,0.36520146727562,0.099324410657088,-0.191960018873215,0.0210415001958609,0.01268971649309,0.981094936529795,-61.9802938556688,-58.2579981923485,-42.2341464040747,-10.1806173988875,-6.91727534697918,-10.5403652081875,-43.0940369337028,-20.1608933377871,-19.3980791182502
25-Jan-2025 11:58:27,233,11,-0.0325830139219761,0.384136952956518,0.0337287835776806,0.0229287385940552,0.00926125235855579,-0.280001974105835,0.959680883089701,-82.8978664188508,-47.8978047541271,-26.4134188516392,-80.1269141391062,-46.0531545137307,-29.191892708238,-19.6329611927987,-33.5448300847891,-23.7181666584263
25-Jan-2025 11:58:40,275,12,-0.0313199655463298,0.381053177515666,-0.00804579611867666,-0.07823283324639,0.00521499992658695,0.0320262911419074,0.996406944592794,-59.4833867143131,-46.7441988412938,-25.1094160208704,-37.6713997477905,-91.1231979962063,-50.9997145751237,-59.6204227731286,-25.3191105792024,-18.8781070312808
25-Jan-2025 11:59:24,288,13,0.0999369924267133,0.387677268187205,0.0494334141413371,-0.0608835356930892,-0.0470246578256289,0.112130406995614,0.990711216131846,-46.9943456811329,-35.8401525381887,-22.0691696479127,-34.281524253798,-46.8209357982285,-31.0599696297302,-69.8011158380767,-104.79775519172,-59.2010811161347
25-Jan-2025 11:59:36,261,14,0.0495964619020621,0.377725398540497,0.0630105972290039,-0.116204631328583,-0.0500426630179087,-0.0189601590236028,0.991782565911611,-65.7670052486176,-35.6671006351845,-21.9653385061103,-33.0176148291048,-36.4803300260017,-25.8723615533164,-48.4363838085122,-76.4614241349039,-45.0156103974264
25-Jan-2025 12:00:11,291,15,0.0601819778482119,0.38711186448733,0.0433249381681283,0.0623462657133738,0.0110828756044308,0.215883705019951,0.974363585313161,-33.1561368499758,-46.7003503374547,-29.3990851847476,-53.5562671875375,-43.9198553226951,-29.5715507166652,-91.8290224120908,-77.2155712191948,-47.1082432670739
25-Jan-2025 12:00:26,150,16,-0.055743046849966,0.389331136147181,-0.032578507065773,0.0965817019343376,0.0294910506655773,-0.138738124569257,0.98516693909963,-56.4655956426763,-43.4177966703497,-26.9033130842675,-75.7561451421103,-98.5314259193163,-56.0228407480482,-10.5611934119529,-10.5404832804891,-12.9162040307934
25-Jan-2025 12:01:16,233,17,-0.0384509816765785,0.385207583506902,0.0403296284377575,0.0934935942292213,-0.00704974106823405,-0.232118713855743,0.968158145745595,-71.230272524717,-58.9231898193478,-34.8392692115318,-85.9008463863894,-51.8110138791179,-30.0770466244641,-25.4808476870839,-34.0401520532222,-24.5985167199252
25-Jan-2025 12:01:30,47,18,0.106890336672465,0.396515935659409,0.076568674047788,-0.0556283709903558,-0.00823784911384185,0.23754211862882,0.969747944672902,-40.3495145341932,-50.1672251104264,-29.8476542944935,-21.7652109581868,-26.916571223278,-17.0161927339666,-94.1144631132974,-103.558302635395,-58.7439594484342
25-Jan-2025 12:02:09,24,19,0.0196598884960016,0.391790723800659,0.0825433899958928,-0.075274513165156,0.00380924039830764,0.0691870853304863,0.994752430915833,-68.2263661120838,-79.3307743510504,-48.4459895188495,-51.0880846503087,-43.6191889824672,-33.24963838948,-79.9812588853855,-77.5800235135823,-47.7709898665715
25-Jan-2025 12:02:24,392,20,-0.0446257395048936,0.425780777136485,-0.0832774942119916,0.3501695672671,0.048392191529274,-0.177213645974795,0.918495953083038,-50.8719192627952,-10.2084147184714,-13.0506835967078,-134.072458630275,-120.99345850944,-71.1026470471143,-41.9666115452634,-55.9221852658899,-36.1079446368731
25-Jan-2025 12:03:06,114,21,-0.0588015355169773,0.40196989774704,0.0651798740029335,-0.0639303868015607,0.015222097436587,-0.0793482090036074,0.994678405920664,-90.0319883485372,-100.876894100286,-59.5617135335143,-70.9208317328982,-83.0347365512159,-50.2453643998392,-64.6647015787389,-42.7820767951524,-30.1644853349038
25-Jan-2025 12:03:20,238,22,-0.0536144917209943,0.418047968546549,-0.0272788353264332,0.323691685994466,-0.00809623685975869,-0.214257576068242,0.921548616886139,-63.7739940822076,-67.6903785914768,-43.0496546926624,-136.472932559484,-97.4941714282703,-57.5562807519188,-46.4825704422437,-43.5940659306762,-30.651678816218
25-Jan-2025 12:04:02,385,23,-0.0421977815528711,0.395320989688238,0.106574363509814,-0.187194670240084,-0.031640495856603,-0.190721675753593,0.963110740979513,-105.035224993972,-93.0705777718057,-57.3034023781768,-50.4955707912783,-46.137488822386,-32.2892315872954,-41.7686828500595,-45.999108283666,-32.392750431813
25-Jan-2025 12:04:14,75,24,-0.0522373559574286,0.395488814512889,0.0039588269777596,0.03707661430041,0.0410667980710665,-0.265301364660263,0.96257674296697,-84.6972539371484,-52.9960447524544,-37.195470901082,-88.0311022164312,-78.9229871272996,-48.6113157723331,-24.4696499416356,-32.9491169365477,-25.7970897908348
25-Jan-2025 12:04:57,78,25,0.092364705602328,0.42549963593483,0.0619595157603423,-0.0804634804526965,-0.0142694819718599,0.394926911592483,0.91507093111674,-65.0016330466833,-61.4709558088624,-41.0492681036923,-57.3373340129982,-58.7272027957408,-38.8660873024441,-151.406810065123,-102.190106378066,-67.058877357875
25-Jan-2025 12:05:13,137,26,0.00388232606152693,0.371509114901225,0.0397513163586458,0.055974076439937,-0.000153053760489759,-0.139059042930603,0.988700926303864,-52.7753562760886,-30.0719321145185,-22.7350156346803,-61.7160927393491,-32.579796577341,-23.1776435714042,-25.6803086278353,-46.107448334709,-36.4028077143566
25-Jan-2025 12:05:42,374,27,0.135980296134949,0.411766111850739,0.0494654357433319,-0.0308612612386545,-0.0392439752817154,0.323199278116226,0.945013093948364,-32.1180406731651,-7.57284253380214,-8.3215495930704,-40.7388173429925,-48.9778554454921,-27.9059127649704,-114.556139662244,-115.843948022505,-71.8071118929403
25-Jan-2025 12:05:57,157,28,-0.0758084292213122,0.401684800783793,0.000478021371721601,0.0161582892139753,0.0352798658112685,-0.170369997620583,0.984615576267242,-82.6764540491331,-76.3905767311544,-42.1766993786103,-78.2553585122509,-107.548635562154,-56.6375855101648,-31.7757337168978,-7.54515661325101,-17.103998875177
25-Jan-2025 12:06:21,110,29,0.0504153537253539,0.392014475663503,0.00497168342893322,0.156140087048213,0.0011473324149847,0.178323620557785,0.971503786245982,13.786197301411,10.1948506638148,4.17548431186311,-72.1281515386006,-70.6341803916844,-35.1174684373126,-89.5483574943159,-72.4660617609403,-42.8049692490017
25-Jan-2025 12:06:35,61,30,0.0634931027889252,0.392431282997131,0.0617089060445627,-0.102902121841908,-0.0304728596160809,0.135589305559794,0.984935625394185,-64.8600154020553,-38.4936545381877,-22.6126790726618,-40.3023621712497,-26.4583651211321,-15.4734715855602,-83.3120336961652,-85.9033772210654,-51.967537762588
25-Jan-2025 12:07:20,159,31,-0.00232612007918457,0.409259563684463,-0.00250491639599204,0.292491122086843,-0.0290165349841118,0.0710008208950361,0.953187227249146,-42.8952934513233,-59.9437000606849,-34.7301356261468,-118.235651147025,-74.4983293697994,-44.7091777548158,-92.308040522654,-22.4905061396945,-38.0285299106231
25-Jan-2025 12:07:34,150,32,0.063718223075072,0.39109139641126,0.0571246979137262,-0.0728345438838005,-0.0229041207581758,0.153748012582461,0.985155888398488,-57.7476058927245,-41.3698064005755,-24.8616889201588,-43.6362960980456,-47.085360984908,-30.4211936864367,-86.1352682460234,-73.8863424386101,-63.1449481841475
25-Jan-2025 12:08:12,53,33,-0.0157755157599847,0.367125223080317,0.0774421647191048,-0.105916199088097,-0.00930422774205605,-0.0416203260421753,0.993460110823313,-59.6979543755711,-59.1043345037182,-37.9205670806442,-31.3532271034538,-34.5263843053419,-19.1074645819107,-40.7416211528375,-28.1783405166737,-31.3700582803358
25-Jan-2025 12:08:26,175,34,0.0144066698849201,0.40894953807195,-0.0250332492093245,0.0887261226773262,-0.0819414228200912,0.231179813543955,0.965385516484578,-45.030312397365,-11.2711120608302,-12.3630237581045,-76.6463165280576,-106.809749508456,-53.6082150823721,-112.937196879898,-49.8759830834429,-40.5779474626246
25-Jan-2025 12:09:22,37,35,0.00959944973389308,0.407894657055537,-0.0262459898988406,0.114705321192741,-0.0942023426294327,0.246009585261345,0.957835014661153,-38.4097143607221,-50.4254743385006,-31.675462863903,-80.4954104689405,-106.115946246203,-56.2586439813807,-112.41825100337,-41.7520743407372,-40.1199995323566
25-Jan-2025 12:09:36,246,36,-0.0293699269493421,0.407732967535655,0.0808081944783529,-0.0681141073505084,-0.0312989575167497,-0.156642739971479,0.984806541601817,-105.674188742225,-84.5209513863851,-49.2605089026327,-83.1528639783951,-24.114231972853,-15.795094359493,-62.0372692924314,-54.3746525276521,-46.9685961406014
25-Jan-2025 12:10:24,5,37,-0.0728515644868215,0.403484384218852,0.0644200320045153,-0.0386013855536779,-0.015994426732262,-0.190230884154638,0.980849838256836,-92.377865693225,-104.44919962265,-55.2007465762455,-78.7665209911987,-79.6560676915186,-41.6606620558918,-45.4112504749656,-34.7622939096559,-31.3604046241441
25-Jan-2025 12:10:38,230,38,0.0368088193237781,0.402143208185832,0.0241574384272099,0.172221330801646,0.0186515223234892,-0.0182032396396001,0.984713466962179,-57.3306583074298,-27.3141813250221,-17.1285979254146,-100.165905964113,-40.0631508918753,-22.359564154053,-75.6446996787348,-75.0685196358582,-52.0088779852282
25-Jan-2025 12:11:13,316,39,-0.0603968575596809,0.397664644320806,0.103330288330714,-0.193941186865171,-0.00940509873131911,-0.217976777752241,0.956443703174591,-109.349937610499,-94.264579267867,-56.2054253658275,-52.2066161760001,-48.4954788244874,-32.1866247301423,-38.0383624558617,-38.3316961564455,-25.7905318330426
25-Jan-2025 12:11:29,95,40,0.111075819532077,0.444017720222473,0.0979223062594732,-0.123216711978118,0.033990848561128,0.409249923626582,0.903424036502838,-73.7629457328712,-91.6436667038254,-54.8110749679217,-35.6922686655295,-13.6585240806837,-14.6842532423555,-161.558394342401,-129.969449989518,-71.5255146336938
25-Jan-2025 12:12:25,180,41,0.00683368404085437,0.403963740666707,0.0674505054950714,-0.122698442141215,-0.0335111940900485,-0.149786807099978,0.98050297498703,-108.107393196082,-72.9277613552561,-43.3304632242062,-71.9418635278715,-54.473968060066,-37.4739502330119,-62.8825323787819,-83.5309902652388,-48.2328442613886
25-Jan-2025 12:12:40,228,42,0.0825880164901416,0.472192533810933,-0.0743521879116694,0.292640580733617,0.0208197887986898,0.112613725662231,0.949338881174723,-62.7479316265262,-35.3354996259166,-26.8388220581502,-150.469975593757,-145.546604854654,-85.3147583289197,-130.09667380859,-153.753531286002,-85.6486044703838
25-Jan-2025 12:13:11,25,43,-0.00881711536397537,0.415278871854146,-0.0604404270648956,0.209669740001361,-0.088835845887661,0.108597216010094,0.967653576533,-15.0549758164046,-24.5794966916132,-15.4855270694108,-99.2484298464605,-119.676802964542,-65.8443808974742,-91.8861775727144,-59.4418168670008,-40.892063018928
25-Jan-2025 12:13:26,199,44,-0.0693941116333008,0.431344777345657,0.119311932722727,-0.0443951435387135,-0.022109059865276,-0.0788462077577909,0.995652329921722,-108.3577618532,-137.85178267947,-73.4060656857858,-93.5267538852385,-40.8559033916363,-27.7183267334679,-83.6600559023506,-48.2866427449868,-36.5988715803676
25-Jan-2025 12:14:31,257,45,0.0918687149882317,0.421609252691269,0.0360944377879302,0.127341708540916,0.0416138840218385,0.314694845676422,0.939691209793091,-41.5889083301216,-62.7448491598312,-36.7387900665482,-86.2928308646114,-58.9367951205702,-40.8523722561163,-134.510362536944,-103.345709255364,-67.4394006159547
25-Jan-2025 12:14:46,89,46,-0.135781506697337,0.460644642512004,0.0527590495844682,-0.125410290062428,0.110343072811762,-0.304249668121338,0.937831151485443,-153.878583846544,-142.047505553742,-77.6399938024461,-113.387719694808,-135.590995117708,-80.4293477936277,-56.7431344841022,-28.358764766255,-31.1958039103429
25-Jan-2025 12:15:44,335,47,-0.0538318475087484,0.404441601037979,-0.0696724941333135,0.19283294181029,0.0562233703831832,-0.0835758517185847,0.976047909259796,-43.3799430004586,-51.663122341039,-25.1893817584557,-90.8525934138302,-121.663787221504,-72.5360276666863,-47.4041657725965,-33.7843377578603,-29.7000722884144
25-Jan-2025 12:15:59,389,48,-0.0450997615853945,0.449962011973063,0.147718472282092,-0.393737788995107,0.185209859410922,0.105803606410821,0.894132427374522,-151.791322231073,-140.269736586254,-70.2849922854663,-21.0825676500479,-26.2015024688041,-25.5971886947393,-124.750234478901,-54.7361916277046,-40.9683026277396
25-Jan-2025 12:16:49,339,49,0.0752996285756429,0.443812042474747,-0.0114812966436148,0.332108795642853,0.0882869000236193,0.109004717071851,0.932752462228139,-52.5321120816185,-62.9429146177141,-42.1437189132903,-143.185320724807,-90.5054700359461,-57.4106622198043,-123.419112328862,-127.000883436277,-77.2227373040741
25-Jan-2025 12:17:03,203,50,0.0238532718271017,0.411343497037888,-0.00821197119851907,0.0160967374841372,-0.0539060401419799,0.204011482993762,0.977350687980652,-62.6283707937713,-48.639282375442,-33.5615395679271,-72.1388246976545,-102.109813586802,-61.7824707710052,-112.773881635005,-75.3947947554104,-49.9893297394136
25-Jan-2025 12:17:51,112,51,-0.0216278946648041,0.422940621773402,0.137279233336449,-0.218037753303846,0.0657503714164098,0.0353950155278047,0.973079478740692,-110.966458082787,-133.631368313261,-70.5888708454882,-53.3626306900477,-10.4385430730005,-42.9977998874557,-97.125741831552,-79.1955426522873,-51.4584675764806
25-Jan-2025 12:18:05,299,52,-0.0331360598405202,0.384048169851303,0.00787082227567832,0.195200867454211,-0.00373392336380978,-0.193000189463298,0.961578683058421,-51.4833390366405,-49.40033172586,-27.9680514820696,-93.9521663159474,-5.38553237581915,-39.9659934691469,-24.9280087403609,-30.9399795481963,-26.8253849547169
25-Jan-2025 12:18:31,95,53,-0.0143696511785189,0.436555663744609,0.138011499245962,-0.434775235255559,-0.0276944064845641,-0.125968797008197,0.891254909833272,-160.206476191354,-116.836887065752,-62.1242098162768,-33.8237106847922,-10.8860895602067,-25.1389907579517,-89.9465705624583,-87.7375602035274,-48.6182937366322
25-Jan-2025 12:18:47,383,54,-0.0986366420984268,0.448699633280436,-0.00205191525941094,0.272601411739985,-0.0189079285909732,-0.368829566240311,0.888423180580139,-106.47667301845,-111.909870371451,-60.6654137894491,-163.555961846429,-107.190740471512,-74.2960285339269,-37.5877394582186,-31.6554225097899,-21.5819372100862
25-Jan-2025 12:19:32,249,55,0.0117947571600477,0.428835209210714,0.110317878425121,-0.204398732384046,0.0664802213509878,0.205910443266233,0.954674005508423,-109.228670432954,-119.865684797212,-66.8861875046828,-57.0794573733451,-62.3008765731794,-48.4988821032888,-133.783391939916,-81.9561774382983,-51.7908000716878
25-Jan-2025 12:19:45,241,56,0.0692283059159915,0.424895944197973,0.0643464143077532,-0.140288666884104,-0.0713484525680542,0.0102416271343827,0.987483429908752,-111.510204759971,-55.8195974273528,-34.3516573061759,-72.2163846152503,-34.3519880764417,-34.0129513413427,-99.4866274016735,-117.192256199713,-68.8973529388178
25-Jan-2025 12:20:35,70,57,0.0117279353862007,0.416923083861669,0.120517100393772,-0.184362038969994,0.0141326945275068,0.0647614846626918,0.980620674292247,-102.153916386463,-119.539136978733,-60.3531063794183,-53.6927473389736,-45.2676185330464,-41.5024053752847,-100.333879770083,-93.7574114967191,-56.3669193323701
25-Jan-2025 12:20:50,37,58,0.04032956858476,0.444501876831055,-0.0712550744414329,0.313372367620468,0.0112513301894069,0.0570844948291779,0.947846261660258,-13.1078324098223,-11.0464861018111,-5.87401479500304,-138.758065254519,-125.583193193586,-81.4274265596002,-105.343565385369,-117.662695050058,-68.0867949630856
25-Jan-2025 12:21:13,103,59,-0.10314784993728,0.424577140808105,0.0292899137983719,-0.0647276028990746,0.0663878252108892,-0.203872017065684,0.974596913655599,-113.479137245209,-112.232478119269,-55.7774401467542,-85.4965208061399,-120.598664459471,-68.8780712896089,1.25567412642235,-2.47563043428654,-5.83884672197067
25-Jan-2025 12:21:28,344,60,-0.019311602662007,0.413660550117493,-0.0466992939511935,0.245402202010155,-0.0414923829336961,0.0688983842730522,0.966079270839691,-44.5279411856645,-42.3742599839159,-22.9872485226214,-107.41395902568,-107.931242656889,-64.6832778318616,-89.044748356899,-25.3659986303756,-19.4229482635588
25-Jan-2025 12:22:20,365,61,0.0744570498665174,0.407302143176397,0.0184269808232784,-0.0424571240941683,-0.0232844013720751,0.0798505688707034,0.995630013942719,-71.7528883023797,-48.4763715074897,-33.2773536879725,-62.306474282266,-91.686804359718,-51.7663479638624,-88.3014840084354,-111.807288239391,-68.012719833505
25-Jan-2025 12:22:35,280,62,-0.103301014502843,0.466427218914032,0.191740119457245,-0.425747026999791,0.127074904243151,-0.215047565102577,0.86968115568161,-169.407780512161,-168.548319289208,-95.6286527494583,-47.0424901465774,-38.7281239076603,-27.6023329084604,-57.1716298466906,-37.9055039061273,-33.3771528375002
25-Jan-2025 12:23:01,291,63,0.0272802402575811,0.405778334538142,0.0966603527466456,-0.303623380263646,-0.0405888964732488,0.0122833843032519,0.951847954591115,-110.159659547398,-79.1966263622537,-44.5228685222603,-29.1500096899517,-11.8372384748785,-9.88507236685921,-87.1629254004078,-80.7826371673419,-44.9758203853234
25-Jan-2025 12:23:14,92,64,0.138653343915939,0.435101534922918,0.0488881342113018,-0.00903794895857573,-0.0400549930830797,0.257493517796199,0.965407009919484,-61.2423305914133,-46.4374004787166,-29.9882056789693,-69.7473917117101,-54.5469390587644,-33.0848727572797,-123.962421492091,-144.208438117386,-78.533670958823
25-Jan-2025 12:23:57,231,65,-0.0651762247085571,0.418528133630753,0.104137056569258,-0.068922403951486,-0.0285094932963451,-0.189175910751025,0.979106450080872,-111.902262332203,-124.103396189797,-70.7199312655976,-87.0586292637872,-55.5408182778111,-42.8971000671467,-59.7859574227014,-56.9555886197011,-37.7634932815374
25-Jan-2025 12:24:10,325,66,-0.0800789147615433,0.41269609729449,0.138818768660227,-0.112161694963773,0.000978555018082261,-0.111545140544573,0.987408975760142,-91.5374170961572,-131.86184984815,-73.3502857304584,-58.621919717068,-26.3145392295928,-27.0350881787216,-53.1089698269435,-21.6294292098653,-18.8515412123036
25-Jan-2025 12:24:48,162,67,-0.0155576378727953,0.414156317710876,0.0859475572903951,-0.0841016526023547,0.0385790271063646,0.104681590199471,0.990192111333211,-93.7035892349377,-109.645684910078,-64.2438783501316,-71.2148333788155,-56.4640338218479,-42.1947905481863,-107.745894592355,-57.935184617335,-40.0848536749821
25-Jan-2025 12:25:02,396,68,-0.0754458298285802,0.403569229443868,0.125572963555654,-0.260397122303645,0.0398757308721542,-0.189063653349876,0.945969454447428,-113.560922863632,-101.265125583602,-57.8622843997476,-39.1553241171887,-36.1092698466352,-29.8260942734338,-16.7800917924876,-19.8578185061794,-18.8548563322581
25-Jan-2025 12:25:50,36,69,0.0103945268318057,0.40233275492986,0.123001178602378,-0.167648608485858,-0.0319116120537122,-0.0620184530814489,0.983376502990723,-96.7950974142211,-112.506167777595,-64.8509897028462,-49.0668371302952,-40.2219238829089,-33.7547454899866,-64.2124794679102,-88.4571003216508,-57.3495612812132
25-Jan-2025 12:26:03,129,70,-0.00277590559174617,0.438241151968638,0.148170780142148,-0.362192501624425,0.0084974925344189,-0.0084224305426081,0.932026263078054,-145.047965118867,-129.765559350144,-73.6678643183681,-26.0173005576757,-42.0937121753819,-34.8778184654704,-107.042316758348,-94.7253693479145,-60.6708746235923
25-Jan-2025 12:26:45,205,71,-0.0170013433943192,0.426675413052241,0.0881907646854719,-0.38510740796725,0.00281749968416989,-0.140641648570697,0.912087893486023,-156.179670064716,-92.3018075698587,-54.9930711988248,-55.2164863409884,-68.3181956441521,-43.0117129666114,-89.2270138605091,-70.2316633173579,-47.9070442964719
25-Jan-2025 12:27:00,25,72,0.0966471140583356,0.415991260608037,-0.00980469652762016,-0.014170911659797,-0.0889412825306257,0.206727123260498,0.974244288603465,-41.2116636202268,-13.1646030659366,-14.0147471765456,-59.605565510142,-97.9105767176553,-56.3981817330449,-106.747033521259,-119.301937296645,-71.0324595157971
25-Jan-2025 12:27:40,291,73,-0.0393914746741454,0.412249535322189,0.0927753309408824,-0.249841967225075,-0.0168389484286308,-0.230032353599866,0.940415120124817,-134.054316353183,-90.9869534368571,-55.1168129941032,-62.3475010439782,-59.3290194263066,-36.7430787175463,-56.2743702221677,-57.3067536757934,-41.1137282962481
25-Jan-2025 12:27:54,223,74,0.0325514920055866,0.410848144690196,-0.0249330559124549,0.152275581161181,-0.0465110912919044,0.167715930938721,0.972892693678538,-46.57231115532,-30.7713222845182,-26.0057860392027,-91.1450943516367,-97.6527697909812,-56.9017425211525,-104.829637971621,-78.9785659324091,-52.9464230458249
25-Jan-2025 12:28:45,212,75,-0.0218782554070155,0.397258484363556,-0.0253431347509225,0.295738164583842,-0.0334791332483292,-0.0137360325704018,0.954583382606506,-34.1338915414606,-51.6086394593772,-29.6564831178488,-106.13028122669,-83.4073737020582,-48.5584754669471,-62.7376157372966,-45.4021497419926,-30.3342384212225
25-Jan-2025 12:28:58,332,76,0.0678875098625819,0.401930594444275,-0.00128358962635199,0.272431578238805,0.0910157273213069,-0.0350502289831638,0.957219231128693,-23.9984875821043,-25.7033394359797,-17.7234999958337,-104.112426294522,-61.2394976019319,-38.4942043065676,-62.0397696498708,-98.8616791453292,-58.0836700125745
25-Jan-2025 12:29:42,344,77,0.10892287393411,0.42869425813357,0.0292525260398785,0.134003244837125,0.0540979631245136,0.297123251358668,0.943840221563975,-43.9789156599852,-56.866938084105,-33.7164555558347,-89.6544804513026,-70.9678651201781,-45.6807405511489,-134.055951682093,-121.459884254264,-73.6409212926754
25-Jan-2025 12:29:55,316,78,0.0668761134147644,0.437676852941513,-0.00853562137732903,0.141273714105288,0.0336942891279856,0.0344461229940255,0.988797243436178,-82.5506949625127,-60.4843595686492,-35.6528409128413,-121.311477611853,-104.388131781585,-62.5185484965869,-106.199135545185,-135.026879979266,-80.5520937699106
25-Jan-2025 12:30:42,128,79,-0.047770768404007,0.394809528191884,0.0234555398424466,0.160008280475934,-0.00337441987358034,-0.224034873644511,0.961350293954213,-69.8190631606103,-66.4913574541056,-39.8306292030405,-101.176302426821,-66.1481850318522,-41.2534625939513,-33.3173751970542,-42.8570222858966,-27.0649505155445
25-Jan-2025 12:30:56,181,80,0.0976827989021937,0.427337801456451,-0.0146041749666135,0.0630453750491142,-0.0428750683863958,0.201476830244064,0.976521444320679,-57.4405750074055,-23.9375216402377,-18.297887067704,-80.6797921653483,-108.47018431692,-62.1586380080827,-113.725914607178,-128.665592750549,-69.7134115194682
25-Jan-2025 12:31:37,301,81,-0.0327820539474487,0.385198245445887,0.0961621721585592,-0.257950433095296,0.0212708962460359,-0.0590268748501937,0.964118770758311,-95.2603248074803,-78.4022284660224,-46.3902066930668,-25.4957419618843,-43.3646450138605,-30.5686336314033,-53.5823079923226,-39.1615878953105,-23.8581234267431
25-Jan-2025 12:31:51,44,82,0.0824609567721685,0.405576334396998,0.0328623001774152,0.0969605281949043,0.0340028502047062,0.0106671509643396,0.994650014241536,-57.8835999145205,-23.5724364666753,-19.7352264736014,-85.6118802397661,-14.7838954280244,-17.0381746186933,-74.1211176598244,-112.363529592029,-61.2190100553106
25-Jan-2025 12:32:50,44,83,0.0802115336060524,0.400704797108968,0.0320376848181089,0.116877241432667,0.0432573492328326,0.0298687167465687,0.991754217942556,-48.8197992545784,-46.9634527102686,-27.0915054083462,-82.7780804979267,-49.4947856788021,-35.3557900882202,-72.5235499857949,-108.701767970853,-60.2172741188827
25-Jan-2025 12:33:05,108,84,-0.0434991675118605,0.435459603865941,0.155380928516388,-0.281502199172974,0.0140142067645987,-0.106332731246948,0.953547835350037,-134.544880926527,-146.831371456975,-77.718742332371,-20.1869941406974,-56.4275611855181,-39.5154553922498,-80.4453116036973,-83.6955511607168,-48.4074432644862
25-Jan-2025 12:33:40,210,85,-0.0728093087673187,0.446109086275101,-0.0715079565842946,0.274986525376638,-0.0532824292778969,-0.0598667065302531,0.958101975917816,-70.1184976927422,-85.9548580446757,-50.7557787030151,-137.236941089327,-151.107944585529,-91.2941399346437,-85.7258003413285,-46.3268972181963,-38.4825964006255
25-Jan-2025 12:33:56,390,86,0.125881215929985,0.413650461037954,0.0618975167473157,-0.0233377269158761,0.00985568768034379,0.358115176359812,0.933333543936412,-35.5155594189615,-48.9301529592143,-29.8186324468314,-25.2889195788532,-23.5591458795707,-25.0949468682118,-123.433369043521,-111.253920204718,-68.5213141804334
25-Jan-2025 12:34:52,285,87,0.0641526763637861,0.402879693110784,0.0796605219443639,-0.214730959137281,-0.0759483953317006,-0.00321757580774526,0.973710505167643,-97.8577787741562,-59.8178231339247,-32.4293596510765,-39.2715845213032,-46.3663625787929,-33.8845472175101,-77.9432896229492,-104.308281244166,-60.9199803323501
25-Jan-2025 12:35:08,125,88,-0.0950231348474821,0.459924048185348,-0.0935633222262065,0.262119293212891,0.158405792713165,-0.268709115187327,0.913233915964762,-82.9198877793462,-72.3488841790769,-39.9836864560961,-147.635394452855,-162.921613663617,-93.4509690423659,-14.9809803967463,-20.6708992121045,-20.390085598763
25-Jan-2025 12:35:34,117,89,-0.0205476375917594,0.39584924976031,0.106106868882974,-0.258285023768743,0.0689480856060982,0.088145504395167,0.959565162658691,-91.8534748121865,-89.6576867238937,-46.214337993417,-11.7738346323174,-24.9609758175144,-17.9939503256258,-84.5203156931717,-38.297396453823,-24.6318812421863
25-Jan-2025 12:35:49,341,90,0.0993465021252632,0.447943985462189,0.00648573494205872,0.253262436389923,0.0510999423762163,0.362282294034958,0.895543658733368,-28.6870906395107,-26.79162936342,-16.7220205581633,-120.056293290856,-81.2785784465698,-48.0934628851366,-159.291908877312,-124.860086752675,-69.8539376365951
25-Jan-2025 12:36:44,365,91,-0.0362670816481113,0.405595719814301,-0.0591835868855317,0.2098758349816,-0.0618309425810973,0.0238326328496138,0.975479936599731,-39.8890117066174,-50.1717770723708,-28.8501742504326,-94.6227827086584,-116.912694793402,-69.497125867046,-70.9723740943554,-44.6960047270869,-30.561124840421
25-Jan-2025 12:36:57,256,92,-0.0639355843265851,0.418171014388402,-0.0168879477928082,0.397694500287374,-0.0591046579182148,-0.217413264513016,0.889425178368886,-54.7112210288342,-74.4524648094262,-40.7837153175117,-144.608665517799,-87.7579323912746,-54.7129418645337,-8.9799945807043,-31.5193315755386,-23.7659854631982
25-Jan-2025 12:37:52,103,93,0.0762525881330172,0.434245971838633,0.0718086009224256,-0.120685933530331,-0.0796750540534655,-0.0693696781992912,0.987053553263346,-121.556014145747,-76.2127841730695,-42.401552345492,-84.9343508335833,-60.3157429162568,-47.4287869585332,-94.028357971157,-135.96024812703,-79.0371952745155
25-Jan-2025 12:38:07,36,94,-0.121035594244798,0.436668866872787,0.064703905582428,-0.255879191557566,0.163407705227534,-0.175955228010813,0.936409910519918,-141.979920415077,-131.999692258012,-71.4000318281883,-61.1266603772761,-118.705526664398,-77.728704272829,-56.0224146174219,-37.1966231885759,-30.7604082455134
25-Jan-2025 12:38:51,336,95,-0.0796640997131666,0.423651291926702,-0.0106667237356305,0.0587078966200352,0.0262286433329185,-0.0382558087507884,0.99719705581665,-84.8380083338043,-108.125988122331,-59.103300403481,-95.0324596456998,-132.386129195843,-86.1212574243597,-80.9244316701313,-47.7765775959644,-35.3470431870472
25-Jan-2025 12:39:05,234,96,-0.0736212948958079,0.420528465509415,-0.0809211164712906,0.237098613381386,0.0656787822643916,-0.128184988101323,0.960748978455861,-50.9500708924926,-58.8925429567384,-32.4349052141898,-109.55199903927,-126.190308617536,-80.971674528711,7.74047526284089,-27.2598515310153,-23.0370075480778
25-Jan-2025 12:39:40,380,97,-0.0907023956378301,0.462009133895238,0.0702750990788142,-0.233941742777824,0.101666588584582,-0.209448607762655,0.94396318991979,-175.851270279882,-137.645275364688,-80.8460508257756,-109.513998484115,-125.68291301632,-79.1213217570516,-99.440375482254,-54.4013790462498,-43.0708192606592
25-Jan-2025 12:39:54,25,98,-0.00818727575242519,0.45342742005984,0.147995826601982,-0.302672400077184,-0.116168980797132,-0.244042987624804,0.913967847824097,-168.820814694845,-130.311125278155,-76.2792500652074,-80.4623480597638,-32.420267726569,-31.5902733948742,-82.8558044276623,-111.580271988279,-70.7605400143722
25-Jan-2025 12:40:55,234,99,-0.0533656589686871,0.418581521511078,-0.0535091449817022,0.260058401028315,0.0777083953221639,-0.21424627105395,0.938312077522278,-66.0047264571033,-61.6703124970694,-36.0598278907455,-125.725694592914,-112.890780107669,-72.6482966121739,-46.4624100851586,-47.4274835262317,-33.5242642731058
25-Jan-2025 12:41:11,115,100,0.152221651871999,0.46094952027003,0.0619416691362858,-0.000600843928017033,0.00586805700634917,0.51552818218867,0.856852281093597,-32.1314162254362,-16.3555291490837,-14.1347875813287,-68.6461151049646,-50.3286778765107,-42.0995968611707,-183.782118477672,-140.867161372522,-80.9764545608271
25-Jan-2025 12:42:23,332,1,-0.000416379192999254,0.328826715548833,0.043346423159043,-0.0188318441311518,-0.00251890004922946,-0.00600361013785005,0.999801496664683,-8.85,-14.625,-5.77500000000001,-4.95000000000001,-13.575,-6.22500000000001,-7.95000000000001,-4.80000000000001,-8.925
25-Jan-2025 12:42:34,77,2,-0.00693403581778208,0.332360490163167,0.0489428711434205,-0.0355722032487392,-0.000799353797143946,-0.03210312773784,0.998851056893667,-16.7765661702544,-19.2633187479209,-7.90784791410529,-7.53416098037453,-11.7119075599445,-5.10714453596672,-5.66920108072917,-3.37365018980663,-8.02551177773011
25-Jan-2025 12:43:08,178,3,-0.00749626457691193,0.338292970259984,0.052535417675972,-0.0407672998805841,-0.00161220430551718,-0.0402326713005702,0.99835706949234,-23.8896449589883,-24.8286072212918,-16.4806924903876,-12.7156246871221,-19.13893311441,-9.24835986864611,-12.4643420571013,-12.1646179785523,-12.4549441543818
25-Jan-2025 12:43:20,158,4,0.040056365976731,0.331419477860133,0.0492979620893796,-0.014204438837866,0.0018169597024098,0.0689995060364405,0.997513918081919,-0.781787264196231,-5.4162198599447,-5.49189798677818,0.472988215851526,-6.31301351903774,-1.55280811142272,-18.3764170624956,-30.4925737795433,-20.3363138026695
25-Jan-2025 12:43:55,331,5,0.00525854099541903,0.349281541506449,0.0346351265907288,0.0715679387251536,-0.00144357569515705,0.0409301146864891,0.996594564119975,-15.3337856348056,-31.2169946706286,-9.32904189405807,-35.081371505967,-8.56803422142348,-15.1233205328541,-33.6708635673704,-19.7547773115148,-16.4135507852291
25-Jan-2025 12:44:07,271,6,0.00313767820286254,0.349234163761139,0.0649070098996162,-0.147751358151436,-0.0174504764378071,-0.115446504950523,0.982108497619629,-53.3306094777296,-29.652648462842,-7.06872515359547,-11.4215888616694,6.2133135102831,-6.25451189383011,-11.7582845909813,-30.1291169031777,-20.1225695152193
25-Jan-2025 12:44:56,84,7,0.00939925660689672,0.361380412181218,0.0553613491356373,-0.153826128443082,-0.00536019935583075,0.0689596886436144,0.985674087206523,-52.4332551142941,-35.4586734381618,-15.9989540628971,-15.5216973228576,-28.5359123179976,-19.6719581719771,-54.5627346194589,-28.0000193339455,-19.8024314061286
25-Jan-2025 12:45:08,128,8,0.026228620360295,0.359540617465973,0.00492561130474011,-0.00991893596947193,-0.000403515400830656,0.0102610340962807,0.99989808400472,-31.6505178444734,-20.9497708450139,-7.29361250700833,-29.9492608931022,-60.3469761595473,-34.1266078910723,-34.2320021843065,-56.3857025608538,-32.5443760063843
25-Jan-2025 12:45:41,54,9,-0.0318577378988266,0.363680452108383,0.0387444846332073,0.0611396479109923,0.000693065230734646,-0.146356879671415,0.987340442339579,-44.4957880773142,-49.7611089152675,-23.8908564010177,-56.586286078208,-41.0211652035941,-24.3630878023342,-18.5206048010512,-20.3513248578936,-19.4398574147361
25-Jan-2025 12:45:55,269,10,0.0428091096381346,0.376421292622884,0.0578390787045161,-0.180675219496091,-0.0282149499903123,0.301450844605764,0.935781892140706,-43.2419777783894,-3.93566194511974,0.302454682565045,9.56968849658626,3.96205428327595,-0.590892430034408,-99.8937506237326,-39.1528728058488,-27.5600421392555
25-Jan-2025 12:46:46,229,11,0.015466314740479,0.365753761927287,0.0258062038570642,0.0971822087963422,-0.0128777025888364,0.172615197300911,0.980098895231883,-17.01766926075,-35.0350140475161,-16.6145025968524,-46.2908549719705,-38.2427578027493,-21.1269859512662,-70.1629289252168,-30.4690258955035,-20.3959467873019
25-Jan-2025 12:46:59,68,12,-0.0066157397814095,0.366920421520869,0.0245243057608604,0.113530816137791,0.000666068342979997,-0.0564677298069,0.991928319136302,-35.2893533005602,-42.3749913762785,-21.063557113763,-61.8406078542672,-46.4964916210725,-26.0329187129572,-33.8378450966224,-38.2596844207977,-25.0703419024785
25-Jan-2025 12:47:39,60,13,-0.00531281760583321,0.360092637936274,0.0611461703975995,-0.172677624225616,-0.0042416464847823,-0.0879841014742851,0.981031743685404,-65.7493882315036,-38.2691434950955,-15.8091456756137,-19.0099645409619,-27.7673627709457,-18.087569915336,-29.2298906132181,-27.1644051937353,-21.5014882288895
25-Jan-2025 12:47:51,191,14,-0.0155713630219301,0.377180596192678,0.10602788378795,-0.234374907612801,-0.0226420401285092,-0.120688546697299,0.964359796047211,-86.5562949207042,-75.4171516209705,-34.8708389402114,-16.8935492925126,-27.5704648152348,-18.4768101391409,-36.4541721020584,-48.679271778956,-32.7466107231601
25-Jan-2025 12:48:35,364,15,0.06181833644708,0.384097570180893,0.064626515408357,-0.195670143763224,-0.0574674367904663,0.134139558672905,0.969751159350077,-67.0964271261433,-29.2242542567665,-12.8256228185839,-20.665945650472,-33.9589622949802,-7.25764300198789,-82.9754869715133,-70.6440167078096,-44.3703524668115
25-Jan-2025 12:48:48,221,16,-0.0109328898290793,0.393722281853358,-0.0296998096009096,0.181497095028559,-0.0752103671431541,0.139086911082268,0.97059623003006,-28.2346843691316,-42.3474378356374,-20.1702760897269,-79.739738821718,-94.8225113466605,-38.4724790095356,-82.171048965057,-11.2027278211431,-15.4327695051858
25-Jan-2025 12:49:46,14,17,0.00635425786798199,0.382464088996251,0.0327665979663531,0.119359657665094,-0.0158621872464816,0.142178464929263,0.982490209738414,-33.7686775001388,-52.6544815087717,-28.7677236393714,-68.0691651974849,-51.7419201803299,-28.4312849206971,-81.4607684329002,-41.3945001264075,-27.3926497302702
25-Jan-2025 12:49:59,22,18,-0.064923632144928,0.42028059164683,-0.0502003394067287,0.285740453004837,0.0156222213680545,-0.213301798701286,0.934136164188385,-64.2825623779333,-66.1613973502162,-36.9534822308016,-128.339924972323,-114.644769756452,-61.3150103794662,-19.4502837137561,-41.9213393152452,-29.0883699953969
25-Jan-2025 12:50:40,323,19,-0.0302200804154078,0.373059209187826,0.0870903432369232,-0.267805145184199,-0.00761080762992303,-0.210505825281143,0.940164772669474,-96.3737204051011,-56.8547116657351,-30.624684945196,-21.4337486404428,-34.0669254225079,-21.428221659754,-19.5465819728616,-28.2227718320586,-22.8236659901261
25-Jan-2025 12:50:54,181,20,0.111882438759009,0.398724993069967,0.0692406172553698,-0.0462327224512895,-0.0035668573807925,0.316382418076197,0.947497570514679,-27.4684310773514,-50.6762530435166,-27.2332603988297,-15.0340760339941,-31.0449730699377,-19.6150502482119,-107.420359045269,-99.9020457777698,-58.3611077277247
25-Jan-2025 12:51:21,154,21,-0.0713995695114136,0.401819177468618,0.00920456865181526,-0.029272773116827,0.0461676736672719,-0.196012624104818,0.979076484839121,-93.2489171022719,-78.7658016660911,-41.5366703463447,-77.8965410367328,-101.435693698126,-54.4203401438467,-41.8433614580524,-18.2484596334894,-15.2854673816561
25-Jan-2025 12:51:35,316,22,-0.00394626444516083,0.373127551873525,0.0802989150087039,-0.127572231491407,0.0252862069755793,0.126892035206159,0.983353626728058,-51.7808970820709,-61.3043102686441,-32.177398506804,-22.5793664680246,-25.3263453636077,-15.7371398357703,-71.9629094353632,-29.7963493340428,-20.4308860911156
25-Jan-2025 12:52:15,146,23,0.0610820000370344,0.400323345263799,0.0771125420928001,-0.120231641332308,-0.023523848131299,0.109045779208342,0.98645832935969,-76.6263738235639,-68.9968627231054,-40.8117601151367,-48.0931844642622,-47.7818290616258,-35.3286140385377,-91.3843196720005,-96.3813856559138,-58.570248178075
25-Jan-2025 12:52:29,213,24,-0.0210710381468137,0.368790556987127,-0.0152856567874551,0.0458949183424314,-0.0207108519971371,0.0617094002664089,0.996823294957479,-29.2536320874095,-29.452217116965,-19.5444017256595,-39.6623620722023,-73.3348994884038,-46.6101136655197,-48.7810218321649,-12.6393033932243,-15.2041714603233
25-Jan-2025 12:53:32,285,25,-0.0457755960524082,0.408319491147995,-0.0707344432671865,0.329642117023468,0.0178673299650351,-0.129366506139437,0.935030047098796,-36.8589014483718,-45.8752937460327,3.52528517816209,-116.203048686175,-109.753212567989,-65.5508684732855,-42.8528799483938,-38.1582197405785,-30.8742836881062
25-Jan-2025 12:53:45,349,26,-0.0165295088042816,0.40902747909228,-0.0342349824806054,0.21197049220403,-0.0242083638906479,0.0610125084718068,0.975069165229797,-25.2400988535068,-70.6881408470821,-11.0739759823327,-97.336570627754,-116.744008313998,-71.2391039562603,-85.1316299895861,-57.571966927874,-42.7739948917241
25-Jan-2025 12:54:31,132,27,-0.0480719139178594,0.370809129873912,-0.0161611445248127,0.110752876102924,0.00725928554311395,-0.0417341324190299,0.99294482866923,-29.747129640443,-53.265436340731,-22.4755479360051,-55.1128603641158,-88.5097693158689,-52.7038204072074,-32.2907506069451,-20.5857632067014,-20.877256874216
25-Jan-2025 12:54:47,261,28,0.152156092723211,0.444121875365575,0.0671817893783251,-0.0967033763726552,-0.0858756273984909,0.460104703903198,0.87839435338974,-20.4169811274252,-53.1868986996371,-23.0211997589472,-30.5041307060952,-12.1147724237161,-15.0912426046202,-159.029538125036,-134.879101439913,-78.608846634311
25-Jan-2025 12:55:33,390,29,0.0251713318129381,0.380493875344594,0.0032229639745007,0.240346084038417,0.029800579448541,-0.0214448507875204,0.969992701212565,-24.9328091629535,-39.7117957116958,-21.4569620705716,-86.0220476343331,-54.1898769143701,-35.1115645271244,-47.0863687330138,-66.8124405384047,-41.2530498072673
25-Jan-2025 12:55:46,31,30,0.0275625385344028,0.401621872186661,0.0593563556671143,0.152743516365687,0.0332227011521657,0.174732512235641,0.972128732999166,-42.2968078916246,-79.6164027111137,-41.9695538381118,-83.8017778448457,-17.8651697043187,-17.50949918993,-103.703900983161,-74.8565226440203,-45.8353791279064
25-Jan-2025 12:56:33,235,31,-0.0175407577306032,0.425074209769567,0.114002173145612,-0.118485151231289,-0.0133893753712376,-0.0791976143916448,0.989701867103577,-116.911769268507,-123.921706055763,-70.7959934699128,-82.2547466760042,-57.6733544544023,-43.0921074602387,-86.2792710592935,-88.9752487544917,-56.4081400516758
25-Jan-2025 12:56:47,166,32,-0.0859108169873555,0.448261390129725,-0.0900355726480484,0.22517915169398,0.185463521877925,-0.257802661259969,0.921105130513509,-80.545534842972,-36.0588707178223,-25.7803262186778,-136.007367090328,-152.635360295717,-89.4888607986315,-24.1916605665561,-25.4094770687832,-23.5410046265569
25-Jan-2025 12:57:30,124,33,0.0560759951670965,0.416417874892553,0.0405879092713197,0.0813133239746094,0.0209040308992068,0.248377086718877,0.965018145243327,-59.3835543037437,-64.1571263634898,-40.072875620315,-86.9434411634665,-70.9041880367331,-41.581560215838,-127.53498612632,-85.5926105744146,-58.8957979127047
25-Jan-2025 12:57:43,106,34,0.0576154217123985,0.397574798266093,0.0569750842948755,-0.0172873941560586,0.0053335172124207,0.0378824902077516,0.999118435382843,-66.6831925047582,-56.2479347395053,-34.6606476367822,-62.6182595584425,-56.3278663213279,-32.8357671865949,-75.4280745529971,-94.758760025773,-62.0212404668434
25-Jan-2025 12:58:10,304,35,0.0986087128520012,0.414796984195709,0.00836737100034952,0.0520650573074818,-0.00363049455918372,0.178589316209157,0.982538533210754,-54.1715453689262,-21.1060684526143,-18.2961266520128,-73.4912402825985,-84.3850812550862,-49.0782187960981,-104.979314003754,-117.233369694284,-72.9248599370392
25-Jan-2025 12:58:26,399,36,-0.098607907195886,0.434598958492279,0.00199305857531726,0.190385880072912,-0.0215342124303182,-0.249812004963557,0.94914855559667,-94.5080652197928,-105.801839657955,-59.0807016985368,-134.051434468744,-121.185771621412,-65.9152534231144,-0.957903506084227,-4.46377099363853,-14.9767500305702
25-Jan-2025 12:59:11,75,37,-0.0706308404604594,0.431174512704213,-0.036088852584362,0.141656853755315,0.0726749956607819,-0.244120850165685,0.956585975488027,-98.6694375071064,-76.8599583176855,-46.6466844855355,-125.917457541308,-129.888785370845,-77.5698997469385,-55.6448936622247,-15.9999551232312,-38.174216791132
25-Jan-2025 12:59:27,313,38,0.0733986725409826,0.397093216578166,0.0878266920646032,-0.116489661236604,-0.0131346264233192,0.164200276136398,0.979436385631561,-63.5487518553145,-63.5347507685515,-38.7615196888655,-29.9673291962415,-14.8068419096355,-18.8063669942307,-93.7032202441113,-85.5187331543434,-71.7110447845851
25-Jan-2025 13:00:21,79,39,-0.0364458285272121,0.405562853813171,-0.0146940944095453,0.213269850611687,0.0254133783280849,-0.195156139135361,0.956966173648834,-67.5739998475585,-59.9438878165378,-31.9233543006123,-115.7568996732,-86.4251638414331,-52.5809020438707,-47.324483193627,-49.1873003217285,-34.711320075348
25-Jan-2025 13:00:34,397,40,0.0318165940543016,0.415705307324727,-0.0274701965351899,0.11566591411829,0.0382878554364045,-0.0662609204649925,0.990335766474406,-74.5101425494478,-51.1513468658692,-27.8164295146321,-101.222034910029,-110.927815593654,-65.1215736093354,-74.0549986715902,-99.0313777317002,-59.9227044696879
25-Jan-2025 13:01:24,321,41,0.0477847295502822,0.400947256882985,0.0937181755900383,-0.133904026945432,-0.00180423407970617,0.13103719552358,0.982291074593862,-75.057743425046,-80.3217500247575,-49.66043420983,-44.089038961415,-49.1495746414302,-34.5953102469703,-94.7674987750899,-92.1029770753249,-57.834170066912
25-Jan-2025 13:01:38,170,42,0.0652315949400266,0.435131547848384,-0.0494697781900565,0.235834340254466,0.0345012947916985,0.0899724955360095,0.96700398127238,-40.661105033468,-40.5959985234646,-29.880409811634,-120.597636953507,-117.73778598201,-68.9722672697107,-103.251002605486,-124.1314269255,-73.93124634445
25-Jan-2025 13:02:27,292,43,-0.0671876107652982,0.42657470703125,-0.0512435711920261,0.34726735552152,-0.0186967361718416,-0.153933634360631,0.924856905142466,-56.4281218335162,-76.2245951961226,-43.0016338253937,-138.23043165665,-120.560553490698,-75.030103700482,-56.5284428023573,-50.9535949931037,-36.082687460511
25-Jan-2025 13:02:40,200,44,-0.0132796666274468,0.425903612375259,0.00297362748533487,-0.0482544526457787,0.00260133186044792,0.0464637984832128,0.99775044520696,-104.741076082235,-49.5647358830701,-31.0300881423449,-89.3546223474458,-109.310077947214,-70.7632499022172,-110.875938294859,-64.5374347278792,-44.2329913013763
25-Jan-2025 13:03:25,324,45,-0.0279899496585131,0.392326784133911,0.0380100833872954,0.155215884248416,-0.0143136058623592,-0.101685514549414,0.982529016335805,-59.9999981701902,-66.5606948568302,-39.5063988517117,-95.6994629314896,-58.4951446091965,-34.3663779551936,-52.5425275516928,-43.4155563001366,-27.8295990124062
25-Jan-2025 13:03:39,143,46,-0.0539500844975313,0.415823924541473,-0.0791583865880966,0.158416779836019,0.0500840557118257,-0.123014691472054,0.97839822769165,-62.2816749336451,-36.3033178030746,-24.2596125325285,-96.472175966062,-136.94651872869,-73.4739672226349,-31.9518919758774,-45.2608170342783,-28.6341315871716
25-Jan-2025 13:04:31,30,47,-0.0287218877424796,0.444173057874044,-0.0628861233592033,0.386482260624568,-0.0436952558656534,-0.0148846379791697,0.921140933036804,-60.3020220560976,-67.7116185550946,-42.1645961236059,-153.707399130049,-137.549430844962,-80.6173882455879,-99.4659868333211,-63.9422476602398,-44.5027879664272
25-Jan-2025 13:04:45,237,48,0.0617382424573104,0.440453028678894,-0.0571985053519408,0.228056916594505,0.0348750695586205,0.0851415172219276,0.969289509455363,-26.9604322162788,-44.0739923833878,-28.1697467672267,-118.315107426131,-132.077285111872,-75.705279108517,-106.899956448402,-119.48700003545,-70.0991278835062
25-Jan-2025 13:05:29,365,49,0.106482998033365,0.430421974261602,0.049190183232228,0.0240795955061913,0.0104908796648184,0.119362310071786,0.99250328540802,-76.3781577629195,-62.7904314231508,-39.0933848991482,-88.3263161575415,-70.9801603043647,-47.4302011916777,-108.778434013594,-138.386547523944,-85.5653741653969
25-Jan-2025 13:05:43,78,50,0.0546789010365804,0.425873136520386,-0.0286150215814511,0.140985089540482,-0.0646542886892954,0.270916209618251,0.950024954477946,-3.4683721056507,-28.2057010820882,-19.6010963178499,-96.0854464764167,-109.432671145425,-64.456533201441,-130.516903258654,-92.2987823855287,-60.3215681854225
25-Jan-2025 13:06:29,173,51,0.0490752905607224,0.458666376272837,0.144611619909604,-0.318354175488154,-0.0790931815902392,-0.00330771955971917,0.944660758972168,-154.66267632625,-125.483905445008,-74.5284253221341,-68.5793903927517,-60.547834682995,-46.7688747304877,-123.006196978312,-146.866948727035,-86.6694051418021
25-Jan-2025 13:06:44,300,52,0.114885459840298,0.452494672934214,-0.00251853936351836,-0.0695357774694761,-0.213284017642339,0.41492060025533,0.881768361727397,-50.2334984826005,-38.8866988140796,-31.0729546072917,-75.469517572563,-104.183935782524,-68.4300578808737,-173.532675181863,-127.000922172084,-76.579524464948
25-Jan-2025 13:07:42,16,53,0.0107385405649741,0.427791899442673,-0.0655624821782112,0.226532102624575,-0.0357572687168916,-0.0194086489578088,0.97315362294515,-62.9329695541261,-9.00919421888804,-39.8624354484821,-118.628151775176,-132.00415781215,-84.4391685031914,-82.1070403104877,-103.04245764482,-62.2537888215033
25-Jan-2025 13:07:56,379,54,-0.0894576326012611,0.440633042653402,0.075840991238753,-0.0692725722988447,-0.040572747339805,-0.439290221532186,0.894750905036926,-155.192107183241,-91.2670287805376,-81.8489472335863,-121.090422892368,-75.0316047906026,-56.8104864966972,-38.3242319787048,-28.3192426281252,-25.7497758174351
25-Jan-2025 13:08:43,306,55,-0.0612274900078773,0.440391393502553,-0.00433896454051137,0.169058657685916,0.0696784183382988,-0.414428716897964,0.891522828737895,-123.148324178146,-66.2138006876376,-58.3269926626704,-153.936967791249,-104.554953360368,-58.6497034914735,-41.3879117542221,-66.7368743109719,-38.2133828750927
25-Jan-2025 13:08:58,224,56,0.140487438440323,0.459181118011475,-0.00458544784535964,0.151660796006521,0.0896416584650675,0.192793421943982,0.96529457171758,-37.3596697376782,-4.98544350988328,-26.3247255645046,-111.328822312322,-104.52136494548,-57.2448207747411,-128.89993866408,-168.941497714439,-87.9276060675378
25-Jan-2025 13:09:31,74,57,0.0657886346181234,0.385892681280772,0.00751345613971353,0.137810551126798,0.0528942974905173,0.0677059372266134,0.986725087960561,-10.5950031517635,2.2966053353739,-9.86880132950391,-68.5181876281659,-68.4060299828043,-30.5836950982107,-63.8067642707317,-93.6439421212783,-51.8139943289355
25-Jan-2025 13:09:47,200,58,-0.0270713708053033,0.421184448401133,0.0994582921266556,-0.379628942410151,0.0558853020270665,0.00810383185744286,0.923413789272308,-140.102784308482,-83.0212785884684,-55.0116942045691,-40.4695026550339,-47.9015663391809,-22.815414189543,-101.348692812248,-52.5534503718575,-33.7526993673691
25-Jan-2025 13:10:41,208,59,0.0302995258321365,0.400875463088353,0.0909428889552752,-0.109628786643346,0.0426715828478336,0.206787529587746,0.97128761212031,-69.8251754851802,-88.878036504315,-53.2718655631063,-45.5136059505119,-50.846333591132,-35.375311024722,-106.982526139407,-78.9686186886105,-47.8171088615348
25-Jan-2025 13:10:57,398,60,-0.154266353448232,0.504918340841929,-0.0241297485927741,-0.0468299813568592,0.369006683429082,-0.43373367190361,0.820680244763692,-174.165412487009,-121.434501721584,-72.2587935397872,-171.313381764002,-182.77632166288,-104.049000428643,-37.4205963137963,-41.1118031314864,-31.5973964510191
25-Jan-2025 13:11:40,342,61,0.0736358895897865,0.414662784337997,0.0286491315811872,0.0409106137851874,-0.0002937692644385,0.327137136459351,0.944090871016184,-50.0443379451831,-59.2702321124735,-33.7952889065269,-69.8611443032002,-73.2510173012102,-46.4828388233974,-133.293445936001,-91.6444433566374,-59.6698632024772
25-Jan-2025 13:11:55,385,62,0.00534062866742412,0.450249813000361,0.128476219375928,-0.429496739308039,0.0732993498444557,0.169466050465902,0.883991503715515,-155.106769790404,-113.042624284546,-60.6842232550675,-36.3420706386566,-52.813130002753,-36.2666334366731,-145.491446348955,-94.1997760450108,-60.9502678091682
25-Jan-2025 13:12:50,272,63,-0.0552635987599691,0.408412863810857,0.128979568680127,-0.201399774352709,0.117040813465913,0.0209508361915747,0.972265748182933,-92.8609289185704,-123.987606896956,-61.9815033693567,-38.5767856434931,-47.0190972801788,-35.3458360856176,-77.1892923491776,-41.832027820187,-27.6974407386344
25-Jan-2025 13:13:03,162,64,0.000631155349158992,0.419694993893305,0.0489214216669401,0.0214366365224123,0.0167640826354424,0.112182340522607,0.993314949671427,-84.2609478732673,-102.198446867013,-53.7625045991318,-93.0494850681664,-77.2419398911559,-53.1328386358525,-113.980291978724,-79.1129805397154,-49.013498343145
25-Jan-2025 13:13:52,374,65,-0.0911617572108905,0.488120667139689,-0.0743737096587817,0.284067018826803,0.322668588161468,-0.473565997680028,0.768717233339945,-109.964754961848,-80.1421574651594,-42.176832615517,-205.468067152731,-155.740644384848,-100.225378701084,-51.4166177515478,-63.3050332686131,-47.3551265418028
25-Jan-2025 13:14:07,192,66,0.00299208469999333,0.416958332061768,-0.0472239956259728,0.176891473929087,-0.00374088909787436,0.177743541200956,0.968040438493093,-5.95668068322464,-27.1447261839138,-13.5566313184288,-92.706310513509,-111.263215624624,-75.8651786645075,-108.88063041079,-57.8629007794247,-42.5125746407433
25-Jan-2025 13:14:47,93,67,-0.0755571946501732,0.407357096672058,0.0466519139707088,0.0871207381288211,-0.0317607415219148,-0.178483370939891,0.979563653469086,-83.4816923503287,-102.417222930865,-57.935645382301,-99.6493130867678,-83.8711871789929,-56.4997876826252,-48.8165511805194,-38.6940617960837,-27.0224853979179
25-Jan-2025 13:15:01,159,68,0.0716606711347898,0.396209758520126,0.031296951820453,-0.034501708795627,-0.0219282459467649,0.0327851831912994,0.998626053333282,-64.4413220732194,-20.6662013252884,-16.804700658638,-56.9898581866129,-62.0903819025938,-45.3539511235511,-72.5921392812257,-101.094664605178,-57.9673528815906
25-Jan-2025 13:15:38,283,69,-0.0559096912542979,0.405941694974899,0.108833176891009,-0.0371950455009937,-0.0391213685274124,-0.163005945086479,0.98514727751414,-94.3528766826846,-116.274363016614,-67.4848818942268,-79.2143814022924,-15.0699212276,-36.7387499512486,-50.0292052504281,-51.9533807735037,-34.4110936349036
25-Jan-2025 13:15:52,224,70,0.0735536083579063,0.444287689526876,0.00239626091594497,-0.0267508032421271,-0.0675441806515058,0.152896488706271,0.985568312803904,-101.37403083598,-27.246265511286,-24.2152082087917,-98.7829677533999,-99.0618900234534,-79.9791094164041,-138.546195164848,-127.622974966313,-73.4902657985369
25-Jan-2025 13:16:55,303,71,0.0335952796041965,0.403425017992655,0.0164504356682301,0.212061081329981,-0.00372835911499957,0.258473018805186,0.942447829246521,-28.6615056418099,-56.5344375825347,-29.5005846963835,-91.9106679986339,-59.4552063693509,-38.9765224289545,-113.307873775678,-58.1909283205985,-39.3971740672595
25-Jan-2025 13:17:08,399,72,0.0432632458706697,0.403131502866745,0.0124883169308305,0.034452519317468,0.00590307485933105,-0.0268407019476096,0.999028452237447,-72.5527673804631,-42.9461855217726,-22.0119226166243,-79.7791065235841,-82.8241431182032,-49.9664547540025,-71.188638137176,-96.5483643502954,-57.8813560327298
25-Jan-2025 13:17:48,385,73,0.0551625100274881,0.442647461096446,0.0376366935670376,-0.185719428459803,-0.0731549466649691,0.187473764022191,0.961774543921153,-120.182536768539,-75.5301885255227,-47.2799946457231,-79.135898217987,-103.751100687897,-62.0982362598906,-150.853688580338,-113.91521647698,-71.0066731931022
25-Jan-2025 13:18:01,215,74,0.085398656129837,0.434523546695709,0.0334966296950976,0.165489686528842,0.0682123452425003,0.0798926894863447,0.980600543816884,-69.8247545249528,-67.3158544805021,-42.9976026884492,-118.519807973669,-60.0270137990182,-40.0609678806876,-109.944596085718,-130.649024742157,-79.1983523909268
25-Jan-2025 13:18:58,386,75,0.0638994807998339,0.417597963412603,0.101809385418892,-0.133586119612058,-0.0182437494397163,0.0653854340314865,0.988709616661072,-93.1255474207289,-89.5098193296781,-55.5354677361434,-59.0213830334059,-50.0611004935736,-39.0900099479799,-96.8182238140433,-122.10738879703,-72.3388273263726
25-Jan-2025 13:19:14,47,76,-0.0926697557171186,0.464999363819758,-0.101660697658857,0.302008269230525,0.15914437075456,-0.254373776912689,0.904852517445882,-79.6830153606326,-51.5762640579168,-37.7840080877549,-156.149851803177,-165.725573335836,-98.137564356603,-60.3248971224743,-36.5494693311015,-30.7751855809005
25-Jan-2025 13:20:07,21,77,0.0210017196834087,0.397825545072556,-0.016437200208505,0.1408684750398,-0.0130570424720645,0.131657215952873,0.981148306528727,-40.6276711893728,-48.6934396971352,-27.8121543746566,-80.7799987833812,-99.9115692396634,-57.5356788242642,-88.9287002133501,-67.5402165447787,-42.9628227974835
25-Jan-2025 13:20:22,122,78,-0.120019747316837,0.456152615944544,0.131034736831983,0.0490346009532611,-0.200601340333621,-0.236183096965154,0.949511587619781,-118.852597406166,-168.345203074704,-89.9936294089382,-123.677225459783,-58.8731834654646,-39.3720792826621,-54.1148306604843,-35.2831959399636,-29.1899058405732
25-Jan-2025 13:21:08,233,79,0.0476551726460457,0.414661155144374,0.0834307745099068,-0.25983234445254,-0.116705085337162,-0.0766630162795385,0.955505029360453,-121.606746477553,-73.125663082906,-39.1565647443396,-50.6595087581706,-50.2763449249854,-39.01414436795,-82.9898034666109,-98.8429233551135,-62.7538274506743
25-Jan-2025 13:21:22,213,80,0.0714819719394048,0.429348999261856,0.0996027822295825,-0.119780983030796,0.0158583448578914,0.326041042804718,0.937602420647939,-77.1938867557353,-107.452914423257,-56.0972995174237,-54.61172264225,-60.9122829420188,-44.1092224793753,-145.532729834934,-112.541562975333,-69.3802563636926
25-Jan-2025 13:21:58,361,81,-0.085977086921533,0.434444348017375,0.0565932316084703,0.0835678329070409,-0.0633879110217094,-0.270473084847132,0.956996730963389,-116.516072150242,-128.408260180551,-66.8972154662797,-126.475757713249,-93.163390036734,-54.9159086090553,-58.4738750507876,-22.7674466418568,-42.846117552776
25-Jan-2025 13:22:11,217,82,-0.0951267927885056,0.445618249972661,0.0758758952220281,-0.0833147659897804,-0.0312192955364784,-0.354245867331823,0.930910245577494,-151.009022445703,-130.540440819274,-67.9640278165923,-114.890747231275,-97.1139406598746,-56.8919059515767,-55.3669490493057,-22.7746669513681,-42.8504497384827
25-Jan-2025 13:23:11,173,83,0.084447318315506,0.41216170390447,0.0217555001378059,0.211983511845271,0.0638662949204445,0.0644485945502917,0.973052163918813,-42.8611108573015,-55.5510405808556,-31.1263856680595,-102.888674358901,-57.3944456800119,-39.5936611883788,-87.2099274599454,-106.956384877146,-74.7012048148547
25-Jan-2025 13:23:24,218,84,-0.0442662181953589,0.442514262596766,-0.0430944743255774,0.366344966491063,0.02523526151975,-0.219008493423462,0.903985508282979,-81.0242367530447,-78.8184415012489,-45.0868262202955,-164.493675259451,-117.039742301454,-71.7430495911394,-70.1335761872625,-64.0228357158942,-55.5611703262683
25-Jan-2025 13:24:29,285,85,0.0479009173810482,0.413605785369873,0.0985397949814796,-0.220768584807714,-0.0815190677841504,-0.0420728427668412,0.97100248336792,-112.618321436503,-86.6268971259379,-43.2201054074596,-51.5780927006829,-49.5466001664035,-38.6152522764617,-82.0235187442423,-105.505077034088,-69.320261431588
25-Jan-2025 13:24:44,7,86,0.0125780373811722,0.461405738194784,-0.114302644630273,0.246569041411082,-0.0873241608341535,0.0858633796374003,0.96135618686676,-59.3542812457837,-56.1361284131767,-30.6445577076789,-132.126913813848,-169.145691839502,-101.084634769611,-117.678314867846,-104.594723226517,-71.5349211844022
25-Jan-2025 13:25:21,321,87,-0.0738355293869972,0.45137819647789,-0.0582276592652003,0.462975233793259,-0.0506732588013013,-0.207773201664289,0.860183986028035,-67.1086942588372,-82.0284194178437,-49.5131282203186,-176.232526203083,-132.323417372221,-83.3157837352907,-65.4369675601877,-26.4748792119381,-38.9168837231204
25-Jan-2025 13:25:35,58,88,-0.0537578952809175,0.456695562601089,-0.0935199191172918,0.499674620230993,-0.0278259761631489,-0.133470226327578,0.85541494290034,-16.4600016075413,-21.9030507321755,-17.0832707691917,-169.585995642174,-144.08854001457,-86.8311719481723,-77.0344503306912,-34.3598866216587,-40.4922143196878
25-Jan-2025 13:26:31,192,89,-0.0461587972939014,0.397053023179372,-0.0380580584208171,0.0972220773498217,0.0503016245861848,-0.147549526890119,0.982978522777557,-63.2047712851143,-42.4990408420578,-22.9380866461545,-84.4975748648385,-107.606878876494,-60.044592795663,-39.7300129504633,-37.8034350075222,-28.3180391024918
25-Jan-2025 13:26:46,103,90,0.0990793665250142,0.44852880636851,0.0645771518349647,-0.113605354229609,-0.071051978568236,0.0574686946968238,0.989314285914103,-120.707065912086,-64.19852930115,-35.3576807049111,-93.1873723662819,-22.6668014247161,-19.1444038989845,-124.242706323615,-144.507112996618,-83.2397279262501
25-Jan-2025 13:28:02,148,91,0.108017947276433,0.413679653406143,0.0503555250664552,-0.0553073910375436,-0.0385181335111459,0.396221141020457,0.915678040186564,-41.6839214462676,-50.0718330955509,-23.5772925911228,-43.5654740517272,-51.9558869656764,-36.5831219557295,-135.481984473504,-103.012262854006,-60.961377727881
25-Jan-2025 13:28:16,265,92,-0.0327749366561572,0.412650136152903,0.105159657200178,-0.399169697364171,0.0630691096186638,-0.00737413518751661,0.914675629138947,-131.698469102968,-87.6278227027839,-43.5602419952909,-20.9928545038619,-57.158316466954,-40.3892913069198,-84.3469820964569,-47.3876028394819,-34.3540023211707
25-Jan-2025 13:28:52,68,93,-0.0320838786661625,0.410256642103195,0.12254842966795,-0.331914852062861,-0.00547454009453456,-0.153949572642644,0.930646081765493,-126.378721822692,-103.553228948795,-50.9754941710107,-39.2151798522316,-46.5895603040036,-22.0380699267855,-62.229728318714,-61.9661423468837,-41.4138785695485
25-Jan-2025 13:29:05,112,94,0.00841153872509797,0.407049677769343,-0.00599517018223802,0.120821284254392,-0.00744100529700518,0.0234089071551959,0.992370347181956,-64.8321629146837,-45.2554043106919,-24.6009226276507,-96.5272591598963,-90.5678179713264,-46.8015395361385,-85.8950827123623,-67.154010229016,-46.7821532863062
25-Jan-2025 13:29:50,80,95,0.0671295642852783,0.428677999973297,0.0957984248797099,-0.116056685646375,0.0128679599612951,0.24275685052077,0.96303395430247,-87.7339992208567,-99.2963968309319,-56.9586010321635,-63.7034551983907,-58.7207613866239,-43.9054972124933,-135.417724326177,-114.30340081051,-72.4780594424273
25-Jan-2025 13:30:04,79,96,0.0243710758785407,0.401860978205999,-0.0121209514016906,-0.0570758583645026,-0.00562211362024148,-0.0554610582689444,0.996812355518341,-81.073408190548,-11.5058602904564,-11.0509492566224,-65.158382408729,-102.751494185662,-63.908480106709,-63.3253696540626,-88.0289953801293,-57.3284732219336
25-Jan-2025 13:30:55,131,97,0.0330864238242308,0.382282753785451,-0.00401516618827979,0.115667365988096,0.00601519094780087,0.0409716735283534,0.992424420515696,-35.8852065042983,-41.2644010088982,-21.4580606156477,-66.3420241771695,-74.9139511212778,-46.9252014864781,-60.3941074314583,-73.456893712988,-48.049777748658
25-Jan-2025 13:31:08,353,98,0.0393914562960466,0.419645601511002,0.128388441602389,-0.194203495979309,-0.0281295871982972,0.0614181193212668,0.978632505734762,-101.932755967221,-111.42166365856,-56.9294363124935,-32.9947063327308,-38.8945010759448,-29.3082208358263,-96.7806162260938,-113.216788361316,-68.3224694448368
25-Jan-2025 13:32:11,189,99,-0.00992119802782933,0.436710631847382,0.130510508020719,-0.367501026391983,0.04262319256862,0.0318553658823172,0.928499603271484,-146.223744167329,-121.451562934091,-70.730190997146,-49.40628012985,-61.7984120568976,-46.4248073292681,-113.015872068053,-91.2200306928608,-55.0871528377415
25-Jan-2025 13:32:25,162,100,-0.0812282487750053,0.43559165596962,-0.0727581694722176,0.0591968856751919,0.17030291557312,-0.213310701648394,0.960203723112742,-96.9643379849402,-41.6990070412823,-32.2929164428198,-107.697746424053,-144.215903547917,-89.0725564668562,-48.7439863256129,-31.3763742185495,-26.6043279926642
25-Jan-2025 13:33:36,72,1,-8.26768426729056e-05,0.328147991498311,0.0425942033529282,-0.0113192590574423,0.00179901386145502,-0.0154010732347767,0.999815722306569,-8.47500000000001,-15.4499999999999,-5.55000000000001,-5.85000000000001,-13.65,-5.85000000000001,-6.00000000000001,-6.67500000000001,-8.40000000000001
25-Jan-2025 13:33:48,388,2,-0.00180613088111083,0.332526475191116,0.0483722952504953,-0.0420992059012254,0.00335134604635338,-0.00482447016984224,0.999096210797628,-16.080210480109,-18.0778233735597,-6.85804322865055,-5.8525195880453,-13.704200217151,-5.87123386629585,-12.1374798521007,-6.61629684552653,-8.36477810731592
25-Jan-2025 13:34:27,163,3,-0.0041028494015336,0.339563538630803,0.0463308031360308,-0.0599616289138794,0.00436495061342915,-0.0245235691467921,0.997889880339305,-26.633083609144,-21.8191962002655,-9.48054516857603,-10.8950570628419,-19.1118067043842,-11.7268575113542,-16.6756972837708,-12.5969112502561,-9.20064675015366
25-Jan-2025 13:34:39,338,4,-0.00473832730203867,0.343969217936198,0.0703592593471209,-0.0459227191905181,-0.00536913288136323,-0.0666771243015925,0.99670273065567,-31.4394667951995,-40.2330560876782,-18.675051995922,-17.9393913008148,-8.08531549281658,-6.20118929569,-10.9593268379867,-26.1927833881418,-15.9861592782063
25-Jan-2025 13:35:20,247,5,0.010920370866855,0.348571483294169,0.0489304348826408,-0.0417583520213763,-0.00605513301367561,-0.0646625384688377,0.997014745076497,-36.2118827278231,-29.5225411788608,-14.1510247073165,-23.1526175268967,-22.0009239632256,-15.4152262290974,-18.6129643776343,-31.0249070670027,-23.0303241607909
25-Jan-2025 13:35:32,151,6,0.0314637064933777,0.348883811632792,0.0357516514758269,0.011848215200007,0.00108358686168989,0.0176126857598623,0.999774102369944,-19.7840521199737,-27.1562657919851,-12.7312594751911,-24.1348320476787,-30.4667939516844,-19.411541281838,-27.5608938278316,-45.0063068581021,-29.7843901497056
25-Jan-2025 13:36:14,351,7,-0.020113106071949,0.347375961144765,0.0528524160385132,-0.122803254425526,0.00507374073689183,-0.143612848718961,0.981972018877665,-52.0528923414015,-31.8638499899715,-3.20705999398274,-16.5643290835336,-20.1350065981229,-15.6801560248559,-6.92747675964211,-11.1349410269038,-11.2316531539051
25-Jan-2025 13:36:26,314,8,0.000308233573256681,0.365743913253148,0.0741226772467295,0.039615947753191,0.0132299769669771,0.0485787811378638,0.997945749759674,-30.236715456755,-75.1787974987939,-25.3830706467291,-41.2219159541771,-8.13682237964022,-10.1995934277841,-48.1662489582827,-42.5056831714264,-27.4355673155614
25-Jan-2025 13:37:05,186,9,-0.00648205106457074,0.36591100692749,0.0558516529699167,-0.0474730143944422,0.0129746090620756,0.0796612431605657,0.995606390635173,-41.8948279487599,-58.0651494072119,-25.6382272056207,-31.439260990153,-38.974070063614,-26.5364517152596,-57.5313934743151,-29.5110936517969,-20.3682186910781
25-Jan-2025 13:37:17,326,10,0.0383528642356396,0.374378224213918,0.0573979094624519,-0.121516179045041,-0.0281399448712667,0.0259878676384687,0.991850117842356,-63.1694039556674,-30.2580936705267,-12.2692312023159,-30.6929780397628,-33.3464012695417,-24.257150955941,-58.9691673959454,-61.9204918626152,-37.1074481756707
25-Jan-2025 13:37:53,360,11,-0.0255340797205766,0.353196513652802,0.0151218506818016,-0.0131998484954238,0.026681017751495,-0.111799431840579,0.993284877141317,-39.745687358992,-31.1548795307048,-6.32291366508674,-32.9729947965086,-44.7384822987374,-29.2866077759003,-14.1262699218689,-14.4069341619037,-14.9399417471422
25-Jan-2025 13:38:07,172,12,0.0389343572159608,0.378829789161682,0.0876614317297935,-0.104716630280018,0.0348717875778675,0.240281815330187,0.96440761089325,-42.066753519444,-72.6373240539907,-26.5393302551039,-5.10835166841242,0.593140450941934,-6.09599072943479,-89.0184981027945,-57.4486451265803,-35.9359915578547
25-Jan-2025 13:38:54,134,13,-0.00117309749281655,0.364232778549194,0.0236105717718601,0.15964375436306,0.00678488456954559,-0.0476295821368694,0.986001678307851,-27.193818504422,-37.8834144458139,-18.3336424174882,-64.4334915508381,-37.8279563271848,-21.1418685849711,-33.9939368438547,-32.3939027683715,-25.2843795327231
25-Jan-2025 13:39:07,239,14,-0.0627164530257384,0.367236862579982,0.103440819680691,-0.163099673390388,0.0227069452404976,-0.116781771183014,0.979410171508789,-65.0332988248295,-82.3670152714778,-39.762507269063,-10.0538776758209,-33.5047281133744,-18.1673189168087,-1.77273465824157,-5.36601962280285,-10.9575023986816
25-Jan-2025 13:40:02,361,15,0.0630283216635386,0.38634105126063,0.0804145832856496,-0.118707650403182,-0.0229977138340473,0.115933846433957,0.985869673887889,-59.6393248493718,-64.263700535522,-34.6399500827857,-31.6103117199121,-35.9561754182215,-28.6166740009326,-75.8491695654911,-87.3901292524562,-53.3009034889589
25-Jan-2025 13:40:15,281,16,-0.0491635277867317,0.39959983030955,-0.043914299706618,0.149708196520805,0.0486955533425013,-0.154908440510432,0.975304905573527,-60.979805961045,-40.2274009623681,-23.8231507927149,-93.2902655732367,-100.797291040425,-62.2385823085404,-40.1473257152846,-35.0166694986723,-28.3155241085731
25-Jan-2025 13:41:06,151,17,-0.00234067824979623,0.381627893447876,0.0267934790501992,0.118170250455538,0.00164270741709818,-0.00738783730193973,0.992964541912079,-46.0129048970272,-48.5555758225272,-25.0190871482227,-75.8440665174623,-51.6337051289241,-30.6984039032184,-59.8431668502584,-41.5723621785799,-26.9513424208303
25-Jan-2025 13:41:20,294,18,-0.07973552942276,0.39812614719073,0.0928125739097595,0.112990780174732,-0.099019551773866,-0.140142227212588,0.97866659561793,-62.1633956943532,-116.16118547501,-58.3193737991347,-86.6065030994987,-48.8246230927708,-28.7913447098125,-16.6788974423406,-8.48170499961245,-9.90349565601741
25-Jan-2025 13:41:59,382,19,-0.0131957426667213,0.391323896249135,0.0248903959989548,0.212847542762756,-0.0137508404751619,-0.151336349050204,0.965196450551351,-56.3654688009212,-61.0844973721838,-37.304609703954,-102.192542034496,-54.2925374465965,-32.7537646554574,-42.9299590125515,-50.4002792870177,-34.1494242793896
25-Jan-2025 13:42:13,218,20,0.0269600595037142,0.373936778306961,0.0661800061662992,-0.0561055853962898,-0.0173470007876555,-0.0105331029122074,0.998218556245168,-56.5569563771292,-57.1331892138435,-34.2200339629801,-39.32977332307,-43.2033208285588,-26.1002346846348,-48.9362135479109,-67.5372313687911,-41.6089786584726
25-Jan-2025 13:42:56,217,21,0.0204163545121749,0.394819231828054,0.0551200670500596,-0.171033517519633,-0.015099833595256,0.187262117862701,0.967187901337942,-77.3272099899909,-59.7382944239523,-30.3274346625122,-37.7919358422972,-53.6631680236723,-35.7124477829194,-104.206893276065,-52.8116847440982,-34.0700842023226
25-Jan-2025 13:43:09,125,22,0.0793834726015727,0.412674442927043,0.0880233570933342,0.0430026233196259,0.0439905400077502,0.134659527738889,0.988980464140574,-46.4541027542832,-95.1620552962783,-46.4460205497081,-71.9200829486726,-19.3344812836651,-16.9548098639488,-96.4846128167166,-123.97339688078,-68.0576457216963
25-Jan-2025 13:43:33,29,23,-0.0308455564081669,0.380869779984156,0.110068159302076,-0.151169488827387,0.0663290267189344,0.0840196068088214,0.98269457022349,-61.8142428792919,-88.24360424769,-42.8661385412962,-18.1799937412136,-9.9857289424859,-9.22349791236638,-65.4212925201088,-20.8662455123094,-13.3804289342027
25-Jan-2025 13:43:46,73,24,-0.0411059637864431,0.392803961038589,0.0795279428362846,0.0156608390932282,0.0107050500189265,0.0307235101858775,0.999347937107086,-60.1641605285988,-100.34252932303,-48.6850661731132,-66.6973529452457,-7.68037988395584,-7.84028847724835,-73.168457061092,-22.0075367080333,-13.7205396262116
25-Jan-2025 13:44:09,38,25,0.0773974935213725,0.404459708929062,0.063695040345192,-0.181108675400416,-0.0487156038482984,0.349382330973943,0.918018706639608,-59.9491511188847,-42.3320317976503,-20.410766167259,3.54470013046611,-0.643773702312348,-2.12229449482483,-127.546269626993,-80.2744168125496,-41.6709361257351
25-Jan-2025 13:44:23,186,26,-0.024680620059371,0.396146035194397,0.0492886165777842,0.0912021006147067,-0.0129504147917032,0.0119303379828731,0.99567666053772,-62.2177495317105,-79.7506911420254,-41.0035693125084,-84.9931723617851,-22.6587556800038,-15.0132589567325,-75.1652373879029,-17.6947763355672,-12.2645893603058
25-Jan-2025 13:45:23,4,27,-0.0597738355398178,0.398118185997009,0.057172995309035,-0.0899431228637695,0.00324323688012858,-0.245943720142047,0.965096588929494,-103.63641959403,-86.6296133466746,-46.3407847883859,-73.4358881712576,-66.9152435763844,-40.7989374542569,-35.6031584426286,-38.8781964078207,-27.5095576151999
25-Jan-2025 13:45:38,367,28,0.0350737037758032,0.386777496337891,-0.0113661239544551,0.10903532654047,-0.0304736544688543,0.139993651707967,0.983658051490784,5.54490183424862,5.83976553467655,0.538440619634072,-61.9608954073209,-78.0760343404029,-45.7347968689217,-79.4846108652142,-65.4949756262085,-40.1734112570494
25-Jan-2025 13:46:16,258,29,0.113553197185198,0.410980468988419,0.0605930003027121,-0.118090584377448,-0.0910332545638084,0.244185154636701,0.958196866512299,-60.7145201163871,-26.7249717563638,-16.1793007360667,-38.9404892066364,-45.4798492843209,-11.7769171389519,-111.241926774475,-111.54781417224,-67.7879551628531
25-Jan-2025 13:46:31,1,30,-0.0433652917544047,0.419789121548335,-0.0544724134107431,0.366191897789637,0.00439335216457645,-0.167433579762777,0.915341595808665,-49.1128580660879,-27.7124938943918,-16.5723969444387,-134.96849009924,-112.771745722774,-45.3222004975365,-47.934531578744,-44.0062142564804,-33.9164903443314
25-Jan-2025 13:47:45,13,31,-0.0246140989164511,0.402018346389135,-0.0349758428831895,0.347552222013474,-0.0148292304327091,-0.0784048904975255,0.934259215990702,-33.9873985769169,-47.4886132718426,-28.462022638398,-118.379643625887,-94.9320569045485,-43.4188421376035,-53.407138075425,-43.1802622378894,-32.4064563015739
25-Jan-2025 13:48:00,84,32,-0.0455421614150206,0.437339156866074,0.166132746140162,-0.288856075207392,-0.0343220499654611,-0.163238894939423,0.942728551228841,-139.198147095429,-145.487894541349,-77.6111408100552,-21.8898932708973,-25.8997556288116,-9.05216903663884,-70.3208646210026,-86.637402976202,-54.284504207634
25-Jan-2025 13:48:24,182,33,-0.0536958706875642,0.420342381795247,-0.0790943841139475,0.369391167163849,0.0282606129844983,-0.167919654647509,0.913538952668508,-23.8063876588887,-27.8819411862287,-16.7435920493834,-129.470122358355,-121.426808696825,-58.6460835095067,-31.7738994119149,-39.8743488050375,-26.9140930195921
25-Jan-2025 13:48:38,51,34,0.031721830368042,0.379402442773183,0.0411589220166206,0.0288298577070236,0.00460144241030018,0.0661185095707575,0.997384615739187,-46.1504394279369,-25.0265531842973,-15.0303592482246,-53.9298244040848,-47.0667333408162,-21.180507031309,-67.3168904358052,-58.5856923526725,-35.9842259932164
25-Jan-2025 13:49:16,4,35,-0.0846674139300982,0.414342856407166,0.0406268546978633,0.040160920470953,-0.0149116825312376,-0.179462080200513,0.982831696669261,-91.6421778998426,-111.823279954743,-58.3209894823025,-97.1698250437813,-105.570559376322,-53.1721669089029,-52.8865855638251,-37.4945067040449,-33.0687440080835
25-Jan-2025 13:49:30,291,36,0.0180461113651594,0.413789963722229,0.0841305707891782,-0.200918837388357,0.0225689966231585,0.239599667986234,0.949586343765259,-93.4801468801792,-86.9335287193006,-46.8001989285698,-46.0342559006095,-32.9333313391931,-17.7776379543272,-127.26974565881,-55.8301649260256,-43.1606581830624
25-Jan-2025 13:50:23,142,37,0.0281168406208356,0.435681553681691,0.109908377627532,-0.244407765070597,-0.0856328214208285,-0.110499555369218,0.959542453289032,-143.68402753227,-109.501372449732,-62.9999625410107,-74.3821527103487,-62.8936606442679,-45.5098843595829,-94.9899759766532,-115.923212420933,-71.6044456729045
25-Jan-2025 13:50:37,313,38,0.0661964570482572,0.391386395692825,0.0576123096048832,-0.0741597418983777,-0.0419969315330187,0.078579584757487,0.993258158365885,-60.973198056639,-61.8036982745025,-38.1052522366255,-28.3614318650037,-52.434928476561,-39.2346450589588,-72.5963129717724,-94.5538507805336,-59.8738916359341
25-Jan-2025 13:51:23,175,39,0.0107935965682069,0.40443260272344,0.000787576842897882,-0.038365899771452,-0.0488324229915937,0.18255668481191,0.981232182184855,-66.6009868503848,-56.5695837229936,-35.5035536510015,-61.3429538863215,-95.6398530816935,-58.5830860544025,-108.309035030081,-62.6140996225523,-42.9100857446558
25-Jan-2025 13:51:34,175,40,0.00611510776604215,0.405307763814926,0.0121175195400914,-0.0571014362076918,-0.04082845946153,0.169232750932376,0.983073151111603,-72.2409475621531,-60.8163141244352,-38.0515918918665,-59.8713437288325,-89.9972065237921,-56.1864358155959,-107.360494973167,-64.6887920722906,-44.3721050096691
25-Jan-2025 13:52:22,20,41,0.0564889334142208,0.433354079723358,0.117535529534022,-0.114103015760581,0.0839011564850807,0.298677831888199,0.943786346912384,-84.1386016723732,-118.248509162378,-67.3930778937462,-58.8908037996218,-53.1510904472584,-43.0665762616104,-144.926066589942,-110.461487188656,-71.0166965495504
25-Jan-2025 13:52:33,20,42,0.0494125949839751,0.43685803214709,0.121456977725029,-0.11794319152832,0.0902914007504781,0.298978513479233,0.942628657817841,-89.5835113611666,-123.459779757368,-70.2350911516337,-61.5118494566762,-55.5148700511828,-44.4848440239651,-149.356572599359,-110.779443540295,-71.4120526857627
25-Jan-2025 13:53:15,37,43,0.0487323867777983,0.423708879947662,-0.0281379366914431,0.100858241816362,-0.0702633356054624,0.237584302822749,0.963558216889699,-54.6111551750647,-25.669329935322,-37.8870488154943,-88.9558842076635,-113.290032890388,-71.8210130191382,-125.81631830824,-101.614874489022,-64.1683784844054
25-Jan-2025 13:53:29,238,44,-0.0233003384123246,0.386461836099625,-0.00361067006985346,0.22085958023866,-0.0414673708379269,0.0458677515387535,0.973343582948049,-27.7918757339422,-30.3574955589715,-38.4152782185232,-83.8051718030082,-71.1434298145581,-48.9318580724273,-62.037694595038,-30.0759532761244,-26.5830644691605
25-Jan-2025 13:54:14,97,45,-0.018840517103672,0.418601145346959,0.00546804601326585,0.00739352597544591,-0.00962985754013062,0.0477270819246769,0.998786652088165,-92.7551895336867,-70.7160675452057,-42.5530974223072,-92.6931295903892,-105.884967987653,-66.4493628699854,-104.429614161247,-38.4308948380189,-40.5897823354724
25-Jan-2025 13:54:27,337,46,-0.0161989635477463,0.398769778013229,-0.00490099275484681,0.0644115696350733,0.0341682416697343,-0.137041640281677,0.987878179550171,-73.7819401146147,-54.6618425566129,-33.0148309611179,-86.3106849138521,-90.5793779875086,-57.2854139030202,-49.0098262766408,-59.811857626319,-49.7691097627297
25-Jan-2025 13:54:49,343,47,-0.00599988950416446,0.411825513839722,0.120403359333674,-0.252216142416,0.0551921278238297,0.105826875567436,0.960282019774119,-103.791210612278,-107.747188174265,-56.7981586707642,-10.1010284272367,-11.4724081110057,-11.5541851157603,-102.453990218515,-64.2027632122626,-43.0155743938703
25-Jan-2025 13:55:04,386,48,0.050240054478248,0.426458195845286,0.0236796657244364,0.115328988432884,0.0215696229288975,-0.0253021915753682,0.992770739396413,-85.8656294063838,-41.6332407000781,-25.118807133622,-117.227315827522,-58.2365297570611,-36.3138681387393,-94.5924664380183,-109.879288157491,-67.2314590664355
25-Jan-2025 13:55:49,196,49,0.0563604051868121,0.389241576194763,0.0226973953346411,0.15166040956974,0.039910318950812,0.0350676663219929,0.987003842989604,-37.9788425896535,-41.5691269536413,-24.6959075289722,-79.5768672950928,-51.9123116441995,-33.189216975963,-66.615651177527,-86.3541429923812,-53.2582222211239
25-Jan-2025 13:56:02,89,50,-0.0879335482915242,0.429490969578425,-0.0127676356583834,0.113458781441053,0.0162632477780183,-0.177150052785873,0.97748681306839,-96.854484603988,-97.3831750357269,-53.5594509240669,-116.262052849715,-129.41812764286,-72.8986443293452,-64.6219409148329,-30.9735960063189,-26.5244680821447
25-Jan-2025 13:56:57,91,51,-0.0111369865015149,0.386446313063304,0.0829104289412499,-0.0115755156303446,-0.00301544209942222,-0.0576796700557073,0.998263514041901,-66.204027273701,-90.1639638952194,-50.1477315149973,-62.2984893131914,-44.2643191935294,-32.7212765784065,-53.5070024949617,-59.3242695495306,-39.7627802492718
25-Jan-2025 13:57:10,215,52,0.0502827314039071,0.408278214931488,0.103243014713128,-0.166658419370651,0.0283894130339225,0.215477476517359,0.961763215065002,-77.4736643016075,-94.4460567397062,-52.0805587529931,-13.6229494484299,-42.1821273510539,-31.4719614729212,-112.081292127265,-89.332574140923,-54.5587133607204
25-Jan-2025 13:57:51,305,53,-0.0364456795156002,0.382569440205892,0.0747982487082481,-0.212156351407369,0.00353311039507389,-0.228405634562174,0.950162136554718,-102.208515631374,-61.663303353216,-37.0326960906736,-41.0877052544706,-44.2639445344696,-25.3197092518259,-27.9168235055625,-34.0130404679649,-25.0125051723355
25-Jan-2025 13:58:04,140,54,-0.0438321689764659,0.378102465470632,0.0044446631334722,-0.0238670316835244,0.0505366861820221,-0.210794687271118,0.975931266943614,-70.9834120074832,-40.9637039019612,-25.438738791909,-60.7851653197859,-71.7966876410262,-37.841923231967,1.43866455239142,2.53743025380995,-5.49311223831092
25-Jan-2025 13:58:51,185,55,-0.081558184325695,0.436473693450292,0.101673396428426,-0.10237383445104,-0.0519655058781306,-0.338737728198369,0.933850081761678,-144.40641862658,-124.779555180756,-74.6333850325579,-105.951003808679,-70.5129132526917,-47.3434192171867,-51.78796827506,-56.3309212794374,-36.6990309147702
25-Jan-2025 13:59:05,256,56,-0.0798302501440048,0.446410179138184,0.142687512437503,-0.380503676335017,0.0245393112301826,-0.258545132478078,0.887563606103261,-169.573977140464,-141.119217540124,-82.9449019617689,-37.532557841088,-78.3884710505637,-51.42288386565,-66.579447202648,-68.8797483979257,-43.1151302235417
25-Jan-2025 13:59:47,367,57,0.0525241625805696,0.441902766625086,-0.0396407494942347,0.154053098956744,-0.0132829621434212,0.10041878571113,0.982856726646423,-79.2419801267985,-26.8215948034267,-48.5844838418552,-120.036814614073,-130.110041883523,-78.6253938196324,-120.097715314106,-122.992620732226,-75.9149707934188
25-Jan-2025 14:00:03,65,58,-0.0736853336294492,0.386820469299952,0.0399431027472019,-0.16473061144352,0.044840008020401,-0.135845912496249,0.975909348328908,-88.5225782850315,-58.8646369123034,-61.6287090737015,-38.3683018512476,-82.6144077620634,-51.9002809363107,-32.7765073281479,2.0502799293543,-10.4162246400366
25-Jan-2025 14:00:44,287,59,-0.0787320762872696,0.42687864502271,0.0604606412351131,0.147892406582832,-0.0728476529320081,-0.215122077862422,0.962571350733439,-100.179233018539,-117.158257551041,-80.8116983481234,-126.512339654912,-83.2533105775656,-52.5700769436491,-58.7519119606121,-49.8935283808849,-31.4393133273555
25-Jan-2025 14:00:57,232,60,-0.136054385701815,0.462049680948257,0.046057857076327,-0.0679569244384766,0.0495586467285951,-0.323370291789373,0.942527163028717,-153.420995586597,-141.709984404162,-93.3714387846411,-122.629414475446,-137.553556844457,-80.0040770870517,-37.0643181367284,-52.7322984804536,-33.1425753870967
25-Jan-2025 14:01:49,174,61,-0.0593577653169632,0.395262928803762,0.0760898689428965,0.0158533653865258,-0.0411157059172789,-0.198748926321665,0.979059286912282,-85.2012760001596,-95.4941864384801,-61.7264027536244,-81.5067699235355,-54.8210604241533,-33.9452746509913,-37.0964570096853,-36.6513539247699,-24.0224688496524
25-Jan-2025 14:02:02,354,62,0.0641105398535728,0.404639440774918,0.0302603515485922,-0.106140573819478,-0.0592970473070939,0.187609179814657,0.974690135320028,-70.6048531606395,-31.0326805231672,-31.17499005385,-49.1887295988432,-74.1620737027564,-45.2951215481749,-107.60129676007,-89.8944895667243,-52.3233769285116
25-Jan-2025 14:02:50,158,63,0.0456403613090515,0.393192760149638,0.00217125260581573,-0.00873678904026747,-0.0755684157212575,0.311259339253108,0.947275431950887,-35.3390272122387,-44.8579993779338,-0.252490496734602,-45.1178744409233,-80.1712016564228,-45.8743179516433,-111.430386540771,-63.5106169812619,-38.4000330455686
25-Jan-2025 14:03:04,72,64,-0.0935891399780909,0.430587317546209,0.0120292418946822,0.19248877565066,-0.0505727310975393,-0.192731129129728,0.96085649728775,-83.0185856385687,-124.027152827451,-43.5428485694677,-128.392353381163,-114.046643200455,-66.5178200716342,-53.8198721698096,-39.5220682820619,-30.1115400439432
25-Jan-2025 14:03:49,254,65,-0.000250815610828189,0.416229180494944,0.0302839707583189,-0.0523519513507684,-0.00292288198446234,0.105679300924142,0.993016970157623,-94.4002289873821,-74.4175189196004,-40.1093567867468,-82.4940607506763,-89.858749932229,-54.2750943142924,-112.059934819134,-59.2447524946427,-41.3085830185815
25-Jan-2025 14:04:04,250,66,-0.0286411217103402,0.386622563997904,-0.0077465297964712,0.262106337149938,0.0083941903586189,-0.158824727932612,0.951842713356018,-39.6767259852859,-46.9413619452503,-23.6236626021367,-100.995464943339,-64.5059688412635,-38.8510880713746,-19.542577035239,-36.3641236252255,-27.1206528864379
25-Jan-2025 14:04:50,132,67,0.0795094122489293,0.406298140684764,0.0614209150274595,-0.200647730628649,-0.0663575083017349,0.311892880996068,0.92631528377533,-70.1018977899912,-21.8631205730886,-10.8772950613464,-28.6293633391464,-47.2845735303538,-7.01059141399312,-126.791342174004,-82.4933824470542,-51.6227232912139
25-Jan-2025 14:05:04,322,68,0.00583446342498064,0.411459457874298,0.073658641676108,0.0137760953356822,-0.0166622519493103,-0.0704135710994403,0.997283585866292,-91.644767515387,-97.1473547156104,-50.5160308416071,-92.3319601080946,-64.2030349429165,-17.4664408292742,-76.2066173662246,-92.5032128710221,-58.6242572121976
25-Jan-2025 14:05:53,400,69,-0.0364028247694174,0.435912909110387,-0.0055924767938753,0.141875766714414,0.0349724854032199,-0.259840462605158,0.95453192392985,-115.353371605995,-74.4305869598525,-49.2380635346577,-140.963755214882,-111.027983117283,-56.5855554137788,-70.3620158405521,-74.1328049879199,-50.4043137658621
25-Jan-2025 14:06:07,393,70,-0.0528041357795397,0.42996799548467,0.140919667482376,-0.0261371181656917,-0.0697933003306389,-0.165885242819786,0.983324917157491,-106.631402723634,-145.135314678166,-82.0452562690813,-93.8312907704486,-29.3783150732151,-13.2155502670121,-62.6858179648722,-72.6002098912985,-47.0928450928185
25-Jan-2025 14:06:44,51,71,-0.061198868850867,0.408728289604187,-0.0170265490810076,0.2382700274388,-0.0342765487730503,-0.176028219858805,0.95449808438619,-62.3760541121263,-76.5743388161234,-42.665466115834,-116.482434243509,-101.866623799392,-50.8110143710699,-45.030865898936,-35.7846619491659,-7.62819086166861
25-Jan-2025 14:06:56,93,72,-0.0593263551592827,0.403595745563507,0.0268485290308793,0.147727059324582,-0.0485728996495406,-0.119691513975461,0.980556615193685,-68.3202529464077,-93.6149711060876,-51.6593161888358,-99.3140385463983,-90.2920725872856,-45.4972726930365,-54.1112312893162,-40.5200012293634,-10.4693944297871
25-Jan-2025 14:07:18,10,73,0.0230514615774155,0.430087639888128,0.111619259417057,-0.307370388507843,0.0368653195599715,0.188201180100441,0.932064700126648,-121.174922726755,-109.631532980566,-59.1714376201787,-38.2594793641149,-32.6373287389809,-18.3490472445858,-131.321634864735,-92.0652504160797,-42.6545704983204
25-Jan-2025 14:07:32,243,74,-0.0561017339428266,0.420428176720937,-0.0635161871711413,0.240956258773804,0.027267878005902,-0.139710387587547,0.960040275255839,-62.0172281611164,-46.571311190795,-25.6904861272619,-117.018284662228,-125.128934400671,-62.6440094773995,-54.6080992916527,-20.5740784616455,-4.95814392307187
25-Jan-2025 14:08:22,45,75,0.0131943312163154,0.412268590927124,0.0630402723948161,-0.012929081171751,0.00422085312505563,-0.0133819460868835,0.999817987283071,-94.7480984514707,-81.8736909422398,-49.1529973276053,-89.0910690895918,-66.6697785101361,-42.9759058475516,-90.4415554570594,-84.2541482622933,-47.6763556385525
25-Jan-2025 14:08:36,163,76,-0.0536905522147814,0.385383681456248,0.0456212309499582,-0.212983712553978,0.0575692228972912,-0.101922269662221,0.970018351078033,-92.3655930398675,-62.398637998354,-36.2720261248007,-26.7743554741216,-76.9975217502649,-44.9963327367542,-44.2979040027318,-3.38988353501782,-4.10077854405298
25-Jan-2025 14:09:16,354,77,0.041703970481952,0.386560893058777,0.0642215197285016,-0.205522566040357,-0.0338770642876625,0.148261208335559,0.966763397057851,-73.4814066976411,-48.7270244748377,-26.6447022790848,-24.5291910728187,-46.2661190232863,-30.0266907847066,-89.2986298047777,-61.8040652664545,-38.8622800710814
25-Jan-2025 14:09:30,220,78,0.118346660335859,0.433134990930557,0.0178998486449321,0.0391897243758043,-0.0168283695975939,0.204765563209852,0.977881427605947,-65.2852418799894,-41.3912591313071,-24.2584874387059,-82.9607750555545,-82.9966374568189,-49.6736178328594,-120.171364448054,-140.251387861299,-79.3676091998901
25-Jan-2025 14:10:19,148,79,0.119538618127505,0.418280186255773,0.0557052329182625,-0.0513109102845192,-0.0329404522975286,0.371326371033986,0.926498178641001,-44.9075555470786,-49.7144153419637,-26.0755151851389,-45.657714746959,-51.551245452889,-37.1001597196991,-132.909091653857,-113.935503632063,-66.4630805990109
25-Jan-2025 14:10:34,84,80,-0.0484548499186834,0.422053621212641,-0.0752776240309079,0.427302078406016,-0.00632096268236637,-0.164249015847842,0.889041737715403,-29.4479288021154,-31.7387209456766,-15.2900985473667,-140.249429919567,-110.732797647629,-64.8933663774403,-26.2434474419336,-49.8370994121956,-32.6163090494484
25-Jan-2025 14:11:21,177,81,-0.043466746310393,0.366298643747966,0.0991951470573743,-0.242181535561879,0.0139531891172131,-0.145567080378532,0.959147377808889,-79.2664426876067,-62.774135283483,-34.2022907582916,2.16937473720931,-30.6409187681387,-2.67630610356671,-20.0952771248546,-18.6059000073788,-14.2691763253786
25-Jan-2025 14:11:36,383,82,0.0653486043214798,0.428902612129847,0.0900161474943161,-0.248018487294515,-0.055096838871638,0.133412400881449,0.957941706975301,-114.662540576926,-95.4255349952583,-53.8699630227806,-52.8858098026896,-70.2018415673075,-25.7987399117524,-122.998087722527,-117.627168209651,-67.121782835116
25-Jan-2025 14:12:22,50,83,-0.0573828851183256,0.4263558725516,-0.0658317272861799,0.19056022365888,0.07449498573939,-0.184618695576986,0.961276888847351,-75.5454212811591,-32.1121887597134,-19.6667194895063,-117.559114722997,-136.47417229171,-63.743031920377,-52.2694800547757,-45.8131625650703,-38.6177005654822
25-Jan-2025 14:12:38,189,84,0.123868342240651,0.433251897493998,0.0760761886835098,-0.0449618776639303,0.0450089993576209,0.477124526103338,0.876529947916667,-46.3984699909508,-72.7999376698072,-37.6813137013268,-15.0271397049232,-10.0078810995378,1.81939391893557,-159.310506244529,-115.380824470275,-71.072251274858
25-Jan-2025 14:13:47,343,85,0.0295364674180746,0.458694581190745,0.133749921123187,-0.362569582462311,0.0536250318090121,0.213369336724281,0.905616470177968,-149.907698125198,-124.655908496394,-75.3551622852881,-57.1369283390868,-70.8193852225531,-50.9095698442025,-159.169616723919,-117.315445705937,-73.8726705474365
25-Jan-2025 14:14:03,18,86,-0.0812645907203356,0.448883048693339,-0.0898577536145846,0.347308166821798,0.0266063349942366,-0.199729619423548,0.915847822030385,-68.3931899438939,-60.8820820962563,-43.3770227346837,-150.156270913789,-144.497022230735,-87.6571619977575,-37.3241108597799,-31.6881983071239,-30.9678204974942
25-Jan-2025 14:14:44,277,87,0.0592787812153498,0.434258568286896,0.127359734972318,-0.12431556036075,0.0142245020717382,0.114775995910168,0.985479482014974,-99.4035662216485,-123.021670913166,-74.1427384196694,-70.1240939542282,-56.9927706906737,-43.7896317697393,-115.342873606766,-130.995035655928,-80.1232831904668
25-Jan-2025 14:14:58,392,88,-0.0543342188000679,0.434319506088893,0.103724317252636,-0.0629879837234815,0.0291973277926445,-0.026529790336887,0.997234280904134,-115.171249256793,-134.04971523298,-80.8100913173125,-96.7487551040985,-69.2307364213426,-51.0619453728097,-98.6216741464027,-51.44722274154,-41.5027074710089
25-Jan-2025 14:15:49,114,89,0.0971538027127584,0.439720141887665,0.0726344496011734,-0.232092778881391,-0.0888955543438594,0.366367950042089,0.896663304169973,-95.5820524718067,-77.3632710338328,-41.5978691468573,-48.0399668871301,-64.3242954633002,-46.1215619556474,-163.394989757175,-114.234389929866,-74.9053523653102
25-Jan-2025 14:16:03,54,90,0.00529481442645192,0.381358363231023,0.0969947144389152,-0.0677890166640282,0.0190775503714879,0.12460198700428,0.98970453341802,-49.3059980459892,-91.7482315482924,-46.0556315428253,-4.16966701705223,-36.9771168506818,-29.7132547880764,-72.4889621062874,-56.8530251426529,-43.4799521104416
25-Jan-2025 14:16:39,275,91,-0.046702195952336,0.411820234855016,0.128742075959841,-0.215693704287211,0.0897215043505033,0.0588084079325199,0.970550278822581,-100.704777949429,-123.551025718939,-68.7692086619382,-40.2491589652273,-50.3180262406202,-37.7493080832057,-90.0376125223312,-48.8107601876708,-35.0100303522503
25-Jan-2025 14:16:54,364,92,-0.038660179823637,0.406080176432927,-0.050371129065752,0.274932078520457,0.0337964470187823,-0.176977636416753,0.944430541992187,-51.8783659315137,-30.7098017708072,-21.9470820934212,-115.809133996544,-98.9048061663113,-61.6411834516,-38.0370507827792,-46.1939095805727,-33.30009045425
25-Jan-2025 14:17:48,245,93,-0.0852201496561368,0.412528143326441,0.0437216078241666,0.048065260797739,-0.0160250729570786,-0.190536168217659,0.980371844768524,-93.0463734952578,-110.942206888537,-64.2714607486948,-97.5250218011592,-100.045811265008,-58.0590713805424,-49.7392273796923,-40.9114575855129,-29.8240558958837
25-Jan-2025 14:18:02,360,94,0.0485356750587622,0.449880822499593,0.126754833261172,-0.415247688690821,-0.0894310265779495,0.0439420980711778,0.904233845074972,-156.029526744353,-111.643361490746,-65.3571898649802,-23.7352363274546,-31.3207139380252,-24.4316745322319,-132.365030564834,-116.997919386845,-68.6024386117308
25-Jan-2025 14:18:43,78,95,-0.0435531683266163,0.39177130262057,0.0942734867334366,-0.294880962371826,0.0137988993898034,-0.183883676926295,0.937572213013967,-114.831496823569,-78.4688330436861,-48.5964838783371,-33.806176802818,-46.7943141003608,-29.6021374918792,-42.0140795952684,-39.0995415428462,-23.5333155979956
25-Jan-2025 14:18:56,302,96,-0.0596163749694824,0.393058607975642,-0.0454033049444358,0.0249657807250818,0.0878232255578041,-0.166415851314863,0.981819502512614,-67.254558252045,-39.136752704441,-26.8862446994447,-66.7069319212915,-108.378379005331,-58.3499709350943,-3.24632807931072,-18.6575514501478,-11.2681215423766
25-Jan-2025 14:19:50,139,97,0.0870582823952039,0.437127242485682,0.0791411841909091,-0.215141986807187,-0.115144029756387,-0.0221441404273113,0.969518160820007,-127.651802114556,-75.7937957742008,-43.8169232480182,-68.106598694682,-63.1417922456474,-46.7873868897424,-103.812499509966,-137.126071289643,-80.9062923115067
25-Jan-2025 14:20:04,168,98,-0.0678915207584699,0.443951998154322,-0.0642116814851761,0.172753595312436,0.00733130974695087,-0.117980049053828,0.977846205234528,-92.0743072688828,-79.9101423119161,-47.0264343901394,-128.70767352539,-146.994655266424,-89.8651562733942,-80.9404634297222,-38.7279920380464,-32.8585905589717
25-Jan-2025 14:20:53,63,99,0.0471978135406971,0.421400564908981,-0.02697848752141,0.19423201084137,0.02055024591585,0.070328160127004,0.978215511639913,-58.0304698945968,-53.5390186621661,-35.2178612617329,-109.508929717595,-112.824773201894,-68.571480097996,-98.1427734485709,-103.273752709347,-67.571836508935
25-Jan-2025 14:21:06,328,100,0.0399924196302891,0.370409800608953,0.0343113794922829,0.0872171958287557,0.0104215527574221,0.0493577189743519,0.994911257425944,-26.7855574713851,-39.4762426005701,-26.1957269078736,-51.9698411533932,-48.4261621324608,-34.3814282402182,-49.4793226906335,-62.1961614656529,-45.0422945640269
25-Jan-2025 14:22:15,250,1,6.01957395929276e-06,0.328048628568649,0.0435146644711494,-0.0159970294684172,-0.00153174242004752,-0.0113667921473583,0.999806288878123,-8.70000000000001,-15.7499999999999,-5.70000000000001,-4.95000000000001,-13.65,-5.55000000000001,-6.60000000000001,-6.45000000000001,-8.25000000000001
25-Jan-2025 14:22:26,296,2,-0.00102135976000379,0.331817450126012,0.0381949995954831,0.0203955275317033,-0.00503280814737081,-0.0136256226648887,0.999686479568481,-6.20373946437209,-13.9669567602657,-4.63017405615947,-13.1003080108487,-14.9185165121866,-6.00595614796958,-9.16716233413718,-8.0331928535143,-8.86329024546574
25-Jan-2025 14:22:57,323,3,0.00559820529694359,0.334961281220118,0.0478854199250539,-0.0746959527333577,-0.0045900561225911,-0.0164438688506683,0.997060227394104,-22.4086849321535,-13.724496595912,-5.24107749576794,-4.00369149442102,-14.7633510674435,-10.9730106404661,-13.5923386042625,-12.2099764558769,-14.8713124729024
25-Jan-2025 14:23:09,27,4,0.00171504355967045,0.344681473573049,0.0217305213212967,0.0718580404917399,-0.0040280615290006,0.0392789073288441,0.996633032957713,-9.61612995881969,-12.172838807667,-5.11126568892113,-28.2517735724801,-26.4150157359312,-17.4448608006022,-28.1836411904247,-9.52340713133632,-14.1740442788018
25-Jan-2025 14:23:45,381,5,0.0184517383575439,0.347701893250147,0.030656398460269,0.0722904811302821,-5.19800461612855e-05,0.0430134286483129,0.996455713113149,-12.7405964963096,-23.0557832116496,-10.3834699269898,-30.7325624382145,-24.8891891288707,-17.206431748999,-31.1578598030544,-26.5796507431957,-23.1516462634908
25-Jan-2025 14:23:57,200,6,0.0073200948536396,0.351701547702154,0.0127390202755729,0.195731292168299,0.000702541998665159,0.0267952906588713,0.980290722846985,-1.24436032754214,-14.8441859482443,-5.45651156894664,-52.2402042145757,-24.6306179011366,-16.2559873936135,-28.3793071119602,-19.2264275528752,-18.6538741165154
25-Jan-2025 14:24:40,303,7,-0.0349965751171112,0.352489030361176,0.0900762299696604,-0.171695197621981,0.0105100091546774,-0.100707032779853,0.979932876427968,-55.7984328357367,-55.4368818696064,-32.1762311627781,-9.04668837978919,-19.571703973087,-14.4967805096164,-15.7434267837349,-13.4340408406697,-12.1029245044018
25-Jan-2025 14:24:53,297,8,0.0355156833926837,0.365074650446574,0.0519605661431948,-0.00190172927298894,0.00491942781955004,0.124052298069,0.992261683940887,-29.3517599741741,-37.995628111689,-23.9668585005226,-32.9136278711783,-21.5843072536722,-16.0143343522033,-62.520496464069,-49.892976662713,-30.8436483205974
25-Jan-2025 14:25:36,333,9,0.0284514783571164,0.354547081391017,0.0528108723461628,-0.070708492398262,-0.000773590244352817,0.24230815966924,0.967618962128957,-18.6729987431539,-31.8713436338438,-15.1727382337986,-7.11786812938484,-23.0177164367398,-15.2225048620439,-70.1728396399869,-26.4853613483964,-17.1437947325309
25-Jan-2025 14:25:50,63,10,-0.0510744494696458,0.367231188217799,0.104996811350187,-0.269878643751144,0.0178951850781838,-0.182054023941358,0.945357890923818,-85.0266088709748,-65.4851009479337,-30.8641990814267,-10.1863664238941,-11.8635383425706,-8.52999800554238,11.2249334018673,-6.50322130690613,-6.03730690236889
25-Jan-2025 14:26:33,183,11,-0.0177606005221605,0.375545499722163,0.049544291694959,0.0806000267465909,-0.0118408671890696,-0.013050472488006,0.996590773264567,-45.2127562928121,-65.1159381578031,-35.4810582167607,-64.0386255264364,-42.407999600859,-26.027887915086,-50.7476317727855,-34.1948052931531,-5.59000817589163
25-Jan-2025 14:26:45,248,12,-0.014987995599707,0.362314305702845,0.0748471553126971,-0.078421351313591,-0.00174228424051156,-0.0601257977386316,0.995104018847148,-51.5260967181708,-59.7008500687601,-33.8890898932798,-28.5500737498028,-35.2803108256766,-23.5796192485353,-28.4727927559769,-45.3505625035583,-12.2834625021348
25-Jan-2025 14:27:33,373,13,-0.0243903780976931,0.380312883853912,-0.0262416172772646,0.332980748017629,-0.0152965357527137,-0.0952160080273946,0.937989238897959,-17.929105632642,-39.8018433940347,-21.1729561964196,-98.7812452460346,-63.0142647148601,-38.9795752086295,-31.8754061754969,-29.4522276585833,-21.6828990951498
25-Jan-2025 14:27:45,335,14,0.00376087382125358,0.378573530912399,0.00921129882335663,0.232320832212766,0.0218271380911271,-0.168699479103088,0.95764856338501,-38.9854097662448,-21.2704763073037,-10.9547857843822,-90.6026610757419,-48.1660196216428,-30.602965793349,-13.9749150590254,-53.2740923030846,-32.6413445487285
25-Jan-2025 14:28:28,359,15,-0.0393739764889081,0.375652794043223,0.0241486594080925,-0.0878598839044571,0.0431884738306204,-0.211449530720711,0.972473414738973,-79.7260895127728,-45.1508226045499,-23.7196785475749,-51.3420091914991,-61.7817376877118,-38.9603491284532,-20.9113338071334,-28.8450025159577,-20.3216364572349
25-Jan-2025 14:28:42,234,16,0.0278690885752439,0.37304936448733,0.0833265980084737,-0.00817868243902922,0.0223070985327164,0.0788736780484517,0.996601470311483,-39.1576113287286,-71.4871987526919,-35.9035427734919,-38.7102745271725,1.7507793855653,-6.20976674366075,-59.0102659245703,-64.5042455415571,-37.1669341218807
25-Jan-2025 14:29:32,234,17,0.0282418290774028,0.371301231781642,0.071450208624204,-0.0420437008142471,0.00397698661933343,0.0390605516731739,0.998344039916992,-47.0822725934007,-62.4422980833185,-33.3522046403359,-37.7441149286331,-33.4355379422409,-25.0864399528441,-53.141951988236,-63.9158434470097,-38.1539038698876
25-Jan-2025 14:29:44,342,18,-0.00681922165676951,0.388715271155039,0.032344002276659,0.0367686316370964,-0.00121709098263333,-0.0377315844098727,0.99861052831014,-67.0440167047124,-57.8144603827602,-33.3917803766847,-73.941858089939,-56.9704838085212,-39.2074074726123,-62.5975551256728,-50.3834352898511,-33.7411943779363
25-Jan-2025 14:30:37,14,19,-0.000146434834459797,0.380697498718898,0.042882327735424,0.0990757887562116,-0.000378051539883018,0.0957437912623088,0.990463038285573,-38.9718103268488,-60.9621750369166,-33.8624147692065,-66.1623778387831,-46.0940789122085,-28.8721832617742,-74.5708013622146,-41.2724024014377,-26.499984296048
25-Jan-2025 14:30:50,355,20,-0.0590010528763135,0.392851563294729,0.0692438662052155,-0.227405109008153,0.0488724584380786,-0.158060335119565,0.959643320242564,-105.596200944425,-88.7901250776804,-49.0039553099956,-38.1943153352903,-79.3211591087933,-46.7132888804737,-34.3541071242007,-46.1146695667013,-30.148683399087
25-Jan-2025 14:31:30,164,21,-0.0614686193565528,0.390845350424449,0.102437489728133,-0.216020076473554,0.0215601164847612,-0.185826578736305,0.95830006202062,-101.51997294579,-95.4363051399261,-47.7645296428243,-40.534415437775,-46.4935500274574,-33.7775692274494,-34.3861578467121,-31.3124990962988,-22.0063471140291
25-Jan-2025 14:31:44,15,22,-0.0128617809464534,0.405551771322886,-0.0558202435572942,0.305138518412908,-0.00205118943316241,-0.0347654365003109,0.951670976479848,-15.3575267622743,-13.9844987476066,-7.40585549856395,-111.179482081038,-100.608183972401,-61.2021152518206,-62.3239734514595,-58.445007712857,-35.9398304742076
25-Jan-2025 14:32:29,299,23,-0.0501468603809675,0.383352462450663,0.096574937303861,-0.311446291208267,0.0270691197365522,-0.214309388399124,0.925386401017507,-108.847826339012,-71.2814223377765,-38.2276154959738,-23.355926865392,-41.393290585309,-29.5757670535684,-25.6188569823771,-27.1933331619787,-18.210423725312
25-Jan-2025 14:32:43,62,24,0.0895474334557851,0.413686861594518,0.0168414759760102,0.23393658498923,0.0997505570451419,0.10457104742527,0.961449944972992,-26.4178059582705,-22.5844226431843,-15.7732317109106,-101.596538107902,-37.2290302967269,-29.3877529715102,-92.3580845498412,-110.623610723511,-61.8196785683112
25-Jan-2025 14:33:30,58,25,-0.00880944039672613,0.392020479838053,0.0636307974656423,-0.205233670274417,0.00104459576541558,-0.0519091931482156,0.977334916591644,-99.7185584015864,-59.2232236775617,-30.4258935917489,-44.5886339379189,-50.4552727084777,-33.5005356875197,-68.0645648497698,-50.5798881825223,-29.3301448235757
25-Jan-2025 14:33:44,243,26,0.0641229485472043,0.405376692612966,0.000987107227168356,0.108101956546307,-0.0266503303001324,0.257470659414927,0.959850200017293,-26.0902214606906,-36.6162202806959,-18.2360212309176,-72.3382234753229,-76.673068668125,-45.7230630049449,-110.697959366627,-87.3417575852725,-46.8247088625524
25-Jan-2025 14:34:34,102,27,0.0256135464956363,0.406400940815608,0.00419001206755638,0.281366372108459,0.0667252873380979,-0.118074178695679,0.949968000253042,-52.431728761096,-52.5139009931418,-33.0014851271346,-121.717144131322,-67.2410935291466,-41.3568990486924,-60.2531493950948,-87.0433103066545,-48.2041418442927
25-Jan-2025 14:34:49,130,28,0.0522023809452852,0.423262453079224,0.124896900355816,-0.167226800322533,-0.0242776305725177,0.0411195601026217,0.984760940074921,-102.519537365625,-106.665801951454,-61.0355601262751,-25.578491037702,-28.3916521121795,-22.8903028601934,-94.3341971260111,-123.877610794014,-67.5794166079569
25-Jan-2025 14:35:32,161,29,0.045867757499218,0.409843985239665,0.0920271257559458,-0.161032420396805,-0.026081383600831,0.0736887603998184,0.983848746617635,-90.1405736647245,-85.8796575331749,-47.3701491190927,-51.6686627891882,-48.3834558662698,-39.8804659758164,-95.1099262037243,-104.448229155989,-59.9359035314285
25-Jan-2025 14:35:44,163,30,0.100590368608634,0.415725672245026,0.046343573431174,-0.129611726601919,-0.0868081415692965,0.360208914677302,0.919736218452454,-56.1735378300514,-42.8528016606428,-25.4122289335529,-26.3022430371144,-57.5784159265386,-44.0334537566771,-135.511661028111,-101.692540458936,-58.1135669336285
25-Jan-2025 14:36:33,155,31,0.0620890468358994,0.406488790114721,-0.0044880292378366,0.0455221163729827,-0.0350638220707575,0.131628181536992,0.989632431666056,-56.8423526893527,-49.8566935611737,-33.5423022695161,-70.7354136767107,-90.182324335842,-58.4343353653374,-94.0104822732333,-106.930807674243,-62.9325861972435
25-Jan-2025 14:36:47,244,32,-0.0159145307416717,0.386905703941981,0.100363669792811,0.0166254255920649,0.0641505405306816,0.214695256948471,0.97443022330602,-34.8363167012126,-97.1788815829296,-56.3693122508772,-42.5604623357563,-11.2889293987233,-18.1535538672612,-89.0921845913048,-37.658019789999,-27.4621082256047
25-Jan-2025 14:37:21,67,33,-0.0640269562602043,0.40446893175443,0.111292487879594,-0.196552343169848,0.000127378717782752,-0.201807810862859,0.959500281016032,-113.608658917659,-105.040881166942,-64.3407442628501,-56.2625402218615,-50.9117995099237,-35.440821151983,-45.2152775720534,-43.3080689576693,-29.1759441645381
25-Jan-2025 14:37:35,76,34,0.0705528552333514,0.412808688481649,0.0869080935915311,-0.23030907313029,-0.0981043477853139,0.0063250243353347,0.96813907623291,-105.011640075412,-64.342240332813,-41.8541939256334,-44.0637235291503,-20.3759336285557,-18.035658291147,-87.2675568396775,-109.08893143987,-59.9291454854862
25-Jan-2025 14:38:30,38,35,0.127744156122208,0.418976932764053,0.056525295227766,-0.0664421632885933,-0.0659930378198624,0.354186596473058,0.930474209785461,-45.8216146820016,-52.5952055600833,-27.8252124346539,-44.2123121835378,-46.6237842288151,-38.5093194912396,-129.396582942483,-116.367189598969,-71.0620000279873
25-Jan-2025 14:38:44,130,36,0.0368709469834963,0.4244926293691,0.0464993357658386,-0.272569954395294,-0.0777312581737836,-0.0123775045077006,0.958911001682281,-128.283799940808,-56.8084097948549,-30.9421174101158,-57.5747595749825,-82.5400451582617,-57.4777528140389,-102.450694070495,-103.314699929209,-65.5460580511834
25-Jan-2025 14:39:24,308,37,0.0827288905779521,0.408538260062536,0.0450238965451717,-0.0241579263160626,-0.0290682940433423,0.356733673810959,0.933441229661306,-46.4658506647207,-56.6499572427721,-29.302749214334,-52.3198808397369,-54.4439776893224,-36.9846771621177,-130.663970524162,-89.9891644128059,-57.3477431570241
25-Jan-2025 14:39:38,94,38,-0.0858570501208305,0.434811911980311,0.152076496680578,-0.417512575785319,0.174169399340947,-0.124010217686494,0.883158910274506,-149.521734103464,-131.339333008424,-65.0545033375531,-9.30828328070288,-31.386365766586,-23.8629374411427,-62.9732075282248,-12.3905629990585,-16.9555086905436
25-Jan-2025 14:40:32,297,39,0.0617090433835983,0.446497293313344,0.111019450426102,-0.324183656771978,-0.0195132832974195,0.264651038249334,0.908011043071747,-126.641469020034,-111.316608301159,-60.1394338165643,-48.219516295885,-63.3233512738602,-17.0227730285673,-157.888928362662,-111.651471262979,-70.0070530470388
25-Jan-2025 14:40:45,278,40,-0.00928727661569913,0.402349974711736,0.0578678739567598,0.0407280253867308,-0.00624102155367533,0.136860483884811,0.989733064174652,-62.8781025346934,-87.034879104621,-47.3871328241547,-77.0495180394947,-57.208987332456,-13.3541546637248,-98.5571523751305,-50.4373259012804,-38.788543972049
25-Jan-2025 14:41:35,330,41,-0.0225861231486003,0.40109857916832,0.00444080255304774,0.00121550508774817,-0.0036151402319471,0.0100425864880284,0.999942326545715,-78.132172539172,-34.480399771601,-38.4778422092666,-76.0790489566919,-95.1376483150338,-45.483959207208,-81.5724487035508,-48.2163281383616,-35.008392838157
25-Jan-2025 14:41:50,332,42,-0.0861973777413368,0.446980849901835,0.140355756878853,-0.179581161340078,-0.131351222594579,-0.385365269581477,0.895539553960164,-160.478565138083,-131.325415463052,-88.3943072659763,-95.5553400016419,-57.8720320784524,-28.3451082999017,-30.7634373795794,-61.1773202717169,-42.982846115819
25-Jan-2025 14:42:28,118,43,-0.0292075817783674,0.395516884326935,0.069120092689991,-0.0597393525143464,-0.0196349402268728,-0.104119502504667,0.992574862639109,-90.2889319758185,-82.9452499112268,-57.3989862691438,-70.0070394717922,-57.5952320695974,-33.2877325748403,-58.9006559460933,-48.3758053972063,-32.2455498056167
25-Jan-2025 14:42:42,124,44,0.102841044962406,0.447659542163213,0.0752019464969635,-0.244093217452367,-0.14859008093675,0.171967727939288,0.942744175593058,-120.628544312291,-46.8283466486675,-40.8455004343076,-60.4117325643726,-44.6539177042231,-28.3220411885966,-143.877572347045,-132.4325431012,-75.7788844540572
25-Jan-2025 14:43:36,210,45,0.00441780239343643,0.416323379675547,0.0442069398860137,0.0123806885754069,-0.000739009818062186,-0.191358759999275,0.981441819667816,-110.587948867945,-71.5385726918416,-47.881938851918,-105.638244579721,-66.8719369962018,-40.6930074807519,-67.8641484158984,-90.8259560158022,-52.541265981368
25-Jan-2025 14:43:49,131,46,-0.0447521418333054,0.450125948588053,0.142776266733805,-0.243301785985629,-0.0208473445226749,-0.171708357334137,0.954403416315715,-155.702572590235,-149.558698634222,-87.8458423907162,-87.8060775721929,-76.4103426722798,-46.4160508863987,-90.1326862538453,-101.981519940076,-59.0728885111125
25-Jan-2025 14:44:47,333,47,-0.0585392494996389,0.400624843438466,-0.0536272625128428,0.155732403198878,0.0144134313489,-0.0797730252146721,0.98446737130483,-50.7594299745518,-58.1833421911364,-37.0314140619311,-85.0391065389742,-118.498999834768,-69.5989449854722,-47.2275999990777,-35.0424652672716,-27.0562859044613
25-Jan-2025 14:45:03,325,48,0.0613730636735757,0.459657601515452,0.141718926032384,-0.263457614183426,0.0522402726113796,0.26471919020017,0.926166677474976,-125.098267239419,-136.600597896202,-78.5465976824304,-55.2856324920648,-49.3107819453941,-37.3113918087518,-161.206634671595,-127.455586802256,-75.5694024399201
25-Jan-2025 14:45:56,223,49,-0.0168619642655055,0.421020583311717,0.0894619663556417,-0.192789080739021,-0.0213585712015629,-0.167263594269753,0.966643210252126,-132.390063999764,-104.054475531802,-59.8299754029996,-76.668964717364,-63.8263623060261,-43.3582787043729,-75.386179294774,-84.4579627470226,-51.4668667335694
25-Jan-2025 14:46:10,106,50,0.00283701436904569,0.410734132925669,-0.0559242092072964,0.155987512071927,-0.0484133087098598,0.103806370000045,0.981094908714294,-38.159336973378,-16.4267129297404,-15.6767861291973,-88.1686796350971,-117.612227576837,-69.9119033670069,-91.2920495200426,-62.6718017188049,-40.2344782466889
25-Jan-2025 14:46:54,273,51,0.150999345382055,0.449899311860402,0.0632518276572227,-0.0951121618350347,-0.0975379620989164,0.454104558626811,0.880470963319143,-54.7776025130286,-59.8263314036451,-32.3616722319178,-54.1341085634732,-58.6619113948053,-46.875651048027,-165.619098643522,-139.508750272712,-88.782948098659
25-Jan-2025 14:47:08,94,52,-0.00348821914133926,0.440231994787852,0.141514191031456,-0.344727257887522,0.0454967411855857,0.0846893787384033,0.933766909440358,-138.679073657387,-127.886352771973,-65.1729516488948,-30.3899975598253,-42.8473342305894,-37.7496311987322,-120.805035128839,-88.9406443681684,-62.2801638792002
25-Jan-2025 14:48:09,183,53,-0.0683824971318245,0.456194543838501,-0.0562918931245804,0.206822786728541,0.189925645788511,-0.40271697640419,0.871189792950948,-117.038885386593,-70.9871408170135,-39.794974083046,-167.150723227708,-133.131774228295,-83.62789406235,-49.1322176608917,-64.4100840845931,-46.0714715036678
25-Jan-2025 14:48:25,154,54,0.105388473471006,0.39410361846288,0.0604144935806592,-0.0398371438185374,-0.00522525577495496,0.0358788013458252,0.998548193772634,-54.7723778612564,-39.4896493662382,-20.4287098270249,-45.6024305231129,-32.7648853791345,-29.8269311071365,-61.3321983017502,-112.028552204561,-66.2631870330184
25-Jan-2025 14:49:08,216,55,-0.0497022725641727,0.40727607011795,0.100246342519919,-0.282053915659587,0.0505306499699752,-0.118765127658844,0.950677184263865,-122.260762894046,-97.9895962370507,-56.1475791749887,-46.5602232338863,-59.1531142069864,-41.497148660187,-63.7933734487583,-49.4148609910148,-30.0052170161144
25-Jan-2025 14:49:23,397,56,0.0937185595432917,0.429811145861944,-0.0220208107183377,0.233228821555773,0.148384820421537,-0.0449626366297404,0.959981286525726,-9.25965302641109,-21.0037908137842,-16.9036192846894,-122.635065509706,-85.3934723953028,-53.8662705756791,-75.0664308013693,-138.671678039311,-73.8825683615967
25-Jan-2025 14:49:49,303,57,0.0909575333197912,0.433999832471212,-0.0131100047379732,0.201569154858589,0.043598835170269,0.197109978397687,0.958444893360138,-38.2599990176301,-16.8545152029297,-12.2933815199673,-106.390497330413,-100.409687695063,-56.6798818795476,-122.299175040556,-126.513967192036,-71.7831028173203
25-Jan-2025 14:50:04,393,58,-0.0647494703531265,0.400655603408813,0.0778431971867879,0.122395839790503,-0.0553380114336809,-0.133065420389175,0.981962625185649,-67.5200061082712,-104.986906743731,-55.2515504274253,-93.1172530274065,-38.0510467513697,-24.3925345447583,-47.0222571485272,-24.549421476067,-19.6928030963929
25-Jan-2025 14:50:57,94,59,0.0351431245605151,0.407146243254344,0.096756046017011,-0.252730796734492,-0.0831341261665026,-0.103342606623967,0.958402939637502,-117.571691235594,-77.9250465971996,-44.6219579958712,-46.172776418909,-47.9757370115341,-35.4517691231937,-70.742574705315,-95.5075198966412,-57.6931848677199
25-Jan-2025 14:51:10,212,60,-0.0134748038525383,0.402677468458811,-0.0105702855934699,0.0231446238855521,-0.0342702793578307,0.0986183057228724,0.994265727202098,-65.7385916356483,-56.1046886077224,-35.7541947970869,-72.7236442588772,-94.7312856979203,-60.8719592623412,-93.3404625396508,-43.3066333545133,-33.6351573926103
25-Jan-2025 14:52:23,21,61,-0.0471337492267291,0.404491949081421,-0.0403067345420519,0.233799867828687,0.0244333693136772,-0.168961686889331,0.9571795185407,-58.7175904444182,-54.5995656395829,-30.7255717276016,-110.445611208275,-99.3990117349218,-63.9400365987479,-43.4011090479156,-42.4931600396246,-30.1873566094149
25-Jan-2025 14:52:39,303,62,0.104507001737754,0.448021197319031,-0.00171688427993407,0.193603686491648,0.0152986523384849,0.387444472312927,0.901204931735992,-1.95315825083163,-53.0867977188632,-29.9222467308696,-107.128626799018,-98.0600025593246,-63.2235909745771,-162.842750745897,-123.069919923208,-70.4287955148343
25-Jan-2025 14:53:16,241,63,0.0251415653775136,0.412969110409419,0.0689534147580465,-0.06241298665603,0.0167364209890366,0.214094252387683,0.97467337846756,-80.4198921778211,-79.1038825934617,-50.3764908964338,-69.0039438430144,-64.7394271523397,-42.9016429510099,-122.491776911185,-79.816986470254,-51.2405292464541
25-Jan-2025 14:53:30,343,64,-0.00890178022285302,0.410239855448405,0.143871517976125,-0.186230698227882,-0.00804002533356349,-0.0484678673247496,0.981276778380076,-100.425002559842,-119.705825640235,-67.9031933466831,-5.04659784423054,-14.8607857263426,-15.1880531648739,-68.7826481493959,-89.5483897724434,-53.3319618244114
25-Jan-2025 14:53:57,396,65,-0.0686651875575384,0.393389483292898,0.1148722777764,-0.107926005125046,-0.020689220353961,-0.157133203744888,0.981444418430328,-83.9554378278629,-102.091199125413,-55.5965616072399,-51.9224629164484,-33.6850735226959,-20.2721975568487,-36.3996746666627,-8.09881926846044,-9.15410745530393
25-Jan-2025 14:54:12,372,66,0.108566169937452,0.436375443140666,0.0742700417836507,0.0330398527284463,0.0776674494147301,0.370778320233027,0.924878144264221,-55.2966647152017,-82.9682541371252,-46.3818283216747,-73.9633711636222,-10.1560913954517,-8.85444570180519,-152.120179842377,-122.497634155809,-66.7002541075568
25-Jan-2025 14:55:03,164,67,0.0719365790486336,0.434172532955805,0.0959950099388758,-0.0789719174305598,0.0662786414225896,0.315660522381465,0.943254498640696,-81.0039403843598,-101.885290101131,-60.4132072365414,-66.3161956370652,-56.7702499259129,-42.8075453878146,-149.164459281581,-117.307858585241,-67.2388519375948
25-Jan-2025 14:55:18,1,68,0.0275671613713106,0.463362717628479,-0.0972369447350502,0.237085650364558,-0.0493912577629089,0.0597294372816881,0.968392133712769,-78.8679636641339,-32.0084453096902,-26.385088198258,-138.345227595187,-161.293435618796,-95.9794415916929,-118.100732686786,-124.384359744653,-71.6874058747377
25-Jan-2025 14:56:05,217,69,-0.0854889447490374,0.427997908989588,0.104486592113972,-0.328958294788996,0.0661461393038432,-0.277680903673172,0.900169138113658,-153.140819528641,-114.491672461499,-67.8013763874957,-61.896420891039,-79.3968319058204,-50.967394092496,-51.0237433747524,-47.0860924617611,-31.4057591878536
25-Jan-2025 14:56:20,84,70,0.0093154019365708,0.414259459575017,-0.0676482756932577,0.141060986121496,0.00287828433016936,0.0145135266706347,0.989890054861705,-41.9657083362003,-24.3698005961578,-23.1204481621971,-89.411093374069,-129.341949841162,-76.3199607675389,-76.1758623871444,-83.5226009635972,-50.0040211461438
25-Jan-2025 14:56:44,88,71,0.0718569820125898,0.444101699193319,0.127219564716021,-0.137410695354144,0.0784506857395172,0.272236277659734,0.949131826559703,-93.8630163975884,-121.340602096737,-66.8051924488518,-10.2344146327092,-17.8527039723502,-14.7054712414768,-145.841941311525,-134.710961306189,-71.3189510244191
25-Jan-2025 14:56:59,131,72,-0.0336602114140987,0.397534169753393,0.0549959555268288,-0.130130392313004,0.00879776105284691,-0.239221629500389,0.962165025870005,-110.303533939611,-52.2435502247923,-32.4297213491862,-71.7185708905387,-22.268518242954,-17.0864332130856,-41.1550011318004,-41.5872176840411,-24.9301340496521
25-Jan-2025 14:57:50,39,73,-0.02325677399834,0.41054101785024,-0.0319702443977197,0.33442434668541,0.0480249231060346,-0.197275588909785,0.920291431744893,-54.8486543105367,-54.3954260336837,-32.2110082467652,-132.03636631804,-90.4964811979732,-52.3336586197183,-46.6226127869784,-57.4777776232653,-38.2914660977052
25-Jan-2025 14:58:02,300,74,0.0283063103755315,0.397127286593119,0.00575843757639329,0.275650656223297,0.0619070450464884,-0.0980137765407562,0.954241828123728,-42.8352403563882,-40.341520169059,-23.7786647279904,-108.595204884732,-60.4828177406121,-35.9214363045752,-54.8375426515225,-73.851353555966,-45.0728634775931
25-Jan-2025 14:58:48,300,75,0.0228227263937394,0.398464924097061,0.00625125936542948,0.289938022692998,0.0558182520171007,-0.0855683361490567,0.951576801141103,-43.1141125441572,-51.0814855311381,-29.0857676319596,-114.399904035308,-62.5501838092111,-37.9936870297996,-58.540875626857,-72.468011392025,-44.1861641612063
25-Jan-2025 14:59:02,218,76,-0.0844591875871023,0.451224644978841,-0.063009342054526,0.434625635544459,-0.00828339792788029,-0.262737240393957,0.861394794782003,-68.4951621845543,-83.1307610966305,-47.1232741879852,-170.987225279576,-132.613120624655,-75.0380242108007,-43.6711279375556,-35.7425341069519,-27.8362942919491
25-Jan-2025 14:59:56,136,77,-0.0800619860490163,0.430886018276215,-0.0402782671153545,0.287133200963338,-0.0346075353523095,-0.14886366824309,0.945619638760885,-67.0840299770687,-88.0890415472355,-52.0215336734951,-135.420458507472,-132.529039063199,-76.7658264242772,-61.5702521590931,-46.3879939625765,-33.2995692512951
25-Jan-2025 15:00:10,333,78,0.0714657331506411,0.410251275698344,0.062247788409392,-0.106699075798194,-0.0308154734472434,0.105668114622434,0.988180112838745,-84.9570765113699,-55.6678080820124,-36.6214206662528,-58.0380316365108,-62.6051476008289,-42.6143844184615,-99.7496720110598,-104.377439728818,-63.1047958597852
25-Jan-2025 15:01:01,222,79,0.103745194276174,0.394860857725143,0.0599478676915169,-0.0780312190453211,-0.0453166484832764,0.0965910057226817,0.991225381692251,-56.8303094505013,-42.7230152414349,-22.2205282231795,-38.7626412222642,-40.804840844324,-30.0610968844234,-73.7529366852097,-108.956622940389,-64.8016043284499
25-Jan-2025 15:01:17,384,80,-0.107328211764495,0.438253303368886,0.1627690076828,-0.087809893488884,-0.0740345219771067,-0.170949521660805,0.978562466303508,-103.421195227918,-165.636107073272,-85.339815985157,-78.560399414966,-32.2890075886784,-27.4659221026593,-39.185439305071,-35.8317351651151,-29.9019022868716
25-Jan-2025 15:02:01,358,81,0.126726291577021,0.441295828421911,0.0654609670241674,-0.0989568268259366,-0.0744298403461774,0.314153456687927,0.941262658437093,-76.4379590678141,-66.4823200756648,-38.9177515845576,-63.5470205471805,-58.8180122312045,-44.2854344556262,-146.20177408672,-137.587604263142,-82.7650223769214
25-Jan-2025 15:02:13,143,82,0.100377485156059,0.441419806083043,0.0879818633198738,-0.0434107174475988,0.0122159761066238,0.299068788687388,0.953165336449941,-77.3034923135187,-97.0756558602073,-53.879783173831,-75.9988980204723,-34.4559287693229,-31.7697564216874,-147.926531228546,-137.246253461781,-82.2597106732429
25-Jan-2025 15:03:05,219,83,-0.0792064507802328,0.41028199394544,0.0108229024956624,0.0502136379480362,0.00717307161539793,-0.104845449328423,0.993194154898326,-81.2587242925937,-101.657725910725,-59.350242970559,-89.7478762568714,-111.837766561152,-69.9776905558203,-63.0597876630235,-44.3534060342438,-33.4203899523587
25-Jan-2025 15:03:20,139,84,0.117990444600582,0.422084216276805,0.0767042845487595,-0.172950757543246,-0.120197128752867,0.137576167782148,0.967839586734772,-84.5331631757165,-47.7287501502997,-30.8176226095412,11.8668537363085,7.02354093967822,-8.97890432460023,-104.295449707376,-131.449667701721,-75.4003883052922
25-Jan-2025 15:03:57,250,85,-0.0523052185773849,0.403221589326859,0.080048376818498,-0.210408983627955,0.0351138348380725,-0.0975178683797518,0.972103579839071,-110.618609615698,-97.9222575609667,-58.4990714041252,-52.5302700399486,-69.707512997248,-45.0979216156885,-65.6161212475667,-48.6131615997729,-31.3806694542765
25-Jan-2025 15:04:10,319,86,-0.0837001328667005,0.408360509077708,0.0104945190250874,0.159218738476435,-0.0271693435808023,-0.194295513629913,0.967553818225861,-72.6523381193697,-91.2043302714386,-55.772134790349,-106.916866233519,-93.1203017283232,-57.4363430122139,-12.9805599355355,-32.369425194717,-23.8908282827363
25-Jan-2025 15:04:52,299,87,0.0283155621339877,0.389764235417048,-0.000757147224309544,0.181616821885109,0.0228711100916068,-0.0424425636728605,0.982186814149221,-44.8074112021546,-47.7498116322344,-28.5171154046022,-89.1185392184005,-72.9010869507595,-44.2583731739747,-54.6553341825997,-75.9230664326914,-50.2593083909328
25-Jan-2025 15:05:08,51,88,-0.0664805993437767,0.435878221193949,0.108704984684785,-0.189075070619583,-0.0645260189970334,-0.341956251859665,0.918233613173167,-155.326054891322,-117.785156648386,-65.7059955157838,-95.4023327415353,-49.7828989740014,-34.8704867887014,-52.396378837039,-56.7789628995741,-42.8584642274799
25-Jan-2025 15:05:42,329,89,-0.0515872552990913,0.427131915092468,0.0673090308904648,-0.143571531772614,-0.00766715944434206,-0.257537758350372,0.955511788527171,-141.04243752815,-103.351361638101,-59.7275668191943,-97.7514092967288,-80.3685192692174,-50.8314645532059,-67.7063242878475,-28.798680724462,-40.1165017261535
25-Jan-2025 15:05:55,11,90,-0.0277483149121205,0.393791351715724,0.0266468675186237,-0.0482450408240159,-0.000284775659868804,-0.0108924578254422,0.998776129881541,-77.4175316225454,-69.2574708443081,-40.5223348472579,-61.4530033446263,-74.4410603019267,-45.7094484945208,-71.1417792758751,-7.21581497406451,-27.166782275915
25-Jan-2025 15:06:44,166,91,-0.0158342284460862,0.409785036245982,-0.0191674554099639,0.0637032628059387,-0.0358759579559167,0.0678301468491554,0.995014556248983,-70.7087257005617,-55.654266447085,-38.446751602079,-87.0875676247146,-105.049320772499,-64.7044470874113,-94.1189675720443,-52.7360198541593,-36.4452585582335
25-Jan-2025 15:06:58,293,92,-0.04656007985274,0.396407624085744,-0.0369360489149888,0.0463533230125904,0.0483038107554118,-0.133804879585902,0.988743873437246,-68.9475975666949,-31.8465850882738,-25.1002908260666,-73.5675983737782,-99.525402608509,-60.4998679088097,-22.4131780389005,-38.3098188880914,-27.7895379785927
25-Jan-2025 15:07:45,313,93,-0.0564449536303679,0.390914132197698,0.0837769865989685,-0.147058320045471,-0.00282880351878703,-0.222956013679504,0.963668255011241,-101.717253621935,-82.1251110733155,-52.5441722220589,-55.862161923555,-53.77098718308,-34.2347033016526,-32.2073372599692,-33.8610105956903,-22.4034296802829
25-Jan-2025 15:07:59,147,94,-0.0432594741384188,0.421540234486262,-0.0269469092289607,0.366968017816544,-0.0469041893879573,-0.0962674394249916,0.924049266179403,-55.9953669221099,-69.1032837154359,-47.0755331655545,-141.350158246387,-97.8194626870933,-57.3012156760946,-69.8265942159691,-44.2837568200437,-28.6570774148949
25-Jan-2025 15:09:10,298,95,0.12095549851656,0.415962956349055,0.0585235136250655,-0.0242805657287439,0.0237329459438721,0.400918364524841,0.915484396616618,-39.1864844233709,-50.3192722576616,-28.2543630384961,-44.0309539250281,-48.0552213849945,-34.9561429779173,-134.804314289467,-106.694509577927,-64.9876281178753
25-Jan-2025 15:09:26,357,96,-0.0817909027139346,0.465344444910685,0.150942300756772,-0.438267727692922,0.255194487174352,-0.0224324172983567,0.861564787228902,-180.613746750055,-148.035852484428,-77.6717792883092,-51.2907631604172,-59.6006567285938,-41.2879867861468,-103.993240568238,-33.0839953699797,-28.7414971503317
25-Jan-2025 15:10:34,98,97,-0.0359330010910829,0.423888164758682,0.12970971763134,-0.350395941734314,0.0605768064657847,-0.113315813740095,0.927746025721232,-141.424679994643,-116.073040855175,-66.6931616873368,-45.9792873044981,-55.0860727283509,-42.0290891752009,-76.4742792793638,-67.4905204474524,-42.9622172638271
25-Jan-2025 15:10:48,52,98,0.096299069126447,0.453535228967667,0.0280215871830781,-0.0833824584881465,-0.0783432245254517,0.178635003169378,0.977240633964539,-110.635635440903,-36.2049189137583,-29.1843511902045,-97.3132326038465,-89.724543218976,-61.7735748940893,-149.985801987851,-138.860471773361,-81.0724434003572
25-Jan-2025 15:11:28,91,99,-0.0376418076455593,0.407806432247162,0.0875621279080709,-0.17897612452507,-0.0294163795808951,-0.247387311855952,0.951788723468781,-124.551750822687,-90.4614985086004,-54.4030283308993,-71.0543052023095,-56.8073449155511,-36.9656661734111,-47.8511807360605,-60.1117565184959,-40.0333077967508
25-Jan-2025 15:11:42,141,100,0.0984667340914408,0.432502456506093,0.0306917532036702,-0.0806170572837194,-0.0653741478919983,0.0703289578358332,0.992109354337056,-97.771961955776,-22.6798810545194,-21.5686285536863,-79.4491170932558,-84.7805975582996,-52.0087014446129,-109.732922385553,-133.465201152647,-77.7664390636541
25-Jan-2025 15:12:53,115,1,0.000177501528135811,0.328107885519663,0.0422498494386673,-0.0117523037518064,-0.00264251536379258,-0.0119910820697745,0.999855589866638,-8.70000000000001,-14.7749999999999,-5.62500000000001,-5.77500000000001,-13.05,-5.85000000000001,-6.52500000000001,-6.82500000000001,-8.47500000000001
25-Jan-2025 15:13:04,371,2,0.000471938669215888,0.332018502553304,0.0476203247904778,-0.042906940728426,-0.00164924041988949,-0.0209982027610143,0.998857053120931,-17.3028733925161,-15.5380510437712,-6.04225861036257,-6.2752986922719,-13.4073562087656,-6.06441372525939,-9.51151796282113,-9.66032161330051,-9.92839177247808
25-Jan-2025 15:13:39,21,3,-0.00656163714205225,0.336682502428691,0.0546390756964684,-0.0473888345062733,-0.00178338338155299,-0.0437954460581144,0.997914389769236,-24.1040588562967,-23.8537248194563,-17.2078222330636,-10.5142145922184,-16.8471304638944,-8.62327827833673,-10.3956875417365,-13.3676216668716,-12.0022679552178
25-Jan-2025 15:13:50,238,4,-0.0074851757225891,0.345595848560333,0.0311204100648562,0.0412991108993689,-0.000663292788279553,-0.0575821908811728,0.997485967477163,-23.8152266354581,-14.7039221969909,-13.0673533181946,-31.025859457005,-26.3677289904032,-13.8180133624497,-16.2261638771002,-17.3765342223424,-14.4411537589163
25-Jan-2025 15:14:21,66,5,0.02436150200665,0.345573397477468,0.0460217247406642,-0.0297459360212088,-0.00442890602474411,0.0283913971235355,0.999144419034322,-24.3576820705456,-18.2708912826465,-11.8073653131376,-17.1692174895901,-18.5630353521304,-14.7003212112783,-28.7080033928938,-31.8082650884906,-22.9447947867877
25-Jan-2025 15:14:32,336,6,0.049860127021869,0.348959877093633,0.0438444584608078,-0.00636318353936076,-0.0050870368257165,0.0961686720450719,0.995331736405691,-14.866236288855,-13.2829102774678,-9.35649340834662,-16.8058957284664,-18.9942213301132,-14.959032798068,-38.9262108613213,-45.0588471988089,-29.6132044397451
25-Jan-2025 15:15:13,68,7,-0.00211897150923808,0.350984042882919,0.0258102521300316,0.0891575992107391,0.00440772470707695,-0.00671366499736905,0.995985194047292,-19.3621881278278,-31.5566759324781,-13.8801288258709,-40.3890637524455,-31.0548299997349,-21.5276610862965,-27.4491149364182,-23.2331074492394,-17.6402047257075
25-Jan-2025 15:15:25,201,8,-0.0050304657779634,0.356417496999105,0.0470166894296805,0.142217748363813,0.0012905248052751,-0.0690916125973066,0.987420304616292,-22.7705748615245,-49.2795383030953,-21.1056282510247,-55.9033937325289,3.41935673725764,-2.65463595764542,-19.7042405942346,-37.5892051400853,-23.1823218109756
25-Jan-2025 15:16:19,400,9,-0.00267263500330349,0.359894146521886,0.0673582896590233,-0.234127426147461,0.00246272416164478,-0.0266147952526808,0.971838442484538,-67.6300090408844,-37.6844851454588,-16.3335193457375,-7.29074248580198,-25.0031005897439,-17.7670635446774,-38.1430700435049,-25.9110440330078,-17.1452214309681
25-Jan-2025 15:16:32,143,10,-0.0439724547167619,0.366791818539302,0.106958441436291,-0.19921406408151,0.0064721269843479,-0.118455560008685,0.972748772303263,-71.9984545412145,-77.407852752179,-36.4365506023925,-4.89448734340485,-26.7373570310032,-18.8755392186019,-7.38861102369594,-24.8092652694676,-16.8356795024929
25-Jan-2025 15:17:13,19,11,0.0104786223421494,0.359062453111013,0.0528256160517534,-0.0965741162498792,-0.016974725946784,-0.0982914825280507,0.990315159161886,-57.706329667609,-36.742562548928,-16.8924549409596,-27.7602487412425,-27.807401740284,-19.649501638435,-24.7892583149018,-41.8361555842864,-28.113455350095
25-Jan-2025 15:17:25,86,12,-0.0400784035523732,0.37193550268809,0.080766487121582,-0.0195702839642763,-0.0315337692697843,-0.166870762904485,0.985280068715413,-62.7701093858608,-76.475173242191,-37.0418168672037,-51.192808913545,-23.6854095256292,-17.8715621107202,-17.9435327943881,-30.2553645336258,-22.6061164043773
25-Jan-2025 15:18:19,160,13,0.0224355372289817,0.391361778974533,0.0310914148886999,0.134579420089722,0.000674823062339177,0.212961886326472,0.967747485637665,-35.4151933704315,-56.6538113352293,-29.5911831474622,-73.6844396989291,-49.7831864414498,-32.2431931148694,-100.191387649507,-49.0327672015632,-32.0677555970852
25-Jan-2025 15:18:33,134,14,-0.00105094977576906,0.371584248542786,-0.0110771496469776,0.115946739912033,0.0240716623763243,-0.0748404050866763,0.990139321486155,-38.5550090455333,-27.2684014117356,-15.0611970970413,-61.3250374793501,-67.1928342596082,-41.1107359352745,-29.0213776365441,-45.5065591596857,-30.4673704874725
25-Jan-2025 15:19:06,92,15,-0.0477204971015453,0.388431350390116,0.0549859873950481,-0.19045151869456,0.0477018646895885,-0.206848640243212,0.958470892906189,-104.084399351838,-65.2516496723615,-39.7458567078556,-49.7533695672883,-65.5723326961445,-42.2748682902942,-34.7191575157288,-37.19821700631,-26.575180203786
25-Jan-2025 15:19:20,375,16,-0.00691795789947112,0.374784660339355,0.0363081616659959,0.094411039352417,-0.00751534154017766,-0.000514767887458826,0.995504796504974,-41.3088450554659,-43.5507099955742,-26.0038055261703,-65.0112891017956,-18.4047997393059,-15.7995204685832,-52.8497790855464,-22.9759723888804,-16.5724765517795
25-Jan-2025 15:19:42,274,17,0.0636198764046033,0.394277842839559,0.0686862573027611,-0.158745031555494,-0.0189218802998463,0.323472174008687,0.932634751001994,-55.0142581858473,-53.3882181519279,-27.9393699275587,16.2387561525109,-1.48784437767083,-2.68602693910235,-115.121068065671,-70.7026006900701,-37.6245736818359
25-Jan-2025 15:19:56,385,18,-0.0293609707305829,0.379533523321152,0.0911641811331113,-0.259140600760778,0.0370796439548333,-0.0258488385627667,0.964781363805135,-88.3070575276456,-64.0823329896797,-34.9348418812746,-19.451507825247,-25.9395670942312,-16.5603028322225,-52.6218955866935,-15.6122977658161,-11.7278367545489
25-Jan-2025 15:20:32,176,19,-0.0105947281544407,0.366392872730891,0.0250176935146252,0.0863318641980489,-0.00658465173716346,-0.027376818160216,0.995868492126465,-37.686118049631,-40.326113610154,-23.4553689490409,-57.2583108622875,-41.8296476128745,-30.1805667631359,-40.7272347279246,-29.4761538053404,-18.6193878599652
25-Jan-2025 15:20:45,377,20,0.00738581440721949,0.375604705015818,0.0727520475784938,-0.264693611860275,-0.000954371174642195,0.0996748745441437,0.959166836738586,-76.4600384060797,-29.5708896485325,-16.8917264277737,-8.60186249926614,-12.8805225999222,-14.5199737162032,-74.7277882261393,-27.7953876859579,-16.5929742598174
25-Jan-2025 15:21:32,3,21,-0.0150048452739914,0.382767633597056,-0.00739710287501415,0.282159258921941,-0.0136330193529526,-0.0492400571703911,0.95800613562266,-29.4243130025583,-43.2554772864579,-23.2301711374996,-96.5430127034786,-58.0896476783035,-38.3214806031885,-47.1248236391541,-35.7070211783895,-23.5754350608591
25-Jan-2025 15:21:45,245,22,0.066177794833978,0.380210347970327,0.0544134562214216,0.0296091645956039,0.0137489441161354,0.164145013689995,0.985895888010661,-34.5207928553733,-46.2247829264484,-23.6258572075461,-44.5028660941032,-0.668599359631133,-8.52198969390358,-78.2338290153404,-74.935323539492,-42.1006194914616
25-Jan-2025 15:22:19,321,23,-0.0696411003669103,0.395667576789856,0.118505330880483,-0.0825163508454959,-0.0376012625793616,-0.16094488799572,0.982788888613383,-84.9030971015969,-112.719716434147,-56.5367689862077,-57.3108902578402,-19.4897171490477,-14.3588903419396,-35.8140336504556,-31.9246842801804,-18.3114914686491
25-Jan-2025 15:22:32,94,24,-0.0770762542883555,0.395195986827215,0.0636316373944283,-0.134772822260857,0.0199022579938173,-0.21347018579642,0.967404039700826,-99.9278873083186,-90.4876685201164,-44.654599465295,-57.0499090798074,-72.306965334074,-40.0013688705555,-12.3382978224509,-7.26363139661665,-5.21481946297002
25-Jan-2025 15:23:17,373,25,-0.0390503371755282,0.38791853984197,-0.0365636418263117,0.221438579758008,0.0250708382576704,-0.145784709850947,0.963889670372009,-42.8419015180916,-34.6191525478395,-25.325524496434,-92.5610595096093,-86.5200738999193,-54.0945545350134,-31.3919635799601,-31.4623976045473,-24.0457588752283
25-Jan-2025 15:23:31,306,26,0.0132095995669564,0.371915258963903,0.0830917040506999,-0.0218668239812056,0.00266911707197626,0.0191867828369141,0.999573234717051,-47.6447694050544,-66.0625725092225,-40.4508288753583,-40.9670610655761,0.120955362446255,-10.1776343020634,-50.4062971806175,-57.0853965105203,-36.2608527264477
25-Jan-2025 15:24:10,331,27,-0.0499928077061971,0.390348003307978,0.0647766609986623,-0.0431092212597529,-0.000356007607964178,-0.0987270712852478,0.994180305798848,-79.7292046867479,-90.7831085245819,-53.2116261907636,-64.2114745698988,-62.6539658760711,-41.4188484111766,-50.9657879521133,-39.0771026817095,-26.1954217652756
25-Jan-2025 15:24:23,230,28,-0.0263741828501225,0.403707639376322,0.0266966893027226,0.0911338835954666,0.00580921511476239,-0.253570212920507,0.962996844450633,-93.5781679131033,-44.3842744815497,-30.6282253833921,-106.014213216421,-37.0752966650687,-29.24553001982,-40.0788278632553,-52.689736348543,-33.6177548128369
25-Jan-2025 15:25:03,318,29,-0.0287981777141492,0.403928699096044,0.0213362218191226,-0.067942243317763,0.0218255658944448,-0.157573900620143,0.98492538134257,-103.7601955156,-35.2818572483071,-37.4597460506381,-82.0274596398142,-84.0827752573648,-49.7586106908999,-60.1136827546718,-51.411324471239,-33.3928714808063
25-Jan-2025 15:25:16,132,30,-0.0425865563253562,0.371454906463623,0.00244570366727809,0.114514264961084,-0.00240134711687764,-0.118941433727741,0.986272605260213,-40.2638610846643,-38.7981937269326,-37.6306080695996,-63.0508530263558,-65.9627527307886,-39.1112932072606,0.466827012652351,-23.4032294671065,-17.8015177583888
25-Jan-2025 15:25:57,90,31,0.00250179832801223,0.399414094289144,-0.043934520582358,0.197622095545133,0.0173041673998038,-0.037222857773304,0.979418488343557,-45.8599823724301,-44.348746421131,-30.8385255016042,-94.378133769667,-106.178381000281,-64.2900544724445,-59.0450028978673,-68.367639887619,-42.9696607149274
25-Jan-2025 15:26:11,125,32,0.125939021507899,0.442419288555781,0.0829269289970398,-0.169285508990288,-0.0675247276822726,0.379233318567276,0.907174042860667,-77.905983587876,-69.2068320311911,-43.9015022577608,-29.5182004385255,-22.7352198348913,-23.2024078408761,-155.821069489897,-132.39827204198,-75.6189107432346
25-Jan-2025 15:27:05,234,33,-0.0200269007434448,0.410841902097066,0.117734243472417,-0.0942524005969365,0.0283794750769933,-0.0137106815973918,0.995049321651459,-93.182006236118,-121.370851498746,-69.5115417955715,-65.5506783147614,-47.7384278025913,-40.3386946515253,-80.2926933436682,-81.1997127638154,-45.8118092388738
25-Jan-2025 15:27:18,332,34,-0.0762140557169914,0.420830341180166,0.105344218015671,-0.303500278790792,0.127440737684568,-0.0469955417017142,0.943100154399872,-128.924005661783,-119.52797375216,-70.1674681726075,-39.5706800206856,-72.5778419827013,-54.3357669919091,-76.7088253630622,-37.4192308776368,-25.4989335461133
25-Jan-2025 15:28:09,117,35,0.0313755248983701,0.401192347208659,0.0465522440771262,-0.199303534626961,-0.0309677174935738,0.113254170119762,0.972878539562225,-92.2323101131064,-63.7913767195762,-35.8671454439765,-41.856998391645,-68.230179572279,-45.5082380857427,-100.325671188305,-75.6866251795931,-47.1701806500973
25-Jan-2025 15:28:21,162,36,0.0782624363899231,0.408271863063176,0.061007999877135,-0.172652018070221,-0.0698022132118543,0.0735980967680613,0.979746047655741,-88.7187506830186,-64.5231148340754,-36.306188312676,-41.0199828466267,-60.2841335855786,-41.6083889038424,-90.093803324617,-113.531978006718,-66.1660308751098
25-Jan-2025 15:29:00,345,37,0.0587817033131917,0.41705423394839,0.041675299902757,-0.0209645559390386,-0.0157198453942935,0.00276737147942185,0.999652846654256,-93.7706226097406,-50.0777587319831,-37.4206915797649,-86.8947570246273,-64.2747024360596,-44.1425179029092,-93.3146978752178,-111.140809702658,-64.8549151238866
25-Jan-2025 15:29:12,246,38,-0.00374045063120623,0.398663725455602,0.0483691150943438,-0.00210855049857249,-0.00130168145212034,-0.159512706597646,0.987192785739899,-88.0371495650074,-52.552361708686,-37.4723308305192,-82.8419958025739,-30.1309495478971,-25.8849792212308,-52.3740607530093,-66.829032932222,-41.5133645010715
25-Jan-2025 15:30:00,397,39,-0.00819832297662894,0.405860352516174,-0.0340988094607989,0.100790806611379,0.0370128720998764,-0.115278654297193,0.987513113021851,-73.1210283425472,-48.6338513395751,-33.9183906568023,-94.7596825910052,-108.888057669115,-67.0446799205241,-57.4714375705348,-75.2560771211408,-46.4683451477057
25-Jan-2025 15:30:13,82,40,-0.0541235044598579,0.377956597010295,0.0669955318172773,-0.0664786850412687,0.0170269510398308,-0.113124638299147,0.99120812813441,-67.5482277116006,-78.2809213636838,-49.2751095266092,-46.815161346914,-55.8592399859707,-41.0634549367047,-33.397255717502,-25.8212485878093,-22.2841147387925
25-Jan-2025 15:30:52,331,41,-0.0328922676543395,0.401830623547236,-0.0135663850853841,0.265899024407069,0.0169554894169172,-0.198899788657824,0.943106110890706,-60.2908851328491,-57.6361182987324,-32.1357109057677,-118.675051289378,-78.5991448276749,-51.5793260831138,-42.121907080885,-46.1047203966657,-31.8019253255229
25-Jan-2025 15:31:05,271,42,-0.109886609514554,0.430307962497075,0.025078775982062,0.0388678088784218,0.0273428661127885,-0.234065322081248,0.971056310335795,-106.897214029339,-117.35218932679,-61.5346985126242,-107.039769724429,-121.452279377445,-72.5468454508263,-22.8263516592119,-16.7630503129695,-16.6720423765023
25-Jan-2025 15:31:49,100,43,0.0702587693929672,0.441616415977478,0.0147646383692821,0.249104942878087,0.0812217230598132,-0.0207862511277199,0.964840765794118,-80.7193301431082,-70.3783905349783,-42.8490542842505,-142.823785271428,-87.2390748606653,-56.1729562669306,-108.468770462164,-126.612226613456,-78.1444215796119
25-Jan-2025 15:32:05,191,44,-0.0451287758847078,0.367646783590317,0.0725512787699699,-0.0739709337552388,-0.0131639871746302,-0.21482402185599,0.973758248488108,-67.3278488330231,-51.8463460920684,-30.4568695259136,-43.0662446967757,-6.64986970381574,-12.7521911516238,4.30573193105664,0.982531165918049,-11.2208801530431
25-Jan-2025 15:33:22,160,45,-0.0810601616899172,0.398242630561193,0.14383789797624,-0.128336828947067,0.0338664636015892,-0.0854966282844543,0.987457863489787,-76.2049048776102,-127.852099112597,-73.2093068120016,-39.9639964023167,-37.9606524843629,-29.8478722712014,-41.88713913371,-29.5114789238515,-18.7782139164182
25-Jan-2025 15:33:37,240,46,0.0154764612515767,0.449727433919907,0.0902377804120382,-0.100608180463314,0.0209410399198532,0.096613439420859,0.990002731482188,-129.738985277843,-128.248151634921,-77.1923631901346,-105.265776896837,-72.8530055271063,-51.0790789095442,-142.924925413625,-105.381848985506,-60.4984290642164
25-Jan-2025 15:34:14,321,47,0.0730417187015216,0.412234057982763,0.0366783462464809,-0.0573138939837615,-0.045081602036953,0.32295996149381,0.943599311510722,-59.8072587577059,-46.8282187047685,-37.4424314514081,-55.6871318446099,-67.3808158083755,-44.0108832532687,-131.813680879489,-92.1004105104769,-55.685628524385
25-Jan-2025 15:34:27,43,48,-0.0318704004089038,0.429415261745453,-0.0581357901295026,0.103192946811517,-0.0702527145544688,0.103997163971265,0.986711931228638,-71.482295800997,-37.2003407625781,-32.5416449431438,-99.1707581235171,-134.132509383015,-77.2998825034192,-106.425211238873,-48.6679920838752,-33.882571773915
25-Jan-2025 15:35:22,329,49,-0.0238907503585021,0.40249181787173,0.104564840594927,-0.351601101954778,0.022206295033296,-0.107643307745457,0.929675475756327,-125.583521816932,-80.6592280966037,-52.454925663358,-32.4498153657811,-52.1207820516334,-33.6692881292997,-65.461062993217,-52.0818989804999,-34.6573042610955
25-Jan-2025 15:35:36,337,50,-0.0367917557557424,0.424962153037389,-0.0823951880137126,0.192509693900744,0.0601173028349876,-0.112804982066154,0.972934190432231,-66.9512514707497,-19.1911464586841,-22.3099403706183,-109.94204800929,-139.213091913514,-77.8044985864603,-60.1650259197637,-64.5839721294001,-41.4973963617657
25-Jan-2025 15:36:07,142,51,0.101318243642648,0.452634777625402,0.0858856931328773,-0.338924143711726,-0.149843337138494,0.222151549657186,0.901845951875051,-129.218801138021,-73.4417116938304,-42.8674493434078,-47.6566981417505,-27.0498565494488,-17.9383233788291,-157.642688017579,-131.46553673812,-75.8248760141755
25-Jan-2025 15:36:20,173,52,0.0476571137706439,0.456259826819102,0.11930263787508,-0.238532537221909,-0.0651544367273649,0.00887382502357165,0.968905770778656,-148.915869762863,-121.137942958267,-68.8342865707009,-85.2929138811037,-48.2370725001988,-30.6506529492791,-126.478502313722,-144.159933275952,-84.2907958781663
25-Jan-2025 15:37:13,229,53,0.0875631993015607,0.404994090398153,0.0363202589253585,0.0414754485090574,-0.00482302196323872,0.266341662406921,0.962973892688751,-41.8337726998324,-50.7240405516251,-27.5832374548267,-60.2867361816015,-56.4450305100444,-35.8771421012413,-111.738148568117,-99.5672503425197,-59.9775919953136
25-Jan-2025 15:37:28,281,54,-0.0889097029964129,0.435601578156153,0.120926490922769,-0.189504797259967,0.0536105086406072,-0.0979804664850235,0.975506913661957,-126.737473755445,-142.960196966426,-74.4612441876419,-74.0122750112919,-77.4564209094255,-47.1427658263463,-83.0343388723299,-31.3492328401962,-26.6285117695664
25-Jan-2025 15:38:21,297,55,-0.0127916561439633,0.403792810440063,0.0777331550916036,-0.0307713702321053,-0.0349189033110936,-0.149285167455673,0.987698217233022,-97.4389210538571,-102.116956415391,-52.9686973981569,-82.4894262572182,-55.3483052517279,-40.1385855133263,-58.8377566752656,-73.2338710763656,-48.5135221218921
25-Jan-2025 15:38:35,304,56,-0.0422938838601112,0.435668581724167,-0.0505828239023685,0.207009630401929,0.101039145886898,-0.267283995946248,0.935680186748505,-97.0728809471588,-38.0426637764126,-21.6850048277734,-141.606120083973,-118.925883010369,-72.6808281417526,-58.2952404216768,-65.9805835793323,-45.640332122481
25-Jan-2025 15:39:25,156,57,-0.0423091111083825,0.455816946427027,-0.0949892222881317,0.395358637968699,-0.042041888833046,-0.0360894630352656,0.916854174931844,-59.7446398699972,-67.4707847082458,-43.4751647628318,-156.209962958482,-155.02941090783,-92.7190935745233,-96.2509258926644,-66.6242727743359,-43.7325850632291
25-Jan-2025 15:39:39,172,58,-0.0499878178040187,0.396692208449046,-0.00191621187453469,0.128382953008016,0.0430903322994709,-0.24960751136144,0.958830726146698,-73.6845758731127,-42.8434012245383,-28.0670003349205,-97.4426858701657,-79.4503660716604,-51.835098470381,-6.87746478590147,-16.2567876849348,-15.4543698324711
25-Jan-2025 15:40:28,383,59,-0.100459479788939,0.446092708905538,0.0489928183456262,0.159474875529607,-0.0698942060271899,-0.310931980609894,0.934346783161163,-120.309025911755,-130.823580787367,-76.6190747927453,-146.658760796446,-106.318631656575,-68.1114169466976,-56.9380222695502,-53.239935952851,-34.7175830798914
25-Jan-2025 15:40:44,230,60,0.121375007927418,0.431346301237742,0.0692301481962204,-0.102496892710527,-0.0215191960334778,0.418095978101095,0.90234512090683,-60.4017564076473,-51.7736077044345,-36.8012572737519,-29.0263138583924,-38.429685687935,-33.8741129848505,-151.813047462653,-116.603537750259,-66.1065530010681
25-Jan-2025 15:41:21,340,61,0.0443264752626419,0.428567479054133,-0.0198714563002189,0.36094659169515,0.0786973734696706,0.000651862736170491,0.929259852568309,-48.0520960983154,-38.6270506047639,-37.8161561830988,-140.798637203626,-86.8231270452334,-57.1866116264065,-95.6096198597942,-107.480424378683,-64.5005009929885
25-Jan-2025 15:41:34,111,62,0.109025663634141,0.439521310726802,0.060362450281779,-0.0204798746854067,-0.0149578165262938,0.087716935078303,0.995822544892629,-96.4674504928311,-42.0665163421626,-38.8006660555239,-91.1149380878649,-67.2430919217822,-46.6613710684066,-111.760933583519,-145.016584351814,-82.5333579832797
25-Jan-2025 15:42:18,249,63,-0.0412646666169167,0.43152032494545,0.0801065410176913,-0.164557962616285,0.0386511998871962,0.0474697475632032,0.984466063976288,-123.022160436574,-116.84202300679,-73.749967737566,-82.5114498692971,-90.0467738170556,-56.2635606176336,-116.211311318864,-67.9406663858508,-43.403110959289
25-Jan-2025 15:42:33,236,64,0.0557743546863397,0.430535266796748,-0.0348747620979945,0.323465639352798,0.136028201381365,-0.106112441420555,0.930379649003347,-36.8740757483474,3.26871996833285,-10.5787309291205,-141.788628525809,-94.053987462026,-55.151302119235,-71.4714144911307,-120.752535824382,-66.6931803576707
25-Jan-2025 15:43:13,386,65,0.118697975575924,0.435026752948761,0.0792142108082771,-0.0578653164207935,0.0268328405916691,0.29290389418602,0.954012024402618,-70.9203709052795,-73.1174180789142,-52.0674467151188,-64.0885745487861,-23.9624270270649,-40.4080687900602,-136.97033543328,-137.294834781403,-83.2705584031877
25-Jan-2025 15:43:28,35,66,-0.0727133924762408,0.438304255406062,-0.0267424531280994,0.0757217059532801,0.0657045731941859,-0.250870651006699,0.962815193335215,-119.063700504068,-69.7110352983129,-49.6229037254197,-128.601578421363,-119.737297203294,-87.5541522787762,-66.609283489429,-35.6008672456535,-31.6822230359144
25-Jan-2025 15:44:13,201,67,-0.0798894693454107,0.406637495756149,0.0867432340979576,-0.115018820762634,0.0187117317070564,-0.179988263050715,0.976741949717204,-104.802847125948,-112.035881446606,-68.4359399884413,-67.9933752754236,-72.9803248741054,-53.4547293660226,-48.0961921416105,-39.0434216001733,-25.1969043043649
25-Jan-2025 15:44:27,209,68,0.0573389785985152,0.426423497994741,0.120620975395044,-0.191761774818103,0.020826401685675,0.18243249853452,0.964112063248952,-96.4306050166615,-105.392552920673,-64.8117876374516,-10.6530241472441,-3.01772554036015,-18.1709416111267,-120.849979552214,-111.414356570279,-61.0798837013946
25-Jan-2025 15:45:12,37,69,-0.0382375217974186,0.427079043785731,-0.0616851583123207,0.438895740111669,-0.00847695892055829,-0.119126274685065,0.890565896034241,-44.3312075252095,-60.2395848819531,-36.2498020199185,-148.828721833931,-110.597527875549,-70.9770662120311,-65.2852098967132,-54.1094174987918,-38.0633080186359
25-Jan-2025 15:45:27,362,70,-0.112484213709831,0.449668242534002,0.116794078052044,-0.23805964589119,0.0826476002732913,-0.204555915792783,0.945861438910166,-150.992168347579,-150.151977178371,-80.447755770241,-81.61709020184,-92.0599679064192,-60.9500438295797,-75.3143101936975,-30.6493119922323,-25.5750128674698
25-Jan-2025 15:46:14,354,71,0.119852809111277,0.405408827463786,0.0594935782253742,-0.0565137897928556,-0.0609092329939206,0.255390304327011,0.963261163234711,-45.281526641731,-53.4477498771304,-22.2960661272823,-39.9825533350632,-41.9126982804533,-34.7276955399995,-104.318337632906,-111.828466538318,-70.575711873753
25-Jan-2025 15:46:27,176,72,0.0072484095270435,0.414467523495356,0.0178737357258797,0.168575418988864,0.00497078122571111,-0.0471921217938264,0.98454585870107,-77.0882244031725,-61.1538615344644,-26.6773994284849,-116.470937237332,-58.9855312660335,-43.7923895053252,-82.1660061860847,-72.5479156690581,-51.4637139116587
25-Jan-2025 15:46:51,313,73,-0.0890776048103968,0.444271930058797,0.165008487304052,-0.38515447974205,0.118952632447084,-0.172895607352257,0.898673053582509,-151.485194098543,-148.535704887749,-72.8594013164563,-32.4819835907825,-29.910970556445,-23.0966206197308,-65.0428735262956,-43.6904611977217,-30.2439157501091
25-Jan-2025 15:47:04,60,74,-0.0863144919276237,0.430500094095866,0.0676202932993571,-0.0120670991639296,0.019718632598718,-0.0870407139261564,0.995936524868011,-102.544628593958,-136.853854148225,-66.4032922791329,-99.2021913887624,-94.3586022224592,-54.7052527851767,-82.0948794305794,-18.4714506565453,-17.0192268119597
25-Jan-2025 15:48:01,248,75,0.104227234919866,0.429131255547206,0.0548397831618786,-0.0467724998792013,-0.022907854616642,0.377859399716059,0.924397031466166,-62.9849113857,-68.3692469515431,-35.3699675741393,-62.7592309483657,-56.8762705329779,-41.7107814627183,-149.931409299957,-111.238314313134,-70.5580619649961
25-Jan-2025 15:48:16,105,76,-0.0621442817151546,0.423436377445857,-0.097938127319018,0.280651054779688,-0.0575886224706968,-0.0756844898064931,0.955086549123128,-16.9758719155688,-38.5700527330264,-19.4187802573934,-110.598293912125,-137.283399687201,-80.8627558323424,-45.6691594483794,-8.04018367660678,-17.9074064392448
25-Jan-2025 15:49:10,179,77,-0.0638445764780045,0.384072105089823,0.0306020765254895,-0.098554236193498,0.041975025087595,-0.113847026228905,0.987706466515859,-76.835912097985,-76.4428388816471,-39.3422210840625,-47.1143297400049,-91.9463931673795,-52.5376581392581,-38.9049044247058,-28.3098546448946,-23.6150018914446
25-Jan-2025 15:49:26,338,78,0.129696403940519,0.477212593952815,-0.0126589351644119,0.262218195199966,0.0723973954717318,0.384580614169439,0.882097033659617,-5.59558192169302,-10.2077553592209,-6.64988730076787,-134.47123709557,-116.762917285293,-65.3711281761336,-182.797870840817,-151.766505735022,-85.7685354144269
25-Jan-2025 15:50:10,79,79,-0.08516021023194,0.437376807133357,0.0439145284394423,-0.0923943395415942,0.0368204382558664,-0.337109114726384,0.936197098096212,-145.684073088446,-107.77824294655,-57.7042379217026,-113.124296391463,-112.484600255576,-64.7667553957788,-55.7368436409463,-36.4870974280757,-41.4532941960723
25-Jan-2025 15:50:23,122,80,-0.0479028989871343,0.426347915331523,0.0799463892976443,0.0468334903319677,-0.039826612174511,-0.140650075674057,0.988148820400238,-105.080369368219,-121.66949202212,-66.5919748820825,-112.898881857179,-59.4472077640109,-40.1901715725911,-79.2462816769227,-42.1818335039345,-46.2427746565967
25-Jan-2025 15:51:03,194,81,-0.0410450803736846,0.386571792761485,0.0386295231680075,-0.0105854030698538,0.00310159892154237,-0.211950957775116,0.977218055725098,-84.2251170194919,-63.0887045706062,-37.9338261575263,-73.8541483802665,-61.0745991672102,-39.6939517290086,-32.2894788339484,-34.645086836279,-23.8843243778944
25-Jan-2025 15:51:16,136,82,-0.0756953765948613,0.434673309326172,-0.055314447482427,0.276289127270381,0.0398677155375481,-0.265385288000107,0.922846039136251,-79.643127169064,-76.6195620149111,-44.0557966719781,-141.565010824321,-127.039190894151,-72.0327893847784,-28.3628373907792,-28.210504759272,-20.0235751316902
25-Jan-2025 15:52:12,320,83,0.10609813729922,0.42078688343366,0.00582928092529376,0.03804855098327,-0.0146768124774098,0.196621318658193,0.979631046454112,-56.8100510318676,-47.8727203590131,-32.4417864760618,-73.0860899857996,-98.0206536188009,-54.8118511059449,-107.619948663766,-128.933803678771,-76.8459742504349
25-Jan-2025 15:52:24,395,84,0.0928678353627523,0.418996824820836,0.0306007474660873,0.0648175502816836,0.00299171617565056,0.328915107250214,0.942127434412638,-36.3951239509049,-55.2401957730135,-36.8622717244621,-69.7873023245484,-77.7153356871451,-45.3959396815171,-132.466710057297,-102.983058816078,-64.6073493604885
25-Jan-2025 15:53:02,64,85,0.0215661449978749,0.403587732712428,-0.0179740363111099,0.345104269186656,0.0594226653377215,-0.071465535958608,0.933951131502787,-35.8788151621679,-21.5671764124881,-14.6943829778199,-121.864228611856,-76.1142648598999,-43.503485064919,-62.0733883873846,-77.1939811654716,-47.5946009822867
25-Jan-2025 15:53:16,95,86,0.0602120074133078,0.438981958230337,-0.00328533065815767,0.00947535888602336,-0.04736655925711,0.209831728537877,0.976543553670247,-90.0879084713638,-40.6228332708433,-26.127777092833,-94.8956555498332,-117.187120723365,-65.9454786824869,-141.776483176972,-114.203979241479,-68.0051657061257
25-Jan-2025 15:54:09,281,87,-0.0521516787509123,0.423269981145859,-0.0562332091232141,0.365056832631429,-0.014799764752388,-0.168522882461548,0.915485954284668,-55.5025810805997,-55.2443230109245,-36.5420603805153,-138.67053194594,-115.198283462068,-66.7993284011824,-52.4945654068778,-51.2767744173286,-33.9516864684327
25-Jan-2025 15:54:21,151,88,0.00619001981491844,0.407112783193588,-0.0528556582828363,0.223566781481107,0.0508028283715248,-0.0754644279678663,0.970433926582336,-26.1013913415457,-19.8077798066496,-19.2717064491532,-102.04420742131,-112.231534605197,-65.7638716435223,-50.632652298139,-79.5944513735596,-48.5584426173235
25-Jan-2025 15:54:45,390,89,0.103267794350783,0.407000386714935,0.0632606873909632,-0.116606193284194,-0.0524071385463079,0.284611376126607,0.950080422560374,-56.4248457414342,-41.0909404621597,-24.9050689589381,-18.8563145930744,-6.85571651750374,-7.81510974755637,-114.341370162335,-104.926674174334,-57.2696285781106
25-Jan-2025 15:54:58,389,90,0.00904631322870652,0.39285148580869,0.0589523228506247,-0.182781288027763,-0.0173157053689162,0.117812635501226,0.97591560681661,-83.4908369795677,-16.1316006496337,-13.4024796723619,-38.8149452055837,-49.931433359826,-30.3300487884044,-90.676902254535,-50.3912867644181,-30.9790154928398
25-Jan-2025 15:55:49,258,91,-0.0282670659323533,0.450076421101888,-0.0249987751245499,0.271286060412725,0.066236054400603,-0.280266306797663,0.918404841423035,-112.740335567702,-73.3584846454861,-47.5052529270254,-171.116610125486,-118.588679446562,-67.9591855714354,-77.2505817124207,-87.1104091485817,-53.1795541308444
25-Jan-2025 15:56:06,345,92,-0.016252896686395,0.430344061056773,0.155611290534337,-0.0644558891654015,0.154033088684082,0.163464134931564,0.972316086292267,-79.6729212441771,-151.05526516726,-83.4745995273318,-7.49706272565958,0.850377309531362,-5.36061353280823,-116.878123566543,-75.4686295737291,-44.4796206828375
25-Jan-2025 15:56:57,161,93,-0.0245804771780968,0.406274745861689,0.0292492677768071,0.259395519892375,-0.0373903878033161,-0.0202430774768194,0.964834805329641,-54.0890612005393,-82.6043024617599,-50.3441113442467,-117.883236612746,-60.4312572102578,-40.0895152038304,-76.4713380070806,-51.4803978091606,-31.5563210648103
25-Jan-2025 15:57:11,253,94,0.119564830760161,0.422103621562322,0.0231176843245824,0.205132468541463,0.134936355551084,0.00312427954437832,0.969382790724436,-2.11360058505008,-15.2257533566491,-15.2413318346347,-104.22805496535,-52.0637061232199,-34.4922347032548,-74.694896153497,-138.489211247417,-73.6472228268818
25-Jan-2025 15:57:58,395,95,0.108693440258503,0.402529166142146,0.0599835375944773,-0.0110004394004742,0.0218362475434939,0.302378209431966,0.952874406178792,-36.6447651727936,-47.9794832019561,-29.6787579029256,-42.773910996924,-43.1477842838175,-29.8538805499222,-109.615614237017,-106.361186205436,-61.9816829988253
25-Jan-2025 15:58:11,224,96,-0.0172879546880722,0.406439693768819,0.126235640048981,-0.184268546104431,-0.00447322127098838,-0.0611395806074142,0.980962320168813,-102.290900859509,-110.199049245992,-60.8764846771939,-51.9883217928731,-44.0272218063195,-30.3815430634234,-68.4520238913336,-74.5717026623882,-46.1748849795514
25-Jan-2025 15:58:55,374,97,-0.0603113117317359,0.425633897384008,-0.0250775018086036,-0.0403618494669596,0.0780836567282677,-0.168848333756129,0.981714904308319,-113.785877641007,-74.5953902733063,-44.0410524658498,-97.1837757691895,-129.200130606763,-75.6389175490099,-69.4040045711591,-52.8236610217611,-37.8612172078848
25-Jan-2025 15:59:10,289,98,0.0820716251929601,0.443028593063355,-0.0317221727222204,0.20799000163873,0.0107496631642183,0.219665211439133,0.953085287412008,-4.10148880734964,-16.6990433531908,-13.8108959670758,-117.094245500699,-114.580833583348,-67.0472859985857,-134.819690944205,-123.027846498159,-71.6813269073674
25-Jan-2025 15:59:55,194,99,-0.114445109665394,0.448075981934865,0.0542469916244348,-0.0729057381550471,0.0374513710538546,-0.273338623841604,0.958419628938039,-140.087208494209,-138.665421568425,-73.2265844183078,-113.412943080737,-125.09883685363,-75.3035483825246,-67.0000710955459,-33.9587059131305,-38.8637338452922
25-Jan-2025 16:00:11,256,100,-0.0259105511009693,0.399212934573491,-0.0349424871305625,0.388208355506261,0.0247894033789635,-0.155388352274895,0.908038663864136,-29.7733867453833,-9.25485495975997,-6.43748870315438,-124.030405929206,-73.7154231608319,-47.5280291253048,-38.3546393708536,-18.1171337914998,-28.859135373656
25-Jan-2025 16:01:21,356,1,0.000400832493323833,0.327742427587509,0.043768626699845,-0.0204394105821848,-0.00130980925944944,-0.0133786163603266,0.999700725078583,-8.77500000000001,-15.5249999999999,-5.85000000000001,-4.87500000000001,-14.025,-5.70000000000001,-6.00000000000001,-6.52500000000001,-7.95000000000001
25-Jan-2025 16:01:32,80,2,-0.00258713316482802,0.330740666389465,0.0529336005449295,-0.0390828701357047,0.00359488730318844,-0.0053922931663692,0.999215006828308,-13.385546554198,-21.7170488930538,-8.815299798382,-3.04487974348699,-12.7177712453478,-4.91566274720872,-9.92864446971153,-8.06948583414092,-8.59151678307113
25-Jan-2025 16:02:09,159,3,0.00848005382965008,0.340029656887054,0.0395392927030722,0.0161000256737073,-0.000748464810506751,0.0558306977152824,0.998310192426046,-11.416478802537,-12.3628876174163,-8.38345351478122,-17.2966064553097,-19.7701364536133,-9.94958187216803,-26.9118511705267,-11.805143926379,-13.3170783673639
25-Jan-2025 16:02:20,397,4,0.0265391112615665,0.331378440062205,0.0408393484850725,0.0455085965494315,0.00523763140663505,0.0340328010420005,0.998370357354482,1.6486431427814,-5.87771976038208,-3.87913942433447,-11.4119779920167,-7.15297270940686,-2.37928362564419,-12.4847822136321,-20.7628820393861,-16.5342057052925
25-Jan-2025 16:02:58,161,5,0.00826349550237258,0.346751445531845,0.0466722582777341,-0.0097149321809411,-0.00340285391236345,0.0485380264619986,0.998768345514933,-21.7484439613985,-25.5089941827303,-16.0662006797268,-20.4362872262332,-24.1921540622651,-13.2140424373592,-32.9058000641817,-21.1942043535826,-18.690045859457
25-Jan-2025 16:03:10,264,6,-0.0380331002175808,0.356042303641637,-0.00871189814060926,0.061032734811306,0.0279037078221639,-0.125386299192905,0.989835651715597,-32.3064929351754,-0.64830444772705,-3.51273266863626,-42.0261017060266,-59.5546124063111,-30.772146496149,-1.02165462952533,-3.87791385914106,-9.90877911959656
25-Jan-2025 16:03:31,361,7,0.0393214876453082,0.34732586145401,0.0634878958264987,-0.115275032321612,-0.0255736132462819,0.0308654494583607,0.992524361610413,-32.3228494058528,-20.3690644148452,-11.52180691401,0.979992180593097,-8.61033569986082,-4.54557641991653,-29.7159695841463,-44.3316430421276,-25.3312137983792
25-Jan-2025 16:03:44,399,8,-0.0152030678465962,0.353394703070323,-0.0208192589382331,0.101145964860916,-0.0238708307345708,0.0674051940441132,0.992298134167989,1.27739038298402,5.16989067403821,1.51005940442291,-33.9947662621267,-63.7980693910982,-31.8770580369034,-34.8355572948207,-11.3313817954068,-8.56869142931879
25-Jan-2025 16:04:28,262,9,0.0206365509579579,0.351474060614904,0.0433658217390378,-0.0398279331624508,-0.0116629408672452,0.192858498295148,0.980348567167918,-16.4339443390686,-29.2376463635528,-12.246922204842,-12.797129721263,-27.0879111295381,-17.561134814632,-60.0280611145694,-23.3790413127908,-15.2191673209171
25-Jan-2025 16:04:41,44,10,-0.0381736092269421,0.357163284222285,0.0300462688008944,-0.0662540256977081,0.0219291750341654,-0.174121605356534,0.982248040040334,-56.2785953017447,-29.8599493274479,-12.8319070964688,-33.8327989965611,-42.7466001115855,-25.6643127153349,-7.48060236459699,-7.13011761780858,-7.36853888310516
25-Jan-2025 16:05:07,15,11,-0.000566650707817947,0.345770104726156,-0.00772018330171704,0.117185623943806,-0.00269051506184041,0.00801318523784478,0.993074055512746,6.08183780530284,-2.61680999015072,1.52694525590956,-33.787222061525,-49.952995750931,-26.9481966012779,-20.2369787968545,-25.6342633360449,-11.4325478084936
25-Jan-2025 16:05:20,248,12,-0.0345578491687775,0.359534031152725,0.0786894395947456,-0.0589995659887791,0.00221765376627445,-0.0579818656047185,0.996570249398549,-45.4581279681709,-61.7422563187602,-29.7219023932798,-29.0258549998029,-17.1748420756767,-12.2452442485354,-27.7837302559769,-11.3357187535581,-5.96940000213485
25-Jan-2025 16:06:18,227,13,-0.0243731791774432,0.37048780520757,0.0580511743823687,0.0414379229148229,-0.00688514159992337,-0.0343921557068825,0.998525297641754,-44.9516960135865,-66.016619812036,-34.9793394586426,-55.5474116248393,-38.9518056759675,-25.5754657424052,-42.9226599794279,-28.3347294889033,-20.2387700635322
25-Jan-2025 16:06:30,385,14,-0.0285609165827433,0.371589662631353,0.0553496373196443,-0.22682232260704,0.0291143576304118,-0.0578129808108012,0.971782716115316,-80.2255275970232,-51.5289763493568,-28.5545940071778,-14.0656931585418,-54.8718042098222,-34.3545412892074,-42.5217664952956,-24.9149722395539,-19.3479677187323
25-Jan-2025 16:07:06,299,15,-0.0258718242247899,0.360994454224904,0.0679984415570895,-0.297343289852142,0.0192102093249559,-0.196484529972076,0.934136939048767,-87.3151424784224,-22.3653242650657,-11.9521072133264,-7.53044398013043,-26.6625968259081,-18.4150190330446,-11.4846148497126,-16.5350495401206,-12.9246503048098
25-Jan-2025 16:07:21,266,16,0.0323971857627233,0.391842949390411,0.0778196026881536,-0.191242873668671,0.0278859698524078,0.35121222337087,0.916132263342539,-58.412817148385,-63.2797244003028,-33.2795054999814,-11.3044731227827,-35.3645790162735,-23.6362083472638,-118.619650054187,-46.0089685655994,-28.5318080365858
25-Jan-2025 16:08:14,210,17,0.0128158556918303,0.381296443939209,0.073223976790905,-0.276225862900416,-0.00697736737007896,0.038142770777146,0.960310240586599,-87.5757333896167,-53.2934568600328,-23.4361163298183,-17.5567396742403,-39.1030406409931,-26.4105548533455,-71.7666558943498,-46.95722630417,-31.399333849593
25-Jan-2025 16:08:26,104,18,0.0188126875708501,0.367332915465037,0.0151205848281582,0.00636575256163875,0.00522531776999434,-0.0185835978637139,0.999793414274851,-43.3205524366065,-28.3585842467712,-10.0017716418127,-42.9814912117746,-52.3929108846866,-32.0885815938174,-40.3986906337298,-52.5521201410992,-33.2298723866828
25-Jan-2025 16:09:09,385,19,-0.0360489524900913,0.387310745318731,0.0980460718274117,-0.234311883648237,0.0367861948907375,-0.0522014573216438,0.970061739285787,-94.6052740287234,-84.2898256961049,-45.3974577892487,-31.3830840903282,-42.1447666742371,-30.897260458237,-56.2717730588979,-35.585812213136,-23.6111100173454
25-Jan-2025 16:09:22,217,20,0.0304231264938911,0.3948290904363,0.0503608892361323,-0.195281405250231,-0.0335624525944392,0.195495460430781,0.960479148228963,-76.7834924312099,-44.4898291421663,-25.7720192305295,-32.9669219260143,-55.1505878247405,-37.6747307517387,-105.136789566629,-57.7103613203705,-34.9479442892127
25-Jan-2025 16:10:06,13,21,0.0346482751270135,0.371049416065216,0.0235560967276494,0.154454765717189,0.0187397975474596,0.0366393988331159,0.987142403920492,-24.8198829987914,-37.258301794688,-19.7316363502501,-63.9178072771119,-40.1896131620061,-26.5459669872691,-51.4656419735738,-58.8341796359113,-36.6023973263804
25-Jan-2025 16:10:20,279,22,-0.0539352610707283,0.412185470263163,0.130772518118223,-0.252045290668805,0.127780865629514,0.0663704439997673,0.956938064098358,-103.174609320414,-120.070214974434,-60.8973687438339,-1.95305811155017,-20.0875359278929,-16.2547041739231,-87.5115577766767,-22.8940992965362,-18.3921329604036
25-Jan-2025 16:11:02,208,23,0.0368808560073376,0.391637365023295,0.00726800737902522,0.289928698539734,0.055294393748045,-0.0151455017427603,0.95532953341802,-28.7421376986682,-47.159167723321,-26.3838282707111,-101.648966323548,-52.2744887424473,-34.053335120353,-62.0852989894264,-72.5421149440085,-47.4417054795423
25-Jan-2025 16:11:16,24,24,-0.0224296645571788,0.414764851331711,0.148688156406085,-0.158209388454755,0.0669159278273583,0.0581492677330971,0.983417848745982,-88.5557840224952,-133.992487135499,-69.4603678870058,-22.9347511866621,-25.0487935074142,-20.1003674130422,-87.7976326566496,-67.8400187702014,-44.7505373028446
25-Jan-2025 16:12:08,357,25,-0.0296624394754569,0.379114204645157,0.0569969894985358,-0.121375702321529,-0.000259298708018226,-0.223091817895571,0.967211433251699,-90.1103016706006,-55.8257882964802,-26.5357267870295,-51.1547979329402,-42.9513498137766,-25.766939579116,-25.9709275786986,-32.6710022073835,-25.0290281124532
25-Jan-2025 16:12:22,133,26,-0.0022755049324284,0.387347714106242,-0.0420115935305754,0.159356974562009,0.0177953217178583,-0.0408090405166149,0.986216640472412,-4.73069809643632,-41.7795199851783,-19.0568758094658,-75.3941697071837,-100.514162501877,-54.0926291012534,-46.7929797303673,-62.1182825369011,-39.2969514552993
25-Jan-2025 16:13:10,92,27,-0.0401555866003036,0.399232465028763,0.0836666911840439,-0.0151348644867539,-0.00255391928367317,-0.0325846182803313,0.999351147810618,-79.7661693024181,-99.705598111613,-57.2423479896189,-73.4955328974135,-55.5158684945013,-35.8067080611809,-71.473022811692,-43.9997474909693,-30.3747624350112
25-Jan-2025 16:13:23,46,28,-0.0549577516814073,0.406313184897105,-0.0367458718518416,0.0612405699988206,0.0363713537653287,-0.116921263933182,0.990583753585815,-74.4233419924932,-57.4713387845107,-35.5006341970902,-84.6638533235983,-115.567730646896,-65.2080550084007,-53.2269551714022,-37.7539062011933,-26.6272576611456
25-Jan-2025 16:14:10,125,29,0.123246829211712,0.434093099832535,0.0712768445412318,-0.153750111659368,-0.0891667207082113,0.300146891673406,0.937188386917114,-78.2105515160975,-60.7088920755148,-40.0230056575944,-49.693191637687,-56.2179450972049,-41.0696534718968,-139.104912433871,-130.240969960571,-79.6692070487075
25-Jan-2025 16:14:25,92,30,-0.0382171206176281,0.400089736779531,0.0440964651604493,0.0219409697999557,-0.00534579046070576,0.00921450580159823,0.999702517191569,-71.7933885844556,-83.3418848902206,-51.0560806173373,-77.4524185439923,-72.8908076865632,-49.1226633189659,-77.902542820303,-35.8724707796369,-32.2015360106305
25-Jan-2025 16:15:10,261,31,0.127770947416623,0.409926162163417,0.0579592215518157,-0.0462125326196353,-0.04155616213878,0.293785695234934,0.953848787148794,-42.6989348236723,-42.0341712124739,-25.3954308641739,-41.1624927465037,-43.7997156627741,-32.7242726044511,-111.240125292691,-115.641302702945,-71.7640704044299
25-Jan-2025 16:15:23,27,32,0.0387128549317519,0.40863799850146,0.0315591849386692,-0.13992672363917,-0.0476041354238987,-0.0557610489428043,0.987443737188975,-103.162702148839,-19.797686400403,-15.8344424983334,-62.5568181175888,-81.1384664334389,-52.9509020299784,-76.9425951464853,-97.8368349936235,-64.4190905899641
25-Jan-2025 16:15:56,111,33,-0.0348373820384343,0.393580337365468,-0.0564943224191666,0.255068173011144,-0.00598536226898432,-0.0587492207686106,0.96511812210083,-6.7556942240651,-9.93542576639599,-6.93171473983678,-93.3227699571918,-100.010727281341,-55.6424091182713,-46.2186025008173,-38.0783326967834,-9.84819767326876
25-Jan-2025 16:16:11,113,34,0.0814026221632957,0.412007647752762,0.0673644150296847,0.0687296936909358,0.0381951595346133,0.037325661132733,0.99620490471522,-63.2355014999367,-71.9031948908592,-38.6366924347284,-82.6226978785572,-27.009170068677,-19.8627236445995,-81.1316256767791,-129.462394100247,-56.2613215076604
25-Jan-2025 16:17:13,353,35,0.06649356285731,0.389918174346288,0.0361201842625936,0.109068796535333,0.0437897985180219,0.00744468703245123,0.993041324615479,-43.1755912754505,-42.9896737747683,-25.6628640361055,-72.9827757931273,-41.348325805134,-32.3412207251682,-61.146420768207,-101.240397828087,-49.8482333676121
25-Jan-2025 16:17:28,178,36,-0.0652670025825501,0.421894462903341,0.161567711830139,-0.179968932271004,0.0744332139690717,-0.0587712715069453,0.979089800516764,-99.4637487672638,-150.439985409934,-80.8900498733183,-25.8590415167752,-43.354770405348,-34.8464730449053,-67.9914807293812,-61.2092671874107,-31.3346980669042
25-Jan-2025 16:18:09,303,37,-0.0364086739718914,0.420652121305466,-0.0596571922302246,0.201233639319738,-0.0547064716617266,0.0446118287742138,0.976996449629466,-55.0857249678417,-57.0027544793639,-40.7083224412762,-104.708459578779,-128.690071546965,-80.0765051754152,-86.7112261163803,-49.2966845234574,-36.5227836864747
25-Jan-2025 16:18:23,242,38,-0.0941890954971314,0.416177175442378,0.156190004944801,-0.234369364380836,0.0367234488328298,-0.152184607585271,0.959459269046783,-108.041129388948,-135.81242924563,-77.8596436462658,-23.7637178005262,-45.1199515671885,-36.0379290073837,-36.0727125494585,-25.9670918596435,-22.6044711764245
25-Jan-2025 16:19:23,314,39,-0.0438847492138545,0.411868051687876,-0.0656022245685259,0.320118729273478,0.0112335287655393,-0.127390630046527,0.93870628674825,-43.0259738171401,-55.5667019443615,-34.8763931827901,-119.999748433256,-113.820796810884,-70.6407115796198,-48.1762931924007,-46.7795358718998,-32.6415508288636
25-Jan-2025 16:19:36,46,40,-0.0214281535396973,0.425784250100454,0.0545880764722824,-0.0134413553401828,-0.0118115434423089,-0.190400190154711,0.981543497244517,-123.786596015928,-79.2019905686868,-49.5049208095615,-110.386797602689,-52.0132393695251,-42.547816173549,-80.3757238479935,-68.954891849148,-46.5401121320964
25-Jan-2025 16:20:29,392,41,0.00642613004893064,0.391520891586939,0.0641832868258158,-0.0344535368184249,0.0156271041681369,0.204780588547389,0.97807651758194,-56.0324378766024,-70.5590687575263,-43.6769454440013,-51.4763418647999,-52.1049983608578,-32.3685545908498,-100.509696280501,-48.3848651939734,-28.0442065741049
25-Jan-2025 16:20:43,340,42,0.0373445662359397,0.449259893099467,0.139992404977481,-0.245053925116857,-0.118056858579318,-0.0926347707708677,0.957825656731923,-148.793224748017,-125.873566700194,-72.1145443019607,-75.4470068631519,-48.3354048157075,-31.2641077049001,-99.2725691272803,-138.033535609103,-73.6488916682953
25-Jan-2025 16:21:27,21,43,-0.0494535066187382,0.410813621679942,0.000647808460053056,0.019767452403903,0.0615714557468891,-0.303153991699219,0.950744926929474,-106.563023383802,-66.806289492256,-31.4834135860339,-104.015962813274,-89.026255440624,-55.9902275962078,-37.5279001993859,-52.2802872181277,-34.3225864756376
25-Jan-2025 16:21:40,187,44,-0.0503764599561691,0.398715740442276,0.0215333990752697,0.210695621371269,-0.0346734511355559,-0.0915308982133865,0.972639258702596,-54.5548142926074,-87.3152262875954,-41.1556925362497,-103.835225403671,-72.6074764162712,-47.1986486365775,-55.2266269010543,-33.9972641154033,-24.5988854768215
25-Jan-2025 16:22:27,131,45,-0.025295822819074,0.448449112971624,0.145929157733917,-0.240207342306773,-0.00163760071154684,-0.0852703730265299,0.966967805226644,-146.855712647054,-151.05826549266,-85.0092657718116,-81.2777111260825,-63.6438206932248,-50.0254677534877,-101.478878132679,-97.3583875780426,-62.760406398565
25-Jan-2025 16:22:42,253,46,-0.0382574128607909,0.37274388273557,0.0460368429621061,-0.0719242985049884,0.00586309016992648,-0.218152114748955,0.97324310541153,-75.6245083128249,-46.0252250552708,-29.6403384451461,-50.3849544779748,-35.3777159058101,-33.0400082518093,-6.48095837617869,-15.9537593859007,-19.205685194523
25-Jan-2025 16:23:20,93,47,-0.0630454376339912,0.393056819836299,0.11037039210399,-0.182590203483899,-0.00594636372600993,-0.193049863974253,0.964031755924225,-100.65561223387,-98.6611628228955,-57.087056855448,-46.8256279194527,-41.559827683575,-31.3606103398832,-34.5535262034745,-32.9500318950315,-22.1445237542751
25-Jan-2025 16:23:32,232,48,-0.0937832166751226,0.419854233662287,0.10619237323602,-0.178326173623403,0.0685178756713867,-0.0789180556933085,0.978405332565308,-110.603495236236,-137.923529043032,-77.4012894247866,-59.2723814095517,-82.1594254904959,-52.3434587026139,-70.3530799359929,-32.0992551413471,-22.4021848367032
25-Jan-2025 16:24:17,242,49,-0.052717866251866,0.391770952939987,0.0765494535366694,-0.0156231885775924,-0.036389447748661,-0.197559623916944,0.979490665594737,-84.2658358058921,-90.2159304176528,-48.6426977630294,-73.0927190482624,-51.8955811026129,-10.8321424959555,-34.8815542662554,-32.9251800081385,-26.3788313103798
25-Jan-2025 16:24:31,240,50,-0.0099492955332001,0.436638768513997,0.0877741048733393,-0.22331223487854,-0.0349809889992078,-0.179179512461027,0.957498133182526,-154.416802537101,-108.637819833898,-60.4651170515864,-92.8679687975784,-78.0103269069575,-26.5009899785623,-93.066222471946,-87.8719579186273,-56.4636948460587
25-Jan-2025 16:25:11,180,51,-0.0760581438740095,0.423561191558838,0.122138206164042,-0.248873961965243,-0.00755002306153377,-0.259502158562342,0.933093456427256,-138.962101290194,-122.911950150313,-71.2713340901106,-66.8095479027846,-57.7229817151859,-41.3516684311688,-50.3089296898476,-49.287587405328,-31.5748996644002
25-Jan-2025 16:25:26,15,52,0.145706212520599,0.425297762950261,0.0538519389927387,-0.0784975906213125,-0.117484051485856,0.315210441748301,0.938444435596466,-38.5346865006473,-27.1103966046526,-22.5255484583433,-34.0569866350983,-47.996468537109,-35.6434029831931,-121.840793590524,-133.183520126753,-72.6778571661753
25-Jan-2025 16:26:10,206,53,0.0871116156379382,0.416607866684596,0.0125319626182318,0.118552179634571,-0.00113793778388451,0.200229716300964,0.972549319267273,-47.110615478539,-52.6983665643657,-33.0343702838224,-86.3280045612034,-72.6253610983765,-48.8352856935372,-109.782080550811,-118.736776842338,-67.0489414669274
25-Jan-2025 16:26:23,164,54,0.0542252955337365,0.409381477038066,0.0804686715205511,-0.225192112723986,-0.0921107575297356,-0.00200300440968325,0.969948510328929,-106.676536440387,-49.897218894563,-31.1815267101067,-45.196914023599,-23.9936525739482,-24.0671616925088,-83.2941138205832,-99.1068935703518,-56.7817300921201
25-Jan-2025 16:27:08,44,55,-0.082097723086675,0.430792862176895,0.0988342141111692,-0.0443922070165475,-0.0611297649641832,-0.265957021713257,0.961019976933797,-126.283993611708,-131.597370454717,-75.7757406473216,-104.641026046802,-70.1545057570551,-46.248026233244,-57.1248660649268,-54.956332255987,-37.0528971407442
25-Jan-2025 16:27:22,184,56,0.117545470098654,0.409424628814061,0.0324596429864566,-0.0322735575338205,-0.0637185086806615,0.22099850376447,0.97265473206838,-34.9149138929058,-41.718099942584,-29.3825365740602,-44.6390597424918,-64.2356401452212,-41.8350246101321,-99.8166570906647,-123.456011302416,-69.8491678467635
25-Jan-2025 16:27:57,181,57,0.0671540598074595,0.415235813458761,0.0550412292281787,-0.0381321974098682,-0.0227690206219753,0.129517922798793,0.990581985314687,-80.4645447762167,-65.1557222650263,-40.8018983672442,-73.8354967750271,-38.3685545085718,-41.167682319792,-107.737550553014,-110.624101103812,-64.759918153759
25-Jan-2025 16:28:11,221,58,-0.0693121527632077,0.382480053106944,0.122830958167712,-0.216164747873942,0.0269679007430871,-0.133058822154999,0.966871468226115,-82.3093125245232,-95.6771169764402,-53.4712606650802,0.9981520199933,-13.1471981345741,-25.9656690749222,-10.0130769546846,-15.8325668593206,-14.7728159736421
25-Jan-2025 16:28:59,323,59,0.0165576227009296,0.416295053561529,0.117241338888804,-0.21370160082976,-0.0633117069800695,-0.0953716774781545,0.970168836911519,-119.494583588742,-111.094706953312,-63.029913105587,-58.8672525242586,-47.5647760039292,-39.0821404096819,-75.4164152670241,-100.808082169411,-60.7110084679253
25-Jan-2025 16:29:14,281,60,-0.0996392250061035,0.443889504671097,-0.00645051455746094,-0.0800805007417997,0.101513693730036,-0.0852223614851634,0.987936890125275,-125.685215817153,-120.036749743199,-69.5879128548301,-94.8226067668544,-145.952925376493,-90.3631934502633,-89.168878501295,-32.0562336639638,-28.4220625695016
25-Jan-2025 16:29:50,349,61,-0.00668394646296898,0.403433485825857,0.0798167869448662,-0.131594737370809,0.0338719720641772,0.139591967066129,0.980841290950775,-86.0901951233994,-93.5234652780696,-57.1104801533251,-52.6405161789891,-50.9540597756228,-39.9593826548934,-103.302847714492,-51.9447346758106,-37.8083113000681
25-Jan-2025 16:30:04,21,62,-0.0562649816274643,0.404254670937856,-0.0428629852831364,0.22486986319224,0.0465080507099628,-0.200718019406001,0.952356334527334,-59.4861467633648,-7.97380705148774,-11.7650511020433,-109.280237344273,-97.6761866360519,-60.7498461471171,-15.3424442611716,-19.2483677270605,-18.8895278877022
25-Jan-2025 16:30:44,88,63,0.109844694534938,0.442350314060847,0.0749790420134862,-0.216363858183225,-0.101308478911718,0.355778950452805,0.903517925739288,-94.2696202841737,-74.1426916517368,-45.2266425410432,-50.0696076490176,-65.0448181618299,-46.1945172858843,-160.106700796062,-126.018484724914,-76.7081298722961
25-Jan-2025 16:30:57,184,64,0.0765380561351776,0.408340485890706,0.105616889397303,-0.0827709873517354,-0.0159885638703903,0.103213542203108,0.991080101331075,-69.7171307231045,-87.9791266526604,-50.8839654871988,-38.9672902531989,-24.4616813842086,-24.6420543427674,-84.7232410149411,-113.733459522794,-69.30472271693
25-Jan-2025 16:31:41,384,65,-0.0214699218670527,0.417858093976974,0.0768125096956889,-0.234250087539355,-0.0263758885363738,-0.221500467260679,0.946239280700684,-140.577503476601,-81.476462228637,-50.2159921243159,-75.1249846057928,-64.2201626737786,-40.5212569551824,-68.1591559485736,-71.0636058467592,-47.7813519014371
25-Jan-2025 16:31:53,317,66,-0.078813681503137,0.416450023651123,0.00283025048362712,0.0755858227610588,0.0286191659669081,-0.273213022947311,0.958552106221517,-97.5868903144846,-84.5170357515937,-51.3744975663815,-109.477379205559,-101.195569434723,-58.647179016242,-32.3040782042302,-26.392273622545,-25.0839044699173
25-Jan-2025 16:32:16,181,67,0.0993217761317889,0.416771785418193,0.0235712422678868,0.133097006877263,0.0369208132227262,0.251804580291112,0.957870825131734,-26.7795957502615,-21.6132550600224,-17.0836573147922,-81.9910775355698,-67.5373251818103,-38.5749085432327,-116.87918323703,-110.824045915758,-62.0249392974183
25-Jan-2025 16:32:31,134,68,-0.049873012304306,0.375857182343801,-0.0165560162315766,-0.0239500033358733,0.0477044555048148,-0.111220428844293,0.992361203829447,-58.1816457687098,-2.64925944780513,-4.84741967645172,-45.6013622629073,-87.7619997445984,-45.9330059923948,-26.0904768422576,-1.49431279004463,-4.60583290232957
25-Jan-2025 16:33:20,24,69,-0.0499424209197362,0.38386380871137,0.00119404832366854,0.146781421701113,-0.0146061239143213,-0.098134612540404,0.984180637200673,-46.3855412906971,-66.7044328070081,-35.5067956967847,-80.1339960935369,-86.3622098847406,-46.8878011828228,-39.1670190939408,-31.2288006729012,-25.3244154778381
25-Jan-2025 16:33:35,297,70,-0.0328157109518846,0.435276635487874,0.130946575601896,-0.372595912218094,-0.0384671891729037,-0.221512681245804,0.900346978505452,-162.335042038437,-117.283036539792,-63.6856112643349,-58.5775561535758,-53.1372166668128,-33.1648182750172,-74.671809574883,-78.5752184518517,-51.8871380684717
25-Jan-2025 16:34:41,203,71,-0.0281546175479889,0.424643735090892,-0.0625165599087874,0.27149178981781,-0.0600689982374509,0.0388115843137105,0.959779981772105,-49.277261847032,-59.9798573468386,-38.8789507037797,-119.472882943092,-127.321391751541,-74.0757852431157,-89.45895949831,-52.2340058309762,-41.4837354406302
25-Jan-2025 16:34:55,80,72,0.139423243204753,0.42758621374766,0.0588584902385871,-0.0306549080957969,-0.00349822806504865,0.429380494356155,0.902595285574595,-33.468793764612,-42.4220889154756,-28.7384813039502,-35.7485733857758,-24.2509800847707,-21.1789942255827,-143.31317603617,-119.0806443162,-73.5454694990943
25-Jan-2025 16:35:35,171,73,0.0849512134989103,0.412216651439667,0.0428072805205981,0.0609512989719709,0.0232120828082164,0.0662903040647507,0.995666495958964,-64.2275395701974,-55.6828923734249,-34.078989722687,-83.8341273873936,-13.3001360843358,-38.8881541100335,-88.8554486035095,-117.444336936181,-71.011059822184
25-Jan-2025 16:35:49,68,74,0.0477712899446487,0.423867736260096,0.122904913624128,-0.242464426159859,-0.0524907097220421,0.032937511553367,0.968178784847259,-115.488034463809,-98.9458379706067,-54.563101730569,-5.44944462633673,-1.82652817724622,-32.0039893657798,-100.021119134153,-115.622568631569,-68.9528148791692
25-Jan-2025 16:36:34,301,75,-0.0106807459145784,0.379612608750661,0.0987812196214994,-0.151696918408076,0.0256684614966313,0.04715937251846,0.986967674891154,-65.1347496765287,-79.7213321619548,-41.5713060762208,-27.9778700448832,-35.0788080780206,-25.4253241635978,-63.6014178735646,-46.5970612055414,-32.8348370778015
25-Jan-2025 16:36:48,148,76,0.119959310193857,0.432627435525258,0.050083085646232,-0.0510731110970179,-0.0426111655930678,0.377389268080393,0.923662900924683,-61.1901678971825,-31.360300575061,-19.7506212802363,-60.9686015247998,-59.6102237524796,-40.0508629982898,-148.959252002171,-119.801911333658,-71.7970931393223
25-Jan-2025 16:37:52,377,77,0.0597153926889102,0.412010554472605,0.100843217968941,-0.194350294272105,-0.0744053368767103,-0.00205560536123812,0.978104094664256,-103.100437416881,-81.0702958204281,-49.3780298149193,-48.915355461424,-47.8101271791809,-35.7230944223662,-82.2993173897774,-117.731535836666,-65.92147563366
25-Jan-2025 16:38:07,7,78,-0.0485940173268318,0.454217261075973,-0.0725891207655271,0.190614826480548,-0.0287664921333392,-0.0301133872320255,0.980781169732412,-94.0444560010854,-36.411124431123,-30.2096573317599,-136.952006579363,-149.090192777408,-89.5243404329729,-108.592643163372,-55.113900133738,-37.7738709936891
25-Jan-2025 16:38:57,332,79,0.0317315896352132,0.40125479499499,0.000425270692600558,0.32443713148435,0.061329368998607,-0.0481841201583544,0.942686355113983,-35.4515905872517,-47.1479952763048,-26.2264037508738,-117.716704364956,-62.2626570036288,-38.8338179419697,-65.504586337719,-76.9381919393027,-51.0279075584119
25-Jan-2025 16:39:13,251,80,-0.106425617138545,0.459484742085139,0.167223946253459,-0.431200941403707,0.277525730927785,-0.161312132080396,0.843222137292226,-170.007284802029,-157.607943933906,-80.6278668723115,-42.8374146115602,-55.3958909921703,-34.5719237288777,-54.032824065979,-8.0695241033227,-15.7650624330591
25-Jan-2025 16:40:13,216,81,-0.102923667430878,0.447326572736104,0.0704276829957962,-0.0950957735379537,0.0666985477010409,-0.30852275689443,0.944098440806071,-146.685340116663,-144.676614948087,-76.8065466049051,-116.924973701244,-101.45449032404,-66.6830348199972,-61.9715785480484,-52.9476045407644,-36.870236709991
25-Jan-2025 16:40:29,261,82,0.149047817786535,0.474237664540609,0.0654956445097923,-0.097054268916448,-0.130570370952288,0.413747133811315,0.89573720296224,-78.9470897760046,-48.2901004034375,-29.8401479240566,-79.6958229046925,-51.2996290862262,-42.8324627925665,-187.163121000187,-157.748643155078,-90.4976146086244
25-Jan-2025 16:41:21,291,83,-0.0761500562230746,0.423849103848139,0.103050810098648,-0.159918984770775,-0.0186630823959907,-0.284972431262334,0.944917114575704,-134.438977904676,-117.453787438422,-68.713429984035,-85.5914547054844,-61.7920584255829,-42.5013496045717,-48.2071601772871,-52.5478949715943,-34.4995739757224
25-Jan-2025 16:41:35,38,84,-0.0951014180978139,0.399977433681488,0.0539961655934652,-0.0561945276955763,0.0487158221503099,-0.0692313720782598,0.994824492931366,-76.466376001383,-112.454707703063,-63.9895184014154,-55.074176854572,-94.9602452900739,-56.8610713218773,-29.4092469529207,-30.3041778221959,-21.1533436860834
25-Jan-2025 16:41:59,352,85,0.0658786296844482,0.391743425528208,0.0768241077661514,-0.179072123765945,-0.0484717113276323,0.118854994078477,0.975426630179087,-70.4996185415044,-57.1641622437043,-31.9691708035553,7.44965398943326,-6.66676976401491,-8.31737549058744,-83.0657551501234,-91.0887340300793,-45.2009943800216
25-Jan-2025 16:42:13,6,86,0.0196244511753321,0.406947817405065,0.0902174000938733,-0.0773739169041316,-0.00740619907155633,0.0115899076685309,0.996907309691111,-89.4481619570968,-97.515111344718,-53.0672551041506,-67.7324611331659,-15.8928672648995,-13.8530339911182,-82.7846945844036,-97.1281288556071,-49.143301542874
25-Jan-2025 16:43:03,118,87,-0.0562551262478034,0.449114292860031,0.141247779130936,-0.393562414248784,0.199524699648221,0.0271729646871487,0.896972779432933,-159.197679293357,-141.127860777269,-78.7153840543031,-47.7024131036159,-62.9344183819164,-55.4921221834638,-108.957564492811,-64.6202522318566,-35.2588411939641
25-Jan-2025 16:43:18,72,88,-0.0285331960767508,0.403596488634745,-0.0756835217277209,0.170534912745158,0.0569629468023777,-0.0621684727569421,0.98173729578654,-42.5495491577456,-40.2355937389152,-24.5870664043866,-85.4739047568455,-117.607572559712,-79.146515141622,-18.8280502241266,-56.2488376647057,-27.3909497796492
25-Jan-2025 16:43:42,371,89,-0.0717895756165186,0.384848447640737,0.131780492266019,-0.173173321286837,0.033869780600071,-0.116233212749163,0.977421963214874,-76.0090074866548,-107.414258010713,-56.1638141109495,-27.2786646516378,-17.5747716661938,-20.3058094655073,-19.2801241374431,-23.8041392074236,-11.3073779862167
25-Jan-2025 16:43:55,28,90,-0.039508489271005,0.411632498105367,0.136583760380745,-0.296382949749629,0.0528616013626258,-0.0752589498956998,0.950630605220795,-118.908956850361,-120.772845597311,-64.7656819818245,-25.3925873124213,-30.0916930194177,-28.4868442196953,-68.4351340837643,-60.3217182248481,-31.488741572505
25-Jan-2025 16:45:04,233,91,0.0465297388533751,0.408633834123611,0.0996684307853381,-0.225361050168673,-0.0722987100481987,-0.0369622126221657,0.970885749657949,-109.015439907235,-90.0247636657965,-48.2762009960428,-45.304162550711,-44.5378308592953,-38.3136127195994,-77.6451073954202,-104.270154986395,-58.9732008655259
25-Jan-2025 16:45:20,255,92,0.0154241451993585,0.458726998170217,-0.105406890809536,0.37985168894132,0.0526571082572142,-0.0585952751338482,0.921686538060506,-53.8450457669159,-24.5969103571545,-18.4176654286957,-159.285715661088,-146.131053244511,-91.9656149991811,-89.8348651519387,-112.616889324958,-66.0019591217813
25-Jan-2025 16:46:07,261,93,0.0743890141447385,0.429087648789088,0.0764167134960492,-0.242133551836014,-0.0733995531996091,0.120219345390797,0.959964168071747,-116.066825134025,-69.0944024199314,-40.8424293035959,-56.5629490673531,-69.2771891842148,-45.7867706125396,-122.461823351542,-114.578914718609,-71.7843301282545
25-Jan-2025 16:46:21,346,94,-0.0413144163787365,0.432443523406982,0.113172002633413,-0.0913620422283808,-0.0289617702364922,-0.148074640830358,0.984321129322052,-125.009784754502,-141.656715171397,-77.952929457176,-94.7898181985883,-77.5706269626883,-50.7628332796237,-78.5785345589154,-88.6852665578049,-59.6668498256999
25-Jan-2025 16:47:14,23,95,0.000665423200310518,0.4101700146993,0.0799600054820379,-0.295210657517115,0.0223100038866202,0.0856557920575142,0.951323310534159,-116.526149839352,-79.7925064729852,-43.2712872056756,-40.4360625653359,-56.7878824497733,-38.9579580208689,-104.706865408596,-59.9653631577541,-36.1825304564478
25-Jan-2025 16:47:29,327,96,0.0433155139287313,0.44750168522199,-0.0813810726006826,0.159416327873866,-0.0873538638154666,0.146778751413027,0.972322420279185,-34.9954857449762,-30.5384430464729,-18.2254456314845,-109.214365686907,-152.121972073305,-86.2061929716997,-119.843057973605,-117.832076297897,-64.6970771655841
25-Jan-2025 16:48:13,212,97,-0.0514609083533287,0.452225937445958,-0.105470845103264,0.463319027423859,-0.00531785761316617,-0.165273692210515,0.870627268155416,-50.596031519091,-18.2400371212641,-10.6102121745589,-162.924651718872,-141.779939272914,-76.6871635271823,-61.0139468358933,-60.6270585490419,-42.8536229133694
25-Jan-2025 16:48:24,278,98,-0.0380145656565825,0.440430470307668,-0.0682229941089948,0.424840597311656,-0.0129963006824255,-0.124609226981799,0.896556758880615,-58.9763182043743,-31.0316363544871,-18.2200821781172,-155.231933341471,-127.262842203733,-70.6426853795382,-73.9316705595861,-56.5050448536418,-42.0066864526163
25-Jan-2025 16:49:28,85,99,-0.0143355925877889,0.415666983524958,0.110941350460052,-0.330256098508835,0.0127528263255954,-0.0390026703476906,0.942998989423116,-129.940366616248,-99.7486709813918,-56.9930758357043,-43.0642260619708,-57.4094220905509,-40.8644603920814,-88.4309733275221,-65.2338499114581,-43.4981078839264
25-Jan-2025 16:49:43,218,100,0.0683394427100817,0.472934347391129,-0.0665590927004814,0.24821326037248,-0.052451158563296,0.196580031514168,0.947098406155904,-79.8866138396805,-27.9065174692002,-22.8620054324203,-149.383406900114,-145.34262464433,-86.6210680217828,-154.635568306526,-140.118782800129,-82.7305806810737
25-Jan-2025 16:50:54,282,1,-0.000427693776631107,0.327944678068161,0.0434697146217028,-0.0176920625070731,-0.000890184954429666,-0.0117103278016051,0.999774547417959,-8.925,-14.475,-6.00000000000001,-5.17500000000001,-14.025,-5.62500000000001,-6.30000000000001,-6.00000000000001,-8.47500000000001
25-Jan-2025 16:51:05,383,2,-0.00537396368260185,0.326843823989232,0.038896934936444,-0.0058267519188424,-0.000575718000375976,-0.0376115346948306,0.999275306860606,-6.72313288296822,-9.31836387418407,-2.90601832451048,-6.80285647594344,-14.1139291519282,-5.15380687231497,0.16953958590617,-1.84307478584796,-5.88086882749443
25-Jan-2025 16:51:40,178,3,-0.00829253122210503,0.337505980332692,0.0529392177859942,-0.0335329790910085,-0.00210558917994301,-0.0576785782972972,0.997769693533579,-24.3021449589883,-24.4536072212918,-17.7181924903876,-14.6281246871221,-18.3139331144101,-8.57335986864611,-9.01434205710134,-12.8396179785523,-12.2299441543818
25-Jan-2025 16:51:51,35,4,-0.00479409213488301,0.344016168514887,0.0297216610362132,0.0661047185460726,-0.00974145190169414,0.00298131620511413,0.997760689258575,-13.5954790430807,-13.6804662740785,-11.9600607274272,-31.2470780008719,-26.0722801926141,-12.0809735956275,-22.8411868354679,-4.96072637539993,-7.91893582523995
25-Jan-2025 16:52:27,23,5,0.02233038743337,0.344320827722549,0.0212827526032925,0.0827387536565463,-0.0104952883596222,0.0773114249110222,0.993512523174286,-3.56703688367362,-21.7157406311953,-1.63319437871729,-26.5962998567698,-29.0526588812759,-17.3016605944765,-31.6484931003559,-27.0693603790739,-18.5318733092389
25-Jan-2025 16:52:39,252,6,0.0205684675524632,0.347501583894094,0.0106823853527506,0.113108025987943,-0.00855960051218669,0.0635291482011477,0.991512676080068,-1.89403020544402,-20.5207358610313,-0.916191516618888,-34.1092227374284,-35.2139568527111,-20.2628118606794,-30.2397294018806,-31.7613404612677,-20.7583605619904
25-Jan-2025 16:53:18,319,7,0.00994383258124193,0.356675736109416,0.0477329753339291,-0.045498959471782,-0.0162111492206653,-0.0712094421188037,0.996291283766429,-44.6240740917348,-36.9806867682917,3.05471293902515,-31.738301290345,-25.3420109448384,-19.250964343646,-25.8944465664514,-37.4904856005041,-25.8736112411864
25-Jan-2025 16:53:31,277,8,0.0565712990860144,0.355989901224772,0.0632798284292221,-0.0245771362135808,-0.00126896372530609,0.174353538950284,0.984375460942586,-4.91613384539922,-46.6937511531949,-2.11810757359781,-12.4584889335751,-5.69997507948146,-9.74623504768888,-55.5231450689921,-54.8961707525201,-34.8927418720346
25-Jan-2025 16:54:15,139,9,-0.0312959504624208,0.364581847190857,0.0683680042624474,-0.111525601148605,0.0117798504109184,-0.0420648815731208,0.992801014582316,-56.2551430840078,-69.4845934118895,-27.7887179379749,-26.5154446428979,-38.7994137803949,-27.0711410144438,-37.1528517202351,-23.4031667581642,-19.4972125548985
25-Jan-2025 16:54:27,379,10,-0.0131433077156544,0.371332331498464,0.0243388383338849,-0.0671889886260033,0.00304350042715669,-0.000207511928844421,0.997735623518626,-57.6546042701143,-38.0016600110073,-12.0824464434637,-38.2749343361921,-54.1736663536916,-34.7934673416032,-52.4890812635739,-23.7550782941619,-19.7083594764971
25-Jan-2025 16:55:14,209,11,-0.0243232920765877,0.360435966650645,-0.0223699446767569,0.15480437874794,-0.0116484589874744,-0.0262153681367636,0.987528590361277,-16.18879756611,-30.9727074377145,-16.2789765542762,-53.9685760141097,-65.6738769244839,-41.8420790244582,-27.2702548167901,-19.2206110187504,-16.9150228612502
25-Jan-2025 16:55:27,382,12,0.0258445303887129,0.374778175354004,0.0320907269914945,0.211639567216237,0.0161744794497887,-0.022049326946338,0.976965061823527,-25.2563328929491,-49.3698407726609,-25.7875190917215,-78.8415391035215,0.139460678116023,-9.24538609313031,-44.9495951260015,-60.9919853789044,-38.1106859112993
25-Jan-2025 16:56:08,30,13,0.0328662907083829,0.367513277133306,0.0380160791178544,0.152398878335953,0.0185898207128048,-0.011400353970627,0.988078486919403,-24.0780802204078,-42.2113537551297,-24.4518058531895,-63.194512295664,-35.1929368754479,-22.4988651401459,-40.4092879139852,-61.3362453130545,-38.395291461108
25-Jan-2025 16:56:22,83,14,-0.0181907065212727,0.386291654904683,0.0641344636678696,-0.210655063390732,-0.00284595093689859,-0.150078558921814,0.965967293580373,-101.728505777984,-48.3982174296876,-30.0984161694898,-42.6234508349754,-50.2740953741245,-32.5926228685056,-45.4659859554496,-43.8160652919779,-32.188379929591
25-Jan-2025 16:57:04,311,15,0.0563987548152606,0.3690758228302,0.0621036214133104,-0.138179798920949,-0.0481438880165418,0.0155836762860417,0.989113612969716,-56.1991122192356,-33.8017962669126,-18.091728404707,-21.161125972314,-30.5019873726749,-21.8699666843855,-47.7535341740709,-69.0189799857684,-42.878332749341
25-Jan-2025 16:57:17,366,16,0.0308366023004055,0.364803155263265,0.0787790055076281,-0.0332316301763058,0.0273667783786853,0.213225824634234,0.976053988933563,-22.8809138669984,-57.95592125742,-30.1340575030888,-18.6204838969396,-6.14473976176149,-9.65660948205683,-73.5226909018984,-44.580421488068,-30.6243201036189
25-Jan-2025 16:58:00,314,17,0.0180496366073688,0.385030680894852,0.0425572606424491,0.00666320628176133,-0.00309052327647805,-0.00767903033023079,0.999943566322327,-65.014952945991,-46.6732810332013,-28.8921838757732,-64.2526876788095,-47.3608509969596,-31.6125490844494,-64.0085912631462,-62.8951846120547,-40.517134478531
25-Jan-2025 16:58:13,119,18,0.0535680922369162,0.383595075209936,0.0284736057122548,0.133184027671814,0.017983195806543,0.176208099722862,0.975135564804077,-24.0038611837549,-37.117454335684,-23.9661639049753,-62.0399601245236,-41.6298072801171,-28.5989206039889,-83.4093863868233,-67.394270650053,-42.6185708754909
25-Jan-2025 16:58:55,61,19,0.0832321703433991,0.401888962586721,0.0329812380174796,0.147680926322937,0.0489903902014097,0.138901959856351,0.978006426493327,-38.5881043415841,-50.9364724638359,-29.7493184124402,-81.3750267986214,-51.6193975106965,-35.4415799126673,-90.8562351316142,-101.355973488935,-61.3660609023831
25-Jan-2025 16:59:09,340,20,0.0530074315766493,0.378449660539627,0.0704991256197294,-0.100532613197962,-0.0204528093338013,0.0695946708321571,0.992286002635956,-54.7214015944473,-50.6428157900533,-28.2431888636271,10.7044862331809,-38.0263853914787,-27.2857726411366,-61.4352829748733,-75.5456732554471,-47.1016095737175
25-Jan-2025 16:59:59,314,21,0.0333647849659125,0.388147143522898,0.0463105065127214,-0.0440764605998993,-0.0166374416400989,-0.0521056426068147,0.997529725233714,-74.7721234516074,-47.5288948419085,-26.8714531160822,-61.6140628234493,-47.0013199625269,-33.0330740281888,-59.0793522808436,-78.5834237985391,-48.8272061538226
25-Jan-2025 17:00:13,109,22,-0.0493509863813718,0.376047903299332,0.0349530088404814,-0.00739573941876491,0.00823041709760825,-0.208392727375031,0.977982477347056,-67.9918070665435,-54.5754819646494,-30.4126656936674,-59.0457307559107,-52.5367852335373,-35.8187256799088,-9.02212618989356,-11.685157536744,-15.3959920391399
25-Jan-2025 17:00:53,92,23,-0.0589955742160479,0.400387877225876,0.102425707379977,-0.0636689071853956,-0.0201920002698898,-0.139490671952566,0.987968103090922,-91.0740249235161,-109.610442786434,-62.2560445222179,-69.3899107151016,-49.8288842141326,-34.9029782753646,-50.1877650644888,-41.2111222553536,-27.9331211071184
25-Jan-2025 17:01:06,129,24,-0.0733259454369545,0.380248659849167,0.0797596121827761,-0.137070888280869,0.0326834931969643,-0.10924685895443,0.983975621064504,-72.7650523298972,-88.4579964123839,-48.5529677676362,-19.560476169542,-60.0864006602524,-36.9048829308678,-17.6773298368638,-9.94258657978631,-9.17199970177798
25-Jan-2025 17:01:51,332,25,-0.0649301593502363,0.381427335739136,0.0909139022231102,-0.162518421808879,0.0318915215631326,-0.108308079838753,0.980224514007568,-80.2405104837691,-96.770089876792,-53.9716917480914,-32.4471614457322,-55.300447981929,-35.1057361837073,-35.4968430580126,-28.1157342635955,-20.5578749374415
25-Jan-2025 17:02:06,329,26,0.138097717364629,0.432920962572098,0.0671407779057821,-0.0479696231583754,0.00904823020100593,0.46338870326678,0.884809577465057,-42.7771233025438,-56.6833096104263,-35.2692204386261,-46.6063111904931,-33.1393834067914,-25.366122719856,-152.718719668024,-122.66439706048,-69.1731251596012
25-Jan-2025 17:02:49,229,27,-0.0483524007101854,0.385258084535599,-0.0174406114965677,0.12436624666055,-0.0167615627249082,-0.0205199133604765,0.991882602373759,-42.185113059028,-61.1278085720856,-36.8386666139848,-71.558587833541,-95.6760280014132,-58.9472178835709,-51.3986123921131,-33.7614075624856,-25.637139177887
25-Jan-2025 17:03:00,229,28,-0.0405187040567398,0.387610713640849,-0.026173613841335,0.147734074791272,-0.0149195461844405,-0.0283582801620165,0.988507914543152,-41.1017994318746,-55.9092543870516,-34.6382407140912,-77.3559842841585,-97.4486083296834,-60.2423592403293,-51.9217902904674,-39.6130924695273,-28.9718328240312
25-Jan-2025 17:03:39,115,29,-0.0238335303962231,0.361599463224411,0.0764217540621757,-0.227686232328415,0.0123330699900786,-0.131178971131643,0.964779249827067,-76.6719286456815,-43.8223268966351,-26.6962530021006,-15.3973895563673,-28.9432543991628,-18.6364463942242,-22.5598750295487,-22.3071410182364,-16.2419891679803
25-Jan-2025 17:03:53,280,30,0.043773273875316,0.385575113693873,0.0687708134452502,-0.19371518890063,-0.0137804169828693,0.248166665434837,0.949050994714101,-59.7648314964917,-53.1431068529962,-31.4097469887139,-4.84778897276464,-16.2800944087748,-12.357970407463,-100.569325942354,-58.6765453579562,-34.479795346273
25-Jan-2025 17:04:33,319,31,0.083521856367588,0.393964558839798,0.0289884588370721,0.114390611151854,0.0218653205782175,0.254180866479874,0.960119156042735,-14.1260793826758,-14.4083720187061,-10.1049908370704,-62.6081614007094,-42.1596267580524,-33.4204918905719,-100.617832899695,-85.3033549577583,-53.541639429864
25-Jan-2025 17:04:47,177,32,0.075090262790521,0.415393978357315,-0.025708432123065,-0.0119965987900893,-0.117158399522305,0.279472029209137,0.952903672059377,-6.11790782822512,3.32496603148711,0.0936009873004977,-55.3801475568489,-106.767115849676,-64.3923136371093,-121.492658943446,-104.376619774685,-61.7463490390529
25-Jan-2025 17:05:41,179,33,0.0907731552918752,0.388975020249685,0.0592564798891544,-0.0779774750272433,-0.0508057656387488,0.0860226665933927,0.991936719417572,-53.923228475526,-43.7317078921355,-20.7961653292652,-37.0000814959294,-39.3304367812453,-31.2654754791332,-70.2203758664246,-104.041497025021,-59.4081310280701
25-Jan-2025 17:05:56,187,34,-0.107410545150439,0.422820897897085,0.128542543450991,-0.0225763528297345,-0.0482285231351852,-0.128379234671593,0.990294436613719,-85.7830007894484,-152.816600057464,-76.5022892259194,-78.2303475719358,-59.9694175280099,-42.7486436665056,-50.4739155111776,-19.7273383724018,-18.4147295157506
25-Jan-2025 17:06:44,112,35,-0.0797385091582934,0.422358536720276,0.135661914944649,-0.186036616563797,-0.0547040884693464,-0.233896806836128,0.952727754910787,-122.847525960486,-129.197575106158,-64.0556744503276,-64.2337133015733,-42.7061375618637,-26.9574373942357,-47.0092326664181,-40.3578687615086,-29.8643494149119
25-Jan-2025 17:06:57,271,36,-0.0446671572824319,0.41634108821551,-0.0182128693908453,0.145593655109406,0.0217068328211705,-0.175767286618551,0.973363864421845,-83.9457462492675,-75.9041280409526,-38.7316114880025,-115.412628737897,-100.415742621142,-57.1349004941527,-61.4049674891956,-48.0891235828061,-35.0526373958382
25-Jan-2025 17:07:21,362,37,-0.0119387891764442,0.399392126003901,-0.0482299859325091,0.170795019467672,-0.0637635583678881,0.103546322882175,0.977773706118266,-17.5661106231589,-16.4897271102212,-8.06372223730302,-79.5307468905464,-109.175391653505,-57.8178042303713,-79.9185400984582,-44.394462955431,-23.0428467990905
25-Jan-2025 17:07:36,364,38,0.116847612460454,0.427531017859777,0.0695274755358696,-0.143407034873962,-0.11049391378959,0.187319332361221,0.965472412109375,-84.2983569347655,-44.6197321580297,-23.4435607006672,-49.5356913076077,-38.4555122246972,-23.7727004554272,-114.15306291374,-136.939750708909,-70.6303266152896
25-Jan-2025 17:08:34,299,39,-0.0486534977952639,0.401059238115946,0.0429035079975923,0.0253819140295188,-0.0103969762722651,-0.287005438407262,0.957536208629608,-99.5271387557677,-72.2684043491201,-40.5557631400526,-95.3837613746667,-63.0393070101105,-39.5218481946596,-32.6745232381415,-48.1764104427325,-30.1481370771776
25-Jan-2025 17:08:51,105,40,0.152432126800219,0.481461189190547,0.0999677017331123,-0.217444818218549,-0.313248860836029,0.39771458307902,0.834514955679576,-55.5589432138465,-33.1774289752495,-23.4993861280049,-29.5858233397347,-24.4409839046244,-22.7117973168042,-186.803851487345,-175.238465434282,-96.1682752478402
25-Jan-2025 17:09:27,276,41,-0.0632475525140762,0.426335046688716,0.0415186037619909,0.0678486764431,-0.0268138366440932,-0.0849291627605756,0.99371258020401,-100.639835245004,-113.262363702162,-67.7669471920835,-112.519660798095,-98.3446493625714,-61.6859157477427,-85.8011486733666,-52.8282781059906,-41.2190824098852
25-Jan-2025 17:09:41,53,42,-0.00159123341242472,0.385578878720601,0.00352533588496347,0.052098252872626,-0.00924464073032141,-0.0278042316436768,0.998212043444316,-57.3915412113449,-28.5599425332737,-25.2633790927696,-66.8095964472188,-73.0077041211555,-48.865085612165,-56.445863658282,-49.2652578628874,-39.2852147734639
25-Jan-2025 17:10:02,50,43,-0.0475849285721779,0.389461656411489,0.0481952471037706,0.0387423088153203,-0.0189182968189319,-0.289348705609639,0.956252308686574,-86.4671769471233,-61.3471450735007,-34.9920560177302,-85.0518446052569,-39.4652902842375,-25.7900503492245,-13.466823849171,-17.8576925740254,-14.6319113466643
25-Jan-2025 17:10:15,77,44,-0.050705847889185,0.412817611296972,0.0794774368405342,-0.139732412497203,-0.0317506698270639,-0.299009527762731,0.943429907162984,-129.495717100326,-84.8072797743312,-48.7410858515327,-82.4149359994641,-42.8758842052296,-29.5143097931078,-45.1403314462568,-41.4829431656986,-28.4634991258881
25-Jan-2025 17:11:09,59,45,-0.0027349750045687,0.396464590231578,0.0778200949231784,-0.0356738582253456,0.00536973274623354,0.0452472386260827,0.998324223359426,-74.4408614200597,-90.9270303258491,-52.5508908148794,-66.0037203248081,-54.7344450666283,-36.2240679117302,-82.649098352618,-62.6091044913226,-39.98421125768
25-Jan-2025 17:11:22,235,46,-0.0998042598366737,0.436905215183894,0.0332787722349167,0.0713406398892403,-0.0233627275874217,-0.164708484212557,0.983481482664744,-108.831256530082,-129.958599239817,-72.8538627217936,-119.764264793438,-114.126119649002,-66.707092652847,-73.7619708370775,-24.6031011050663,-21.768397014482
25-Jan-2025 17:12:26,30,47,-0.0510981890062491,0.449130705992381,-0.0766408031185468,0.366961864630381,-0.0821503594517708,-0.0302067252496878,0.926108992099762,-60.0537890387722,-75.1232523744366,-48.4077539007962,-152.274445942226,-144.721369484841,-85.2165561826283,-92.5153268787733,-53.9668703449563,-41.1756971368164
25-Jan-2025 17:12:42,329,48,-0.0342384373148282,0.419297528266907,0.147996825973193,-0.272957237561544,-0.0588140149911245,-0.171503718694051,0.944786338011424,-127.848718784282,-122.412687498316,-70.0542571799325,-4.37017196846758,-27.9095672152779,-24.8124407650433,-59.1433418042968,-70.8839720861855,-47.6360337246278
25-Jan-2025 17:13:19,290,49,0.0346191875636578,0.400036289294561,0.100769895811876,-0.160856648286184,-0.0294266447424889,0.0413827168444792,0.985670697689056,-86.8899874601648,-90.4071378549082,-51.6511144048236,-45.215452739565,-46.0407598614469,-34.7478061348064,-80.6776604799977,-86.1088129354423,-59.0125116411988
25-Jan-2025 17:13:33,371,50,0.12015056659778,0.439605222145716,0.0772316589951515,-0.053003466129303,0.00431534573435783,0.375283551216125,0.925383313496908,-66.0457098825193,-80.6312005582087,-46.0663214604252,-65.2103244657355,-39.0725169009601,-30.5668603585143,-154.796441227816,-127.905103295496,-79.2138325251767
25-Jan-2025 17:14:12,198,51,0.0386038966476917,0.392333630720774,0.0699316084384918,-0.221945644418399,-0.0305663148562113,0.169207326571147,0.959778487682343,-79.3386071670917,-53.634940943975,-29.5722540485548,-26.6425168527738,-45.5895964969413,-29.2020310517932,-99.1740628030129,-63.9372327589271,-45.2536723748129
25-Jan-2025 17:14:27,262,52,-0.0783560166756312,0.395569964249929,0.0777549967169762,-0.0983593006928762,0.00192749404037992,-0.184526672959328,0.977891417344411,-92.9697998529657,-101.673733191474,-51.4919080423385,-59.2387496161912,-65.0825129586065,-36.8487471526602,8.06537128623962,1.04253178546381,-10.6640479726519
25-Jan-2025 17:15:18,357,53,0.0656786595781644,0.384842745463053,0.0761880074938138,-0.0561280854046345,0.018756112207969,0.24752100110054,0.967073555787404,-40.0687825071124,-65.606324610246,-35.6798159383237,-31.3210120375798,-35.3704955549256,-25.9881348874395,-94.4649358863675,-77.447246206314,-51.3654055164767
25-Jan-2025 17:15:32,216,54,-0.0610668271780014,0.412489006916682,0.0244811580826839,-0.201898221174876,0.0764123439788818,-0.149980697035789,0.964833684762319,-123.082897678336,-78.1241337941478,-43.7479604189857,-64.2471473341411,-100.772224951245,-60.4982394743101,-63.2939729186292,-11.8623878006581,-20.3822162023599
25-Jan-2025 17:16:20,113,55,0.102291259666284,0.443003120024999,0.0800923933585485,-0.21897189617157,-0.080328930914402,0.373873434464137,0.897673253218333,-96.8565231899221,-81.0772292273615,-51.5435876983849,-51.2245508762626,-65.651799092488,-43.9189982327344,-165.851443628993,-120.318551009335,-79.009305550159
25-Jan-2025 17:16:35,391,56,-0.00116339429902534,0.398051806290944,0.0464992309610049,-0.246398633718491,-0.0136406824613611,-0.0906166354815165,0.964826575915019,-110.958739768633,-38.0273041896314,-29.8686521645662,-42.7829867462869,-69.8941425255046,-45.8901969342891,-66.1114209387677,-62.2314802495818,-49.8157971553289
25-Jan-2025 17:17:17,15,57,0.0985074788331985,0.391800918181737,0.0690632243951162,-0.0275203292568525,-0.00565358974660436,0.162814026077588,0.986256726582845,-42.207595273974,-54.3878959493165,-34.6849555668713,-40.5690655770311,-39.855990439285,-28.438074476147,-80.5942588867332,-106.34234054831,-66.4596989174899
25-Jan-2025 17:17:30,131,58,-0.0647261540095011,0.428990898529689,0.0348345346748829,-0.0461012122531732,0.020672823364536,0.0523692945639292,0.997348892688751,-105.307154341842,-114.212603469833,-67.7101485243105,-89.0697883849937,-113.565669464542,-68.4057531859566,-110.244853843135,-24.7267196002465,-28.764727640639
25-Jan-2025 17:18:24,390,59,0.0118348024164637,0.432435162862142,-0.0300506971776485,0.307271444797516,-0.0396844642857711,0.115606824556986,0.943739632765452,-56.1825649741952,-73.3988551864535,-45.2737119997275,-135.248409367777,-108.552247103028,-65.0099526535595,-116.586260699702,-85.005116449085,-50.9380957273326
25-Jan-2025 17:18:38,147,60,-0.0229187061389287,0.397093617916107,0.133121081193288,-0.06241638114055,0.00909335700174173,0.0126146997635563,0.997929068406423,-67.184185021792,-120.718175514046,-67.9601274237238,-50.1839665616817,-39.7110466793522,-29.6161077019214,-65.603089029637,-61.6583528216874,-38.2914691738336
25-Jan-2025 17:19:21,124,61,-0.0292699165642262,0.41006240049998,0.0896548161904017,-0.0489949683348338,0.00241603429118792,-0.014609861249725,0.998689266045888,-93.103941156171,-113.330500154942,-64.625047952253,-78.6911790922518,-58.8233923879838,-42.838775279945,-85.2125033739801,-60.6926072744689,-40.9742206308895
25-Jan-2025 17:19:35,49,62,0.0148140068476399,0.421790675322215,-0.0686352804303169,0.0926824520031611,-0.102450581391652,0.178706694642703,0.974154845873515,-48.4786307595242,-44.6909543512621,-29.4117720546847,-81.6263436619209,-135.226286006508,-80.1467190934786,-110.393135404951,-78.3857541948842,-48.9272910953686
25-Jan-2025 17:20:12,367,63,0.0171660964687665,0.430868176619212,-0.0278968262175719,-0.0005253387382254,-0.0314868370691935,0.0637293661634127,0.997470271587372,-96.6187487425281,-29.1561727834928,-46.2723033920595,-93.824546370335,-136.707296046151,-79.8690144923729,-112.403476808695,-100.405522606021,-62.2310304334878
25-Jan-2025 17:20:26,55,64,0.0490055526296298,0.434164998928706,0.0968298768003782,-0.0182636109491189,0.0379015058279037,0.0993414680163066,0.994163580735524,-95.7897538088357,-102.385502406391,-83.5391444334845,-93.6318582514067,-63.763178857188,-44.0491321278671,-120.216752677647,-126.980343724019,-76.1706172224629
25-Jan-2025 17:21:20,133,65,-0.0437701731920242,0.385755403836568,0.036199901252985,0.108102645476659,-0.0129533868283033,-0.205211711923281,0.972642918427785,-67.6710095047983,-58.7883208224501,-48.3596740496643,-87.0024296662422,-57.3327505887719,-35.5549725307159,-28.8418275632519,-39.9823878171889,-21.5862261828435
25-Jan-2025 17:21:36,359,66,0.110283032556375,0.450024078289668,0.037224435309569,0.118311651051044,0.0596269398927689,-0.0129194620996714,0.991100454330444,-92.3341337279283,-34.1022564988731,-38.6456537603058,-125.545842064162,-69.1828980400883,-44.109058128804,-103.850320225663,-159.559813298812,-84.003950796085
25-Jan-2025 17:22:01,200,67,-0.0731906359394391,0.418113499879837,0.139319445689519,-0.409512549638748,0.00123150002133722,-0.28790292541186,0.865684493382772,-149.173267832394,-99.6597532893664,-60.5001045751061,-22.2857856290871,-26.2337206157425,-17.1111389006381,-31.3271823365644,-31.5658307279072,-19.1928951830094
25-Jan-2025 17:22:15,247,68,-0.0561362110078335,0.391999260584513,0.101319730778535,-0.148135085900625,0.0379321833451589,-0.0438761805494626,0.987264947096507,-81.4981474563294,-99.7607377291345,-60.5387117275235,-43.2994123908962,-52.1611787278385,-30.0629828892195,-57.3542041486491,-31.4469800532411,-19.1215847782097
25-Jan-2025 17:22:58,234,69,-0.0766318907340368,0.407786899805069,0.0879034787416458,-0.14813357492288,0.0114729043096304,-0.216132569313049,0.964993035793304,-113.818727219082,-108.739932690434,-68.1714277598432,-68.9804928438266,-69.0534233284637,-43.2652072734287,-45.2231745414317,-41.9463155653821,-28.2944877123618
25-Jan-2025 17:23:12,280,70,-0.0103929077585538,0.422963978846868,0.0846901843945185,-0.111637512346109,0.00940620085845391,0.0250219230850538,0.99338941971461,-110.700510935025,-102.422371204261,-66.0712907960074,-83.8903166419763,-30.2559314800044,-24.9251051284498,-107.356916013588,-69.0122765601811,-42.886111989012
25-Jan-2025 17:24:05,12,71,-0.0513183747728666,0.413955050706863,0.0277543146163225,0.0746340245008469,0.00663184129322569,-0.320713708798091,0.944207882881165,-106.60276289102,-78.7353757635839,-45.0394617111455,-115.271468287768,-76.343394937594,-39.2119972588346,-38.6310869694751,-49.1835147103767,-35.2734580127919
25-Jan-2025 17:24:19,212,72,0.0388067888716857,0.411200467745463,0.00744120115414262,0.304955685138702,0.00851194492230813,0.220196029543877,0.926522068182627,-25.5705738845909,-30.445151964754,-21.9052096013708,-107.648965757399,-47.6531031352903,-25.8777111473229,-113.871164014027,-60.9406701442593,-42.1628955193734
25-Jan-2025 17:25:09,13,73,-0.0524415202438831,0.43330289721489,0.136196333169937,-0.333526047070821,0.157481288909912,0.0532789617776871,0.927966280778249,-137.611740542478,-126.313805387905,-76.487069018413,-42.7730154807691,-59.0255901713924,-43.1147332538976,-106.072508190844,-55.5094771603092,-32.0773608894681
25-Jan-2025 17:25:25,331,74,0.0581818538407485,0.392669922113419,0.00667091465244691,0.0445081226527691,-0.0341424728433291,0.236013509829839,0.970128786563873,-2.7996276318397,1.80095081452584,-10.3166836648993,-53.6568504158852,-66.6247802494796,-44.8013210406427,-95.6215360248632,-80.0593646555371,-42.2392973847837
25-Jan-2025 17:26:10,136,75,-0.0641543363531431,0.433752471208572,-0.0727339804172516,0.266792796055476,0.020077379917105,-0.148364960153898,0.952053761482239,-69.3788009581103,-63.8740343316304,-41.2343079110205,-130.307920095953,-139.054944386965,-81.5856577239566,-64.599018435236,-51.6683697964043,-36.2151962065617
25-Jan-2025 17:26:24,339,76,0.0350917937854926,0.383667224645615,-0.022786288211743,0.123723275462786,0.035917940735817,-0.0134849599252144,0.991574780146281,4.05105841590248,-8.65396969368319,-11.5870175189875,-66.620385122431,-85.7686683183016,-52.9052616165657,-42.9114834832827,-77.0361067740434,-46.8618066223219
25-Jan-2025 17:27:01,99,77,0.0472926100095113,0.419056606292725,0.117304366827011,-0.151994395256042,-0.0170891929417849,0.0616746788223584,0.986307203769684,-96.0633936241475,-110.704916130882,-61.4255083161383,-58.2082790157983,-29.4840986670225,-41.1705558402412,-95.9168088577758,-118.891185473969,-71.3104958399867
25-Jan-2025 17:27:15,233,78,0.082247830927372,0.416385980447133,0.0761659254630407,-0.203135367234548,-0.115600713590781,0.0294872576991717,0.971855433781942,-103.241109301581,-32.4522624141621,-21.5824613607095,-46.6060856230344,-22.316897696337,-36.87023525783,-90.2465728468415,-115.697977963002,-68.9971719874344
25-Jan-2025 17:27:50,376,79,-0.0534608354171117,0.429580497741699,0.00661073923110962,0.11035843193531,0.0305270132919153,-0.304262401660283,0.94568152030309,-117.036872083274,-84.9087373228305,-50.1834756844682,-134.056707889521,-89.3938433411871,-65.4537656850616,-57.3633661099052,-33.1231669577332,-40.1616094988
25-Jan-2025 17:28:04,20,80,-0.0446614824235439,0.365454264481862,0.0224488725264867,0.0264777190983295,0.00746767769257228,-0.0680500308672587,0.997302560011546,-40.9872499823231,-57.4147308582369,-33.153439669709,-44.7070991666005,-59.717064084931,-47.3323432744711,-27.9615447445402,-0.292839133109428,-20.4634128040257
25-Jan-2025 17:28:47,22,81,0.0163232778509458,0.390611894925435,0.0969478403528531,-0.167201964060466,0.0415717268983523,0.169245794415474,0.970397444566091,-71.7130896168441,-86.8530626923153,-46.1367943887836,-29.7075484716316,-43.8161624172533,-10.7697216103587,-93.3397935231435,-53.9486685295532,-40.9950493765708
25-Jan-2025 17:29:02,9,82,0.00390342574877044,0.436578736702601,-0.0729867706696192,0.337998394171397,0.0974781150619189,-0.0808162276943525,0.932589403788249,-30.6781676795651,-9.36665153691923,-8.08516396848348,-139.681025189197,-136.438185217358,-57.7723081678091,-75.7928151059329,-93.772938382158,-61.5987594602711
25-Jan-2025 17:29:43,273,83,-0.0631578018267949,0.41792912085851,0.0566664360463619,0.114146787424882,-0.0487274693946044,-0.183348913987478,0.975181710720062,-95.4149384154964,-109.624724726108,-63.3592245754363,-115.730233354242,-86.4482526045478,-43.6841860576078,-62.0149426362127,-28.3483536138689,-38.8762576246287
25-Jan-2025 17:29:55,240,84,-0.0715862686435382,0.427385761340459,0.0309943153212468,-0.0215528275817633,0.0304324101656675,-0.421163368225098,0.906217396259308,-135.895326333215,-76.634389093076,-45.8074309505173,-118.177969045816,-93.6022322392944,-46.2045500665782,-25.8784525044951,-11.6602767825145,-29.4755934005485
25-Jan-2025 17:31:05,46,85,0.0897315889596939,0.387828544775645,0.0625954568386078,-0.107253783444564,-0.0599848471581936,0.0880191008249919,0.988509543736776,-59.1425499298643,-43.1059111635709,-21.2401644569366,-32.8620768522053,-38.5131047002402,-26.3378688601453,-71.2367444242581,-94.3004859955733,-61.8900537463218
25-Jan-2025 17:31:21,319,86,-0.10002462019523,0.448257271448771,-0.0533686379591624,0.343713599443436,-0.0541775075097879,-0.213832013805707,0.912798790136973,-72.461339802889,-99.6829407304839,-50.8585044425696,-154.697956272691,-141.43488141184,-79.1285824181217,-12.514753514371,-2.24922285191679,-17.1942473766699
25-Jan-2025 17:32:19,248,87,0.105351643760999,0.450918632745743,0.0197050398836533,0.354418035348256,0.177444842457771,0.239223617315292,0.886382106939952,-37.8264368586594,-67.5035079542201,-37.9865014033229,-136.606858806745,-76.1139329960284,-48.2762766050632,-152.636422160495,-118.567902106918,-80.0824919870924
25-Jan-2025 17:32:32,29,88,0.10365488131841,0.430041195948919,0.012025253350536,0.0982013285160065,0.0331892977158229,0.277240892251333,0.955192383130391,-30.2820714919007,-60.1923993411814,-33.5998362354997,-86.4205183802996,-91.2505510731422,-55.1134747823163,-130.982169971054,-124.274915849734,-82.2048879971963
25-Jan-2025 17:33:03,28,89,-0.068358235557874,0.434962952136993,0.161376600464185,-0.307669222354889,0.0733729143937429,-0.111561543742816,0.942077553272247,-135.437951544609,-146.322012719999,-76.3721102034352,-51.040928089495,-32.8839253725199,-23.5078567335122,-75.7164509349443,-55.8764469207287,-42.6187166282381
25-Jan-2025 17:33:18,55,90,-0.102119502425194,0.454060425360997,0.0340340167284012,0.088670551776886,-0.0160885695368052,-0.139798139532407,0.986070597171783,-114.942642454371,-152.505721473075,-79.4762265116544,-137.491950508674,-121.297470447693,-67.7268912027802,-93.969697262061,-24.515766831751,-26.9506385154304
25-Jan-2025 17:34:20,316,91,0.0843434234460195,0.405147508780162,0.0340833770732085,0.13801085849603,0.0325071575740973,0.203002763787905,0.968858198324839,-36.8261361202436,-57.9085379294573,-29.1256529289589,-80.5099519421328,-52.7369375963349,-35.0672567277046,-103.894954962567,-97.5389566150139,-63.3380495046845
25-Jan-2025 17:34:34,37,92,-0.0851995940009753,0.440213902791341,0.037379002571106,0.0737752025326093,-0.00645438426484664,-0.0344693824648857,0.996658150355021,-104.132568260835,-130.666958477156,-67.4644965458569,-119.347465797607,-119.177560256143,-70.2472014006575,-102.673861429695,-27.726153320366,-30.3912812004095
25-Jan-2025 17:35:12,96,93,-0.0493971844514211,0.427814505497615,0.139184504747391,-0.165896973013878,0.0849433824419975,0.0260866199930509,0.982131532828013,-108.043663679163,-144.389478611329,-78.1503064237936,-61.7494390701916,-59.5281412106066,-44.8958485694843,-96.7041509783919,-59.4229313003319,-41.5906189554966
25-Jan-2025 17:35:25,98,94,-0.0606783015032609,0.408799916505814,0.135872998833656,-0.280362524588903,0.027658552924792,-0.165449823935827,0.945123199621836,-118.264027322076,-111.389639374253,-59.7873391172633,-5.18827479320841,-22.2935489868922,-24.415504769635,-44.4542557906381,-43.8666880696055,-31.9494496521413
25-Jan-2025 17:36:09,42,95,-0.13041929602623,0.474316201607386,-0.00726067088544369,-0.0863230665524801,0.242664672931035,-0.316651757558187,0.912904079755147,-160.507908160412,-128.953757865253,-75.5770533702797,-133.867602176086,-165.24224682255,-89.121912135353,-66.0526678139257,-26.7306279993487,-42.3147741016565
25-Jan-2025 17:36:26,344,96,0.0711996401349703,0.412618380784988,0.0910818507273992,-0.115811924139659,0.0179875937600931,0.332527410984039,0.935782829920451,-64.0803488543415,-82.5079091142434,-49.1636277372874,1.00367403923616,-16.3059977784058,-11.4632863557934,-132.697279872301,-83.980582122762,-67.7492499058755
25-Jan-2025 17:37:14,280,97,-0.0720488051573435,0.432435637712479,-0.00974283112833897,0.291760877768199,-0.0131289421270291,-0.296361384789149,0.909325675169627,-93.4210797719344,-92.0874838083768,-56.4871942222107,-151.226744260328,-108.240681635596,-63.9891091424313,-48.750949595379,-51.5738906989111,-35.7425330703701
25-Jan-2025 17:37:27,294,98,-0.0674373269081116,0.421191155910492,0.0855055044094721,-0.0721104433139165,-0.00560948935647806,-0.154174094398816,0.985392832756043,-114.939986447157,-120.882701200949,-70.9655293312381,-89.337319452032,-82.2819865720649,-51.0904880234073,-71.2065404212517,-52.3811548263267,-36.2268915468195
25-Jan-2025 17:37:49,261,99,0.0429548052450021,0.416973384221395,0.104671952625116,-0.272295337915421,-0.0656140903631846,0.0119246562942863,0.959899803002675,-117.697648399292,-89.2501748786068,-49.5263945466893,-20.7881368583036,-15.7655205190264,-13.7717342336032,-95.4223870831393,-102.127405285467,-55.8335700222934
25-Jan-2025 17:38:04,207,100,0.0122387723997235,0.380958171685537,0.0748804827531179,-0.271417258183161,-0.0102004569023848,0.132386773824692,0.953258645534515,-77.0791274452716,-44.2573541603195,-25.9582719072813,-6.34852285150153,-14.7734427574713,-12.2039830725614,-79.4680697678374,-15.9905577378406,-11.6934339682161
25-Jan-2025 17:39:12,131,1,4.34121438350606e-05,0.327965027093887,0.042474232117335,-0.015648521669209,-0.00344477826729417,-0.00818997547030449,0.999838121732076,-8.85,-14.6999999999999,-5.85000000000001,-5.25000000000001,-13.65,-5.77500000000001,-7.20000000000001,-4.95000000000001,-8.17500000000001
25-Jan-2025 17:39:23,265,2,-0.00619730958715081,0.33142605026563,0.0407983380059401,8.3423756253372e-05,-0.00252862457806865,-0.0410463658471902,0.999154074986776,-13.6307378682086,-15.4193201908584,-5.98650272607618,-11.6366706569394,-13.2877144971402,-5.37070342457652,-4.07575522513416,-2.71839658938154,-6.83603795362893
25-Jan-2025 17:39:56,48,3,0.0204877408842246,0.333623373508453,0.0474380612373352,-0.0123106215149164,-0.0039462575999399,0.0504712045192719,0.998641884326935,-8.49023977136685,-9.0276330936085,-8.6091265392905,-7.19850685338556,-13.5031505728545,-6.15939034371276,-20.1023029679101,-18.364327889922,-17.1399696921489
25-Jan-2025 17:40:08,60,4,-0.00545082765941819,0.336568363507589,0.0623078174889088,-0.1260485937198,-0.00383119306837519,-0.00324606395636996,0.992011388142904,-29.6110628940237,-18.0232957072401,-12.7849652433228,2.82343245658065,-10.2832625310137,-4.22745751860829,-15.9884383134965,-0.513576035910257,-7.89259797838588
25-Jan-2025 17:40:38,8,5,0.0112251196056604,0.338577489058177,0.018847777073582,0.144795934359233,0.00425304602831602,-0.00688650133088231,0.989428480466207,0.58174070523831,5.54835462838941,1.39401277703363,-36.0277154138609,-20.1763758254065,-11.7871166313022,-14.8108843252376,-17.3865227974922,-16.354664049072
25-Jan-2025 17:40:50,386,6,-0.0243156917393208,0.347084510326385,0.0509271120031675,-0.067351987461249,0.0139042838166157,-0.0350990069409211,0.997014776865641,-35.2685728468806,-35.4615521041707,-19.5129765127649,-16.4077415481631,-31.3311745888728,-17.7665466185147,-21.7778253439162,0.628069685923996,-7.74940818844557
25-Jan-2025 17:41:39,389,7,-0.0174695931375027,0.352817549308141,0.0204715220878522,0.139317505558332,0.00116114860866219,-0.141720763842265,0.980053349335988,-25.5964942518063,-29.9752146281637,-3.72863807968255,-56.7912968265445,-27.5104849239791,-17.0556659543874,-8.35306355955851,-14.6902802182534,-13.0642810161834
25-Jan-2025 17:41:52,50,8,0.00385223779206475,0.359251884619395,0.0620888315141201,-0.216847607493401,-0.0220223359763622,-0.0907158702611923,0.971731817722321,-69.3732958171892,-21.4929691209776,0.0717185274133492,-10.1323769005404,-32.6182203726984,-20.0502976093945,-27.2835270046898,-36.1109087786971,-24.2153633002204
25-Jan-2025 17:42:44,187,9,-0.0207830412934224,0.363265631596247,0.0692355513572693,-0.0303260623166958,0.00425918806965152,0.00271999803371727,0.999527319272359,-42.7455537372436,-66.4578148780582,-28.5859755280599,-35.1155080401457,-29.9958384618395,-21.1971905771033,-41.647616791387,-22.9563071094232,-18.2867709361476
25-Jan-2025 17:42:57,263,10,0.0189519872268041,0.366224207480749,-0.00651669983441631,0.0325136728584766,-0.0384564079344273,0.152194384733836,0.987066725889842,-21.769265417438,-16.467665755833,-4.67203356883801,-33.9319297971916,-65.4144496009142,-39.9876307181755,-64.4304953894663,-39.0604462130944,-27.4199714389246
25-Jan-2025 17:43:41,117,11,0.0301752410829067,0.357924848794937,0.0547938458621502,-0.12968189616998,-0.0290336117148399,0.110423590242863,0.984960031509399,-39.0505694395041,-35.9541347544061,3.24689414735648,-9.94466796204206,-26.9296728605508,-19.7119863825131,-55.0131982552069,-37.567065014446,-26.3478373741196
25-Jan-2025 17:43:54,302,12,-0.0410891927778721,0.377233962217967,0.0863819236556689,-0.102002260585626,-0.0142625369752447,-0.117891488472621,0.987670878569285,-69.4324183932329,-95.1745071855432,-27.6320489148987,-40.2734504837746,-42.8345089850361,-28.9331612914423,-26.0488410437143,-37.1332740405638,-27.3996987338651
25-Jan-2025 17:44:36,224,13,0.068610488375028,0.384270997842153,0.0476654926935832,0.102740200857321,0.0219747522224983,0.0535101316869259,0.993024798234304,-34.9066250780779,-59.7480980752735,-25.1577396563479,-63.7618732829117,-2.46833345508533,-31.6659219480512,-62.1891347669413,-91.7145083874931,-55.4600705789137
25-Jan-2025 17:44:49,172,14,0.028705961878101,0.390340872605642,0.087545928855737,-0.171765569845835,0.00834918115288019,0.187551906704903,0.967083466053009,-66.3890537645969,-77.8512782980397,-34.4544196949546,-4.62452885140306,-4.91923272732078,-33.1364615113924,-95.3918013746827,-61.7769535195319,-40.7363830721567
25-Jan-2025 17:45:32,107,15,-0.0218724012374878,0.380836725234985,0.0916511048873266,-0.180406673749288,0.0339675302306811,0.0618275138239066,0.981059137980143,-73.1777651983257,-81.4522744303953,-40.8966134015705,-26.227523083589,-39.7205641317012,-28.8297994165206,-69.7361532732365,-36.9462109419678,-25.5031371113127
25-Jan-2025 17:45:44,302,16,-0.0708407565951347,0.384604239463806,0.0593909353017807,-0.189404125014941,0.0549334359665712,-0.159927215178808,0.96722872654597,-93.1105219583883,-82.1543784929946,-41.7791454373481,-37.6971150340181,-67.1159667199796,-43.0589807151379,-28.3026474659924,-24.2131633230691,-19.6680933063414
25-Jan-2025 17:46:26,360,17,-0.04795746554931,0.376224901278814,-0.0156589227418105,0.0601926806072394,0.020223248625795,-0.0933571075399717,0.993605736891429,-48.2410975973849,-53.2923288883402,-29.950023342702,-57.5817056914865,-85.2828009778776,-54.6572888330179,-32.1109465256849,-25.5853153998794,-20.5012868961776
25-Jan-2025 17:46:40,292,18,-0.0476667342086633,0.386201496918996,0.0863521407047907,-0.0282004768649737,-0.00397966681048274,-0.0754202524820964,0.996745057900747,-69.1896092124884,-91.9995720599246,-48.4264788296981,-58.2097805845625,-15.1997584802575,-18.7386014854118,-49.4697355730811,-16.813654411919,-15.2382903034013
25-Jan-2025 17:47:30,163,19,0.0623108940819899,0.374029833078384,0.022614599391818,0.00811223580191533,-0.0124161168312033,0.137431968251864,0.990400203069051,-32.4940831947722,-36.9167972257984,-20.9794923979786,-37.6907010313495,-55.6243461051866,-34.9142904238453,-67.1953891495417,-74.963133849302,-48.2800384293117
25-Jan-2025 17:47:43,376,20,0.0231805668522914,0.397413663069407,-0.0410982526838779,0.100650807221731,-0.0437100020547708,0.137611977259318,0.984388871987661,1.61872265126773,-35.0743105338584,-19.8740003828146,-67.0947563816402,-105.505301372267,-59.6705193881913,-83.4825461658118,-66.2756036995197,-43.7520246852266
25-Jan-2025 17:48:23,103,21,0.0328514118989309,0.362842625379562,0.0276063103228807,0.027775693933169,8.15972028552399e-05,0.0214854200681051,0.99938329855601,-32.5205367036991,-32.8229923709658,-16.828502453829,-39.3667729406509,-45.9107117296188,-29.6753827896407,-42.2726630242333,-58.0528611406785,-38.6071182692043
25-Jan-2025 17:48:36,214,22,0.0407869555056095,0.401374963919322,0.041846010585626,-0.0770459815859795,-0.0254380520433187,0.0694324791431427,0.994281661510467,-81.1079705644649,-56.970289754832,-31.0233785249386,-60.7052566003162,-68.5663823063123,-43.1244454571639,-91.0876057967611,-84.2405060052171,-53.82216808065
25-Jan-2025 17:49:22,382,23,-0.01811047034959,0.400263595581055,0.0263489933063587,0.146923530101776,-0.00208222018554807,-0.135423491398493,0.979831437269847,-73.7869499555138,-61.2306623355619,-36.9688866979113,-103.987869494955,-64.0085841317791,-38.2843667876609,-57.4173042962962,-52.7213904808939,-37.5210840565648
25-Jan-2025 17:49:35,108,24,-0.0499311208724976,0.393097974856695,0.00796947125345468,0.0367705824474494,0.0346380447347959,-0.26360789736112,0.963306287924449,-85.3493973836636,-34.0093010457418,-20.5965231231538,-84.4603212535814,-76.9302383779097,-41.9835109808788,-11.9664406870123,-16.0548243938596,-16.4261180832002
25-Jan-2025 17:50:23,101,25,0.0496484292050203,0.424490799506505,-0.0397074167927106,0.110899453361829,0.00299815577454865,0.0557788749535878,0.992260607083639,-69.1638848401533,-50.5858791209871,-35.3952042304042,-96.6325588467074,-128.54379421665,-71.7499302374554,-95.3033689836637,-110.238688276277,-70.1375180217712
25-Jan-2025 17:50:38,372,26,-0.0258516454448303,0.412294818957647,0.12096227457126,-0.331711101531982,0.0319936687747637,-0.0121729456509153,0.942759708563487,-122.730713923598,-99.0077685729559,-60.2222436991922,-16.4675582734805,-32.1951971763701,-24.1917264601187,-82.5588981692148,-54.3746304071215,-42.821583829997
25-Jan-2025 17:51:25,28,27,-0.0353570049007734,0.415669602155685,0.0257131492098173,0.180427791674932,-0.047602233539025,0.0471589237451553,0.981303175290426,-66.4516242126859,-97.0869593184551,-57.8339943733525,-113.123030846181,-85.7305061659412,-54.0686608901038,-96.7255765605997,-52.8002133995624,-37.811068591495
25-Jan-2025 17:51:39,120,28,-0.0181698800375064,0.399663180112839,0.144030751784643,-0.109721300999324,-0.0223497824122508,-0.0457954282561938,0.992654716968536,-79.2546020540087,-122.838341806621,-68.4440053266074,-36.3851683696942,-14.0177449418011,-15.9465999872058,-37.5583073917482,-73.4138773841457,-45.8522202929587
25-Jan-2025 17:52:17,237,29,0.00942194027205308,0.391214273373286,-0.0104998447621862,0.213526507218679,0.00891741849482059,-0.016044611359636,0.976764829953512,-40.3735576202551,-51.2650381055672,-31.5999420527933,-93.120725412342,-76.5757483356027,-48.5492525777138,-60.3041588201748,-64.7463135566432,-43.0007959378537
25-Jan-2025 17:52:30,82,30,0.0449469777444998,0.373651480674744,0.054505493491888,-0.0392574752370516,-0.0220508936792612,-0.0783625473578771,0.995907592773438,-57.9874658986354,-26.8301908476067,-16.939033698017,-44.9067828899004,-28.8659891862521,-22.2508882772425,-36.2575316097681,-71.2000813654997,-43.7841951164859
25-Jan-2025 17:53:13,255,31,-0.0512759894132614,0.406885443131129,0.126577045520147,-0.213996425271034,0.0534358367323875,-0.0235081100215515,0.975088481108348,-102.075557821939,-118.163015348304,-67.8396201528165,-43.9474294878624,-50.1100315186256,-35.9601148063275,-73.0136816337347,-45.0942456305144,-32.8478359444111
25-Jan-2025 17:53:26,320,32,-0.0182155100007852,0.381568199396133,0.042500976473093,-0.132352366050084,0.0182966344058514,0.0294197673598925,0.990597108999888,-71.1241109151872,-60.4660547483613,-38.5353253281057,-36.5506308095893,-61.872153682462,-41.385361363506,-63.5520037256503,-29.7966346647493,-24.7432159367889
25-Jan-2025 17:54:15,201,33,0.00259207454510033,0.377349589268366,0.0755675966540972,-0.245433463652929,0.0184175701191028,0.0785463546713193,0.966050581137339,-77.7732010610971,-55.3982076840766,-30.4205527726506,-14.9855505987556,-41.3153806854258,-7.91514142089867,-72.02644935164,-37.0921989263248,-24.1388412897473
25-Jan-2025 17:54:30,261,34,0.137076928218206,0.420885062217712,0.0708914945522944,-0.0677402421832085,-0.0575779641668002,0.187401187419891,0.978251914183299,-59.1642205816872,-56.8029570920104,-31.377778119303,-42.6978445330061,-43.8638871122803,-9.44424527701139,-98.3346914947693,-142.994411253574,-77.3447980960575
25-Jan-2025 17:55:01,319,35,0.118169398605824,0.413953940073649,0.0375846775869528,0.111240889132023,0.046825377146403,0.179745073119799,0.976281023025513,-26.933803224553,-13.9482440797082,-9.28952914535751,-76.7963960249114,-43.0474778406305,-16.9696559630041,-99.089102270986,-125.800350688519,-71.8637214684771
25-Jan-2025 17:55:15,94,36,-0.0564913660287857,0.408761854966482,0.123749575018883,-0.370874810218811,0.0556475942333539,-0.126931379238764,0.918282973766327,-129.034482940654,-100.183708798432,-51.2024299087272,-29.1260555404942,-40.1734858381128,-14.3278283657527,-58.2888411918298,-23.2556682993549,-19.3865486779027
25-Jan-2025 17:56:06,241,37,0.0138577961673339,0.422545784711838,0.108212581276894,-0.342050625880559,-0.00275167847673098,0.0406670821209749,0.938797112305959,-130.674287592607,-102.799975472567,-58.0501536713889,-42.9613256153914,-56.2645151468586,-42.4851873405257,-107.8114107021,-84.5729159714082,-55.7481860008945
25-Jan-2025 17:56:21,45,38,-0.0137701253096263,0.418024696906408,-0.0616607025265694,0.362007278203964,0.00621673259884119,-0.0686900486548742,0.929620023568471,-40.5384154916436,-15.0974322357129,-12.3135969449161,-130.811049291259,-105.296025947444,-65.1156576327729,-66.4550382975482,-62.1091360600376,-42.6310109371636
25-Jan-2025 17:57:02,207,39,0.0381782653431098,0.419887870550156,-0.00612296586235364,0.0846582820018133,0.0180141800393661,-0.0312508245309194,0.995756963888804,-83.1414763584054,-19.8110747298457,-40.2488610625779,-104.228263396454,-107.183872924257,-65.2116509391778,-86.3311584410913,-106.93666895023,-68.5049317835405
25-Jan-2025 17:57:15,336,40,0.0623002402484417,0.433812961975733,0.0193250179290771,0.311326346794764,0.0856044113636017,0.196280879775683,0.925862638155619,-40.9653229136941,-49.3782120648682,-56.491277735032,-128.230302815682,-65.7450303977804,-45.9510776808822,-132.770675591333,-105.526904101833,-69.2588973642849
25-Jan-2025 17:58:00,369,41,-0.0178697985907396,0.400325125455856,0.0811988736192385,-0.0540435130397479,0.0381435240308444,0.123607032994429,0.990124082565308,-74.8350767882779,-84.5233686238415,-62.8168806844312,-60.0056387817878,-56.4510246449548,-36.2314129480836,-97.7680673566363,-54.4716050971154,-29.9376282971815
25-Jan-2025 17:58:12,200,42,-0.0310936249792576,0.417854499816895,-0.00115603392478079,-0.0358540013432503,0.0200450965513786,-0.0678885862231255,0.996846950054169,-105.343094098076,-42.5348236646155,-42.2875973988518,-91.8025628126721,-106.193555640394,-61.5676676398368,-83.6728667760641,-63.2968730052302,-34.8152514452724
25-Jan-2025 17:58:58,112,43,-0.024023433153828,0.38989639878273,0.0960796669125557,-0.124632807075977,-0.0119035506621003,-0.138283642133077,0.982447286446889,-92.2905942004759,-85.7396494072657,-58.8153966948863,-54.4427874349262,-47.0804798175988,-31.5986728899993,-44.8375545224642,-61.9241039174713,-35.2434312087738
25-Jan-2025 17:59:11,262,44,-0.0757552653551102,0.415208798646927,0.120021613438924,-0.312491685152054,-0.0114800566807389,-0.33456213871638,0.88897952636083,-144.245900481397,-97.407397447799,-62.9545809160979,-54.2866465016383,-33.9673090849742,-23.347397724632,-9.35925914268005,-29.3070216695693,-17.2402002857678
25-Jan-2025 17:59:35,367,45,0.0910929977893829,0.419981706142426,-0.00261850844447811,0.122061523795128,0.00957994591444731,0.172169147928556,0.977428738276164,-24.2735384226801,-16.3051545279523,-16.6883697448551,-87.7163353171268,-92.4445307015699,-51.0394971900358,-106.874205478121,-120.983839939513,-63.4956086507558
25-Jan-2025 17:59:49,204,46,-0.0745450799663862,0.410750812292099,0.0451619192957878,-0.00343065263393025,0.00433660379300515,-0.203050914406776,0.979152568181356,-102.084341823229,-94.4690539659265,-55.464939083049,-92.6551177063654,-93.6228835519408,-51.3232932344281,-50.6490036285345,-21.2998615069101,-13.3482390536612
25-Jan-2025 18:00:29,390,47,-0.0213838815689087,0.419199419021606,-0.0642214993635813,0.271441821257273,0.0326646362741788,-0.10691466430823,0.955940214792887,-57.4643701337536,-6.53209185009379,-39.9818936240982,-120.948967598485,-125.404653928785,-72.0589032060283,-60.1597484482355,-72.4679949060007,-41.7962858228398
25-Jan-2025 18:00:43,79,48,-0.0412019029259682,0.41167849500974,0.0376645433406035,0.189359765251478,-0.0146678595493237,-0.188793440659841,0.963475374380747,-84.0716189255706,-41.0590901904193,-57.8629854175897,-117.540403452907,-51.9827049611431,-35.9655213455362,-53.6612567591161,-34.0810640062509,-23.2204129962938
25-Jan-2025 18:01:38,45,49,-0.0122313339884082,0.39260750412941,0.0510327828427156,0.110845325887203,-0.0087817353506883,0.00705646527931094,0.993773845831553,-57.2743358570553,-61.7177742794413,-55.4953516441486,-84.6616684069471,-60.9164895575915,-29.5650824179146,-72.3867675419561,-49.575968731714,-25.9726617764068
25-Jan-2025 18:01:53,119,50,-0.00488500501960516,0.450332842270533,-0.0829647993048032,0.379915302991867,-0.0528704427182674,0.0450232294698556,0.922410881519318,-21.6532406535012,-3.99063673110586,-26.2157012956844,-148.306325682053,-147.747080061883,-72.5642960957639,-105.183083711723,-89.7426836638218,-45.6399376681643
25-Jan-2025 18:02:31,159,51,-0.0369163488348325,0.410928412278493,-0.0698707754413287,0.309391075372696,-0.000978649632694821,-0.0887287646532059,0.946785843372345,-5.91113809323129,-2.54489012869768,-13.3613646893275,-113.978547985008,-119.510475481415,-63.4293527964301,-51.4583327853876,-47.4471387031989,-33.8740880003671
25-Jan-2025 18:02:46,169,52,-0.0642720068494479,0.405109665791194,0.00251280213706195,-0.0205494700620572,0.0760422324140867,-0.283101105690002,0.955849917729696,-102.493194345914,-40.002299054558,-30.8674539381817,-87.6669876525128,-99.1755283901497,-52.0392640367217,-5.77756553671077,-15.7436316600253,-16.7997192647043
25-Jan-2025 18:03:36,125,53,0.0962244068582853,0.428272763888041,0.00564172233765324,0.155359865228335,0.04374758725365,0.204262600342433,0.96551867723465,-52.5193895709998,-53.5484294042776,-35.7143874568216,-99.7165264032454,-96.2508324565902,-53.5331955617487,-120.609782715127,-121.288475424172,-78.1777025493913
25-Jan-2025 18:03:51,278,54,-0.0134672679627935,0.435314021507899,0.148534735043844,-0.283854273955027,0.0832706108689308,0.103251380225023,0.949648221333822,-124.331291802572,-132.730434939249,-73.1631694633268,4.34889752882664,-12.8299420429982,-9.68052959397233,-115.549954291282,-79.9130270896217,-55.3477576211358
25-Jan-2025 18:04:39,37,55,0.0759265840053558,0.430075619618098,-0.00415242485081156,0.193530888358752,0.0205500210324923,0.201053624351819,0.96005258957545,-53.8477219495032,-26.7980614682761,-41.9015017880933,-110.547967407529,-95.7115968861672,-55.5795816498228,-124.525250374395,-119.161976483795,-73.8175979078918
25-Jan-2025 18:04:53,161,56,-0.00371810585881273,0.373942548036575,0.0449562470118205,-0.034347228705883,-0.00373851315428813,0.0782133276263873,0.99633781115214,-47.0111827597436,-21.4427757520578,-37.7364330318622,-39.7912885797526,-54.4473857521744,-33.4600501847044,-63.0601938776507,-39.3520175807731,-32.425192558259
25-Jan-2025 18:05:42,119,57,0.00699893183385332,0.429394024610519,-0.0081879128391544,0.0901996716856956,-0.0483233660459518,0.17680923640728,0.978911332289378,-78.8739256045157,-71.8130579869636,-43.8041672457415,-106.280496937932,-112.519025438174,-64.8678159111374,-130.663258893393,-75.2844857161741,-50.8194429870947
25-Jan-2025 18:05:57,123,58,-0.10682446906964,0.463052346309026,0.181878223021825,-0.421129177014033,0.170215408007304,-0.185005670785904,0.87146418094635,-167.872129567541,-161.486151963995,-89.1254932282145,-21.7917357816948,-19.5517108587772,-18.8689376153966,-67.7964077074777,-35.6402816510444,-31.4821199484872
25-Jan-2025 18:06:39,43,59,-0.0597036634882291,0.405833448966344,0.0636090611418088,0.0494190581142902,-0.0330963129798571,-0.23936802148819,0.969105434417725,-91.8318221627524,-99.298954738852,-54.5202343311404,-98.1088397339558,-43.2608390534218,-40.7690178217193,-40.7868745869423,-43.0046962466646,-28.3753785941486
25-Jan-2025 18:06:53,238,60,-0.0556102310617765,0.397707710663478,0.129059832294782,-0.215882789095243,0.060152809570233,-0.0431349871059259,0.973609554767609,-90.0641139779365,-111.552780484453,-58.5180625677236,1.44575228517666,-5.18529270726583,-19.602160012424,-58.2485760143183,-22.9614825263413,-16.2246870977697
25-Jan-2025 18:07:19,114,61,0.113278080523014,0.3908520479997,0.0469492358465989,0.0475968753298124,0.0203848021725814,0.172746439774831,0.983604447046916,-3.91538533080838,-13.0488449643043,-8.04008136938271,-47.5073659100868,-22.069465288614,-19.7593210615832,-76.587852508691,-103.949202608746,-59.8163895168827
25-Jan-2025 18:07:32,63,62,0.0299528342982133,0.394596542914708,0.0410511153439681,0.0839761858185132,0.0172030806541443,0.272124900420507,0.958436314264933,-38.1719575601863,-57.7564354989975,-30.9472018697664,-65.9970537016812,-21.1518896307658,-19.8538584656962,-110.536324897413,-52.4280127022427,-34.609119796668
25-Jan-2025 18:08:22,1,63,-0.00440100946774085,0.437708600362142,-0.0553912691771984,0.37910000483195,-0.0115618383511901,0.00697429226711392,0.925257194042206,-55.9217528334414,-64.9465534555811,-40.8349736300436,-148.84129851104,-121.268690297393,-75.7130156793713,-98.8467964681313,-85.0054318775825,-54.1024700744122
25-Jan-2025 18:08:37,114,64,0.0917272592584292,0.389518721898397,0.0577289385100206,0.0238362617790699,0.0327774822711945,0.22015222410361,0.974623266855876,-0.291099998703847,-44.6250850493447,-28.6420925863018,-43.7629853057621,-31.9486588362553,-29.0208531081789,-86.1727101327421,-92.0285247070273,-55.581869648511
25-Jan-2025 18:09:42,221,65,-0.0471540366609891,0.399406923850377,0.12671146094799,-0.176418715715408,0.101122700671355,0.0486871741712093,0.977895804246267,-83.8303167815064,-116.841937114895,-60.6214693707749,-34.2294727271078,-41.4042782167784,-32.7111355993258,-75.2667012896767,-40.6386729096525,-27.1388584555655
25-Jan-2025 18:09:56,349,66,0.0252803672105074,0.403312118848165,0.0728787144025167,-0.0166603958855073,0.00897531025111675,0.0401408652464549,0.999014846483866,-73.7762553568577,-100.841063942521,-55.1669838551342,-69.7119733991518,-66.7100124323076,-47.9099537776369,-82.8077625156744,-100.833757972163,-59.7823520573673
25-Jan-2025 18:10:32,17,67,-0.0890773365894953,0.469965573151906,0.0868983323375384,-0.248558630545934,0.115889009833336,-0.118960646788279,0.954272886117299,-179.392597245659,-153.609196039627,-89.1315824971475,-108.593422977889,-119.130603797672,-74.2840430783736,-118.998199294269,-69.6937433452869,-48.3958593144118
25-Jan-2025 18:10:46,362,68,-0.111292367180188,0.44745104710261,0.045480672766765,-0.102039917806784,0.10983949303627,-0.257168227434158,0.954665585358938,-137.885765213435,-130.013244873786,-75.5095156095346,-110.282864638363,-113.863533257045,-69.8264165033679,-53.7431495875705,-26.7859344540136,-25.1178635640826
25-Jan-2025 18:11:39,53,69,-0.0674735019604365,0.432586828867594,-0.0765776907404264,0.317831327517827,0.146204711000125,-0.19844451546669,0.915547506014506,-54.8001105969082,-64.4767301558369,-34.6753012054309,-137.496631303512,-132.467828018221,-82.8792373511237,-52.861005527968,-42.7789599336477,-35.1999102472817
25-Jan-2025 18:11:55,334,70,-0.0820920392870903,0.444435179233551,0.162262788414955,-0.351695158084234,0.114552720884482,-0.108664407332738,0.922702431678772,-146.845368873567,-149.900562876554,-76.3939070769303,-25.7760543649024,-19.4352627359076,-25.3696442211076,-79.9926422263828,-42.8526375806168,-34.2434385819069
25-Jan-2025 18:12:55,321,71,-0.0215005381653706,0.39759982029597,-0.0552746459841728,0.167817650238673,0.0136196965351701,-0.0277296376725038,0.985333867867788,-44.1561455626377,-50.7498074062608,-28.691574541049,-84.7039614111424,-113.449829053052,-70.445787835094,-57.5439200017805,-50.3506245173647,-37.2162227438022
25-Jan-2025 18:13:11,368,72,-0.142244012157122,0.485695360104243,0.140579370657603,-0.318525165319443,0.0529164845744769,-0.408645635843277,0.853668677806854,-196.66907052777,-173.322994085934,-91.35982932748,-102.806270095522,-97.0539699989992,-63.6295197546622,-38.6708569147951,-20.7099620879582,-23.7775529756934
25-Jan-2025 18:14:01,55,73,0.0116122851148248,0.450264749924342,0.14874966442585,-0.222459042072296,0.0110702713330587,0.0600831712285678,0.973025949796041,-130.792880022338,-159.973363776849,-86.3522867585842,-73.9776095535521,-61.8447793613424,-51.1526046495547,-124.604490482724,-111.316616833224,-74.3735256811007
25-Jan-2025 18:14:17,202,74,-0.00390406401517491,0.402202586332957,-0.0363201429446538,0.195184049010277,-0.0579848875602086,0.143484872579575,0.968479760487874,-24.2748645583083,-35.9653854274904,-22.2695234759033,-86.562429199312,-93.2509922026726,-64.776936962218,-89.1746567011492,-39.0489093811264,-36.1608978470501
25-Jan-2025 18:14:54,162,75,-0.0471403164168199,0.42722795009613,0.131640082597733,-0.209842519958814,0.0449269798894723,-0.0199347688506047,0.976499005158742,-120.571460884506,-135.290093514186,-76.9120287355529,-63.4225117084324,-61.9826022211634,-43.5155970018019,-94.3054752799932,-61.2635861043641,-46.2610737985341
25-Jan-2025 18:15:07,70,76,-0.0321571821967761,0.407711817820867,0.119198707242807,-0.256060604254405,0.0726281767090162,0.0669878681500753,0.961598014831543,-101.796791928842,-103.14408073954,-59.2196994328781,-32.7113253942093,-32.5516215342299,-27.1807837429833,-86.5581553420446,-21.8566502421555,-24.938282952078
25-Jan-2025 18:15:39,231,77,-0.0698651974399885,0.419011761744817,0.0251104140033325,0.147465948263804,-0.0292269720385472,-0.249809270103772,0.956553677717845,-94.0354764700994,-99.929951690365,-55.8442741527304,-122.41358917175,-88.8989258975285,-51.1699270760911,-48.9178611744777,-18.8524329685738,-33.4866567465089
25-Jan-2025 18:15:52,243,78,-0.0674763977527618,0.432732498645782,-0.0646733393271764,0.287724379698435,0.0744987939794858,-0.273492687940598,0.914803544680277,-75.0902046737173,-29.1945080680339,-18.7641980150034,-139.814647356073,-127.30511287181,-68.6606662366704,-36.3893217701636,-1.72888970295987,-23.2125307871405
25-Jan-2025 18:17:07,86,79,-0.0717014417052269,0.404635924100876,0.12790691057841,-0.26992708047231,0.016430984934171,-0.195077486832937,0.942769432067871,-117.001712316106,-111.742303664658,-63.2681309064936,-39.9379500612767,-46.774909977475,-34.1300258361898,-41.0218303230876,-35.542632506286,-22.8213588753724
25-Jan-2025 18:17:19,208,80,-0.0281089565406243,0.397199316819509,0.0478921726346016,0.0123337993398309,-0.0129101587459445,-0.229679618279139,0.973102498054504,-93.1426768305694,-73.2591933036441,-43.9679343120277,-88.4112627358948,-27.9134383114589,-24.6406485892231,-40.1008435612032,-50.9430948217979,-30.4629486191696
25-Jan-2025 18:17:41,396,81,0.0413759090006351,0.402199953794479,0.105605667332808,-0.224713520208995,-0.0642105301221212,-0.0189009624222914,0.972123142083486,-101.561227106102,-85.2631432354366,-46.7201567792766,-33.6909859584405,-17.3391355879539,-14.2809577055779,-73.6645134793423,-93.5282078146049,-50.7667134136213
25-Jan-2025 18:17:56,196,82,0.00465243359406789,0.417223246892293,0.0333594230314096,0.169968437155088,0.00649908116708199,-0.0107544814546903,0.985369416077932,-76.5542925211497,-83.8414718469604,-48.0083281604149,-117.775947973967,-48.2928085706971,-31.7568012723258,-93.2088316377963,-75.8601486407554,-43.9316909020729
25-Jan-2025 18:18:55,278,83,-0.00901771529267232,0.424031778176626,0.0143425242354472,-0.010823164631923,-0.00535331166659792,0.0771460538109144,0.996946704387665,-100.657566886532,-77.6799833357905,-46.8672795099295,-96.6158301096384,-101.309029092335,-59.443213626622,-114.682391688933,-66.2989296447238,-42.3337574075045
25-Jan-2025 18:19:10,165,84,0.0981328363219897,0.414167219400406,0.0739842370152473,0.0816050137082736,0.0375492756565412,0.0447748728096485,0.994950215021769,-37.376727992229,-77.1104585407745,-43.8865935336599,-81.3640404729522,-8.69037325290224,-10.4379621281441,-78.3333139797034,-135.260956699422,-74.1188473560923
25-Jan-2025 18:20:01,14,85,-0.0782724325855573,0.396553005774816,0.0825846980015437,-0.121368903418382,0.0253959243496259,-0.11977252860864,0.985027527809143,-90.8461967849474,-111.537801305333,-65.303774984773,-53.554283499983,-75.4739320941556,-44.7650548617931,-46.9495424138226,-34.5116946405376,-26.0942165946573
25-Jan-2025 18:20:15,118,86,-0.0334776436289152,0.457530454794566,0.171074603001277,-0.389186712106069,0.0852687214811643,-0.00484694919238488,0.91719050804774,-160.228830051617,-156.718439787862,-91.8006944222081,-48.3585813562708,-34.6891275357254,-28.2792527787489,-115.820543709983,-86.5679875023654,-56.028963221742
25-Jan-2025 18:20:51,321,87,-0.0425185846785704,0.434019494056702,-0.0361799607674281,0.416458018620809,-0.00499765382458766,-0.191823373238246,0.888674040635427,-67.2596235401253,-76.203599572177,-49.3710603974746,-161.949455983171,-102.518549483403,-65.2876514577908,-67.0177161359187,-50.0240074808781,-39.9080043936942
25-Jan-2025 18:21:09,139,88,0.0952301477392515,0.420092594623566,0.0854260737697283,-0.203069718678792,-0.115246853729089,0.0712286934256554,0.969746041297913,-101.999663607218,-56.7360509226619,-36.7565384615925,0.138323044391683,-2.64194560863977,-12.4686019092845,-99.5170684720297,-120.791307888207,-72.4109069862342
25-Jan-2025 18:22:10,34,89,0.0442121302088102,0.415644619862239,0.103009021282196,-0.21105572283268,-0.033634764701128,0.0993370195229848,0.971831476688385,-103.232981954333,-94.6078007551959,-57.5828391140656,-48.9849489482869,-54.5178838016765,-38.3174475530558,-105.545197860697,-104.44300540793,-62.213804032095
25-Jan-2025 18:22:23,205,90,-0.0170329658935467,0.440728517373403,0.0748650431632996,-0.205027463038762,-0.00703697040056189,-0.0463840462267399,0.977631223201752,-145.754574843867,-125.279810995367,-74.2065720048795,-88.3188780674277,-103.446180519874,-64.0693236828831,-113.103685961006,-113.99722895705,-68.2786435773839
25-Jan-2025 18:23:18,147,91,-0.0572077823181947,0.430478767553965,-0.0767776762445768,0.333841838439306,0.0224308020124833,-0.163868319988251,0.928005214532216,-60.4203404589281,-58.1295012854566,-38.121575920547,-136.779990284958,-127.951374931647,-79.9098050649159,-56.0880350774788,-52.4488243531047,-35.25041132093
25-Jan-2025 18:23:33,296,92,-0.0198198863615592,0.397410478194555,0.13597248395284,-0.143056617180506,-0.0235318124294281,-0.0797054116924604,0.986219120025635,-85.4656166608209,-115.430075918204,-65.8432424845169,-18.2725990985979,-35.1006166045406,-32.555805148959,-37.5267449397945,-71.7197987757445,-43.9572777798463
25-Jan-2025 18:24:11,210,93,-0.0900065615773201,0.427060971657435,-0.0102829538906614,0.067243418097496,0.0438586282233397,-0.20379279255867,0.975716797510783,-101.215282767649,-104.64017003643,-61.0721033505855,-110.995273699327,-125.889571039683,-80.8729588762476,-58.7669563113136,-46.4614784823239,-33.50483707754
25-Jan-2025 18:24:23,322,94,-0.0859578177332878,0.431909201542536,0.0273244012147188,0.114216955502828,0.00383467632345855,-0.347272195418676,0.930774819850922,-117.635356940361,-106.146342283935,-61.5284037664816,-133.418704432534,-94.2790691273541,-64.7709222122266,-30.8715948230147,-43.4936214037604,-31.7241228304018
25-Jan-2025 18:25:08,327,95,0.0626034339269002,0.427389456828435,-0.0234341730674108,0.108395942052205,-0.0616984645525614,0.256169905265172,0.958551327387492,-55.9287201053292,-17.8442428108185,-39.0361872123936,-93.2490705094081,-116.651306051165,-72.1028052079831,-131.113937335339,-104.338427989557,-65.5693121244947
25-Jan-2025 18:25:21,76,96,0.0707136049866676,0.408013508717219,-0.0223252326250076,0.094046913087368,0.00506665296852589,0.0596317718426387,0.993767098585765,-43.1375053038241,-2.65654996959568,-29.9235715076599,-78.0336629839498,-99.918241143058,-62.2175034698075,-77.1966572005348,-112.88993038068,-68.3262940359339
25-Jan-2025 18:25:56,50,97,0.0418351610501607,0.41362778544426,0.0244539922724167,-0.0304535049945116,-0.0116336254402995,-0.0138078177347779,0.999373130003611,-93.8118062554361,-19.6415442931707,-40.3797473388535,-83.2012767956513,-91.847300924185,-56.6141777054677,-86.3864452886058,-105.218021384033,-64.7609946163788
25-Jan-2025 18:26:10,329,98,-0.0346169802049796,0.423415746291478,0.0623399851222833,0.0214645234247049,-0.007297125334541,-0.0712848539153735,0.99719835917155,-105.979001908828,-84.1344447688647,-72.8195067373908,-107.820930071,-68.2195115458979,-44.9935921770143,-91.5358892701907,-34.6830558801614,-29.6868210251331
25-Jan-2025 18:27:02,256,99,-0.0295523478339116,0.398868064085643,-0.0331448872884115,0.379482686519623,0.0147956969837348,-0.186368522047997,0.906113012631734,-36.0289722219627,-9.91313547861239,-18.3579731680785,-124.707587490676,-80.0189959785829,-40.1391883070159,-32.3984674375749,-39.691327759555,-26.4435662453246
25-Jan-2025 18:27:18,7,100,0.137257630626361,0.460585701465607,0.0896575381358465,-0.234507155418396,-0.196861147880554,0.192983853816986,0.932206666469574,-115.43665931599,-50.2050877995934,-41.416388727903,-56.3054129564178,-33.937948023069,-20.0111037285929,-143.467962575145,-162.542846482087,-90.7817650059245
25-Jan-2025 18:28:30,359,1,-0.000405482006802534,0.327509246269862,0.0427965991199017,-0.0146734074379007,-0.00570512066284815,-0.0123940397674839,0.999799263477325,-8.47500000000001,-15.2249999999999,-5.62500000000001,-5.02500000000001,-13.575,-5.77500000000001,-6.00000000000001,-6.45000000000001,-8.10000000000001
25-Jan-2025 18:28:41,207,2,0.00116265086301913,0.330254550774892,0.0334772867461046,0.00271251512070497,-0.00684265987947583,-0.00537890139967203,0.99995846748352,-6.92900805785231,-14.120720041323,-4.96243202479385,-9.03565169096954,-19.5767830225045,-8.66546646985081,-8.931695359084,-10.3636550090619,-9.94639703223927
25-Jan-2025 18:29:15,218,3,0.00636670757085085,0.336587750911713,0.0347234728435675,0.0326202675700188,-0.0075858633654813,0.0273483293751876,0.999064822991689,-8.71932100815495,-19.6316578629677,-8.4189947177807,-17.2722679970505,-20.6959044753455,-12.2511224556689,-19.3567310025367,-13.7582436899757,-13.9385339166486
25-Jan-2025 18:29:27,243,4,0.0122438251972198,0.34163004954656,0.0444797195494175,-0.0523640411595504,-0.0126230037460725,0.0932370791832606,0.99418587287267,-18.1741552610689,-16.6405643878483,-6.62433863270906,-6.80355700695895,-19.3195356623954,-11.263830178915,-34.9201849049012,-14.5073437004983,-14.013973336186
25-Jan-2025 18:29:57,305,5,-0.00201129569516828,0.345660618940989,0.019537964835763,0.0475962089995543,-0.0094539371629556,0.0288698835919301,0.998404626051585,-14.423808626932,-20.7105689412317,-9.13326301876231,-26.761932183042,-34.4233605457898,-20.677166699618,-28.1048412011463,-15.4359694434913,-12.5615816660948
25-Jan-2025 18:30:09,343,6,0.0168533467998107,0.348499606053034,0.0552431032061577,-0.00564573919400573,-0.00220184267188112,0.0784259761373202,0.996901547908783,-20.0409373883286,-36.941395605184,-16.743373292506,-18.9846712014839,-3.42688151911998,-4.67362891147203,-38.3079421318849,-31.9278938974577,-20.3022368253971
25-Jan-2025 18:30:47,154,7,-0.0347238088647525,0.344374243418376,0.0592188060283661,-0.0715208714207013,0.00229305000975728,-0.0737220957875252,0.994708299636841,-34.9364855681989,-47.1787646155051,-21.7813747910333,-15.5376589913823,-28.3513226683942,-17.9739215442751,-11.1147492274187,-8.57290124736721,-9.07374074842031
25-Jan-2025 18:31:00,34,8,-0.00163713166645418,0.368891537189484,0.0221587063123782,0.153722836573919,0.00230802375202378,-0.0888570681214333,0.984107883771261,-36.296627653832,-8.97236638126302,-4.61841982875784,-71.6455693402759,-22.6606949755992,-17.068847913435,-31.9893175371784,-36.0470976767355,-24.7510864198488
25-Jan-2025 18:31:43,294,9,-0.0130952560032407,0.357208669185638,0.0793275768558184,-0.190080565214157,0.00910863627990087,-0.0368653717140357,0.981033829847972,-60.7702254528443,-47.4767849888547,-23.7230663327536,-10.0057618606823,-23.0736889165053,-0.974661023376326,-31.6478291279645,-21.7981522978233,-15.193891378694
25-Jan-2025 18:31:56,133,10,-0.0111977795759837,0.353733597199122,-0.009298760133485,0.205880342920621,-0.00555567921449741,-0.0620342681805293,0.976593120892843,-6.71773147306211,2.68435971673017,2.00642408756125,-58.0377050139843,-50.6967006598917,-14.1372488275471,-14.0382645591608,-15.3089716225987,-11.3003829735592
25-Jan-2025 18:32:35,336,11,0.103412174185117,0.376648998260498,0.0493671861787637,-0.00308807125935952,-0.0226306228588025,0.175153985619545,0.984276096026103,-22.6520038277101,-31.6166018049357,-9.68720556669324,-28.9969477069326,-28.9579739102266,-23.1844718461359,-66.5696092226426,-90.0567568976176,-52.9123463794902
25-Jan-2025 18:32:48,149,12,-0.03698519145449,0.374085128307343,0.0228463817387819,-0.0163356869171063,0.0132758246113857,-0.115743281443914,0.99305610259374,-63.4782961635188,-53.8045225380476,-21.1553498886516,-52.669286316651,-60.8652345266488,-39.5122861097495,-32.8437244195015,-26.5879917254235,-21.5521477487955
25-Jan-2025 18:33:24,332,13,-0.0126294479394952,0.364412254095077,0.024468053629001,0.0183574557304382,-0.00266680001902084,-0.0242610452075799,0.999533573786418,-41.5418497326818,-39.8899287710883,-23.1733034492247,-44.1734595797989,-50.0188539222572,-35.2010650016064,-39.4534685254304,-30.4961326763658,-21.4289296058195
25-Jan-2025 18:33:36,71,14,-0.0264199905097485,0.367522086699804,0.0203698297341665,0.134166103601456,0.00297722920464973,-0.175455122192701,0.975297991434733,-42.5768299036126,-25.6291735986074,-14.4885008529325,-71.6011851398108,-32.2614820003129,-24.7679540305824,-16.0871636566415,-19.9575052190463,-14.6051908671079
25-Jan-2025 18:34:13,52,15,0.0310420108338197,0.377163535356522,0.0600246764719486,-0.144411683082581,-0.0186268874754508,0.132642268141111,0.98041029771169,-60.5836393588639,-37.4612563065798,-25.2585179810488,-26.8020116679149,-40.4858167510665,-26.5399565550893,-78.5292888868199,-50.6351076684407,-34.5591983346852
25-Jan-2025 18:34:26,352,16,-0.0271689188977083,0.366332052151362,0.0416278523703416,0.0320032959183057,-0.00485873936365048,-0.175079774856567,0.984021993478139,-52.8147578518318,-34.6892599163314,-22.6354400684289,-58.1444870053851,-30.1543073608026,-20.1371221424618,-16.945699263499,-20.7362554539597,-18.3726925099491
25-Jan-2025 18:35:08,18,17,-0.0132572907333573,0.367789395650228,0.0938259333372116,-0.134678904215495,0.000999323003149281,-0.0323549223442872,0.990360454718272,-62.33091051118,-71.4642102723967,-42.2110425447303,-25.77632644893,-31.3606451032927,-21.8938479994754,-40.578625124826,-41.0955043136015,-27.7460594724137
25-Jan-2025 18:35:21,275,18,-0.00513191173473994,0.385894505182902,-0.00270381139901777,-0.00402933992445469,-0.0322024340430895,0.120912997424603,0.992132425308228,-50.790870955471,-26.6620573775892,-21.9024926235959,-51.835484851363,-80.090305401296,-48.3512046747464,-81.7949307145121,-27.6218994618515,-23.1017835728081
25-Jan-2025 18:36:10,294,19,-0.052530175447464,0.3807943324248,0.0739564776420593,0.0344817869365215,-0.0389942313234011,-0.166280152400335,0.984703723589579,-66.4171608219088,-81.1480151437837,-49.9245780423258,-68.5041629873799,-44.5205071221963,-27.8031269145794,-28.4774440403709,-29.7384174470261,-21.4669567182155
25-Jan-2025 18:36:24,175,20,-0.0156273114184539,0.402880676587423,-0.035095210870107,0.14386980732282,-0.038658495247364,0.0476176450649897,0.987694076697032,-51.6164894064342,-31.4807806942524,-26.9584494310332,-88.0012340480728,-104.044969726012,-59.4328468299602,-80.7402440781025,-48.4133035817565,-32.6718883990537
25-Jan-2025 18:37:14,152,21,0.0868674710392952,0.384951257705688,0.056702362994353,-0.045756841202577,-0.0354346955815951,0.0856919546922048,0.994639460245768,-49.5135038712333,-41.24417792776,-23.260937951277,-40.2552882937777,-41.1314405794434,-29.0257295820406,-66.865442794163,-95.9854372192666,-57.8801489298925
25-Jan-2025 18:37:29,392,22,-0.0371466405689716,0.421019530296326,-0.0829292287429174,0.28649311264356,0.0503901675343513,-0.141684481501579,0.946207185586294,-53.4192411891508,-23.5684621665143,-14.6376007374086,-120.065574885283,-127.735958508015,-72.5425092130808,-46.7222375439062,-58.8613119929474,-39.5326069834873
25-Jan-2025 18:38:21,160,23,-0.00162388607083509,0.401964052518209,0.0649961292743683,-0.193266997734706,0.00335405852335195,0.0559856074551741,0.979541862010956,-100.433757494021,-64.3262936463812,-39.485883778276,-50.9101055297934,-63.3488017021027,-38.6077268219959,-93.4154119817552,-56.665535258535,-32.8672878215118
25-Jan-2025 18:38:34,177,24,0.0355537496507168,0.400120611985525,-0.0435423381626606,0.0561242058873177,-0.00812711591521899,0.0324951263765494,0.997861329714457,-27.2062833450389,-0.00519332564060271,-4.51137771413432,-66.0639899438614,-118.064971815136,-63.1518559747411,-65.6321196741,-97.3095257387014,-50.3753271578237
25-Jan-2025 18:39:00,63,25,-0.0281942905237277,0.395663392543793,0.126490398248037,-0.250005822380384,0.00471122817446788,-0.0841401472687721,0.964570045471191,-101.187522117715,-102.511592449928,-54.5282782313751,-25.2367529781663,-23.2856906914613,-14.7206307234702,-54.2778436228457,-59.4033959179567,-31.6550641546971
25-Jan-2025 18:39:13,131,26,0.0924825807412465,0.413039642572403,0.0783201063672701,-0.195142192641894,-0.0747867822647095,0.220465837915738,0.952743979295095,-78.4011670844263,-62.8542017123811,-35.4957087864222,-14.253349530437,-31.2469499296651,-19.4973862663925,-113.95141331502,-109.225294387132,-57.3621393131052
25-Jan-2025 18:40:06,126,27,-0.0671606997648875,0.394804739952087,0.125655325253805,-0.257305379708608,0.0297887824475765,-0.156884649395943,0.953044501940409,-103.610394134847,-104.205258554713,-58.9347545002695,-31.8369894845869,-39.7517761767911,-29.9856738603712,-38.1069712405318,-33.9779031984432,-21.8865114875164
25-Jan-2025 18:40:21,358,28,-0.0825654005010923,0.421945852041245,0.0114171228682001,0.0928266252080599,0.018397556245327,-0.32511492172877,0.94092770020167,-107.048259987368,-93.6728894429412,-51.7963586911433,-119.566130110518,-97.4502178632123,-56.9626834503415,1.38725778111023,-4.30729494429629,-5.1789961072027
25-Jan-2025 18:41:06,99,29,-0.013700074578325,0.377875413497289,0.0787238275011381,-0.0786702051758766,0.00539613232637445,-0.00429091813663642,0.996876883506775,-65.2091317137973,-76.0783824783294,-44.7303556036413,-43.0453926974383,-42.276994252584,-25.9435006286982,-54.9438903254454,-39.9759264585712,-27.8493374971812
25-Jan-2025 18:41:20,125,30,0.125231899817785,0.439112424850464,0.0626382380723953,-0.183690564831098,-0.119843615094821,0.355616333087285,0.908533064524333,-80.8507014515611,-51.4699891044244,-34.5416402505042,-47.6835789159174,-63.4318075907373,-38.6363886315902,-153.222224203968,-126.075835693707,-73.0147734485646
25-Jan-2025 18:42:22,164,31,-0.0662315701444944,0.40330367287,0.12155803690354,-0.347482470671336,0.0517438066502412,-0.208027664820353,0.912854333718618,-126.821242925133,-98.2689845636775,-57.5551178965692,-32.3419913292926,-44.6388445684928,-31.70947633134,-38.9352973045945,-37.7898215095391,-23.2131338919375
25-Jan-2025 18:42:36,284,32,-0.090955192844073,0.426503133773804,0.00202772470656782,0.0317939939598242,0.0642678990960121,-0.29424946308136,0.953034472465515,-111.871310139773,-99.8793536434767,-58.0518183863742,-112.79375929018,-113.391689627149,-65.7774148105735,-16.887679975682,-10.885843019172,-9.45266059665943
25-Jan-2025 18:43:23,58,33,0.000325305267081906,0.393564017613729,0.0295079446087281,0.03540941948692,-0.00389982412258784,0.0340949398775895,0.998783552646637,-67.4513002029426,-59.1755265507156,-32.4012715137254,-75.3113848986206,-62.5769760470551,-41.7492193414754,-80.1764720996082,-50.0922217773629,-30.7959104589958
25-Jan-2025 18:43:37,349,34,-0.0726346453030904,0.433216047286987,-0.0759575520952543,0.270515108108521,0.0070128564722836,-0.134061505397161,0.953309981028239,-63.3001265124783,-76.0572595630556,-40.5518979447589,-125.634697775306,-144.881178468713,-82.6110804771677,-58.0571917254536,-47.1898210259974,-29.0544700081765
25-Jan-2025 18:44:14,34,35,-0.0035528021864593,0.416670918464661,-0.0494107487301032,0.263240059216817,-0.0638000269730886,0.112186030546824,0.956058859825134,-34.0580923712249,-18.0998227143175,-9.904241467946,-110.197202187999,-120.476353256174,-60.7911271420628,-97.5032679879303,-51.7226425347776,-41.7212896148773
25-Jan-2025 18:44:28,185,36,-0.0554646102090677,0.39122297167778,0.1109953875343,-0.244366742173831,-0.019716893757383,-0.232332469026248,0.941231997807821,-108.480217317693,-87.1127699685696,-43.3736399967988,-36.1218456855377,-39.4903675127409,-19.2610591720732,-0.870996822024107,-26.4760455292637,-28.0609160138471
25-Jan-2025 18:44:52,13,37,-0.0553379952907562,0.412008116642634,-0.0719467615087827,0.36575431227684,0.0130022595946987,-0.158528949817022,0.917018655935923,-5.13907556372661,-4.87316424960386,-2.47607246944005,-123.717355180682,-111.150655446432,-56.1391371328472,-37.9534722575507,-22.8769852574509,-18.7932946624423
25-Jan-2025 18:45:08,302,38,-0.0734374905625979,0.425584568579992,0.115180618564288,-0.213779017329216,-0.0293269697576761,-0.290278476476669,0.932296554247538,-141.262745602643,-116.516559840408,-59.8758561562121,-75.5067111575631,-50.9985909570325,-27.6411907795177,-49.9724366746736,-31.1524357694257,-24.5091058097999
25-Jan-2025 18:45:55,281,39,-0.0286135502159596,0.37312043706576,0.0688623910148938,-0.21423318485419,-0.00573446030418078,-0.229136495788892,0.949509219328562,-95.4367035675741,-50.753258069852,-26.6013117740976,-33.7253672429345,-37.7037288265588,-21.9512155483462,-18.9959002616897,-29.1342781587229,-18.8119702338004
25-Jan-2025 18:46:11,86,40,0.147465538978577,0.434530031681061,0.0621770371993383,-0.0858984132607778,-0.0818079123894374,0.421384473641713,0.899090449015299,-32.7958121460018,-39.6355410649942,-21.315477662633,-33.4529934635349,-40.4339727362012,-23.5893618941316,-145.130807174373,-131.013423219947,-70.0245671553769
25-Jan-2025 18:46:55,272,41,0.126794848839442,0.430157937606176,0.0688912491003672,-0.0524948835372925,-0.00914142404993375,0.384885178009669,0.921425060431163,-50.9712568554702,-61.5265893570891,-38.0012615765394,-51.9991278718191,-10.558208331357,-39.7044141250198,-141.801321358084,-129.393584415793,-71.3448258842531
25-Jan-2025 18:47:09,223,42,-0.0398002768556277,0.423478623231252,0.138250404596329,-0.307880655924479,0.0118660501514872,-0.12613658507665,0.942951905727387,-134.795113537413,-121.959083668773,-68.8297268394551,-48.8724784510533,-16.6803894020952,-43.3777227674628,-71.0598424299916,-74.4773582548711,-44.498930910866
25-Jan-2025 18:48:12,341,43,-0.0758405620853106,0.419433850049973,-0.0165397214392821,-0.0761161381999652,0.129660368959109,-0.226463429133097,0.962345516681671,-115.975517638117,-78.2715494683208,-46.2541946047284,-89.5877646461922,-119.017092172278,-80.9331463507791,-48.7302826362919,-45.6249028695899,-30.5733972652715
25-Jan-2025 18:48:27,224,44,0.11327482710282,0.420723835627238,0.0199951273699602,0.11941119680802,0.0389225589732329,0.174438038468361,0.976624842484792,8.96631465879886,4.84712212062882,-3.74824846758239,-82.9242697932271,-63.5337842965187,-52.244882070228,-104.295483332874,-128.314138738808,-70.9714048572095
25-Jan-2025 18:49:20,361,45,-0.0284702571729819,0.422851999600728,0.13524759610494,-0.34355242451032,-0.038470268001159,-0.189665029446284,0.918977137406667,-145.671630558323,-113.695603649974,-69.6681917942005,-48.9889233195595,-2.6748142286462,-39.3483961439715,-65.7447862675706,-81.9957692430687,-49.0770301414301
25-Jan-2025 18:49:34,168,46,0.00938478596508503,0.402722583214442,0.043588500469923,-0.133228266239166,-0.0281074785937866,-0.108449683586756,0.984732909997304,-103.438290204476,-42.982082705306,-35.9660198184339,-67.5104978544842,-19.1570524466423,-49.244103749537,-68.529703395963,-72.436352254107,-45.9519101435167
25-Jan-2025 18:50:10,144,47,0.0287283894916375,0.433621346950531,-0.0300211461881797,0.153058425585429,0.00346248132797579,0.0217301038404306,0.987972164154053,-83.949236146127,-26.03909192402,-38.9925855894017,-121.633302408392,-113.779971057671,-83.4958335498435,-106.833900908017,-108.146718288177,-66.7257691175494
25-Jan-2025 18:50:23,196,48,0.071719317138195,0.403513063987096,0.0238074461619059,0.16164444287618,0.0480150816341241,0.0669136693080266,0.9834064245224,-43.3356616095136,-12.3565667064169,-30.7830704588399,-88.9890265479937,-42.1285404835949,-46.301865741045,-79.0460737462341,-98.017167985338,-60.2927414443697
25-Jan-2025 18:51:31,103,49,-0.0618101927141349,0.411671362320582,-0.0170228543380896,0.211601660648982,0.00462991675982873,-0.194668569167455,0.957761712869008,-72.6230205346158,-69.687795735138,-51.612319371871,-118.012841116975,-101.187138393453,-68.5034037612354,-47.2891745614488,-49.9079230512524,-28.7620607736905
25-Jan-2025 18:51:46,372,50,0.0852336302399635,0.43411713441213,0.0857931261261304,-0.0532864081362883,0.0399254190425078,0.260464862982432,0.963184603055318,-82.3127578061717,-85.5040227828691,-61.6934759625889,-73.8635494493145,-12.3290956097331,-26.2474254362276,-139.631558588371,-124.806029875868,-68.3841572528508
25-Jan-2025 18:52:37,187,51,-0.0453070096671581,0.402324795722961,-0.0362329875429471,0.250240335861842,0.013658430116872,-0.159270481268565,0.954895913600922,-54.2535103506782,-54.9737946289796,-31.8239743469092,-111.185048096732,-93.5313572019661,-62.9609710269045,-43.1400674250468,-45.3075500355922,-29.0231834928243
25-Jan-2025 18:52:52,102,52,0.0788486803571383,0.446691193183263,-0.0104802964255214,0.298989768822988,0.0320778946081797,0.319241523742676,0.898699017365774,-0.0593044029172525,-28.5124649168122,-18.5547615588346,-128.803786842525,-98.5459322085457,-65.4297105982034,-155.746521622664,-112.253007845098,-62.4573644655863
25-Jan-2025 18:53:46,173,53,0.0673585057258606,0.465095329284668,0.145113410552343,-0.270955860614777,-0.0171381760388613,0.0894264991084735,0.95827560822169,-144.92927807681,-128.889936017306,-79.1949766971081,-73.606750882009,-62.4013920162105,-48.80482125671,-137.813742260632,-159.231878370173,-88.4071061655743
25-Jan-2025 18:54:00,282,54,-0.0220260734359423,0.419183214505513,0.0706596498688062,-0.239580238858859,-0.0103094280386964,-0.174750785032908,0.954964510599772,-135.473029162764,-72.4253021546512,-50.8991924935575,-70.2618402729693,-60.4066595878472,-47.7439877703051,-74.6054582333599,-75.9986844526563,-46.7270419345925
25-Jan-2025 18:54:53,161,55,0.0300083965063095,0.375898565848668,0.0033636556006968,0.0573035083711147,-0.0294966209679842,0.156128006180127,0.985631946722666,-29.0169892068482,-36.5516513908395,-20.0799013260028,-47.8883182646354,-64.8161791557673,-41.3017323519402,-75.2415104733917,-59.0178754640006,-35.4960850793277
25-Jan-2025 18:55:06,73,56,0.106634843349457,0.404076147079468,0.0575513745347659,-0.109851621091366,-0.0659127255280813,0.299261677265167,0.945531837145487,-50.2489864692049,-35.8656459218461,-20.3514307502482,-29.6099311812278,-23.1817892400036,-21.0990695528005,-113.086955755184,-100.46935703913,-56.8363580256344
25-Jan-2025 18:56:14,343,57,-0.0335010257860025,0.407334864139557,0.118295290072759,-0.31832001209259,-0.00054556499235332,-0.136571299036344,0.938094035784404,-125.700448449513,-100.221537335432,-56.4600614218822,-38.6932733804695,-47.7658718490271,-36.0645211138151,-62.6015763453212,-62.4660392554053,-37.9863408109692
25-Jan-2025 18:56:26,234,58,-0.0993347679575284,0.449125264088313,0.130060759186745,-0.270396949847539,0.00375850497124096,-0.309290625651677,0.911707484722137,-161.404356701081,-149.044347803771,-83.2025980421073,-84.7968278071086,-77.2497732852633,-53.1376032179887,-55.4632937113203,-62.3603370842534,-40.2646211114486
25-Jan-2025 18:56:52,150,59,0.0374924041330814,0.39799260298411,0.0907616148392359,-0.180804819862048,0.0111839700490236,0.197175214687983,0.963486651579539,-73.3754010198967,-80.4224432324522,-43.272165457258,-16.4054834992294,-22.4459991979879,-18.3250985209922,-102.991276856641,-76.8484778374208,-38.8746895450205
25-Jan-2025 18:57:08,89,60,-0.0579931132495403,0.459862313667933,-0.107107888658841,0.408417061964671,-0.242764995495478,0.0547215461730957,0.878216608365377,-30.0185579057779,-26.577458614869,-18.8419303319681,-156.285190591706,-152.289512553829,-85.7391123824143,-95.4332219511337,-47.1937870637036,-26.5396013416635
25-Jan-2025 18:57:51,88,61,0.106118401388327,0.447361892461777,0.0651005690296491,-0.151297607024511,-0.064127691090107,0.370681007703145,0.91410737435023,-93.8184178932136,-74.3900582456897,-41.47620450817,-65.7689790409403,-73.7887767941304,-54.258650186272,-168.124183647833,-128.774426231713,-76.9631344645485
25-Jan-2025 18:58:05,209,62,-0.00102033925165112,0.405710518360138,0.114896822969119,-0.186814503868421,0.0490647040307522,0.131394764780998,0.972331329186757,-85.8967686825285,-102.401747091485,-53.9712086209307,-38.5507811173812,-21.2967197797032,-26.5017813689215,-97.8022316751656,-67.9908059645848,-45.0604840208477
25-Jan-2025 18:58:57,174,63,-0.0685948153336843,0.40018337170283,0.0899093732237816,0.00675072247783343,-0.0487487651407719,-0.18214543958505,0.982039244969686,-86.0370261372954,-108.481603871134,-62.5025689638712,-80.9265097052101,-51.9758536648775,-38.0537459260822,-41.0774909876469,-39.1680611299699,-27.4931631457004
25-Jan-2025 18:59:10,297,64,-0.0274093928436438,0.424963923295339,0.109277151028315,-0.287793741623561,-0.0111806452895204,-0.138352547089259,0.947580258051554,-143.502211264651,-108.612671091051,-64.5994935222438,-63.4161702010114,-49.5889925663241,-38.89170632522,-83.6356659587648,-68.1230269205794,-44.0020369894196
25-Jan-2025 19:00:02,29,65,0.023926201959451,0.430929694573084,-0.0483219921588898,0.335528341929118,0.0861838579177856,-0.0840304220716159,0.934308306376139,-58.5887365024182,-10.189489259974,-40.3006254513652,-142.887109638363,-110.291578066065,-69.1912047504792,-80.3844405400278,-103.117342328204,-63.0007273324141
25-Jan-2025 19:00:15,339,66,-0.0568090818822384,0.419481347004573,-0.0292749428500732,0.197185618678729,0.066224363942941,-0.255330884456635,0.94421302874883,-84.8722773861094,-11.0541079951636,-40.819396692479,-122.904523599075,-103.979022053836,-66.1213886178837,-42.5391617630505,-51.9076343884037,-37.4823352360327
25-Jan-2025 19:01:09,272,67,-0.0522172165413698,0.410413787762324,0.134929600358009,-0.275154012441635,0.0202171674619118,-0.119963611165682,0.953672003746033,-119.569517201255,-111.535953187518,-77.9370250422976,-44.049685021124,-52.9460607233392,-34.0868551216405,-62.8519525474633,-53.0520668525741,-37.0381621190204
25-Jan-2025 19:01:24,55,68,0.0637479012211164,0.44657074213028,0.0988827576239904,-0.15133909980456,-0.0271811872720718,0.0824301486214002,0.984663903713226,-125.874142165991,-114.950186144632,-81.4370911813146,-87.1264517786529,-77.4460410280164,-48.1297949344391,-130.629151703396,-140.051743873179,-82.330950289783
25-Jan-2025 19:02:14,344,69,0.0138112620140115,0.43087943593661,-0.0363803513348103,0.27457553545634,-0.048037181297938,0.150270639856656,0.94853542248408,-53.2867850478699,-14.7414510197961,-47.6916035857231,-126.604390879881,-114.066878527491,-69.3392143586852,-118.448133023708,-86.8798823210514,-54.7948519291759
25-Jan-2025 19:02:28,80,70,0.122320037086805,0.42673112154007,0.0639872004588445,-0.00325470032791297,0.0420735878249009,0.44728186527888,0.893396810690562,-30.8903411529077,1.25600890517689,-38.0931276307393,-51.4139713523414,-45.1704153800464,-33.2912367924655,-149.872421792609,-112.018907254613,-65.7646184034594
25-Jan-2025 19:03:17,243,71,-0.0648393963774045,0.425033750136693,-0.0554620901743571,0.111306983729204,-0.00222172108478844,-0.0886893803874652,0.989818203449249,-80.2206109042694,-63.4711867733165,-50.7351548698184,-101.941900338089,-140.104841413799,-82.5444395630156,-72.3963891592124,-51.3498968402017,-32.3665188204013
25-Jan-2025 19:03:30,218,72,-0.0655756865938504,0.440777484575907,-0.0595369160175323,0.247565211852392,0.0475679139296214,-0.241707279284795,0.937030613422394,-92.0717337012537,-64.0237348268544,-51.5914310332257,-144.073096359747,-133.172891727356,-79.6584668564324,-57.5227412453714,-62.568368081434,-38.5557565776558
25-Jan-2025 19:03:55,65,73,-0.0653217648466428,0.401600426435471,0.135800061623255,-0.253595934311549,0.00352970200280348,-0.157545151313146,0.954387716452281,-108.563660723008,-108.95157262092,-64.2605281023321,-11.7728295650168,-23.1685206495415,-16.9902396665197,-42.7927682838326,-38.1416384332605,-23.1515580378007
25-Jan-2025 19:04:09,3,74,0.0733729978402456,0.415640924374262,0.0968314975500107,-0.0964503372708956,-0.0244791050752004,0.0722949946920077,0.992406948407491,-84.3459225135859,-86.8526409706989,-54.7688754215353,-61.5230768154859,-22.0764015010794,-18.0019932366022,-92.7440658029641,-123.08812565527,-67.1826147931193
25-Jan-2025 19:05:10,309,75,-0.00023443323346631,0.359686621030172,0.0715517565608025,-0.216274839639664,-0.0188492141664028,-0.0560305404166381,0.974541175365448,-67.2980957212123,-42.5437015032416,-18.7465513575819,-9.72418611521718,-24.0126877987112,-16.9291721436536,-33.9680169658424,-32.6773998370473,-22.3613916098618
25-Jan-2025 19:05:25,306,76,-0.0502558956543605,0.40347508986791,-0.0468666116396586,0.316960781812668,0.0357146034638087,-0.229858236511548,0.91947017510732,-47.9988227317421,-40.331665280666,-19.2973407901302,-121.015213113737,-92.848755820396,-53.0040136983321,-22.2822729622847,-27.0088625997386,-21.1839305350436
25-Jan-2025 19:06:04,169,77,-0.0765852962930997,0.448251509666443,0.0712233091394106,-0.234143437941869,0.0677235916256905,-0.229295065999031,0.942345050970713,-166.940746164153,-124.747789849932,-71.0933576045999,-101.38309498613,-113.114295723599,-66.1881832240007,-87.0561159084006,-28.0137820351553,-42.375341810628
25-Jan-2025 19:06:18,23,78,-0.0725293536980947,0.443435500065486,0.155865160624186,-0.390005481243134,0.0560045080880324,-0.174314858516057,0.90242581764857,-154.730373097058,-140.786533836535,-78.1713740960593,-36.5316413238728,-34.8041051898871,-26.0917324553026,-75.4065485657418,-34.1195841574336,-44.4868873699252
25-Jan-2025 19:07:09,235,79,-0.0496195358534654,0.409762614965439,-0.0460030352075895,0.216235542297363,0.0711887940764427,-0.207288229465485,0.9514231244723,-65.7958419652733,-60.0348014741337,-31.8745563521105,-114.71773852906,-106.602137841403,-66.1515197404274,-42.0916718099188,-42.0060594771254,-31.7471719810425
25-Jan-2025 19:07:24,70,80,0.00208191792480648,0.387076091766357,0.107138605415821,-0.0970034097631772,0.0462380558252335,0.132574692368507,0.985330573717753,-59.2958609503711,-93.5438362241191,-47.9287055624493,-35.0295459578276,-9.01813613077656,-16.6591507204601,-82.1006884780776,-51.0111433129567,-35.5493457343042
25-Jan-2025 19:08:05,292,81,0.0497695753971736,0.36726099451383,0.030407165363431,0.108377088606358,0.0283812738955021,0.0527922901014487,0.992301340897878,-23.3054834269956,-36.0515452150398,-18.4757198317401,-51.4756402520977,-35.7140479759658,-25.3786276779429,-48.3634826544685,-64.6043657418187,-42.2956159795757
25-Jan-2025 19:08:19,214,82,-0.0498325059811274,0.40995987256368,-0.063869579633077,0.389897753794988,0.0394546136260033,-0.200844157735507,0.897822038332621,-37.4649319308029,-36.747454645008,-18.5826329300123,-129.933372750351,-98.4261907443837,-56.4936574454399,-29.4123064096713,-28.8224842917465,-24.1636336378277
25-Jan-2025 19:09:07,102,83,0.0967001641790072,0.44399073322614,0.108570750554403,-0.172720964749654,-0.0581437838574251,0.141253956158956,0.973054007689158,-109.912346680348,-102.70458174853,-60.7079241186844,-66.6841629834458,-57.5190308018972,-44.4634857416367,-126.298776740001,-148.597003069273,-89.0258702920074
25-Jan-2025 19:09:21,367,84,0.0022950139362365,0.423375020424525,-0.052134296298027,0.24107805788517,-0.0948857153455416,0.169575939575831,0.950853351751963,-33.7397480750545,-33.8919432498691,-25.4025623012795,-112.360159722043,-113.969671639043,-71.789763592135,-108.291537173169,-67.2244710526676,-47.4405617156299
25-Jan-2025 19:10:00,304,85,0.00160421629746755,0.382785660028458,0.0118150340393186,0.146827953060468,-0.00350196599029005,-0.0157397137333949,0.989030655225118,-43.0773392853039,-48.7202122678653,-25.4808255363983,-79.6918273886509,-62.7653751556331,-43.140084391815,-56.5340058277113,-50.1990598572072,-38.3561096582727
25-Jan-2025 19:10:14,355,86,-0.0578368852535884,0.461043830712636,-0.064340574045976,0.247513316075007,0.110358510414759,-0.293972257773081,0.916590702533722,-114.265629691225,-51.5831598981037,-27.1985941145413,-167.701967405365,-146.860394432733,-85.4738887933889,-73.1590742313324,-80.6770785427334,-53.8814137640597
25-Jan-2025 19:11:06,28,87,-0.0692317967613538,0.425034858783086,0.144530847668648,-0.290753523508708,-0.00567615712061524,-0.191912031173706,0.9373366355896,-134.449497793245,-131.113023087293,-72.2566973657054,-52.4752966455316,-51.955165760993,-41.0336162717202,-59.8679277912109,-51.271734857737,-38.553975985257
25-Jan-2025 19:11:19,74,88,-0.0308035686612129,0.410913016398748,0.118879177172979,-0.128472871581713,0.0601234937707583,0.125830561916033,0.981858742237091,-82.9644488259785,-116.987118961403,-63.525465659676,-49.3987689837056,-35.2723693301524,-31.0239384132158,-101.075083820901,-44.5359570008685,-33.5178074137387
25-Jan-2025 19:12:09,295,89,-0.0375740709404151,0.430027232567469,-0.0637662688891093,0.385126666227976,-0.100191566348076,0.0140887595713139,0.917300732930501,-42.3063216081448,-17.3212224979912,-39.5824080427144,-139.775170719268,-118.328675655763,-74.7640672695813,-84.1805502125378,-51.7918666408333,-35.7766840520284
25-Jan-2025 19:12:23,279,90,0.102455857396126,0.425424959262212,0.0222451506803433,0.0267315987497568,-0.0299547140796979,0.381571964422862,0.923466817537944,-48.4832092654544,-4.46650903391948,-31.8695799642713,-67.3864195210286,-80.1400624021086,-54.384289296347,-143.883390704615,-109.706826390273,-63.448692580341
25-Jan-2025 19:13:10,311,91,-0.0261301351090272,0.382989156246185,-0.0280374448746443,0.127794277667999,-0.0349455070992311,0.0464129167298476,0.990097641944885,-34.4547791029927,-43.4345652835777,-25.9279765653468,-67.7708495301034,-90.2804520438119,-58.9398951328531,-60.3231317036694,-37.3052380318699,-23.7052824791675
25-Jan-2025 19:13:24,201,92,0.113875183463097,0.428504898150762,0.00895902930448453,0.0545208235581716,-0.036916255702575,0.284066907564799,0.956541001796722,-51.6086176537958,-46.1558048795719,-29.088320199703,-76.7613706062767,-86.6702068969314,-58.9344963957719,-127.895280511338,-129.692357564185,-71.6985660816839
25-Jan-2025 19:14:15,171,93,0.0235711158563693,0.400970800717672,0.0787061845262845,-0.278542502721151,-0.0442837712665399,0.0293550259123246,0.958953269322713,-106.327519547678,-63.0632571472225,-33.5409148307527,-36.4043044372137,-54.0246811234422,-36.7036232759555,-88.3845210180425,-76.3698561775963,-44.3651916865049
25-Jan-2025 19:14:29,245,94,-0.111485396822294,0.42668096224467,0.0235782388597727,0.0752215648690859,-0.0295029851297537,-0.140766416986783,0.986740096410116,-86.6218540468738,-129.118253541081,-65.3171256688015,-101.481883022569,-124.220911505106,-70.5504511079073,-31.4678845342521,-21.1527673652358,-15.5053599214443
25-Jan-2025 19:15:09,343,95,0.0286912883321444,0.452462442715963,0.115530487895012,-0.35449599424998,-0.0634141564369202,-0.00370146241039038,0.932897408803304,-160.96892475922,-125.361416923238,-69.2331907778953,-70.3596891762173,-57.3454584700726,-56.2412186432579,-130.813119374698,-118.116582751261,-71.5587549329178
25-Jan-2025 19:15:25,269,96,0.00799819128587842,0.424838954210281,-0.0529376481970151,0.362236873308818,0.0575618222355843,-0.0886601135134697,0.926072529951731,-31.0356023699232,-40.4048936899437,-25.7466455319562,-140.262527640319,-97.9047821774772,-75.5125968676682,-73.0271522515653,-80.12003125567,-51.55219555583
25-Jan-2025 19:16:18,210,97,-0.0887147133549055,0.422245462735494,0.0440840045611064,-0.0645299593607585,0.0457975663244724,-0.248942178487778,0.965280429522197,-120.598810861872,-108.586863219023,-64.1979938987202,-96.8480766578101,-103.482550143859,-70.9163497705093,-53.426723061383,-48.3262060486624,-30.8166485047729
25-Jan-2025 19:16:33,120,98,0.10959852685531,0.453378562132517,-0.0407389854391416,0.1946800639232,0.0557358096043269,0.13088859518369,0.970495434602102,-49.5702695532522,-23.917973000674,-21.9726384593993,-122.766532897733,-122.481371647532,-80.5248501921995,-118.56038727362,-153.217937122226,-83.3716037114087
25-Jan-2025 19:17:34,282,99,-0.0365719335774581,0.439584988355637,0.147246396541595,-0.395695495605469,-0.0548268872002761,-0.232609112064044,0.886742428938548,-166.306575466646,-127.687541440154,-68.6612128825578,-52.8413943323844,-54.9309813294152,-45.3556978952725,-70.5764302033897,-87.5042754750386,-51.0690640663445
25-Jan-2025 19:17:48,153,100,-0.118411085009575,0.443043436606725,0.0177376675109069,-0.0548896598319213,0.10984664807717,-0.263797158002853,0.956729813416799,-129.653608652052,-129.605842509272,-70.673392690657,-109.198947071583,-127.681157953523,-82.7838154808668,-55.6993651192015,-41.2949316457815,-29.0174214252566
25-Jan-2025 19:18:59,228,1,0.000782548034718881,0.327579389015834,0.0424248985946178,-0.0128597118581335,-0.00297569849838813,-0.00772760761901736,0.999883047739665,-8.40000000000001,-16.1999999999999,-5.55000000000001,-5.10000000000001,-13.725,-5.77500000000001,-6.60000000000001,-6.60000000000001,-8.25000000000001
25-Jan-2025 19:19:10,356,2,0.00809189050147931,0.331055647134781,0.0467985282341639,-0.0349986970424652,-0.00460254621381561,0.00161987494987746,0.999375470479329,-13.8733113393656,-16.9729723731545,-5.79838610999477,-3.16662650286301,-12.3440189306164,-4.94641135836987,-11.4638106095634,-12.619441065575,-11.1216188052557
25-Jan-2025 19:19:46,338,3,-0.00156242045729111,0.337105838457743,0.0501858798166116,-0.0398262962698936,-0.00402176401888331,-0.0466031598548094,0.998111168543498,-24.384644530133,-25.7970373917855,-12.475034663948,-12.5095942005432,-18.0027103285443,-9.72162619712664,-10.6062178919911,-14.8868555920946,-14.1074395188042
25-Jan-2025 19:19:57,360,4,0.00368251341084639,0.338898072640101,0.0602282099425793,-0.120149547358354,-0.00742754554376006,-0.0427591393391291,0.991806753476461,-34.0711126028668,-26.643539787548,-12.8718662000828,-1.93631872543699,-17.738596014067,-9.56315760844027,-13.7449598453019,-19.3008750529291,-16.2880226888653
25-Jan-2025 19:20:36,376,5,0.00359581634402275,0.347980791330338,0.0265242976446946,0.095671754082044,-0.00628085226441423,0.0555798848470052,0.993840229511261,-10.6613416932418,-29.2206012094582,-13.167360725675,-36.0335773448066,-27.6634508868825,-18.360667655106,-33.5119196508892,-18.7204006122631,-14.6485044836598
25-Jan-2025 19:20:48,327,6,-0.0367550291121006,0.349805732568105,0.0216969976822535,0.127965777119001,-0.00843361026297013,-0.101798743009567,0.98650416135788,-20.0467584346296,-39.2277210513261,-17.8028177071358,-48.1806164698317,-37.18586882916,-22.7537746536878,-3.78280598624688,-8.2520042758906,-9.04620256553434
25-Jan-2025 19:21:23,1,7,-0.000434125065415477,0.352128046751022,0.0701731810967128,-0.115376796821753,0.020825278883179,0.109921292960644,0.987001446882884,-33.9604782195303,-45.9619609993152,-22.289271182124,-7.06000568590109,-25.1174147756434,-5.77794886538616,-49.0180852218764,-18.9674352995085,-13.9201221883127
25-Jan-2025 19:21:35,2,8,-0.00796031830832362,0.358769603570302,0.0334804800649484,0.070962256193161,-0.00830018358925978,0.0594637190302213,0.995670306682587,-23.0208942968571,-40.2168624770665,-19.0039308445421,-41.7051025558151,-37.7402601635589,-11.6765849145856,-42.6999953898935,-14.0610974746487,-11.0541584847892
25-Jan-2025 19:22:16,35,9,0.0106954677030444,0.366139421860377,0.00749675718446573,0.239102350672086,-0.0112143981580933,0.0905039971073469,0.966702322165171,-4.08586078154851,-17.4906183975427,-7.3528702731393,-68.4130413356584,-40.7901430136378,-20.90811708834,-54.1723315612478,-26.3786036677331,-21.0359122006397
25-Jan-2025 19:22:28,105,10,0.0540242724120617,0.372949635982513,0.0233952882389228,0.0370410231252511,-0.0207761677602927,0.214652000864347,0.975766809781392,-23.0325740606092,-19.2708741294858,-10.5162744776915,-37.3206207048692,-52.4814525919186,-29.0270484130255,-80.0363444991702,-56.4359554846655,-38.3378642825916
25-Jan-2025 19:23:16,10,11,0.0304227776825428,0.352840554714203,0.0542078892389933,-0.0938892846306165,-0.0175516580541929,0.123231136302153,0.987770648797353,-29.3903951519894,-31.6434558922925,-12.4929485353754,-9.55824597498393,-24.8232199759741,-16.5980826790136,-51.3070942445045,-35.0388162686659,-25.7851451150181
25-Jan-2025 19:23:28,170,12,0.0662203133106232,0.367594919602076,0.033164672801892,0.0713486284017563,0.00175928364818295,0.184957070151965,0.980151589711507,-9.34851517050682,-30.4528185950077,-11.7785661570045,-37.5592177597743,-34.3422339709543,-21.2385259467752,-68.48975604893,-61.9150295689272,-39.1041880354203
25-Jan-2025 19:23:58,137,13,-0.0193356091777484,0.363946215311686,-0.0139968880141775,0.321227043867111,0.00121013501969477,-0.0980527962247531,0.941911574204763,-4.07899558985701,-24.710112151048,-11.1922443796118,-83.6216334043333,-44.7574711904014,-24.5610588135859,-17.8522533786505,-20.3412736364919,-16.6800758887898
25-Jan-2025 19:24:12,217,14,-0.000304910368019288,0.37631978392601,0.0774645422895749,-0.237942734360695,0.0235580005993446,0.138000316421191,0.961136428515116,-71.1967730160239,-54.9933245608265,-26.2964602323826,-3.19637944394137,-11.2896085842763,-7.78973715840494,-78.1898977787612,-19.2236121842553,-16.0838548105531
25-Jan-2025 19:24:53,371,15,0.0447201776007811,0.370522552728653,0.0568786665797234,-0.135847344994545,-0.0384542115032673,-0.00223611084123453,0.98998072942098,-62.3317095847691,-39.7624232412249,-11.9933276253888,-26.2891132939124,-33.6497051539721,-23.3595449023097,-48.877029093015,-64.5362403150056,-40.0663541162351
25-Jan-2025 19:25:05,120,16,0.037440599501133,0.361368135611216,0.0796977361043294,-0.11953406482935,-0.0270412981510162,0.0373246682186921,0.991759129365285,-43.3676339289174,-50.7148273147995,-16.5434094312247,3.83634566441498,-15.6667831620471,-13.4419636753958,-41.3118063967094,-53.0335176944729,-33.3888725750174
25-Jan-2025 19:25:27,136,17,-0.0482992877562841,0.351293627421061,0.0918275251984596,-0.165030506253243,-0.0012233028265958,-0.130109350879987,0.977668150266012,-54.8777144353305,-58.838224281625,-24.3500500120857,-8.48151008751952,-8.47699668618,-6.90573323803548,-0.370540023098573,-3.05571993295744,-3.88934938545794
25-Jan-2025 19:25:40,344,18,-0.0560885312656562,0.381614083051682,0.111831074456374,-0.332188032070796,0.0191843163222075,-0.203106657663981,0.920885876814524,-105.703373691936,-79.0397357581475,-34.6604893750931,-8.15097993311187,-28.3639762818212,-17.0589066606023,-22.1232270803664,1.63748831274568,-1.75242888735256
25-Jan-2025 19:26:25,137,19,-0.0202001692106326,0.371257205804189,0.0097241518398126,0.262464787562688,-0.00540963277841608,-0.156119272112846,0.952213100592295,-30.5508631669027,-41.1681709243854,-20.3629559491023,-89.0891961323828,-41.9074954761767,-24.5257756002328,-20.4546773115848,-26.7966694593668,-19.1049735611741
25-Jan-2025 19:26:39,56,20,-0.0548102267086506,0.386480557918549,0.122643099725246,-0.252387603123983,0.0123957222948472,-0.136078802744548,0.957929762204488,-96.4234079204289,-93.3813674385343,-46.5230297483351,-23.2833933884222,-28.5259980614087,-17.888502435007,-36.7404609550131,-30.2703948255746,-20.8953117864362
25-Jan-2025 19:27:27,204,21,-0.0203868058820566,0.403114821513494,-0.0436520002782345,0.377325622240702,-0.0402911153932412,-0.0288682993501425,0.924753292401632,-15.3433778359467,-36.4433749920038,-17.0218688226471,-120.423218150341,-90.8289753755286,-48.5862565654256,-60.2183118317933,-39.2282760091383,-31.6531960742327
25-Jan-2025 19:27:39,343,22,-0.000754538568435237,0.37763982017835,0.0281369893501202,0.228139013051987,-0.00206485946352283,-0.123211919267972,0.965798691908519,-36.5991064875005,-54.5232940957109,-27.2457959627735,-88.0378606100702,-48.5110592537758,-28.611266092822,-18.6081254577896,-51.0679518918666,-38.7570016038697
25-Jan-2025 19:28:14,154,23,-0.0616423837840557,0.400251964728038,0.039492130279541,-0.0938913285732269,0.0316952273249626,-0.233484794696172,0.967297633488973,-105.537888733273,-78.752018874871,-46.5430894796003,-74.4264251591242,-86.3919073116183,-51.5363363368806,-40.0174537888815,-40.658957500271,-30.6284897345374
25-Jan-2025 19:28:28,279,24,-0.0185419580588738,0.397824130455653,0.115975689888,-0.262582194805145,0.0388985936840375,0.034930765380462,0.963489345709483,-96.7241469943884,-96.0002003303184,-53.5759384507345,1.55190742834622,-3.01689752606958,-8.25758968751673,-80.1319657025931,-47.5146965125276,-32.4651174840762
25-Jan-2025 19:29:11,252,25,-0.0335824504494667,0.364909644921621,0.0109755497425795,0.00705688868959745,0.020186052719752,-0.142576192816099,0.989552819728851,-51.6822429248832,-42.137205688855,-19.1198182098331,-48.4536612812659,-58.7823410169024,-36.2415460567087,-19.8486308265315,-20.5811579006476,-17.370252357576
25-Jan-2025 19:29:26,181,26,0.12749743660291,0.42008646329244,0.0622617388765017,-0.145504751801491,-0.126034367084503,0.310269623994827,0.930953927834829,-59.3284610674879,-37.3813609342531,-17.4757422432003,-15.52934021382,-8.50496372988211,-11.8367038238667,-125.228000186024,-117.446813419813,-66.536926527827
25-Jan-2025 19:30:23,190,27,-0.0433808940152327,0.382704728841782,-0.0212881712863843,0.139374538262685,0.0130495039746165,-0.120709370573362,0.982768408457438,-46.3592174008625,-50.3937550363885,-22.9622882819989,-78.208454244547,-85.0356526024143,-50.9078260198364,-33.4564545388854,-30.7635354686234,-25.2739000897674
25-Jan-2025 19:30:37,380,28,0.0152199504276117,0.397448966900508,0.0783263062437375,-0.31731219291687,-0.0115989943345388,0.130832673112551,0.939181097348531,-100.374463390042,-58.602983910065,-28.8166982568573,-19.8572141093745,-20.3427254488817,-20.3111579810902,-100.173367578396,-48.2614908488242,-35.7726733178879
25-Jan-2025 19:31:35,34,29,0.000446775109351923,0.397029429674149,-0.00813831674555937,0.0306608234842618,-0.0610106147825718,0.181302928924561,0.981053988138835,-51.9470264647018,-52.7290088679213,-29.1102541482169,-65.6415614131419,-90.6893120018689,-52.8402090560022,-99.8549063912463,-45.2801026200329,-33.9616543908266
25-Jan-2025 19:31:50,112,30,-0.0960006018479665,0.428711970647176,0.154670110344887,-0.212941912810008,-0.0400511754055818,-0.222439315915108,0.95056422551473,-122.754709858142,-143.653092437413,-74.7974922516779,-59.9480835143688,-29.780689072075,-22.6110939098206,-25.9634923746132,-35.9390999522909,-29.5163493756709
25-Jan-2025 19:32:42,179,31,0.100845869382222,0.392661629120509,0.0591253759960334,-0.0528436203797658,-0.0481803091863791,0.128664749860764,0.989106488227844,-50.5813946660618,-48.1110646188856,-24.6634032976975,-40.4880282198254,-39.3011552712734,-30.0583591576964,-76.8895458562785,-106.435898166462,-64.4887393254915
25-Jan-2025 19:32:55,236,32,0.0187489710748196,0.396613121032715,0.0132130087042848,0.00752452105904619,-0.0464255717893442,0.306046940883001,0.950854003429413,-30.1413285009489,-69.1840009124012,-36.1035542594269,-52.9778433006564,-84.3905998617727,-53.5067642679176,-115.432710869711,-58.4258272568705,-41.3873866856671
25-Jan-2025 19:33:37,352,33,0.0406058313945929,0.403705010811488,0.0197791535407305,0.234142182270686,0.0290815359602372,0.0530900495747725,0.970316012700399,-44.0447475842431,-60.0420881024566,-34.7119165038686,-104.754597285184,-59.0280924171255,-38.579882791504,-84.7285688731163,-84.863428558031,-56.2415389293866
25-Jan-2025 19:33:50,188,34,-0.0297829583287239,0.386092511812846,-0.0599515070517858,0.0875638425350189,-0.0520288353164991,0.0843098163604736,0.991219961643219,-2.8349190384492,-26.8705775791294,-15.5257629669671,-51.5967199130063,-110.638578322585,-61.7847274689957,-60.1340599280429,-21.2812534872321,-21.8500531187493
25-Jan-2025 19:34:39,175,35,0.00875496858110031,0.405726142724355,-0.025166813035806,0.0476362116634846,-0.0928544153769811,0.244963186979294,0.963899326324463,-45.3600402492681,-51.5678671953527,-32.2899114488026,-67.6914065211297,-111.158354199774,-64.3476458795625,-112.30394122179,-53.7653455115415,-38.3981192764908
25-Jan-2025 19:34:54,299,36,-0.0958771054943403,0.414435132344564,0.107507110138734,-0.110725648204486,-0.0268033220122258,-0.219301513830821,0.968982477982839,-108.366786308653,-124.405680327395,-68.4891414892032,-71.863749108753,-65.5969257793966,-41.3472551437534,-0.629911891954473,-2.96658819562463,-12.7790640929117
25-Jan-2025 19:35:37,188,37,-0.0161726947873831,0.377632810672124,-0.0148809503763914,0.109248344103495,-0.0495238155126572,0.0944224685430527,0.988279648621877,-29.0688343028122,-48.4225009182198,-29.8682327419531,-59.874521770987,-83.9342515255929,-51.7553623733131,-65.0970635642721,-31.6264183671901,-23.3749183719633
25-Jan-2025 19:35:51,345,38,0.0619958338638147,0.422367574771245,0.0586224012076855,-0.0497918802003066,-0.0381300757328669,-0.04605985780557,0.996968106428782,-105.979028298861,-50.9585470589399,-33.5297238011593,-89.6724870146241,-58.670689511066,-41.5170493548958,-88.848158408978,-116.310594733322,-68.1104745438753
25-Jan-2025 19:36:41,187,39,-0.0525068548818429,0.407230208317439,0.0731004556020101,0.0820428962508837,-0.041602373868227,-0.129585252205531,0.987292218208313,-84.4841167097166,-106.130256871385,-62.263758077758,-98.6043969912582,-58.3901460206203,-41.2843386796109,-60.9207553846105,-50.1620787167175,-32.7570250239144
25-Jan-2025 19:36:54,200,40,0.0141623584553599,0.410583657026291,0.014377047183613,-0.07164532939593,-0.0145132235561808,-0.05909072731932,0.99557249546051,-101.777557301725,-44.2450983102331,-32.918708503952,-78.6617388146881,-89.8200073094166,-58.5967990307792,-80.9596440465986,-83.4222044622054,-50.9846176034285
25-Jan-2025 19:37:48,195,41,0.127618107199669,0.421620589494705,0.0491446122527123,0.0190245982259512,-0.0131577152758837,0.264146059751511,0.964205300807953,-47.7688101343403,-53.0588761775336,-29.4239745979686,-64.3414377323976,-54.3435110802062,-41.4116189263215,-116.708068907233,-127.676930266936,-76.6591722251435
25-Jan-2025 19:38:01,92,42,0.023168146237731,0.413990706205368,0.12562234501044,-0.143676458795865,-0.0595609582960606,-0.053667438775301,0.986371843020121,-102.760884204043,-107.835095680637,-57.0242815923082,-60.147451435714,-24.4192888843649,-26.6617050711889,-72.9019083535294,-104.040407688836,-65.053108178881
25-Jan-2025 19:38:50,35,43,-0.078936064740022,0.412192898988724,0.0989084477225939,-0.0431808578471343,-0.0538374183078607,-0.208279600739479,0.975631392002106,-102.821692644189,-123.387165719142,-67.7874983599909,-84.4716517011433,-58.899015795596,-42.7535957001251,-46.2861898567333,-44.5547198538286,-31.834353289299
25-Jan-2025 19:39:03,27,44,0.0423677052060763,0.409381061792374,0.126517093678315,-0.167347583174705,-0.0426918834447861,0.0217427837351958,0.984731884797414,-90.5904512383048,-100.417069899806,-56.6119543900148,-30.4607963905329,-16.5352587173404,-21.8812211006891,-80.2268442913346,-103.272792319434,-61.5028934617935
25-Jan-2025 19:39:49,356,45,-0.0509729926784833,0.408267843723297,0.0355088373025258,-0.200616452097893,0.0500632549325625,-0.188181843360265,0.960122044881185,-122.562160405803,-80.800783286047,-46.0217326310239,-65.1834881510497,-89.7612641058679,-55.7195680552865,-57.4601897457154,-49.6165026547553,-33.2111238170881
25-Jan-2025 19:40:03,94,46,-0.0107626447454095,0.44630039135615,0.142875880996386,-0.436147258679072,0.0347771485646566,0.00889093019068241,0.899159097671509,-159.777168131341,-130.482807837395,-72.5978915039262,-23.6088654369222,-19.2904966443853,-22.2193309217736,-118.277657143806,-86.1035290617191,-53.1897836177984
25-Jan-2025 19:40:54,345,47,0.0928314516941706,0.427037239074707,0.0193747495611509,0.0960955133040746,0.0191028114408255,0.0532254084944725,0.993764491875966,-73.6310874731722,-58.6309810950248,-41.0646697684456,-101.048169697391,-78.9994948996953,-51.0077330413558,-97.8177442495555,-134.757468601467,-81.2311718432499
25-Jan-2025 19:41:07,285,48,0.0237729045252005,0.38293771147728,0.0195938613265753,0.238782972097397,0.0463585222760836,-0.0430409972866376,0.969010345141093,-6.13844682133611,-45.363499204009,-33.1041806338361,-87.7632595782486,-38.1715095918849,-29.266992198349,-46.5935972973847,-66.9618663043976,-46.0066225056136
25-Jan-2025 19:41:41,350,49,0.0749017342925072,0.427555177609126,0.0259989004582167,0.0417061800758044,0.00122929424202691,0.0580612736443679,0.99744074344635,-86.6619786535601,-38.1912875961457,-42.6878131134027,-98.4485712874869,-85.1454707664802,-53.8943167472561,-106.429496655695,-128.220607286832,-79.1540946902653
25-Jan-2025 19:41:56,376,50,0.0223767733822266,0.39589031736056,0.0925363317131996,-0.127876607577006,0.0456028250356515,0.302692937850952,0.943368911743164,-59.657211969355,-69.4761056850156,-56.8328884559583,-2.83239453061154,-2.92989428351131,-11.2891948038923,-114.43483901336,-51.8282707764588,-39.4605927331996
25-Jan-2025 19:42:41,56,51,0.0293307858208815,0.409579940636953,0.0853730802734693,-0.10803600102663,0.0275185960034529,0.220254050691922,0.969050629933675,-80.1775678724124,-86.9139491190363,-60.2302246633581,-55.6367442701235,-59.8483587468897,-36.0996443650264,-119.383252958793,-80.6894611890464,-56.031284134851
25-Jan-2025 19:42:55,158,52,0.0756197879711787,0.387013405561447,0.0356155529618263,-0.0813655604918798,-0.0368239020307859,0.108860019346078,0.990036968390147,-54.6834695941657,-2.8508017308059,-14.9570013163412,-13.1608384671641,-59.4198090115994,-32.6437198444794,-72.9758385311142,-93.6194147740598,-59.254611274456
25-Jan-2025 19:43:39,393,53,-0.0760447124640147,0.41531328757604,0.0534404434263706,0.100483700136344,-0.0562656762699286,-0.211656852563222,0.970535214742025,-94.8879369643654,-109.681104469823,-68.372222392307,-110.397008191234,-84.188569611705,-49.7270712705173,-51.8033925960618,-46.4886305735265,-32.4451297331305
25-Jan-2025 19:43:53,258,54,0.00532406028360128,0.408785790205002,0.127397886912028,-0.257584003607432,-0.100564984977245,-0.184418745835622,0.943147079149882,-123.488185383559,-90.8917844283316,-57.398469949754,-24.2019490341162,-20.7337948441143,-16.4205914649148,-49.8872115358672,-89.6848913729506,-52.4641677110355
25-Jan-2025 19:44:30,359,55,-0.00499751248086492,0.404695425430934,0.0555301701029142,-0.227738856275876,-0.0250353792061408,-0.17393448750178,0.957734338442485,-122.887411896309,-31.2814546988608,-38.9105028887807,-60.1236538789152,-66.5548423475447,-42.3477637301562,-63.5065052546923,-66.3465595185499,-44.0401200138393
25-Jan-2025 19:44:43,193,56,-0.0772427578767141,0.40000283519427,0.083204344411691,-0.225965411464373,0.0331809667249521,-0.19311198592186,0.954225556055705,-111.674758652911,-90.7458485506996,-66.347161251976,-48.317673680751,-70.708202960268,-42.1289054737937,-41.528363754372,-21.1032599733308,-19.1229316785057
25-Jan-2025 19:45:07,6,57,0.107982669274012,0.425232301155726,0.0195204707483451,0.0970134829481443,0.00386317218653858,0.281930987040202,0.954509468873342,-23.8029207725876,-7.56350383645589,-14.0240882311708,-81.3012865193783,-77.2444712620564,-42.8523643158865,-125.548313454635,-125.654120767922,-67.0179216252391
25-Jan-2025 19:45:21,250,58,-0.0470823409656684,0.396707479159037,-0.0648989573121071,0.255530261993408,-0.0103816278899709,-0.0835023413101832,0.96313229004542,-20.9759493807903,-4.43651467841186,-12.2227238417792,-93.3433439733645,-106.049686220322,-57.0171019846497,-27.9440963861139,-36.8329176629311,-22.369450262374
25-Jan-2025 19:46:15,93,59,-0.0558028635879358,0.403123857577642,0.0636312733093898,0.0650342052181562,-0.0469826211531957,-0.278400411208471,0.957108378410339,-97.474408452307,-85.7636586993531,-53.0365887376679,-99.7166086128843,-60.7623559993496,-35.6173424370224,-33.9604558354702,-44.2612578078542,-28.922143326814
25-Jan-2025 19:46:28,211,60,-0.110216607650121,0.447552220026652,0.0497531873484453,-0.064605613052845,0.0166671672215064,-0.392421223719915,0.917362463474274,-151.823376402923,-120.969664573218,-71.1923839688185,-122.146743346768,-115.522766506965,-63.5503399850486,-39.9006333430873,-47.3906279347847,-31.0396206844976
25-Jan-2025 19:47:15,290,61,0.0889523074030876,0.430248594284058,0.0881606052319209,-0.0829990059137344,0.00919058173894882,0.267227554321289,0.960008422533671,-81.0040905417968,-96.906064973122,-57.7323249519682,-66.5800018381807,-58.9248419358124,-42.8074248213899,-136.612757543212,-122.847573477221,-75.8464492921935
25-Jan-2025 19:47:30,243,62,-0.0678785433371862,0.473952291409175,-0.130293801426888,0.420730318625768,-0.0393910725911458,-0.0862328444917997,0.902218409379323,-34.8013686545896,-31.1342829822764,-25.0031811799394,-162.887111021884,-174.61172888635,-100.807615520053,-87.2892173451305,-62.739057616665,-45.9489385853095
25-Jan-2025 19:48:16,236,63,0.00920048064241807,0.426078728834788,-0.0487285676101844,0.339742922782898,0.0883770411213239,-0.110588544110457,0.92980344692866,-55.5073537724166,8.45719415541078,-35.8820353860953,-140.57463470057,-115.804189479529,-64.270591761002,-72.3221773359942,-93.781794228808,-50.4982071930203
25-Jan-2025 19:48:32,174,64,-0.0930448780457179,0.408498668670654,0.101546429097652,-0.0566852301359177,-0.0457012164096038,-0.210904469092687,0.974790958563487,-98.3912664498827,-103.875920454308,-93.0192638522766,-74.7743498246163,-70.5870963185053,-42.6327163418118,-27.809079606187,-8.66146920880292,-8.90871584433972
25-Jan-2025 19:49:21,98,65,-0.0162766400724649,0.401187855005264,0.0948708847165108,-0.115721018612385,-0.00130331412268182,-0.0217386040836573,0.993043021361033,-93.7747726486658,-93.5755168107158,-73.1565296465067,-61.5176866767365,-59.695824682903,-34.9581247247168,-77.0323279069945,-61.9112221708808,-38.6977137047251
25-Jan-2025 19:49:35,172,66,-0.0224629528820515,0.400663222869237,-0.019463765497009,-0.0910241583983103,0.0325112444659074,-0.102390408019225,0.990037310123444,-92.6644598971691,-7.52074560092046,-29.3628745640701,-63.5460089574024,-112.881394810746,-60.7846403110995,-56.6602516900179,-57.9772889908275,-35.9644776371596
25-Jan-2025 19:50:10,5,67,0.0613448033730189,0.422848018010457,0.0140902051702142,-0.0383355937898159,-0.0261765028039614,0.039460247506698,0.998142345746358,-96.4740218548762,-29.613260958801,-41.9270445451158,-84.7242407955386,-102.777513695998,-58.5799003481712,-102.737316263042,-115.151405802055,-71.482775226539
25-Jan-2025 19:50:23,244,68,0.0445255016287168,0.412246084213257,0.0982161243756612,-0.109083474179109,-0.00569906889771422,0.0758918290336927,0.991114930311839,-87.8929171638835,-80.73790853721,-67.0636580584777,-61.9936651365383,-51.5511826684217,-32.5410245585405,-95.9926777491245,-97.9222704044516,-62.4424972518945
25-Jan-2025 19:51:12,384,69,-0.03984521428744,0.412682034571966,0.0582380587855975,-0.0929257899522781,-0.00860122616092364,-0.268260115385056,0.95881560643514,-124.005313695395,-72.5201865759841,-54.9777784589529,-93.1526968982115,-68.5290127284444,-40.6175651158098,-52.2594709518552,-61.7903738516016,-36.8936937973878
25-Jan-2025 19:51:25,39,70,-0.0251928430050611,0.417638993263245,-0.0632482911149661,0.190004803737005,0.0612521188954512,-0.156148026386897,0.967348937193553,-69.6722811960709,-16.9588282715152,-26.0348409478267,-112.728778629795,-124.461638528961,-67.4216196571762,-51.2392510842942,-70.5029864719159,-40.0877417486532
25-Jan-2025 19:52:05,15,71,0.0396325998008251,0.356755212942759,0.058426150927941,-0.0633642007907232,-0.0126124280815323,0.0879788294434547,0.994024991989136,-32.0767704155876,-28.4648800792959,-24.6496507583714,-18.0172780293495,-30.4807673219451,-19.3252900334081,-46.1563692776289,-54.1509886768667,-33.0831084781979
25-Jan-2025 19:52:20,355,72,-0.0605386584997177,0.432665423552195,-0.0192649821440379,0.135580462217331,0.0688844243685404,-0.332398315270742,0.930797636508942,-113.471000269157,-65.764190007784,-45.2057187911109,-137.301463898561,-110.725894412242,-61.3542666470518,-48.5496247575094,-28.5816402195337,-22.2048473180269
25-Jan-2025 19:53:04,99,73,0.0334764741361141,0.406391272942225,0.0907533009847005,-0.125454497337341,-0.0209681306034327,0.0145761268213391,0.991770672798157,-96.1215745725841,-85.9356949275791,-55.8213874398935,-61.0600388631111,-55.6735729667288,-37.2616831497229,-85.4192367901861,-93.8778201905795,-58.9001443526423
25-Jan-2025 19:53:17,4,74,0.00366947716102004,0.395940391222636,0.0349941598872344,0.0448654850323995,0.000706736444650839,-0.0850065405170123,0.995369545618693,-74.7812833679178,-47.4664915297389,-36.249287553953,-84.757411904475,-59.6853599373993,-38.9300784480378,-60.5478751660935,-63.6409889792989,-43.4442305599816
25-Jan-2025 19:53:58,326,75,-0.0167918593933185,0.392768182357152,0.0464779041707516,-0.0520520778993766,0.00335421557538211,-0.0540875586370627,0.997172967592875,-84.4976743092865,-61.1879073823145,-42.1233955388118,-68.1023126034301,-61.8191542502647,-39.8997061813128,-65.5148982247782,-52.5931576243024,-28.0798603711581
25-Jan-2025 19:54:12,57,76,0.105387183527152,0.423039605220159,0.0275421479096015,0.126164914170901,0.0633295451601346,0.0667608126997948,0.987732148170471,-59.2381802654642,-19.6619249326482,-20.2234376696839,-97.979614339702,-62.3677049626816,-39.0370148932265,-91.1797168478219,-134.446327219951,-67.8694785246874
25-Jan-2025 19:54:51,352,77,0.0256589741756519,0.413994522889455,0.102435805400213,-0.302763650814692,-0.0486516525348028,-0.00817986025164525,0.951787960529327,-121.981033784277,-81.5492379181418,-45.7897287525446,-9.03161282577267,-54.5857741871399,-11.425849354705,-91.4455227650668,-97.5127695460434,-50.5484069928996
25-Jan-2025 19:55:08,39,78,-0.0605903461575508,0.45364248752594,-0.0968630606929461,0.300313983360926,0.145917820930481,-0.263099354505539,0.905150918165843,-78.6039014833723,-18.4728863797888,-14.9791599029711,-149.22710322941,-156.175332344131,-62.9482353528035,-40.2485932966215,-54.9153888618406,-29.9773235704012
25-Jan-2025 19:56:01,142,79,0.0361060040692488,0.408276631434759,-0.0348094296952089,0.100668173531691,0.0199065325160821,0.0439556382596493,0.993749260902405,-56.4501492489294,-42.241603470335,-36.3396353317295,-81.2015182525078,-127.407479285046,-57.9440083363145,-78.4691397223513,-96.6079303194102,-57.8987475401973
25-Jan-2025 19:56:16,238,80,-0.0844408924380938,0.436867024501165,0.155357818802198,-0.153211259841919,0.0524661779403687,-0.0464938464264075,0.985703790187836,-113.388398239087,-153.563061957915,-92.8617584560111,-69.3157131619973,-46.6090378012286,-18.4061814748972,-84.6535650745526,-38.5290479994663,-29.7207002607168
25-Jan-2025 19:56:58,235,81,-0.0481186966101329,0.402132219076157,-0.017404289295276,0.113184431195259,0.0367209655543168,-0.203121642271678,0.971896346410116,-74.5297950470284,-55.8762998273638,-35.7053659254361,-97.5925974811136,-103.148209726408,-48.4770472869715,-40.087370036701,-38.184372498753,-31.1348692238237
25-Jan-2025 19:57:10,268,82,-0.0292660061269999,0.385385020573934,0.0352220413585504,-0.013668012432754,0.0141111468275388,-0.210712014635404,0.977350771427155,-83.1737599955334,-40.0669186661662,-27.1541777469997,-69.5184116632559,-63.5022316399814,-28.0075606459207,-29.720201886368,-31.719396520377,-27.255883636798
25-Jan-2025 19:57:33,260,83,-0.0188114300370216,0.419005837043126,0.137567280729612,-0.335735414425532,-0.0910871495803197,-0.223150696357091,0.910597852865855,-141.686725295919,-109.840370685094,-57.3020228442804,10.5815012280212,5.68338534164142,5.85448309968222,-55.490638178863,-84.0547196503316,-46.8469233789735
25-Jan-2025 19:57:48,174,84,-0.0250306564072768,0.377313949664434,0.0289276828368505,0.0663935561974843,-0.0275667591641347,0.0957319721579552,0.992807813485463,-37.0565875884304,-66.6617447557481,-35.9914036500712,-55.6436462520809,-70.4775713657981,-32.5046890245016,-66.7914642852165,-8.62829664129582,-9.41240564491962
25-Jan-2025 19:58:38,56,85,0.0398746545116107,0.395725399255753,0.0524179937938849,-0.0980832427740097,-0.0200313072651625,0.28270050684611,0.953970078627268,-58.9687256432218,-59.9842397866788,-29.9767835099175,-41.3757063666683,-52.5747906970617,-33.7747538632106,-115.12782446382,-56.5570883171176,-39.8695633719025
25-Jan-2025 19:58:51,301,86,-0.0926219095786413,0.405241841077805,0.113616233567397,-0.172887440522512,0.0496295923988024,-0.08870939463377,0.979682274659475,-92.9132402065578,-128.784115157782,-62.6738185319405,-40.2610005605202,-66.4324644133809,-39.0006880578415,-51.6939160693396,-5.64555118672072,-12.7108921431753
25-Jan-2025 19:59:44,97,87,0.0692448576291402,0.403217391173045,0.0766569728652636,-0.239574271440506,-0.0976806372404098,0.0354819267988205,0.965299824873606,-98.0980923657148,-60.3287568627525,-31.77265274581,-35.1258018610956,-44.9324360055775,-34.5758486296719,-86.0868340375203,-98.5649057432301,-60.2938975551597
25-Jan-2025 19:59:57,261,88,0.114216366410255,0.449886971712112,0.0758498181899389,-0.304430985450745,-0.216328435142835,0.229528483748436,0.898799463113149,-115.356857033875,-59.3065548886254,-32.2547281075947,-44.4977395718009,-54.8641994940592,-40.534906722761,-155.479116991276,-133.927684127863,-78.9684630963245
25-Jan-2025 20:00:42,343,89,-0.0125533709923426,0.468133862813314,0.154154927531878,-0.470541338125865,0.0624956399202347,0.0234543656309446,0.879849457740784,-182.422622766337,-145.9167652192,-81.7043928515855,-57.9329826183085,-41.660037484464,-55.3392160038414,-136.195004556679,-109.327478707304,-67.961327350921
25-Jan-2025 20:00:57,34,90,0.0234146046141783,0.414886832237244,0.10164500772953,-0.17864061097304,0.0213346549620231,0.133854572971662,0.974533367156982,-93.8891649567195,-104.035935979016,-58.7603954015367,-49.6149450879287,-21.6242091848917,-43.317719024098,-105.647361001515,-88.8044031598068,-55.6962067472153
25-Jan-2025 20:01:55,389,91,-0.0023241815622896,0.40042258699735,0.0414355186124643,-0.119788601001104,0.00357908218478163,0.0639465341965357,0.990731445948283,-90.8959404860552,-66.9204780173059,-34.5425160799067,-59.8900458355899,-58.6309910590922,-48.9793749740108,-92.7596505818369,-59.2314361650394,-33.7237766021437
25-Jan-2025 20:02:10,13,92,-0.00228048123729726,0.486365328232447,0.193518968423208,-0.3125039935112,-0.193923050165176,-0.187959450483322,0.910717503229777,-184.458178106457,-178.131951181641,-90.1533500765608,-82.6140583931329,-25.6238010236995,-32.4808773708012,-99.0362715117448,-145.089193271662,-76.6577525699415
25-Jan-2025 20:03:03,335,93,0.133209196726481,0.423682574431101,0.0588337051371733,-0.0754950895905495,-0.124837972223759,0.289188460508982,0.946089871724447,-51.8468945561124,-51.3002117430679,-26.693488230942,-47.6797489707153,-47.2089403112148,-41.5136625650196,-122.24548375305,-130.413790295251,-78.2256608019467
25-Jan-2025 20:03:14,335,94,0.132630525032679,0.42377047141393,0.0510974864164988,-0.0461767432590326,-0.117662903666496,0.291507496436437,0.948180524508158,-46.6093247772089,-49.119862309935,-25.6039041460056,-52.7196318790199,-49.6132058228174,-42.716385952451,-122.491324773139,-124.10145538209,-75.0700839769964
25-Jan-2025 20:03:56,20,95,-0.067027127246062,0.423361599445343,0.0243021403749784,0.156979543964068,-0.0216202983011802,-0.297542844216029,0.941466029485067,-104.942910236983,-99.1421987305418,-52.7637899926936,-130.350853384195,-83.1075728687911,-57.6793909502189,-48.0759983947753,-24.4182605088412,-38.0020051000278
25-Jan-2025 20:04:09,219,96,-0.0752528632680575,0.443841632207235,-0.0746472289164861,0.275614323218664,0.128766321142515,-0.318005150556564,0.897957873344421,-86.0417380186113,-50.1468858313836,-27.22647680204,-149.598296957815,-134.329284592674,-82.2505900710856,-29.2249632717625,-14.0216930980964,-31.7640646535809
25-Jan-2025 20:04:52,378,97,-0.0120876967906952,0.428505458434423,0.108338231841723,-0.273838094870249,0.0410403368373712,0.0788906281193097,0.957655831178029,-128.846038944699,-114.683414229369,-67.7540448960451,-59.2302454559476,-72.6260771270389,-45.6168421524788,-118.644758179259,-67.7970538507203,-53.7734493865409
25-Jan-2025 20:05:05,129,98,-0.0441235393285751,0.409763487180074,-0.0450900899867217,0.0928931524356206,0.00616569432119528,-0.0386509530246258,0.994906520843506,-68.2053025804845,-51.2155686523626,-34.4066639883877,-87.8180824793591,-118.408412130661,-66.8945515351359,-69.2040704596721,-27.3596002423888,-31.9412644632211
25-Jan-2025 20:05:54,323,99,-0.0230152639249961,0.41621261437734,-0.0585367466012637,0.177964687347412,-0.0836172526081403,0.0973793566226959,0.975630064805349,-47.2755093955922,-10.7842539523292,-38.2802326327088,-97.23987766479,-128.108661939357,-73.588178393421,-93.3681843012862,-51.0009507743464,-37.4323659543556
25-Jan-2025 20:06:09,241,100,0.0641652350624402,0.371618789434433,0.0384662749866645,0.0897730156779289,0.0234573015322288,0.0350084123512109,0.995070374011993,-22.4119844552779,8.18619353073923,-27.4414232109016,-50.2692517661187,-41.1153288758068,-28.7379261813727,-44.4432996023171,-82.7846018676838,-51.9706058207513
25-Jan-2025 20:07:18,316,1,2.49886875584101e-05,0.327587660153707,0.0433520826200644,-0.0152251726016402,-0.00369258512121936,-0.010070560934643,0.99982658624649,-8.47500000000001,-15.5249999999999,-5.77500000000001,-5.17500000000001,-13.725,-5.85000000000001,-6.30000000000001,-6.30000000000001,-8.25000000000001
25-Jan-2025 20:07:29,320,2,-0.0119242415452997,0.32844603061676,0.0389114320278168,-0.0111538191636403,-0.00117592910149445,-0.0178770066549381,0.999777321020762,-9.10394950946497,-19.9284941137587,-7.46440814136091,-6.42126407044891,-19.8269048176775,-8.38861940225274,-3.45039448041224,-1.17656131633551,-5.17593678980131
25-Jan-2025 20:08:01,20,3,0.0136316807940602,0.330152336756388,0.0492833348611991,-0.0780622785290082,-0.0102677932629983,0.00901194351414839,0.996854909261068,-16.2302897807893,-4.45638650005876,-0.442480474512977,3.24985476964874,-9.66796087882221,-6.49827652729338,-12.0858592281472,-12.4392467488132,-13.4151531696182
25-Jan-2025 20:08:13,114,4,-0.015218789378802,0.339545472462972,0.0391509398818016,-0.0433195268114408,-0.00153658714455863,-0.0346901734670003,0.998457670211792,-25.7661437081284,-26.7744312625024,-12.105285907659,-13.6621449288979,-27.8512047533237,-16.0936779711088,-14.7841952063497,-2.44315818844561,-8.92089491306734
25-Jan-2025 20:08:55,262,5,0.0117718854919076,0.343053358793259,0.0307387143373489,0.00434528586144249,-0.0155607507253687,0.129214497407277,0.991485063234965,-9.57568030892195,-23.2904195653499,-8.69425173921002,-14.3908483832344,-27.6001651328467,-17.9366363408233,-40.9755270049598,-15.5847802267686,-11.8820471642234
25-Jan-2025 20:09:08,196,6,0.00215546829470744,0.354218300183614,0.0823644280433655,-0.148526555299759,-0.0121835500622789,0.00056779562534454,0.988833177089691,-46.1665715496843,-49.3991517457155,-22.394160525211,-8.2994333081062,-13.8835237915043,-11.7238642749026,-31.7248517679384,-36.2427375415691,-22.8565635645937
25-Jan-2025 20:09:52,390,7,0.0136723853647709,0.354167878627777,0.0558784504731496,-0.162292016545932,-0.0109379518777132,0.0917896956205368,0.982403369744619,-44.2184995971826,-5.81321523578779,-0.877929141472729,-5.40963931417196,-22.5633508630996,-16.6217621495263,-50.817681376756,-24.0642380893561,-16.8612403323621
25-Jan-2025 20:10:05,300,8,0.0623009366293748,0.36602801879247,0.04118906930089,-0.0454693717261155,-0.0240218799561262,0.00324741494841874,0.998671611150106,-41.4137832389155,-9.73593028213694,-3.23155816928222,-30.6283321047649,-37.4026688806219,-24.4336878091564,-38.2997331384937,-74.8017047250002,-42.6222492232298
25-Jan-2025 20:10:48,228,9,0.00295010833069682,0.365604394674301,-0.00775430159022411,0.164798432588577,-0.00212995555872718,0.0211948778480291,0.986097248395284,-17.9762998669568,-32.6120891906833,-17.70725351441,-60.3433916749019,-59.3395801887444,-37.4553897705937,-42.4094142121353,-38.9628636904252,-26.8990338066863
25-Jan-2025 20:11:01,120,10,0.074509708583355,0.369386035203934,0.0641120466093222,-0.110259635746479,-0.0504539042711258,0.092491560180982,0.988301348686218,-42.2104599678874,-17.080942098573,-8.38856525914382,9.62932085159949,-1.01164374686048,-6.73830881008482,-55.0420562511448,-74.9349208639943,-43.3319460333105
25-Jan-2025 20:11:36,103,11,-0.0104602699478467,0.367846792936325,0.0477517659465472,-0.0647421558698018,-0.0100018560265501,-0.132813433806101,0.988973740736643,-66.0363465729816,-42.5423433202191,-22.5470193485956,-43.2425203829261,-38.4084563456153,-25.434781088091,-29.5441490852047,-35.9857621707742,-27.5269170403292
25-Jan-2025 20:11:48,355,12,0.0032710009564956,0.371202085415522,0.0799796943863233,-0.0765492379665375,-0.0290799049039682,-0.109427433212598,0.990616106987,-65.9757072261869,-63.4195840793657,-31.254161822234,-39.9920392917195,-4.52356259348465,-6.76085630609076,-33.5772967928709,-56.3694342990983,-35.9872751985563
25-Jan-2025 20:12:30,179,13,0.00978770827253659,0.370443441470464,0.00213440330699086,0.100928752621015,-0.0377714735766252,0.171928741534551,0.979197259744008,-19.4954786086815,-39.3903727360346,-5.40172364162068,-48.7383823502093,-59.3071268801391,-34.9749621904703,-73.2206977603397,-32.5817364906431,-24.351492222881
25-Jan-2025 20:12:43,327,14,-0.0525659454365571,0.391480952501297,-0.00173711513634771,0.315703248977661,-0.0559023613731066,-0.158869097630183,0.933790330092112,-37.4686057888477,-73.5813382639923,-21.5888022462289,-110.859630592409,-70.0446249804109,-39.4353070812355,-3.03190839790914,-9.19251068188869,-11.7484751591332
25-Jan-2025 20:13:35,40,15,0.0129765019441644,0.392101828257243,0.0283963783333699,0.132414266467094,-0.0054723723170658,0.112428536017736,0.984782413641612,-45.3484183956301,-55.4291975159407,-26.7044148658506,-82.1381562823234,-56.2723479252775,-34.8334296723165,-87.2459079208673,-49.0422158772754,-32.4004599692242
25-Jan-2025 20:13:49,344,16,-0.0622478395700455,0.392977680762609,0.123567408819993,-0.306012737751007,0.00244571867709359,-0.213062462210655,0.92787637313207,-112.355899085303,-93.3112467770294,-44.0444987346455,-24.6271126049233,-31.6895458746569,-20.9410878852567,-16.6053006228243,-29.3692689383705,-20.9630457380223
25-Jan-2025 20:14:27,12,17,-0.0294747343907754,0.376712429523468,0.0453797576328119,-0.129088864723841,0.0110735296582182,-0.215979554255803,0.967763559023539,-88.2466796294441,-53.3758951729905,-24.7274426511778,-47.6959884160438,-49.5807984412986,-33.6586229496295,-24.2658501606914,-32.5326920580596,-24.7881016257937
25-Jan-2025 20:14:40,360,18,-0.0692164977391561,0.379876005649567,0.0222621899098158,0.0780296703179677,-0.0140439218531052,-0.0989272991816203,0.991931132475535,-48.4327805537838,-84.7036811250299,-39.8987147993877,-63.3209504760661,-80.0426288306509,-48.3969173164958,-14.3483340325711,-23.9839258145421,-20.0210976762252
25-Jan-2025 20:15:23,360,19,-0.0587754207352797,0.38073100845019,0.00994499077399572,0.101552386581898,-0.016675312196215,-0.0921196907758713,0.990415612856547,-48.7113287445576,-76.3757267210938,-39.5148378966986,-70.6291894012707,-83.1068023865493,-52.6072489249738,-37.1996863832069,-27.3272627917047,-23.3067287687728
25-Jan-2025 20:15:37,210,20,0.0451730911930402,0.393761259317398,0.0706126257777214,-0.27124267021815,-0.0581597981353601,0.128967073559761,0.952056733767192,-87.9818847221187,-43.7410998056118,-22.4857635258525,-12.8882946847249,-6.33541896719143,-13.5097963021898,-94.9746505260674,-66.178332657563,-42.0205027885968
25-Jan-2025 20:16:25,49,21,0.000711304512030135,0.363737277189891,0.074788532157739,-0.084842519958814,0.022698896129926,0.168912007411321,0.981710382302602,-36.7701460621749,-62.8717700316448,-31.2246110049094,-17.8350702266778,-29.8539898932197,-20.216666396869,-68.4147855992416,-28.9158403689586,-20.1672001626787
25-Jan-2025 20:16:38,72,22,-0.0136836233238379,0.374680493275324,0.0178130305061738,-0.136530989408493,0.0102476491903265,-0.0163644933452209,0.990447640419006,-70.1785180863013,-27.5359194908081,-14.4518608194988,-33.2010406559904,-69.7373887929636,-41.0535409317487,-50.102673286006,-37.237205176505,-25.2230576514596
25-Jan-2025 20:17:19,283,23,-0.0458892576396465,0.401594007015228,-0.06898196687301,0.235484490791957,-0.0147916674613953,-0.0624456656475862,0.969757091999054,-38.6911263257694,-44.0259809913529,-26.809427538379,-95.0904071695514,-114.699491942907,-68.1216646081405,-49.4958498411278,-36.2617744624303,-28.4750938392019
25-Jan-2025 20:17:32,333,24,0.0341077071925004,0.377684253454208,0.00712449485436082,0.156931590040525,0.00419512512162328,0.0606247593959173,0.985738054911296,-26.5049338751845,-31.118405555896,-19.9701766092672,-65.8979286251559,-58.3890662586226,-39.5809885546151,-59.4813479428154,-61.1814964125771,-40.5494916028919
25-Jan-2025 20:18:15,14,25,0.000178862452836862,0.387424157063166,0.015969750409325,0.213896383841832,-0.0026859926370283,-0.0200434021651745,0.976647047201792,-41.1394962855678,-51.5208704797674,-25.4632137871246,-93.4122527386881,-54.6971884749871,-33.8266224451253,-60.2489366773595,-47.1344491095392,-33.3938804553806
25-Jan-2025 20:18:28,304,26,0.0758853008349736,0.413430164257685,0.0426199917991956,-0.167288693785667,-0.0834175159533819,0.232994245489438,0.954342559973399,-81.8621630802894,-36.5562064933577,-17.6396262947673,-44.7415590016308,-78.1878830013413,-45.23071420915,-123.014052288518,-96.7933321332804,-57.8820664680988
25-Jan-2025 20:19:10,383,27,-0.00709968724598487,0.371019593874613,0.093736586968104,-0.174635780851046,-0.0213635773708423,-0.05714104672273,0.982741514841715,-72.1840979568599,-69.3321037212824,-39.6437020763809,-24.7124130037706,-32.1930202488136,-22.9617940337406,-41.6582463373917,-49.8692328405722,-32.5366978834389
25-Jan-2025 20:19:23,138,28,0.0758354191978772,0.406922801335653,0.0148941849047939,0.154969061414401,0.0160210847854614,0.20881604552269,0.965465541680654,-37.328979136836,-30.7054374248631,-21.4205085486678,-84.4220814931918,-66.0014133130873,-40.956130186374,-106.271729054946,-95.8126015292997,-56.5985218482992
25-Jan-2025 20:19:52,256,29,0.0746416494250298,0.402205659945806,0.0768236910303434,-0.219560382763545,-0.085221503674984,0.108346164723237,0.965811395645142,-86.1738429084716,-49.5455876400691,-26.427452525392,-2.99328525370604,-8.11967386744669,-6.50832134927654,-93.8929918619062,-98.5776730570875,-53.6807034283358
25-Jan-2025 20:20:05,138,30,0.105699361364047,0.407070273160934,0.0307566251605749,0.0692792018254598,-0.000912602486399313,0.273369884490967,0.959410448869069,-28.9011344958841,-16.9033272651204,-11.5356194059472,-61.8085771061836,-51.9762716871588,-29.8659173271621,-109.37539727129,-107.158005367974,-59.4001666518086
25-Jan-2025 20:20:27,87,31,0.064454697072506,0.403039314349492,0.0882731224099795,-0.212431374192238,-0.0781718497474988,0.0706251422564189,0.971480305989583,-90.5235920873505,-63.0145644357793,-33.3661479566572,-18.0533077442129,-14.4502894285977,-9.81843217156288,-83.5924025984763,-99.9442602666484,-53.1620925400371
25-Jan-2025 20:20:41,315,32,0.0579954201976458,0.370340100924174,0.0293566521257162,0.111811595658461,0.0152449106797576,0.0982091039419174,0.988747032483419,-17.6077273128632,-5.95095263854703,-3.03981294132616,-50.187695540815,3.49500173855113,0.948742528726418,-54.7699371019042,-64.7938617761679,-33.7923641780819
25-Jan-2025 20:21:16,290,33,-0.0295323787877957,0.358550224701564,0.062969725827376,-0.104406324525674,-0.0118304174393415,-0.173532253503799,0.979206804434458,-64.2112304999811,-43.144950708208,-23.0283712366221,-30.4243583681075,-28.827275985266,-7.12425359779808,-12.6861752661449,-18.0541255467823,-15.08599956061
25-Jan-2025 20:21:29,112,34,-0.0814050252238909,0.414646555980047,0.112953606247902,-0.190251878897349,-0.0514709711074829,-0.318416392803192,0.927235086758932,-128.389123273435,-108.555221130104,-55.875602135313,-68.4182215336358,-50.4532985681773,-18.0793605769968,-8.06150960038266,-10.6564086986592,-11.5292368242915
25-Jan-2025 20:21:54,233,35,-0.0642439971367518,0.42668337225914,-0.088340736925602,0.351827269792557,0.053269225358963,-0.183509969711304,0.916353666782379,-32.348596918302,-26.9676689122453,-17.2312918964565,-129.033659276634,-133.2651669338,-64.7699096319561,-38.9472499857778,-26.7138976065696,-19.293419266697
25-Jan-2025 20:22:06,169,36,-0.0366652357081572,0.388455041249593,-0.00287878060092529,0.0980333134531975,0.0422318711876869,-0.189972007274628,0.975969541072846,-65.4461847088529,-0.105102575646255,-1.7090099584265,-83.6461903100408,-84.5652409901327,-38.3289478903919,-30.2486684808778,-31.8134289577977,-19.7521861725806
25-Jan-2025 20:22:29,37,37,0.0186908843616645,0.40060529311498,-0.0175574824213982,0.140205816427867,-0.078922330836455,0.287176356712977,0.944268683592478,-14.6231701627299,-4.42137170097825,-3.68117446101664,-73.2209072988082,-97.4100374808901,-47.3704505767323,-111.941146888595,-44.9152706760748,-25.5476230308322
25-Jan-2025 20:22:42,10,38,0.0531934544444084,0.417852560679118,-0.0447127841413021,0.170477132002513,0.00724988992636402,0.0715950325131416,0.982730408509572,-38.2370422630224,-6.14756471144946,-4.71689026729937,-96.158858798091,-123.22630023965,-60.4512012571595,-86.0565956562981,-106.924304890079,-56.7247594388812
25-Jan-2025 20:23:34,197,39,-0.0149676141018669,0.41755606730779,-0.0515872860948245,0.217596829930941,-0.0820865492026011,0.113823025921981,0.965897397200267,-44.9024676548835,-54.6228141356174,-36.9476657656985,-104.713099770522,-124.645666956704,-69.0940726525205,-98.4355498945378,-41.7871464624621,-40.5270740409827
25-Jan-2025 20:23:49,112,40,-0.08002503712972,0.408016055822372,0.141859808564186,-0.14888289074103,-0.0549942259987195,-0.169226069251696,0.972713696956635,-98.7728624452853,-125.928870466698,-71.6568878949839,-53.3461682216594,-24.7361610920787,-18.1955136839528,-27.1605601891282,-29.4179768836779,-33.3986832153354
25-Jan-2025 20:24:30,136,41,-0.041862886150678,0.377117488781611,0.0179230333616336,0.151505730549494,-0.0401850149035454,-0.076193431019783,0.984695796171824,-41.0145139226398,-67.9076820051873,-40.9615021542673,-76.0700865360989,-66.8596450121343,-40.6924827592788,-37.6156416705548,-29.2789139918442,-22.1832317742546
25-Jan-2025 20:24:44,115,42,-0.0005901797383558,0.392620235681534,0.117225374778112,-0.189186375339826,0.0365535872677962,0.107107013463974,0.975397380193075,-78.2045772430894,-95.6260193842797,-53.4378655004758,15.6556987880091,10.2040316870114,-0.777839066368317,-83.7286892748408,-56.5074145081495,-34.4146766890696
25-Jan-2025 20:25:32,69,43,0.0727891211708387,0.4352186024189,0.0926869491736094,-0.300575882196426,-0.0970108797152837,0.129553357760111,0.939925003051758,-124.814910337519,-84.6206814280038,-53.9875205099793,-50.0138362514513,-61.195591708576,-44.052484064433,-130.52311509773,-119.380778564743,-73.6606184624063
25-Jan-2025 20:25:47,160,44,-0.0799915740887324,0.395453665653865,0.141520443558693,-0.136996801694234,0.0301243364810944,-0.0949274182319641,0.985552219549815,-76.5680079157168,-118.792506627207,-67.0328318108538,-36.783814015847,-26.7054749752426,-22.7668243990394,-4.50712249492734,-4.63758582335072,-12.2484207929834
25-Jan-2025 20:26:40,280,45,0.0109015466024478,0.404822144905726,0.113980304201444,-0.230601421991984,-0.0298549724121888,-0.0425938102106253,0.971657085418701,-107.106898841684,-102.731477939992,-59.3302344743504,-44.5959862447125,-45.5569405519304,-34.8567288508016,-74.1094967198681,-83.9417204065211,-53.9693729703715
25-Jan-2025 20:26:53,82,46,-0.0654187475641568,0.402386154731115,0.00422040649379293,-0.0153465956449509,0.0593079773088296,-0.258730870485306,0.964003892739614,-96.5573221054521,-68.725069635581,-43.5896423599024,-86.6836350662037,-90.0459051195498,-58.363823172369,-26.2608378822409,-22.0596606816301,-24.2909551456837
25-Jan-2025 20:27:38,267,47,0.0907819484670957,0.443486992518107,0.0431232693294684,0.0191268081466357,-0.00665890257805586,0.0660247772932053,0.997612452507019,-103.459896120712,-74.2126132289056,-42.8067970972026,-109.09263927005,-76.8604809111706,-52.562621336975,-121.832966664455,-136.549497945525,-83.6422406576189
25-Jan-2025 20:27:52,178,48,0.0196051359176636,0.418235782782237,0.110838009417057,-0.148567377527555,0.0853055755297343,0.298468158642451,0.938918002446492,-81.2185074873433,-106.467685334879,-56.2878271565092,-17.6805399871579,-28.4959262788802,-25.7338380271498,-134.837083586008,-72.993302176449,-49.2176367794008
25-Jan-2025 20:28:47,174,49,0.0401653741796811,0.394076639413834,0.0524565411110719,-0.0328634046018124,-0.0146639729539553,-0.0725854814052582,0.996712803840637,-80.0355908616066,-59.5372417704975,-33.738704739238,-68.4570924651199,-49.553967867972,-33.8255218506936,-61.1752760503407,-88.0281562813315,-57.2051551664363
25-Jan-2025 20:29:00,71,50,-0.000360855648371701,0.407240198055903,0.102962079644203,-0.0219969224184752,0.0086047408481439,0.0235433418303728,0.999443789323171,-78.1839755222479,-120.025411338139,-65.1020621634521,-72.1952498196362,-62.1551615096369,-41.2453913119195,-82.6363264023294,-93.3516887507193,-60.9861940415236
25-Jan-2025 20:30:08,78,51,0.0205169389645259,0.421178499857585,-0.0254120743523041,0.201793179909388,-0.0763678794105848,0.235628063480059,0.947590057055155,-45.0846870706023,-60.7369334527816,-39.5315221922967,-105.586367920092,-106.603046985551,-64.2913148534397,-123.296724686185,-73.8406223448357,-50.4688557949428
25-Jan-2025 20:30:23,247,52,-0.0464043299357096,0.459375727176666,0.179740917682648,-0.320659939448039,-0.0478828971584638,-0.173213697473208,0.929990021387736,-162.313466334695,-159.494783212259,-89.2817803696999,-72.3161243797248,-42.4881723151114,-32.6052108158844,-84.8165454167065,-97.1356462553493,-62.4877010478642
25-Jan-2025 20:31:13,108,53,-0.0459062228600184,0.396533777316411,-0.0134114644800623,0.28756281932195,-0.0302522712697585,-0.144328162074089,0.94634127219518,-44.8602531557396,-67.6525825391192,-37.9748447590632,-111.140235740113,-83.9191360705459,-46.3089983355542,-39.8970188255294,-37.0387516665898,-28.6481664718358
25-Jan-2025 20:31:28,224,54,0.148202862342199,0.455352322260539,0.0191303310294946,0.148560562729836,0.081623866657416,0.294620094696681,0.940460022290548,-28.5994171630318,-34.4806621747698,-22.7580783651758,-103.200112656026,-86.9399723577491,-49.1886102674431,-143.943065702735,-156.990013411766,-89.9929911327109
25-Jan-2025 20:32:23,378,55,-0.0666458720962207,0.389976024627686,0.116455769042174,-0.117392895619074,0.000908448675181717,-0.128523913025856,0.98473334312439,-82.2218033505062,-107.340407729658,-62.5516986248451,-47.1151961494465,-41.0760418268587,-28.6574629422331,-37.910612446696,-33.8300719474115,-23.0491418789685
25-Jan-2025 20:32:38,286,56,-0.00431251224751274,0.439086826642354,-0.0697407121459643,0.407490873336792,-0.0418245313068231,0.029710041359067,0.911765185991923,-15.9215388755685,-14.4023527259939,-16.6062521657532,-148.838883305377,-124.965686326951,-71.1258662350191,-98.512638777962,-84.2420461409934,-48.7787100184994
25-Jan-2025 20:33:03,272,57,-0.00116819859637568,0.417257724205653,0.11209519803524,-0.269706739981969,0.0628390356898308,0.171975179513295,0.9453750928243,-109.320515426914,-99.3701466060258,-54.6042609181154,-4.40089069175449,-16.6859879227548,-12.3936640742723,-117.103908016499,-65.9450069116005,-37.155489214254
25-Jan-2025 20:33:15,384,58,-0.015164583362639,0.421941856543223,0.126729649305344,-0.374738675355911,0.0126257946714759,-0.0679094751675924,0.924553740024567,-140.569567428316,-104.750951614279,-59.0612087953665,-38.029888371943,-34.3514416540019,-22.9929363130205,-84.084228637145,-79.882026351805,-45.8905443074809
25-Jan-2025 20:34:05,311,59,-0.0718304495016734,0.412612068653107,0.0882966717084249,-0.15420273343722,-0.000554249693717187,-0.252865193287532,0.955133732159932,-119.89451775481,-109.20365122843,-56.3940859979995,-75.7920980318432,-69.8920219338362,-36.9040214629976,-45.757213967584,-44.1887734855794,-33.4560387689777
25-Jan-2025 20:34:21,244,60,0.165599789222081,0.451048453648885,0.0638078580300013,-0.0625975360472997,-0.155026509364446,0.304931312799454,0.937584793567657,-53.1505032221481,-28.1278134920748,-18.9128982277841,-58.7135739239187,-52.3356420729502,-31.1825626305167,-136.861195551184,-162.523702277748,-95.6802342630241
25-Jan-2025 20:35:17,380,61,0.0627241144577662,0.432003974914551,0.0295430676390727,0.105251511434714,0.0098882220685482,0.0269483186304569,0.994031278292338,-88.8339348350882,-31.5990980577621,-40.6305892592526,-115.720983501293,-73.5340631976298,-50.6934557487324,-107.767921329349,-128.142535417272,-76.0244963309376
25-Jan-2025 20:35:31,24,62,-0.0765002320210139,0.394085409243902,0.0322677488128344,0.0451986571153005,-0.00975271419932445,-0.129104765256246,0.990552318096161,-69.6363904022279,-87.1736624382788,-65.9553267211786,-74.8124790401893,-88.8157156453365,-55.8717372442534,-21.11170319589,-33.9429655515405,-26.4621666697392
25-Jan-2025 20:36:04,108,63,0.0293056715279818,0.383100720246633,0.0417371429502964,0.127120498816172,0.0153636733690898,-0.00165481738125285,0.991766953468323,-43.8557820284613,-54.6240268616858,-41.3892105033805,-76.2253108795104,-44.1145096276686,-31.4696527095436,-57.9536357360092,-73.2628186479449,-48.507193163203
25-Jan-2025 20:36:19,395,64,-0.0445485234260559,0.430124205350876,-0.0861553664008776,0.337944682439168,-0.0931135425964991,0.0115333352858822,0.936477406819661,-18.6315921167466,-26.4915096503596,-26.9483565218188,-126.089757585687,-134.654242767548,-76.3649239035845,-80.1522653961222,-36.2887755352248,-29.6455762309444
25-Jan-2025 20:37:11,309,65,-0.00528225107118487,0.353499768177668,0.0519821733236313,-0.122097804645697,0.00304195081504683,-0.0198448081811269,0.992315006256103,-49.0607944976977,-32.7234840986668,-15.4832803031691,-17.5140459590268,-28.3003861678769,-19.7143406127587,-31.8533660290173,-21.5081202666947,-14.3248843412577
25-Jan-2025 20:37:25,191,66,0.0655698026220004,0.399202849467595,-0.0159056931113203,0.105243962506453,-0.00447110272943974,0.111836538215478,0.988127489884694,5.93392069869503,-24.5370759602704,-10.8255218427295,-70.7566018922389,-91.2318922714258,-50.6155392732917,-80.0542089553167,-100.975389430429,-53.4939645318835
25-Jan-2025 20:38:26,273,67,0.00269122952595353,0.431894846757253,0.132000391681989,-0.196690805753072,0.136167594790459,0.226633165280024,0.944144336382548,-104.042892234171,-133.445622824952,-63.4921065756674,-48.7908196595046,-52.2148143531286,-45.4480158406464,-132.807737652703,-86.7045420604288,-49.3212017411709
25-Jan-2025 20:38:41,167,68,0.10452749778827,0.427616757154465,0.0245610134055217,0.0541902701059977,-0.0109219290936987,0.36397424141566,0.929767000675201,-23.6224493928584,-37.7036666191209,-14.9182714783152,-74.0551150265711,-68.3603969446498,-52.8179501419706,-142.367970398218,-118.020562266207,-64.2763548496235
25-Jan-2025 20:39:31,153,69,-0.0457665080825488,0.407387848695119,-0.0508085158963998,0.362633383274078,-0.0143323820705215,-0.145297907789548,0.920423901081085,-40.9220242995053,-55.0878550828522,-29.6681571885209,-125.294252689272,-93.6075018331446,-67.3386461775112,-44.3173179263978,-45.6739078302959,-29.1484939068534
25-Jan-2025 20:39:47,86,70,-0.032151797786355,0.422156037886937,0.145983415842056,-0.19934834142526,0.0907598028580348,0.0595988156894843,0.9738938331604,-102.37384640039,-138.133502429849,-68.982033764333,-15.3967353654008,-23.8638454886805,-30.2578709075929,-97.4326132865326,-69.3344879629098,-38.7698368754741
25-Jan-2025 20:40:14,154,71,-0.00327214749219517,0.406864486138026,-0.0403684464593728,0.396248396237691,0.0311294301102559,-0.100047939022382,0.912145054340363,-28.0998196034673,-20.1656112609917,-10.4572762899159,-129.783059102588,-85.3221989781898,-52.3909118188357,-54.5028915876472,-68.7367976309496,-32.6740172179283
25-Jan-2025 20:40:28,12,72,-0.0725618228316307,0.42189227938652,0.0305279267330964,0.145947133501371,-0.0195678895960251,-0.361525148153305,0.920660312970479,-108.815794221672,-89.93496674715,-44.3214546955129,-128.126260747397,-88.972539938373,-53.1955829614452,-4.76954593085928,-16.1804446063339,-5.37534136813834
25-Jan-2025 20:41:19,189,73,0.12326117704312,0.405894426504771,0.052452984948953,-0.017033360650142,-0.0216371397177378,0.30433678428332,0.952166410287221,-34.5377381819943,-44.4970894175368,-17.9321092614228,-42.3487433077079,-41.2385334761724,-33.9930109892994,-109.405782272392,-110.736154637899,-62.2797083138486
25-Jan-2025 20:41:33,134,74,-0.0526243751247724,0.398840024073919,-0.0712317287921906,0.0802348544200261,0.00721514631683628,-0.0353864726920923,0.996121557553609,-50.9289819840324,-5.1735119435387,3.01193806721628,-65.1468215282025,-123.409490258719,-73.7962307889324,-49.2423368416799,-34.7378535514475,-22.9982991789828
25-Jan-2025 20:42:20,391,75,0.0410029351711273,0.389269018173218,0.0830850074688594,-0.198800421754519,-0.0611988805234432,-0.031551851083835,0.977618336677551,-87.852067060771,-64.6936245308867,-29.09624214683,-34.2606348071396,-41.3458314226678,-33.6924443053984,-62.835918916935,-86.1575449348628,-52.0797281406684
25-Jan-2025 20:42:33,223,76,0.034136921664079,0.419990412394206,-0.031739458317558,0.205239702264468,-0.0188072161128124,0.117951178054015,0.971396108468374,-53.448833304541,-28.3096338461247,-13.957757691005,-109.065527335607,-101.937033026061,-67.0415559936513,-105.447946989969,-94.5009570984103,-59.3049451089982
25-Jan-2025 20:43:36,339,77,-0.0339305604497592,0.382129915555318,-0.0465510269006093,0.170550506313642,0.00442620335767667,-0.0628281399607658,0.983333917458852,-32.8208247860334,-36.7056831484337,-21.9842755789079,-73.855382004419,-97.0315002988871,-59.1197423738725,-28.5905731085823,-39.1636492186976,-27.0890140806934
25-Jan-2025 20:43:51,164,78,0.053500784188509,0.429282548030217,0.0447104801734289,0.108099122345448,0.0234072116514047,0.203140549858411,0.972882656256358,-75.017493648212,-75.9988837526007,-44.6437330997022,-106.158834443081,-58.9255914562099,-43.0796451712447,-135.61339622514,-97.9506782072397,-59.4953857936753
25-Jan-2025 20:44:34,185,79,0.0509078254302343,0.413618856668472,0.0357318989932537,0.107910920679569,0.0206524111330509,0.0673881282409032,0.991659021377563,-68.4377225452757,-58.0220680944289,-37.4687352024893,-98.4179059940944,-67.2801504872049,-43.3715643721452,-99.9016489097948,-100.570799876928,-59.3684713977939
25-Jan-2025 20:44:47,331,80,-0.0395127221941948,0.379484975337982,0.000217720194874952,0.145209262768428,0.00134166661494722,-0.111603218813737,0.983085564772288,-45.2326384592724,-43.8605053506648,-28.1752537931415,-76.2279479374157,-66.5435864167318,-40.7905822994429,-34.1955384108995,-25.7816607810282,-19.7612018123783
25-Jan-2025 20:45:22,397,81,0.0870705405871073,0.410947688420614,0.0453716166317463,0.0654405117034912,0.0246490972737471,0.296381910641988,0.952506045500437,-44.0635256788701,-55.6637179328679,-33.4600324677887,-69.9870555087679,-56.0731040067815,-37.1516283547781,-122.844325757991,-97.7621099739171,-59.7344062110688
25-Jan-2025 20:45:36,210,82,-0.0503607908884684,0.444025659561157,-0.0675880496700605,0.35385820666949,-0.0809972176949183,-0.0242671505858501,0.931469241778056,-63.0840549773273,-72.3570878914144,-42.8067946516077,-149.47575214141,-133.902707490492,-77.066507301179,-92.6066708778459,-46.514129938565,-35.1104933979386
25-Jan-2025 20:46:10,371,83,-0.0804738606015841,0.410559598604838,0.146966418623924,-0.249552103877068,0.000835701559359829,-0.152776696284612,0.956233441829681,-109.958781408172,-126.192345318982,-65.5884042145545,-28.1790417492126,-31.2967719943515,-21.2715778406541,-47.4164321049912,-34.4517119647641,-9.65566896955131
25-Jan-2025 20:46:24,296,84,0.0467691672345002,0.398977406819661,0.106818824013074,-0.158469053109487,-0.0484565722445647,-0.00383109653679033,0.986166616280874,-82.3779189791378,-87.3082512991398,-45.6367401633214,-9.8956084299314,-8.62640711429107,-9.42677835931195,-68.2038908091981,-106.746968393051,-45.2936801423829
25-Jan-2025 20:47:19,227,85,-0.0349248143533866,0.414010351896286,0.103618337213993,-0.12289926558733,0.0459599080185095,0.0595181872447332,0.989566131432851,-97.6496272642648,-120.894946655368,-67.2467448515509,-64.7549180622419,-57.167251613138,-43.473386338042,-98.3776804428469,-58.3573391530163,-35.2217243871557
25-Jan-2025 20:47:34,388,86,0.127090999484062,0.434350303808848,0.0107212864483396,0.0900137325127919,0.0316171884536743,0.0643285100658735,0.993357821305593,-65.0848094326655,-27.3492003604665,-20.4990462017244,-95.1166961952109,-79.2899048490404,-54.5598874536174,-92.10524817808,-155.903115039147,-84.019786827845
25-Jan-2025 20:48:07,330,87,-0.0346397737661997,0.382778100172679,-0.0161161641279856,0.180462524294853,0.0280953252067169,-0.147978072365125,0.971980694929759,-44.308374893132,-41.1789528659533,-22.506559509441,-84.262956688487,-73.1498073497541,-42.4622401185431,-30.7175118429775,-14.2780684290976,-24.9155015051314
25-Jan-2025 20:48:20,384,88,-0.0467723821600278,0.40098202029864,0.0509790375828743,0.141601618131002,-0.0276199837525686,-0.204295749465624,0.968219709396362,-77.5448141537597,-86.1653544180641,-47.347274676327,-104.552975780645,-59.5393381385798,-38.0045199037865,-43.3880084481393,-37.7532123374028,-39.0005878501145
25-Jan-2025 20:48:43,259,89,0.110328935086727,0.431706080834071,0.0181564763188362,0.10528226941824,0.007473883839945,0.355337748924891,0.928759857018789,1.71173105656976,0.508400133905513,-2.20138161796394,-83.5462676727082,-84.9450815898089,-46.2757580268206,-143.619218507397,-121.084916752257,-69.2777247388321
25-Jan-2025 20:48:57,152,90,0.0469581564267476,0.423291621605555,0.0442554307480653,0.128287653128306,0.0300252148260673,0.208908063173294,0.969019194444021,-65.3882347285515,-70.5248096480852,-39.844918577979,-102.251580806897,-24.9628253959378,-18.4115619989049,-127.143297049235,-93.8720502478985,-57.7982235556728
25-Jan-2025 20:49:48,191,91,0.0250894092023373,0.39938730597496,0.0749776636560758,-0.263373792171478,-0.0152223100264867,0.139993142088254,0.954360771179199,-95.9351056497503,-61.8322845172072,-32.3882116311884,-30.7382880102447,-52.5146262881207,-33.6907091535434,-103.008192106669,-62.8142812597292,-41.9815449120709
25-Jan-2025 20:50:02,365,92,-0.0509982772171497,0.420533845822016,-0.0928804909189542,0.202063832680384,-0.0841862907012304,0.014445369442304,0.975640281041463,-30.4879828107246,-36.3000894097062,-18.3109543976933,-93.0418438312427,-140.604773098018,-76.4246228787472,-70.1484347119021,-28.6411690699102,-23.5838291374168
25-Jan-2025 20:50:52,6,93,-0.0135548089941343,0.39985565940539,0.117547824978828,-0.17038592795531,0.0390904570619265,0.0625563522179921,0.982612490653992,-85.8032982638902,-109.371949416245,-59.8663230433121,-41.0108455472932,-49.1755382670171,-36.0112896505454,-82.8629960063894,-62.8105552576405,-41.9992859895483
25-Jan-2025 20:51:06,63,94,0.0443316772580147,0.406547468900681,-0.0287246196220318,0.1524963448445,-0.0102975757792592,0.130279461542765,0.979625507195791,-39.219389958847,-15.2247848987111,-12.4014763638035,-86.5122572117622,-99.1236189623779,-60.5940655774843,-92.2805338658332,-90.9984329300042,-55.7019604049888
25-Jan-2025 20:51:29,189,95,0.025352693349123,0.418488848209381,0.124035010238489,-0.224727418025335,0.0133232636377215,0.110330319404602,0.968063684304555,-103.427594693645,-110.03606173047,-56.9006146743799,-37.284860523195,-17.4369541829972,-14.2851558549659,-107.027159422877,-99.7807991477654,-54.329805966525
25-Jan-2025 20:51:44,218,96,0.0705947493513425,0.431659678618113,0.00747677339240909,0.166663332780202,0.0357158586382866,0.0925237665573756,0.981013294061025,-70.3394714179014,-23.9199783390876,-16.015289715741,-117.551879002403,-81.658738519374,-48.5687647602065,-112.129941716395,-126.074034941298,-69.6491406003434
25-Jan-2025 20:52:05,24,97,0.105563998222351,0.406112188100815,0.0346401179830233,0.0999817863106728,0.0486612305045128,0.151071056723595,0.982249097029368,-26.5228511565385,-8.2018910411204,-5.78278598081645,-71.2675861933042,-50.2143545166552,-28.8560740591437,-86.3502696421752,-110.896795780153,-58.6336422128093
25-Jan-2025 20:52:20,264,98,-0.092069918413957,0.426468910773595,0.0769565105438232,-0.133331322669983,0.00836370456963778,-0.326846688985825,0.935587465763092,-136.01664613242,-113.287470347448,-58.2703646659133,-91.9093686905551,-90.1964721705158,-48.7919219180069,-41.2517171116661,-7.08512715676087,-6.67259693304627
25-Jan-2025 20:53:18,356,99,0.0822992950677872,0.397168942292531,0.0353367095192273,0.114224636058013,0.0384588445226351,0.132745495438576,0.983794871966044,-39.0360631509704,-48.1711784659051,-27.2335327576147,-73.1750826053772,-49.144119019535,-34.3035400681086,-85.7219320818801,-98.76579605796,-58.007536055609
25-Jan-2025 20:53:31,44,100,0.0948868811130524,0.385243922472,0.0763921186327934,-0.0167705425992608,0.015410767433544,0.164110571146011,0.986177627245585,-12.4016611417758,-51.6841369681383,-28.7692095197073,-25.8358608282774,-17.2993223302521,-18.1603392344431,-72.1421835116948,-95.8523893704972,-56.3300302228535
25-Jan-2025 20:54:41,176,1,-0.0009572990044641,0.327832772334417,0.0431668361028036,-0.0139217582220833,-0.00381054963606099,-0.0165154524147511,0.999759471416473,-8.85,-15.6749999999999,-6.00000000000001,-5.77500000000001,-13.275,-5.85000000000001,-5.92500000000001,-6.90000000000001,-8.32500000000001
25-Jan-2025 20:54:52,113,2,0.00070392433165883,0.332071179151535,0.0478121258318424,-0.043067891150713,-0.00264879438715676,-0.00473176697269082,0.999057463804881,-15.9524867575749,-15.8346672346769,-6.08011571727224,-5.77898042096779,-13.2778431578341,-5.85170589470049,-11.9486937505189,-8.99918480188347,-9.3748726435575
25-Jan-2025 20:55:24,395,3,-0.0113545853023728,0.336490839719772,0.0399559783438842,-0.0458827840785185,0.00392493729790052,-0.0905594408512116,0.994825832049052,-27.6710350554943,-10.9300104478372,-3.97331002888199,-14.00394215185,-18.4981641449244,-11.7323919422248,-4.6162078353114,-7.54550559665099,-8.07480335799059
25-Jan-2025 20:55:36,244,4,-0.00180490612207601,0.345974409580231,0.0303009724865357,0.035460656384627,-0.00654040332883596,-0.0421768819292386,0.998459243774414,-22.3902266354581,-13.053922196991,-5.9798533181946,-30.500859457005,-24.5302289904032,-15.6930133624497,-19.0011638771001,-18.5390342223424,-14.5161537589163
25-Jan-2025 20:56:12,102,5,-0.0150148599098126,0.348283604780833,0.0321828834712505,0.0150629577537378,0.00365789774805307,-0.114465546111266,0.993306314945221,-33.7899270124025,-29.7582822570345,-8.09296615716676,-35.968011089224,-27.0650747725912,-18.4463702935216,-11.49345794793,-15.7444342485214,-13.2454105491128
25-Jan-2025 20:56:23,54,6,-0.0222317680716515,0.35046181678772,0.0315613334377607,0.0332729563117027,0.00324735936398308,-0.122247082988421,0.991936524709066,-34.2622112983214,-36.2247165095421,-11.1800274381361,-38.98986629888,-31.2251423147463,-20.3802501889589,-9.44725300065704,-14.2828592861835,-12.3684655717101
25-Jan-2025 20:57:09,219,7,-0.0235689231504997,0.349363273382187,0.00736577262481054,0.0640048568447431,0.0065792255414029,-0.096971395611763,0.993205269177755,-26.5547476339383,-26.7598724475925,-12.3092925064527,-37.6721591840832,-45.5902857969723,-26.11201690794,-11.0284925164536,-14.2078231133339,-13.2004404807795
25-Jan-2025 20:57:21,332,8,-0.0159667709221443,0.352632731199265,0.046294517070055,0.0206707811603943,-0.00136913657964518,0.0144207217420141,0.999681385358175,-27.2350959554672,-43.1160031053953,-21.062001562855,-30.4163875402859,-31.5884458239981,-19.6857406489538,-33.2482173912906,-8.56797651613497,-10.955160909681
25-Jan-2025 20:58:00,335,9,-0.0240520474811395,0.369254430135091,0.0241858704636494,0.102348291873932,0.00690905026470621,-0.210842517018318,0.972122724850973,-53.5229014878477,-7.47605592344155,-2.80657105406492,-71.953218696029,-39.5463897805311,-24.9355021640475,-15.4187328803168,-25.7951025593442,-19.2996762351811
25-Jan-2025 20:58:13,334,10,-0.0659252057472865,0.365184593200684,0.0432331643998623,-0.0725423862536748,0.0335233733057976,-0.110331419110298,0.990676951408386,-54.9748192701449,-67.1844899246107,-32.1299878992226,-31.5684412536303,-64.3792825350595,-36.8211501585645,7.08428610081221,-0.391358142276932,-6.06700238536612
25-Jan-2025 20:58:38,82,11,0.0638023396333059,0.367871781190236,0.0590406055251757,-0.0644919961690903,0.00672459785516063,0.318477116028468,0.945710261662801,-17.8062580722999,-36.4618488543108,-16.9209647435503,-4.73988289879221,0.813482068078132,-1.66769200915312,-87.7734987519836,-53.4937658800661,-26.816205272884
25-Jan-2025 20:58:50,218,12,0.0193754656861226,0.363173294067383,0.0251789624492327,0.0854049921035767,0.000552077150981252,0.105921024580797,0.990699962774913,-22.1126167677627,-20.6294551124064,-10.8725175441317,-44.2477703689239,-35.8995203857194,-21.8919429075855,-54.9342240990732,-39.0726504783911,-21.4733972435801
25-Jan-2025 20:59:33,350,13,-0.0027030354210486,0.370961610476176,0.0475315903623899,-0.0416991305847963,-0.00672570659468571,-0.12082247932752,0.991775155067444,-65.9545598981782,-45.2673726857366,-22.6296474939056,-49.2836155663541,-39.876089611955,-24.251211183812,-34.4052159897573,-43.5372690764012,-27.8542292681939
25-Jan-2025 20:59:45,49,14,-0.022896271198988,0.348427220185598,0.0506539218127727,-0.0674690365791321,0.010543984050552,0.0241258384039005,0.9973739306132,-30.1892176473114,-40.7396800300295,-18.8198166677692,-13.6127519967323,-33.0015516235335,-19.2679576913185,-28.9587900857801,-7.30788341588315,-8.19355193965208
25-Jan-2025 21:00:26,343,15,-0.00767443589866161,0.372706017891566,0.0361060246825218,-0.0475145769615968,-0.00797861199826002,0.0570204578340054,0.99720983505249,-51.6245561077959,-50.6443571815763,-28.4517847208571,-39.960097125773,-54.8333461307825,-33.4923906722575,-63.4239207149093,-33.11642052775,-22.7701257541499
25-Jan-2025 21:00:39,360,16,-0.0283100592593352,0.370408348242442,-0.00803717753539483,0.0423948690295219,0.0120484257737796,-0.0874592954913775,0.995192654927572,-45.9461919847361,-41.9888868079009,-24.3604139172661,-51.9904101256568,-77.0713129688541,-44.8477384745399,-15.528246518799,-35.4800643602169,-24.18831205363
25-Jan-2025 21:01:16,88,17,-0.018480471149087,0.367155343294144,0.0574097176392873,-0.157427166899045,0.0119909562170506,-0.110807420313358,0.981221008300781,-74.1700377829974,-43.701005559177,-26.0107162374971,-30.1159259448744,-41.0005981798819,-26.3210771496467,-31.8847313524015,-29.6872398998958,-19.9824806586875
25-Jan-2025 21:01:29,31,18,-0.0142509310195843,0.384035497903824,0.00983099726339181,0.18973906536897,0.0164160806685686,-0.160018932819366,0.968567780653636,-50.0896413259161,-39.6017178672635,-25.2274541332028,-93.829209778837,-53.806962880595,-33.9906412416658,-35.0354080202676,-45.0281433110385,-28.9193141059213
25-Jan-2025 21:02:13,190,19,-0.0470593594014645,0.375184873739878,0.0481746539473534,-0.100952283044656,0.0273301360507806,-0.132873960336049,0.985599438349406,-75.3328273077567,-63.5851551609339,-36.8976066150775,-43.46357692738,-65.2333808980547,-38.1395106479352,-32.6622115277355,-28.6677687137918,-21.7657295876498
25-Jan-2025 21:02:27,335,20,-0.0029226085015883,0.393127065896988,-0.003853897874554,0.324622011184692,0.00743710836395621,-0.0716784278551737,0.943094583352407,-34.6475950895007,-35.0412115011227,-24.6164458855954,-112.55996381829,-56.7086709229409,-35.8679667608017,-53.4823807162622,-48.5758797180261,-33.7105961901904
25-Jan-2025 21:03:14,188,21,0.0362302149335543,0.372367395957311,0.0383312019209067,0.101726889610291,0.00962039443353812,0.123201384147008,0.987107161680857,-26.6138897108714,-39.1296594391272,-23.1794116178032,-54.5831490314787,-39.5160428151637,-23.0190077513685,-68.3128330102111,-54.188314525031,-34.5346398295547
25-Jan-2025 21:03:28,166,22,-0.037134579817454,0.405655727783839,-0.0461392156779766,0.0235627638796965,0.0683158258597056,-0.13704253534476,0.987925668557485,-79.6995278669163,-12.0480362829141,-10.487586418186,-79.4621608629419,-124.852896348792,-66.5364208966722,-36.4637813734071,-59.3904627860902,-37.9847003385736
25-Jan-2025 21:04:15,202,23,-0.0859239454070727,0.408202385902405,0.0994219193855921,-0.186505558093389,0.0552305402855078,-0.1592129945755,0.967892829577128,-109.872287436944,-120.810370822635,-66.1359274611839,-55.4174624550296,-79.871384545652,-44.4771454088645,-49.6899213338403,-33.0555093381638,-27.771439624076
25-Jan-2025 21:04:29,51,24,0.00236046632441382,0.374296359221141,0.0204132284969091,0.179515569408735,-0.000950949390729268,-0.0283188572774331,0.983347018559774,-32.3141224652416,-34.9806471827862,-22.1500795706881,-76.5950309674554,-41.8166799058696,-24.378807018402,-43.4858312151969,-36.8225887924506,-28.5839932806482
25-Jan-2025 21:05:17,53,25,-0.0445067172249158,0.372853626807531,0.0908639997243881,-0.0953246633211772,-0.00509199860195319,-0.104297748208046,0.989954197406769,-67.6296560857145,-79.7951751052137,-47.8903274077702,-38.4212271767061,-37.2568526610906,-23.2140305921934,-32.8545730714993,-26.4482033353354,-18.3108055461229
25-Jan-2025 21:05:31,349,26,-0.0226092179616292,0.412171314160029,-0.0793902342518171,0.243750910957654,-0.00424465117976069,-0.0472185827791691,0.968678414821625,-37.5097765878817,-19.3442687767688,-19.5428053280358,-101.98911579377,-126.199245130404,-69.5631579113384,-59.4635208587263,-61.7353458341241,-37.8323078800053
25-Jan-2025 21:06:12,242,27,-0.0595278508961201,0.390806353092194,0.0733347659309705,-0.0112541696677605,-0.0265492303917805,-0.190620669722557,0.98124018907547,-83.5285690126685,-90.1265396548947,-55.5564900462744,-73.12517317065,-60.1886118521135,-36.2214672115249,-35.6961266323825,-34.6925302874026,-24.9614599449023
25-Jan-2025 21:06:26,107,28,0.0943841844797134,0.391552354892095,0.0447860290606817,0.0373671313126882,0.0122760497033596,0.329112156232198,0.94347132841746,-10.4646008936237,0.675627308823345,-9.39196919576061,-42.0425640082222,-29.0230516414818,-19.8752497375543,-106.833640127276,-80.1972539263931,-46.9503843957428
25-Jan-2025 21:06:55,346,29,-0.038136375695467,0.370865935087204,-0.0391499395171801,0.141078325112661,0.00832721969733636,-0.0569397802154223,0.988324594497681,-27.2216020453329,1.43980261289405,-3.49888252120201,-58.5731659683209,-86.0909229126454,-46.0187246806909,-28.4020324911345,-22.0286912866856,-8.65660933290691
25-Jan-2025 21:07:10,24,30,0.0657289197047552,0.426428167025248,0.108021582166354,-0.198146399855614,-0.0364884143074354,0.114441516498725,0.972781884670258,-103.5546448936,-99.6705735012125,-55.3466651248671,-11.2813837937217,-13.8194022947621,-11.1755589183611,-109.390633736082,-129.07935436123,-63.4745354167912
25-Jan-2025 21:07:48,184,31,0.00739099988713861,0.388515003522237,-0.00452993164459864,0.375301196177801,0.00466339597478509,0.0162021787216266,0.926749579111735,-10.7359018459258,-5.02020147459409,-5.50645728002011,-108.01382249277,-53.1773504558236,-22.5122803323932,-61.7649643405399,-42.4881219444353,-30.0646500166262
25-Jan-2025 21:08:03,289,32,0.0458317163089911,0.417863349119822,0.0636647815505664,-0.067941294113795,-0.0492386691272259,-0.0776881809035937,0.993440544605255,-108.852804664254,-36.2641504614219,-21.4656032471072,-84.8049778014938,-25.2881780740249,-8.90486561516691,-81.9658985797557,-105.978625443285,-62.147073239724
25-Jan-2025 21:08:43,136,33,0.0205742858350277,0.386695923407873,0.0197113513946533,0.0611999886731307,-0.0187070233126481,0.135527914762497,0.98870462179184,-44.5413401576656,-47.1794850432918,-25.5672900717687,-64.651573691161,-63.4007539813911,-37.679057685096,-84.5467362114021,-54.6492305618557,-39.1142716526213
25-Jan-2025 21:08:56,161,34,0.0803906743725141,0.419632506370544,0.0590075495342414,-0.0656979287664095,-0.0465523049235344,0.0664556001623472,0.994535223642985,-92.1866720178699,-53.4579433916713,-27.7681495370854,-74.3808222207637,-23.9933160015156,-17.0369689862854,-100.7869033028,-118.12696092224,-69.9147671239404
25-Jan-2025 21:09:33,211,35,-0.0557669219871362,0.438634920120239,-0.0892702380816142,0.450784593820572,0.0372061873475711,-0.199837010105451,0.869180154800415,-44.0150988451921,-27.597430424451,-14.8085136806762,-153.91530475907,-132.157292156635,-70.0265199823057,-51.3235309556075,-48.0002186645342,-18.2534547822313
25-Jan-2025 21:09:48,358,36,-0.0808587471644084,0.423289467891057,0.125692613919576,-0.0855346774061521,-0.0570077565809091,-0.212458328406016,0.971748661994934,-113.613153362503,-135.102871449387,-68.1565761802702,-82.6435535234134,-48.4586079650481,-27.7725198736383,-53.1845642188818,-43.6706607631132,-15.6840178186468
25-Jan-2025 21:10:43,312,37,0.0446052332719167,0.383902504046758,0.0349608848492304,0.0970914304256439,0.0152627445757389,0.129754382371902,0.986663150787354,-36.8337998155047,-49.8173862983198,-26.5737436232079,-64.9095493709749,-44.2385220887143,-30.4658580995723,-79.466478226195,-70.1503602921674,-38.6494966816164
25-Jan-2025 21:10:59,28,38,-0.117371819416682,0.442564302682877,-0.0280885220815738,0.153811693191528,-0.00835898661365112,-0.127197985847791,0.979843219121297,-84.378806739511,-118.528433926189,-61.5991288312997,-119.600831282731,-154.25363718241,-86.1432770405776,-69.2257766646564,-28.1336724930062,-18.3110141761931
25-Jan-2025 21:11:46,112,39,-0.0707719455162684,0.403661104043325,0.106957608958085,-0.144500204920769,-0.0116006382430593,-0.203991906841596,0.968179976940155,-105.714764409495,-112.328125396436,-61.076690124113,-60.9428005153064,-54.9791106726111,-37.5054649161825,-41.6721971980899,-35.4545295161409,-25.9945177854357
25-Jan-2025 21:11:58,152,40,-0.0579037263989449,0.37024986743927,0.0656106998523076,-0.178398326039314,0.0382265530526638,-0.149022912979126,0.971856276194255,-76.5292474479556,-66.3494096759605,-36.7741748906116,-25.6394798480813,-49.4760749217838,-33.4407896675054,-10.9234544890748,-5.83690313907088,-9.8725472236372
25-Jan-2025 21:12:47,346,41,0.0361657783389091,0.369453984498978,0.0469000240166982,-0.113325553635756,-0.0191737446933985,0.280908360083898,0.952827493349711,-34.2863088758113,-39.4384334985555,-18.8978831114847,-12.8690353226991,-40.4430817127287,-25.7393571589615,-89.3443429908997,-36.9605144633131,-25.8612289653272
25-Jan-2025 21:13:00,168,42,0.012309711240232,0.395220826069514,0.0968896513183912,-0.165401024619738,-0.024055980766813,-0.00602062394221624,0.985914595921834,-90.6252231620143,-85.1975221140816,-44.4939866208759,-46.4432372523751,-34.211892926395,-25.3403219674229,-70.771507258737,-74.2620583597897,-47.2285601151937
25-Jan-2025 21:13:51,96,43,-0.0435525141656399,0.364454400539398,0.0256825366367896,0.108692115545273,-0.0253247374047836,-0.074282676478227,0.990972646077474,-33.4920864532872,-62.9077568995577,-31.8339267595851,-57.6213172975204,-56.7717805898978,-34.598022438349,-26.34190095914,-18.2358467506245,-17.7991169415785
25-Jan-2025 21:14:07,240,44,0.00201299840894838,0.448541814088821,0.0966272075970968,-0.0399320056041082,0.0431138100723426,0.134338615338008,0.989191488424937,-118.015640789637,-134.752792262794,-71.4213294903716,-108.032711115327,-37.9542408677553,-28.8541376264461,-146.101711624232,-89.0442945125369,-56.868225871703
25-Jan-2025 21:14:30,192,45,0.106649908920129,0.406742769479752,0.0527679942548275,-0.0483326864739259,-0.00399653573210041,0.43246551156044,0.900345234076182,-12.4624880234805,-40.6421401186857,-19.7553351824189,-0.402690735733563,4.07899811460426,-0.310816845969487,-130.274112244717,-84.1447334489565,-46.2946970465123
25-Jan-2025 21:14:44,360,46,0.0394657964507739,0.392310758431753,0.0241460379213095,0.161908586819967,0.0264725615580877,-0.00335511617983381,0.986444902420044,-46.2902575672149,-11.2045436391988,-5.92893193660703,-88.0957297534612,-42.2681087224721,-24.3767652584393,-64.4116699560224,-76.434747972475,-43.3320993022032
25-Jan-2025 21:15:22,374,47,0.0407480776309967,0.409876390298208,-0.00695191069195668,0.0445368036627769,-0.0166749219099681,0.0831158275405566,0.995404553413391,-67.9132064644474,-12.9740461983408,-38.0625305955484,-80.6373889431474,-102.685871223325,-57.7514773615369,-93.81832714935,-97.3995604977024,-59.7568129154362
25-Jan-2025 21:15:36,328,48,-0.0698124180237452,0.412554258108139,-0.040145868062973,0.0701236004630725,0.0629190474748611,-0.185367196798325,0.97814245223999,-85.1332639559351,-16.4950388693333,-39.894420604699,-94.2962210168745,-123.244534673371,-68.1022027602143,-35.6548602671864,-17.6998798455087,-19.9783662629937
25-Jan-2025 21:16:28,284,49,-0.0528815997143586,0.423896783590317,0.124867062270641,-0.273062457640966,0.0787160957852999,-0.020264071598649,0.958556254704793,-126.997269284883,-120.238889512699,-81.0139669167364,-54.2093281820617,-64.5773072312123,-42.5497017661401,-92.4686382552035,-55.2586863167738,-31.7396204746056
25-Jan-2025 21:16:43,298,50,0.112716486056646,0.414652752876282,0.0114761423319578,0.0297407644490401,-0.018676429366072,0.161811100443204,0.986196621259053,-25.7123516615575,-20.8633982288487,-31.4070903755811,-66.3901401750319,-78.452723706017,-49.568279104312,-95.4605954555099,-131.477560185817,-69.929926509897
25-Jan-2025 21:17:31,360,51,0.0484802069763343,0.387259461482366,0.0363153619070848,0.0793605268001556,0.0257814095666011,-0.034062880774339,0.995930242538452,-52.5445808364491,-45.630452695195,-28.4474695802286,-73.3435212888921,-45.1419426617339,-32.4114864219701,-55.6309284542225,-90.5036062307648,-49.9169164966574
25-Jan-2025 21:17:44,27,52,-0.0215441928555568,0.388903532425563,0.118726565440496,-0.155330354968707,-0.0066668306166927,-0.0795369222760201,0.984632885456085,-82.1140605961247,-101.410286368748,-57.4584503432261,-22.3336696954088,-40.0671431480576,-30.9951505913528,-44.4817476582715,-64.6028544760917,-38.0876045455416
25-Jan-2025 21:18:27,135,53,0.000822093830599139,0.408613302310308,0.061415362606446,-0.213270884752274,0.00345249649447699,0.0590042347709338,0.975203641255697,-108.998418272423,-73.7723974831245,-45.085538224964,-54.2980736529269,-64.4725278517678,-41.7147482019203,-101.700087592039,-62.0581137284183,-37.2448239926606
25-Jan-2025 21:18:42,2,54,0.158972028891246,0.449113221963247,0.0461085940400759,0.0994403426845868,0.0649811744689941,0.212769917647044,0.969854660828908,-34.817713502505,-37.2225669995552,-26.1910148607453,-91.5667497823422,-42.8613567511615,-30.2895545291832,-118.574608728555,-165.790230844851,-88.4912744284429
25-Jan-2025 21:19:20,332,55,-0.0336854236821334,0.422730584939321,0.071962667008241,-0.103713626166185,0.0251574800660213,0.0233933779100577,0.994013742605845,-111.675521306636,-105.899241800294,-64.52822000991,-84.4158634507426,-78.3641672030867,-50.6877639710222,-106.385446487595,-48.5910929091148,-41.4073519575731
25-Jan-2025 21:19:34,203,56,-0.000593177770497277,0.415371602773666,-0.0202524685611328,0.0554160858194033,-0.0503357124825319,0.139378140370051,0.987405248483022,-69.1947409566476,-34.9478711084026,-27.958823796614,-87.7345870987527,-106.203360466645,-63.5136497354511,-110.264302108602,-59.5188133364768,-45.777501303904
25-Jan-2025 21:20:25,147,57,0.0348014245430628,0.389646069208781,0.08676904241244,-0.154928714036942,-0.0204739364484946,0.0870875164866447,0.983866707483927,-74.8157569470234,-71.0969200222466,-40.1157599060552,-36.7075813592713,-44.3364944204958,-29.9240965984361,-82.3641007491112,-75.0037930247093,-53.6857921746409
25-Jan-2025 21:20:37,91,58,0.0665567964315414,0.401620493332545,0.0651441206534704,-0.0666936124364535,-0.0241006707151731,0.089536182085673,0.993455799420675,-71.3547289992873,-63.023373497381,-36.5321787097401,-58.0499289505709,-48.8684150816734,-32.6432489951426,-89.011031116642,-97.0166380996749,-65.1454067782415
25-Jan-2025 21:21:31,214,59,-0.00358290194223324,0.400155782699585,-0.0155997284377615,0.266022086143494,-0.035658364991347,0.102609990040461,0.957826685905456,-33.1808161225281,-54.7984507936255,-31.7871581226073,-101.760633673297,-78.5603014427837,-48.6373670572131,-85.8168220759693,-52.2175012810986,-32.7424738207487
25-Jan-2025 21:21:45,116,60,-0.0216718394309282,0.394025864203771,0.133332840601603,-0.170375249783198,-0.0119767929737767,-0.0764238258202871,0.982338146368663,-86.9655545547004,-107.678356279961,-56.5325232441902,-21.1161114285744,-33.1484667437292,-24.2368620861013,-49.7217506419725,-68.2546111202535,-39.0664411187415
25-Jan-2025 21:22:30,28,61,0.000302215540432371,0.383960545063019,0.0169187883536021,-0.0215358330557744,-0.00185134930846592,-0.0353138911227385,0.999142519632975,-65.6565413561581,-52.3323353213777,-29.2222339023947,-57.9248251799646,-73.1873457126472,-45.3218897664418,-57.8282392687953,-56.9391551403538,-38.1985316098135
25-Jan-2025 21:22:43,34,62,0.122977842887243,0.416579610109329,0.0493704378604889,0.0597295634448528,0.0249493345618248,0.318395310640335,0.945745384693146,-6.63104938250207,-41.9581477257005,-23.255186314143,-61.6663240250456,-24.5177202941709,-20.2071232667905,-121.19981221664,-114.519753474687,-66.2088769865669
25-Jan-2025 21:23:22,28,63,0.00881345942616463,0.381246030330658,0.0385619953274727,-0.0502880866328875,-0.0115574603279432,-0.0168667295326789,0.99852546453476,-67.2861286178588,-48.9637838212781,-25.6351267271484,-51.9750236493948,-52.7808911930111,-37.4297646106198,-59.9035497111127,-55.5325402375079,-38.9684414049567
25-Jan-2025 21:23:35,164,64,0.0656885921955109,0.429550709327062,0.110025736689568,-0.114775172372659,0.0107198623319467,0.193630760908127,0.974278628826141,-89.9301677885082,-108.412218319245,-55.2517373922843,-65.4760268427277,-18.1643743699955,-20.0138996152645,-126.31797856258,-120.274817166096,-71.2319732854032
25-Jan-2025 21:24:41,50,65,-0.0480772775908311,0.401601163546244,-0.0628088807066282,0.271011646588643,-0.0104084959253669,-0.0939008697867394,0.957928518454234,-38.2811823600501,-48.4687034895493,-28.2914708237873,-101.629003892236,-109.559389445616,-65.7673647640216,-43.4397180210142,-39.0258325307643,-28.4069961499694
25-Jan-2025 21:24:57,178,66,0.11284414678812,0.453142648935318,0.0943285162250201,-0.226626181602478,-0.187454730272293,0.0234943078209956,0.955483837922414,-131.540102928839,-64.6543777795135,-37.6706546453534,-63.0267889531545,-6.36379221164169,-15.4559128236186,-114.759041310404,-160.514191687856,-90.4375224050991
25-Jan-2025 21:25:49,360,67,0.0507803209125996,0.403159197171529,0.0874117578069369,-0.125235539674759,0.00192417796545972,0.210726286967595,0.969487917423248,-70.828425279729,-78.4231388813984,-49.8581244655956,-43.3991477771148,-47.3802062107889,-33.8269424747898,-108.344755266143,-92.8821430067038,-56.4310995017635
25-Jan-2025 21:26:03,142,68,0.0753148059050242,0.449008659521739,-0.020555284867684,-0.0877610832452774,-0.126836076378822,0.184253549575806,0.970701444149017,-103.991306648035,-29.7280589512667,-26.1768725806002,-86.3329798828246,-128.891066024423,-75.2486604616771,-145.247007716328,-138.226086746857,-79.7693594519105
25-Jan-2025 21:26:54,49,69,0.0559660851955414,0.43678343296051,0.0141293027127783,-0.0751089145739873,-0.0883692637085915,0.239808090527852,0.963868045806885,-95.0007845521246,-70.2397327277341,-44.5138582415601,-83.1033081992653,-108.409919589799,-63.7191027082409,-147.97292186243,-114.5831458095,-69.4322938399292
25-Jan-2025 21:27:08,228,70,-0.129337783654531,0.45250297387441,0.00314310840331018,0.103825009365877,-0.0331405808528264,-0.154256916046143,0.982001376152039,-101.766010149083,-135.516118174739,-76.2591623250579,-126.327112127934,-152.814590454254,-85.028549500464,-58.7672858207073,-34.8995813729699,-28.6976229816596
25-Jan-2025 21:27:52,351,71,-0.123518851399422,0.48021489183108,0.112264001866182,-0.347157549858093,0.139641243219376,-0.263932466506958,0.889000340302785,-197.74822229596,-163.103053171541,-91.892965878562,-98.762764394737,-124.70448098411,-70.9912641660694,-90.3120511644106,-57.5835931332398,-44.3690929588825
25-Jan-2025 21:28:06,140,72,-0.0980596030751864,0.444202196598053,0.014800189435482,-0.00168623124094059,0.0963247030973435,-0.308100990454356,0.946462722619375,-131.624258229044,-114.871695633235,-66.1934602130876,-126.522541185767,-123.984716614839,-69.0475550851125,-16.3916229632482,-41.7453241700239,-34.8661315809529
25-Jan-2025 21:28:48,17,73,-0.0992987414201101,0.470070000489553,0.0837015435099602,-0.265600395202637,0.103981155653795,-0.258531564474106,0.922933260599772,-188.964674174554,-150.301311877635,-88.8589923183203,-114.742995381785,-127.901598639094,-74.7079367530603,-97.1503512885117,-66.3928896049727,-47.9852023024527
25-Jan-2025 21:29:05,57,74,0.131573390960693,0.432834355036418,0.0278016715000073,0.138158053159714,0.0802418425679207,0.0559302126367887,0.985568368434906,-31.144741558453,-24.7657392167191,-24.7969481812613,-99.1705550630981,-58.998344152334,-38.9620517030789,-89.9881659623184,-148.01517186585,-87.50208562629
25-Jan-2025 21:29:52,31,75,-0.0227756259342035,0.426911024252574,0.146843804915746,-0.265289378166199,-0.0110952274252971,-0.0967252761125565,0.959240690867106,-130.563393269654,-130.831734891267,-78.9644222647301,-57.733755017167,-50.3286602788549,-39.9747943489276,-79.9403404314926,-91.2166416171737,-57.7845787586429
25-Jan-2025 21:30:04,297,76,-0.0331845844785372,0.451971211036046,0.147137549519539,-0.204483483235041,-0.0765077734986941,-0.212635127703349,0.952428130308787,-158.490587914129,-148.884470931379,-88.5234027443085,-96.3970351125492,-44.4002549725285,-37.5432041552868,-83.6603299656957,-110.045203700541,-67.731472259849
25-Jan-2025 21:30:35,183,77,0.0428840652108192,0.418280253807704,-0.0376780038078626,0.240588782231013,0.0271778242041667,0.0228128736217817,0.969978352387746,-12.8364797729761,-3.2031704784317,-7.24877844986645,-113.222119961043,-105.894039391183,-58.9626764648427,-83.575747143599,-103.477029239356,-58.6495519665365
25-Jan-2025 21:30:49,268,78,-0.0237027740726868,0.375703585147858,0.0535857925812403,-0.118309866885344,0.00411223073800405,-0.168154928088188,0.978626461823781,-83.4445912633319,-25.7367327885989,-18.2583815529789,-45.9346226020816,-38.110459827023,-24.8137086307914,-30.0287125579247,-20.5899216002004,-16.9488200949875
25-Jan-2025 21:31:25,280,79,-0.0385966906944911,0.40929025610288,0.0542097173631191,0.107283847033978,-0.026526486252745,-0.130635020136833,0.985251756509145,-87.5723067914471,-93.9676883507178,-57.6530443815084,-106.447814132535,-64.3996455081619,-42.3407636029294,-65.8727953061622,-56.558491134224,-34.0678604120935
25-Jan-2025 21:31:39,229,80,0.067913855612278,0.440857416391373,0.0948922564586004,-0.252401673793793,-0.118008364737034,-0.0517503768205643,0.959004346529643,-143.197563703218,-79.5894356915239,-50.3534127248481,-70.2855754800621,-26.3217272884267,-23.1912991659984,-105.96441089098,-135.541477515391,-73.4488482756136
25-Jan-2025 21:32:03,252,81,0.0221423955013355,0.437473328908284,-0.0312726739794016,0.418603654702504,-0.00854943295319875,0.110378977656364,0.901395603020986,-21.683214596327,-14.8941349246866,-13.6051877172749,-150.875867408161,-97.5490966808402,-53.9185477800998,-116.664638853101,-86.4017649608101,-46.7312026254806
25-Jan-2025 21:32:20,352,82,0.0387759273250898,0.394645577669144,0.0932733237743378,-0.218073679010073,-0.0603412059446176,-0.0301934223622084,0.973596982161204,-96.1010957804964,-61.8265297335224,-35.0811365867385,7.2166925015941,3.05380491745812,-1.62684844599632,-65.6851679913543,-83.27779909729,-43.1789711587663
25-Jan-2025 21:33:35,265,83,0.0163257545481125,0.37237583398819,0.0635750889778137,-0.207252442836761,-0.0142425449565053,0.128957731525103,0.969646072387695,-64.8106471242484,-43.0760953654059,-20.2825130979851,-13.9141916108968,-36.1034817281957,-21.7266547351525,-75.3875295639676,-39.7620782439585,-23.3865970530617
25-Jan-2025 21:33:53,351,84,-0.165072973569234,0.512442656358083,0.0195845782756805,0.145463849107424,0.0321113797525565,-0.4540311952432,0.878444532553355,-158.332346206574,-171.209087093152,-87.9356169961608,-198.105496623495,-165.771725482543,-90.1473846466289,-41.742775354463,-42.8817695097661,-28.5330507202683
25-Jan-2025 21:34:40,188,85,-0.0645631859699885,0.39254783987999,0.10402374714613,-0.226258137822151,0.026592701425155,-0.160186996062597,0.960437556107839,-100.044138802472,-96.4623149073733,-51.1048886698247,-31.9523855092378,-56.4073965793878,-29.6051625971169,-37.2169379539588,-30.0617974659342,-23.3226687777331
25-Jan-2025 21:34:55,57,86,0.1127450188001,0.43121172785759,0.0658435394366582,-0.126003422339757,-0.101836632192135,0.0265966476251682,0.986430478096008,-103.974158792274,-45.5669407799077,-27.532197766195,-67.5732849437397,-31.6917761840862,-19.1223485595692,-97.3441128391982,-141.134602946395,-80.7340676780665
25-Jan-2025 21:35:37,28,87,-0.0472285032272339,0.420668256282806,0.141098559896151,-0.285070194800695,-0.0207185186445713,-0.16103920241197,0.944654492537181,-132.176978981162,-125.68184949518,-71.9935465026857,-51.8163698294308,-26.2535573957796,-38.5307758620263,-64.2304718551227,-69.9951758998116,-43.0717216900434
25-Jan-2025 21:35:51,286,88,0.147418922185898,0.442332492272059,0.0610668915013472,-0.0574958451092243,-0.100082650780678,0.387996991475423,0.914404499530792,-27.6374452967869,-29.1031034277359,-22.8413475178147,-57.8000123531671,-25.0556290886874,-37.0689857573314,-149.384574202325,-139.820937392054,-77.1217764850156
25-Jan-2025 21:36:40,124,89,-0.0319262544314067,0.405580838521322,-0.000694960611872375,0.0872929488619169,0.0162999657293161,-0.171036025881767,0.981254808108012,-86.2802663005696,-63.143825335184,-36.3687463911539,-100.137217493331,-86.3140271561103,-63.0545438695364,-55.3441446888428,-55.0567530001755,-39.8859587868989
25-Jan-2025 21:36:52,269,90,-0.0268017818530401,0.405424360434214,-0.0287934416284164,0.328179597854614,-0.00914100433389346,-0.107563266158104,0.938426725069682,-44.2993978418967,-61.102938727595,-35.1442144266005,-122.800174526806,-81.691493290232,-60.5391882758384,-52.7923758766891,-51.989826135267,-38.1484066936858
25-Jan-2025 21:37:44,261,91,0.095484422147274,0.438614163796107,0.0757066403826078,-0.290720375378927,-0.152185607949893,0.178424367308617,0.927623852094014,-116.921964389993,-61.8540126585083,-33.8522013753177,-45.665866009303,-61.9089183728236,-49.4550113798337,-139.555930392168,-124.377282776719,-77.1067032867757
25-Jan-2025 21:38:00,213,92,0.068701645731926,0.40407620271047,-0.00215110788121819,0.006806464244922,-0.092692535618941,0.244150680303574,0.965272259712219,4.3455331471648,-14.4059862450985,-7.82481734208084,-57.7425775313716,-80.3930038973951,-56.3936833155874,-106.565614857123,-87.3568331803007,-56.2931076620345
25-Jan-2025 21:38:53,287,93,0.0417611598968506,0.401985838015874,0.0178080843140682,-0.0538416936993599,-0.0516246661543846,0.0910961945851644,0.993044567108154,-72.9430731790287,-54.6245293535935,-33.3103304096664,-60.1077404033387,-84.1688165931683,-54.8951614665321,-92.9417865860145,-94.0098352480674,-57.4244093538081
25-Jan-2025 21:39:06,202,94,-0.0819698130091031,0.43968631029129,-0.0443364662428697,0.157773454984029,-0.0637101367115974,-0.00928682703524828,0.985374212265015,-80.8768830362343,-98.0647301507875,-57.6735304796554,-118.76317929984,-147.220654435136,-89.0641800589081,-95.899488933476,-33.8218176392096,-29.9735002207712
25-Jan-2025 21:39:58,196,95,-0.0692601094643275,0.424887337287267,0.131020924448967,-0.285794270038605,0.0850669215122859,-0.0725046738982201,0.95175017118454,-129.163379190606,-128.09844064674,-75.1019240290476,-51.0103097757103,-63.8181913719706,-46.4431519736007,-80.2187315493639,-49.6065083028276,-29.5916634262719
25-Jan-2025 21:40:13,200,96,-0.0495458575586478,0.434488946199417,-0.0531101204454899,0.226325044035912,0.0482815104226271,-0.173307061195374,0.957293240229289,-84.3604796878,-84.9990175091359,-54.5594146494896,-134.561566828093,-138.370961801195,-84.7267393774566,-62.0149561550083,-82.6656970598407,-47.1284599940223
25-Jan-2025 21:40:47,375,97,-0.0678567339976629,0.447109186649323,-0.0507803827524185,0.376084790627162,-0.0355647956331571,-0.157455933094025,0.912416044871012,-74.8201478073617,-90.5553598112212,-57.0689472873318,-161.539233865889,-137.589644449019,-83.7892747605982,-76.3763506264168,-41.9151032772814,-40.07916437568
25-Jan-2025 21:41:02,156,98,0.130922096967697,0.432146726051966,0.0325359168152014,0.0798690925041834,0.0418221736947695,0.347221527496974,0.933439381917318,0.395754595349166,-10.7364061248822,-14.3682468743068,-75.7711217793303,-70.7776036528892,-47.5920307926778,-139.636648482588,-124.566350777356,-78.613564555862
25-Jan-2025 21:41:50,47,99,-0.0645177831252416,0.386583950122197,0.0188675817102194,0.0264118827879429,0.0154231476287047,-0.100469802320004,0.994469920794169,-63.8551689667883,-75.8161309828524,-49.5860637903161,-65.4459527075229,-88.3967983671398,-58.0029989230422,-42.6740036800363,-34.6061234262146,-22.5587252603844
25-Jan-2025 21:42:04,97,100,0.0941688140233358,0.42930938800176,0.0706588769952456,0.0257512142260869,0.0557711424926917,0.296921026706696,0.95292413632075,-61.649074184321,-78.279473309066,-51.1988557650933,-76.7490093391789,-21.2511677888411,-24.8113044455633,-138.838512505394,-120.148538514348,-65.7110536161217
25-Jan-2025 21:43:16,274,1,-0.000424644510106494,0.327779370546341,0.0433296466867129,-0.0131937800596158,-0.00332169473792116,-0.0111971496914824,0.999844773610433,-8.55000000000001,-16.3499999999999,-5.77500000000001,-5.40000000000001,-13.575,-5.70000000000001,-6.60000000000001,-6.82500000000001,-8.25000000000001
25-Jan-2025 21:43:27,336,2,0.00935382309059302,0.330874860286713,0.0463206018010775,-0.0170873428384463,-0.00450927239532272,0.00855745685597261,0.999807234605153,-10.285747257771,-18.0053320554935,-6.61504868166933,-6.82242914569328,-13.6988442660226,-5.77430655961362,-12.1764921722643,-14.1530194397618,-11.926390887949
25-Jan-2025 21:44:07,389,3,-0.00577321294695139,0.338184634844462,0.0331842390199502,0.0593422529598077,-0.0059206360951066,-0.0471775119503339,0.997104688485463,-13.9139989335055,-21.1900698518974,-8.30402077075047,-26.6137733664711,-21.377429355206,-10.1789576131237,-10.2735147492378,-9.69102718698809,-12.6607434948781
25-Jan-2025 21:44:18,87,4,-0.000851748899246256,0.343910308678945,0.0287426795810461,0.0342092297971249,-0.0141303821777304,0.0590130145351092,0.997570836544037,-13.1298612448798,-25.5634365468955,-10.3145696326337,-21.9439011751247,-31.5176795822773,-15.072947059257,-30.9592422877572,-3.26596406337897,-9.27207843802735
25-Jan-2025 21:44:55,305,5,-0.00603136053929726,0.34831737279892,0.0197607991596063,0.0246918072303136,-0.01271305984507,0.0378779659668605,0.998896416028341,-20.255058626932,-28.2293189412316,-13.9707630187623,-25.880682183042,-41.0233605457898,-24.1459166996179,-31.9298412011463,-16.5047194434913,-13.7240816660948
25-Jan-2025 21:45:07,234,6,0.0262302848200003,0.351621009906133,0.0342837877571583,-0.0856418669223785,-0.0255885356416305,-0.0115405051658551,0.995930496851603,-38.2851120281378,-2.16794345875364,0.562983924747721,-14.7009895546707,-39.1435314430642,-21.7029527942048,-26.7527981654237,-47.6402792814805,-27.7887941280717
25-Jan-2025 21:45:57,162,7,-0.0209836543848117,0.359648521741231,0.0305054120719433,0.0605715525647004,-0.000416768214199692,-0.177152099212011,0.982317725817362,-44.4406136158858,-35.1793075675813,-15.9307095405486,-55.5668671470218,-33.9242454603983,-19.9672516230357,-11.6285027852376,-22.9791394195081,-17.1759290513858
25-Jan-2025 21:46:09,205,8,-0.00792747996747494,0.360614234209061,0.0671531389156977,0.0729437162478765,-0.0163649285833041,-0.0504388252894084,0.995925354957581,-31.3519795510027,-63.3037885237653,-30.0465247831864,-46.8464998066063,-15.9058574810119,-11.0116394886072,-28.9793975188621,-39.9009210393292,-25.6903886824245
25-Jan-2025 21:46:43,199,9,0.00842258737732967,0.366197754939397,0.0589734440048536,-0.0101638746758302,-0.00633557705829541,-0.000582497438881546,0.999928140640259,-44.696561315028,-51.7234057475487,-29.0492525879623,-41.3346426027656,-33.8303619098539,-21.0472796459124,-44.7588880471153,-41.0337017328622,-31.8020419720752
25-Jan-2025 21:46:54,261,10,0.0253781858831644,0.362259622414907,0.0656385332345963,-0.147979518771172,-0.0210371245940526,0.020703224465251,0.988549904028575,-55.0120546283436,-35.6939393004939,-19.5715923760307,-16.628086306715,-27.1332482927444,-16.2357958489533,-44.6111847819579,-43.0348317525072,-31.3396799934934
25-Jan-2025 21:47:31,298,11,-0.0159886346509059,0.358364822467168,0.0400451377034187,-0.0355516751607259,-0.00108106965199113,-0.162232223153114,0.986111394564311,-53.4360477800352,-16.6165025714765,-9.55743651903986,-41.6327665691616,-31.1693733509894,-17.3061552605937,-16.1421726543581,-22.5709723745771,-17.9709846870462
25-Jan-2025 21:47:43,121,12,-0.0319925848394632,0.356607077519099,-0.00616684664661686,0.14818648993969,0.00876920515050491,-0.140353834629059,0.97890975077947,-24.1686003700858,-20.0533296373966,-9.96453106560745,-58.2451593685021,-50.7917206817765,-25.8060099395948,2.8522133027414,-8.60988898051222,-9.67912400362134
25-Jan-2025 21:48:24,36,13,-0.0036117087273548,0.369653761386871,0.0111704202368855,0.047211950023969,-0.0166014790534973,0.049961194396019,0.997496529420217,-37.7019643879544,-38.0086790042838,-20.6018480275703,-49.1652622344075,-59.6815023349203,-35.5369102321858,-54.7723514043406,-30.6862972124421,-23.0713063356055
25-Jan-2025 21:48:36,331,14,-0.00712440954521298,0.377764314413071,0.0674414431055387,0.0206434821089109,0.0056352195640405,0.104721017181873,0.994271409511566,-44.1037671507586,-70.7742737367893,-36.6549553532051,-51.3521024873752,-27.811948573316,-19.2724433107657,-73.7146516040995,-36.2827081723249,-25.5398217749289
25-Jan-2025 21:49:18,156,15,0.0433460478981336,0.372340458631515,0.058473751693964,-0.099716517329216,-0.0298754864682754,-0.0041892783716321,0.994558477401733,-60.7456212636778,-14.1322101221354,-22.0476463857811,-34.0971248088209,-35.8872232658736,-23.9494870906976,-49.7199224167879,-67.1593885364136,-42.4015527656264
25-Jan-2025 21:49:29,311,16,0.0441082919637362,0.369173288345337,0.0663008024295171,-0.134526046117147,-0.0332647547125816,0.0202101179709037,0.990145309766134,-55.3420954438117,-24.4501025637038,-26.3449632863115,-16.0249326034617,-34.1393946185647,-22.2139434467893,-47.5300879769889,-67.0923444488543,-41.5064014015928
25-Jan-2025 21:50:06,72,17,-0.0301576659083366,0.356159597635269,0.0330452342828115,-0.116117432713509,0.0277853354811668,-0.127623038490613,0.984610144297282,-56.3713215761231,-20.6655988240499,-16.7930937840507,-23.911604812247,-48.9610299452791,-26.1904852745876,-16.315622300284,-16.1495724785684,-14.155231768391
25-Jan-2025 21:50:19,44,18,-0.0266664194564025,0.362511086463928,-0.0358676142990589,0.128744260470072,-0.0104067039986451,-0.00842395980531971,0.991587074597677,-14.5749968099459,-11.6512579117767,-12.4669092122713,-46.9527865032518,-75.4432219574434,-39.612567165027,-29.8327558614077,-18.3131844078018,-15.4180236173649
25-Jan-2025 21:51:12,363,19,-0.0306348919868469,0.382846071322759,0.0395377844572067,0.0494427094856898,0.00168626278949281,-0.233103534579277,0.971192745367686,-76.2486448334857,-52.6223509503769,-27.6165679955409,-79.7587088329589,-48.576058321881,-28.9932685096524,-25.7955108170388,-34.710878989924,-24.695900164583
25-Jan-2025 21:51:26,351,20,-0.0669954518477122,0.407227170467377,-0.0778355464339256,0.0671841566761335,0.076766441265742,-0.101485785345236,0.989592564105988,-60.4823093803562,-9.53089660571272,-4.83873399593803,-70.0856248350091,-136.957611035971,-71.9519380394265,-4.30469793352842,-18.6560970172523,-15.4364023509763
25-Jan-2025 21:52:12,400,21,-0.0517379430433114,0.384383195638657,0.0823651984333992,-0.134127283096313,-2.22791026014117e-05,-0.229888927936554,0.96392996708552,-95.0465640461218,-76.9668981862191,-45.2530482123584,-51.9080427555962,-45.6565424948971,-29.3478026442756,-24.7136327748698,-30.6075369429872,-21.5658942361048
25-Jan-2025 21:52:26,346,22,-0.0616145903865496,0.405807693799337,-0.0850849717855453,0.176613946755727,0.00276857009157538,-0.0576783115665118,0.982584575812022,-12.0737114659731,-17.0075210268689,-14.7890094456041,-80.1736372601142,-132.176617960419,-72.1234901899573,-46.5798643731343,-25.7640350721944,-18.6597931136291
25-Jan-2025 21:53:20,15,23,-0.0207495979964733,0.400782364606857,-0.0326880099872748,0.323943495750427,-0.0238165989518166,-0.0362202075620492,0.94508281548818,-34.1766327916079,-50.3852866759257,-30.8204420250863,-113.665748958408,-95.1289184653033,-53.4422329219631,-60.9139932042019,-42.5243977920796,-31.6237534765727
25-Jan-2025 21:53:33,218,24,-0.0012580341193825,0.377377396821976,0.107796501119932,-0.0675427734851837,-0.0125591679165761,-0.0357074879109859,0.996998131275177,-59.4822414534112,-87.939837179927,-48.355312882253,-40.0561024133371,-18.596734936966,-13.9337367629606,-43.2843146117199,-60.3676763097099,-39.302988340554
25-Jan-2025 21:54:18,400,25,-0.0420580923557281,0.383812361955643,0.063345272342364,-0.0867117454608281,-0.0157466215391954,-0.26535339752833,0.9601149559021,-94.6428677962189,-62.8911281278164,-37.4939316922122,-63.1576423982578,-44.3687684116856,-28.7327481986395,-21.9743020578943,-34.4489512815873,-22.1897137865305
25-Jan-2025 21:54:31,205,26,0.0472364967068036,0.381323124965032,0.0513269978264968,-0.108130343258381,-0.0309314572562774,0.0997936780254046,0.988631502787272,-60.3295974251083,-29.3291417715289,-20.7609358868125,-34.9870001451385,-40.7596726677035,-26.9761976993925,-75.9192781011346,-66.1354717159057,-38.0809713764336
25-Jan-2025 21:55:13,350,27,-0.00623259547476967,0.397436447938283,0.00735801635310054,0.181037571032842,-0.0151114174475272,0.0301235948999723,0.9828986008962,-51.7791978352884,-59.2094849640979,-31.8579103542604,-96.8853949245649,-70.1905264190316,-44.1984381273723,-78.7994663579744,-50.6892419286689,-33.0187166659903
25-Jan-2025 21:55:27,29,28,-0.0499693339069684,0.392289680242538,0.115760373075803,-0.0538659259676933,-0.00197271541692317,-0.0641149351994197,0.996485773722331,-71.6254375327717,-110.413205962069,-55.1587038687427,-54.5749880217259,-8.20683983158086,-10.9055278491437,-49.5184501383896,-38.7112785340735,-24.7286679841894
25-Jan-2025 21:56:10,396,29,-0.00276813399977982,0.402921617031097,0.0681649088859558,-0.240798899531364,0.0116952572017908,0.0263292971998453,0.970147383213043,-109.148780965645,-39.8415302866198,-38.8033472168013,-46.5633210828246,-56.0519214306169,-38.7085551750212,-90.4112030305497,-55.2933233627991,-33.3772002403414
25-Jan-2025 21:56:23,370,30,0.0294967765609423,0.414754903316498,-0.0289831987271706,0.189098957180977,0.0650441621740659,-0.0852259616057078,0.976087788740794,-66.2123744489142,-30.6527691077869,-33.5028202171134,-113.734334896474,-99.9210142250397,-59.936955161961,-68.1888570170144,-99.9942305177382,-55.0215074075394
25-Jan-2025 21:57:03,226,31,-0.042303408930699,0.404689939816793,-0.0373599986235301,0.303960867722829,0.0327238671481609,-0.187527335683505,0.93347225189209,-51.3886967567957,-49.2453317892421,-34.549763878462,-121.318662212814,-92.4185241991134,-58.2613751399068,-39.7073633311488,-47.1727592009689,-28.8124483977785
25-Jan-2025 21:57:18,173,32,0.0502357696493467,0.409528483947118,0.0792005573709806,-0.296298416455587,-0.0572431993981202,0.154580701390902,0.940763131777446,-103.348383497003,-36.9503831763717,-27.3447920753854,-28.5456652087842,-44.549208218416,-33.2692196529168,-111.896114568272,-82.0072465836278,-45.1721945924666
25-Jan-2025 21:57:55,136,33,0.0175119248529275,0.386408468087514,0.0169881235808134,0.05750476171573,-0.0111096875742078,0.098936952650547,0.993368681271871,-48.09676084248,-47.7566758239314,-27.7317260306309,-65.0596574161366,-64.8060060565864,-44.4439075386115,-79.8346852012703,-58.2947906357082,-38.1877614139738
25-Jan-2025 21:58:09,289,34,0.0310455579310656,0.42307656009992,0.0688260401288668,-0.116439483563105,-0.0562653712928295,-0.148892793059349,0.980360662937164,-126.62995211832,-66.6971909258396,-35.7084632416414,-89.8728891457788,-19.8470617660048,-20.4709150533772,-80.0102560516348,-105.804466461201,-60.4490789867767
25-Jan-2025 21:59:06,6,35,-0.0414804384112358,0.411355962355932,-0.0544936172664165,0.392629021406174,0.0162541896104813,-0.174020896355311,0.902936887741089,-40.8320054169954,-50.4814305029138,-30.4995679106623,-133.482798911334,-98.8980479013523,-61.0891436691068,-42.7748835745005,-45.4577967291239,-30.6562325832226
25-Jan-2025 21:59:21,150,36,0.100068584581216,0.409488890568415,0.0873393883307775,-0.0985391472776731,-0.0263566402097543,0.127169216672579,0.98662189245224,-70.5373990824749,-64.4822373985503,-38.6574474661882,-38.8804999938781,-26.605055507778,-26.1001235800273,-90.2152396032395,-122.082323787287,-70.1259722200116
25-Jan-2025 21:59:58,370,37,-0.0119440592825413,0.412681659062703,-0.00162405301816761,0.257386159896851,-0.00740846693515778,-0.0268046595156193,0.965908376375834,-60.920931011464,-63.8543159653117,-36.7258584907818,-123.162250958311,-81.1432175664494,-50.5859516843618,-83.1271831475861,-46.0391371002999,-39.2400024087314
25-Jan-2025 22:00:12,219,38,0.127069602409999,0.408177787065506,0.0561789907515049,0.0158431060612202,0.0184970856954654,0.292359530925751,0.955998114744822,-3.79645472153793,-15.5508313220509,-11.0718212152581,-48.9013452004578,-34.7836839076683,-25.9038899010781,-108.685132366286,-110.486192600089,-69.9612352047329
25-Jan-2025 22:00:52,190,39,-0.0775498767693838,0.406058623393377,0.0906188070774078,-0.136812509099642,0.0160684059063594,-0.186839244763056,0.972684566179911,-106.375051733225,-113.835014455467,-59.2871230036353,-64.0229765817953,-74.4786381973416,-42.4042649344768,-46.8654430280976,-37.4930046703282,-30.8019773570214
25-Jan-2025 22:01:06,199,40,-0.0180500265210867,0.44193802078565,0.121096801757812,-0.0917868599295616,0.00232178877728681,-0.0343134430547555,0.995184584458669,-124.075431877442,-149.155542394641,-79.1478369692771,-99.963518607324,-23.91311082639,-19.3219512450557,-108.393255492295,-91.2364380540619,-59.874144044943
25-Jan-2025 22:02:11,124,41,0.0900460158785184,0.435349067052205,0.0727511629462242,-0.219101244211197,-0.097594973941644,0.260258553425471,0.935272892316182,-102.070934789079,-80.9384076344665,-41.9316277591858,-55.0062186155328,-64.8555546069276,-46.5003751387671,-146.163604445585,-115.314605408135,-75.9626488397258
25-Jan-2025 22:02:24,381,42,2.29834420679254e-05,0.425754694143931,0.135723303755124,-0.160272136330605,0.0013714648084715,0.0470997020602226,0.985947569211324,-103.246881405881,-140.290941116945,-70.9313766571314,-38.0043602956663,-58.0903761739909,-42.4412680790051,-99.1808092281541,-97.0921693627434,-66.1749129737366
25-Jan-2025 22:03:02,393,43,-0.0480174819628398,0.393305925528208,0.0536061557630698,-0.103556148707867,0.0044035866856575,-0.201754119992256,0.973936371008555,-99.4765029092419,-80.762197400025,-44.9627076356068,-65.5612028937916,-63.0292060167758,-43.1888077540563,-41.3619127185191,-43.1098674643054,-28.8204963353282
25-Jan-2025 22:03:17,206,44,0.113172849019368,0.432880693674088,0.0763655841350555,0.0232179559767246,0.0571453536550204,0.309636372327805,0.948852284749349,-57.927280916904,-84.9187976701532,-46.4026443386692,-73.2058785073496,-35.0732012636143,-28.5724419454739,-138.55441548884,-129.567229098641,-71.4108137204942
25-Jan-2025 22:04:09,398,45,-0.0888442481557528,0.425050632158915,-0.0014186990292122,0.104146864513556,0.0116140985240539,-0.181938219070435,0.977710119883219,-93.8347275369788,-106.699073397987,-58.2158059032625,-113.122490124234,-120.374175924083,-74.5996639347466,-61.5312578919326,-45.7746678943483,-36.7080725559618
25-Jan-2025 22:04:22,183,46,-0.0411171098550161,0.426436684528987,-0.0569879877070586,0.360571893056234,-0.0237214357902606,-0.0878554180264473,0.928281589349111,-52.8700198494489,-60.8810130082513,-35.1984893512477,-139.186530200803,-109.087529206277,-68.8480542186961,-72.7834528803865,-44.8132790605011,-36.119091781891
25-Jan-2025 22:05:11,171,47,0.0597430842618148,0.41556628147761,-0.00869178883731365,0.084084918598334,-0.0490950415531794,0.26972557703654,0.958001852035522,-49.0708134746952,-55.2293300525254,-35.2732643572032,-79.3524355794557,-103.25887231047,-61.0236977337925,-124.30727523243,-91.4379059484223,-61.0797795781391
25-Jan-2025 22:05:25,86,48,0.114959850907326,0.409586479266485,0.0714760089914004,-0.0331485303739707,0.000663461212146406,0.345727050304413,0.937748889128367,-34.7476478294484,-55.425266260575,-34.2326173815124,-37.1161038812972,-39.3117267017353,-27.9115098497094,-118.091018643972,-106.868102443517,-67.6562627459707
25-Jan-2025 22:06:19,78,49,0.0651768063505491,0.417848525444667,0.0123653282100956,0.150843387842178,-0.0140671995778879,0.343476462364197,0.926861556371053,-37.9612791467524,-60.1741805192142,-33.8873414743718,-89.2042665329105,-76.4177680510456,-46.6644752274951,-136.918683896389,-90.4116212105319,-57.207168027253
25-Jan-2025 22:06:34,334,50,-0.00585644577319423,0.443936417500178,0.162729892134666,-0.28920588294665,-0.0494977650543054,-0.0784475609660149,0.952761912345886,-142.572859348112,-143.99337437476,-77.0923864691093,-34.8053069314778,-23.9747412052406,-21.7384098715575,-92.4512427179183,-114.145085382189,-70.3693481800464
25-Jan-2025 22:07:29,291,51,-0.0328428946435452,0.428009037176768,0.133158196012179,-0.240835546453794,0.112799577911695,0.0862145215272903,0.960125815868378,-117.218363457469,-137.202746279337,-73.6674421019517,-50.4102925298436,-56.8946524507953,-44.7285740446836,-108.421968857336,-67.3146878319265,-44.511458552586
25-Jan-2025 22:07:41,212,52,-0.0788414145509402,0.434761949380239,0.0974380950133006,-0.324591060479482,0.183963156739871,-0.0120367870976528,0.927714002132416,-144.853679951865,-123.60230752312,-67.4235192220003,-48.9010837578683,-87.75253937136,-60.7138140031227,-91.6220054213239,-29.7930139918521,-26.3069181307056
25-Jan-2025 22:08:17,332,53,-0.0540794971088568,0.431562517086665,0.0780448039372762,-0.198755509654681,0.102175876001517,0.052566546946764,0.973289855321248,-126.261232828266,-132.065241734216,-73.3391092857264,-70.4572904224823,-94.4175388911557,-62.6353561560959,-112.150250098557,-30.9404933780638,-41.6457505155476
25-Jan-2025 22:08:31,205,54,0.0382917568087578,0.417890117565791,0.112769031524658,-0.252604534228643,-0.0761190846562386,-0.0478480264544487,0.963383344809214,-117.903180831932,-98.6214624624919,-56.071560978475,-49.9452427064458,-44.1003675202582,-36.9311117992581,-83.8757475793766,-100.662941093706,-75.9613157019799
25-Jan-2025 22:08:55,221,55,-0.0646771118044853,0.379174204667409,0.125222665071487,-0.205911660194397,0.0040007583796978,-0.13144391477108,0.969694213072459,-78.1084864224328,-91.1418223334363,-47.2251361499791,-13.0674190082238,-15.9637851014019,-14.5586755433105,7.94602659614467,2.49501986416918,-10.3287153258532
25-Jan-2025 22:09:10,86,56,0.0441629429658254,0.400733689467112,0.0574496125181516,0.059457861383756,0.0104447456697623,0.124395533899466,0.990394608179728,-57.8392615464355,-74.8764001822901,-40.0951507521269,-76.6270527108207,-21.9159432041057,-18.5374802723834,-96.5472873947048,-80.6672866107003,-52.9125942410089
25-Jan-2025 22:09:55,236,57,0.0211534235626459,0.424767935276032,-0.0287013087421656,0.381797222296397,0.0292933023224274,0.0301531657576561,0.923289533456167,-42.3760989379071,-11.2314934216098,-37.9090731256436,-138.763294086587,-94.3265614090248,-55.780394987424,-95.7988118924177,-86.4497156409964,-57.3041769434032
25-Jan-2025 22:10:09,58,58,0.116687290370464,0.431132741769155,0.0893670693039894,-0.0968648826082548,0.0152678230777383,0.238406626383464,0.966202020645142,-78.7075532603423,-48.978282625661,-58.7933670026462,-58.0722715568435,-37.3085191100146,-29.282273112896,-125.546257247081,-134.438164295134,-83.3093005454493
25-Jan-2025 22:11:25,21,59,-0.0420423254370689,0.403249533971151,-0.00845359036078056,0.217107106248538,0.0348387007912,-0.245256917675336,0.944192683696747,-71.6343594564739,-57.7127987753704,-32.5417111420407,-117.16397561932,-79.7851002053442,-47.8272646544631,-36.4789194851852,-46.683362052769,-31.4574817055014
25-Jan-2025 22:11:39,274,60,-0.080492473145326,0.447062595685323,0.0773918102184931,-0.0962058827280998,0.0625089061756929,0.0242345839738846,0.993101104100545,-124.061608420972,-151.526510149301,-81.0974414937489,-95.4006389823501,-120.377024993882,-69.7721017134748,-117.559972422033,-57.0574353277133,-38.2933930077163
25-Jan-2025 22:12:17,244,61,0.125480203827222,0.427292923132579,0.0686203042666117,-0.0755440697073936,-0.0287445111821095,0.268709254264832,0.959824069341024,-65.6723412988787,-66.1708909189427,-40.2688992021973,-57.0392574495187,-53.0995110530986,-41.1079195313917,-125.381351093039,-132.736773786141,-82.2920776689052
25-Jan-2025 22:12:30,88,62,0.114287968973319,0.458677538235982,0.100971350073814,-0.227374204993248,-0.0405995950102806,0.394247923294703,0.889506049950918,-102.456538469056,-92.8423506288963,-52.5292850205862,-50.1146733207838,-58.6354311498591,-42.8005355431841,-177.947704606571,-142.349537091505,-86.0231152849991
25-Jan-2025 22:13:19,163,63,-0.045001412431399,0.395113174120585,-0.0179902629305919,0.273482163747152,-0.0275797300040722,-0.12561899125576,0.953240136305491,-42.643597319955,-58.4641503539228,-31.2562995444475,-106.524098177037,-86.9317553506413,-44.4524660372636,-41.3580064318436,-36.4710250199646,-29.3173479647505
25-Jan-2025 22:13:32,252,64,0.0123378664255142,0.428876986106237,-0.0112245624264081,0.0731861109534899,-0.00681411117936174,0.0240444411834081,0.997005128860474,-95.1958982583449,-40.2252713706425,-24.83643495647,-110.762882852334,-121.338825882536,-64.3555762068738,-108.342559125266,-87.3542319946872,-57.4585263557745
25-Jan-2025 22:14:19,223,65,0.00213188493313889,0.404096923271815,0.0112259197980165,0.00179047593070815,-0.000390774015492449,-0.0202752922972043,0.99979278643926,-83.4343599407862,-54.4086130753565,-36.820803912256,-82.4651725135713,-96.6736752580733,-53.7220258642417,-79.5291695802387,-72.4601469439834,-45.4628689609387
25-Jan-2025 22:14:33,52,66,-0.0508123134573301,0.401670225461324,0.140415943662326,-0.183293708165487,0.0717223157485326,0.0196421245733897,0.980241354306539,-83.8687914148244,-118.144135307444,-65.5201898213502,-11.9230109858825,-0.333616018944637,-2.38362103772778,-70.1949837676656,-40.5468560466408,-26.3378483053178
25-Jan-2025 22:15:26,68,67,0.129882181684176,0.432022829850515,0.0831860661506653,-0.0643411800265312,-0.00617776035020749,0.24949219028155,0.966217211882273,-67.0228022173559,-74.957920581266,-49.1412475387269,-58.6254261164649,-50.4241582862581,-37.9462206849351,-121.818249089275,-145.873656141348,-86.4697569466804
25-Jan-2025 22:15:41,1,68,0.0322420770923297,0.467010049025218,-0.0926449139912923,0.293649363517761,-0.00979341386506955,0.00649282311399778,0.955840988953908,-81.7320793403769,-45.3182177040258,-35.1587486559364,-156.071185197758,-154.217835963068,-90.6804120791697,-112.725729658189,-124.964691097836,-76.8526269807542
25-Jan-2025 22:16:48,168,69,-0.0979711949825287,0.417751262585322,0.0122201741362611,0.107992027203242,-0.0340437067051729,-0.0992950056989988,0.988594607512156,-75.889926974096,-113.071072835731,-68.2610881415391,-100.053026756871,-125.083978830318,-74.0534771490872,-62.3383988005123,-42.1652348926147,-33.030982554665
25-Jan-2025 22:17:02,196,70,0.0093719648818175,0.442540685335795,-0.0265334422389666,0.362262125809987,-0.0520940403143565,0.192796368400256,0.910429509480794,-50.1095702351056,-57.6336796657634,-42.9728051163221,-148.831366425849,-106.345235520978,-67.1145190541843,-136.770422197289,-66.4693704902847,-47.613463913267
25-Jan-2025 22:18:15,64,71,0.14187582830588,0.438262301683426,0.0582449582715829,0.038660587867101,0.0347383486727873,0.314301564296087,0.947899353504181,-48.995312712905,-58.9266716690887,-31.4829575098328,-74.1111850690639,-54.5366242938197,-41.1434106907247,-136.536139063016,-141.885321280783,-88.1111815787507
25-Jan-2025 22:18:29,267,72,0.0303361053268115,0.453002236286799,-0.0881594960888227,0.30353813568751,-0.0599526864786943,0.104449173808098,0.9451775431633,-47.9753906314887,-50.7531348101524,-26.578835394471,-139.607566960457,-146.289397275407,-86.2024434956249,-115.573014482214,-108.600754523503,-70.6515445142168
25-Jan-2025 22:19:24,8,73,-0.055998573700587,0.413158150513967,-0.0759803041815758,0.23018559217453,-0.00238043259208401,-0.0693372045954068,0.970670560995738,-46.0290750197023,-52.4843233728353,-31.1043845255281,-101.612196929947,-130.77155792977,-78.4632491016574,-54.9728109500608,-42.7374257327232,-32.0803779077353
25-Jan-2025 22:19:38,48,74,-0.0961764911810557,0.430303929249446,0.0573022661109765,-0.0850325693686803,0.0297544458260139,-0.332756251096725,0.93869986931483,-135.077339118519,-108.792331921637,-59.0505262938452,-103.257753508398,-99.7883124315583,-62.7637638464679,-34.5446149300009,-40.3334213051637,-30.6705131878719
25-Jan-2025 22:20:18,381,75,-0.0252194489041964,0.369870497783025,0.0778616264462471,-0.255168489615122,0.0182196297993263,-0.112350773314635,0.960174147288005,-86.1335323169517,-52.9612620816627,-30.5863891730799,-18.0201095487183,-37.8000857902636,-26.17593353961,-33.3033329818247,-27.7524160172135,-17.0066798127148
25-Jan-2025 22:20:33,391,76,0.070243926346302,0.405296854178111,0.10291004627943,-0.192861585815748,-0.0838903998335203,-0.0199001555641492,0.977430705229441,-96.8513600376567,-78.2737344604839,-43.0485119391449,-31.0433930037786,-10.1354436405891,-12.1494990414271,-71.9638391051586,-115.604378218926,-60.7385474902255
25-Jan-2025 22:21:28,13,77,-0.0511611675222715,0.441464593013128,0.129577318827311,-0.4851955195268,0.102850075562795,-0.0905376141270002,0.863602999846141,-172.153911950694,-120.583547015431,-67.7512379936426,-40.4525703841709,-61.2912465871359,-51.2026628990085,-91.9431901425976,-62.5779784205635,-35.9733031028665
25-Jan-2025 22:21:43,198,78,0.0773273701469104,0.444542473554611,0.0994054103891055,-0.192202525337537,-0.0589292419453462,0.096918640534083,0.974778095881144,-118.401602928061,-111.839060232848,-64.2042356789489,-53.1865820558081,-71.117839485469,-56.941200424773,-122.420497720951,-154.556891803747,-82.7880008710564
25-Jan-2025 22:22:34,346,79,0.0666959534088771,0.418873151143392,0.0606650230785211,-0.0938559840122859,-0.0514424247046312,-0.00696493905658523,0.994231498241425,-102.153188588121,-74.1369734902713,-40.2634593036239,-73.8393947119384,-57.8921076737541,-43.6773228185207,-89.7110300937586,-124.252596871166,-68.8461882681282
25-Jan-2025 22:22:48,98,80,-0.0285265039652586,0.37684295574824,0.0950272147854169,-0.142940497398376,0.0170676936705907,-0.0219332308818897,0.989341020584106,-67.1815724572962,-89.9211185290961,-46.3212549424619,-9.66315964136031,-39.5493388680098,-32.6716615350741,-45.9636250608467,-47.3435996484376,-28.5574127761896
25-Jan-2025 22:23:08,334,81,-0.0461820585032304,0.391695149739583,0.133176087339719,-0.197278167804082,0.0325044450660547,-0.0673062408963839,0.977493858337402,-86.8476207481859,-111.229964214821,-55.9893334721925,-0.317874412163167,-17.4477303777047,-14.8663736286109,-47.0468576264193,-47.9611096745826,-26.00485740983
25-Jan-2025 22:23:21,326,82,-0.0651589314142863,0.380242431163788,0.0714096575975418,-0.0714464003841082,0.00777727871512373,-0.160261429349581,0.984454786777496,-72.8317232136817,-85.9536704243136,-44.5492477711539,-49.4950723776125,-52.4364241761448,-33.5587817220458,-25.7187272168925,-17.042099914553,-11.7434137240301
25-Jan-2025 22:23:44,252,83,0.0255175682405631,0.42812903324763,-0.0257651704053084,0.39891276160876,-0.0181929940978686,0.162060135602951,0.90237139860789,-17.7527949157894,-20.4546121995614,-11.5003462943957,-137.514582556823,-92.5314911682693,-51.4353731796365,-114.802379317308,-79.4053390363221,-41.8381778873824
25-Jan-2025 22:23:57,1,84,0.081313851972421,0.417439653476079,-0.00917234644293785,0.158857882022858,0.00559232228746017,0.166976744929949,0.973063043753306,-21.8446789623165,-24.5669617981739,-13.4690425702337,-90.4412253510704,-95.7751703215059,-52.9697342327865,-101.253011016188,-115.408200315319,-59.7521300034127
25-Jan-2025 22:24:48,152,85,0.0206734322011471,0.408926963806152,0.0193658658613761,0.231690219044685,0.00713092821339766,0.10835810949405,0.966709546248118,-49.0460662099532,-56.1917117444824,-37.5414320493229,-108.740891221056,-67.6107864662033,-41.4492719740251,-101.108911464553,-72.4658525358453,-43.7847291030355
25-Jan-2025 22:25:01,362,86,-0.0356377090017001,0.413401818275452,0.101233893136183,-0.147686862945557,0.0670442700386047,0.140684452652931,0.976678856213888,-94.5833845112696,-113.00759248719,-66.3994351505667,-53.775567399173,-69.6273768186982,-42.9076298801627,-108.437498044048,-52.8580675917874,-34.4308993608967
25-Jan-2025 22:25:51,273,87,-0.0768137137095133,0.416850570837657,0.027869708960255,0.156970564524333,-0.0465272814035416,-0.206229430437088,0.964709746837616,-87.8603472834102,-100.092666377589,-63.5156145541695,-118.301296022113,-91.4447110838376,-57.1657970526134,-51.960229598733,-45.2511804320647,-32.147977481151
25-Jan-2025 22:26:05,152,88,0.0804623335599899,0.434136146306992,0.0418235885600249,0.164072045683861,0.0533688612282276,0.156697364648183,0.972459805011749,-68.9031054145047,-61.796330999716,-45.8697560443868,-112.946390522322,-49.8812205145677,-37.8863609471322,-127.810153610448,-115.17531717167,-68.6123550301071
25-Jan-2025 22:26:26,253,89,0.0369831601778666,0.412996021906535,-0.0123144117494424,0.290837593873342,0.0309228725731373,0.0890725041429202,0.952115182081858,-13.2605259715105,-6.54870199187165,-9.58450821564712,-114.919382713994,-80.4291203377742,-46.2993063246569,-92.6059522937426,-85.689328958696,-47.1063672196591
25-Jan-2025 22:26:42,98,90,-0.0510675229132175,0.384609073400497,0.124011667569478,-0.248664569854736,-0.00111107865426069,-0.168902299801509,0.953748643398285,-96.7472690602171,-90.1566015779449,-49.5065119899279,6.55416072452564,4.0601418218189,-2.17272922610442,-16.1972563195947,-34.8888918212318,-19.8242026321712
25-Jan-2025 22:27:29,229,91,-0.00996673125773668,0.409624328215917,0.0953244204322497,-0.272605339686076,-0.0353849614659945,-0.176297066609065,0.945173855622609,-130.685055797604,-91.7675712111411,-52.6726012159954,-55.1183211640534,-54.217117822549,-38.7346778531269,-64.1415970790321,-74.7120675601004,-45.745614721503
25-Jan-2025 22:27:43,393,92,-0.0161323633044958,0.41734624505043,-0.0500465904672941,0.301048944393794,0.0258991690973441,-0.113669494291147,0.946455458799998,-58.3436379693145,-28.1819637649247,-21.7318217692169,-128.451254292726,-103.868815053959,-64.4125507451617,-64.3463776841386,-64.8989690773665,-41.6910897564657
25-Jan-2025 22:28:37,340,93,-0.0529753483831883,0.398593831062317,0.00433097540711363,-0.0580667925377687,0.0634343306223551,-0.228892002503077,0.96964571873347,-99.7078239945205,-41.1651667831607,-36.8464225984299,-78.2040907940349,-94.5481373152073,-57.4065683935658,-37.1985724524982,-42.3330579035272,-27.4682433948552
25-Jan-2025 22:28:53,114,94,0.155878427624702,0.470725669463476,0.0776757587989171,-0.00199638612878819,0.10302992661794,0.529932407538096,0.841755632559458,-54.5679650646222,-62.6454703609602,-48.4843770982864,-69.3527994622685,-43.430988671201,-32.7457967825194,-193.671999101489,-150.032034804065,-82.2155345560806
25-Jan-2025 22:29:40,273,95,-0.08042068729798,0.426661374171575,-0.0025154220405966,0.235542806982994,-0.0467259044448535,-0.160651629169782,0.957354358832041,-79.0475012087542,-98.9882641841029,-64.1617795007586,-132.191121044183,-113.758465739417,-70.0937194063706,-64.8420627800592,-53.0737327118678,-35.4734439534898
25-Jan-2025 22:29:53,144,96,-0.0319488083322843,0.399399826924006,0.0543184002240499,0.131700628002485,-0.0279572046051423,-0.128686222434044,0.982503549257914,-71.8254453527251,-77.9507399526271,-52.7087445157869,-97.5564983490657,-51.0387374303394,-37.799582382598,-52.3783448575517,-53.2694445802541,-34.6370270184492
25-Jan-2025 22:30:16,395,97,0.11677366544803,0.401475731531779,0.0577266864478588,-0.0276457996418079,-0.0106568869203329,0.351688386996587,0.935648075739543,-15.855665381251,-18.2271202453992,-16.4484874673398,-35.05176438817,-14.0405487706663,-14.9036301573494,-113.174780807246,-99.8156514131258,-53.9272107163555
25-Jan-2025 22:30:29,34,98,0.00108085279352963,0.407532739639282,0.0708543971180916,-0.0412815550963084,0.0305022089431683,0.253476671377818,0.965978793303172,-71.6728838030432,-80.3302984643172,-48.4461629073564,-64.2925369919066,-25.1659642662875,-21.4124242357176,-122.77213628489,-57.808781725386,-33.8698622030432
25-Jan-2025 22:31:08,101,99,-0.0445316833754381,0.420958030223846,0.0368790335953236,-0.174510719378789,0.0419356872638067,-0.188682278990746,0.965498030185699,-134.728887882998,-80.3352595928936,-48.6871707106236,-86.2935652911811,-93.671739872013,-55.62963392727,-73.4401113780131,-27.1446123588878,-38.5840684969249
25-Jan-2025 22:31:22,325,100,0.0407231556872527,0.42846875389417,-0.0294282641261816,0.364706605672836,0.0407633259892464,0.0445658343533675,0.929161592324575,-41.6629398916967,-28.0897410379675,-23.9240098421718,-139.164594325327,-92.3398704333362,-56.3232976169428,-103.370545353961,-86.2193743261824,-69.4810478895834
25-Jan-2025 22:32:33,34,1,3.59293005506819e-05,0.327253309885661,0.0429521600405375,-0.0187248821059863,-0.00124002736217032,-0.0135241582368811,0.999732474486033,-8.70000000000001,-14.025,-5.47500000000001,-4.80000000000001,-13.875,-5.77500000000001,-6.00000000000001,-6.52500000000001,-7.95000000000001
25-Jan-2025 22:32:44,213,2,0.0026640605336676,0.330677711963654,0.0364867960413297,0.0263397106279929,-0.00475544289996227,0.0120823113247752,0.999568736553192,-4.67875268026117,-11.1526804859008,-3.75160829154051,-11.876448639296,-12.8549185973545,-4.9777308926268,-11.9602812394576,-4.69542722925773,-6.74797869151017
25-Jan-2025 22:33:21,321,3,-0.00582163681586583,0.340164283911387,0.0426838497320811,0.00771394806603591,-0.00290374387986958,-0.0429967937370141,0.999041259288788,-21.681341133311,-23.438242266768,-12.3193385097071,-21.2536881262714,-21.6772059937712,-9.9013235962628,-14.5725691201712,-11.1032316455581,-13.1268304975487
25-Jan-2025 22:33:32,296,4,0.00330709433183074,0.340333914756775,0.0195062725494305,0.110834413270156,-0.00702349528049429,0.010258746954302,0.993761078516642,-4.28621839311621,-9.38837028079723,-4.7030221684784,-31.1259240325462,-24.9180495365599,-10.9303684439087,-18.9514870024115,-11.9120785605429,-12.9398707363972
25-Jan-2025 22:34:20,57,5,-0.0177065812051296,0.352142963806788,0.044010441750288,-0.0296179596334696,0.00625388675058881,-0.132880219817162,0.990669771035512,-45.725568036388,-32.8246102176592,-13.0047661305956,-33.6001753645098,-27.1926074207648,-16.170022610725,-13.8789350643622,-17.1498084634213,-13.7923586496793
25-Jan-2025 22:34:32,176,6,-0.0556526487072309,0.353643937905629,0.0890954717993736,-0.096886586646239,0.0223484350989262,-0.0621181311706702,0.993103682994843,-40.2642218728741,-74.1584562798423,-32.8255531114115,-8.23543682603939,-31.8081379882674,-17.6316587379551,-17.3496773383117,-6.40062589370297,-7.57162553622177
25-Jan-2025 22:35:09,141,7,-0.0195734695841869,0.34234691063563,0.0320280077556769,0.0431523797412713,-0.000261035468429327,-0.112528675794601,0.992711003621419,-25.1909010354113,-28.9039208082689,-12.2514087324815,-32.7211666248016,-24.8324010575747,-15.9437915839316,-4.8054150039141,-8.29832609537823,-8.47359651749216
25-Jan-2025 22:35:21,192,8,-0.0386280082166195,0.354564909140269,0.0475130180517832,0.101972878475984,-0.0208798982203007,-0.104817407329877,0.989029292265574,-28.672792616115,-53.0180059566197,-24.7682607315407,-50.8809519846495,-29.1754584501556,-18.575129705106,-14.3804293416458,-8.23386270296136,-8.90117424616756
25-Jan-2025 22:35:45,235,9,0.0144186491767565,0.36018550992012,0.0757003908356031,-0.236395872632662,-0.0263388852278392,-0.0463949486613274,0.970191085338593,-68.4466893749368,-34.3816483956927,-16.5841969931992,-0.183947085048123,-6.50572113217714,-5.3228076793063,-34.642120136312,-41.8180692972197,-20.8273975382668
25-Jan-2025 22:35:59,59,10,0.0443596884608269,0.346305547157923,0.0314254646499952,0.0793313299616178,0.0127043639620145,0.0980757479866346,0.991930603981018,7.07669330264286,-6.03042459901628,-1.32947010690738,-25.0074603412986,-0.852317189403294,-1.41699662889818,-35.11897103402,-37.8988942773642,-17.7886900875374
25-Jan-2025 22:36:57,363,11,-0.0214486767848333,0.362785228093465,0.0140293465927243,0.20297844906648,0.0148127906645338,-0.171240165829659,0.963979864120483,-29.5998099778979,-33.3028799839727,-15.351097334451,-75.1877420393902,-35.8465725056411,-20.0987425720825,-11.8910885248893,-20.2073623392065,-16.0408236535239
25-Jan-2025 22:37:09,257,12,-0.0104053893436988,0.364575401941935,-0.00491069347287218,0.0768678282697996,-0.00573058941711982,0.023598920678099,0.99674551486969,-28.8520702945332,-28.4110088439586,-13.4829783488545,-45.7521877162459,-64.6610320928278,-35.0837889500864,-42.9799030699608,-25.9855281833123,-19.5077231599874
25-Jan-2025 22:37:54,66,13,0.00835784363249938,0.368952854474386,0.0506428820391496,-0.0577283618350824,-0.00748915113508701,-0.0725696628292402,0.99566312233607,-61.8511161310468,-40.7000616812669,-23.3220310092445,-42.8086103091588,-38.2256477040833,-23.4102323724498,-39.159962179174,-44.6224831349838,-30.964476877559
25-Jan-2025 22:38:06,227,14,-0.0338042673965295,0.375526547431946,0.0729238957166672,0.0465235449373722,-0.0118257520099481,-0.00923470376680295,0.998804529507955,-45.6821086042733,-76.9753474090933,-40.2066960003087,-59.0906137341978,-25.6958689755935,-15.8923651353559,-49.6092078619895,-21.6012365196442,-18.2008756970402
25-Jan-2025 22:38:30,373,15,-0.0373835677901904,0.385093587636948,-0.0471120022237301,0.3215320845445,-0.0222594729314248,-0.0937129095196724,0.941987025737762,-8.98544975582491,-11.6405186208004,-6.79522953420338,-97.370329260059,-83.5231926751236,-42.9117796006622,-31.4614163750438,-3.98978802759238,-7.0479743790554
25-Jan-2025 22:38:44,314,16,0.0291777384777864,0.383202052116394,0.0488638823231061,0.00644826060160994,-0.00479659264286359,0.0662283147374789,0.997772165139516,-54.4242259934151,-45.2576380790715,-23.633645862571,-55.9337123008527,-21.6800123200208,-12.0200460223429,-74.1463453446592,-60.2434739365274,-35.204673932755
25-Jan-2025 22:39:26,275,17,0.012114552843074,0.376457313696543,0.0303829686095317,0.00683033196255565,-0.0138941230252385,0.153831079602242,0.987975883483887,-40.7397917652283,-43.3331152817403,-22.5944151905937,-46.1817195769495,-52.2248606852522,-33.2779032753969,-79.8170213548847,-39.9235440992956,-25.3661772408274
25-Jan-2025 22:39:39,187,18,-0.0507927417755127,0.378672250111898,0.118388651311398,-0.185397599140803,0.0582137716313203,0.00183266676807155,0.98093599875768,-67.9796844550943,-93.0147928820097,-45.0079917892274,-1.41921767384632,-10.5759536420048,-10.0261875522721,-47.2356568345251,-18.1634603851791,-12.0588731822681
25-Jan-2025 22:40:26,105,19,0.0849258035421371,0.386525028944016,0.0443097827335199,0.0193951024363438,0.00995612666010857,0.300782690445582,0.953443511327108,-25.1379046799757,-42.9367311991963,-21.3213636211295,-38.846500817634,-39.9617636287797,-27.9776963908434,-101.003784775211,-76.8311226056423,-48.1568257158084
25-Jan-2025 22:40:40,228,20,0.0256963702539603,0.407285130023956,-0.0420962370932102,0.142630575100581,-0.048866613705953,0.153756961226463,0.976538332303365,-17.8049741648017,-32.7576754636975,-16.2781990282186,-81.6744101336148,-109.181935299296,-62.6341455009402,-94.5192557612525,-81.6083106669783,-50.5917830213149
25-Jan-2025 22:41:26,100,21,-0.0523371741175652,0.412729314963023,-0.0519542515277863,0.178535067041715,0.0575104899704456,-0.168599514166514,0.967673512299856,-67.4452432276974,-59.854356504688,-8.33441077781234,-107.79646030631,-119.058554299298,-70.0584268159774,-48.3616700091406,-45.9581989561308,-38.0929577699901
25-Jan-2025 22:41:39,128,22,0.0343667834997177,0.387818596760432,0.0193207384397586,-0.0688766320546468,-0.049315386513869,0.296978670358658,0.951119164625804,-41.3366321717784,-40.4786695096221,3.29100141922719,-34.3545532650493,-71.458202640942,-44.3206822872929,-108.145814144119,-46.0327371841243,-36.1926581844802
25-Jan-2025 22:42:01,365,23,-0.0792848398288091,0.399348757664363,0.105618047217528,0.0258954116453727,-0.080127677321434,-0.154815746347109,0.984347669283549,-71.9468664210938,-121.432711398843,-49.6143734820066,-75.6914328647073,-26.8596630690986,-18.5388167509633,-25.8624411851067,-3.81066888885352,-9.1566576809683
25-Jan-2025 22:42:13,355,24,-0.0712573220332464,0.401087967554728,0.10286269535621,-0.205345071355502,0.0254082108537356,-0.138882851600647,0.968452080090841,-103.056156470464,-108.132842985016,-44.096505708655,-44.4621565826856,-56.8500111437919,-34.6660572218716,-48.7413601707069,-15.131333224469,-15.9490562823376
25-Jan-2025 22:42:55,318,25,-0.04458929002285,0.394839616616567,0.00728127264107267,-0.044278126458327,0.0590881057083607,-0.256804744402568,0.963638651371002,-93.9915491283994,-50.2421666837951,-19.7354867558714,-79.0308390397234,-80.9917926890565,-48.2032923388151,-30.7855303609108,-36.0292163120586,-28.8181568677092
25-Jan-2025 22:43:09,371,26,0.130794624487559,0.398911541700363,0.0558896645903587,-0.0446335576474667,-0.0455074968437354,0.258775546153386,0.963831671079,-30.6602872996039,-2.15958892957153,5.55379742350719,-26.1968184122331,-32.2037813685576,-22.5612913762988,-93.8535507856782,-108.771544331586,-63.9413255752062
25-Jan-2025 22:43:57,72,27,0.0327041829625766,0.379524727662404,0.0557024719814459,-0.120463877916336,-0.0305544875562191,0.0417133770883083,0.991370228926341,-66.9153390004257,-46.7900039034619,-23.0969679393625,-36.9009483355859,-44.2862047722769,-27.491573527325,-65.8688605108558,-65.5674287712942,-41.3302455928596
25-Jan-2025 22:44:11,208,28,0.00675124094511072,0.401609325408936,-0.0250477029631535,0.279439016183217,0.0385415370265643,-0.0862334524591764,0.95550624926885,-44.8620552403061,-42.2099769853678,-21.6762108005957,-113.476214991203,-81.4619985768332,-46.9487267498835,-55.8858725972476,-72.7188479089699,-45.7752114819777
25-Jan-2025 22:44:54,251,29,0.0352006631592909,0.366126670440038,0.0663056701421738,-0.0400738423069318,0.0182912776867549,0.239064040780067,0.970004069805145,-26.1300143227894,-49.1491919638415,-26.5305526264228,-20.8897298071866,-29.1713780030962,-20.0024070862263,-79.0592004384328,-45.0859703217232,-30.7212169858822
25-Jan-2025 22:45:07,366,30,0.0486891825993856,0.397768674294154,0.115512115259965,-0.102585992217064,-0.0094100189084808,0.0710876042644183,0.992136144638062,-68.1733884185647,-96.9599948703207,-51.0597138800789,-39.000364066364,-26.8764646419635,-19.4787102060765,-76.7508539402902,-103.526215437797,-60.5650993443357
25-Jan-2025 22:46:05,266,31,0.030528299510479,0.409772336483002,0.0844225352009138,-0.328920761744181,-0.0446521110832691,0.0909856766462326,0.938903069496155,-114.564061559615,-68.1006491603049,-39.167551999944,-31.4565084987786,-53.2120129282926,-36.3036234674243,-106.162195498271,-78.3396045422202,-48.560659851889
25-Jan-2025 22:46:20,156,32,-0.0521470474700133,0.428034011522929,-0.0808457617958387,0.368537465731303,0.042629811912775,-0.204598290721575,0.905815843741099,-54.6015722233492,-33.3618026242588,-23.702137726899,-139.782217588078,-121.305130918602,-72.2541914575569,-44.1491985019546,-50.6287151004401,-36.6092241259769
25-Jan-2025 22:46:44,297,33,0.103440127273401,0.42667024731636,0.0713952069481214,-0.179355870683988,-0.0608947649598122,0.371865769227346,0.908756883939107,-74.6952020536815,-60.4207853841041,-33.1801026143847,-21.1837253110854,-31.1670572225006,-20.6184421887248,-147.513080364948,-110.608691423729,-61.1233632854185
25-Jan-2025 22:46:58,328,34,-0.0542868214348952,0.403108604749044,-0.00767632834613323,0.0255374679962794,0.0164871239413818,-0.112640453875065,0.993170777956645,-83.8124624749119,-64.0825454114196,-36.410618591385,-83.5779484683968,-102.229176416613,-57.5491377491237,-57.6358941817238,-23.2208302603263,-18.82906866706
25-Jan-2025 22:47:21,241,35,-0.0249565411359072,0.416459389527639,0.119924090305964,-0.37293848991394,0.041359760115544,-0.0376679847637812,0.926167972882589,-133.727705143798,-99.6469423563972,-52.2824611007005,-30.6048762018225,-29.1499668585931,-19.454084042768,-86.3480518888305,-63.8570628270584,-35.77466773237
25-Jan-2025 22:47:36,34,36,-0.0185565866529942,0.415139790376027,-0.054304434110721,0.265971893072128,-0.0894300426046054,0.10685675094525,0.953856833775838,-26.2284427217321,-11.7552319982204,-7.52440323701816,-109.723038138945,-112.918610807685,-60.5262033327199,-93.2734209341263,-26.1576782486521,-16.1127727585729
25-Jan-2025 22:48:22,369,37,0.00816806561003129,0.390903449058533,0.0595831466217836,-0.0322885744273663,0.00844794617344936,0.196617224812508,0.979912141958872,-56.4244532139192,-63.1873998605512,-37.8063254200395,-52.2260025093572,-54.2813773484129,-32.0508783728536,-99.8821651774995,-48.7811677845922,-28.6717751509575
25-Jan-2025 22:48:36,22,38,-0.0495038121938705,0.402945466836294,-0.052122738212347,0.151030302047729,0.0360566293199857,-0.143754530946414,0.977355813980103,-61.7470910626537,-12.3198798935609,-11.7225599551795,-93.3539326874596,-114.69739154947,-61.6088799920172,-38.0978455176787,-40.4051653142065,-23.8337684343998
25-Jan-2025 22:49:34,211,39,-0.0748103946447372,0.458568288882573,-0.0900537560383479,0.405334798494975,0.124016316235065,-0.27540038228035,0.862831560770671,-65.2737207838729,-64.0988689464193,-35.8874127008569,-170.931780175905,-149.880293240695,-88.7394158158351,-58.3859195420287,-29.0645250187128,-41.8170161921803
25-Jan-2025 22:49:50,48,40,-0.0111510260651509,0.36217035651207,0.0923450569311778,-0.0771263514955838,0.00440606313447158,-0.00608082901065548,0.996993017196655,-43.7476238864764,-68.5076973739507,-34.9222896024739,-24.4663906375814,-16.3246705575462,-18.7920671621119,-34.8697581680626,-25.1789665587129,-36.7046996500317
25-Jan-2025 22:50:34,153,41,0.117879849175612,0.441333574056625,0.02868665655454,-0.00567291670789321,-0.0525217125813166,0.487112855911255,0.871739828586578,-51.0053257865734,-61.4800474925032,-33.7331865002623,-70.0061217633427,-82.8844670670867,-53.5785506348731,-172.040897510611,-116.448769351377,-78.865927728016
25-Jan-2025 22:50:48,326,42,0.0376519930859407,0.433371665080388,0.0931589896480242,-0.229419861237208,-0.0566445730626583,-0.0169416837394238,0.971530199050903,-134.38224187192,-87.7148289365852,-47.6219876314846,-73.7739238944631,-38.4971451955966,-32.1563001083094,-107.370533851118,-106.324030575323,-74.5749687491703
25-Jan-2025 22:51:40,98,43,0.112744368612766,0.428331569830577,0.046344380825758,0.0133964906757077,-0.0189581359426181,0.337772130966187,0.940941627820333,-55.6594301289776,-62.7872718882312,-30.9367612678199,-71.22035513069,-62.1510358833494,-42.2777293024373,-141.38548238626,-117.337987361326,-78.8113017242538
25-Jan-2025 22:51:53,354,44,-0.0264848594864209,0.415832237402598,-0.0722329715887706,0.222915061314901,-0.0574916563928127,0.0500225613514582,0.971854587395986,-26.4455306375059,-51.7526692813082,-25.1841805711647,-101.242504966828,-126.328273926078,-74.1310689306082,-79.733132527185,-52.3605408032132,-46.0872990520038
25-Jan-2025 22:52:27,286,45,-0.0464469154675802,0.423815556367238,-0.0362889632582665,0.0869708731770515,0.00291524372684459,-0.0521121973792712,0.994842676321665,-87.97849833339,-48.5358405016745,-41.2363907823341,-103.913394290638,-130.288918221598,-79.9174815242237,-84.253584428538,-48.1202524294492,-41.0156806768929
25-Jan-2025 22:52:41,152,46,-0.0725308661659559,0.375403594970703,0.0616664685308933,-0.0552001061538855,0.0155424498021603,-0.0885032266378403,0.99442374308904,-59.3578734717785,-80.8251129087646,-54.9750432576056,-40.7580650662507,-65.4612199069853,-45.0976486386439,-3.00292618126776,0.806881803373495,-14.146129832208
25-Jan-2025 22:53:20,100,47,0.0765655736128489,0.448818552494049,0.0168123200535774,0.178299171725909,0.0643184974789619,-0.00577517735461394,0.981854991118113,-96.5624288753619,-29.4487928443904,-42.482420457229,-140.270745726712,-89.7028427444069,-57.1867302115999,-117.037435325373,-137.590297460278,-84.9217073012368
25-Jan-2025 22:53:34,102,48,0.0017385337036103,0.418040919303894,-0.0404677006105582,0.26763159831365,-0.0683073505759239,0.160046316186587,0.947677485148112,-10.7336309452661,-5.06849695249775,-27.8542429220934,-111.046654153744,-105.786640623385,-62.7905995618997,-103.206231111117,-55.7480428295613,-41.562550396689
25-Jan-2025 22:54:21,307,49,-0.0350418984889984,0.371482016642888,0.0853453407684962,-0.171107730269432,-0.00776195538540681,-0.170713276664416,0.970318992932638,-82.9947571114941,-56.4040879847679,-46.065899536718,-33.6121753626838,-38.2845814842704,-19.6572975520491,-24.5214491310616,-27.587187903223,-22.8042093347055
25-Jan-2025 22:54:36,20,50,-0.0257508793224891,0.436209356784821,0.139136216044426,-0.357700800895691,0.109659383694331,0.113885473211606,0.920355927944183,-138.342667780139,-124.602880596606,-82.7105109469773,-40.8762329863094,-62.3847110232023,-34.2525774258555,-122.12800214245,-60.8080182063635,-41.9598395906163
25-Jan-2025 22:55:43,275,51,-0.0641798888643583,0.41802182396253,-0.0560602590441704,0.0941658208767573,0.0844212179382642,-0.166888150572777,0.977831407388051,-82.3002755865019,-36.0703357785882,-40.3498964339389,-99.2188185555318,-131.109078769202,-73.8698524254343,-50.4821815488197,-41.5306867047403,-30.4784443871228
25-Jan-2025 22:55:59,249,52,0.0983376269539197,0.462288534641266,0.117877444624901,-0.17048965493838,0.0850123271346092,0.469210463762283,0.862291546662649,-97.6210463703013,-108.831095854134,-78.4351263093337,-37.4986173371873,-49.419436482545,-34.7298811197277,-191.746398161447,-131.142494992922,-76.9891983688354
25-Jan-2025 22:56:53,299,53,0.0103513528282444,0.372169170777003,0.0339279217024644,0.10092877248923,0.00856105871498585,-0.0204198021441698,0.994647260506948,-40.3989588650261,-40.5518407609562,-24.929839444741,-64.1571939209362,-44.3378247277233,-23.0106325396171,-47.4771792853874,-47.3517175572135,-33.5414566586515
25-Jan-2025 22:57:07,391,54,0.0154220099250476,0.404244736830393,0.0668422053257624,-0.301784966389338,-0.0263951160013676,-0.0125629880776008,0.952927768230438,-117.280094004889,-63.9562633905136,-37.7486130521224,-36.0642853768437,-72.729668401409,-38.3231166690627,-86.7399517291309,-76.9131640148547,-49.4387421800748
25-Jan-2025 22:57:56,154,55,0.0811205173532168,0.386956083774567,0.0546740797658761,-0.0694526597857475,-0.0316216262678305,0.0876998414595922,0.993219602108002,-56.2247131518531,-40.9046769093938,-24.9784929997699,-40.4064969536463,-44.1436442589365,-29.0418860936866,-72.7811277063851,-93.4812838050545,-57.8101284262196
25-Jan-2025 22:58:08,105,56,0.0633577694495519,0.394802182912827,0.0410010737677415,-0.10546282629172,-0.0460867635905743,0.141944169004758,0.983160960674286,-65.433607786089,-54.1159262465873,-33.139127294864,-41.183923410805,-69.0318343819701,-43.0409907817008,-91.6329735997141,-95.312686711147,-60.2808395057632
25-Jan-2025 22:58:55,351,57,-0.103334388633569,0.451161501804988,0.154879252115885,-0.360176128149033,0.106084379553795,-0.235908614595731,0.896307094891866,-162.605811332994,-149.772513065816,-88.0868002924031,-62.2432687671905,-65.086976308183,-51.128495486558,-60.2214178597432,-51.5344827399821,-25.964443689524
25-Jan-2025 22:59:09,323,58,0.03380088681976,0.439524835348129,0.148302626609802,-0.226785664757093,-0.0404047439495722,-0.0184960038711627,0.972930145263672,-123.036522040063,-131.623148249764,-77.35861122151,-50.7367267399575,-20.345162438536,-27.1040818888672,-96.8382624456534,-129.126652604039,-63.1070219586852
25-Jan-2025 23:00:01,185,59,-0.026563199609518,0.429326516389847,0.0920615230997403,-0.103815125425657,-0.0313484350840251,-0.185537196199099,0.9766348640124,-132.111193780971,-124.538651831198,-72.0550840526696,-98.3850100308415,-65.0700657408236,-53.000531657367,-77.1868696763029,-92.9226321911186,-50.757896083377
25-Jan-2025 23:00:16,37,60,0.0306035801768303,0.442466127872467,-0.0739549919962883,0.260496121644974,-0.00859693369517724,0.0523415545622508,0.964016497135162,-10.0737937160826,-27.6358673256583,-22.2888779597559,-130.210740800979,-135.778399904456,-87.0398848990392,-105.145831130747,-114.476139651391,-60.2198359733693
25-Jan-2025 23:00:59,226,61,-0.0400192355116208,0.41188746492068,-0.0765192111333211,0.258734015623728,-0.0118406386425098,-0.0438428861399492,0.964880486329397,-16.1903617908876,-23.3750982415769,-15.9810600683753,-104.310018364919,-120.625545984253,-70.3211631280539,-60.308982333078,-46.5785790804015,-33.5007039838887
25-Jan-2025 23:01:15,75,62,-0.0146001741910974,0.424885280927022,0.0958180194099744,-0.333674534161886,0.0450964043537776,0.0783570274710655,0.938343147436778,-134.827330996947,-90.2799619179452,-50.9710492602042,-47.8526460170944,-61.3146298828471,-42.203262430996,-116.104450066652,-61.1424003223617,-42.3201719585136
25-Jan-2025 23:01:35,213,63,0.0284242159376542,0.430103514591853,0.121145972112815,-0.211400452256203,0.0799863775571187,0.256157821416855,0.939837721983592,-99.3402081888185,-121.118064999356,-63.4762185218638,-23.5495934814309,-20.0751142653678,-16.4496916124389,-138.107774154394,-94.0427727162229,-52.522516699076
25-Jan-2025 23:01:50,143,64,0.0568973779678345,0.425773809353511,-0.0133211441958944,0.127973770101865,-0.063259345293045,0.34588432709376,0.927353755633036,-45.5568594910919,-27.1622342175142,-17.8954387521905,-93.5072586252836,-97.3358694310486,-56.4772048165267,-142.608292394035,-93.6935411029828,-53.7450365137034
25-Jan-2025 23:02:27,126,65,-0.06233974446853,0.423588601748149,0.118461041152477,-0.230612579981486,0.00938205855588118,-0.191819975773493,0.95390510559082,-133.685803150504,-125.673628076967,-70.6740698691633,-68.500578877253,-65.2514166796694,-46.5979472626974,-64.8161913491466,-60.8699306272513,-38.3641858744225
25-Jan-2025 23:02:41,291,66,0.0579851982494195,0.412505320707957,0.0783117666840553,-0.234595442811648,-0.107861069838206,-0.054326090713342,0.964561895529429,-113.605098817937,-46.847981235133,-30.9503139855532,-48.6614933999991,-19.7899493356086,-23.5562811279742,-81.5762927853735,-103.636205928237,-59.4363910622225
25-Jan-2025 23:03:32,207,67,0.0663468480110168,0.414150281747182,0.0966884732246399,-0.170800966024399,-0.0401389668385188,0.149909216165543,0.97300728559494,-90.303574992214,-88.8974402466892,-52.47166519008,-48.8235377634802,-50.6928971292111,-38.6868940408309,-108.385381829028,-109.272659548154,-67.2802497765988
25-Jan-2025 23:03:46,317,68,-0.0663721457123756,0.412385964393616,0.00114854262986531,0.0838725045323372,0.0302002941568693,-0.280914288759232,0.955583556493123,-99.6248355790726,-73.3932330783103,-45.3899437796307,-110.029611406507,-92.187104435089,-60.1043798675101,-23.3637022140099,-21.6574736233938,-24.1430389879591
25-Jan-2025 23:04:32,82,69,-0.0784408425291379,0.430998239914576,0.1329741726319,-0.337789078553518,0.0297101580848296,-0.255060684680939,0.905516378084819,-153.478527107305,-123.616321450029,-74.0529395407872,-59.6488915141566,-59.8122646345602,-44.3971702011966,-55.5333274589361,-53.636185687711,-28.7358516982497
25-Jan-2025 23:04:45,272,70,-0.00657197727511326,0.407695021231969,0.123996955156326,-0.133195551236471,-0.0358842705686887,-0.129850774010022,0.981891063849131,-100.803738557945,-108.15163227588,-65.5622082006401,-62.5999143510825,-38.9707324919151,-33.218017376801,-45.1555869429177,-87.6578024785987,-44.9882733406206
25-Jan-2025 23:05:48,21,71,0.0187190804630518,0.401289965709051,-0.0459139794111252,0.111529204746087,0.0148857926328977,-0.00891757675757011,0.993609666824341,-53.315055711725,-44.0233423925868,-35.643151505707,-79.5522246554075,-117.790570447438,-70.2749039306033,-62.8995204736903,-90.4092083349826,-50.4100670669436
25-Jan-2025 23:06:01,321,72,-0.0299441136419773,0.400785644849141,-0.0544992337624232,0.15092360774676,0.00259699150919914,-0.045769265294075,0.987481681505839,-13.8685628904464,-52.4715036080667,-40.7215333036949,-83.6001506647799,-122.338811156113,-73.4033254751886,-40.0756975651753,-62.3318988179312,-37.2257134986659
25-Jan-2025 23:06:42,272,73,-0.0683661912878354,0.41069952249527,0.137389513850212,-0.176827723781268,-0.0116309416790803,-0.162769986192385,0.97061972618103,-108.548972061238,-126.917544786452,-77.1479488657492,-57.2846335963559,-53.3863412680607,-37.1939251686876,-48.7387799375327,-51.36144457468,-34.8943826256108
25-Jan-2025 23:06:55,379,74,0.0182583298534155,0.423340777556101,0.13698914150397,-0.217933415373166,0.0442045134802659,0.114962590734164,0.968159902095795,-102.402473076685,-125.080612962435,-76.7413249013464,-45.5153863802426,-42.1120201185014,-32.0686065415138,-109.73892009199,-93.2457562076314,-56.3483803896923
25-Jan-2025 23:07:44,37,75,-0.0766155416766802,0.455662836631139,-0.0800188129146894,0.453851646184921,0.0062746474519372,-0.23568722208341,0.859320000807444,-65.9248407403858,-75.94255524031,-50.7911711707002,-174.387041454629,-141.495461205461,-84.9734220477415,-60.5566523297274,-54.4346837827691,-34.8744699455316
25-Jan-2025 23:08:01,364,76,-0.0192624269674222,0.378366422653198,0.107572065790494,-0.255708360671997,-0.015106242398421,-0.130954833825429,0.957724197705587,-93.6370706741581,-63.5322625978683,-42.333682152698,-13.3224378857865,-18.0765151302302,-21.0116063133445,-34.0319577235723,-40.0584531575491,-25.4340119361401
25-Jan-2025 23:08:42,204,77,-0.00549190196519097,0.418473356962204,0.134162127971649,-0.177847364544868,0.0643154561519623,0.0784432242314021,0.978815893332163,-99.1244817607009,-128.51587774561,-76.6167952127722,-52.993663727248,-17.0891553299527,-40.2813418155748,-100.794224091517,-82.6502387542985,-53.0900855396451
25-Jan-2025 23:08:57,246,78,0.0176170208801826,0.423879752556483,-0.0202234045912822,0.150106602907181,-0.00152688956974695,0.0223473853121201,0.988416063785553,-77.8482663499191,-17.7961932641471,-21.023794850845,-114.566980820819,-90.0195578280847,-76.5133849434453,-99.2712203793914,-92.5871799169063,-57.8253979997535
25-Jan-2025 23:09:21,127,79,0.117980424066385,0.395422798395157,0.0594131057461103,-0.0259683238963286,-0.0194237067053715,0.262929668029149,0.96426975329717,8.55143759358638,2.21399860832027,-3.87464028118622,-24.0561911189149,-13.2869739605912,-22.6265893343563,-90.8687529665775,-103.70912060269,-55.714247368684
25-Jan-2025 23:09:36,31,80,0.0107959762215614,0.412325141827265,0.124630798896154,-0.197415398557981,0.0218701052169005,0.0702087144056956,0.977557981014252,-99.3756778878299,-107.707314255478,-61.6432543788065,-48.3622350235008,-25.6248472148106,-31.6034836271874,-95.0602830283244,-87.4874554392279,-50.4113724526741
25-Jan-2025 23:09:59,341,81,0.0607811667025089,0.43882520198822,-0.0455950471262137,0.281504088640213,0.0306249542782704,0.0999907707174619,0.953844479719798,-32.2808164894963,-20.5182962574791,-14.6750803761042,-130.670267953868,-113.671579295964,-67.2774621431027,-109.542987791826,-126.769899154242,-67.6523981362101
25-Jan-2025 23:10:12,58,82,-0.0103441479305426,0.434050893783569,-0.0537989611426989,0.422304576635361,-0.0617170780897141,0.0782852634787559,0.900955740610758,8.08584817636391,3.28209171813922,-0.422264692205658,-147.675840015546,-108.371602137052,-62.274851867557,-98.8913345742238,-53.1225137710904,-28.4760837485447
25-Jan-2025 23:11:06,149,83,0.0107785356541475,0.383623840411504,0.00593233574181795,0.146214194099108,-0.0292337857186794,0.195076885819435,0.969387364387512,-24.9334739077009,-42.7169169511431,-23.9309100322302,-68.8350644143587,-66.7347926377911,-40.527726862831,-86.4701294579948,-43.3759681099595,-26.1361863382288
25-Jan-2025 23:11:20,249,84,-0.0816660061478615,0.411518388986588,-0.000277045444696948,0.337523311376572,-0.101352999111017,-0.150315413872401,0.923692409197489,-48.8851136139474,-91.5244226362454,-49.3394626427582,-128.929308932453,-91.3000894268052,-53.8151750253149,-25.1240828385757,-24.5714832148404,-17.7387436586461
25-Jan-2025 23:11:57,400,85,0.0557121132810911,0.407442112763723,0.0543060431877772,0.0931215052803357,0.020139230042696,0.0882896686593691,0.991528002421061,-62.0849677023593,-70.5888057600274,-41.8232960800612,-88.4444793885729,-25.5485101848443,-38.0970966495066,-95.4709096868328,-96.2054754285686,-59.7319988483551
25-Jan-2025 23:12:10,207,86,-0.0453146604200204,0.397978482643763,0.0809646998842557,-0.0323383254309495,-0.0155732268467546,-0.102780920267105,0.994056260585785,-85.8095642769578,-95.1116537868709,-54.3690369220668,-72.2677050119482,-28.3916784706826,-39.8029976210096,-56.4681027688717,-42.8834923980594,-33.3553241616843
25-Jan-2025 23:12:34,397,87,0.100564592580001,0.400988340377808,0.0648410826921463,-0.0916390543182691,-0.0254517714182536,0.326974163452784,0.94023529291153,-44.9463555427199,-49.4898594610228,-28.3037075137393,-28.2131901546592,-6.9426555584504,-14.8895886043702,-114.415657558558,-95.4073537828291,-53.4001312123821
25-Jan-2025 23:12:47,91,88,-0.0153662867844105,0.367554255326589,0.10653291841348,-0.115305528044701,0.0168540908644597,0.0181074991822243,0.993022020657857,-50.7789047239761,-80.0272980522306,-41.8070517017274,7.83611600496361,10.7110955177075,-4.29733795867548,-42.6150469911125,-43.6253506410699,-25.7437545338867
25-Jan-2025 23:13:34,160,89,-0.0447947196662426,0.407918389638265,0.060344672203064,-0.0586378005643686,0.00463603393485149,-0.115409889320532,0.991574875513713,-102.653824365898,-99.2893200745185,-57.0811884644287,-83.4850942709212,-71.0476024848886,-46.7400800539709,-70.105517244026,-52.2837755054963,-33.5972470195152
25-Jan-2025 23:13:48,279,90,0.135250661770503,0.43245864311854,0.040213280916214,-0.0101690759882331,-0.0407499919335047,0.391864877939224,0.919063580036163,-21.4530245806001,-4.68676468519683,-8.20965379381111,-59.157589979119,-63.3403075340017,-41.3161756025707,-143.32516399974,-127.88321837627,-69.8267114789453
25-Jan-2025 23:14:27,26,91,-0.0625254484514395,0.419957556327184,0.0715420424938202,-0.0598193359871705,0.015001604706049,-0.0730548138419787,0.995419327418009,-107.98819233373,-115.968654319446,-68.8264897337214,-88.668927543484,-84.3915986669499,-54.1778459630509,-83.3623437176044,-54.5557970641686,-35.6169690966097
25-Jan-2025 23:14:43,300,92,0.0162225805222988,0.409097592035929,-0.0257435278346141,0.258320228258769,-0.0283764254301786,0.113001261651516,0.959007891019185,16.1566664029625,7.77550011437126,-3.83849742272371,-107.032303688376,-91.8249297215607,-54.7785963962669,-95.3395981907652,-69.4010858724012,-39.9236984066367
25-Jan-2025 23:15:32,169,93,-0.0410421801110109,0.413210988044739,0.107501416405042,-0.097011453906695,0.0560691175361474,0.0651887834072113,0.991562136014303,-93.2344771487531,-116.94883917644,-68.4352923166386,-65.735690923673,-55.8900588615264,-40.5758530503689,-97.4534092426626,-51.2257386535566,-32.7471886211879
25-Jan-2025 23:15:46,325,94,0.000114432128126888,0.423547434806824,-0.0403390082220236,0.148185236255328,0.0772697940468788,-0.177792726953824,0.969773336251577,-86.8542161676604,-22.7054577151671,-22.2251733747735,-122.30459847473,-114.017903574142,-70.5513471954482,-62.6077198787414,-93.5323650528615,-54.8120736096118
25-Jan-2025 23:16:39,152,95,0.0545909528930982,0.417851597070694,0.0765790035327276,-0.0722793142000834,0.00996905794988076,0.207753119866053,0.975456313292186,-83.6172540415625,-84.8485690715609,-53.9016759888694,-67.9232053218558,-61.8525105775019,-42.088631050832,-123.818255154538,-100.198005601859,-63.2381101077422
25-Jan-2025 23:16:54,128,96,-0.0707100823521614,0.40125757654508,0.0387635606030623,-0.0470517742137114,0.0231706691284974,-0.20814967751503,0.976689751942952,-98.1245633420793,-82.253775235977,-52.4841916685613,-78.9630257005673,-84.3334934535374,-53.2090350863336,-16.1957963737102,-30.7314718976952,-28.384755853144
25-Jan-2025 23:17:38,395,97,0.102859786649545,0.395520311594009,0.0468273974955082,-0.0140034082656105,-0.0131154282018542,0.309246550003688,0.9507883588473,-32.2752631002661,-44.7075943943265,-14.2644162043319,-39.9307917637811,-43.3955767289777,-31.1509083895518,-107.472206351212,-90.9781544219941,-57.6930467157553
25-Jan-2025 23:17:52,288,98,-0.0723052059610685,0.432238199313482,0.0753486161430677,-0.10506223688523,0.0635557030638059,0.0572797507047653,0.990778319040934,-111.055773132926,-136.906262556956,-61.8455208872909,-80.6940161014993,-102.639361559312,-62.2545714063633,-110.786397075785,-33.1280374913922,-30.2497588520987
25-Jan-2025 23:18:35,166,99,-0.0452160110076269,0.433883579572042,-0.0536009227236112,0.180429589748383,-0.00135390071664006,-0.0338324328263601,0.983004943529765,-79.3146535461888,-80.0677280024192,-28.764818525646,-122.455814293885,-135.771786287398,-82.8256070404812,-91.9241850130413,-56.1227405076961,-42.9514925978074
25-Jan-2025 23:18:49,40,100,0.0146961470444997,0.485936707258224,0.179991436004639,-0.390996380647024,-0.0139370961114764,0.0486696581045787,0.918997820218404,-172.62337145411,-172.968826729366,-74.6041652463645,-31.8258158473192,-38.6673007794522,-33.6621616437538,-147.699841118109,-138.244906920089,-83.4013731612492
