date and time,Trajectory,Waypoint,x_end_avg,y_end_avg,z_end_avg,qx_end_avg,qy_end_avg,qz_end_avg,qw_end_avg,l0,l1,l2,l3,l4,l5,l6,l7,l8
28-Jan-2025 11:27:34,251,1,0.00132685760036111,0.3203717648983,0.0419170627991358,-0.993999063968658,0.0230813436210155,-0.106906853119532,-0.00203740024007857,-6.60000000000001,-12.15,-5.02500000000001,-5.47500000000001,-12.075,-5.10000000000001,-5.02500000000001,-6.97500000000001,-5.47500000000001
28-Jan-2025 11:28:03,18,2,-0.00100152551118905,0.324498530228933,0.0468283727765083,-0.993710764249166,0.0350592675308386,-0.106151756644249,-0.00644918348019322,-11.9149472721544,-19.1722379554287,-9.81497832446907,-9.08097214021058,-11.7011111943439,-6.62316671660638,-6.89511420989916,-9.49755081872986,-8.07138327026521
28-Jan-2025 11:28:34,320,3,-0.0134043445810676,0.323484430710475,0.0361725278198719,-0.992647957801819,0.0534237459301949,-0.107476978997389,0.015642070149382,-9.17039901892994,-20.1694882275175,-11.7600662827218,-11.7737781408978,-21.1850596353551,-13.4772388045055,-3.69453896082446,-2.82187263267096,-2.60812357960261
28-Jan-2025 11:29:07,395,4,-0.0118671897798777,0.332273312409719,0.0437109438081582,-0.985353553295136,0.132929268479347,-0.102438912292322,-0.0302404967447122,-32.4878025832416,-21.3825156717558,-10.863090043323,-23.152788227775,-14.9691212173867,-11.7485879133372,-0.8774367529671,-8.77763339497642,-5.5590800369859
28-Jan-2025 11:29:44,175,5,0.00654749879613519,0.333508884906769,0.0474448045094808,-0.987068438529968,-0.125228718916575,-0.0997987111409505,-0.00734014548361301,-9.57578896493657,-25.8764083254739,-13.2149459394471,-7.06852317530954,-18.0402084297974,-10.8554539230466,-41.2615052584359,-12.2219863987491,-6.84944183924955
28-Jan-2025 11:30:23,138,6,-0.0109481721495589,0.324148621161779,0.0166680573175351,-0.978260509173075,0.0858455374836922,-0.0920774454871813,0.16479896803697,7.69828830608464,-13.226736540663,-3.04418909382521,-35.0963809799626,-20.4926006382493,-13.8689357444156,2.12574774070416,-1.06040339949696,-2.1043670396982
28-Jan-2025 11:30:55,20,7,0.0373586853345235,0.332301195462545,0.0550586288173993,-0.985631136099497,-0.0743381430705388,-0.125631649295489,-0.0849815428256988,-18.3026678768772,-11.7874123597012,-3.85558698284683,10.6440297663687,8.91656157706494,2.03798382123896,-28.524600892313,-38.4682404791895,-19.8051658715471
28-Jan-2025 11:31:35,91,8,-0.0159213910500209,0.337543404102325,0.0376270482937495,-0.978258109092712,0.148107903202375,-0.11550099303325,0.0879470547040304,-21.1352146689646,-28.7691529052603,-15.1969072865396,-43.5659415015493,-21.3156712011529,-10.5118833800331,-2.8956658426159,-9.39874569115415,-6.92877866469253
28-Jan-2025 11:32:30,233,9,-0.0166335721810659,0.36202029188474,0.0385185365875562,-0.967037125428518,0.230501089493434,-0.102272987862428,0.0353375760217508,-60.9307347189299,-41.1235945676086,-17.2560351857757,-67.5626704252079,-34.6461498724957,-19.0506782047474,-14.2371454129961,-25.6468780431457,-17.4637086378247
28-Jan-2025 11:33:08,241,10,0.0167131433884303,0.355488725503286,0.0662241334716479,-0.976862188180288,0.0401389621198177,-0.128919120629628,-0.165858161449432,-63.9617560303037,-45.6607588520261,-19.8017007625165,-17.2646174940149,-25.7651972736323,-18.7456125048043,-35.3232137539563,-50.0282779515009,-29.6709679146474
28-Jan-2025 11:33:41,102,11,-0.0221148818731308,0.364389262596766,0.0262607647726933,-0.974451859792074,0.201067156593005,-0.0961718221505483,0.0276869210104148,-61.2531409167877,-46.241578799295,-21.221018154733,-65.8623505323749,-49.2568595398024,-30.9995136541277,-19.7050629976102,-27.3792214377241,-19.5325858458723
28-Jan-2025 11:34:25,262,12,0.0333103192349275,0.355921510855357,0.0511540256440639,-0.969548161824544,-0.197800007462502,-0.125468850135803,-0.0714781006177267,-32.8924365979097,-32.7512431759068,-14.0449485715388,-13.0621092885363,-27.4015962163463,-17.7180615197277,-74.6109470057325,-42.1573726740912,-25.6568790773214
28-Jan-2025 11:35:06,25,13,-0.0168786952892939,0.344956690073013,-0.0016718320393314,-0.981845132509867,0.0661890948812167,-0.09842512657245,0.148025827606519,-11.4004814906094,-25.5623181506154,-11.3589961149784,-48.9564675198431,-56.5942889667177,-30.536458600413,-18.9488517812086,-15.7361989472012,-13.8753619623447
28-Jan-2025 11:35:36,377,14,0.0344324372708797,0.345808551708857,0.0557090130945047,-0.978529302279154,-0.11986718326807,-0.13193939725558,-0.103461733957132,-32.1599425446687,-15.0448598109745,-7.12849322851849,5.52950456994319,-1.47540097196464,-2.5870112111039,-51.6246620106712,-40.3793360943258,-23.6979366654589
28-Jan-2025 11:36:17,38,15,0.00482936709498366,0.36269388794899,0.060078431169192,-0.967456916968028,-0.0381761146088441,-0.1191728596886,-0.219926316539447,-74.3000020508144,-41.8946401690397,-18.9238125659547,-13.1039770160645,-34.2509356319423,-20.0110928618498,-58.4114340768645,-34.9170182886722,-22.6360968441313
28-Jan-2025 11:36:54,134,16,-0.00745931149770816,0.360164590676626,0.0340286808709304,-0.987035234769185,0.118287616968155,-0.105704009532928,0.0244170233607292,-52.3292776399631,-39.4492411272707,-17.2622453294387,-56.2959871549777,-39.7702562926663,-24.714828057757,-30.6694103144521,-30.8729692018361,-20.5871495466295
28-Jan-2025 11:37:34,261,17,0.0570082729061445,0.370478534698486,0.0536902964115143,-0.986279054482778,-0.033894923577706,-0.141248827179273,-0.078444567322731,-58.1780549851797,-5.71154815941442,-20.7732792221866,-34.3914947722001,-36.0043412747988,-25.2032222160878,-59.0566952438602,-86.4197037687091,-46.6338696875162
28-Jan-2025 11:38:23,202,18,-0.0547079396744569,0.384275702635447,0.0782825499773026,-0.980821247895559,0.137489938735962,-0.116462482015292,-0.0743152245879173,-84.8801101201669,-105.960973098871,-64.5397250921203,-59.8293831234248,-65.8930314228516,-38.8100363356137,-42.6165015406355,-34.6727305776766,-25.3238527325922
28-Jan-2025 11:39:10,213,19,0.0265330296009779,0.359550090630849,0.0351004389425119,-0.988296767075857,-0.101727866133054,-0.110611462593079,-0.026193581148982,-38.3200806142284,-38.4255445025657,-20.3792466676809,-29.1172357177523,-48.0638819210593,-28.1255652810781,-62.3996792358086,-54.0862250302228,-34.3362039527722
28-Jan-2025 11:39:50,152,20,0.0667078087727229,0.374677902460098,0.0491993802289168,-0.990215464433034,-0.100124684969584,-0.0962903971473376,0.0132890158022443,-41.3051062909206,-41.6677131742136,-24.3790146706389,-43.4863226565204,-40.1588399457184,-26.213161871865,-71.9846469644976,-93.62524957414,-52.7085839519616
28-Jan-2025 11:40:29,308,21,0.0255079198628664,0.359325138727824,0.0594041672845681,-0.979836547374725,-0.156377247969309,-0.102333133419355,-0.0706715603669485,-39.3411044861839,-42.7874138829348,-24.4880603229492,-18.8010592816824,-28.7972520040034,-18.4872801546189,-70.9916724038003,-51.7247925350208,-29.7571427604
28-Jan-2025 11:41:10,114,22,-0.0423808375994364,0.394863130648931,0.0613996925453345,-0.992007374763489,0.0531668384869893,-0.101168122887611,-0.0534759844342868,-88.3481510501873,-105.008288443991,-59.8493425125249,-71.7782829525945,-79.7535704118445,-45.0566427454182,-70.6946639735089,-44.1412401783741,-30.8660075061485
28-Jan-2025 11:42:16,260,23,0.0460890598595142,0.365997306505839,0.0587527657548587,-0.981166164080302,-0.0406760402023792,-0.139674669504166,-0.12708042661349,-61.0183617223543,-43.5348483322867,-21.1571198981425,-22.8889998417328,-33.5980198182687,-22.493544129015,-57.8700824330824,-74.4206367318511,-44.4876012318687
28-Jan-2025 11:43:00,369,24,0.0626006841659546,0.369621894756953,0.0403333892424901,-0.986807306607564,-0.121992792685827,-0.09017656793197,0.0565448982020219,-29.0392752518183,-40.7887267884472,-21.1705171363016,-42.5067048815353,-41.1551288635317,-26.2686462811835,-71.3555052959147,-86.1293860341495,-48.872132896853
28-Jan-2025 11:43:50,133,25,-0.00170910079032183,0.373607093095779,-0.0118668733164668,-0.978205903371175,0.0669722040494283,-0.0698735242088636,0.183699884017309,-32.3594156690045,-41.0337003510081,-23.2564168915673,-80.0173362086291,-83.9484668976565,-49.4212730819603,-45.7526706448193,-60.4975092199465,-33.9289569656151
28-Jan-2025 11:44:32,326,26,0.0286185628424088,0.383250339825948,0.0473816735049089,-0.993120042483012,0.00476801081870993,-0.0849783554673195,0.0804274578889211,-53.506747836966,-57.7997996510289,-34.5434911517575,-75.3952473629096,-51.1049511841938,-31.5998122402728,-70.605355344824,-80.1608941181343,-47.8068487758274
28-Jan-2025 11:45:17,316,27,-0.0300374761223793,0.371063431104024,0.0898018116752307,-0.960550145308177,0.113041136662165,-0.0972473492225011,-0.234751127163569,-92.7631887903156,-77.8695367969751,-45.7640973344232,-25.997575403527,-37.2778969542261,-23.4951589374136,-36.7752333137319,-35.7301186390001,-23.8982860214224
28-Jan-2025 11:45:51,50,28,-0.00526819576819738,0.379579333464305,0.0311300547172626,-0.976600551605225,0.0781125103433927,-0.106406815350056,0.16978638569514,-48.4298172700426,-53.5230370273038,-33.3574952145484,-89.9003457092103,-51.7131703128367,-27.3035114828958,-55.6366358304037,-44.0048765298881,-27.487856419562
28-Jan-2025 11:46:34,63,29,-0.0470099747180939,0.391593350966771,0.107079779605071,-0.975033422311147,0.0586602819462617,-0.055941425015529,-0.206735095381737,-101.43529780747,-115.025388161931,-63.9324724221669,-40.8167232553999,-45.2315682617128,-33.3985461482469,-59.896129495811,-40.3262702174108,-24.9401267474957
28-Jan-2025 11:48:00,166,30,-0.0389325837294261,0.413394655783971,-0.0425832765797774,-0.936575492223104,0.201505419611931,-0.0681927199165026,0.278516974051793,-62.8736299312671,-61.2402582506576,-36.6656293297777,-134.883274469125,-126.542124374722,-72.0605630933038,-55.8853232285547,-50.0663063084256,-34.9072525781845
28-Jan-2025 11:48:49,275,31,0.0176704544574022,0.399671739339828,0.0101838529730837,-0.936723526318868,-0.293805913130442,-0.166301873326302,0.0925786927342415,-42.9750600064998,-57.6954691343744,-29.8292533037638,-73.8764592067576,-93.2336472293237,-52.7953515653844,-128.906215165214,-55.0118382316622,-36.1017300328976
28-Jan-2025 11:49:44,264,32,0.0158985514193773,0.381957000494003,0.0507810843487581,-0.978309174378713,-0.165480871001879,-0.105256657799085,0.0666956548889478,-43.7464990555871,-62.3742439030378,-34.6435100967993,-61.9980167076798,-50.3245096684981,-31.6671564500007,-95.7091591327198,-58.7032380420832,-34.0651458272951
28-Jan-2025 11:50:17,272,33,0.0763844802975655,0.418467082579931,0.0510230824351311,-0.896997451782227,-0.376937419176102,-0.192626836895943,-0.127313114205996,-76.6237815853426,-31.6067407860121,-19.2057544476025,-19.2829735834797,-37.8542432877982,-24.0787712971299,-158.33191308443,-102.773321239289,-59.6926065754557
28-Jan-2025 11:51:14,4,34,-0.0653783619403839,0.405746682484945,0.0306743636727333,-0.98458958864212,0.142468340198199,-0.101411727567514,0.00137164556266119,-95.0556424675994,-113.593794012649,-59.9033160312654,-91.375312778274,-114.303270476077,-67.1326959256954,-62.2351997924584,-45.1977182767298,-34.5320516846411
28-Jan-2025 11:52:23,52,35,-0.00481131110961239,0.403979609409968,0.00173129254641632,-0.935703448454539,0.000144052728622531,-0.138826888799667,0.324324172735214,-41.6546895117469,-65.0300727218569,-33.1031668720596,-126.103742862316,-82.8780677714212,-48.1644940915989,-89.6385158566148,-49.1203503684881,-37.1366850267714
28-Jan-2025 11:52:53,306,36,-0.0553117595613003,0.398509935537974,0.106115379432837,-0.908807011445363,0.216641508539518,-0.0958442797263463,-0.343438712755839,-136.000809246147,-103.108006251955,-51.8058563869519,-26.0091615596915,-36.2273614997015,-21.8467077216026,-33.5582516966887,-6.2768031775004,-9.909437086151
28-Jan-2025 11:53:46,337,37,0.06109965244929,0.396733711163203,0.0339610181748867,-0.980881838003794,-0.0721979399522146,-0.0599817643562953,0.170471400022507,-44.3959791348363,-53.802402646819,-30.5746665190442,-90.3863090182756,-55.7436217504758,-36.2483717896604,-91.5253637935561,-103.059113822771,-57.262605795962
28-Jan-2025 11:54:53,299,38,-0.0408931481341521,0.398711995283763,0.0669440617163976,-0.9565997838974,0.255364000797272,-0.127766681710879,-0.058153435587883,-110.357151202534,-94.6786471588944,-53.7797656646668,-90.4597730631992,-60.6060517306234,-38.2325246733239,-42.5824646776456,-49.5188770550598,-30.504665027948
28-Jan-2025 11:55:23,378,39,-0.0215195232381423,0.398332015673319,0.023037180925409,-0.984364863236745,0.140001161893209,-0.103856671353181,0.0252848543226719,-92.3464275216605,-72.4843865356086,-43.2759100775063,-94.8743001366476,-84.887862230259,-51.0096851496265,-65.9040055988253,-53.3693219057327,-33.5582625408956
28-Jan-2025 11:56:09,368,40,-0.0214000172913075,0.400605823596319,0.0119400868813197,-0.97185822725296,0.192440898219744,-0.0927347893516223,0.0992894510428111,-87.3206689845179,-63.2622720537465,-36.8521550179187,-109.430146737832,-85.4783645110909,-49.2512287223874,-57.7984829766736,-52.5410306930089,-34.1864692974419
28-Jan-2025 11:56:48,90,41,-0.0130303747951984,0.383121780554454,0.0070986224959294,-0.935580857594808,0.112031796574593,-0.119539824624856,0.312805998325348,-32.1866735168189,-51.3136256825852,-29.3981801145238,-112.151580917528,-62.6681819677458,-37.6709808584011,-49.9528573702066,-39.2707199878258,-24.0491873178183
28-Jan-2025 11:57:41,204,42,-0.0501862635215123,0.400763706366221,0.0707674160599709,-0.966635378201803,0.217557633916537,-0.134391144911448,-0.0149583527818322,-101.902212372747,-108.032230258044,-61.2699476664255,-94.352833437642,-69.9179017075054,-41.5605535552033,-47.7402739879723,-44.0922145878663,-29.5236624274014
28-Jan-2025 11:58:14,316,43,-0.0322135788698991,0.37877330382665,0.0527240899701913,-0.964247298240662,0.212642614046733,-0.0961418787638346,-0.125566828250885,-96.8932620336238,-65.2569767336659,-39.5153474085972,-61.3416760021237,-56.9402936947321,-34.4308998345525,-31.0880071708115,-26.6704607318389,-22.1714432764441
28-Jan-2025 11:58:50,209,44,-0.0430008950332801,0.408555215597153,0.0870306457082431,-0.955174660682678,0.117527606586615,-0.0631567567586899,-0.264272314310074,-133.573165193712,-110.501472619939,-62.6669520824891,-59.8802888720131,-69.9366660539911,-42.5215046356249,-71.6100344944225,-50.2130185895746,-15.3473945724149
28-Jan-2025 11:59:43,247,45,0.0506430149078369,0.418843877315521,0.0763905117909114,-0.950986345609029,0.0185004942119122,-0.1863911708196,-0.246050936977069,-131.110515636517,-83.1026932259224,-48.2894900306287,-59.1214817476027,-58.7533717536027,-43.4583160759222,-100.88954673627,-122.03836549881,-62.5446534903547
28-Jan-2025 12:01:02,224,46,0.0490018725395203,0.394101371367772,0.0110981077576677,-0.987123020490011,-0.0381523231665293,-0.0910450741648674,0.125870374838511,-49.4557836225411,-50.2741358367967,-32.8006412302215,-83.9523986587918,-81.0084765382006,-49.2520638350492,-82.0400171791206,-107.284535920072,-55.9994975042285
28-Jan-2025 12:01:46,293,47,0.0327508109311263,0.398840512832006,0.0726633136471113,-0.9579660932223,0.047077564895153,-0.167148635784785,-0.228355062007904,-114.337715247208,-65.3386529592059,-38.6359316791801,-48.5276595926432,-54.8466693409868,-35.4320748605317,-77.1240687981104,-100.223737702853,-54.2127947379165
28-Jan-2025 12:02:43,26,48,0.0484372812012831,0.400792857011159,0.0103897066166004,-0.974789126714071,-0.164325892925262,-0.133327557643255,0.0707597394784292,-55.1148773714349,-54.5972459265654,-35.0973874879746,-74.6315306735339,-93.3672412177865,-51.4909614922148,-107.917384905665,-102.588922728896,-58.5728788033246
28-Jan-2025 12:03:44,198,49,0.0226669282962879,0.389088366429011,0.0638667757312457,-0.962499670187632,-0.160617447892825,-0.126259713371595,-0.178479501605034,-85.039640561863,-57.5535855253006,-38.0623513436768,-33.8971085217672,-53.888373097552,-30.6465421725156,-101.547657694788,-66.8788535692566,-39.7648043934753
28-Jan-2025 12:04:19,92,50,0.0528024447460969,0.384653663635254,0.0465029681722323,-0.966599134604136,-0.233776424328486,-0.0970808953046799,0.0401248469948769,-41.197274541986,-50.0217509444745,-30.9998988003139,-49.6922599262433,-49.4817155583973,-28.4257884920304,-104.527961883838,-79.7505607031062,-49.4092057642681
28-Jan-2025 12:05:05,135,51,-0.00844096721460422,0.404752125342687,0.066320413351059,-0.967833411693573,-0.0466380414863427,-0.0876864184935888,-0.23115910589695,-118.832789224833,-77.6470856023222,-45.9768717589906,-52.8949286843966,-63.5352060798465,-37.7313945535289,-101.171485130343,-60.2373756708392,-35.0319604062961
28-Jan-2025 12:06:05,221,52,-0.0389814717074235,0.366781272490819,0.0806832730770111,-0.980076909065247,0.137418777743975,-0.119290268421173,-0.0795940006772677,-69.7415436718814,-84.6516129327081,-45.6958701990489,-43.050258393499,-37.4088461998721,-21.8547269739177,-27.612270543985,-26.6588911221737,-19.291973671033
28-Jan-2025 12:06:52,298,53,0.084831144909064,0.405332392454147,0.0432676802078883,-0.981037497520447,-0.153797755638758,-0.105901810030142,0.051927824318409,-59.4830142943605,-55.6466026167212,-29.7748065679084,-72.8539605586146,-59.0015505290971,-40.0799094581387,-106.541170357672,-123.241787321277,-70.9061236795404
28-Jan-2025 12:07:28,165,54,0.0114491771285733,0.414905607700348,-0.00732637622083227,-0.954515024026235,-0.151757504542669,-0.140982291102409,0.214463916420937,-54.1021019968691,-65.5211342866755,-36.7861030709428,-111.623047674402,-103.629462080607,-64.6540902983285,-121.390984415116,-80.3644511288074,-49.4496164424141
28-Jan-2025 12:08:02,204,55,-0.0365294486284256,0.41939160823822,0.0691154400507609,-0.993985513846079,0.0164350093652805,-0.0966131259997686,-0.0488736562430859,-111.379857413288,-115.838593056923,-67.6112249057037,-95.8233393588968,-88.3610229196994,-49.9918603657006,-103.230547133065,-48.6394026270601,-40.9075497367028
28-Jan-2025 12:08:53,52,56,-0.0292732418825229,0.368645411729813,0.0631315559148788,-0.969839493433634,0.195905064543088,-0.113306207954884,-0.0905222977201144,-79.8943181333519,-63.6997563319513,-35.9180537759678,-53.6042920385992,-41.5291240213337,-21.2049567483618,-22.9693010763994,-29.3660667148368,-18.6366615611039
28-Jan-2025 12:09:35,86,57,0.0299759574234486,0.397401225566864,0.0531448019047578,-0.987550564606984,-0.10000563810269,-0.0843509982029597,0.0873367051283518,-61.6847273232296,-76.5362047600557,-44.5345028155379,-82.6525692077428,-56.5037232866213,-35.8543805060703,-100.115441387512,-86.2926309666555,-48.1179347864125
28-Jan-2025 12:10:24,118,58,-0.0246794803688924,0.364693454901377,0.0188137593368689,-0.985860168933868,0.0801539684335391,-0.0658424173792203,-0.131604955593745,-71.7019954944841,-43.7380155276009,-22.1685069002449,-33.9041165342575,-73.9893970363891,-41.2622657316625,-37.0343453260563,-29.5912921858899,-19.9227472339047
28-Jan-2025 12:11:06,180,59,-0.0632969503601392,0.40109844605128,0.0950626447796822,-0.96499593257904,0.153779322902362,-0.0709084674715996,-0.200266760587692,-115.254114755717,-127.276788346721,-65.3255902225848,-58.0915741549808,-74.4416036966116,-40.2545407994402,-32.0764590281226,-40.0960963004006,-29.1740377724099
28-Jan-2025 12:11:45,97,60,-0.00501527466500799,0.374030462900798,0.0203460119664669,-0.980679066975911,0.144543911019961,-0.0959712053338687,0.0903614362080892,-57.0805389708588,-50.4868717067156,-25.6087390005753,-78.6731265459957,-62.233255389532,-37.2177111563373,-38.7991805003637,-45.5601573501038,-32.4897711794901
28-Jan-2025 12:12:22,106,61,-0.00713608084867398,0.416712548335393,-0.0135117853681246,-0.917515440781911,-0.0205935046076775,-0.147663508852323,0.368696091572444,-17.0468331723587,-23.7170047737861,-12.1735108525447,-140.555198550694,-101.767973652047,-54.4418943122505,-102.738928055827,-57.5487052321115,-34.0990483310457
28-Jan-2025 12:13:09,357,62,0.0511155848701795,0.400074964761734,0.0684282382329305,-0.98413770198822,-0.0896477575103442,-0.129449541370074,-0.0817257503668467,-83.7263158955274,-72.5134798099603,-40.0718486757368,-58.903684328266,-54.8271051378952,-38.2126197133906,-97.8846134264595,-106.0096077923,-61.9122488623038
28-Jan-2025 12:13:53,235,63,-0.024610643585523,0.385072894891103,-0.015430812848111,-0.982481205463409,0.0739185343186061,-0.0937355880935987,0.143109785517057,-50.8191341163906,-50.7060742865908,-28.0580271896573,-86.162906473938,-97.1392848423385,-60.1666205177728,-55.5582874592101,-44.3553227257033,-28.7413120776401
28-Jan-2025 12:14:38,376,64,-0.0555906012654305,0.407097770770391,0.113735005259514,-0.973530038197835,0.038404609511296,-0.0232124549647172,-0.224110680818558,-115.514750242137,-131.687433273389,-72.9470022265459,-49.5978987174541,-55.5143464384451,-41.0314616975933,-74.6496345590754,-45.9865912003729,-27.1134040949791
28-Jan-2025 12:15:23,248,65,0.0697496677438418,0.387440554300944,0.053407201419274,-0.961742027600606,-0.243179407715797,-0.114240057269732,-0.0535283386707306,-52.8725966771584,-39.2269020101252,-27.5663208025596,-36.2620660879078,-43.4758552632374,-31.388807736774,-105.95827425841,-92.330302020822,-54.3514248311067
28-Jan-2025 12:16:03,101,66,0.0240503943214814,0.373413495222727,0.0606241328020891,-0.971464459101359,-0.092762716114521,-0.124848338464896,-0.179066457351049,-73.8889336223011,-50.8627703710949,-22.9258236017724,-22.8761644514673,-37.6930514403687,-23.5274781536369,-76.4842351603628,-61.4380934539583,-35.7926797255313
28-Jan-2025 12:16:45,42,67,0.0016963858778278,0.408332759141922,0.0987745533386866,-0.969904359181722,-0.103676724433899,-0.0746937210361163,-0.207262019316355,-109.870374053084,-112.530599123961,-59.990837773506,-47.8486140372528,-29.1048043883006,-18.6837062776882,-107.800391601998,-82.9859011451771,-47.5080786460057
28-Jan-2025 12:17:23,219,68,0.00525849356005589,0.403156177202861,0.00144202106942733,-0.964864619572957,-0.0384726608792941,-0.118966174125671,0.231091370185216,-51.793154427183,-34.548790347114,-38.4088514585915,-109.952513644149,-89.9726561362321,-51.2111761525556,-95.4000738462548,-72.3636192895005,-41.2485534314588
28-Jan-2025 12:18:22,178,69,0.0420612692832947,0.419943755865097,0.0611387292544047,-0.982979389031728,0.0475267762939135,-0.148119297623634,-0.097741540769736,-118.831259512893,-76.1264176746064,-44.6494806317846,-89.2347513517555,-65.437706464057,-44.3753297896108,-99.1451785581887,-120.277607162451,-64.3912116972718
28-Jan-2025 12:19:03,277,70,0.0302438423037529,0.378129039208094,0.0660942087570826,-0.994421279430389,-0.0273694676657518,-0.10183342397213,-0.00268988275590042,-56.8688024551828,-70.9961197561731,-38.9707955931904,-53.6433816526439,-43.1399400446474,-28.8153169823763,-67.2222801913587,-86.388353085921,-48.1999729895749
28-Jan-2025 12:19:52,304,71,-0.0271038625389338,0.385368263721466,-0.0330378465354443,-0.978049445152283,0.0225399773567915,-0.126387202739716,0.164126561085383,-40.1633178630599,-46.9880990480029,-27.1816028936339,-81.5256343364729,-111.100457036547,-64.911596373779,-60.8441576409355,-40.7855943505561,-28.3718734813939
28-Jan-2025 12:20:55,160,72,-0.0117787119622032,0.454956807692846,0.127949773271879,-0.951482991377513,-0.0300801572700342,-0.0567397241791089,-0.300925089915593,-168.119741257292,-161.25640673913,-88.3410725519121,-80.3139074989629,-69.8944704978533,-57.4595205376089,-134.916405417908,-117.740842020069,-70.6415442313512
28-Jan-2025 12:21:35,227,73,-0.00492772497236729,0.388688798745473,0.0401496020456155,-0.991355446974436,-0.0370286477108796,-0.110480837027232,0.0603097788989544,-63.2601253780754,-70.7076314100349,-41.8281825669616,-77.1978684626074,-55.7266465906205,-39.3374070738207,-83.3095218952072,-50.8115515788555,-31.6967622415849
28-Jan-2025 12:22:22,83,74,-0.0449534880618254,0.42825909058253,0.0169662535190582,-0.923798477649689,0.326642459630966,-0.0946243767937024,0.175918476780256,-114.31561277485,-99.5613180838241,-55.9443200433109,-152.16484106922,-100.611485675882,-59.2317711610218,-60.0959278210309,-25.1054162273489,-39.7371714809077
28-Jan-2025 12:23:13,378,75,-0.0266058295965195,0.415790619452794,0.109822311500708,-0.928230961163839,0.170497172077497,-0.134477667013804,-0.302049255371094,-147.386450543804,-118.622331368663,-68.934058987445,-60.0498639560016,-62.8123104749094,-12.8977410648072,-70.9770712987553,-69.0107047307636,-51.5261394221404
28-Jan-2025 12:24:17,206,76,-0.0107968580598632,0.419230532646179,-0.0337084581454595,-0.963474249839783,-0.0195893144855897,-0.147796246409416,0.222463362415632,-61.6609790454972,-65.5743955143355,-45.0784562583223,-119.234690271903,-137.460173741937,-67.6307004976417,-101.137521374474,-68.4586942211581,-46.6195450592845
28-Jan-2025 12:25:14,111,77,0.0370547793805599,0.397978701194127,0.0533048234879971,-0.991374588012695,-0.0677134315172831,-0.104366079469522,0.0412193395197391,-67.7674831947387,-68.4910172540652,-43.4642527866495,-79.0636607461192,-63.2084189080957,-35.215140039822,-94.348001425202,-91.9298422706161,-56.8456275894284
28-Jan-2025 12:26:02,92,78,0.00988066631058852,0.400992300113042,-0.0170104224234819,-0.965914940834045,0.104897028704484,-0.0486532337963581,0.231598387161891,-53.0674398394304,-8.13458984643525,-36.4886347161802,-114.903870552126,-104.019751610969,-58.1898176749242,-66.7626740799295,-87.0161938647815,-48.9729104433329
28-Jan-2025 12:27:03,382,79,0.0204017159839471,0.435862026611964,-0.0315807297825813,-0.960645031929016,0.00585943004116416,-0.0813008358081182,0.265550315380096,-73.4531247682325,-69.1865672068207,-45.6008807282517,-142.465704946603,-140.036597487031,-79.0052057699942,-113.663957550719,-112.634562409592,-66.3716077593553
28-Jan-2025 12:28:09,276,80,0.0111758392304182,0.392079454660416,0.0653541599710782,-0.951942471663157,0.00486348861207565,-0.121720970173677,-0.28100880185763,-113.218813638775,-60.699784303677,-29.4507661613675,-35.1334379745569,-55.317767368763,-31.2994215081278,-81.5296667200827,-62.4565294900642,-38.4024960401486
28-Jan-2025 12:28:59,284,81,0.0650247534116109,0.408591582377752,0.0417034479478995,-0.932256710529327,-0.341660529375076,-0.0941875740885735,0.072761444747448,-48.4236170008333,-58.9890183538434,-30.7989544775705,-70.1855285317359,-61.0243606798152,-38.7739664110634,-142.72470082702,-92.1259849352427,-56.241608981792
28-Jan-2025 12:30:06,263,82,-0.0427459138135115,0.410711073875427,-0.0190877358118693,-0.97683539390564,0.196463290850321,-0.0527388880650202,0.0664334813753764,-94.3907146099264,-65.3237677850359,-39.9632623173716,-108.458084937251,-124.896390941213,-69.9657531441124,-57.699651752684,-53.2700793543618,-37.2859962795233
28-Jan-2025 12:30:34,312,83,0.00505805149053534,0.40132221976916,-0.00506176038955649,-0.953992068767548,-0.172602232297262,-0.157601031661034,0.187801697850227,-17.5282839701747,-19.3660627511934,-14.7645714259759,-92.9502321031086,-97.7201015700012,-53.9371893231045,-110.893762028941,-50.1877728353243,-31.7752081275137
28-Jan-2025 12:31:27,233,84,0.046106548110644,0.408411973714829,0.0734905650218328,-0.950265034039815,0.00225478330006202,-0.200523540377617,-0.23828893105189,-119.715640696487,-67.8047106185483,-38.8833930832335,-49.5762990735041,-8.82048313291118,-40.1015874476761,-94.9354151076423,-110.91037442196,-60.3361083854038
28-Jan-2025 12:32:12,202,85,-0.0197135006388028,0.395847481489182,-0.0150869832063715,-0.94087997674942,0.106779326001803,-0.111421707769235,0.3015431980292,-43.0842024332064,-56.1980567219496,-29.0891788605003,-120.09468236621,-82.8125101541324,-63.9015684936208,-63.0715365967101,-51.8318235411093,-29.5559965410402
28-Jan-2025 12:33:16,352,86,0.0417926194767157,0.378147612015406,0.066893062988917,-0.98165518840154,-0.0874976436297099,-0.133104713757833,-0.10478752553463,-65.5954334038083,-60.5826021383387,-28.9312877590812,-34.6135306749178,-41.5525261984277,-31.3313401110386,-76.756982702734,-84.1508488968025,-46.6903708445211
28-Jan-2025 12:34:01,158,87,-0.0238877147436142,0.406466144323349,0.00325050872440139,-0.948207894961039,0.246082352598508,-0.0744406685233116,0.186558036009471,-83.8440127110813,-64.6038658579932,-34.4795028757494,-128.549476256661,-89.0411244805617,-54.193186211389,-54.6713070243475,-58.7275884018186,-37.4913365714944
28-Jan-2025 12:34:30,98,88,-0.0564441800117493,0.376733805735906,0.110564640661081,-0.969479199250539,0.125491930047671,-0.0877680679162343,-0.191464071472486,-86.3413243626552,-105.772777503546,-51.7471761718158,-5.43310049559897,-0.783671976234203,-3.63765928373602,-10.0012843756051,-21.6154405059696,-13.3184864556716
28-Jan-2025 12:35:20,113,89,0.0497814377148946,0.434058676163356,-0.00962859019637108,-0.968476756413778,-0.0125576123595238,-0.0438675870498021,0.244889159003894,-72.3373736622238,-64.8096271787243,-41.5425721474725,-138.144058698031,-115.234483445426,-64.5225270820106,-115.255983597456,-133.621376151252,-74.2859285957871
28-Jan-2025 12:36:13,362,90,-0.0279403353730838,0.417170204718908,0.121262555817763,-0.988765275478363,-0.0508880041539669,-0.0229421154906352,-0.138662725687027,-106.487177399978,-144.648921966923,-83.3845132332126,-62.6271645464225,-58.9441198403314,-43.6158844339091,-101.37922538056,-82.2844000738818,-49.1959858384456
28-Jan-2025 12:37:27,282,91,-0.0108191189666589,0.416793272892634,0.0977978413303693,-0.967812542120616,-0.0294595657537381,-0.0589052314559619,-0.242901749412219,-127.472754385013,-117.674923133622,-68.3240359830661,-58.3211454110653,-62.6753739940093,-44.2036564086546,-103.868818059784,-84.0551827902838,-47.2360251580021
28-Jan-2025 12:38:20,342,92,-0.0379322223365307,0.41667678753535,0.00218273593733708,-0.952805991967519,0.292956389983495,-0.0475056345264117,0.063878969848156,-111.85327603889,-75.1384196747462,-48.2035988550453,-126.518658581269,-103.077903707292,-64.313047232414,-53.7450448609452,-59.0819502434002,-37.3612863834023
28-Jan-2025 12:39:06,152,93,0.0459494816760222,0.420000191529592,0.0548599270482858,-0.976112413406372,-0.187487390637398,-0.0774557699759801,0.0778054684400558,-76.8941124838096,-84.7698502842463,-51.163614964349,-96.532129245371,-70.0644386311041,-43.4182711817241,-134.331187448071,-106.158448692133,-63.3383678610356
28-Jan-2025 12:39:59,254,94,-0.0390333011746407,0.423189250628153,-0.0466737367212772,-0.939330816268921,0.0832208275794983,-0.135776396592458,0.303803745905558,-59.1882632118632,-65.4413001790198,-40.4540549774187,-136.739133319956,-138.126377391604,-78.175283469083,-82.9283091606693,-56.0282956457019,-38.3627721278598
28-Jan-2025 12:40:49,13,95,-0.0057073438540101,0.436452547709147,0.117031682531039,-0.937636951605479,0.137265984217326,-0.160547512769699,-0.276078804334005,-159.78297983316,-137.266081093877,-76.2280753313804,-80.9974722416831,-67.619865897611,-49.1443215393318,-94.3385669408656,-114.05228371103,-66.6787789192344
28-Jan-2025 12:41:49,369,96,-0.00235045314766467,0.40468249519666,0.0966005091865857,-0.943917957941691,0.135516583919525,-0.162011096874873,-0.253784569104513,-126.304981412945,-99.8065162934063,-56.3646567714667,-54.4077815281462,-51.448833908221,-14.7555013453144,-67.1929288584367,-86.5151417565027,-47.222763213382
28-Jan-2025 12:42:32,188,97,-0.0361852357784907,0.376990608374278,0.0864604488015175,-0.950471742947896,0.167370513081551,-0.118792839348316,-0.233407099048297,-103.248911030139,-82.9070407290185,-47.2900253058324,-36.1796366146051,-40.0075618775112,-24.0626376266972,-33.0610299692077,-35.1899421332067,-20.9083654338381
28-Jan-2025 12:43:47,208,98,-0.0644300431013107,0.413876571257909,0.00922047067433596,-0.977152661482493,0.173049598932266,-0.105413529276848,0.064144633213679,-95.0543019266066,-111.951353395465,-60.6825155120519,-108.136638899162,-127.827685124073,-66.1193661130641,-63.2037377210703,-44.6446178179461,-36.6425850069762
28-Jan-2025 12:44:40,307,99,0.0730660031239192,0.429820442199707,0.0537377173701922,-0.905918296178182,-0.327689184745153,-0.202092854181925,-0.176324477791786,-102.816397426937,-55.0366003362911,-39.2659635980239,-55.2047802692468,-73.3248953658345,-47.3469623445479,-163.328523690604,-111.776310659757,-71.6175299723266
28-Jan-2025 12:46:04,135,100,0.0167767945677042,0.443099983533223,-0.0119784989083807,-0.922168405850728,-0.155567748347918,-0.135143289963404,0.327323108911514,-64.4625732303696,-79.3587299491612,-46.6419453893399,-153.155461635911,-117.159149868487,-68.9855898282782,-150.149140950924,-101.684365312751,-58.7456112481481
28-Jan-2025 12:47:37,251,1,0.00108235412432502,0.320487527052561,0.0420809750755628,-0.994047319889069,0.0191643384595712,-0.107233067353566,0.00194141599349678,-5.55000000000001,-13.125,-5.17500000000001,-5.55000000000001,-12.075,-5.02500000000001,-5.92500000000001,-7.12500000000001,-5.10000000000001
28-Jan-2025 12:48:04,131,2,0.000283184866808976,0.326106532414754,0.0424214822550615,-0.993638964494069,0.0290505149712165,-0.108641916513443,0.00588480609779557,-10.8863959897996,-18.9191318749721,-7.67641933495847,-11.3915767576189,-15.2435517015211,-7.3011310209127,-9.4764992165211,-11.2899235620437,-8.36181369263986
28-Jan-2025 12:48:36,125,3,0.0135221154739459,0.329892979065577,0.0394457923869292,-0.993915271759033,6.99487155846631e-05,-0.105618907511234,0.0312591632207235,-9.24873358072904,-17.5254415144995,-6.78026490869981,-17.4381463956157,-15.7343424732715,-8.67846893344525,-17.5114114010892,-21.842358310362,-13.7762203349222
28-Jan-2025 12:49:11,259,4,0.00279498171682159,0.314403965075811,0.0496676380435626,-0.991900142033895,-0.0494860182205836,-0.108825129767259,-0.0429224394261837,-0.357405265456924,-10.7031739408042,-3.89303370696615,11.1819879868715,-2.97507400170656,-0.675876464214657,-9.45314142127812,0.579431219799337,0.229533731879561
28-Jan-2025 12:49:45,174,5,0.0187429108967384,0.341413227717082,0.0450354856749376,-0.99328328371048,0.00149992799852043,-0.114467728634675,-0.0168290046354135,-26.5159570314049,-23.1948211650933,-9.24814269905612,-20.7200640184426,-20.0577964895622,-11.5655749520094,-28.5848727561497,-35.2766618414041,-21.5984320937939
28-Jan-2025 12:50:20,42,6,0.0385822099943956,0.338671598831813,0.0414126507937908,-0.982498097419739,-0.147978206475576,-0.107873644928137,0.0341063275933266,-3.86851954898852,-21.8550809278487,-3.92367355670938,-13.1277529292158,-19.3769728237847,-11.3025963123124,-47.5514541229951,-37.8263440888937,-23.9889858833482
28-Jan-2025 12:50:56,95,7,-0.0133466069897016,0.333847659826279,0.0443837183217208,-0.986710266272227,0.111091361939907,-0.107505063215892,-0.0500424352784952,-34.2945904208215,-26.1646098043672,-10.1177165335399,-18.2922725628568,-19.511562069768,-11.6626947680376,-5.4799044670558,-8.60762866735271,-5.42905485648869
28-Jan-2025 12:51:41,389,8,-0.0125762037311991,0.346350131432215,0.0330479467908541,-0.974743791421254,0.180337852239609,-0.110259782274564,0.072080834209919,-36.0990067948487,-26.5203718140837,-10.9732007949889,-52.9063633619113,-26.2729042724429,-12.4227269384657,-7.24050430852239,-15.0875627815366,-11.0892032951714
28-Jan-2025 12:52:10,280,9,-0.00926641517629226,0.360643529891968,0.0418505050241947,-0.981084970633189,0.136408654848735,-0.116551461815834,0.0726690992712975,-45.8247317503436,-45.6916466760788,-25.248423561515,-63.0798658738129,-35.9224685652285,-19.5379733266371,-26.8767880798663,-32.5697562562475,-20.5536744305554
28-Jan-2025 12:53:15,264,10,-0.0239485117296378,0.364295589923859,0.00350241650206347,-0.977785189946493,0.167831553022067,-0.0942718048890432,0.0829552387197812,-46.1356911895658,-37.3994773027842,-19.8628504441701,-67.5115338520978,-71.5981167844853,-35.3492484586933,-22.2210193487706,-25.7510750245787,-19.2092399152737
28-Jan-2025 12:53:58,131,11,-0.0193838506937027,0.373713276783625,0.0741345569491386,-0.99432061513265,0.0168253339827061,-0.104831181466579,0.00734363114461303,-55.3940868511209,-86.4094583981592,-47.7666591698969,-57.4324179668135,-43.2685492417741,-27.4147525919391,-56.7422626730233,-38.4777756594995,-25.6361056763983
28-Jan-2025 12:54:37,8,12,0.00145503743551672,0.349524348974228,0.0439879842102528,-0.990022297700246,-0.0647220214207967,-0.110911425451438,-0.0580138569076856,-38.1018479231636,-35.1064537545502,-16.2160608424503,-20.0037564066416,-30.7891591432175,-19.8041964002999,-47.9958883194735,-21.945365363463,-12.5781531555503
28-Jan-2025 12:55:19,229,13,0.00489905094727874,0.363968328634898,0.0308934337149064,-0.979589486122131,-0.0775274241964022,-0.106816473106543,0.151605515678724,-23.3433514938172,-40.8626105902804,-19.9996178321494,-61.6332199229485,-39.7979205271852,-20.5781730957584,-65.4784764181185,-29.3566218041843,-19.0554342641511
28-Jan-2025 12:55:45,15,14,-0.00804620943963528,0.354422477881114,-0.0139890979975462,-0.986872212092082,-0.00200403913234671,-0.11024233798186,0.118007851640383,8.7067407605923,2.62057748189345,2.18714873522983,-45.3955927541542,-77.8195632642461,-38.5508806488169,-36.2078394650964,-33.7933413458756,-19.3617086619076
28-Jan-2025 12:56:32,106,15,0.0242393871148427,0.34637118379275,0.0552424162626266,-0.978959115346273,-0.138632663091024,-0.123420044283072,-0.0847796613971392,-29.0087677124472,-29.7750035669827,-17.8297108166313,-6.06159132351728,-26.5284596159745,-14.4779272100142,-54.9963659575282,-37.9191772209408,-23.0102392059649
28-Jan-2025 12:57:24,77,16,-0.0195091865956783,0.377849994103114,0.0398732766509056,-0.957302284240723,0.266876848538717,-0.110262481868267,0.0138312747081121,-82.4317135966711,-46.8249228353163,-28.1510619222134,-83.0756162791128,-42.3931792729204,-23.5709431888575,-23.58246552039,-35.7755954490929,-22.0556115810068
28-Jan-2025 12:58:12,180,17,0.0378951641420523,0.38027471502622,0.0644656429688136,-0.967871344089508,0.0113197706639767,-0.16003978451093,-0.193608435988426,-88.0887148214561,-46.9736229092023,-32.0987091973113,-32.7907869863123,-44.520702699225,-28.6776344796422,-66.4216857930159,-79.3496690665425,-47.176331522662
28-Jan-2025 12:58:53,308,18,0.0223659758766492,0.359004241228104,0.0521729494134585,-0.993419599533081,-0.0392458351949851,-0.104072237014771,0.0273182939738035,-34.8672835867259,-44.0716206870801,-26.974975226401,-38.7811779247196,-33.6176000986588,-18.8881664892486,-51.2791132325897,-57.8360697866276,-32.4769919702431
28-Jan-2025 12:59:42,252,19,-0.0114276121680935,0.362763343254725,0.0210052868972222,-0.984678244590759,0.153557999928792,-0.0825534388422966,-0.00369738078055282,-58.8920630252551,-39.0746070854558,-23.1021504075943,-55.9092659442849,-62.080928785987,-33.3254208997881,-24.4479034791442,-43.8770002116437,-24.2882356384509
28-Jan-2025 13:00:32,126,20,-0.0366735885540644,0.373998272418976,0.0856019034981728,-0.963280479113261,0.180404629309972,-0.10095902432998,-0.171324814359347,-92.4295332559595,-82.7448992305506,-43.626569523454,-42.0502469920195,-13.2850060943004,-8.63168663969163,-26.9989961532112,-31.7505875879033,-19.6968506067396
28-Jan-2025 13:01:18,117,21,0.0253044714530309,0.361094959576925,0.0246882222592831,-0.975460922718048,-0.0296889134993156,-0.0856070071458817,0.200663872559865,-3.93498274766248,-17.4224166314074,-9.7275323753883,-65.5325959639494,-34.6645080210214,-19.4161187757751,-53.3139958398078,-49.6419009845718,-25.6834855750032
28-Jan-2025 13:01:59,32,22,0.000587706873193383,0.378920209407806,0.0362458355724812,-0.983165899912516,-0.0287651607145866,-0.107955497503281,0.144578754901886,-42.0671447975173,-52.0010455826049,-29.13837563702,-79.2236012272644,-48.837547074346,-27.415405599079,-73.924022071781,-42.0615278601836,-25.2542148580535
28-Jan-2025 13:02:36,69,23,0.0251131094992161,0.392501463492711,0.0963948478301366,-0.969552063941956,0.0461286862691243,-0.157596718271573,-0.181670631965001,-98.6924424394027,-91.9273376173298,-48.8856133311821,-18.7866135355517,-16.1735529307099,-10.075619459365,-66.4689235149611,-99.9315288255704,-52.4555005471525
28-Jan-2025 13:03:36,289,24,0.0421667747199535,0.394695645570755,0.0634469350179036,-0.966494007905324,-0.0601080124576886,-0.156999001900355,-0.193978569904963,-96.3203843336371,-64.0431907362968,-33.9712213091139,-40.5996853621311,-49.0484018964103,-35.4197849883154,-90.5693539158269,-92.2713740730514,-49.6692013541442
28-Jan-2025 13:04:21,36,25,-0.0135617214565476,0.398354009787242,-0.0124578747277459,-0.948047721385956,0.186669807632764,-0.0653487910827001,0.249177618821462,-58.0998782579622,-54.8109575844429,-34.0971288464436,-121.808766673793,-90.4509589124492,-56.5776174234181,-52.3030598207839,-67.0256633718447,-37.9964184991995
28-Jan-2025 13:05:06,368,26,-0.037622273961703,0.364798490206401,0.0484801970422268,-0.986668829123179,0.13054464161396,-0.0970010255773862,-0.00579346300413211,-58.1368156501076,-72.664498313738,-42.9718076197351,-54.6759582215837,-62.2914081296365,-36.9655153475688,-28.2167044474869,-29.9248822889541,-20.1979605575987
28-Jan-2025 13:05:43,172,27,0.0255285795778036,0.393328630924225,0.0944945201277733,-0.98487008412679,-0.12209824025631,-0.0646554400523504,-0.10460699647665,-75.1789793073447,-103.144964782564,-54.9456718323259,-8.13992975635225,-5.90731733075983,-6.66698337976452,-93.5222176590705,-89.6542910472139,-47.9483080105065
28-Jan-2025 13:06:26,32,28,-0.0213745858520269,0.373020360867182,0.0495501063764095,-0.984007541338603,0.0905173500378927,-0.112675642470519,0.104115405182044,-49.3657870250092,-68.1051885108209,-37.656058207256,-75.3893771640128,-42.8170666675157,-24.6570737856725,-44.9971822393822,-34.1631562507167,-9.90902117085983
28-Jan-2025 13:06:58,229,29,-0.026925274853905,0.3766821205616,-0.0198057971894741,-0.97706226905187,0.0996376569072406,-0.100511383016904,0.159119911988576,-40.8301136891166,-46.0949247623343,-27.6986196675066,-80.368741058302,-96.120150900203,-53.6587798498741,-41.785760853428,-35.9921240010963,-25.6967014044434
28-Jan-2025 13:07:32,333,30,-0.00674468105038007,0.38117022116979,0.0311427700022856,-0.983559167385101,0.0690472717086474,-0.105358366668224,0.129396722714106,-55.0706962885139,-55.048878421064,-32.1868149773,-85.6660764129137,-58.5543614246791,-36.1758388992227,-60.0116438106622,-43.7441994725983,-28.7717091325731
28-Jan-2025 13:08:25,139,31,-0.0329504296183586,0.408362726370494,-0.0359717560311158,-0.924243088563283,0.215434727072716,-0.0660078619917234,0.308229776223501,-55.5208765727714,-23.9378639006343,-15.0020705715886,-135.88384343799,-112.865513652213,-61.2965455208344,-50.7345506920695,-46.9665328224543,-34.5725144179795
28-Jan-2025 13:09:17,312,32,0.0374578066170216,0.376726025342941,0.049879996975263,-0.992466088136037,-0.0277963109314442,-0.116357070207596,-0.0264485756556193,-60.4840219398824,-44.8008859403948,-23.5297661048494,-51.6202276158763,-45.0551350411285,-26.1472245553429,-67.8632663589376,-71.9007856739807,-46.4327632351108
28-Jan-2025 13:10:19,284,33,-0.0496756869057814,0.403875790039698,0.0684577882289887,-0.960924617449443,0.225122266014417,-0.112187078595161,-0.115576644738515,-117.965207970571,-105.227219369686,-57.6788272522776,-84.4111301274777,-80.1340198234685,-41.5024032926308,-50.0525363676392,-46.3358508877022,-33.6971592137477
28-Jan-2025 13:11:12,237,34,0.0175957728177309,0.400442765156428,-0.00115686596836895,-0.971284425258636,-0.0327911185721556,-0.111016181608041,0.207862322529157,-49.8819144782201,-59.833937102779,-35.4470430317759,-103.53177089516,-95.2793848002198,-52.7423636506264,-89.8254471632535,-75.7117400354035,-48.2929451700475
28-Jan-2025 13:11:58,151,35,-0.0484782608846823,0.397102602322896,0.0956279888749123,-0.986240518093109,0.101398909588655,-0.124877896904945,-0.038123686114947,-87.8501972802954,-120.550120161785,-67.0603958217474,-75.7726012269054,-56.698870462541,-35.3710782205893,-60.5266490537343,-42.9843959053004,-29.8310266002128
28-Jan-2025 13:12:25,158,36,-0.00758371111005545,0.374713267882665,0.0922532578309377,-0.988933865229289,-0.074891904493173,-0.0755221461256345,-0.103428273399671,-61.6304123437578,-89.1525511490194,-46.914071450451,10.177681313681,3.16175607094805,-0.987580328097767,-70.1628806541599,-48.490491265868,-27.5097805329571
28-Jan-2025 13:12:57,172,37,-0.0249217052012682,0.377069745461146,0.0872865920265516,-0.988220942020416,0.0104959887141983,-0.0887409408887227,-0.124234933654467,-75.234534657966,-97.2692644213568,-52.8979945385397,-38.3527010305361,-44.7168177883592,-28.6496113292548,-57.6095783170631,-42.5982425830698,-26.6258457021651
28-Jan-2025 13:13:55,170,38,0.0700040931502978,0.414340766270955,0.0231571938842535,-0.978700534502665,-0.124258370697498,-0.0644911304116249,0.150153396526972,-56.8180912306406,-61.2181241638673,-36.3125420464517,-98.6820819394369,-83.4411391643646,-47.7254784637064,-112.191300944393,-125.160251494246,-70.2402793237539
28-Jan-2025 13:14:39,88,39,0.0110071590791146,0.397325243552526,0.057480950653553,-0.967609159151713,-0.0901598984996478,-0.118714746336142,-0.20374128818512,-102.892252709016,-64.3016101830917,-32.9117998839202,-46.0475879407777,-60.3555890589243,-35.1770126437386,-100.548269554152,-63.1028060575545,-39.1782271979365
28-Jan-2025 13:15:30,199,40,-0.0633710756897926,0.435779557625453,0.113908378779888,-0.988778821627299,0.0707633738716443,-0.0871159707506498,-0.0985891049106916,-125.471785663471,-163.878719576279,-86.3014989542785,-96.6090178997436,-72.0097006732214,-50.0236100270992,-97.9325395829039,-60.2186438725687,-40.1918683615439
28-Jan-2025 13:16:37,16,41,-0.0422657531996568,0.405463041861852,-0.0447979673743248,-0.955674993991852,0.140232486526171,-0.089314474662145,0.242987851301829,-50.5694048867698,-64.4240209308828,-34.1096210020453,-116.02030256118,-126.461007931639,-75.7314336279972,-57.4984936462516,-43.8595992143681,-33.5126063440768
28-Jan-2025 13:17:19,226,42,-0.0416961744427681,0.413976287841797,-0.0290152459094922,-0.984733458360036,0.127089197436968,-0.0677448545893033,0.0977701763312022,-85.6693806846455,-69.5666352130405,-41.543938392146,-108.341518691698,-136.641315105038,-79.6329467643307,-72.1393320595285,-51.7456761141816,-36.0510495135891
28-Jan-2025 13:18:09,20,43,0.0434819504618645,0.428579286734263,0.096241091688474,-0.963608356316884,-0.246424852808317,-0.0456592328846455,-0.0929999381303787,-100.28781971043,-121.727288309572,-68.6077327633701,-67.5386427063001,-68.1270798218023,-18.6209715959767,-146.23879503384,-117.222877319724,-68.5143151746104
28-Jan-2025 13:19:12,349,44,-0.0653539250294368,0.403127189477285,0.0558121643960476,-0.982198707262675,0.129047056039174,-0.135191256801287,0.018865779042244,-86.5632564204397,-125.371594944246,-70.0186736451492,-89.4690709273378,-102.719400745713,-48.2617569475268,-59.4981046100296,-42.0635173556624,-37.3940213746674
28-Jan-2025 13:20:07,345,45,0.0682975312074025,0.411281037330627,0.0221431540946166,-0.991385773817698,-0.0348189617196719,-0.0857765346765518,0.0926515410343806,-69.2431369298045,-58.2999528408855,-41.1571722322506,-94.4988019509526,-93.5012142684222,-46.9799020102401,-95.3483226224532,-128.393465633205,-77.2311144610437
28-Jan-2025 13:20:56,136,46,-0.0479831827183564,0.386503738164902,0.052729876836141,-0.988190841674805,0.0733054459095001,-0.125630850593249,0.0481883967916171,-63.8908655025647,-104.269539632938,-62.8533843558482,-76.429829079123,-83.9068716596675,-42.808108764722,-56.0649386372831,-41.0572228610633,-30.2233114569551
28-Jan-2025 13:21:39,390,47,0.00306258536875248,0.411962362130483,-0.0381994212667147,-0.960861666997274,0.133565806349119,-0.0500303655862808,0.237491131822268,-61.6386773591563,-55.7303920719283,-17.2525353750864,-125.130940315726,-126.907362654753,-68.7215587276525,-68.7378057645877,-88.8455797873241,-52.9481645470349
28-Jan-2025 13:22:17,382,48,0.0512513734400272,0.403636620442073,0.0327558646599452,-0.969211824735006,-0.207121577858925,-0.124906751513481,0.0461243125299613,-60.4147086576692,-61.3423022262737,-34.6675314017286,-72.8131141287918,-79.4737109998774,-45.7860136825062,-118.525902761062,-95.1099634350747,-58.9453722339827
28-Jan-2025 13:22:54,396,49,-0.0586809409161409,0.418778498967489,0.0892034485936165,-0.990153789520264,0.0543268372615178,-0.0989689414699872,-0.0827600692709287,-110.39623288698,-141.770404480525,-76.281421054756,-86.4594630009278,-87.1247388312734,-49.1974860405166,-87.6740484777166,-20.683442816086,-38.6349379071911
28-Jan-2025 13:23:43,64,50,0.0506812147796154,0.403843953212102,0.0768714313705762,-0.971243862311045,-0.207009347279867,-0.0958840116858482,-0.0681085119644801,-74.6625603920842,-92.4031139119817,-53.5986327546221,-55.9097083053174,-58.425904132944,-36.504485633695,-117.866141540947,-97.1998355261428,-68.7204849747581
28-Jan-2025 13:24:40,2,51,0.0888859217365583,0.406720674037933,0.0472327935198943,-0.967377996444702,-0.23031610250473,-0.0867808431386948,0.0600287628670534,-50.033029743918,-62.3327286320519,-33.5041854410868,-67.9040858069393,-55.7249406384226,-38.5100291919668,-118.979069405883,-116.618585147948,-74.1338519762911
28-Jan-2025 13:25:18,100,52,0.0622465548415979,0.422919118404388,0.0104914624864856,-0.97259582678477,-0.044287187854449,-0.0331773733099302,0.225821380813917,-60.2566286053858,-56.039394575153,-37.6450211242138,-123.131550990453,-89.6312156684709,-51.4333094081192,-110.539289830382,-128.236744414266,-77.0370577531269
28-Jan-2025 13:26:10,139,53,0.0620410583913326,0.413608847061793,0.0304947016139825,-0.90668667157491,-0.392254372437795,-0.154899779955546,0.00786334195484718,-53.6593478590449,-61.2204987576978,-34.5579914441791,-60.5059536445644,-81.9255306701876,-45.5442051324464,-154.236809396655,-96.7891689467094,-58.9389999640916
28-Jan-2025 13:26:48,94,54,-0.0196434840559959,0.418661471207937,0.108707189559937,-0.953684405485789,0.00818407982587814,-0.0783552517493566,-0.290309131145477,-136.268868627407,-123.016565302646,-63.5944983730916,-25.8659287046403,-13.9563950405786,-10.0937709714677,-97.3123071393996,-80.8521260410317,-46.2981080257158
28-Jan-2025 13:27:41,303,55,0.0314699530601501,0.415974269310633,-0.00505924861257275,-0.97203962802887,-0.113119282821814,-0.117748116950194,0.168755443890889,-62.7607321734762,-64.132044370666,-41.7006496697892,-106.083247089147,-110.851370293904,-61.5250003595123,-115.86194176384,-104.062735139057,-59.658902266429
28-Jan-2025 13:28:31,91,56,0.0173448707908392,0.384454129139582,0.0797171235084534,-0.988635043303172,-0.104054476320744,-0.0878032475709915,-0.0637500002980232,-64.1949657926295,-84.4051246327611,-53.0447777615865,-46.8359558724137,-48.4958468587647,-30.2474916020388,-85.5659980387211,-79.4494360808781,-45.8133796625951
28-Jan-2025 13:29:26,180,57,-0.0699908907214801,0.414379068215688,0.118746882180373,-0.955334786574046,0.143086505929629,-0.0584636653463046,-0.251880355676015,-129.695004971066,-140.800467607219,-80.6290032217573,-58.5029922280206,-67.4263692154112,-38.2956392529775,-61.7947926473761,-48.3286448275141,-31.791307491108
28-Jan-2025 13:30:13,104,58,-0.0493743625779947,0.422534541289012,0.0109980310623844,-0.960061502456665,0.274202352762222,-0.0482355040808519,-0.0277190030862888,-124.950610357623,-94.2649916725086,-58.4284427213652,-118.824480425239,-115.603481020242,-64.8120388721924,-61.7356632262231,-56.2798698814077,-39.0349822261441
28-Jan-2025 13:31:26,139,59,0.0899320617318153,0.414470358689626,0.0480003309746583,-0.903531897068024,-0.400751123825709,-0.15068756043911,-0.0179427376637856,-50.5878698073707,-58.7737508156508,-10.6705894298518,-51.7960600145009,-57.189231780188,-40.0980145139997,-153.05031141559,-108.856072243168,-64.1237929145037
28-Jan-2025 13:32:39,362,60,-0.0619778759777546,0.438526898622513,0.0252091464896997,-0.950527238845825,0.300618545214335,-0.0782582864165306,0.00145145039229343,-139.909910035082,-121.250101022489,-55.5831761115772,-136.507055143992,-124.982551565919,-66.9342525476308,-71.9716503035954,-61.3737448218264,-46.9385119674205
28-Jan-2025 13:33:38,6,61,0.11680504133304,0.448474484682083,0.0485501932601134,-0.900172777970632,-0.352779171864192,-0.251916976769765,-0.042115406692028,-69.5940835387045,-72.691330708381,-26.3666907703605,-74.908617655187,-70.7795426508251,-57.4532311871508,-174.294422102804,-156.014448731052,-93.8999993305117
28-Jan-2025 13:34:35,53,62,-0.0231792103499174,0.405881879727046,-0.0302254219849904,-0.956961715221405,0.0107527293264866,-0.149528470635414,0.248495292663574,-47.8406060409712,-62.9414396669277,-30.7381561677131,-113.798900110568,-112.339998785094,-75.4711618129799,-83.7386828496342,-52.8349885930851,-38.4332979759284
28-Jan-2025 13:35:10,156,63,0.0241418428719044,0.416156802574793,-0.020827130228281,-0.972446862856547,-0.0221754128734271,-0.10970464249452,0.20450000166893,-61.1068363027866,-65.1153080330489,-33.6348296688817,-115.936282620239,-121.576554019384,-77.7323245685397,-101.872092681725,-102.936063203793,-61.9193834975503
28-Jan-2025 13:36:06,337,64,-0.00733970503012339,0.409482342004776,0.0291640378534794,-0.959092112382253,0.01872615168492,-0.121849381923676,0.254841935634613,-61.3350154906714,-75.3989905926138,-40.1965268107752,-125.572233731018,-75.4271754032207,-44.0565640327226,-96.0596637257297,-61.5259563969949,-37.4595904053417
28-Jan-2025 13:36:40,86,65,-0.00305954464711249,0.399012863636017,0.104689401884874,-0.985655542214712,-0.1164298782746,-0.0571345681945483,-0.107994840542475,-82.6161945940391,-117.403595038219,-58.8429105930902,-48.2159309067876,-0.991920342039565,-2.56005451672132,-99.7952300471781,-73.8013054895469,-41.6165487356703
28-Jan-2025 13:37:19,375,66,-0.0305201396346092,0.400513285398483,0.0918504471580188,-0.955450415611267,0.0441984827319781,-0.0739102741082509,-0.282308946053187,-122.255434986228,-102.772827808763,-55.3217077254418,-42.33955642639,-55.3872620569131,-36.8279243487756,-77.7543234272604,-52.4732528120614,-32.6843042562768
28-Jan-2025 13:37:44,388,67,-0.0089015377064546,0.395446413755417,0.0954921424388886,-0.933915865421295,0.142421264449755,-0.143689802289009,-0.294738121827443,-124.538049519412,-90.2281291015554,-46.4997541177296,-5.84117450406753,-8.31472602105549,-8.03006119050768,-57.706540909705,-70.4905468495119,-38.2621475770288
28-Jan-2025 13:38:35,151,68,-0.0361132880051931,0.426693785190582,-0.0150841734061639,-0.941574048995972,0.324907181660334,-0.0056664125683407,0.0885526190201441,-116.779047982371,-52.5315956800186,-41.272746773146,-140.467917932685,-117.857692909579,-68.6168085578388,-55.7980200050212,-39.1447976328249,-40.3074326129376
28-Jan-2025 13:39:29,394,69,-0.0456020022432009,0.38837995727857,0.0680285568038623,-0.951309140523275,0.171415932973226,-0.0508816741406918,-0.251074836651484,-116.234188159252,-84.5251723291305,-50.9338241733516,-46.7900280579219,-69.1096402317319,-40.5290735730073,-41.908954877315,-36.9670999348546,-23.9063229786356
28-Jan-2025 13:40:06,49,70,0.0700605342785517,0.427774931987127,0.0393263056874275,-0.951209493478139,-0.262607332070669,-0.15655560195446,-0.0415725799898307,-90.2186946511847,-28.3416779222097,-38.5477930516364,-77.3841724954373,-86.7237171751785,-51.4278292656971,-150.02135287892,-120.343288500064,-72.3118584125025
28-Jan-2025 13:40:49,305,71,-0.0403960126141707,0.401414134105047,0.0842751681804657,-0.9862459897995,0.072351095577081,-0.0971705178419749,-0.112437096238136,-103.750803029521,-107.033329752421,-69.2987512752388,-71.5095690986854,-63.2597397227646,-38.9939734175973,-74.6812457633388,-51.7469325129519,-31.2621752622017
28-Jan-2025 13:41:22,232,72,-0.0409027529259523,0.422302927573522,0.0114101307466626,-0.946991201241811,0.316017160813014,-0.0564413090546926,0.0124580337976416,-125.930445893921,-82.1680980128587,-53.4649173339899,-128.551603717037,-104.621576717492,-60.5951741282986,-56.1330013626608,-61.159367560773,-37.6888559820239
28-Jan-2025 13:42:02,249,73,-0.0511436214049657,0.417860905329386,-0.00033944679889828,-0.969596338272095,0.238019985953967,-0.0563690111041069,0.00721087570612629,-114.766643768626,-88.4258565605243,-54.2666368478805,-113.977413281344,-123.714095061992,-70.1625236830091,-60.4772103725154,-54.2184913677721,-36.7395987592707
28-Jan-2025 13:42:45,196,74,0.000201662882075955,0.42118847767512,0.016315301011006,-0.935476283232371,0.0583531844119231,-0.1033726349473,0.332856029272079,-65.7579900611608,-77.0235872431026,-44.0187477610079,-148.637058693652,-83.778414597154,-49.2970540936296,-102.068010827749,-65.8720560851094,-40.8937970066222
28-Jan-2025 13:43:34,89,75,0.0878945748011271,0.4189377784729,0.0432846133907636,-0.974666817982991,-0.140007732311885,-0.0302026577293873,0.171785297989845,-52.3200908742821,-61.8186871732798,-33.5212993757898,-100.994511707114,-58.7670686622952,-39.8834453114944,-118.655338561708,-128.23164292505,-76.8031772347087
28-Jan-2025 13:44:49,58,76,0.0186001924177011,0.40532848238945,0.00438480215768019,-0.967539982000987,-0.107351811726888,-0.101125900944074,0.205220843354861,-48.7360991756152,-60.1443155440019,-34.6766328623115,-103.671420796855,-93.5773484120417,-52.5246357553289,-107.215196391046,-83.7724475587204,-46.0158914319161
28-Jan-2025 13:45:42,255,77,0.00819855599353711,0.403015271822611,0.0589818318684896,-0.965662240982056,0.193662117918332,-0.12919433315595,-0.115326934059461,-118.224304854878,-67.7136454407084,-40.3324405314716,-85.0853581007416,-63.0399352678715,-35.6363375379502,-61.8480939648893,-86.2567985249001,-48.4666059254183
28-Jan-2025 13:46:23,321,78,-0.0423516186575095,0.40052791039149,-0.0551879545052846,-0.975484557946523,0.0973407005270322,-0.0986348584294319,0.170955786108971,-50.5160701436837,-52.7483228820405,-30.3219781221261,-95.6257612312586,-138.913461793763,-76.5374324878345,-55.4931563036034,-43.3336341778226,-33.0334207666706
28-Jan-2025 13:47:11,268,79,-0.0209181446582079,0.37410543958346,0.047597007950147,-0.966750109195709,0.177471940716108,-0.074684498210748,-0.168285981814067,-94.7770740754968,-51.6241255970836,-23.3732525686319,-48.9961480529843,-53.1593541250419,-31.3323181509333,-32.9417562627517,-33.4700546510416,-20.8556031646655
28-Jan-2025 13:47:50,189,80,0.0833687722682953,0.401848677794139,0.0515713286896547,-0.911623640855153,-0.397411781549454,-0.10382766276598,-0.0150348763292034,-43.4221767904018,-48.2197578641548,-23.8225228961596,-17.3550355281174,-15.3350651086346,-11.4634110409592,-140.601743868393,-98.6183096130812,-51.9639843758781
28-Jan-2025 13:48:52,378,81,-0.024300716817379,0.427993243932724,0.116072733700275,-0.936515871683756,0.101643671095371,-0.10681006560723,-0.318116599321365,-154.764465602458,-132.991677499102,-76.0801901460951,-62.7508121561412,-62.4229153333347,-45.2749351878898,-89.9743177924893,-92.5247551575986,-50.1553143486991
28-Jan-2025 13:49:38,237,82,0.0669579913218816,0.410043901205063,0.0427947739760081,-0.985335906346639,-0.124559835592906,-0.0978831311066945,0.0633792211612066,-68.440608025246,-63.7391118986446,-38.5953900541539,-84.8501679971912,-60.44813036625,-40.6144712136941,-110.661117400529,-115.793788812719,-66.9145137685971
28-Jan-2025 13:50:07,91,83,0.0237087802340587,0.370658115545909,0.0756329337755839,-0.982949272791545,-0.0965016151467959,-0.110072281956673,-0.111275740464528,-58.3635684525631,-62.6490967968157,-33.6378956317817,2.23087950584804,-14.9284556266926,-11.7598698729876,-71.8296527648297,-65.9047034796543,-36.524084172632
28-Jan-2025 13:51:34,274,84,-0.0391522496938705,0.419225627183914,-0.0480614150563876,-0.917580107847849,0.210630613565445,-0.0563170154889425,0.332430307070414,-54.7837870231497,-60.627966473785,-4.81912380433259,-146.197780191845,-130.23958622996,-72.6410899589527,-59.5206547044397,-45.9776860578883,-38.8106687668282
28-Jan-2025 13:52:25,129,85,-0.0392767888804277,0.421192143360774,0.114331284165382,-0.946248340606689,0.154251248637835,-0.112726647158464,-0.26098535656929,-142.054373115236,-138.762648965844,-65.0987235669324,-68.6431253027658,-63.4379633981011,-46.4944677847257,-73.6454576092358,-69.1596948933121,-47.6555816866163
28-Jan-2025 13:53:25,300,86,0.00246247020550072,0.39763014515241,-0.0147798045227925,-0.973881387710571,-0.0992764562368393,-0.148505714535713,0.140161721905073,-48.5370823884265,-58.5430896143956,-32.756439748652,-86.1014222447753,-108.261499457767,-67.5196970345696,-95.5053257036405,-60.6975500456257,-41.0878301129707
28-Jan-2025 13:54:04,400,87,0.0460503858824571,0.400585748751958,0.0457224619885286,-0.986204890410105,-0.106615315874418,-0.0977848539749781,0.0804439574480057,-61.6200479419944,-62.394175965394,-37.7071398129905,-83.5031436987375,-62.2066209474735,-39.1153973495445,-102.062203007482,-95.0491648402026,-59.0492068954746
28-Jan-2025 13:54:47,108,88,-0.0607019297778606,0.423535740375519,0.122095709045728,-0.92894378900528,0.140070992708206,-0.0583477807541688,-0.337696800629298,-151.987018832784,-138.408911920272,-72.8266100524237,-55.211113505244,-27.9496808791315,-18.4605209180091,-72.8117760891482,-56.2854645788079,-34.4971652749594
28-Jan-2025 13:55:52,373,89,0.077820352713267,0.402051480611165,0.0507684491574764,-0.983318781852722,-0.111468704541524,-0.141367252667745,-0.0259666531036297,-70.8148243981483,-58.9024551471429,-32.598149094419,-60.8166387330914,-52.4583738205933,-38.2453804876208,-98.0055728141651,-118.506729955701,-68.0789185160601
28-Jan-2025 13:57:01,279,90,0.0534231302638849,0.410536672671636,0.0218353795508544,-0.93601006269455,-0.315873650709788,-0.14905413488547,0.0434952408075333,-54.9242822976271,-61.3752055217672,-35.6439099368104,-69.6651073047028,-86.4078052241215,-51.019854679625,-141.356217390013,-98.4063461096146,-54.8612888101438
28-Jan-2025 13:57:36,39,91,-0.0348132851223151,0.423997831344605,-0.0241616155952215,-0.985049700736999,0.0501673536996047,-0.115576818585396,0.11748339732488,-89.9662449822024,-74.5467624777291,-43.2313565381355,-116.79035518204,-137.074465602977,-78.2875394099771,-98.2369710125011,-36.6821339341461,-41.8249391267769
28-Jan-2025 13:58:41,99,92,0.0338563221196334,0.434354960918427,0.109664764503638,-0.975094878673553,-0.146579742431641,-0.0820234378178914,-0.144832709431648,-117.661727332737,-137.870789626129,-73.64347552399,-74.4011275413865,-67.2171070452518,-10.2128087515585,-136.737417966941,-125.382334103384,-75.9746887635622
28-Jan-2025 13:59:31,374,93,-0.0437001531322797,0.414655222495397,-0.00324305120545129,-0.974294567108154,0.219782453775406,-0.0477767802774906,-0.0127755371232828,-111.060386000534,-74.0617522133544,-46.2592692490626,-105.296492671348,-127.917051200373,-56.4350148649741,-59.6217701291219,-7.70145912659609,-40.6543357768839
28-Jan-2025 14:00:30,192,94,-0.0370661238829295,0.394138405720393,-0.00315939811989665,-0.973817221323649,0.179214083154996,-0.0874993746479352,0.109115534027417,-71.3053828752335,-61.6511394586047,-39.6514490754644,-98.7140198423755,-107.729077111097,-51.1269748263102,-46.4765773409968,-42.892483020273,-29.5472199626266
28-Jan-2025 14:01:20,354,95,-0.0053161608055234,0.399269507328669,0.0986253986756007,-0.981577754020691,-0.0542370428641637,-0.0706937814752261,-0.169014396270116,-98.4434678651748,-109.898027895115,-63.3747465321952,-48.5259045838382,-56.3620184478531,-5.55002913426224,-90.7975134857212,-71.258087763522,-42.3798185902906
28-Jan-2025 14:02:11,312,96,-0.0310434604684512,0.424297531445821,-0.0299273724357287,-0.971109278996785,0.0647753432393074,-0.126936036348343,0.191411032279332,-78.3069515859294,-71.031063190612,-43.9567147397908,-125.516570808216,-140.455190651521,-65.502930996493,-92.779794776395,-56.6134150557275,-42.1354043050224
28-Jan-2025 14:03:28,8,97,0.0772461762030919,0.425417902072271,0.0340381602446238,-0.967490975062052,-0.152942728002866,-0.0390205567081769,0.197603483994802,-58.1540674372903,-66.0700697112383,-39.1075295006771,-112.796584576346,-76.2158057034117,-44.4974826232861,-129.739013549331,-126.942722304713,-76.7751051844797
28-Jan-2025 14:04:12,309,98,0.0371049411594868,0.429691632588704,0.0936329916119576,-0.96811378399531,-0.228353815277417,-0.0590552739799023,-0.0843961884578069,-102.053831926192,-116.589284751943,-66.2114452039319,-74.4180858643088,-68.9500199642684,-46.8253642367541,-146.048450347903,-119.83025893056,-70.472549557501
28-Jan-2025 14:05:05,275,99,0.0125603201488654,0.413770135243734,0.0752444714307785,-0.953944396972656,-0.146515614787738,-0.104917208353678,-0.239824237426122,-118.637409046738,-85.1397403867956,-50.7846836044014,-50.511962163256,-67.3470685729546,-26.4051322742089,-122.886760323081,-83.0817581275712,-48.2634936776476
28-Jan-2025 14:05:59,348,100,0.0815000087022781,0.395832357803981,0.0450225385526816,-0.982376968860626,-0.134782475233078,-0.129035424192746,-0.0109121654182673,-58.5653422809212,-51.4329076674976,-29.8636960139599,-54.3208364729649,-58.8264781903734,-35.6813824271609,-94.5392918787242,-120.189190668335,-67.1332306865365
28-Jan-2025 14:07:29,233,1,0.000433901920526599,0.320584138234456,0.0415847492714723,-0.993812088171641,0.0232535891234875,-0.108549652000268,0.00371263662042717,-5.47500000000001,-13.2,-5.17500000000001,-5.55000000000001,-11.625,-5.02500000000001,-5.25000000000001,-7.12500000000001,-5.32500000000001
28-Jan-2025 14:08:00,251,2,-0.00282886866480112,0.327191535631816,0.0421767170230548,-0.993935187657674,0.0251068544884523,-0.105833041171233,-0.0161836753288905,-14.5306223403673,-19.6251276294559,-7.56040017400226,-8.93558488426441,-17.320339126602,-7.70175887704146,-11.0528934432886,-9.91583882850236,-6.99950329710144
28-Jan-2025 14:08:31,45,3,-0.00753939577067892,0.325402035315832,0.0287133575727542,-0.990376547972361,0.0691603461901347,-0.105672542750835,0.0566081620752811,-6.59816728975181,-15.783198420109,-7.77678304787715,-20.6519635967964,-22.3592226601757,-13.2491741071987,-3.60502750293495,-7.34555535923921,-6.79233321554355
28-Jan-2025 14:09:06,86,4,-0.0117093440145254,0.334236788749695,0.0478524560729663,-0.989128351211548,0.103800252079964,-0.103959201276302,-0.00656854178135594,-27.6244348538983,-27.376712541781,-16.0076290033278,-24.4722004298715,-18.3740145847919,-8.73597417238223,-6.80099024676566,-11.0145466048326,-7.83122796289957
28-Jan-2025 14:09:38,15,5,-0.0026512045878917,0.336531279484431,0.0314248944322268,-0.991488858064016,0.0060609714128077,-0.115857125322024,0.0590784353514512,-12.9107336271149,-22.587191420779,-10.9377630816441,-27.963984776748,-26.9690751062254,-15.5685664011646,-22.7160914924868,-13.3490234556333,-8.12100799052729
28-Jan-2025 14:10:15,178,6,-0.0169372065613667,0.343489829699198,0.0641356408596039,-0.988715624809265,0.094421648979187,-0.107914443810781,-0.043364342302084,-40.3577061474708,-49.9355805532295,-29.410324975969,-25.8265617178052,-23.6715515360252,-13.4482434216152,-16.2967926427533,-20.0638886963807,-13.7256416359546
28-Jan-2025 14:10:49,131,7,-0.0125530213738481,0.349565774202347,0.055318075666825,-0.992491328716278,0.0528138421475887,-0.110275630652905,0.00331036516775688,-36.6976728137976,-47.5874474998328,-27.8909378847507,-37.4682105457131,-27.0702945841266,-15.579833000476,-28.2019640491265,-22.2907132472622,-14.6056477808391
28-Jan-2025 14:11:17,115,8,0.0477617201705774,0.331526933113734,0.0484864853322506,-0.978038982550303,-0.176775817076365,-0.109775273998578,-0.0118107200910648,-0.375833658924392,1.36483376729484,-0.141323314806678,12.5650657659532,-0.0116026900138628,-0.515789739008337,-43.9563689675463,-37.9159189342493,-20.4382277757848
28-Jan-2025 14:11:52,199,9,0.008598451440533,0.355995148420334,0.0457726856072744,-0.993522222836812,-0.00303885168395936,-0.110733472307523,-0.025347762927413,-43.982010533778,-35.8790698100486,-18.8307955567124,-36.5018301027656,-31.7247955036039,-17.5342913646624,-46.0977552346153,-37.0824322016122,-23.9982333783253
28-Jan-2025 14:12:31,73,10,0.0224601620187362,0.356136184930801,0.0615207135677338,-0.978490229447683,-0.173114072283109,-0.0985423251986504,-0.0536453150212765,-32.7346776677817,-45.4907396195662,-24.6854234311746,-17.1627182939641,-29.0067016144653,-16.4587279999292,-70.2985986775068,-43.3695616290336,-26.8827068054063
28-Jan-2025 14:13:06,374,11,-0.00763641636197766,0.351902711391449,0.0493299553791682,-0.987959202130636,0.0763148585955302,-0.111107092599074,-0.0759468098481496,-52.3962737919425,-37.2944082642667,-22.384281140097,-30.5109321340318,-30.1130293363672,-18.0137632115383,-28.19243419768,-26.7291707657186,-17.6805904033728
28-Jan-2025 14:13:49,377,12,0.0326261853178342,0.343326803048452,0.0523220193882783,-0.984002232551575,-0.0913601075609525,-0.121506823102633,-0.092892753581206,-30.1816040988227,-26.0802808109133,-9.03875686545423,-5.03647798374817,-19.8099575951187,-12.3386898886511,-44.7443552305052,-40.9250778102078,-24.5131119421045
28-Jan-2025 14:14:31,237,13,-0.0164128841211398,0.360223491986593,-0.00443056005363663,-0.980006074905395,-0.0142316743110617,-0.130034695068995,0.149921877185504,-18.6175573070429,-39.8396750161315,-19.6721670070175,-57.465547835656,-73.4943301404229,-39.8295507481089,-45.3881075191812,-25.1550250661877,-19.018312891275
28-Jan-2025 14:15:04,1,14,-0.00971959220866362,0.359122027953466,0.0570264287292957,-0.980561240514119,0.0745355720321337,-0.0996216396490733,-0.151722306013107,-68.9668900761738,-43.515614157018,-26.935304086368,-27.1145185439845,-36.7224345005437,-21.4162512110024,-35.2328471214026,-28.488736360633,-20.2535931885182
28-Jan-2025 14:16:04,362,15,0.00839483309537172,0.366180324554443,0.025407887250185,-0.968535399436951,-0.0855860536297162,-0.109114287793636,0.206659890214602,-14.7324147873747,-40.3926347346815,-18.1128210459443,-69.3702521586763,-42.0258655206176,-20.9432137787469,-68.1619827741972,-31.2939765386863,-20.6543485188462
28-Jan-2025 14:17:04,274,16,0.0327252842485905,0.387621510028839,0.0655507981777191,-0.963874912261963,-0.235810466607412,-0.100458472967148,-0.0724341347813606,-59.6697260491458,-72.3147236847149,-32.2440186156091,-38.0926391676795,-5.61605759204306,-33.5765831025893,-109.196783582547,-69.2026609187431,-39.520908088801
28-Jan-2025 14:17:45,30,17,0.0208222464968761,0.369976194699605,0.0144105102866888,-0.976622168223063,0.0423711078862349,-0.07265185713768,0.197827034195264,-26.1789132757984,-13.7673232535524,-19.7041623389721,-78.6628827148313,-46.1464995052419,-42.8847080948736,-48.8804154987574,-65.3241295274603,-36.2490184747431
28-Jan-2025 14:18:27,399,18,-0.0262601800262928,0.376261492570241,-0.00354054865116874,-0.970460418860118,0.182194022337596,-0.0616624424854914,0.145635451873144,-48.9137070242058,-46.6039298864469,-24.0127534515337,-87.6193020217198,-75.2182532104411,-51.9029027919577,-30.8824549108489,-37.4945966815994,-24.7413059192464
28-Jan-2025 14:19:26,126,19,-0.0298600445191065,0.375347230831782,0.0699391116698583,-0.959726436932882,0.212807679176331,-0.0981817469000816,-0.154914310574532,-96.4169031860392,-65.8940452292059,-34.9955552427847,-52.2336528171451,-41.6194004287587,-10.1872355451731,-26.8730507496958,-32.270820732893,-20.8630451004242
28-Jan-2025 14:20:13,324,20,0.0553240187466145,0.394759213924408,0.0596160170932611,-0.971125829219818,-0.022970441232125,-0.162459996342659,-0.173187099893888,-95.6945608555544,-56.1338184914959,-28.0203774923614,-45.4599947715079,-49.9566917710803,-34.8713243468579,-83.3784958196738,-98.9617911427238,-56.7364074416014
28-Jan-2025 14:20:58,185,21,-0.0152776839211583,0.377126936117808,0.0476443832119306,-0.981988362471263,0.151224700609843,-0.107550583283106,-0.0355366875727971,-79.437913471139,-57.6301157730901,-29.8267930086542,-66.7725841492065,-46.5034445075506,-27.0207213466347,-42.1182151368142,-40.2677995861313,-24.7591492977157
28-Jan-2025 14:21:38,235,22,0.0143250841647387,0.412720276912053,0.0807013675570488,-0.931031962235769,0.00255734513824185,-0.128805003563563,-0.341441506147385,-140.376715966459,-80.8878771374539,-45.2581597122341,-44.4732378743708,-38.2103467122875,-23.3105353484247,-101.408312823767,-84.2077633726102,-46.9998525918108
28-Jan-2025 14:22:20,192,23,-0.00244499465140204,0.355742943286896,0.0719543511668841,-0.979341510931651,0.00116267651319504,-0.101125706732273,-0.175107072790464,-63.8234480168162,-52.3379409257805,-29.0611851644606,-13.2782008422009,-27.4813032882976,-15.7659456335046,-41.930207987777,-34.8226501508203,-21.2819072287077
28-Jan-2025 14:23:10,221,24,-0.0313801517089208,0.371797686815262,-0.0308770976960659,-0.979918702443441,0.0919862632950147,-0.102317526936531,0.144322619835536,-35.1510303539556,-37.9455743810344,-7.50343067170225,-70.1134988836833,-101.120670729393,-53.9575273531727,-35.0153973922245,-23.8031035499757,-22.6713715527644
28-Jan-2025 14:23:52,71,25,0.00430433520426353,0.379782787958781,0.0454803243279457,-0.980605324109395,-0.141438554724058,-0.109089378515879,0.0806712572773298,-42.3639196055142,-63.1935046287602,-29.871100489911,-62.8323206871714,-51.1909693990684,-29.9156159921094,-88.9042474614338,-40.0667418316517,-26.5397998103804
28-Jan-2025 14:24:39,235,26,0.0150057983274261,0.413795497020086,0.0924006218711535,-0.946038301785787,0.0534128901859124,-0.167287785808245,-0.272347950935364,-133.826728593035,-100.896111892894,-57.603998235159,-56.5662396122839,-57.7294725306707,-41.5560789759678,-92.2877988589577,-99.0090394613011,-58.0764949496024
28-Jan-2025 14:25:33,62,27,0.0560711249709129,0.392621243000031,0.0273659661412239,-0.982313251495361,0.0143479406212767,-0.052928338944912,0.179034780462583,-43.6841870701501,-51.3713145670015,-29.6917084358906,-92.7918555069271,-57.8684262581041,-35.5579733558013,-74.1503535509115,-102.902093678684,-58.5651070275801
28-Jan-2025 14:26:23,179,28,0.0780657062927882,0.382524118820826,0.0470624263087908,-0.989424252510071,-0.0977090770999591,-0.0901802947123845,0.0579665325582027,-38.7813950292831,-44.096655734433,-23.5374532885042,-54.4335413454893,-42.7531924331383,-27.8870850384353,-76.4926902668329,-106.203659880489,-61.0949524501846
28-Jan-2025 14:26:53,216,29,0.0420979318519433,0.402294911940893,0.0659083028634389,-0.954904055595398,-0.133330118656158,-0.162458002567291,-0.209734995166461,-100.608805885107,-65.1228120462132,-35.5337620428112,-41.4472099914021,-53.7312632971117,-29.9486782319484,-108.88447339575,-93.1226275048338,-53.4606608871759
28-Jan-2025 14:27:32,185,30,-0.0390363588929176,0.381399172544479,0.0787899692853292,-0.959523852666219,0.183176193634669,-0.116703748703003,-0.179278220733007,-101.458741002051,-82.9130780871714,-48.4120682182413,-48.9238921271433,-46.4218106977472,-27.7092886687718,-36.0077744907339,-23.8339996817995,-24.3985171438106
28-Jan-2025 14:28:17,334,31,-0.0235922837009033,0.374579985936483,0.0650735373298327,-0.990135061740875,0.0720067019263903,-0.114858355621497,-0.0354290020962556,-68.8961085365264,-79.489242471016,-41.8599385908503,-56.6169048141555,-43.775984581796,-26.26224558226,-48.7257974086393,-35.3277596211954,-24.6421838007956
28-Jan-2025 14:29:06,399,32,-0.0581125954786936,0.408895498514175,0.0147360285744071,-0.954284087816874,0.187810563047727,-0.155567613244057,0.172823109229406,-78.2566612992117,-105.189571458872,-55.0429271400763,-120.765248774389,-105.102356623331,-57.6662965537143,-56.4481675129984,-43.5009796511349,-4.28011712436328
28-Jan-2025 14:30:18,389,33,-0.0217705823481083,0.375987195968628,0.0839470982551575,-0.976511247952779,0.0110198831185699,-0.0875260214010874,-0.19657968878746,-85.4653162654394,-85.7569268285356,-44.5445561667463,-28.5561468382179,-42.5423115881295,-26.4082458256457,-59.604979441832,-35.3638657431509,-24.3887611388597
28-Jan-2025 14:31:11,299,34,-0.0324417827030023,0.390711973110835,0.0558780046800772,-0.955616354942322,0.242518040537834,-0.114709418515364,-0.121754531562328,-109.971066788219,-77.3652803121263,-43.1374946052861,-74.3130930001456,-61.2344456036767,-34.1075847540112,-38.8550307534203,-41.8033244393337,-26.7893769970202
28-Jan-2025 14:31:45,80,35,-0.0106262056777875,0.39764172633489,0.044507438937823,-0.980557763576508,0.0644386028250059,-0.104602248966694,-0.153011557459831,-108.963713981822,-71.5423323514222,-40.231539784785,-66.5803707944817,-71.693871137816,-39.9375717928555,-78.177813730244,-50.5810517715717,-31.6673222296527
28-Jan-2025 14:32:16,15,36,0.0649216666817665,0.410155085722605,0.0362948256234328,-0.949767514069875,-0.265431318680445,-0.0706048384308815,0.150009454290072,-2.17800609817587,-3.84127861641434,-4.04999943487925,-86.599519864694,-35.1685396584521,-19.7162701267336,-133.087553005283,-98.0083219280729,-51.8667250288331
28-Jan-2025 14:33:12,76,37,0.0323907233774662,0.400458965698878,0.0690519914031029,-0.953343327840169,-0.0200800577799479,-0.172383377949397,-0.24701681137085,-113.043628341853,-64.8904030056896,-34.8623968575582,-42.1181021833937,-53.1424774324774,-36.0022630197682,-91.7201587962194,-91.4010845583391,-49.5343321736732
28-Jan-2025 14:34:00,232,38,-0.0403647986551126,0.400809061527252,0.101374890903632,-0.969746764500936,0.0181460363169511,-0.0603217678765456,-0.235845824082692,-111.596551856541,-116.619573237243,-63.3270891808877,-44.1694200723676,-52.3427844293546,-37.54561811475,-77.5375191894392,-48.5950600705056,-29.760622438142
28-Jan-2025 14:34:59,252,39,-0.0471023586889108,0.415418525536855,-0.0274847620477279,-0.936904160181681,0.19101553161939,-0.117061594625314,0.26836591164271,-68.3698935189168,-80.3648940450827,-44.113105171435,-135.375453131705,-123.113297622937,-71.5907774926641,-60.4682259361173,-49.0175244201392,-35.6373078500024
28-Jan-2025 14:35:59,146,40,0.0422225904961427,0.406869039932887,0.0603154843052228,-0.951978941758474,-0.188154350717862,-0.150150581200918,-0.189179484049479,-99.8987419120944,-63.0463778430242,-36.8858835601037,-45.728471978259,-65.0109169810609,-39.0823972586712,-121.505770986992,-85.0507829019568,-54.1495224058176
28-Jan-2025 14:36:41,255,41,0.00444151104117433,0.381909052530924,0.0564260559777419,-0.975999160607656,-0.195014804601669,-0.0935371642311414,0.0254106849431992,-47.9265711735362,-69.3749852055054,-38.9843408061591,-51.2790773565124,-49.1105559656237,-28.8592571143909,-99.3704779467116,-44.5690243280136,-28.174571096265
28-Jan-2025 14:37:23,357,42,-0.0098508449892203,0.356985898812612,0.0371170831223329,-0.982367670536041,-0.148254409432411,-0.11351927369833,-0.00936904326081276,-30.2177662940878,-53.6296935505265,-28.6687062610417,-24.9115715240111,-56.9700355251096,-33.0424515758182,-67.1335333730169,-24.8710827119258,-17.1109987768952
28-Jan-2025 14:38:17,102,43,0.00504092440629999,0.399924598137538,-0.0206962094952663,-0.975627966721853,-0.0435309944053491,-0.13846925397714,0.164564276734988,-51.006896527912,-53.4300803866542,-36.3227766090627,-93.5386819635129,-115.806373513465,-67.1752191996094,-88.1919254558916,-75.9246247460903,-43.1308403270859
28-Jan-2025 14:39:30,115,44,-0.0381394684314728,0.386039936542511,0.102864036957423,-0.988652420043945,-0.0415907181799412,-0.0500160897771517,-0.135406896471977,-79.1279327744059,-110.984315706234,-63.2892499185552,-37.3382770443359,-46.2979467041201,-32.6907222944672,-73.7505521049833,-38.6069833986617,-24.7309721046495
28-Jan-2025 14:40:10,51,45,-0.0307756145795186,0.404284644126892,-0.013549625625213,-0.972576280434926,0.180177203814189,-0.0775364905595779,0.12497869481643,-81.5063294679792,-62.4051619923186,-37.7442792896584,-111.04218288585,-107.783602107732,-64.5683366492487,-59.4965002403639,-50.8138375580021,-32.9763038131687
28-Jan-2025 14:41:01,212,46,-0.0549529388546944,0.424298705657323,0.107547558347384,-0.927551857630412,0.127139917016029,-0.0377203392485778,-0.349371121327082,-156.525165260361,-127.403781014352,-70.9517876870512,-59.3593973070318,-67.3074672982293,-47.0585583433298,-78.944716981969,-56.03132999356,-30.5293981177173
28-Jan-2025 14:41:47,329,47,-0.00631735865026712,0.395964485406876,0.0828559706608454,-0.943430240948995,0.0937656760215759,-0.10952895283699,-0.298581353823344,-123.680395754487,-83.9849809580219,-49.0498795047199,-40.3697140574566,-53.5794096604342,-16.6745664764945,-67.6728796501471,-64.3311317264865,-35.2423654302115
28-Jan-2025 14:42:37,120,48,-0.0205765241136154,0.389093953371048,-0.0132486626505852,-0.988657430807749,0.0282525841146708,-0.114554846286774,0.0929274852077166,-58.5131182862181,-52.1258090200252,-32.452567847683,-79.4398573544088,-106.126231966598,-51.5790244946524,-66.8290817980031,-41.5322891182656,-29.9280057381606
28-Jan-2025 14:43:22,316,49,-0.0394848853349686,0.389342629909515,-0.00851041345546643,-0.982861495018005,0.155667435129484,-0.0740706433852514,0.0653034001588821,-70.2775765878648,-61.4832846456646,-37.0643969987162,-84.6902458863233,-109.199609895073,-56.5731910736605,-43.9379775481056,-40.6854656455853,-28.7640789900833
28-Jan-2025 14:43:48,175,50,0.0440499109526475,0.377819303671519,0.0111371796578169,-0.986203916867574,-0.0105524724970261,-0.0800996745626132,0.144480428099632,-15.8160206577566,6.48538126777899,1.36837932022155,-71.7214431134811,-71.262363258154,-38.5558175312636,-60.9239587250813,-85.2224197041391,-45.3848094821689
28-Jan-2025 14:44:38,221,51,-0.0310198090970516,0.359359312057495,0.0692622115214666,-0.979548172156016,0.157360370953878,-0.122739476958911,-0.0256539254138867,-58.4780296981107,-70.2308251679034,-36.1233068776735,-48.284040712703,-31.6772990217587,-12.7967149622592,-19.2866034059353,-22.9683112198247,-16.2791866325777
28-Jan-2025 14:45:29,395,52,-0.00829595749576886,0.403154102961222,-0.00169084940571338,-0.931417640050252,0.00977832358330488,-0.142917242646217,0.33457474509875,-40.3252140017428,-61.7221454484511,-34.7638207746913,-126.345787976709,-86.4056551062638,-46.2431700458254,-85.2550505924779,-50.3470903532424,-33.6323541622864
28-Jan-2025 14:46:10,276,53,0.0259065927316745,0.391572644313176,0.0414603794614474,-0.983948361873627,-0.0703260352214177,-0.103071130812168,0.12757859826088,-52.476742673329,-58.615415495233,-33.9165246334959,-85.5394875711113,-55.9610443913353,-33.2831451660595,-90.1004037758362,-68.4743924642705,-44.9115361563423
28-Jan-2025 14:46:56,389,54,-0.0442508310079575,0.406181806325912,0.10301188925902,-0.964953645070394,0.0371910328666369,-0.0532037061949571,-0.254264968633652,-121.78029394827,-117.755945182771,-65.2582627586092,-49.5994310248263,-55.6776954147159,-38.6910497802362,-79.6204919051324,-48.429550673031,-29.3528195936311
28-Jan-2025 14:47:36,39,55,-0.0254750705013673,0.385989220937093,0.0497001501421134,-0.990214594205221,0.0730602085590362,-0.11714427669843,0.0203598576287429,-74.49078642465,-86.1881412180879,-45.6541283540166,-75.837312863139,-60.4538151973245,-38.1354301598608,-61.7685700077274,-41.0234152728123,-26.6506349970526
28-Jan-2025 14:48:20,360,56,0.0325075040260951,0.373767288525899,0.0573525155584017,-0.992233494917552,0.0504075221717358,-0.113716811935107,0.000567954072418312,-58.4516664684986,-61.1385125676331,-33.0187884636888,-57.1900367683452,-40.1950691262739,-26.0838080145204,-49.9498809523136,-79.8843722489728,-46.0936456829235
28-Jan-2025 14:49:00,24,57,-0.0520084078113238,0.386431916554769,0.0906163255373637,-0.971705969174703,0.143662625551224,-0.102013264099757,-0.157295580705007,-97.5677063965762,-108.085777526477,-59.3089585871991,-51.2089122371631,-55.7390439692552,-33.7039713077427,-42.6968042380714,-36.9221046052324,-26.0655783865874
28-Jan-2025 14:49:37,50,58,-0.0429305831591288,0.380635819832484,-0.0210375885168711,-0.973613258202871,0.106362135211627,-0.121457121272882,0.16128392914931,-41.6933818865761,-62.9043364974467,-33.4617741429211,-82.1765926269882,-108.414866896743,-55.638737955545,-39.9800513970567,-29.55168783207,-6.59217051096584
28-Jan-2025 14:50:28,253,59,0.0049518241857489,0.365044416983922,0.0544330435494582,-0.974082827568054,0.0662587513526281,-0.114936355253061,-0.183199621240298,-78.2548721444358,-44.3036087837013,-20.8120814772396,-28.1332216304815,-40.8490067017055,-24.0831386061286,-42.0490080264653,-47.7643365613438,-23.9707982871558
28-Jan-2025 14:51:09,149,60,-0.00410586365809043,0.420414686203003,-0.00591964361568292,-0.91704701979955,-0.0216816779226065,-0.128407727678617,0.376916629076004,-47.5239053486406,-51.4635423018204,-38.5107475678357,-145.467027879051,-97.6091768939681,-55.9452528122518,-107.169002165051,-65.0707062473953,-41.5284985718987
28-Jan-2025 14:52:05,128,61,-0.0465340626736482,0.442440597216288,-0.0441395339866479,-0.873269728819529,0.154953013857206,-0.151996976137161,0.436218406756719,-59.5226928606801,-78.9711898525334,-42.214880736542,-177.224236879649,-137.298049747175,-79.1341635214331,-85.9187673268113,-58.624681701761,-19.648703747522
28-Jan-2025 14:52:51,319,62,-0.00187801294183979,0.41050481001536,0.020941278586785,-0.988171092669169,-0.0866877183318138,-0.126024944583575,-0.0109933490554492,-89.8590703133894,-67.9189189245271,-38.9468183589733,-85.9244745959598,-101.573855072156,-57.889721714972,-110.206757008747,-63.7099696668847,-39.2708748440636
28-Jan-2025 14:53:46,121,63,0.0775228157639503,0.432962101697922,0.0191782087087631,-0.944196820259094,-0.289102427164714,-0.130246889591217,0.0891511902213097,-68.7702729773515,-63.0727757988818,-40.1663989814571,-97.1764374783477,-105.269111457409,-59.7347933152118,-155.318807455389,-129.761765952712,-73.2251521860562
28-Jan-2025 14:54:27,243,64,-0.0390452668070793,0.427872089544932,-0.0412582675615946,-0.932048956553141,0.119798376659552,-0.134459056456884,0.314410328865051,-66.3109965779864,-70.3032860343609,-41.1380612673519,-147.663402599648,-134.837432817543,-80.8902567745876,-83.5447083768736,-48.1803366899155,-40.2837082296995
28-Jan-2025 14:55:24,185,65,0.0101641957958539,0.412354413668315,0.07447483142217,-0.980002991358439,0.105714197953542,-0.132404780387878,-0.104343785345554,-117.28039607749,-93.3675482449735,-55.7453707753803,-88.1409587068925,-69.9521391191532,-41.9302361336906,-83.773236884596,-93.4419943597379,-59.7236472207757
28-Jan-2025 14:56:03,118,66,-0.0161010649055243,0.36898122827212,0.0118866924196482,-0.993131073315938,0.00855607129633427,-0.103295727570852,-0.0542909177641074,-59.4056770889713,-43.053898788996,-22.9444756204962,-41.2531921261765,-80.405238974086,-44.50393953705,-52.1947260159168,-33.023154959846,-22.4121229706558
28-Jan-2025 14:56:46,333,67,-0.0249554427961508,0.386244946718216,0.0737129946549733,-0.942472434043884,0.218206164240837,-0.117852563162645,-0.224148548642794,-115.989833948529,-73.3589108809575,-38.8669833314353,-52.4376688622232,-49.3505444451927,-31.2672058889554,-37.4995134535066,-46.8229185065932,-28.6279893473484
28-Jan-2025 14:57:38,229,68,0.0832159052292506,0.415580962101618,0.0520969107747078,-0.942773910363515,-0.249983996152878,-0.185987544059753,-0.118718267480532,-84.0295267729888,-58.8116815237106,-29.0089960637864,-50.8656015296784,-62.0190600564416,-44.0648970812522,-133.677502111694,-119.550494975291,-68.5803964618528
28-Jan-2025 14:58:32,29,69,0.018010030562679,0.431231047709783,-0.0332330753405889,-0.943420561154683,0.132609775662422,-0.0174972100804249,0.303424072265625,-68.5936951381222,-27.246992044552,-39.3312066877018,-152.38563168804,-123.526010156935,-75.2593304828419,-88.5649502411079,-114.944573374207,-63.2934867593951
28-Jan-2025 14:59:18,107,70,-0.0486433121065299,0.415961712598801,-0.0256466114272674,-0.977684191862742,0.189084455370903,-0.0419279960294565,0.08138045022885,-94.799190107541,-66.6559211541789,-49.0632189039224,-113.529735108717,-135.62786041329,-81.3060047663507,-63.0814199866639,-61.5061253619533,-35.1200582819704
28-Jan-2025 15:00:06,69,71,0.0353164054453373,0.399112021923065,0.00851624098916848,-0.97813892364502,-0.125367633501689,-0.115692433714867,0.118922234574954,-51.2962673063254,-54.7114587491431,-32.1798845847004,-84.4710850708668,-95.6819509318455,-56.2685476558869,-102.174820357696,-89.7370817784445,-53.2710573071597
28-Jan-2025 15:00:40,225,72,0.0170433521270752,0.417909101645152,-0.00506345878044764,-0.993043927351634,0.0568542242050171,-0.0810127149025599,0.0637835562229156,-93.4143978972024,-32.580760914755,-42.5288329814743,-107.786754059904,-123.991028220781,-71.5106839878033,-90.8170730758392,-106.44132819388,-62.1232897956692
28-Jan-2025 15:01:39,81,73,-0.0555969019730886,0.404969888925552,0.108379022777081,-0.930563048521678,0.18938162624836,-0.0784249310692151,-0.303375309705734,-135.460456161563,-109.179783193827,-71.3749019886245,-51.7531145350183,-57.4998919392665,-36.3483239014006,-50.4300719969662,-46.8289819014285,-26.8440805004695
28-Jan-2025 15:02:24,197,74,-0.00525473275532325,0.382818160454432,0.087090843419234,-0.98421558936437,-0.0549092642962933,-0.0709848374128342,-0.152531499663989,-80.6746893458554,-87.7525317542009,-57.2923478544229,-36.5932170464096,-48.1608024182903,-15.3156758198941,-76.2948468756481,-58.6817768549245,-31.5792525545349
28-Jan-2025 15:03:14,292,75,0.0413497559726238,0.359825511773427,0.0438086646298567,-0.981913510958354,-0.143751068909963,-0.113705777128537,-0.0474606461822987,-36.5295146630375,-36.8770261908488,-19.3441496449377,-21.0968900235993,-40.7841602430152,-21.494821851133,-67.4432814429976,-62.7694719693716,-34.9140061798025
28-Jan-2025 15:04:16,382,76,0.00467070431138078,0.426319926977158,-0.0343686280151208,-0.958973296483358,0.062639844417572,-0.064418126642704,0.268880653381348,-66.3639064589982,-63.0190351006765,-40.9370695874441,-138.017164885204,-133.402777279877,-75.2900021304995,-95.1935983639599,-99.0312310702218,-56.2049769657469
28-Jan-2025 15:05:03,305,77,-0.0383669048547745,0.413582628965378,0.0615506559610367,-0.980973076820373,0.124160552024841,-0.125509179631869,0.0807678610086441,-96.9223323315489,-110.139585336859,-65.816063121966,-113.812258946732,-79.6223895481071,-47.5505048177161,-79.631840251714,-58.7825042527266,-11.5434198473925
28-Jan-2025 15:05:41,33,78,-0.0482188741366069,0.406798932949702,0.0820149923364321,-0.988610549767812,0.0869406819343567,-0.10686630209287,-0.0605817832052708,-101.452767430525,-121.803483759461,-68.8733766505116,-83.8286405057235,-78.9809515539002,-44.6461392061931,-74.9591885990452,-49.7964920458707,-35.5603219981908
28-Jan-2025 15:06:15,376,79,-0.0391875689228376,0.420709651708603,0.0301804482936859,-0.944800086816152,0.314615227778753,-0.0910305644075076,0.0091383380194505,-126.623408472299,-91.2388353082703,-53.5593944489479,-126.290442673607,-94.1492630307807,-52.7441315028327,-56.7502529178661,-44.3921064383894,-39.4687431869725
28-Jan-2025 15:07:14,390,80,0.0983759452899297,0.405272648731867,0.0520230906705062,-0.950667667388916,-0.271068227291107,-0.150514294703801,-0.00992344773064057,-50.8727267400566,-56.6527902197126,-26.4923519160008,-50.7283777122644,-52.8768191507876,-38.2066368412519,-120.783227096596,-119.638006990536,-72.7013094586233
28-Jan-2025 15:08:44,243,81,-0.036417760203282,0.428385132551193,-0.0345238899191221,-0.909637109438578,0.282508154710134,-0.0368830067416032,0.302306385835012,-80.5665750877975,-65.7663200699654,-38.8090707246626,-160.255987870305,-126.157297883378,-71.5682037246247,-56.6864763457775,-61.6820800802921,-41.5001178791596
28-Jan-2025 15:09:23,383,82,0.0548714642723401,0.432890297969182,0.092489267885685,-0.963253072897593,-0.195056650042534,-0.106339778999488,-0.150958030422529,-114.430870583342,-106.78203021547,-62.6177029231619,-68.6992304603231,-36.3924330626549,-25.7047352567809,-141.375646070855,-128.244531888844,-75.4530299052435
28-Jan-2025 15:10:30,133,83,-0.0480739961067835,0.398365863164266,0.0955088535944621,-0.949648189544678,0.180621569355329,-0.102026079595089,-0.234808181722959,-121.455943954578,-106.524188489111,-58.4194477533703,-55.4024710906695,-53.0189492021968,-35.3452524283252,-42.455684767809,-44.8876135936719,-27.9781909490758
28-Jan-2025 15:11:08,361,84,-0.0522605240345001,0.421286406119665,0.0328981230656306,-0.949039181073507,0.274106975396474,-0.124171050886313,0.0936566958824794,-113.198989379701,-111.539169702956,-64.7520536114885,-132.242451063565,-96.6957367176314,-57.8195581414308,-53.3010964592677,-56.9586792357838,-37.4253162703426
28-Jan-2025 15:11:56,1,85,0.078341377278169,0.416070109605789,0.0262867759913206,-0.976261154810588,-0.16643726627032,-0.102456183731556,0.0933572396636009,-62.0091027781154,-27.9177522312306,-39.1245763015454,-89.7682218018223,-88.4484439271905,-50.3595415242265,-116.001711702989,-129.823240799974,-74.6465671028655
28-Jan-2025 15:12:59,194,86,-0.0381144071618716,0.402385715643565,0.060052652657032,-0.952375181516012,0.274152974287669,-0.127445454398791,-0.0397414267063141,-113.507106123906,-82.7228628239761,-57.0327373445012,-98.6606521883095,-63.0147770446737,-37.1760130055992,-37.7847604952548,-53.2089457949736,-30.2103946592016
28-Jan-2025 15:13:40,59,87,-0.0374351861576239,0.397290350993474,0.0245425302535295,-0.989918740590413,0.0393759173651536,-0.125506949424744,0.0525209851562977,-76.3608631441169,-89.690233217171,-57.1726274181956,-87.1856899401967,-100.480150660238,-56.8912542785024,-71.1952122444423,-47.7479770383042,-32.5312998140908
28-Jan-2025 15:14:33,126,88,0.0791349142789841,0.411668252944946,0.0496898179252942,-0.91278129418691,-0.369187766313553,-0.165077107151349,-0.0572734080255032,-62.8192052221575,-22.6060620809296,-30.9163397879329,-49.2821110402163,-59.2791407059275,-39.777222033217,-147.06054121997,-101.801911172909,-62.4916571473147
28-Jan-2025 15:15:19,69,89,-0.0164115446309249,0.406773259242376,-0.00353158057356874,-0.988849707444509,0.00422816894327601,-0.122871199746927,0.084030037621657,-78.5258195482387,-62.1201761133657,-38.3589984473801,-97.4372473821176,-107.974041524687,-64.9856114828323,-88.7366295756344,-60.3880453288848,-40.2316220325642
28-Jan-2025 15:16:00,238,90,-0.0312138997018337,0.414489285151164,0.0971030473709106,-0.951879894733429,0.0124112258975705,-0.0454424897829692,-0.302829458316167,-137.042743644112,-112.671252993881,-62.8659846968312,-51.7872578927958,-65.9937735081754,-43.3270939822727,-92.3101971987486,-59.1394633859933,-38.2569269523276
28-Jan-2025 15:17:09,264,91,-0.063368946313858,0.442311571041743,0.0248875175913175,-0.943177616596222,0.32314417163531,-0.0499439636866252,-0.0591561496257782,-153.603415503746,-120.361298283535,-66.6954504847575,-136.615372056454,-126.644548869443,-68.4745091552569,-58.9956572028598,-63.7930534399384,-43.6897391634069
28-Jan-2025 15:17:46,140,92,-0.0170795233299335,0.443529113133748,-0.00893511126438777,-0.944696446259817,0.00594790549948812,-0.137648635109266,0.29760063290596,-86.2979183211187,-96.0772019980359,-54.4897593313379,-160.795829843045,-129.262582674222,-69.5761752216023,-117.948412438389,-73.9777588088061,-47.7292358576747
28-Jan-2025 15:18:44,22,93,0.0600953509410222,0.433583388725917,0.0860854933659236,-0.954302163918813,-0.292643398046494,-0.0542262335618337,-0.0269592611740033,-89.7323608574722,-115.469690789001,-64.7394778856915,-76.5460700081731,-70.2792337125641,-50.8411209869574,-149.304841904677,-127.093734527428,-76.2960913861091
28-Jan-2025 15:19:35,19,94,-0.0386898716290792,0.380305393536886,-0.0371392284830411,-0.978635199864705,0.0608732764919599,-0.116441491742929,0.15814235607783,-31.8953591493162,-49.7473429564758,-28.5548286712238,-76.4545254635122,-113.585534477297,-69.1723691147751,-35.0900696001434,-34.9545719188555,-25.1557315387434
28-Jan-2025 15:20:24,23,95,0.00832389139880737,0.403916229804357,0.0638704185684522,-0.944008652369181,-0.170919413367907,-0.0991493652264277,-0.264203768968582,-111.834923101093,-64.8892758989278,-39.0695767573179,-37.0096531549392,-64.582748229684,-39.5155441276645,-110.154888231132,-57.1518814424818,-32.2120162929877
28-Jan-2025 15:21:47,29,96,0.0947774266203245,0.408904763062795,0.0497434524198373,-0.933803896109263,-0.32998347679774,-0.136987106998761,-0.0188612240056197,-51.2156464986988,-54.7964083777265,-26.5065605804668,-48.9974767414896,-52.4339254770239,-39.9499435959986,-128.543627547778,-117.413796122677,-64.0083154056168
28-Jan-2025 15:22:25,7,97,0.0549364979068438,0.4301147600015,0.0612175988654296,-0.976098748048147,-0.05383280813694,-0.159076665838559,-0.137941778699557,-123.06861075616,-80.3102577825163,-42.4403144257441,-84.147309097213,-70.4027475808756,-49.936380421264,-116.089801528968,-132.515784401596,-74.4521007823496
28-Jan-2025 15:22:57,390,98,-0.00521580399945378,0.404510754346848,0.0815508062640826,-0.941515143712362,-0.0374438380201658,-0.099797252813975,-0.319668143987656,-126.94490269178,-79.9788240429524,-41.1934552518996,-21.6643861098203,-24.6197574326056,-19.813841358295,-90.8096618299331,-59.3541706926435,-38.1481326710059
28-Jan-2025 15:23:40,294,99,-0.0550815251966318,0.41285297870636,0.0799003312985102,-0.961171293258667,0.20821365515391,-0.113016759355863,-0.141506446401278,-127.295978545636,-122.236567068406,-66.6039743435373,-86.792620300392,-73.6338696146241,-45.3400941858294,-52.0227130974847,-51.4565454008566,-35.109958127621
28-Jan-2025 15:24:25,301,100,-0.0587728078166644,0.408170368274053,0.0400641279915969,-0.972558315594991,0.17517399986585,-0.137533156077067,0.0672984863320986,-93.8741018378007,-118.51457928772,-64.4949978581117,-105.977543982982,-96.9270772974394,-57.6574900109616,-51.2697852051193,-47.7518265035556,-34.9991113456865
28-Jan-2025 15:25:56,14,1,0.00308423597986499,0.322619428237279,0.0425382008155187,-0.993798486391703,-0.0069407733467718,-0.110956385731697,0.002261799822251,-5.92500000000001,-16.0499999999999,-4.65000000000001,-5.32500000000001,-12.675,-5.10000000000001,-6.37500000000001,-7.42500000000001,-5.32500000000001
28-Jan-2025 15:26:27,48,2,0.00941428982963165,0.326541433731715,0.0443910241127014,-0.993733076254527,-0.0229656009624402,-0.109393461048603,0.000516111066099256,-8.29511988568344,-13.9638165468042,-7.75456326964526,-7.53675342669279,-13.3890752864272,-5.98594517185639,-12.526151483955,-13.194663944961,-11.2512348460745
28-Jan-2025 15:26:59,105,3,0.00448689153417945,0.333724719285965,0.0405336625874042,-0.992878103256226,-0.0356535357733568,-0.112725372115771,0.0146602462977171,-13.2329331245798,-22.3761664732189,-10.1181998839315,-15.6372212677487,-21.4531700204263,-10.6785802028946,-22.304604333149,-13.7850734410368,-11.7007753961315
28-Jan-2025 15:27:37,358,4,-0.00536098222558697,0.336480661233266,0.0448874575396379,-0.990324393908183,0.0375468286375205,-0.107925448815028,-0.0787400255600611,-35.325951748374,-23.6194714796118,-8.98679653046622,-12.1048768434869,-21.4208571228053,-12.5984357154616,-14.1146935516087,-11.6236586138827,-7.31544516832965
28-Jan-2025 15:28:17,389,5,-0.00558139597997069,0.342159432172775,0.0303408810247978,-0.979751686255137,0.108056323230267,-0.10894939750433,0.128610084454219,-17.913935367011,-26.4332647037949,-11.0955415415009,-50.0072342329422,-26.2407962104121,-11.3672902262473,-8.42046699847571,-15.4679918739761,-12.3136744897563
28-Jan-2025 15:28:49,398,6,-0.0047844344129165,0.347218177715937,0.0230723684032758,-0.990853643417358,0.0609446741640568,-0.108105105658372,0.052992190917333,-28.4061179012345,-29.8841837593089,-12.1208227555855,-41.3028687893619,-43.1208908735237,-23.5731705359135,-19.7453269610636,-22.6320794811542,-16.2326529867614
28-Jan-2025 15:29:24,139,7,-0.0222462239364783,0.349699727694193,0.0563208361466726,-0.99232165813446,0.0299280432363351,-0.0946638186772664,-0.0737620174884796,-43.8272948130059,-50.5466481839169,-28.3040384534811,-23.3178334821734,-37.569872835296,-21.3451526358329,-25.6814356651763,-17.1574531936232,-8.20337816617394
28-Jan-2025 15:30:04,117,8,0.020143095155557,0.336513785521189,0.0451402922471364,-0.985157442092895,-0.130420792102814,-0.107045087218285,-0.0315689379970233,-14.5575801833506,-22.4829201637017,-7.58233022322105,-5.4494285775883,-19.0181387973913,-10.6397033606132,-40.0787377100912,-23.0064994970717,-13.1910776876121
28-Jan-2025 15:30:38,75,9,-0.0266760056217511,0.347450218598048,0.0605291269719601,-0.990483204523722,0.0703387732307116,-0.101707019408544,-0.0604252594212691,-42.2448394901208,-59.8445781667855,-28.7019358665917,-24.6484699478222,-34.7522932917124,-19.7506842027274,-17.3049805751056,-15.6339169027996,-12.7575767041798
28-Jan-2025 15:31:20,298,10,-0.00711698224768043,0.35212632616361,0.0442206357916196,-0.987086693445841,0.108018694321314,-0.107901544372241,-0.0484677344560623,-52.233739123676,-38.5332254877558,-16.6651287998478,-38.0002240819325,-31.4838241557961,-16.7378823841027,-18.926005059176,-22.1281155085018,-16.9055521157393
28-Jan-2025 15:32:02,288,11,0.0667144417762756,0.363666021823883,0.0499592011173566,-0.981833016872406,-0.1316704839468,-0.130664092302322,-0.0399218939244747,-35.403531882715,-32.4699676099486,-17.108552831594,-22.5527757453526,-34.156679896961,-21.9631420091502,-61.8122986801681,-82.8191335582039,-46.2046200056331
28-Jan-2025 15:32:44,76,12,0.0518888153135777,0.361888351043065,0.0497652019063632,-0.970405387878418,-0.208903985222181,-0.117930434147517,-0.027658083041509,-28.8136862873088,-35.1449112891953,-15.8894217344358,-20.2287500744114,-30.1342352443628,-19.7772105696764,-75.9990769239712,-64.8635435030691,-36.6094712738445
28-Jan-2025 15:33:25,174,13,0.0276190226276716,0.372109735012054,0.040856996178627,-0.993861961364746,0.0131138424078623,-0.103011505305767,0.0381453605989615,-50.3078896821229,-43.8928048432334,-21.7298259723458,-59.9171818808414,-41.5787707266663,-25.5693812062897,-54.4000232054537,-68.403878834241,-39.3907222548139
28-Jan-2025 15:34:03,19,14,0.00319896258103351,0.363962924480438,0.0565287577609221,-0.987861959139506,0.0378586354355017,-0.113253992795944,-0.0993430579702059,-65.1567376311604,-47.7549903539956,-25.391485392012,-35.8159887483751,-35.8618598136251,-20.4807151313391,-42.4078831813834,-47.3944194320558,-27.6513721452523
28-Jan-2025 15:34:40,263,15,-0.000569412946545829,0.366147569815318,0.0368036496142546,-0.9928662220637,0.0319200543065866,-0.111161739130815,0.0289981129268805,-50.8722579918402,-43.8962705819162,-20.5352792915619,-55.508818468125,-42.6935464697163,-25.2893236036169,-46.6018715053919,-37.4727177465967,-23.9435815517354
28-Jan-2025 15:35:21,313,16,0.0236698710670074,0.366118915875753,0.0276628160228332,-0.983723107973735,-0.121826107800007,-0.127565900484721,0.0342668443918228,-35.3330040392721,-38.2196958501374,-19.3298353933826,-41.3082734432487,-52.9915277011219,-29.0184633663514,-69.1791926951666,-53.7234513205034,-31.9292450382107
28-Jan-2025 15:36:03,346,17,-0.0232989038030306,0.375077346960704,-0.00722644276296099,-0.934049944082896,0.159285186727842,-0.103366927802563,0.302480113506317,-25.3227648658505,-43.4247998610472,-23.6496847944576,-102.987184450794,-68.3477651641731,-38.8000323331575,-25.9455513548415,-32.4417922322488,-22.419439505609
28-Jan-2025 15:36:51,315,18,-0.00476191329459349,0.365286306540171,0.071617495516936,-0.99489198923111,0.0085087800398469,-0.0985973596572876,-0.0199025591214498,-48.9473213322405,-73.1222590636362,-41.2251175165585,-42.7994564405959,-36.4695433900983,-23.2307009867564,-43.8617331414439,-47.7011514778314,-28.8451855571594
28-Jan-2025 15:37:35,174,19,0.0125862746189038,0.377688572804133,0.0338531168798606,-0.988628550370534,-0.0143999664733807,-0.0974541306495667,0.113617559770743,-44.3468240062586,-51.2940073560059,-25.2362737126777,-74.2037042952198,-47.8592322298886,-29.9848656665014,-65.6359115174756,-55.8071584059625,-33.058152725136
28-Jan-2025 15:38:12,140,20,-0.0196948806444804,0.377674527963003,-0.0268035250405471,-0.975654443105062,-0.0143360291918119,-0.132746152083079,0.173986793557803,-24.1894163173293,-33.9462601633945,-16.5225573453567,-74.0187795825494,-99.5607570568126,-56.1253044139056,-55.2800888575779,-33.4360314060787,-25.5750872811668
28-Jan-2025 15:38:55,23,21,0.0319422957797845,0.372593583663305,0.0375241500635942,-0.976519525051117,-0.147075631221135,-0.100055307149887,0.121520914137363,-26.8340336051199,-43.9488325127861,-21.5455387003737,-60.0828877638891,-44.9305185520932,-25.2841398943456,-79.6510243516541,-57.5758413601283,-36.4628578520067
28-Jan-2025 15:39:37,328,22,0.000964920707823088,0.377735765775045,0.0573774966100852,-0.992423852284749,-0.056731225301822,-0.106026644508044,0.0251962086806695,-52.4762835758581,-69.2767704704429,-35.191144279876,-60.0850388103536,-45.2049047575497,-28.9040993739868,-72.462343992211,-51.9526196213102,-30.7684687900186
28-Jan-2025 15:40:31,43,23,0.00164472196095934,0.384889209270477,-0.0064820599121352,-0.99294912815094,0.0769345760345459,-0.0900534609953562,0.00484905789295832,-65.8721264449655,-47.4859127834051,-31.2252821847559,-68.7106049463315,-105.36250431527,-58.2380307893661,-50.1847548941946,-74.0809049140332,-40.2674707881528
28-Jan-2025 15:41:06,3,24,-0.0255837917327881,0.378613440195719,-0.0258456596483787,-0.958057916164398,0.126971555749575,-0.0974441836277644,0.237713907162348,-31.2910677521205,-29.3998269062939,-19.3067634011327,-93.7610196261487,-92.8737144308851,-52.1059424461658,-32.5628627205917,-36.0285699199637,-25.8934737477371
28-Jan-2025 15:41:49,111,25,-0.0159102966388067,0.364777024586995,-0.000490613646494846,-0.980242764949799,0.0562983612219493,-0.111094164351622,0.153664311766624,-29.2501010758088,-37.0698809769753,-19.2653622148632,-68.332768249961,-74.7831955357828,-41.2031459990345,-34.9636501158222,-30.8114722040137,-20.5098198189953
28-Jan-2025 15:42:29,378,26,-0.00624135416001081,0.376006982723872,0.0367709713677565,-0.992033469676971,0.0716208497683207,-0.103430385390917,0.00649782493710518,-66.2507702323469,-47.8468996254328,-23.4804672439939,-65.8965906739137,-53.2366808352091,-32.4034299646645,-50.250110648642,-39.0912933085915,-23.5769876516078
28-Jan-2025 15:43:03,270,27,0.039886936545372,0.39389408826828,0.0195608622084061,-0.980692720413208,-0.128098277250926,-0.122465767463048,0.0826728771130244,-52.726152334816,-52.7836078301864,-29.5460231052813,-75.2628454634829,-81.833463462158,-47.184995842557,-95.4024807293594,-85.7428286969027,-51.3752878923848
28-Jan-2025 15:43:49,155,28,0.0462862821916739,0.392624791463216,0.0214881870895624,-0.992769662539164,-0.0156464545677106,-0.0933013195792834,0.0738817696770032,-59.0424561178831,-50.6180155817598,-31.52873855264,-79.1804925314324,-82.7274012399398,-43.7029627057742,-75.1909241321282,-101.069567051027,-57.254334034875
28-Jan-2025 15:44:45,343,29,-0.0444198116660118,0.387886291742325,0.071916642288367,-0.968946615854899,0.188652607798576,-0.149491629004478,0.0566121555864811,-76.7970533597072,-99.112500380548,-56.5219872494808,-87.5306626980565,-51.0818769357527,-33.6414500525037,-33.3348071556895,-40.494562736052,-26.5254208717615
28-Jan-2025 15:45:28,270,30,0.0324183819194635,0.405094615618388,0.00617593753462036,-0.94529062906901,-0.265068835020065,-0.169978134830793,0.0852739388744036,-49.638410855711,-56.7101315965398,-34.1880612588197,-77.8940599834774,-97.1646810365489,-55.8452321049333,-127.445033434679,-78.4534811621165,-47.9409298346006
28-Jan-2025 15:46:19,244,31,0.00309808175079525,0.376729482412338,0.056697020928065,-0.976188639799754,-0.191096707185109,-0.0986688281099002,0.0283242640395959,-41.2544111944772,-63.5753890160101,-37.6851078471747,-48.007643993903,-47.2375983754927,-26.7061694533687,-90.7528296482629,-40.9078573073175,-24.9794314600527
28-Jan-2025 15:47:03,176,32,-0.0170430363466342,0.364415421088537,0.00776840687418977,-0.990444004535675,0.0877321278055509,-0.10044807891051,0.0351274271806081,-46.0834483160617,-39.6485300318017,-21.9696135943045,-56.0883571755353,-72.6840828057446,-39.9323773079014,-31.9271088392135,-32.2143309054192,-21.6915513354539
28-Jan-2025 15:48:03,385,33,-0.0690426677465439,0.415435653924942,0.120710033675035,-0.952027169863383,0.145520941416423,-0.03555557106932,-0.266840289036433,-130.285482050397,-144.807201382629,-74.4003717590477,-56.2240566416193,-56.5708663193379,-43.6047067541136,-54.2455503182019,-45.0423342643244,-26.2749494227936
28-Jan-2025 15:48:39,330,34,0.00824119113385677,0.401321840286255,0.0375222268203894,-0.975295980771383,-0.179967296123505,-0.117460266252359,-0.0511137045919895,-81.6266079168873,-53.657030269345,-37.253062615584,-64.5073107982781,-68.5171856402002,-46.5819004277659,-115.119293264536,-57.279386954614,-33.1177391403956
28-Jan-2025 15:49:23,5,35,-0.0475895735124747,0.384411678711573,0.048834515362978,-0.982949976126353,0.149031516909599,-0.0988542581597964,-0.0427410369118055,-84.2801640568287,-90.7487514842293,-54.8947757764368,-69.202546255339,-76.0126815332507,-46.1511297277234,-38.8706342224244,-36.6725448008906,-24.620914096584
28-Jan-2025 15:49:53,57,36,0.0285556361079216,0.375661224126816,0.0311959592004617,-0.949195384979248,-0.271740088860194,-0.109242463111877,0.115115168193976,-8.51340071850569,-7.34526111130367,-8.97156264023363,-50.8135777935937,-44.5460583242037,-27.2216645734702,-102.181190882789,-41.6857333996118,-23.473912186024
28-Jan-2025 15:50:20,194,37,0.086966776351134,0.40172064503034,0.0591775464514891,-0.95137243270874,-0.278694999217987,-0.128680589795113,-0.0257083022346099,-52.4117996838331,-55.9248639111042,-32.8681940452262,-44.1206949403671,-21.3646800766679,-15.6004626548,-120.713597284359,-115.503086416631,-60.8733545695357
28-Jan-2025 15:51:17,233,38,-0.0435642716785272,0.420053962866465,-0.0518715960284074,-0.924035656452179,0.186178879936536,-0.070120004316171,0.326463981469472,-54.5497830223603,-61.0944815940647,-34.2127904498014,-142.251018306333,-134.206438021288,-75.462457790208,-57.1844566231694,-51.0466902997521,-24.1344120091466
28-Jan-2025 15:52:09,118,39,-0.0156905838598808,0.387061319748561,0.066969991226991,-0.994199919700623,-0.00143537950546791,-0.0970629662275314,-0.0462951538463434,-77.3965546886527,-82.3962167089953,-48.2734830100471,-63.4219085161734,-54.1102799913425,-33.3648680780167,-72.1053775160878,-45.452349467282,-28.2868005631693
28-Jan-2025 15:53:11,176,40,-0.00900282338261604,0.376786156495412,-0.00818618815392256,-0.977441422144572,-0.0824708203474681,-0.145923767487208,0.128503578901291,-31.2578092549318,-44.6328086123322,-25.0512105407393,-66.5285860836852,-90.0983046196357,-50.8886441211882,-70.7912071760222,-35.5475182396408,-26.0886835121116
28-Jan-2025 15:54:17,160,41,-0.06125300253431,0.396290093660355,0.119355031847954,-0.966021776199341,0.117484178642432,-0.0717426508665085,-0.218752043445905,-106.488633108294,-128.019235992816,-69.2563278118292,-42.8197967817283,-46.734056482507,-10.2160897084719,-43.3141233789812,-37.7244678229391,-23.2239953764774
28-Jan-2025 15:55:04,55,42,-0.00171433729119599,0.430775211254756,-0.0401329226791859,-0.92551105817159,0.182525091369947,-0.0207459592570861,0.331184973319372,-68.3707479985071,-62.6089109263732,-43.5082278991585,-157.738220508028,-133.964961845984,-68.6374380482613,-75.0397503676236,-95.2755334441608,-54.674057553574
28-Jan-2025 15:55:48,382,43,0.0486620823542277,0.3966333091259,0.052972287684679,-0.990799601872762,-0.0709843893845876,-0.113502085705598,-0.0198661846419175,-74.1764600945734,-57.2869500326693,-34.860705403239,-68.2456401874214,-57.8475714241302,-35.379117307017,-88.3429132089192,-98.40292398945,-55.0849441501183
28-Jan-2025 15:56:53,145,44,0.0794203961888949,0.39476038813591,0.0469737368325392,-0.950120735168457,-0.285921504100164,-0.124456173181534,-0.00549044425909718,-44.0140332513584,-47.6181970446906,-26.3666385626473,-43.1537369749425,-54.9826333552153,-34.7429161853325,-117.105683493291,-100.770751014223,-57.7260340023864
28-Jan-2025 15:57:51,335,45,-0.0418204603095849,0.398306884368261,-0.0380276071528594,-0.960165329774221,0.111032322545846,-0.113686226805051,0.229847435156504,-45.8743002029563,-58.9551189542655,-34.9119093406796,-106.281290113539,-121.122306075301,-68.8675414983073,-48.9047154208915,-43.5462491643345,-31.8490262439284
28-Jan-2025 15:58:31,17,46,0.0302104084442059,0.45267441868782,0.109710957606634,-0.943169601758321,-0.19819718003273,-0.0738032668828964,-0.256323748826981,-147.926683619854,-138.672417484629,-75.7839433877326,-26.3333417140837,-19.7080562354507,-16.350290925097,-163.051504448357,-129.222878209744,-71.6924422201252
28-Jan-2025 15:59:16,170,47,0.0266554821282625,0.409047611554464,0.0181025924781958,-0.95300833384196,-0.00869708942870299,-0.0676769788066546,0.295159888267517,-47.4117060492954,-24.2038331645777,-36.9042649407255,-125.049012791762,-66.9514548838617,-40.0773487447432,-96.9109144886503,-88.0416295214032,-48.4022899247841
28-Jan-2025 15:59:51,31,48,-0.0156864979614814,0.388283056020737,0.0835018550356229,-0.962742284933726,-0.0464848347008228,-0.063665043314298,-0.258675833543142,-103.214205759184,-72.5966216519025,-48.9378608858201,-14.6434803770574,-14.7510833122697,-11.3272370515902,-80.0916482263224,-35.115808384661,-20.2495102257504
28-Jan-2025 16:00:48,126,49,-0.0529262579977512,0.389003517230352,0.0386846000949542,-0.984027457237244,0.140357068181038,-0.109273402392864,0.0070179292311271,-79.6432670003859,-99.5710250693905,-57.7194460183637,-78.1790272839447,-91.2505440541939,-48.5777870419574,-41.7023675218922,-38.5487424458908,-28.2718252641171
28-Jan-2025 16:01:29,379,50,-0.037465297182401,0.416820416847865,0.0327927748362223,-0.935339053471883,0.327483373880386,-0.104516485333443,0.0834973047176997,-115.417858361659,-89.7976744010935,-52.5120329807033,-132.006743594454,-83.7475989851148,-46.7712949017087,-44.1857224864802,-56.7299573268512,-34.4474272930615
28-Jan-2025 16:02:24,342,51,0.0699078127741814,0.409889191389084,0.0583026476204395,-0.933096432685852,-0.329889102776845,-0.130699735879898,-0.0584964374701182,-67.5478516247673,-64.6616549964674,-40.2074727427824,-51.2987443645658,-57.1363338545015,-36.5119708496952,-141.64511990843,-101.508189303585,-59.7778588918088
28-Jan-2025 16:03:06,70,52,-0.000613843944544593,0.407446793715159,0.104645301401615,-0.954461844762166,0.074424983561039,-0.148160525163015,-0.248016090194384,-124.205684180124,-107.331785682632,-62.4897042969678,-52.7963399371518,-30.323143895014,-20.0439716055056,-75.3678541093847,-91.5521976808368,-52.6609623645323
28-Jan-2025 16:03:38,215,53,0.0626470183332761,0.400456734498342,0.069066263238589,-0.958996140956879,-0.255049169063568,-0.107038099567095,-0.061799905449152,-65.5326145548068,-73.6988259029805,-44.1442942465438,-45.511320954725,-10.916416253769,-7.96989238650997,-120.777819469706,-100.819983294017,-57.9353915470211
28-Jan-2025 16:04:31,118,54,-0.0186662783225377,0.374079922835032,0.045724522570769,-0.974989287058512,0.138538405299187,-0.0940839553872744,-0.146120687325796,-88.4392284173937,-51.992228393011,-27.6116340943477,-47.6211940111313,-52.0814018246419,-28.3771311558478,-37.1654926599523,-35.5381615240665,-22.2748525330825
28-Jan-2025 16:05:05,362,55,-0.0456398683289687,0.422104299068451,-0.0143243160098791,-0.95248460372289,0.27259622613589,-0.0526947292188803,0.125250502427419,-103.458688538541,-81.4932572107556,-46.2518732479393,-133.734051958822,-123.799644648575,-69.5655310030899,-51.7950555916845,-35.2688534057172,-40.0722898527516
28-Jan-2025 16:05:57,33,56,-0.000791616252778719,0.412158270676931,0.0766217201948166,-0.948696732521057,-0.0466129995882511,-0.088947319984436,-0.299816809097926,-131.472995126489,-87.1202362624593,-48.8014663309942,-48.3330436832943,-70.9658375200264,-41.6920078412964,-106.04723299022,-61.154547310534,-46.3099236794253
28-Jan-2025 16:06:41,315,57,0.0867657452821732,0.408649267752965,0.0684291784962018,-0.964323755105337,-0.245354837179184,-0.0980561365683874,-0.0163010828197002,-61.1311114235728,-78.5739636510427,-41.6242417423212,-55.0532901255102,-53.0488655631766,-39.3205720025459,-121.059446369005,-124.823615697365,-74.8322112484072
28-Jan-2025 16:07:19,70,58,0.0102271011720101,0.404499556620916,0.101016187171141,-0.984062194824219,-0.127434342106183,-0.0669292211532593,-0.104415474335353,-85.9232127297965,-115.584761820984,-63.0124450260322,-54.2373440502886,-51.5888629869809,-19.8189441245081,-105.097240174532,-93.4950864791452,-53.8591716673035
28-Jan-2025 16:08:30,288,59,-0.0511976135273774,0.406417149305344,0.0606153505543868,-0.959140733877818,0.213104337453842,-0.0892332678039869,-0.163318944970767,-124.310344109416,-104.423779436679,-55.0518697220618,-79.105161640886,-86.9566697158544,-43.0080479827868,-48.8575558633703,-46.9819361746316,-37.4767228178613
28-Jan-2025 16:09:11,93,60,-0.020934005950888,0.406233684221903,0.0473127650717894,-0.975607470671336,0.17741137444973,-0.118958786626657,0.0506369292736053,-99.5054017004673,-90.3837614910082,-50.9541244687328,-107.630768772968,-67.157678053126,-39.2984581737586,-62.9368615619606,-54.4296342257029,-39.7124407702197
28-Jan-2025 16:09:55,83,61,-0.0571044482290745,0.42268214225769,0.106639028588931,-0.943890702724457,0.209853646159172,-0.106959131360054,-0.231498606999715,-145.922145417288,-130.352179623216,-73.5603152411196,-80.9865619528369,-64.9971871335385,-42.0615155716624,-62.9707581079959,-57.1656945211906,-35.6472552279045
28-Jan-2025 16:10:47,87,62,-0.0397945759197076,0.423376103242238,-0.0511915467679501,-0.975249234835307,0.134672091404597,-0.0697462062040965,0.160896990696589,-81.8052766796975,-66.8598842572947,-41.7438993643446,-119.812075859998,-151.092356567802,-86.3244926706883,-71.1450380612648,-58.6686932582451,-40.1008877044472
28-Jan-2025 16:11:53,391,63,0.0291660233090321,0.388973452647527,0.0651132161418597,-0.968056639035543,-0.166052263975143,-0.123732740183671,-0.141361994544665,-78.6924496565902,-62.0911744817428,-39.3938353696506,-36.9245807336332,-54.2463474483814,-32.8786092919131,-99.1039901304939,-71.6477463954394,-45.4734058170406
28-Jan-2025 16:12:40,153,64,-0.0371559003988902,0.411808776855469,-0.034612733622392,-0.957454387346903,0.2125546981891,-0.0517745467523734,0.188204771280289,-75.5824775208253,-60.4577297989288,-34.9739426179329,-124.715569113017,-123.324790947275,-71.6360757749765,-50.4869355073184,-52.2117035586076,-36.9765643137713
28-Jan-2025 16:13:29,255,65,0.025723963479201,0.372450258334478,0.0274156879633665,-0.988671020666758,-0.0792642707626025,-0.126166392366091,-0.0181338589638472,-50.0187967444718,-43.97792972083,-23.0915039337431,-43.1623048998105,-70.6105502366206,-39.0596243464729,-67.5202707172798,-64.8625690319713,-39.3341335680419
28-Jan-2025 16:14:06,19,66,0.0591382220387459,0.421681729952494,0.0385964212318261,-0.979167834917704,-0.144178383549054,-0.140018294254939,-0.028945546845595,-94.4606009500574,-67.0383973657907,-40.4954114700965,-84.4462699602264,-87.7595286313304,-51.4318910436826,-126.302180439717,-118.402346807283,-70.5400337509354
28-Jan-2025 16:14:54,93,67,-0.0568428824345271,0.395931245883306,0.0611380599439144,-0.976404635111491,0.154030683636665,-0.145103792349497,0.0430519064267476,-82.6704867998028,-112.057011111491,-65.760807011947,-89.369662249999,-79.929862927264,-45.1476987536406,-45.8269850157502,-42.8697367436842,-31.023486178818
28-Jan-2025 16:15:59,350,68,0.0502052498360475,0.428085921208064,0.0962444911400477,-0.954255449771881,0.0489232915143172,-0.204142626126607,-0.212905708948771,-135.469517916304,-109.387262627712,-65.8722171564834,-68.9926272349362,-61.1567759721432,-43.5322156090007,-97.1960522595206,-138.892315690885,-79.9528944341849
28-Jan-2025 16:16:41,185,69,0.0515799400707086,0.406753985087077,0.044549814860026,-0.992827026049296,0.00565647225206097,-0.11900283396244,0.0100437734276056,-85.7810449038022,-62.9023353500215,-38.2783136484875,-85.8164592858017,-59.9282916449492,-38.3539215495006,-86.2526110914692,-112.149275729331,-64.4033517819277
28-Jan-2025 16:17:46,2,70,0.0332497884829839,0.43299623131752,-0.0158188249915838,-0.952932552496592,-0.194457583626111,-0.16666592558225,0.162259911497434,-70.5533729982035,-71.2582106400959,-44.1181996997208,-115.790017107883,-128.258863857909,-74.6748500488009,-142.629953318922,-113.24688202082,-67.2133119327043
28-Jan-2025 16:18:29,186,71,-0.035285771638155,0.390656161308289,-0.0319268775482972,-0.959620269139608,0.0967000941435496,-0.123854897419612,0.233319646120071,-26.6715379731016,-53.4565626312241,-31.8566812820665,-100.357940401708,-110.495863899975,-66.0170026499275,-45.7987182213483,-44.6977115139924,-29.4276365654894
28-Jan-2025 16:19:50,330,72,-0.0410961113870144,0.410811817646027,-0.0508960430820783,-0.944292362531026,0.152989021937052,-0.0910821671287219,0.276785790920258,-51.8922107423005,-57.9716190371103,-33.5885331111413,-126.329237573743,-130.532527635299,-75.5393316403774,-51.8220811370044,-50.009733811843,-34.5577734902552
28-Jan-2025 16:20:40,349,73,0.030806602537632,0.423482793569565,0.0822683870792389,-0.960131148497264,0.0436219302316507,-0.159167311588923,-0.225634961326917,-137.273986933689,-94.6629481709159,-56.1562350773046,-73.9816193374643,-71.4218728201292,-45.6083783803805,-100.572958393417,-114.648286198644,-68.5114881577708
28-Jan-2025 16:21:30,121,74,0.0977350989977519,0.403028829892476,0.0470215583841006,-0.968159981568654,-0.206351842482885,-0.141658713420232,-0.00424090285475055,-52.3259837120258,-54.1733428457003,-27.8567102896485,-52.8688386472633,-57.9482946305184,-40.3680355346911,-106.642829073971,-127.84556036042,-74.6116036510374
28-Jan-2025 16:22:01,95,75,-0.0156725566834211,0.411784187952677,0.00677183183530966,-0.987268054485321,0.129426634311676,-0.0790101955334346,-0.0480413317680359,-110.486437493687,-71.3216396949076,-34.7470836068499,-95.6452124303166,-109.354988221813,-66.575691410018,-74.6592284403882,-77.5215457513517,-46.9689215078147
28-Jan-2025 16:22:42,333,76,0.0219807387640079,0.389182557662328,0.0542661987245083,-0.981480773289998,0.00735353448738654,-0.124706004559994,-0.145223553975423,-93.1471308039762,-55.8269868543408,-29.4114635789757,-51.5191223528795,-54.7056412709112,-32.7817664205174,-74.7702039296608,-75.1934113925864,-43.4681108551979
28-Jan-2025 16:23:24,176,77,-0.00561942970380187,0.403606957197189,0.0257168610890706,-0.966996467113495,0.172533139586449,-0.0973123624920845,0.160251291592916,-82.079794298454,-63.8680871656022,-33.2211903721394,-119.162687333477,-69.1290528272905,-40.1421698830108,-62.4260425950119,-64.5284639032969,-39.2255888152649
28-Jan-2025 16:24:10,203,78,-0.0288598357389371,0.402138676246007,-0.0331236854195595,-0.923653678099314,0.163118483622869,-0.110045039653778,0.328856136401494,-19.2691066414472,-40.4822952685115,-20.606218910319,-128.645389025857,-107.243985594862,-56.6948212769065,-50.233034982527,-46.248355145588,-32.176346456724
28-Jan-2025 16:25:05,75,79,0.0693509926398595,0.393998529513677,0.0513060666620731,-0.93938402334849,-0.317552558581034,-0.12843182682991,-0.0149440314620733,-45.7727714429155,-50.6442773531333,-25.1771291702877,-41.9930603358078,-51.6238960432108,-32.533325980431,-122.668656163955,-86.9189297692532,-55.157996753009
28-Jan-2025 16:25:45,61,80,-0.0321580337981383,0.392431650559107,0.0604084653158983,-0.944501662254334,0.25495023727417,-0.113873971005281,-0.173059959212939,-117.964722271484,-72.5908618958009,-36.8385385970346,-70.6476703929113,-57.0739231826866,-34.1632718364284,-32.8026676717673,-44.8296694867643,-29.029705650575
28-Jan-2025 16:26:22,363,81,0.0124792323758205,0.440131179491679,0.118154107530912,-0.925598577658335,0.0972811624407768,-0.185586982965469,-0.315215917428335,-162.974501563799,-137.304309441098,-70.6167556275081,-45.9090355082141,-33.1130746758484,-22.0377484062574,-102.147062474256,-122.437591871189,-66.819271042311
28-Jan-2025 16:27:19,398,82,-0.00486623337492347,0.406914075215658,0.0489604944984118,-0.983538289864858,0.0666828950246175,-0.11746491342783,-0.120032783349355,-115.070037787934,-76.5546913653121,-39.5685509244284,-80.666404007744,-66.7589564154492,-37.6664973935823,-84.2548977881024,-60.8251656363884,-38.2467177305731
28-Jan-2025 16:28:03,157,83,-0.0406045866509279,0.370130238930384,0.0770816107590993,-0.986365791161855,0.037785259882609,-0.0837193801999092,-0.136549882094065,-72.4605954714538,-94.3602644374378,-49.3737145142662,-30.9409842871088,-56.2716140722301,-30.2898051671037,-41.5555534004664,-29.1933992124143,-22.4992393077858
28-Jan-2025 16:28:36,331,84,-0.0240927332391342,0.369629144668579,0.00266402148020764,-0.958679187297821,0.19548857609431,-0.0991272523999214,0.181362292170525,-42.1238013939327,-14.3807470037755,-7.99679388010761,-87.1108660084561,-61.242436830657,-31.8203555746677,-17.647881047821,-11.551119318691,-9.4364513113091
28-Jan-2025 16:29:18,382,85,0.00423513908560077,0.427651629845301,-0.0257153641432524,-0.939055426915487,0.0552391476929188,-0.108944596846898,0.321332625548045,-64.3832142995684,-66.8208044696484,-41.8732942162271,-147.220765268856,-125.401116297972,-70.572317384347,-97.9618236163946,-90.0065823089483,-52.343411343477
28-Jan-2025 16:30:08,358,86,0.0595665680865447,0.420789724588394,0.0523147694766521,-0.990040330092112,-0.052848993241787,-0.12877559363842,-0.0210708240667979,-99.0491333840551,-69.2532879117065,-40.2566999698219,-91.8764735724017,-71.8570841579209,-45.4630405833072,-109.937979741108,-120.786081575716,-71.7617034763551
28-Jan-2025 16:31:09,337,87,-0.0242713010559479,0.382285066445669,0.0467538530627886,-0.959682786464691,0.255050965150197,-0.115998194615046,-0.0224141639967759,-89.8405391440919,-57.5365796690128,-32.1341820137655,-81.1969705350822,-51.1354337622393,-26.7233391689661,-22.9135725127133,-40.7033925380458,-24.6743843562742
28-Jan-2025 16:31:48,274,88,-0.0464941541353861,0.407297287384669,-0.0543683886528015,-0.946070631345113,0.159765649835269,-0.105385733644168,0.261379071076711,-30.9317736650022,-9.92154044360893,-6.05660607186486,-118.078455607963,-135.750944884312,-68.6911822099087,-31.1106818820217,-18.8356198722906,-11.9295363109298
28-Jan-2025 16:32:35,69,89,-0.011860244286557,0.401015790303548,0.00445049563422799,-0.989972162246704,0.0155736582974593,-0.122447744011879,0.0686959952116013,-75.9418847369643,-60.7924053078599,-34.9822840875653,-92.0323817727057,-106.090771858774,-57.0414131852675,-81.96066848053,-55.7581995164769,-35.3856190249642
28-Jan-2025 16:33:14,96,90,-0.0500314099093278,0.418943407138189,0.11774496336778,-0.991676044464111,0.00967403532316287,-0.0615731383363406,-0.112666854262352,-106.828143407811,-151.675929784058,-81.5112018819214,-72.8174540076704,-61.9991112323254,-44.8152743805762,-88.168459621896,-59.6559313742964,-36.6989141643138
28-Jan-2025 16:34:06,174,91,-0.00436334296440085,0.394774907827377,-0.002774677084138,-0.960361158847809,-0.124934834241867,-0.154121510187785,0.195817072192828,-38.7359616238477,-62.636425059979,-33.7026071470863,-91.982868158129,-89.529127196516,-57.1077079660142,-95.5255471434918,-46.9742132920653,-31.9078495774943
28-Jan-2025 16:34:53,11,92,-0.031096093604962,0.390607676903407,0.0405589426557223,-0.993828737735748,0.0256083622574806,-0.107862457136313,0.0037898203668495,-75.3689788190585,-85.8760500870039,-45.8768786638531,-74.0493409890739,-84.1089147826607,-48.4351947504098,-70.5866743569586,-42.5857873855894,-28.9749140410559
28-Jan-2025 16:35:49,108,93,-0.0430159809688727,0.415507396062215,0.107282906770706,-0.916981299718221,0.217454211910566,-0.117789055903753,-0.313025124867757,-150.719487118703,-119.872767784953,-68.2176672379848,-62.4322687547126,-60.0704309997801,-41.6124495781608,-53.8723954101533,-61.2388743409713,-37.4097964506769
28-Jan-2025 16:36:41,393,94,0.00387344808938603,0.410363260904948,-0.0129045148690542,-0.947204744815826,0.0941774621605873,-0.0827474489808083,0.295104511578878,-56.3242804705133,-62.5844608604207,-39.1371402944659,-132.052569824017,-100.351565301551,-61.9936767448116,-75.0164134445385,-77.7322648849424,-46.1905728447968
28-Jan-2025 16:37:28,126,95,0.0515180269877116,0.398838518063227,0.0265612783531348,-0.943735194206238,-0.293786732355754,-0.143993333975474,0.0481579636534055,-45.9472390548858,-56.4745370800593,-29.532954137142,-60.4845606232688,-77.2055170222818,-45.9724450865423,-125.913219269419,-83.8728266213732,-52.5718567475622
28-Jan-2025 16:38:14,229,96,-0.037964308510224,0.393490562836329,0.0978553280234337,-0.932744530836741,0.168144637346268,-0.108227109909058,-0.300003210703532,-124.072510717642,-98.2716556436594,-53.1844978091985,-40.4099274744156,-48.5190546762547,-32.7327066780391,-41.7976193009525,-46.5931288745651,-31.302605915261
28-Jan-2025 16:39:15,245,97,-0.0569432184100151,0.404113562901815,0.00402098698541522,-0.966412858168284,0.134078189730644,-0.148443684975306,0.161349767446518,-69.0510940115587,-99.964784689564,-54.8618401183947,-108.906510349261,-118.517313216893,-64.1753679217293,-53.5533833988817,-42.602060393425,-33.4841562863579
28-Jan-2025 16:40:00,361,98,-0.0768144269784292,0.449944525957108,0.031121964007616,-0.948360101381938,0.306928286949794,-0.0753488709529241,-0.0270319761087497,-153.197700354302,-134.634950023135,-73.9541100763358,-142.80099158454,-141.630818096305,-75.7456847461542,-72.5059606800832,-61.6200676836116,-44.3985006353181
28-Jan-2025 16:41:00,159,99,0.0355737539629142,0.434453115860621,0.0935067787766457,-0.983434335390727,-0.135026976466179,-0.0925628011425336,-0.077825516462326,-113.734839072279,-131.035618826725,-75.0926711380946,-88.35666442381,-74.02781670712,-50.8730992583074,-135.74120361398,-123.913030671548,-76.9197854956064
28-Jan-2025 16:42:01,278,100,-0.0419124084214369,0.424189287424088,-0.0315320496757825,-0.933827579021454,0.229031179348628,-0.0553944990038872,0.269150934616725,-78.3574939499086,-74.0359293069324,-43.9211986088682,-147.453748955539,-125.876544922848,-77.2336798702328,-61.1740542369887,-34.2964927668346,-39.1581771270977
28-Jan-2025 16:43:34,82,1,0.00235686132994791,0.322140826781591,0.0429487931231658,-0.994239064057668,0.00108638710031907,-0.107151332994302,-0.00248526996001601,-6.22500000000001,-16.0499999999999,-4.80000000000001,-5.02500000000001,-12.975,-5.02500000000001,-4.95000000000001,-7.57500000000001,-5.47500000000001
28-Jan-2025 16:44:07,26,2,-0.00114768045799186,0.327312958240509,0.0437860575815042,-0.993211376667023,0.0304548424979051,-0.108473384877046,-0.0289348259568214,-16.6109116900201,-19.0145068134862,-6.28619796982512,-8.4417571281984,-16.1383579184412,-6.81687605470222,-5.53019416605928,-8.62692440432804,-7.26115464259684
28-Jan-2025 16:44:38,249,3,0.00935508900632461,0.333493183056513,0.0444381388525168,-0.992801551024119,-0.0540885637203852,-0.106856060524782,-0.00115495581800739,-13.150181484275,-21.2632168602336,-9.94741902074759,-11.6928435616181,-18.5269065542994,-8.92614393257971,-25.4068456842394,-16.4540873461909,-12.3897250184279
28-Jan-2025 16:45:08,276,4,-0.0172917214532693,0.330418350299199,0.0389947459101677,-0.991457760334015,0.0745155463616053,-0.102817058066527,-0.0297934676210086,-22.0797446851625,-28.3514127815886,-13.1725661183217,-14.226180266472,-28.3149166008936,-15.6902631251731,-0.86219703411988,-6.14040859579988,-5.95299515747995
28-Jan-2025 16:45:48,119,5,0.00647470888992151,0.333719394604365,0.0201511471221844,-0.985676030317942,-0.0821878785888354,-0.123216043909391,0.0806581065058708,1.79621964980185,-21.2906336264419,-6.71250517586528,-18.8817853781951,-34.7209164398479,-19.0456271504331,-27.7179955299588,-14.6525861499152,-10.9989402819059
28-Jan-2025 16:46:31,229,6,0.0146249291797479,0.339502217372258,0.0425183353324731,-0.97663878997167,-0.179900127649307,-0.116437087953091,0.0159723517795404,-6.44150480931502,-25.3632683635054,-9.54898857201214,-10.8758439711059,-22.940399764299,-10.09655341974,-51.7618493277666,-15.6538888313941,-9.62202079883652
28-Jan-2025 16:47:15,127,7,0.013365777519842,0.345981142918269,0.0591679635147254,-0.971381262938182,0.050152088701725,-0.140461975336075,-0.184861419598262,-57.2464269527276,-30.2593410119196,-11.6826358571516,-6.87566574651372,-22.0062346054196,-13.6480900357994,-22.299747163121,-37.8632662599192,-21.1359529327568
28-Jan-2025 16:47:46,324,8,0.00624209027737379,0.35154870947202,0.0578031087915103,-0.969443237781525,-0.0374455774823825,-0.116535087426503,-0.212596460183462,-61.5523311359176,-22.6952300644412,-9.79123789190295,-3.35647602321679,-4.92136680229764,-4.3628200813786,-44.0932384878033,-21.9204684998746,-15.4920258448258
28-Jan-2025 16:48:31,147,9,0.0361283888419469,0.357638585567474,0.0377345445255438,-0.976654942830404,-0.171318985025088,-0.102972457806269,0.0786868716279666,-14.4802312570643,-34.9686780184389,-13.8054646235632,-37.4930416706572,-30.8614295076589,-19.9311041722015,-67.9357637645263,-48.0856626574915,-29.03303553237
28-Jan-2025 16:49:12,280,10,-0.0179519609858592,0.364807321627935,0.0526419368882974,-0.982840160528819,0.140638074278831,-0.115889868636926,0.0285611255715291,-55.8808974742495,-60.0775928157066,-30.110878729167,-61.0945248852114,-38.0922407154856,-22.3828444292913,-25.9851340793012,-32.9604931836046,-22.1618599530096
28-Jan-2025 16:49:54,254,11,-0.0288089103996754,0.353743336598078,0.0633001039425532,-0.980962347984314,0.13608737885952,-0.129172356923421,0.0500761521359285,-38.6439717316485,-67.0514036926506,-34.2576352924269,-51.2174477894988,-28.4051318461772,-17.6168291077059,-11.3074255265534,-20.638174554082,-15.9557788138174
28-Jan-2025 16:50:34,386,12,-0.0303458027541637,0.3612258096536,0.0520232513546944,-0.991397758324941,0.0293232974906762,-0.0937321250637372,-0.0865156129002571,-56.7957613680263,-70.7759505992534,-40.1050041507419,-31.8891571518439,-59.4082849762041,-33.2498450718738,-35.7203196131104,-25.744053499932,-19.1039272171466
28-Jan-2025 16:51:11,81,13,0.0441074808438619,0.367532537380854,0.0598993812998136,-0.979774598280589,-0.0559848728279273,-0.137181291977564,-0.134494546055794,-61.7667864971901,-44.1588926495828,-25.1846223860822,-23.2496695813601,-36.2858429101785,-22.6124432461069,-58.1410353174213,-70.5405780488413,-42.4328934644722
28-Jan-2025 16:52:10,240,14,0.052440407127142,0.382946109771728,0.0518729992210865,-0.950477282206217,-0.272805446386337,-0.127306226889292,-0.0772223780552546,-50.3983063459406,-47.963105032001,-22.5658085758404,-29.295083320571,-42.3447010451208,-28.276288310663,-108.372170894143,-71.8770023627945,-40.3014640013463
28-Jan-2025 16:52:47,34,15,-0.0169926401227713,0.37574344476064,0.057867302497228,-0.985209421316783,0.11873559653759,-0.117508631944656,0.0381573230028152,-64.3598706871,-74.1098234126867,-41.4661868707282,-71.2722629625818,-45.0839051691514,-27.2755774764907,-41.3067121210549,-44.4271382739637,-29.1391902521495
28-Jan-2025 16:53:19,218,16,0.00143082376259069,0.365065683921178,0.0564499638974667,-0.994123299916585,-0.000302548487282669,-0.104396854837735,-0.0286380602667729,-52.6619836018758,-58.0402405619679,-33.5005074219456,-41.2727961985746,-40.1216379539469,-25.1148898450988,-49.9175812082017,-46.5713784118801,-29.2107418930211
28-Jan-2025 16:53:46,339,17,0.050840183844169,0.357809170087179,0.0542524330317974,-0.975734074910482,-0.161901667714119,-0.126970931887627,-0.0748949517806371,-33.667716882338,-22.2232058807022,-12.7649468671732,-5.32979313801301,-8.11386060052657,-6.18462495406593,-65.1237426135643,-60.9970102806321,-32.7991744109259
28-Jan-2025 16:54:31,17,18,-0.00619276007637382,0.363095209995906,0.0721719046433767,-0.989123928546906,-0.00065473949847122,-0.10375030686458,-0.10425624748071,-59.7236172404676,-65.5103164502345,-38.3106793054855,-29.6804814064132,-34.3955101038219,-22.0154603591678,-45.227151945615,-46.2763629890989,-24.5548578175396
28-Jan-2025 16:55:00,132,19,-0.00308081928330163,0.359993642568588,0.00229391471172372,-0.97337943315506,-0.0975455934802691,-0.142894877990087,0.150327883164088,-8.65532154973537,-17.0636433259138,-11.0300579265387,-53.4896735002363,-60.4459116405288,-32.7272930606892,-58.0028385125248,5.85783349982221,2.08761029429028
28-Jan-2025 16:55:42,284,20,-0.0263372288395961,0.369038808345795,0.00311336185162266,-0.965006311734517,0.153217173616091,-0.105525760849317,0.184801640113195,-36.5739276748065,-43.8456817096125,-26.5493367525647,-83.358761294068,-69.0923373472494,-38.4257239232033,-22.0429576997057,-29.8697866170446,-19.5954168730282
28-Jan-2025 16:56:32,345,21,0.0364538090924422,0.380761804183324,0.0300959286590417,-0.969547732671102,-0.0998201414942741,-0.0833013320962588,0.207542869448662,-25.1852583517867,-45.5105900156227,-21.9766514634405,-80.6462391572851,-46.8423503491852,-29.3565701695307,-81.3838508030111,-65.6708277842526,-38.8612767518574
28-Jan-2025 16:57:31,201,22,0.0332104588548342,0.380491594473521,0.0696754058202108,-0.962950638930003,0.0454236338535945,-0.166472163796425,-0.207243326306343,-92.5856766042598,-55.6785477718781,-29.9132302111904,-31.9494055896383,-42.6109981474995,-29.811483532054,-55.6341109415311,-83.104127435288,-47.5532658156744
28-Jan-2025 16:58:15,398,23,-0.0405230532089869,0.378436283270518,0.0665567114949226,-0.973709034919739,0.178429223100344,-0.13531515498956,-0.041756517936786,-80.1175701150011,-86.7018798850406,-49.924964801115,-65.0333574647332,-50.978623213765,-34.4168593954022,-28.7570350664245,-35.7719720286208,-24.1361263300225
28-Jan-2025 16:59:17,172,24,0.045326529443264,0.405872166156769,0.0811768993735313,-0.967716491222382,-0.207784048716227,-0.0933564176162084,-0.107866615553697,-84.6722123406594,-92.1941291070499,-55.2895479444411,-50.3224929700507,-54.1553255838894,-22.4094165112218,-119.823675684617,-101.576517622566,-58.2812925014859
28-Jan-2025 17:00:10,107,25,0.0373029564817746,0.374597805738449,0.0394496276974678,-0.96376340786616,-0.237883133689562,-0.0864883104960124,0.0842111080884933,-25.1203636659082,-45.4803492727322,-21.2062624104358,-46.7880757274067,-39.9373273308992,-23.5793954670984,-95.3973411121825,-59.3757560808934,-33.716733534888
28-Jan-2025 17:01:11,190,26,-0.040293246259292,0.382129643360774,0.00363320705170433,-0.98217617670695,0.143272828062375,-0.0910287116964658,0.0807260975241661,-60.0463735194966,-67.6713637619185,-35.3686637044653,-80.215894355914,-95.2206224472888,-52.8781239243386,-30.872632146444,-33.9524036531365,-27.6280600809878
28-Jan-2025 17:02:08,65,27,0.0484659058352311,0.391889464855194,0.0518342750767867,-0.983678003152212,-0.0913236558437347,-0.135126878817876,-0.0760149697462718,-75.6018260364225,-54.5097106686461,-28.6493893372953,-53.1554832410504,-52.956070464054,-34.0899935369917,-82.8143600324073,-88.311570657243,-53.3722501177787
28-Jan-2025 17:02:39,64,28,-0.0138294078409672,0.380392328898112,0.0629569252332052,-0.968949123223623,0.042054228981336,-0.103151995440324,-0.220745865503947,-97.1615897022276,-63.6569828158158,-38.8088870508344,-36.0809973969676,-54.1536972117179,-33.8284652631805,-52.4369895889919,-44.9732893418499,-30.4904982776721
28-Jan-2025 17:03:26,108,29,-0.0173254172007243,0.376769185066223,0.0154285172621409,-0.971931835015615,0.174981466929118,-0.0945696547627449,0.125644753376643,-57.7944719634256,-48.8372544530771,-24.3050381560239,-87.4841804299184,-61.3353471944485,-37.0772038973062,-26.2032650222501,-37.8882655832576,-24.104765273753
28-Jan-2025 17:04:01,303,30,-0.0457853183150291,0.401957454284032,0.0223235716422399,-0.978483124574025,0.0881575365861257,-0.133183890581131,0.130618338783582,-71.5720103548484,-97.9627508012974,-55.1440810782643,-102.456785539817,-103.310408020229,-61.5294782364272,-60.2031138515714,-46.7314540659396,-33.0655360576328
28-Jan-2025 17:04:51,244,31,0.0152884543562929,0.375841097036997,0.0560052846868833,-0.969390157858531,-0.222279151280721,-0.0905133495728175,0.0517884902656078,-35.2497415448577,-62.5358614943551,-35.3335715547782,-46.4957875800841,-45.1619642018628,-25.6524160462788,-86.7607633015254,-43.0933162395292,-27.605843171617
28-Jan-2025 17:05:48,387,32,-0.047749437391758,0.384463397661845,0.0588968522846699,-0.965440678596497,0.14786850810051,-0.0710898702343305,-0.202498069405556,-103.882507254186,-85.8544960748488,-48.7533883046445,-46.4221476931853,-77.6717288439746,-40.6399101214794,-37.9877474858441,-33.6123905555674,-24.7541002378575
28-Jan-2025 17:06:45,310,33,-0.00759174088016152,0.399770760536194,-0.00946639950076739,-0.958754567305247,-0.0367213120063146,-0.146742885311445,0.240640447537104,-43.843881291518,-60.4738569926851,-36.2476070383716,-106.797041891711,-98.4530128512602,-56.2636465471942,-85.8959441058066,-53.9728679346591,-34.920487426514
28-Jan-2025 17:07:31,230,34,-0.0150340389460325,0.388838976621628,0.0334217836459478,-0.966872767607371,0.21495193640391,-0.100900027652582,0.0936585838596026,-78.2231902209648,-58.6075842444925,-29.8731597666462,-99.5375326800146,-58.0207811844277,-32.0804978897805,-41.2294909688012,-45.7809516737392,-29.3340235105757
28-Jan-2025 17:08:02,181,35,0.0154504858578245,0.386518836021423,0.0952210292220116,-0.974953750769297,0.0306606106460094,-0.136464803417524,-0.172923368215561,-90.8864840523053,-93.122218084839,-45.9400629635171,-32.9693394651903,-2.12293440590921,-1.8782998140342,-61.3978140346628,-82.9612219839267,-48.784147498442
28-Jan-2025 17:08:57,115,36,0.000857717031612992,0.381296926736832,0.0641959503293037,-0.960125458240509,-0.0612994549175103,-0.0931328321496646,-0.256374353170395,-96.1727834951448,-58.9103735960165,-30.3242436512433,-23.7319812310558,-45.1823547638032,-26.691682443526,-77.2317868730739,-42.6238045252002,-25.1307429792537
28-Jan-2025 17:09:45,301,37,0.0666520883639654,0.409748814503352,0.0548081077635288,-0.923466662565867,-0.360147122542063,-0.117046999931335,-0.0616716789702574,-66.166002581111,-68.2521548633322,-34.5385774284808,-48.1577166858704,-28.1459817178605,-40.5887238233383,-143.799378535315,-95.3333023076717,-55.7415356530879
28-Jan-2025 17:10:47,38,38,0.0746829052766164,0.39660470088323,0.0466689524551233,-0.955495703220367,-0.278348286946615,-0.0924013247092565,0.0318158013125261,-43.0142002271378,-54.6036646259971,-25.9795001553099,-52.2576230441382,-50.5122605083631,-34.8479234436884,-117.218315538134,-98.6789513840665,-56.7983283562915
28-Jan-2025 17:11:43,43,39,0.0146064495046933,0.409913319349289,-0.0114655282348394,-0.949406226476034,-0.242271543542544,-0.180781584978104,0.0851490433017413,-53.8945341117006,-57.7258363978822,-35.5682095393967,-81.5190448876788,-113.869592869376,-66.7721593121402,-127.174735626525,-76.2602820742905,-43.0010173593028
28-Jan-2025 17:12:32,294,40,-0.00640439729516705,0.369496577978134,0.0416266260047754,-0.984811906019847,-0.0261261953661839,-0.111540146668752,0.13046744565169,-33.978557546768,-51.8873970735048,-31.0339073130575,-67.2215578003966,-45.4111155912469,-22.7618112038256,-60.8016879754536,-34.9195567661929,-21.1077722209808
28-Jan-2025 17:13:23,142,41,0.0353413388133049,0.423655756314596,0.0784848675131798,-0.961919391155243,0.0877796724438667,-0.180491028229396,-0.185550094644229,-134.743053591122,-92.1659429021052,-50.3535008164317,-79.3198598310465,-65.5348962018761,-45.658508645664,-93.0543437613022,-123.550337996398,-67.3495834650957
28-Jan-2025 17:14:31,233,42,-0.0384843784073989,0.432693719863892,-0.0597505184511344,-0.929010212421417,0.171965373555819,-0.0892324671149254,0.315286413828532,-68.1582446053829,-65.9942010176266,-41.2768590731588,-148.79919218196,-149.546779511404,-86.6884227731197,-74.1880467865694,-67.7083948793383,-42.1858911255019
28-Jan-2025 17:15:29,120,43,-0.0519553765654564,0.386859947443008,0.0365666143596172,-0.981444211800893,0.130037699143092,-0.0478935770690441,-0.132528100411097,-94.686296621709,-83.4421302739007,-47.7157379118718,-55.901897776214,-99.9437675785112,-56.396702654112,-43.2921572633018,-36.0597144843214,-26.3754901485536
28-Jan-2025 17:16:03,286,44,-0.011663126014173,0.413363913695018,-0.00500523118923108,-0.993543720245361,0.0506548275550206,-0.097121932109197,0.0295355065415303,-95.6814390368281,-65.6080825845717,-41.1421281266679,-99.2362333907664,-121.171709860081,-68.6140236727887,-87.6474422771269,-67.6211722499819,-42.3116455958368
28-Jan-2025 17:16:32,145,45,0.0931294322013855,0.398020871480306,0.0505978465080261,-0.935779996713002,-0.316331513722738,-0.155055019259453,-0.0144268155097961,-16.5858073611016,-5.13530813696696,-4.95530557444043,-20.2699347293312,-41.4489183448512,-23.2946604959643,-120.34599121701,-105.317580726887,-59.1029207583606
28-Jan-2025 17:17:16,288,46,-0.0422073617577553,0.374580345551173,0.0972958544890086,-0.963449951012929,0.118774203459422,-0.0993743931253751,-0.218590147296588,-90.9071312071106,-93.76256226024,-49.7295861993015,-28.6294122608213,-39.025881997695,-25.5650298402186,-33.6236443361428,-32.075353638009,-23.051713903394
28-Jan-2025 17:18:08,399,47,-0.0455472260713577,0.419835428396861,0.0155826517691215,-0.928143382072449,0.272408805290858,-0.130320423841476,0.217623304327329,-96.3000549525989,-98.7254647700268,-54.1686415394293,-144.146096257909,-99.572629464559,-58.1816246361888,-56.3932244024663,-54.169138916254,-36.0358371908746
28-Jan-2025 17:18:56,34,48,0.0460930864016215,0.401962671677272,0.0336143431564172,-0.967400717735291,-0.135088188449542,-0.0777539412180583,0.199603088696798,-44.5412329011599,-61.5926376526367,-32.2472758820245,-97.8357071182394,-61.332198706344,-36.2742656470234,-106.62024040302,-84.8155184256264,-52.5313881284132
28-Jan-2025 17:19:39,188,49,-0.00958210869381825,0.406004810333252,0.0143059614424904,-0.989582320054372,-0.0717403848965963,-0.124130083123843,0.013111373471717,-83.7658129805378,-65.3161703639175,-39.1629328303795,-84.5829225792447,-100.175396607654,-55.3336594347191,-102.516524611142,-57.0508768881523,-37.7166145931716
28-Jan-2025 17:20:36,38,50,0.0420407471557458,0.375740613540014,0.0389864134291808,-0.965849884351095,-0.220615587631861,-0.102260674039523,0.0894738684097926,-26.1769577568844,-43.0537902707598,-20.4319870700932,-51.0673899613779,-44.6254804256396,-25.7633977521676,-93.0688099893334,-62.3456952451338,-37.3460963783458
28-Jan-2025 17:21:25,291,51,-0.0173009312401215,0.411336386203766,0.102106051146984,-0.975966548919678,-0.113147169848283,-0.0408845327794552,-0.181701565782229,-107.06985442863,-123.055408357372,-64.7004359284111,-52.2850245360178,-57.240414125851,-41.6782304783663,-108.295519347843,-66.7304373990484,-41.0345214305101
28-Jan-2025 17:22:12,365,52,0.0638466338316599,0.425409638881683,0.0369522680838903,-0.990636003017425,-0.0312637363870939,-0.0762794877092044,0.108831678827604,-84.3302741106749,-72.0196160681346,-41.4285388155752,-112.674036121032,-73.1881943290184,-46.392982642274,-109.840730619475,-131.552156052221,-74.3430868689774
28-Jan-2025 17:23:13,35,53,-0.0699378574887912,0.431066950162252,0.0394688951472441,-0.955914016564687,0.233176983396212,-0.140591679016749,0.109958542883396,-112.456421285495,-133.957185878033,-72.708816765071,-136.185930195772,-112.702533783801,-66.746576929482,-68.5224708836437,-2.80224898694656,-42.6054799209357
28-Jan-2025 17:24:05,208,54,0.0424681983888149,0.399855870008469,0.0489858811100324,-0.934236840407054,-0.33605419198672,-0.0889966150124868,0.0796790247162183,-43.5530456872237,-64.244307710177,-37.3264870764687,-65.966461622844,-60.6513744018562,-29.5375723914698,-134.318255381954,-59.5953514657446,-55.3640673256844
28-Jan-2025 17:24:55,222,55,-0.00413704126452406,0.389454680681229,0.00931878238916397,-0.977746562163035,-0.160096357266108,-0.135137918591499,0.0108901239931583,-56.9177228212992,-56.2275676979379,-30.7404596447764,-60.0023709135156,-93.0352738903135,-48.8480975889435,-98.560744539194,-44.3666492005957,-32.478522152549
28-Jan-2025 17:25:59,275,56,-0.0318652406334877,0.394357510407766,0.0157556630671024,-0.96824676990509,0.238871577382088,-0.0722070117791494,0.0149929409846663,-92.8742385026282,-61.9441555822749,-33.5069082768074,-95.2421843373844,-88.9200197250045,-44.8217416355605,-39.2439937203152,-42.4231761852409,-30.91817202724
28-Jan-2025 17:26:52,120,57,0.0187734900663296,0.395905762910843,-0.0045412982814014,-0.964610739549001,-0.184894827008247,-0.158709122737249,0.100754455228647,-44.2989231907247,-52.3771342426106,-5.86257450120735,-74.7746437800828,-103.233478381017,-53.829206077504,-105.589553882835,-66.1831272568603,-40.9514403035355
28-Jan-2025 17:27:41,241,58,0.041656532138586,0.416094676653544,0.0622941734890143,-0.972382517655691,-0.0739019965132078,-0.15330983599027,-0.159708790977796,-112.481532616878,-74.1789323591639,-40.6621374634358,-68.0182728858917,-69.0343319727417,-43.2840758871697,-111.487724287377,-106.212213502547,-61.4342052534572
28-Jan-2025 17:28:26,80,59,0.0544942413767179,0.399040329456329,0.0348687469959259,-0.976522580782572,-0.120821939408779,-0.0730021168788274,0.16271568040053,-44.3019525776291,-55.8323336568117,-29.2984736829971,-88.3001608731156,-58.3575866276201,-36.3832283402725,-100.134628018373,-96.2793015536722,-56.2496638113203
28-Jan-2025 17:29:35,263,60,-0.0406012100478013,0.378669641415278,-0.00719310979669293,-0.974147494633993,0.0922774861256282,-0.121055183808009,0.166934763391813,-39.4709533571757,-65.9593500269986,-34.0746883899359,-83.2666430774448,-99.4141837092565,-56.9756781803991,-41.8106188492521,-33.6092508740409,-26.7384844741314
28-Jan-2025 17:30:32,280,61,-0.0591886386275291,0.436522910992305,0.114030950764815,-0.889860769112905,0.146819995840391,-0.0138378956044714,-0.431740866104762,-179.684824326855,-134.290467413789,-76.7848463734873,-58.4870464381651,-71.3549591285892,-47.8413875689527,-80.677302971825,-58.4316384765193,-37.7998473059175
28-Jan-2025 17:31:16,184,62,0.077853512763977,0.399347871541977,0.0693891415993373,-0.978317018349965,-0.160552504658699,-0.125624144077301,-0.0365690154333909,-63.7926164064189,-80.5362441672808,-41.3323252597041,-51.0790963189229,-49.8947323136185,-36.9862258653041,-99.6762274046425,-122.075940830757,-69.9743738627029
28-Jan-2025 17:32:01,64,63,0.0583356154461702,0.40494549870491,0.0399885915219784,-0.960308961073558,-0.237767927845319,-0.0635806128382683,0.131265499194463,-45.3911631947563,-64.7632564338697,-34.2550111604876,-81.6054665229949,-56.2361705021735,-37.0163053242534,-122.641122291292,-97.9378498399632,-55.5284005698927
28-Jan-2025 17:32:53,169,64,-0.0675125196576118,0.430540589491526,0.0213645937542121,-0.967348476250966,0.237145427862803,-0.0239797409623861,-0.0861625318725904,-137.021143799416,-116.869652058274,-59.4946087811338,-112.329471431088,-130.855515865975,-73.9749681131898,-67.6324230111127,-10.0468001060691,-42.1762217289388
28-Jan-2025 17:33:58,239,65,-0.00275614710214237,0.374545552333196,0.0409480618933837,-0.979303689797719,-0.062664861480395,-0.110291594266891,0.15771239499251,-33.4840815430475,-62.3000137613289,-31.2440281557392,-73.374162080495,-47.6897496085099,-24.7201186568306,-71.510086157665,-35.0146247510776,-23.4228456832949
28-Jan-2025 17:34:52,129,66,0.0440934491654237,0.436670857667923,0.098696564634641,-0.95691917737325,-0.230770573019981,-0.0830729722976685,-0.155401189128558,-116.882506388805,-123.679098533397,-67.5336369779255,-67.5621484646437,-29.79132485508,-17.7178702909163,-150.295333248005,-124.192459794642,-70.2510661956171
28-Jan-2025 17:35:50,333,67,-0.0154258597642183,0.395568960905075,0.051213014125824,-0.951766498883565,0.259787732362747,-0.115046210090319,-0.11582422008117,-115.857609092452,-65.6644335664244,-37.7483646671485,-82.8680051281296,-57.4867913447542,-31.398612495786,-41.1103798802893,-57.9506965174507,-33.996863006924
28-Jan-2025 17:36:27,50,68,-0.0459948914746443,0.415230866273244,-0.053677882005771,-0.929655392964681,0.198270736138026,-0.0767253120740255,0.300903246800105,-2.17561122710829,-12.0812010249271,-7.81069187271812,-132.780525129195,-135.799888639129,-69.1395790129542,-11.0415691209047,0.53991490967214,-2.45280990827773
28-Jan-2025 17:37:11,101,69,0.00531008709222078,0.381033416589101,0.057111835728089,-0.97924603621165,-0.0890396878123283,-0.108686878283819,-0.146069718400637,-79.14814323086,-54.9648318155287,-31.6074288192176,-37.669509184322,-51.6368820032308,-28.0657344430346,-82.2191836819483,-43.1129717182447,-28.9328293427332
28-Jan-2025 17:37:51,376,70,-0.029597046226263,0.406420769294103,0.0550702887276808,-0.973388667901357,0.0809433286388715,-0.0797380954027176,-0.199008998274803,-123.079191413512,-87.2454788063701,-49.057907594209,-69.0615295298409,-86.6056806289892,-46.0741576339002,-80.5690280952796,-52.3413633431056,-34.7315077193835
28-Jan-2025 17:38:20,263,71,-0.0267549189428488,0.379290056228638,-0.0140505500137806,-0.924836230278015,0.192562364538511,-0.102773302793503,0.311504968007406,0.977001666690187,1.03310471975879,-0.310876434753776,-108.84421884903,-71.7884659430784,-35.9522451937618,3.98117697558289,-9.15466619085923,-7.30508338919421
28-Jan-2025 17:39:12,302,72,0.00868072646359603,0.404776992400487,-0.00497913996999462,-0.933653461933136,0.126952746510506,-0.0703987568616867,0.327442002296448,-47.2934226473029,-55.5555593932725,-32.7164641849728,-133.691428775318,-89.7439678665101,-48.0384689987855,-67.7502677128451,-74.3073705736396,-40.7925230954506
28-Jan-2025 17:40:02,325,73,-0.0449183195829391,0.384274015824,0.0913825675845146,-0.968042687575022,0.176821738481522,-0.139641780654589,-0.110125482579072,-92.3105790295154,-100.160851740543,-54.4907213896458,-58.7586938336945,-46.920429558,-28.14691945037,-35.5971956312613,-35.2636293418953,-24.3921794211972
28-Jan-2025 17:40:42,20,74,-0.0346934308608373,0.361609613895416,0.0815835078557332,-0.979013097286224,0.133804751435916,-0.129301520188649,-0.0831311230858167,-64.5037909844756,-81.7906823866919,-44.0288058115416,-37.6728397265613,-34.411128560226,-19.9897423377051,-21.9730937851859,-25.1398583930647,-18.0409210008936
28-Jan-2025 17:41:23,166,75,-0.0504602439701557,0.400416505336761,0.0884697005152702,-0.922078613440196,0.199247661232948,-0.0741706863045692,-0.323373061418533,-137.366869261888,-101.465274667699,-57.6869973305344,-47.6224629545218,-66.0434244778385,-35.638937818701,-45.0706518880596,-39.9071960694821,-26.8392141952366
28-Jan-2025 17:42:04,291,76,-0.0387201907734076,0.405840561787287,0.0936797936757406,-0.930199007193247,0.218185771505038,-0.11303274333477,-0.272668991486231,-139.137980002008,-106.475298283901,-61.5566679666642,-60.6612318465164,-57.6640232259057,-37.0824720926135,-50.9646746145092,-54.0467466416359,-34.3705127981651
28-Jan-2025 17:42:49,56,77,0.0130758350094159,0.386545201142629,0.00412435363978148,-0.983074637254079,-0.104387262960275,-0.133314939339956,0.0699618339538574,-50.3654182660458,-52.1523993480914,-31.7615373760113,-67.1691904860972,-89.6903604676806,-52.5212476266781,-85.1814175644099,-64.5606461595265,-37.8547136787736
28-Jan-2025 17:43:36,254,78,-0.0297871574759483,0.402626840273539,-0.0355036251246929,-0.948946762084961,0.0943182716766993,-0.119260654846827,0.276371272404989,-46.3993178338185,-56.5839822657067,-17.0704382430019,-118.970290752169,-113.523338867793,-65.0229902528798,-64.0878746990528,-48.3521470339792,-32.2865396463888
28-Jan-2025 17:44:17,99,79,0.0116988997906446,0.41615558664004,0.113426256676515,-0.979167048136393,-0.0341086106995742,-0.110593397915363,-0.166846146186193,-110.310950187734,-132.046131197559,-61.8212597775525,-38.0624670927424,-21.3971642547383,-16.4632220239584,-98.4612860424854,-108.090118052441,-59.3217552853468
28-Jan-2025 17:45:24,336,80,-0.0333062939345837,0.38220455845197,-0.0294825622191032,-0.969042189915975,0.118962583939234,-0.106296679377556,0.188430895407995,-40.8799657450909,-51.6592278836456,-24.8396747886051,-88.3768707795843,-104.747481569043,-59.1420333536105,-39.2922181142043,-35.0508894038872,-27.9872491596304
28-Jan-2025 17:46:14,335,81,0.0249745145440102,0.38240941564242,0.0661070282260577,-0.959536468982697,0.0492572657763958,-0.156969827413559,-0.228525711099307,-98.9645658575467,-54.70904517988,-25.3860870518764,-34.6934636683412,-47.146814077263,-29.6090962251197,-60.373549969767,-69.9070108554746,-45.9109342658538
28-Jan-2025 17:46:58,182,82,-0.035091211895148,0.403871621688207,0.055935059239467,-0.962281747659047,0.220278432965279,-0.146793364485105,0.062793246905009,-98.1770634339877,-98.2183348445936,-51.266411069764,-108.181590739137,-65.6923404669159,-38.7804851065994,-52.6841898197592,-50.9781983721313,-33.3967675923509
28-Jan-2025 17:47:41,158,83,0.0129670866454641,0.401959347724915,0.00467362077906728,-0.959230327606201,0.105073118706544,-0.0828681747118632,0.24893713692824,-57.9970601176776,-60.9968352775732,-36.0912276941555,-120.923072489311,-82.7332397786973,-48.5104744209536,-68.8847422652253,-77.813649138928,-47.3748395749702
28-Jan-2025 17:48:41,385,84,0.0595774081846078,0.433565779527028,-0.0191293254494667,-0.975375699996948,-0.0938191577792168,-0.130013467868169,0.151448716719945,-73.1946347538142,-63.9565131604672,-39.9804711600857,-116.462011437071,-136.365159211724,-77.7478252872312,-120.628681149955,-138.331470603441,-80.1430449273695
28-Jan-2025 17:49:30,4,85,-0.0259909526755412,0.402833026647568,0.0878866558273633,-0.945138096809387,0.142460908492406,-0.115842387576898,-0.270184101661046,-130.061230935878,-95.5067547400471,-57.742428004035,-56.6993326129401,-61.1596686893258,-36.6254093928312,-63.7549295081262,-59.2723519708569,-38.3377667130665
28-Jan-2025 17:50:13,160,86,-0.0452348885436853,0.413675405581792,0.0645831142862638,-0.969312878449758,0.0927606488267581,-0.0750437140464783,-0.214933669567108,-130.900610796843,-112.604499404418,-64.165179306958,-70.6550213600894,-92.8024690289881,-53.4924351897199,-81.6232919952017,-53.3955604233241,-37.854472433952
28-Jan-2025 17:51:01,196,87,-0.0133610850200057,0.405893830458323,0.0826753516991933,-0.992240834236145,0.0302312206476927,-0.110980655749639,-0.047196488827467,-97.8247066292354,-115.349510712568,-65.7619507455939,-81.860075307243,-63.9143774313832,-41.4960285036384,-83.8398381031784,-71.8256970902011,-45.3094178139091
28-Jan-2025 17:52:07,248,88,0.076351227859656,0.433689602216085,0.0355855857332548,-0.947671111424764,-0.259291253487269,-0.0538884540398916,0.178279405832291,-62.0317329926332,-76.5979302746901,-43.4697933688012,-110.739899757837,-78.6025434201266,-48.872931004237,-153.236590793633,-125.222155789856,-73.8740856368619
28-Jan-2025 17:52:58,29,89,0.0991968721151352,0.417740656932195,0.0415210495392482,-0.944373607635498,-0.286044241984685,-0.162283412615458,-0.00112316193214307,-60.3687281294265,-59.3081520181381,-22.1004088128759,-62.3536973315802,-71.3539472150464,-43.4862308060879,-134.949569239187,-130.545656361104,-78.352743310326
28-Jan-2025 17:53:52,58,90,-0.0338757666448752,0.418115991353989,-0.0362164969245593,-0.898125541210175,0.204523580272992,-0.0838583861788114,0.38014266093572,-53.2547883733571,-62.3951372293242,-35.1348411385903,-152.706907902639,-113.486219904335,-67.5743535368741,-60.3664177687424,-34.1955638716878,-38.2893381934843
28-Jan-2025 17:54:44,262,91,0.0395431826512019,0.428656327724457,0.0887323518594106,-0.956993675231934,-0.0954114784797033,-0.140346480409304,-0.235292633374532,-130.794839343672,-101.834526800834,-61.0682508713774,-63.5152923466589,-73.1876923694767,-20.041828049486,-125.715005471357,-116.182076899931,-73.1941603585097
28-Jan-2025 17:55:23,88,92,-0.0659849941730499,0.435866798957189,0.103073541323344,-0.935787983735402,0.268547224998474,-0.148260876536369,-0.173787158727646,-154.576741969904,-142.63942629043,-79.2890953045301,-104.825935579005,-75.7189102058214,-23.064843322518,-67.5742678033144,-47.1944033782186,-42.2551436379446
28-Jan-2025 17:56:15,48,93,-0.0664375508824984,0.442324076096217,0.116853309671084,-0.891429710388184,0.270131154855092,-0.090421998500824,-0.352428877353668,-182.329729045445,-143.782936275993,-80.2668537478123,-84.201438452246,-70.9866744134067,-49.6992347100637,-66.617365870547,-66.042162883257,-38.1532395169325
28-Jan-2025 17:56:52,18,94,-0.0451235761245092,0.40785218278567,-0.051834986358881,-0.954389973481496,0.175521060824394,-0.0406239320834478,0.238079465428988,-17.4284962835162,-31.8767122295523,-19.0368385026231,-119.122517948353,-129.256738274221,-71.3171163351284,-37.4520338336028,-12.9174899064897,-8.49810614456389
28-Jan-2025 17:57:21,67,95,0.0511856898665428,0.401210896174113,0.0658072640498479,-0.956141984462738,-0.111208235720793,-0.166299373904864,-0.213938703139623,-101.281316858378,-56.4593112666581,-32.2370491276017,-27.6449092069698,-27.8508397351935,-19.8779546303535,-102.006250256923,-96.0275157074794,-51.7165833204764
28-Jan-2025 17:57:52,205,96,-0.0264029874155919,0.41509618361791,0.0629101241628329,-0.985815409819285,-0.0245707053691149,-0.0906988923748334,-0.139061309893926,-116.957363927781,-108.266744036848,-60.898607152912,-77.8154491440479,-86.8677848239372,-49.2592070440973,-104.052617020295,-61.7588047221542,-41.4298460525252
28-Jan-2025 17:59:02,347,97,0.0729890242218971,0.398319613933563,0.0544170175989469,-0.936470230420431,-0.334529441595078,-0.104641834398111,-0.0127937256048123,-47.4509564991844,-60.6125418761646,-33.6962050562773,-43.5055668216633,-51.7312003310481,-34.3355828959378,-127.554615026054,-94.0260464914621,-57.4705542131341
28-Jan-2025 17:59:38,307,98,0.0453129482765992,0.413536872466405,0.0622611495355765,-0.944734446207682,-0.197343603769938,-0.158737430969874,-0.208170141776403,-106.776959185207,-68.5152052192995,-38.4293731395498,-48.5101796077623,-64.8087235075368,-40.2036654531762,-128.984063715198,-95.6146418493846,-58.5503824499244
28-Jan-2025 18:00:23,54,99,0.000829548990198721,0.398933504025141,0.104986344774564,-0.982102648417155,-6.44393903106296e-05,-0.111296269794305,-0.151945960521698,-97.9250616501133,-115.690285191079,-64.1806200072097,-52.0067574534504,-50.3753718549557,-37.9494387873002,-78.3552977758988,-91.6455382428934,-52.7063846015108
28-Jan-2025 18:00:50,26,100,-0.0248219313720862,0.414657990137736,0.0984879046678543,-0.981628115971883,-0.0226296626031399,-0.0727939109007518,-0.174914913376172,-116.282481133978,-130.934247410548,-72.9228461977546,-63.5457487287631,-70.5701275892445,-46.7039328745778,-99.2717756136834,-80.4712015697878,-46.1278848822997
28-Jan-2025 18:02:22,269,1,0.000880069739650935,0.320982887347539,0.0418853928645452,-0.993905886014303,0.017725532501936,-0.108617642025153,0.00625601547459761,-5.70000000000001,-15.8249999999999,-4.80000000000001,-5.70000000000001,-12.225,-4.95000000000001,-5.40000000000001,-7.50000000000001,-5.55000000000001
28-Jan-2025 18:02:53,193,2,-0.00354234133847058,0.326041909058889,0.0397049198547999,-0.992810042699178,0.0365812179942926,-0.11017585893472,0.0291776079684496,-8.62752572618598,-19.5266610583768,-8.80006590340435,-14.4544257125752,-16.7840620961725,-7.9162693767684,-7.55286513139167,-9.15482897791904,-6.63289738675145
28-Jan-2025 18:03:23,199,3,0.00141242035509398,0.33338472644488,0.0426785243054231,-0.993844000498454,0.0193216070532799,-0.109083285927773,-0.00128401437929521,-18.6815229458659,-23.8522135586052,-11.6685287170881,-16.6413554980497,-20.2992700258467,-10.6233120155081,-17.0553838772323,-16.3166418347541,-11.9976136098642
28-Jan-2025 18:03:58,126,4,-0.00671638222411275,0.338060661156972,0.0355171879132589,-0.988329577445984,0.0940338934461276,-0.106445171435674,0.0550611510872841,-21.9449652351782,-23.0436078465149,-10.6209805598053,-35.6232940633753,-22.951161793207,-12.5903891807004,-10.7790199043137,-14.0260856459383,-9.54815138756304
28-Jan-2025 18:04:34,130,5,-0.00539777896677454,0.341695543130239,0.0412410539885362,-0.988576185703278,0.110139684379101,-0.101092759271463,-0.0191495016217232,-38.4413586227301,-28.303330619132,-11.6054358714793,-31.0201537716546,-24.7670971363101,-14.3326395086449,-12.3933771031806,-19.7903193339026,-13.3043923750673
28-Jan-2025 18:05:06,364,6,0.0265188579758008,0.337943160533905,0.0539473071694374,-0.978772485256195,-0.177034463485082,-0.0992153426011403,-0.0286284940938155,-11.6823518995809,-24.8727753517388,-14.2680288454624,-1.80953773377838,-16.9383974884129,-1.1860072430479,-50.7702071678324,-26.8248732207999,-16.384302868403
28-Jan-2025 18:05:45,181,7,-0.001956217813616,0.341101098060608,0.0544330137471358,-0.989769915739695,0.0187741505602996,-0.109878359735012,-0.0890496179461479,-39.5545779552168,-31.0601541763538,-18.057513710521,-13.0259860412133,-22.4854809914141,-10.2627729698485,-24.521298261663,-20.5912852645864,-12.9806815835934
28-Jan-2025 18:06:25,300,8,0.0325613180796305,0.353188172976176,0.0446296205123266,-0.991767223676046,-0.0348443413774172,-0.115874261160692,-0.0419149669508139,-37.5465957389156,-31.027141219637,-14.8917144192821,-24.3236446047649,-31.6598954431219,-18.8918909341564,-43.0716081384937,-55.2618609750004,-31.70037422323
28-Jan-2025 18:07:04,75,9,-0.028620658069849,0.347800141572952,0.0575636049111684,-0.989164996147156,0.080451754728953,-0.106734380125999,-0.0607283892730872,-44.7136871463708,-59.5853008230356,-34.1827952415916,-24.9833332290722,-36.3255354792124,-24.0948248277274,-19.3988282313556,-18.4789364340497,-14.0252524854298
28-Jan-2025 18:07:46,34,10,-0.0135607258106271,0.368313533067703,0.0257439620792866,-0.959798618157705,0.204346941908201,-0.100254006683826,0.164250108599663,-45.2379074299268,-44.2547961174276,-19.9292350923314,-86.2434663839262,-42.3181242878239,-22.056864169952,-22.5549037978009,-29.2349682183029,-21.4671334326628
28-Jan-2025 18:08:20,83,11,-0.0213600275417169,0.363112231095632,0.0705490837494532,-0.972192684809367,0.106139922142029,-0.0990479672948519,-0.183753212292989,-78.7932892750268,-58.0805343711721,-33.2160046803498,-27.8704678301559,-34.7863701866775,-20.7919139477124,-31.2465945146273,-26.7895723948652,-18.0069224078713
28-Jan-2025 18:09:07,224,12,0.0511118004719416,0.36707918047905,0.0477412228782972,-0.991094108422597,-0.0495307152469953,-0.0781377931435903,0.0957795162995656,-27.8169779361548,-46.9745952734277,-25.6554508047772,-53.0611768114192,-35.0898484731514,-23.8620804706092,-57.2824881196962,-81.4613299541603,-44.767011311921
28-Jan-2025 18:09:51,265,13,-0.0250956529130538,0.359426470597585,0.0138575162738562,-0.99079913298289,0.103064472973347,-0.0873508706688881,0.00804053327689568,-46.2196280354981,-41.8301732903611,-24.5866332065079,-48.5938391562077,-69.0451986811108,-40.118657036883,-27.390837513364,-28.0389193227568,-19.0750947577165
28-Jan-2025 18:10:29,376,14,0.00925024623672168,0.374175864458084,0.00381824588403106,-0.970415961742401,-0.0646548574169477,-0.122341986000538,0.197851206858953,1.31724347561404,-1.62488752800689,-2.93657985567131,-74.9518672339246,-71.1011205022352,-38.9369607736842,-69.4163808322807,-49.5049608132869,-26.8936533365447
28-Jan-2025 18:11:21,17,15,0.0106169183428089,0.351674731572469,0.0770938123265902,-0.980012631416321,0.047338356077671,-0.129262737433116,-0.143615787227949,-55.4959299579536,-54.9735321310924,-31.0534812339618,-11.4817877243205,-26.9183482392392,2.74296963311683,-27.5132017029265,-54.3935190226764,-28.8594856695986
28-Jan-2025 18:12:05,66,16,-0.014995138036708,0.360831449429194,0.0427599519491196,-0.971482829252879,0.203772034247716,-0.115786735713482,-0.0359384529292583,-66.2919621059354,-40.9243885414409,-18.8497261451043,-54.6131888281271,-34.6260056553662,-18.7536141048894,-16.7469448374953,-28.1644386982125,-16.9927492891405
28-Jan-2025 18:12:34,176,17,-0.00631500960638126,0.362141788005829,0.0391900680959225,-0.992336205641429,0.0105668486406406,-0.119110387563705,0.0311443239450455,-42.1628061981396,-48.8112058074539,-27.2370828223467,-50.1856790150445,-45.34352304098,-28.8297900039196,-46.9275504178984,-32.7708834413619,-21.8534132428539
28-Jan-2025 18:13:21,131,18,0.0206012570609649,0.367319536209106,0.0745041886965434,-0.985222657521566,-0.0830718318621318,-0.105926222105821,-0.105901273588339,-56.5556855004873,-66.8220997478126,-34.2149204828914,-25.1388538928038,-34.9015107687127,-8.18040913914503,-64.8812009155276,-62.823963655709,-34.9590908093442
28-Jan-2025 18:14:14,36,19,0.000515437380333121,0.37298576037089,-0.00361638070705036,-0.969565451145172,0.100672756632169,-0.070456030468146,0.211763601501783,-30.6050915545723,-39.4765652065027,-25.4478656032409,-85.9667110713717,-77.2546041843211,-36.7872855284508,-39.7705715394127,-58.1895456248728,-30.8509675694066
28-Jan-2025 18:14:57,325,20,-0.0248463682830334,0.380672959486643,0.0892247925202052,-0.968467529614766,0.0158361128220956,-0.0679941823085149,-0.239158267776171,-96.5395945354851,-84.8304398555002,-46.6084589645375,-27.6392626837339,-42.4607244885711,-9.27381036262201,-61.5488062507265,-37.6803515209889,-24.5067132465003
28-Jan-2025 18:15:45,160,21,-0.00322064308760067,0.392962169647217,0.0503797506292661,-0.992416636149089,-0.0360398295025031,-0.100067180891832,-0.0616193535427252,-85.6159405794147,-70.210860292758,-40.5598996758951,-66.2485877841178,-56.9337312637055,-33.2339485655418,-85.786097029401,-51.2844951578412,-29.8833589037739
28-Jan-2025 18:16:31,263,22,0.00398127846419811,0.381644862890244,0.0144145497431358,-0.967270569006602,0.0132294970874985,-0.104048838218053,0.231055172284444,-35.3087583903843,-49.6747065769027,-25.7688147560587,-93.2961746883864,-61.4088269126438,-34.4046904894146,-66.6953034434058,-49.0900533242575,-28.169801598133
28-Jan-2025 18:17:15,227,23,-0.0149983598540227,0.369125201304754,0.0865346903602282,-0.982266410191854,0.0294023527453343,-0.0927102968096733,-0.160290398200353,-74.4042346091867,-80.5180566205732,-47.3520810185101,-28.5333607191168,-37.7913081792762,-24.973123444003,-46.915802193224,-45.9508180053304,-26.6901110158153
28-Jan-2025 18:17:52,2,24,-0.0135565351694822,0.384714297453562,0.0597224163512389,-0.985163966814677,0.127164945006371,-0.115002252658208,-0.00745483770345648,-79.9997585221768,-80.9140094292602,-45.5310868776722,-74.9510562481229,-49.3288393429912,-31.5182190210069,-51.0119035421508,-56.0705815493436,-32.4326901609052
28-Jan-2025 18:18:18,261,25,0.0960419024030368,0.391506334145864,0.0519194739560286,-0.95516738096873,-0.269433186451594,-0.1226115355889,-0.00523414590085546,-29.1382594026887,-18.5740003921713,-11.0907061190774,-35.7122485838852,-19.2346355479599,-12.7608911536049,-105.582533730502,-109.009387896075,-56.1950510533529
28-Jan-2025 18:19:00,127,26,0.00150278777970622,0.375691244999568,0.0360021581252416,-0.989341215292613,-0.0246059641242027,-0.099248838921388,0.103673546512922,-43.9189904284841,-47.6918640816373,-25.4057442359165,-70.6675049034827,-46.6428715757677,-25.663690574697,-68.0869504220132,-42.1265381193711,-24.5538994166733
28-Jan-2025 18:19:28,107,27,0.0565932790438334,0.367666528622309,0.0475987215836843,-0.945143083731333,-0.308856606483459,-0.102907600502173,0.026873346293966,2.37249991050519,-4.48535171652361,-2.2697732427241,-25.1958445843077,-23.9639543658155,-13.0378047266263,-96.601430751775,-60.4857016932848,-30.5228498827777
28-Jan-2025 18:20:06,185,28,-0.029910996556282,0.377749174833298,0.0699389383196831,-0.963152468204498,0.19122377038002,-0.11184403449297,-0.152518127361933,-96.9052157651991,-69.3132885603486,-38.399535537952,-53.750952583061,-43.1945065070293,-19.4795184543192,-33.8349566133176,-34.6934607030397,-22.6035650058621
28-Jan-2025 18:20:55,250,29,0.0529864760736624,0.385853616396586,0.0386436668535074,-0.9715855717659,-0.185354043046633,-0.0819914301236471,0.122240720689297,-33.6508228356651,-50.0390643377229,-25.3189583015833,-66.4697401477255,-46.7740540953835,-29.9061490153257,-97.9664833252553,-79.3959104288583,-46.4543456161614
28-Jan-2025 18:21:35,321,30,-0.034928318609794,0.387073578437169,0.106102584302425,-0.962976837158203,0.11666786968708,-0.106603590150674,-0.218403175473213,-102.656800467854,-109.1635239342,-53.7726758677871,-39.3425992349928,-8.39591603739441,-7.51122870023888,-44.8429637093165,-53.6324384168426,-29.4231078143415
28-Jan-2025 18:22:27,225,31,0.0122238853325446,0.391147963205973,0.0335051834583282,-0.970540110270182,-0.162473093469938,-0.106898856163025,0.142221799492836,-44.1867706383746,-63.7445327882221,-30.1099258503826,-81.1813235402029,-53.280029738532,-32.6763615793634,-102.822989692972,-50.612595283009,-31.2894370211204
28-Jan-2025 18:23:13,10,32,0.0081010311221083,0.3953682243824,-0.0267509387185176,-0.983838840325673,0.0311746342728535,-0.0884460637966792,0.152533958355586,-51.2178128496215,-49.6535305191868,-32.5314483806621,-90.9273146747102,-117.45304964242,-66.3555604325904,-68.6387604828297,-84.0336723671307,-47.5567518370346
28-Jan-2025 18:24:01,318,33,-0.0132286733637253,0.405705612897873,0.0278683637579282,-0.992038242022196,0.014515192558368,-0.10359738022089,-0.070121934513251,-101.939479476467,-65.4540588880508,-38.7015156481655,-80.8274298703931,-94.3156515656072,-53.7319970954987,-90.3191593608685,-59.6413054501011,-36.6627477661193
28-Jan-2025 18:25:12,110,34,0.0705477128426234,0.402474373579025,0.0364889378348986,-0.97902782758077,-0.137994700670242,-0.0586432362596194,0.137923675775528,-45.7334316396905,-54.6921944318871,-28.8726491764188,-84.9074693046553,-58.0091870140181,-39.568496885161,-103.517263230658,-110.113574943211,-60.6921364212737
28-Jan-2025 18:25:55,330,35,-0.0039131841622293,0.40500293970108,0.051774067680041,-0.976007505257924,-0.055787338813146,-0.104473373790582,-0.182708656787872,-111.057029075228,-67.6961583623014,-39.6271749828048,-60.2149744713671,-70.5394921783593,-44.4800264630709,-101.408828963424,-62.9787057297992,-35.0853397318782
28-Jan-2025 18:26:40,276,36,-0.0732490132252375,0.43082057038943,0.0614869520068169,-0.966101368268331,0.221694282690684,-0.127755987644196,-0.0343251014749209,-128.036971979111,-140.575486327204,-77.4727538818602,-116.451553236009,-111.005171288192,-61.8906975118715,-71.4007982447125,-37.5089007629522,-39.7728992031247
28-Jan-2025 18:27:14,242,37,-0.0630338529745738,0.397332380215327,0.117848544816176,-0.96112885872523,0.137116560339928,-0.0860726406176885,-0.223655690749486,-107.727430422084,-118.410298676027,-62.4353668868909,-30.225561826863,-34.7613524660877,-20.8499532200783,-43.198768763109,-14.3814979862361,-17.8626781644183
28-Jan-2025 18:28:08,155,38,0.0696347773075104,0.404142795006434,0.0451952795187632,-0.935337364673615,-0.33537380695343,-0.0957008933027585,0.0592437321941058,-44.3712868400759,-59.9580079351902,-30.4408880434441,-60.0864661637349,-56.2059032261908,-36.334374271422,-135.696323692263,-92.3855279853217,-58.0629964504497
28-Jan-2025 18:28:55,27,39,0.0149539180099964,0.390580699841181,0.078093018134435,-0.971459984779358,0.0128768203780055,-0.135480573773384,-0.194280112783114,-99.3619735865672,-79.7077179229439,-45.5330804814096,-44.0510512216033,-49.4467608262636,-33.0498800877069,-75.7682211730035,-82.1484093237911,-48.6325929435312
28-Jan-2025 18:29:59,400,40,-0.0418792588015397,0.38119882941246,-0.0141511851921678,-0.974442044893901,0.099870111544927,-0.121902542809645,0.160088935494423,-42.9143987067509,-66.4677082144857,-35.7624964089681,-83.4794172919887,-104.03552204538,-59.4700512651327,-42.1745825591129,-35.4399583171777,-27.1131974118909
28-Jan-2025 18:30:52,265,41,0.0170367221037547,0.423467948039373,0.0953566362460454,-0.948379302024841,0.0611065059900284,-0.15678169131279,-0.268816330035528,-143.596549093695,-110.602842254757,-64.6743440579303,-66.9297470377218,-64.7429986632223,-44.2062550959202,-97.9913516587089,-108.459241960508,-64.2973244573223
28-Jan-2025 18:31:31,92,42,0.0446796484291554,0.395584579308828,0.0644501487414042,-0.989137430985769,-0.0774684185783068,-0.116335215171178,-0.0455183992783229,-74.4937958368198,-75.451572217799,-44.6640238283027,-59.487741437386,-53.0893505068704,-33.8888382531153,-89.0610938620068,-100.593402893556,-59.1198220101672
28-Jan-2025 18:32:27,37,43,0.0431243735055129,0.415099253257116,-0.00317722562079628,-0.954605996608734,-0.237099099159241,-0.168996524810791,0.0628619919220606,-62.340776644205,-59.9081672019735,-37.5241529237564,-80.4611758979146,-112.41394563533,-65.3300136439721,-131.359508217096,-102.788992209047,-62.0444994200146
28-Jan-2025 18:33:14,97,44,-0.0127772863333424,0.415873912970225,0.00845382815847794,-0.990042964617411,-0.0650682667891185,-0.124708058436712,-0.00538373754049341,-96.2226087635914,-72.1670808437586,-42.6110805569039,-90.4492302472607,-113.346704961065,-65.5523872307252,-110.425069328499,-66.8830993454589,-43.0090493748433
28-Jan-2025 18:33:48,362,45,-0.0337163055936495,0.417498195171356,-0.037867870926857,-0.975273501873016,0.00759170105059942,-0.143595324953397,0.167822455366453,-67.9933559773804,-64.4352954638428,-39.4423321291505,-110.201843221428,-137.731655603929,-78.3912683701761,-91.4177360027308,-40.2138734945003,-39.5015934987518
28-Jan-2025 18:34:27,87,46,0.0524335446457068,0.391759781042735,0.0437943498293559,-0.989793999989827,-0.0806969612836838,-0.102187786996365,0.0579099200665951,-56.5287160176062,-53.8341172294104,-29.2166269129676,-72.5446568812945,-57.1877572261078,-35.8313338602063,-86.6151033642495,-92.5100281030924,-60.3395610976729
28-Jan-2025 18:35:05,192,47,0.0790879572431246,0.391550892591476,0.0517578554650148,-0.933591938018799,-0.338408062855403,-0.117810901006063,0.00254490405786782,-8.10329942187948,-32.8930686979226,-15.376803525004,-13.9901015403504,0.915362959123247,-1.61654003432473,-120.214825749758,-87.9554332704934,-49.5504677559496
28-Jan-2025 18:35:31,364,48,0.0780120804905891,0.425864179929097,0.0574577731390794,-0.909110323588053,-0.350296288728714,-0.181691003839175,-0.133413924773534,-87.4232326220849,-55.8844877380881,-30.623364250745,-40.5405546120618,-32.9375247449445,-20.6468677864936,-158.91051880368,-118.428638248511,-65.4416730490148
28-Jan-2025 18:36:39,78,49,0.0344037567575773,0.405818247795105,0.026183128853639,-0.947808114687602,-0.26215492884318,-0.106534756223361,0.146917885541916,-45.4652739576934,-60.1422926262183,-32.8498951476455,-86.9402508741802,-70.3281949728967,-41.4663477005442,-130.209103948081,-83.1482609940618,-44.475988673825
28-Jan-2025 18:37:42,180,50,-0.0708728715777397,0.427580551306407,0.121875387430191,-0.927064406871796,0.192845252156258,-0.0513320634762446,-0.317375701665878,-155.018993123552,-142.553773559869,-78.4490636584336,-65.9599579366861,-61.0669459984531,-45.0924094309039,-62.0442287657865,-55.0264437707041,-29.3094460057082
28-Jan-2025 18:38:18,248,51,0.02079428670307,0.391883144776026,0.0516316493352254,-0.981673427422841,-0.140826975305875,-0.10697259157896,-0.07100683649381,-77.1072267488541,-66.5925755302547,-40.9833525781042,-52.7246896259184,-55.1737753817449,-34.1298411438372,-99.9270185385445,-67.5926906500778,-39.3954263296723
28-Jan-2025 18:38:54,238,52,-0.00521371796106299,0.37645169099172,0.0659500951568286,-0.981253532568614,-0.0983204454183579,-0.0874840627113978,-0.140787705779076,-74.2233289933774,-66.904998749866,-39.2228428296356,-32.304428465941,-43.3262463080634,-25.4739197921269,-78.0459836934314,-39.8588653972029,-23.1932768198604
28-Jan-2025 18:39:35,267,53,0.0637931888302167,0.429937213659286,0.0238205060362816,-0.968615551789602,-0.197893709937731,-0.149907537301381,-0.0122365781416496,-95.6179019555805,-70.6624263832639,-19.3652383032026,-89.9976850691973,-101.156188612693,-55.8323548730122,-141.011801391444,-126.137371200456,-71.6119536158051
28-Jan-2025 18:40:33,108,54,-0.0333004221320152,0.383713952700297,0.0087352513646086,-0.945168813069661,0.137722529967626,-0.133942521611849,0.264098238945007,-38.2172956988939,-72.2124539608333,-27.6744405561954,-105.368853527033,-77.3623867437842,-40.8220335386173,-41.9514595391158,-34.6679256190011,-28.6567904080106
28-Jan-2025 18:41:20,170,55,0.00960372897485892,0.40332258939743,0.0137545831501484,-0.966996363798777,-0.129197047154109,-0.133209094405174,0.17458958029747,-52.5736720167293,-63.5324586848624,-33.6214208292277,-98.6893604288196,-88.2647730759908,-47.6739001836644,-108.580026228946,-59.8449004254994,-40.2674412816405
28-Jan-2025 18:41:54,320,56,0.0211447821309169,0.391602434714635,0.0724169378479322,-0.962486616770426,-0.132105452815692,-0.117980547746023,-0.205543892582258,-92.2702208061599,-66.7757986546629,-35.6527816880534,-16.0083618136807,-15.7076627549758,-10.8493836810448,-98.7261830767894,-64.9178615701913,-42.0812055075929
28-Jan-2025 18:42:21,373,57,0.0464896065493425,0.387566330035528,0.0208611156791449,-0.965617863337199,-0.214896183212598,-0.114599025249481,0.0909333656231562,-15.1455284537835,-22.309567440287,-13.0112268687497,-61.8406128598265,-69.4113252906978,-37.5274496287713,-103.250790140031,-79.4790846577933,-45.1996742291185
28-Jan-2025 18:43:09,188,58,-0.00341077925016483,0.397784845034281,0.0423573205868403,-0.988944498697917,0.100790122151375,-0.108000287910302,0.0128880215187867,-90.5588273287072,-64.5684819422383,-31.994640087185,-90.094308043033,-61.9595842128118,-36.0478720032787,-73.2769113918958,-61.1873716029091,-37.6184218640565
28-Jan-2025 18:44:09,123,59,-0.045441177735726,0.413906399408976,0.102202604711056,-0.930050543944041,0.1073416903615,-0.040406525383393,-0.349071784814199,-146.932423907047,-114.330560155512,-61.4392849301931,-49.2188552511184,-59.9201506183647,-11.3754294154212,-74.0868345019294,-52.0422023286318,-30.464767060749
28-Jan-2025 18:45:13,176,60,0.0604655543963114,0.410030357042948,0.0393097730974356,-0.958105723063151,-0.242676434914271,-0.0712849363684654,0.134387702743212,-49.5391458772238,-65.0859129393367,-36.2256834674646,-86.6716008807985,-58.484679344627,-39.9082501604094,-129.059324932544,-98.8523776210595,-57.0562389010525
28-Jan-2025 18:45:58,123,61,-0.03568166817228,0.415723246335983,0.0976665029923121,-0.930312748750051,0.0370372119049231,-0.029571399713556,-0.363692184289296,-148.315988376459,-110.726012160242,-57.9570727990561,-44.8753170257175,-57.3483256638334,-22.8723301594001,-89.1621968875542,-56.4626613013873,-33.0990514867201
28-Jan-2025 18:46:42,111,62,0.0602533678213755,0.422820508480072,0.0309849796195825,-0.994625778992971,-0.0104985335841775,-0.0867548127969106,0.0555242739617825,-93.6278653077697,-67.5074109198458,-43.0266984320359,-104.580084136423,-82.703191391849,-47.1016478357105,-105.532235031687,-129.102591162535,-72.9361081826542
28-Jan-2025 18:47:22,56,63,0.060467370847861,0.394447300831477,0.0402926035225391,-0.992625665664673,-0.0493873789906502,-0.0865661179025968,0.0690037469069163,-57.9206225946996,-52.4753132393296,-27.1358986686688,-75.866696138988,-54.7321256767735,-33.6278433346261,-83.561023551563,-106.609439803703,-59.5338643362209
28-Jan-2025 18:48:26,67,64,0.00416083739449581,0.428575694561005,0.103106609980265,-0.956587994098663,-0.00774264357363184,-0.11487104644378,-0.26773894627889,-143.588546559025,-123.927741358992,-66.7029895469541,-66.7051791677625,-65.6423010933707,-47.2545475011596,-111.246862724051,-107.501465263821,-62.7302952627794
28-Jan-2025 18:49:20,198,65,-0.0311886798590422,0.420883832375209,0.104226254920165,-0.961621745427449,-0.0645290493965149,-0.0235255640000105,-0.265643056233724,-133.095122646647,-126.845212198636,-70.4663882938854,-53.1928938198715,-62.7398821179533,-43.4483711604504,-109.001943883408,-63.2328033732837,-40.8553983336425
28-Jan-2025 18:50:11,35,66,-0.0474561621745427,0.433998735745748,-0.0297322983543078,-0.961312727133433,0.263593902190526,-0.00515722191582123,0.0798094108700752,-118.255501457105,-80.8272907968366,-45.4102644101077,-136.577128086484,-139.529987342786,-81.3664454999341,-69.3133816260639,-59.899715044447,-42.0440763308574
28-Jan-2025 18:50:57,371,67,0.0151036309699217,0.402273114522298,0.0611570412913958,-0.993967711925507,-0.0360780661304792,-0.0998805691798528,0.0273945781091849,-81.4678148728364,-86.1914491796346,-50.9424964609604,-85.0969586889763,-63.4055128732564,-39.6269535795957,-94.3847755510863,-82.0237627815108,-54.4324457310987
28-Jan-2025 18:51:33,60,68,-0.0496823226412137,0.409620459874471,0.0773494010170301,-0.980712711811066,0.146712215741475,-0.124815554420153,-0.0331545588870843,-106.440316163271,-120.793473975473,-67.6153695599664,-94.0962439892942,-73.6040588071302,-43.8718834751057,-68.3735696910128,-51.7945955151067,-36.3528191351111
28-Jan-2025 18:52:33,65,69,-0.0557742558419704,0.385770330826441,0.112598013381163,-0.976623678207397,0.100788665314515,-0.0903449003895124,-0.166990039745967,-90.6308490667775,-119.704110622289,-65.9743091467991,-40.0970923507313,-44.9351210311796,-29.9029339642985,-42.9762201941527,-34.2265989602323,-23.2789902891625
28-Jan-2025 18:53:33,288,70,-0.0493192963302135,0.41434567173322,0.0177877491960923,-0.93065732717514,0.232500935594241,-0.151549986004829,0.238438412547112,-82.2159759187551,-101.880273758762,-56.9176197142433,-137.836130131883,-95.5436799847483,-56.5433914971622,-54.9620433891915,-49.2767843577488,-33.5625860711604
28-Jan-2025 18:54:14,270,71,-0.00697869158660372,0.427238015333811,0.00860909850647052,-0.992635798454285,-0.017039659495155,-0.119666999081771,-0.00797789134085178,-112.434075796131,-79.7627479942013,-48.1331434556247,-106.25599123141,-118.363721764733,-66.6181735392522,-115.202035628027,-73.5198868328423,-42.5850609743852
28-Jan-2025 18:55:03,144,72,-0.0344181788464387,0.386532433827718,0.00334185616423686,-0.944551412264506,0.148158665498098,-0.131024925907453,0.262114705642064,-43.617812037597,-63.0272098149634,-37.4536226153703,-108.60896479923,-84.2473874147609,-45.8184918778485,-42.3108471455496,-36.4505546420888,-23.7769616493808
28-Jan-2025 18:55:43,37,73,-0.0421144530177116,0.429351705312729,-0.043560042232275,-0.881286036968231,0.217548175652822,-0.101096297303836,0.407169850667318,-57.5619197553397,-69.4326518451965,-40.743971030643,-165.107917617686,-127.17164342236,-69.8033659139133,-65.0466356333748,-52.3265655693288,-37.8092537736609
28-Jan-2025 18:56:29,4,74,0.0235389355570078,0.389106752475103,0.0445677461723487,-0.991054689884186,0.0691180994113286,-0.100527705748876,0.0541067699591319,-71.2568242024076,-55.1513773148585,-32.9123353289542,-84.0487549216473,-56.0947223310797,-31.7539662478076,-65.5142344494952,-73.6743938744802,-48.282999119969
28-Jan-2025 18:57:13,150,75,0.0195562520374854,0.382263791561127,0.0826599304874738,-0.985049239794413,-0.0462382634480794,-0.111014823118846,-0.123352227608363,-75.9416692226389,-82.6832514467623,-47.8511377787265,-39.7285202427881,-44.4659525749196,-31.7524764115749,-73.4224362977827,-77.8436529789816,-46.8734088711662
28-Jan-2025 18:57:53,316,76,0.0390497197707494,0.430695088704427,-0.0219049464911222,-0.976339642206828,-0.0112575465192397,-0.0793293873469035,0.200850767890612,-76.0399076966549,-65.2520485277526,-23.0018431939556,-128.915193537425,-125.613094180447,-74.3748689180863,-109.091488217976,-124.327591005962,-71.4856421669532
28-Jan-2025 18:58:51,179,77,-0.0469797730445862,0.374606359004974,0.0443232747415702,-0.985532585779826,0.122537337740262,-0.0698505461215973,-0.0939736858010292,-76.809402984414,-85.7113829922163,-39.3005512526884,-48.4399628659154,-81.4558118485028,-45.6690259931221,-34.857780055749,-31.2078404225092,-25.0467864055092
28-Jan-2025 18:59:33,40,78,0.0166799750179052,0.385409464438756,0.0830732896924019,-0.983752262592316,-0.047184402992328,-0.097851854066054,-0.142934207121531,-82.2346907795301,-88.8002849407048,-48.8372250052358,-40.6569273388164,-47.0610844609944,-33.6782637849243,-76.8760257105607,-75.0201550713582,-48.6711558601277
28-Jan-2025 19:00:22,323,79,0.0473754857977231,0.406239604949951,-9.67062197256988e-05,-0.98915935754776,-0.041143120576938,-0.0893169422944387,0.10905741751194,-63.8451655492047,-56.5845826673009,-36.70135904726,-91.8482173328509,-102.543004221987,-60.6608981977741,-91.1821582432075,-115.432843236235,-66.3749797972381
28-Jan-2025 19:01:28,264,80,-0.0454426298538844,0.436832255125046,-0.0395430165032546,-0.941334839661916,0.287535520394643,0.00894872043281794,0.176442653934161,-104.862811153219,-74.0475779685543,-44.3573814136706,-151.882074806938,-144.067341224619,-82.7449360916874,-63.8781200686525,-68.0306996387689,-44.9236800522614
28-Jan-2025 19:02:23,181,81,0.0581460177898407,0.411344899733861,0.00463626564790805,-0.981997454166412,-0.133437982201576,-0.110012781620026,0.0759770850340525,-64.0894198571377,-57.3407206830783,-36.0520847715662,-83.2257498853867,-112.580576126567,-61.9108578817016,-108.862308781771,-115.738168232577,-71.3131700187855
28-Jan-2025 19:03:09,214,82,-0.0246053094665209,0.396478136380513,-0.0234054480989774,-0.923804370562236,0.185777052243551,-0.0581266596913338,0.329687231779099,-39.5351759252159,-29.5869338393858,-18.5503539247823,-126.91330001599,-92.2803426560062,-49.3539898906868,-45.2999807114059,-46.0087032940638,-19.2924119590844
28-Jan-2025 19:03:46,211,83,-0.0157150925447543,0.376736960808436,0.0626109942793846,-0.951850068569183,0.188792113463084,-0.0971969336271286,-0.221114874879519,-103.871478751673,-53.6565174208267,-28.9059557118118,-43.8361068249297,-45.7416270004063,-26.4019851437975,-32.052980947348,-41.9025621890594,-22.7070573201377
28-Jan-2025 19:04:55,252,84,0.0260495245456696,0.420412830511729,0.0147519741828243,-0.940273328622182,-0.116450723012288,-0.0775493830442429,0.310340783993403,-49.1775490949646,-68.3279950458936,-38.402183927568,-131.44992530341,-83.8797193420124,-48.6297922601246,-123.422769280484,-86.6438188637116,-49.1241280193104
28-Jan-2025 19:05:41,259,85,0.0899123524626096,0.417360844214757,0.0464960443476836,-0.959884476661682,-0.258548504114151,-0.0781177540620168,0.0753133545319239,-55.0093939821084,-61.7861086570785,-32.9877684668536,-77.0244993941345,-65.859929210783,-43.1880606993536,-132.059388947583,-126.106439281994,-72.1924424414564
28-Jan-2025 19:06:46,77,86,0.000499200551227356,0.411710532506307,0.0909132957458496,-0.96738311847051,-0.154945143063863,-0.0623053103685379,-0.19047311147054,-108.187377617844,-105.011077854955,-58.004001468738,-51.4028038760675,-60.8816389377884,-10.5834818513769,-117.78193666021,-81.1435647252123,-45.8799918056674
28-Jan-2025 19:07:37,321,87,-0.0400270238518715,0.437357326348623,-0.031669316192468,-0.868894533316294,0.268821787834167,-0.095914230744044,0.404422559340795,-74.6594092516157,-77.6389737341763,-45.4345462983834,-179.230432746743,-125.168317473048,-61.9213269518291,-66.5717654604327,-59.8793123207212,-41.859581613284
28-Jan-2025 19:08:18,79,88,-0.00842362424979607,0.401448738574982,0.0291140271971623,-0.973037922382355,0.203111724058787,-0.0745522826910019,-0.0799052064617475,-110.12594887305,-63.4844145364331,-40.5412491865129,-89.37270914836,-96.5934451701005,-46.3693277587502,-54.0037734746798,-74.2687403175031,-42.9983376585901
28-Jan-2025 19:09:12,165,89,0.0355617187917232,0.39914528131485,0.0565333103140195,-0.994560794035594,0.0318353846669197,-0.0927262877424558,0.0351741224527359,-77.1505009636146,-71.7868512279622,-44.0817052260055,-86.5160783779045,-59.4075779203694,-37.6288590633091,-78.1463563884755,-99.9911524223624,-57.3913111847047
28-Jan-2025 19:10:00,95,90,0.0440940315524737,0.414648054043452,-0.00348813046390812,-0.97213503519694,-0.15581773519516,-0.127409329017003,0.120171452065309,-62.1177937497682,-59.9142181802561,-37.179346635422,-95.6590425884775,-109.591635842207,-64.9239595753466,-117.692356448792,-108.916294680028,-62.1466051367861
28-Jan-2025 19:10:36,109,91,0.036492694914341,0.413894935448964,0.0508595849076907,-0.989095981915792,0.0369441966215769,-0.125088689724604,-0.0683894584576289,-107.661808637155,-54.6289441553405,-39.6559786948475,-88.0288609491563,-72.0729933083655,-43.7934641892333,-93.3580417884972,-107.620536751811,-62.1848776895499
28-Jan-2025 19:11:22,4,92,0.0156273710851868,0.399748279651006,0.0756400272250175,-0.961443400382996,-0.0150057963406046,-0.126816990971565,-0.243554722269376,-113.245735168195,-68.5789167761353,-44.4706800853295,-45.0971031887575,-58.1092198071136,-16.9935709231538,-88.5545846214858,-81.9440927313598,-45.9448119819035
28-Jan-2025 19:12:24,372,93,0.00223909839987755,0.41353590687116,-0.00415694629773498,-0.9492613752683,-0.0694038887818654,-0.135790294408798,0.275039972861608,-51.177781769178,-63.0229618834099,-40.198879095954,-123.974174386723,-103.914225080156,-49.5983892188938,-106.185813504033,-73.1578890050911,-42.3621071870039
28-Jan-2025 19:13:08,209,94,0.0611839282015959,0.404653636614482,0.0541138052940369,-0.961439371109009,-0.228705564141273,-0.138053981463114,-0.0653395081559817,-74.3335488149649,-60.3232058285412,-33.6514744800784,-56.0463541693659,-61.7062260962565,-38.3074327396182,-120.53010672826,-99.1198024385174,-58.4226476208994
28-Jan-2025 19:13:43,186,95,0.05220712646842,0.408625862995783,0.0299397150675456,-0.963431187470754,-0.207296151916186,-0.0825238804022471,0.148386351267497,-50.5351093099331,-60.1145323349746,-34.8914852073789,-91.0911716997491,-70.924612032767,-41.678757982515,-121.920130072137,-98.8512743869659,-55.3337862220192
28-Jan-2025 19:14:39,210,96,-0.0606861554086208,0.414472391208013,0.0489651766916116,-0.968610509236654,0.210021451115608,-0.0743622913956642,-0.110249484578768,-124.008359104851,-110.255366270972,-63.9253030587853,-93.9050152581177,-105.385215509905,-58.6563530047704,-60.2075779853066,-51.423274996373,-37.4837149865361
28-Jan-2025 19:15:47,135,97,0.0524456103642782,0.431327406565348,0.0180370313425859,-0.942087479432424,-0.235681149363518,-0.0838037709395091,0.223388677835464,-59.6026776130633,-73.3041320131649,-43.2334230807675,-120.748366466986,-98.9537803320886,-53.8538187668878,-150.087364919925,-108.121952272931,-65.692054563904
28-Jan-2025 19:16:37,133,98,-0.0373978421092033,0.416851252317429,0.102092014749845,-0.905197234948476,0.226310450832049,-0.123684257765611,-0.337792549530665,-155.960750884511,-108.998446087502,-64.8166033585492,-61.9071189440514,-63.0829248569806,-40.231637370016,-59.1348816003111,-65.3207586748896,-41.5276128995977
28-Jan-2025 19:17:13,396,99,0.0998167385657628,0.40613133708636,0.0537354653080304,-0.949037106831868,-0.265119580427806,-0.165664595365524,-0.039942546437184,-57.2263487336657,-42.1884440234001,-27.8295611469496,-46.6275831904369,-38.8683875702096,-25.6934390971169,-119.292638505081,-121.137442375915,-70.2539795176123
28-Jan-2025 19:18:02,190,100,0.0428648700316747,0.409937751293182,0.0172351482013861,-0.982199875513713,-0.12403618991375,-0.120393886168798,0.0735100840528806,-69.8078057466472,-59.0939721001999,-37.4071716897264,-88.7761780896571,-89.84732361666,-50.8208093997368,-110.578559477285,-106.843113655478,-60.8441946352968
28-Jan-2025 19:19:31,299,1,0.0016674887156114,0.321220954259237,0.0421560655037562,-0.993915541966756,0.01025485470891,-0.109663188457489,0.000873757580605646,-5.62500000000001,-12.975,-5.02500000000001,-4.87500000000001,-11.55,-5.02500000000001,-6.60000000000001,-7.20000000000001,-5.47500000000001
28-Jan-2025 19:20:01,268,2,0.00151529919045667,0.327406611045202,0.0383280649781227,-0.993654390176137,0.0188968206445376,-0.109299777448177,0.01864007016023,-9.56177050884495,-16.1152577909216,-6.51915467455305,-13.7256706855598,-16.75223102417,-8.20639350702685,-11.2226850494163,-10.6595394105121,-9.21004362703024
28-Jan-2025 19:20:34,319,3,0.00402113997067014,0.334258204698563,0.0425730151434739,-0.993377617994944,0.0244449814160665,-0.109723069270452,-0.0237534545361996,-22.4090663639116,-22.2050205894303,-6.6630123536583,-15.7013087634483,-19.2879619816127,-10.0138631145487,-17.5189821888171,-16.3655785335014,-12.9026620803955
28-Jan-2025 19:21:06,110,4,-0.00272903526201844,0.33769468665123,0.0327056090037028,-0.989201128482819,0.0243601274987062,-0.112989889085293,0.0901166771848996,-11.6252641887641,-23.4319868208871,-10.4979201909204,-34.8933815479466,-22.6877933005368,-13.7305157653263,-20.317466568283,-14.2473522814655,-8.76028636887931
28-Jan-2025 19:21:38,114,5,-0.0168238909294208,0.337123950322469,0.0517110732694467,-0.993855281670888,0.0291892644017935,-0.0986658548315366,-0.0408013587196668,-27.1282957775045,-39.5226791833365,-20.5669437102119,-16.0427557385305,-25.2786896710983,-15.8097997948117,-18.4497602751329,-10.9950442512607,-7.69296405075647
28-Jan-2025 19:22:17,287,6,-0.0154892411703865,0.333331781625748,0.0215761131296555,-0.978605167071025,0.111792613069216,-0.113012628257275,0.130623282988866,-7.572735523349,-23.3584979806573,-11.4905151212555,-40.4037578402348,-28.4623488528676,-15.187380159158,-1.37236156336042,-6.8570439738288,-5.84719513429732
28-Jan-2025 19:22:52,74,7,0.0108367767805854,0.342400032281876,0.0668858374158541,-0.98528958161672,-0.0586695042749246,-0.105280655622482,-0.121154294908047,-37.86182797435,-37.5896417984474,-21.276564898928,-3.47431621742764,-2.05392006601973,-3.14368016461185,-37.8260692844362,-31.2558713663731,-17.3508778844961
28-Jan-2025 19:23:31,334,8,-0.0268434658646584,0.341964330275853,0.044997105995814,-0.987083844343821,0.113094380001227,-0.109614004194736,-0.0293256246795257,-36.2736224531683,-43.6924287955306,-23.9776859007843,-26.8851982319903,-36.1173065550464,-20.0076176580503,-8.6816663660348,-12.7382438328819,-10.3711884872292
28-Jan-2025 19:24:10,68,9,0.000683588356090089,0.349277146657308,0.0308796378473441,-0.981531186898549,0.0235493895908197,-0.116581812004248,0.149835363030434,-15.7636855655659,-33.2264206022288,-13.9901301441052,-53.5976443075384,-30.0140084941905,-14.4301820512584,-31.9469521476564,-20.246398730172,-15.7854070839078
28-Jan-2025 19:25:03,382,10,0.0145672420660655,0.360360276699066,0.0255017957339684,-0.97140843073527,0.000503232046806564,-0.100394647816817,0.215142633517583,-13.5768295553698,-35.9862221777583,-16.8994669738275,-70.73534602848,-35.3807771330813,-19.6073822954734,-47.0723213970394,-41.8744780781824,-24.0987314326831
28-Jan-2025 19:25:40,290,11,0.0376054160296917,0.341189130147298,0.0415255722900232,-0.989009253184001,-0.075232054789861,-0.101087334255377,0.0773450255393982,-5.0731154354993,-21.2654937983731,-9.75088750852098,-25.1647381574109,-20.7178878685074,-11.244912328979,-37.7146854303586,-46.0752389817887,-25.2958209252786
28-Jan-2025 19:26:23,54,12,-0.0313186546166738,0.356953457991282,0.0505989683171113,-0.98470440308253,0.135542957981428,-0.100417829553286,-0.0436080726484458,-55.6333021715619,-60.7352592546883,-33.263112893837,-42.8749088790348,-50.4705384574382,-27.252175251306,-19.817258394878,-22.28741113027,-17.4842118148807
28-Jan-2025 19:27:18,342,13,-0.000153141432141031,0.375083927313487,0.0510656302173932,-0.989171743392944,-0.0948088849584262,-0.10682851622502,0.0337376020848751,-47.0902331153785,-60.8551886023299,-34.3901858647435,-56.5671397018231,-45.0219730307123,-25.6217983203798,-77.3890948337734,-36.8207258587279,-23.6079585552969
28-Jan-2025 19:28:14,373,14,-0.028515496601661,0.377950606743495,-0.0230335290233294,-0.949751500288645,0.132984399795532,-0.108270224928856,0.261848884820938,-28.5660148768505,-42.4538439712849,-23.9997697451942,-97.8413664766796,-86.221646175461,-50.1452898314036,-34.2029571737078,-31.4240107727753,-23.4148477478447
28-Jan-2025 19:28:54,226,15,-0.0217866784582535,0.361162453889847,0.0800501202543577,-0.988695800304413,0.0660458967089653,-0.104226450125376,-0.0851788014173508,-58.5169387196088,-75.4964746487102,-43.79233187719,-34.8297041618639,-35.7085242010794,-22.4291750088339,-33.5608421953445,-32.4294910298827,-22.361329939457
28-Jan-2025 19:29:41,160,16,0.00141486968689909,0.388390109936396,0.0441903745134672,-0.987793393929799,-0.0850524425506592,-0.109173465271791,0.0714949016769727,-58.5070882193491,-63.0885145978689,-38.4556754837226,-75.5207966602028,-54.604883194965,-31.0417778233986,-88.7381491333737,-47.393072598527,-27.65919199062
28-Jan-2025 19:30:36,177,17,0.00364863670741518,0.367045507828395,-0.000312433760457983,-0.973629713058472,0.0932189340392749,-0.072387973467509,0.195231706897418,-26.3802700975542,-37.2914659802407,-23.0216941633392,-78.7685861737343,-68.7462056146035,-38.4755318644836,-34.635732183402,-55.5313725425363,-29.5422587684997
28-Jan-2025 19:31:08,281,18,-0.0241150371730328,0.3739965736866,0.0224971313029528,-0.984662814935048,0.139834122856458,-0.091281762222449,0.0505293895800908,-61.2070954366821,-52.9638507617661,-32.9165444252453,-73.1246075514621,-70.3945712675568,-41.2701474835209,-37.2094458590927,-37.7508829892226,-23.297858771708
28-Jan-2025 19:31:50,105,19,0.0614153072237968,0.3778901775678,0.0452983068923155,-0.957002453009288,-0.267004283269246,-0.104537762204806,0.0438969160119692,-27.430615461073,-42.2282884158408,-21.9369078449148,-40.3271451390757,-42.950078066646,-26.9544329364061,-100.709893631412,-74.5888977216091,-44.4986041848941
28-Jan-2025 19:32:42,12,20,-0.0300905058781306,0.380079676707586,0.0207322582602501,-0.973515184720357,0.197785420219104,-0.0656817441185315,-0.0939950863520304,-89.5577576687391,-51.0410893622149,-26.831755439228,-64.4746586910492,-76.3825644675964,-43.218316988362,-32.928632648968,-36.3002273648944,-25.0520128548436
28-Jan-2025 19:33:37,380,21,-0.0495004127422969,0.386728990077972,0.104002378384272,-0.951144993305206,0.146040902535121,-0.0614339053630829,-0.264992725849152,-109.598395940731,-102.234019818628,-53.4643414079088,-35.4560196200614,-42.9368308826171,-8.87366780152374,-38.9466475267523,-33.656335789284,-22.1583361711028
28-Jan-2025 19:34:14,399,22,-0.0289890039712191,0.38691327770551,-0.00092313289642334,-0.956703960895538,0.209475902716319,-0.0894101858139038,0.181227022409439,-59.0933842498599,-57.7440682107453,-31.1848056088785,-103.817677605248,-86.5761905668713,-37.8673360811503,-35.5240837444986,-35.0322614391554,-16.4828131827445
28-Jan-2025 19:35:13,312,23,0.0523008262117704,0.390328552325567,0.0594623655080795,-0.970982372760773,-0.09583903302749,-0.157956516742706,-0.151848393678665,-83.1100917230095,-54.7115621548197,-29.2017451575334,-38.4741465321581,-46.7018550615213,-33.1801351213869,-87.9700582916383,-90.591147793067,-50.0434860272155
28-Jan-2025 19:35:54,396,24,0.0036863097610573,0.380196183919907,0.0556605723996957,-0.972399667898814,-0.0692847480376561,-0.113816407322884,-0.191531718770663,-85.6755077421226,-53.2584222735512,-26.4122439823291,-32.1712810666441,-48.5788375295124,-27.8015822289596,-79.4456152444912,-44.7187839149539,-27.5683913990378
28-Jan-2025 19:36:43,196,25,0.0350648313760757,0.358071241776148,0.0406799974540869,-0.96353014310201,-0.2440822660923,-0.102996226151784,0.0377531168361505,-14.3476401638769,-33.6426363673757,-13.4473662523594,-24.8097105538138,-30.8003034566469,-18.0157739697189,-81.0212360820619,-39.8755406075522,-25.3142942411796
28-Jan-2025 19:37:16,52,26,0.0150836516792576,0.3899356285731,0.0235772700359424,-0.971954798698425,0.0372008653978507,-0.0813867429892222,0.217476956049601,-44.944634118051,-53.5085777764149,-26.6960388818159,-101.42648492632,-55.9726474819035,-33.5103696843208,-73.7370680647639,-65.8292488103216,-40.2691049038633
28-Jan-2025 19:38:13,186,27,-0.0177936460822821,0.399571659167608,0.0533745485047499,-0.983955828348796,0.0381446152925491,-0.114624446133773,0.131290519237518,-70.3617204546886,-88.1200924206553,-49.4978804988646,-101.489751539875,-60.9133109202821,-36.5481465869567,-81.9982298319828,-52.5380875716316,-33.8382358976277
28-Jan-2025 19:38:56,298,28,-0.0105034369354447,0.389685330788294,0.0497770051161448,-0.982383779684703,0.0110605801766117,-0.0920393725236257,-0.162260808547338,-97.7347064735275,-64.7176389886109,-37.8181286648368,-51.7720713148769,-65.1628962415002,-37.8050945738194,-76.7810022303591,-48.5728897557257,-28.0364255307592
28-Jan-2025 19:39:29,270,29,0.0522606382767359,0.401934272050858,0.0103781086703142,-0.963428783416748,-0.214345141251882,-0.137362078825633,0.0836231718460719,-43.8283234468451,-25.7886187781523,-18.2582827938872,-74.3465811156479,-89.6659631719562,-49.0291324954568,-114.434495005991,-93.3266794040658,-55.7851414187545
28-Jan-2025 19:40:15,350,30,-0.00411658035591245,0.391053418318431,0.000868220254778862,-0.964043970902761,-0.0830260862906774,-0.134614219268163,0.21355314552784,-36.8633534608914,-53.7742991235686,-28.4180410046159,-93.0665942129602,-84.7938429757619,-45.931410546445,-87.1943943778867,-48.7074394134422,-32.1135178762359
28-Jan-2025 19:40:56,304,31,0.0840403407812119,0.405407381057739,0.0407178655266762,-0.964353875319163,-0.213837857047717,-0.154422596096992,-0.0211820046106974,-62.3263567487192,-53.9848142389086,-30.2746664250938,-57.5720788027636,-70.7351486621543,-41.7141413079819,-113.768980774066,-120.033261561899,-68.625836020659
28-Jan-2025 19:41:56,247,32,0.0562513430913289,0.39801010688146,0.0889797121286392,-0.987800629933675,-0.125621601939201,-0.089117057621479,-0.0229638061175744,-63.555568713089,-95.7106426668312,-53.5417048295019,-54.8647509164865,-50.1225904260887,-6.74234140816162,-94.4019917849383,-123.244230530921,-68.5844642993098
28-Jan-2025 19:43:14,110,33,0.0484238627056281,0.405475703875224,0.025354798634847,-0.971674497922262,-0.0725596894820531,-0.0468802096943061,0.219968297084173,-45.1358572203389,-59.5106164524124,-34.682314341884,-105.195608559187,-64.7334520561774,-40.741072356681,-100.794001607597,-104.433912134604,-56.1319375225896
28-Jan-2025 19:44:07,135,34,-0.0271134455998739,0.429739946126938,0.115319489936034,-0.991312122344971,0.026745526616772,-0.0679235011339188,-0.109413696825504,-120.44885651235,-151.098423764989,-83.2355751323478,-88.3647116608533,-62.7284543158222,-47.9742693776202,-102.998761175465,-95.194044101185,-51.6273655409788
28-Jan-2025 19:45:05,335,35,-0.0481942380468051,0.414058899879456,-0.0207741647958756,-0.93873850107193,0.187844999631246,-0.122603165109952,0.261634802818298,-67.9650811905332,-80.9888451105566,-49.5046700284066,-134.370955278775,-115.867889913818,-74.856040778364,-59.6380348603207,-52.2142788539396,-33.0268695910923
28-Jan-2025 19:45:58,155,36,0.0696897700428963,0.411396231253942,0.0273177144428094,-0.941269302368164,-0.298108472426732,-0.155259168148041,0.0322187162935734,-56.2203507090203,-59.5445923753223,-34.8337484839974,-67.725312358979,-84.559892319314,-53.2098314935556,-136.27936372072,-107.477277163036,-64.5048247940796
28-Jan-2025 19:46:59,33,37,-0.0271248321980238,0.386177817980448,0.0963207498192787,-0.985108077526093,-0.0915254796544711,-0.0512559359272321,-0.136227906743685,-76.912324034559,-104.055159261569,-57.3545050736753,-36.1355838114364,-44.3400122655478,-31.2186569578441,-81.8400153859068,-42.7789436279818,-27.2062567857224
28-Jan-2025 19:47:32,347,38,0.0420772517720858,0.405933974186579,0.028512146572272,-0.991014444828033,-0.0512570716440678,-0.121437398095926,-0.0227171377589305,-85.3315909930246,-34.6747793280818,-38.5891158615499,-78.1444557812408,-83.7238643581292,-51.9245299310622,-98.3009103862228,-105.948755445494,-61.4585262554047
28-Jan-2025 19:48:17,175,39,0.00460528796538711,0.399743084112803,0.0203874014317989,-0.981456236044566,-0.138171923160553,-0.130112054944038,0.0268896852930387,-68.0535525921434,-62.7810410139642,-35.1607487407284,-76.0430616650046,-86.1968025588555,-50.2365741538174,-107.165408110186,-61.2042210491828,-39.3885424966405
28-Jan-2025 19:48:53,69,40,0.0276290230453014,0.429923530419668,0.0914555991689364,-0.944546723365784,-0.252354550361633,-0.0812894582748413,-0.193753988544146,-117.601874145247,-110.469569555782,-59.4372757391285,-47.7739330909799,-36.2589094514319,-24.3909268706735,-150.229958212154,-103.69855128064,-58.9723610414369
28-Jan-2025 19:49:23,2,41,0.0633551011482874,0.396595124403636,0.0553854567309221,-0.951212950547536,-0.241870163877805,-0.153181931376457,-0.115013324220975,-68.2053358480741,-24.0548697237212,-13.4773800272303,-8.7468792050784,-8.31654020721361,-7.01271472423538,-113.953268438897,-96.2274554910041,-46.7114627015396
28-Jan-2025 19:50:15,261,42,0.0386645498375098,0.406758085886637,0.074393851061662,-0.966639363765717,0.0125507637858391,-0.167584276199341,-0.193303841352463,-112.349247472771,-79.420434601503,-44.3325186237562,-57.0806269710518,-55.5066461407919,-39.7903829844284,-89.0896034816577,-111.499374664244,-58.3833761211888
28-Jan-2025 19:50:55,148,43,0.00677243157600363,0.385219369331996,0.0612780312697093,-0.989288604259491,-0.114029048879941,-0.0911176855365435,-0.00174020948664596,-59.6428580555483,-81.3353389560546,-39.5791356702602,-56.4660797374799,-47.9065670116886,-32.8721378569894,-88.5420514353732,-66.1572497070512,-36.8832773495175
28-Jan-2025 19:51:43,151,44,-0.0494318457941214,0.395839500427246,0.0180886083592971,-0.993823881944021,0.0637958933909734,-0.081973339120547,-0.0390462972223759,-85.2290137542225,-95.2817934800851,-48.5462685489072,-69.109027119476,-111.119957641802,-62.6690535726201,-66.4391944332152,-41.46101472334,-32.8199648931419
28-Jan-2025 19:52:51,177,45,0.0958274886012077,0.430357454220454,0.0463224440813065,-0.937708580493927,-0.323097501198451,-0.0950808217128118,0.0852657005190849,-58.0071784224223,-69.3207749414164,-32.9142169044171,-84.2491948837752,-67.2285488680596,-46.5949642025652,-154.819998990228,-132.563027773481,-77.6273787524814
28-Jan-2025 19:53:29,207,46,0.0806234483917554,0.424542790651321,0.0202563135574261,-0.957327675819397,-0.235526970028877,-0.166355860233307,0.0194046121090651,-71.7377038601895,-64.4733462458686,-35.5598837173042,-79.8475410182677,-96.5924002721265,-59.0203497612456,-137.727426068441,-135.358481314299,-80.1734615382638
28-Jan-2025 19:54:11,121,47,0.00301135177724063,0.407634464899699,0.013849330196778,-0.967213888963064,-0.0880440503358841,-0.118102471530437,0.20687523384889,-55.7988523771683,-66.42456931592,-36.1326795744429,-109.082530223602,-83.6598244614612,-50.7007855260189,-107.945545902324,-67.1855963359096,-42.1111907985386
28-Jan-2025 19:54:37,192,48,0.0792884642879168,0.392003866036733,0.052642751733462,-0.936944262186686,-0.328265555699666,-0.11971888144811,0.00667761747414867,-8.83139991804951,-38.4516189018816,-19.0373436823992,-19.0498250189428,-0.00750284026845627,-3.35303370439398,-119.665302789311,-94.3496075762036,-50.1603294473387
28-Jan-2025 19:55:40,3,49,-0.0457111162443956,0.42098686893781,0.0376022713879744,-0.944098405043284,0.309337818622589,-0.108834625283877,0.0338136479258537,-122.075863562493,-102.722720441705,-55.0782253221974,-126.907653483625,-92.4853134841483,-52.6284047332185,-53.6715449411869,-10.104225416631,-39.7559660942779
28-Jan-2025 19:56:43,69,50,0.0775050118565559,0.423435072104136,0.0639354099829992,-0.946138203144073,-0.146278520425161,-0.214834081133207,-0.193058082461357,-110.60465634274,-74.4964606223462,-36.5524803515037,-57.3453987621522,-63.885159160088,-42.2562799286729,-127.642583649584,-120.897507090288,-83.9464902985114
28-Jan-2025 19:57:31,122,51,0.0564634196460247,0.424444566170375,0.0792881672581037,-0.949089761575063,-0.205997006098429,-0.156871961553891,-0.179401953021685,-106.222020892994,-93.0159540281603,-49.6485635527301,-58.0019324177477,-28.6110884662772,-20.0633647893363,-138.24830045867,-116.512324660912,-72.1809847963524
28-Jan-2025 19:58:20,298,52,0.0754070272048314,0.401350269714991,0.0372076936066151,-0.984397216637929,-0.112513520320257,-0.087516059478124,0.103168728947639,-49.5787963785128,-55.7753349871468,-30.6629490543154,-79.3782969786801,-60.396468332663,-37.7696415992464,-97.5307077558988,-118.320490705393,-69.9526374477903
28-Jan-2025 19:59:11,233,53,0.0512747866412004,0.419579704602559,0.0127169009918968,-0.963828591505686,0.0072362725622952,-0.0271632871280114,0.265036396185557,-56.1934883110792,-63.5427952487154,-37.1895511802423,-129.790358112595,-79.7814133580242,-47.6694320343823,-101.80145148743,-119.025939815535,-70.1396713015563
28-Jan-2025 19:59:57,281,54,-0.0546384995182355,0.41519993742307,0.103601852059364,-0.972577170530955,0.0731756374239922,-0.052970909823974,-0.21432008544604,-125.043346481892,-131.154544588179,-72.910976652348,-64.8070034426512,-69.9470160159281,-42.3250071293642,-80.9849824922615,-53.350281174125,-37.7006114350013
28-Jan-2025 20:00:46,322,55,0.055801926056544,0.377741400400798,0.038297662883997,-0.991276590029399,0.00270779812708497,-0.0732630501190821,0.109526100754738,-39.3006424621981,-43.5845785800853,-25.1564758286844,-69.0975181535662,-44.0259274991204,-26.3235565331713,-58.3212335143682,-92.5151540717818,-54.6551393901006
28-Jan-2025 20:01:26,341,56,-0.0329665385186672,0.4102061967055,-0.0350492775440216,-0.927154548962911,0.16958211461703,-0.0851118837793668,0.323082548379898,-52.4937478057478,-59.7691907048664,-34.1860299861427,-135.949325271672,-112.449421129138,-65.3868571841618,-61.1068149114137,-52.1933428939188,-36.2522865591809
28-Jan-2025 20:02:11,48,57,-0.0632076104482015,0.407836641867956,0.119156468907992,-0.953746636708578,0.146888744831085,-0.0642522489031156,-0.254288677374522,-124.450497330628,-129.887288727876,-72.5776469393766,-52.3828668744509,-54.0166336834922,-38.1226842735251,-54.5596837353771,-45.0978004410706,-27.1474856059581
28-Jan-2025 20:03:10,263,58,-0.0426813979943593,0.375544685125351,-0.00400767301519712,-0.979195916652679,0.0978255952397982,-0.119515404601892,0.131611727674802,-41.7576252287902,-66.2722805504282,-38.7042486072926,-74.6530098239014,-100.389618465459,-53.9031088563769,-37.6433605865899,-29.8510053549037,-23.7758949852502
28-Jan-2025 20:03:51,302,59,-0.00464161069442828,0.434110166629155,0.0175053551793098,-0.951896627744039,0.0770695825417837,-0.108863778909047,0.275865618387858,-90.2469753107349,-86.9039483022109,-45.6436698943107,-155.989155155663,-96.2990847897307,-56.4988426472536,-110.958770351945,-76.1089881392826,-46.5373243714343
28-Jan-2025 20:04:23,281,60,-0.0535069299240907,0.426253563165665,0.0632437924544016,-0.988896346092224,0.0701959311962128,-0.0849906181295713,-0.099665326376756,-124.411892566905,-126.704410221734,-70.9902730415176,-97.3388908955502,-107.082923665397,-59.5708408813392,-97.5514726351103,-40.3002711300817,-40.6087633457132
28-Jan-2025 20:05:30,243,61,-0.033588815232118,0.439808634916941,-0.0422369450330734,-0.901219014326731,0.128266857067744,-0.13390922943751,0.39168896873792,-66.0916034862142,-81.3820663231888,-46.4007393018463,-169.648347230762,-136.882027922756,-80.3963845240243,-93.6806290256151,-64.2136490938465,-46.1018031829146
28-Jan-2025 20:06:11,16,62,0.0170587193220854,0.419104834397634,-0.00284902299754322,-0.993247210979462,0.0516680295268695,-0.0897119080026944,0.0523661151528358,-93.4002780470575,-71.8961834974972,-41.4884598524642,-108.111538410586,-125.726416980171,-70.8139176683974,-94.9657538254262,-100.811965639591,-64.6639797421093
28-Jan-2025 20:07:25,79,63,-0.0518604474763076,0.415083609024684,0.0824344312151273,-0.949163635571798,0.262690645456314,-0.139601698517799,-0.102924247086048,-128.474990469336,-115.66368013002,-67.6550553735953,-98.8918777893094,-70.8821295869874,-44.7819595027753,-52.9895237149846,-54.5719720515439,-34.0430083143839
28-Jan-2025 20:08:08,133,64,-0.0187112301588058,0.385620333751043,0.0265764309714238,-0.979516021410624,0.1122991964221,-0.115751626590888,0.120577178398768,-62.6580719602385,-64.2734051315152,-38.812840773644,-91.6250246026242,-68.1464040221337,-40.4706887827001,-53.0270276224999,-41.6312172689915,-24.7586429031232
28-Jan-2025 20:08:43,258,65,-0.041893458366394,0.392043489217758,0.0844075997670492,-0.939414473374685,0.165942301352819,-0.0737378651897112,-0.290734161933263,-122.80326301092,-88.7858568381545,-53.9976887719417,-43.0381220697466,-60.1519551787128,-35.603921087493,-46.1935491308184,-40.1324468309898,-24.6294243694579
28-Jan-2025 20:09:22,87,66,-0.0324899626274904,0.422025620937347,-0.0474398508667946,-0.944037409623464,0.0899706279238065,-0.127020538846652,0.290799623727798,-60.2127156816953,-20.2750354154701,-40.1869431089047,-135.684969268192,-137.003938007658,-76.5254948410335,-79.8480125791297,-60.2269709635845,-37.2421237542393
28-Jan-2025 20:10:12,31,67,-0.0676947742700577,0.426201498508453,0.109492887556553,-0.896771423021952,0.204580589135488,-0.0272945941736301,-0.391411320368449,-167.323971420008,-124.343106570343,-78.9566703369894,-59.0441624479853,-73.1441824600114,-46.5067673632396,-61.6451455282048,-52.9974259951263,-26.9859290557475
28-Jan-2025 20:11:05,393,68,-0.0145349645366271,0.402227892478307,0.0760627120733261,-0.984062035878499,0.124766428768635,-0.112104202310244,-0.0590589828789234,-103.818803228412,-106.532434194067,-63.0760474136094,-84.0717021514486,-59.9585471903659,-41.5763923158652,-66.6552572045408,-70.6328243766829,-38.0272845788285
28-Jan-2025 20:11:55,83,69,-0.0512636664013068,0.421811630328496,0.058824215332667,-0.947966984907786,0.289971985419591,-0.129720663030942,-0.0211525784184535,-129.786465257539,-115.860712278552,-68.8260923042231,-119.137714899511,-81.8705205047834,-52.6121494827909,-57.0404202543902,-58.3438977305432,-36.3306986379025
28-Jan-2025 20:12:44,394,70,-0.0441508211195469,0.388027191162109,0.0450190884371599,-0.957556978861491,0.15687826971213,-0.0367699553569158,-0.239001754919688,-114.650553877468,-75.0223215816459,-45.237861618479,-47.6272638910929,-83.7805994591977,-46.7825859533796,-42.3452989046619,-35.4788906876159,-23.4851455460335
28-Jan-2025 20:13:45,245,71,-0.010970701649785,0.387280076742172,0.0714964573582013,-0.946187635262807,0.0408726446330547,-0.0719130928317706,-0.312868915001551,-117.184898767889,-66.4229932626676,-40.0137920017802,-29.1634951374486,-53.7025175453209,-29.0863557045673,-67.8086844129714,-42.4549762488711,-26.4767757528948
28-Jan-2025 20:14:47,100,72,0.0821336070696513,0.380964918931325,0.0516222757597764,-0.973275903860728,-0.189114040136337,-0.127221974730492,-0.0280085323999325,-42.4877638580231,-43.8287770754904,-22.4763234026181,-34.0515958417983,-39.8924907636698,-28.6870898908367,-86.2453911827991,-99.3858301470558,-55.6283386381356
28-Jan-2025 20:15:30,208,73,-0.0447050834695498,0.394136331478755,0.107102444767952,-0.967502256234487,0.12468267083168,-0.102988156676292,-0.194388932983081,-105.999795573341,-117.867413470259,-63.3388699721318,-49.5722775890304,-47.9341562812198,-34.524205063075,-50.3979901588938,-51.1583903366568,-30.7585953259261
28-Jan-2025 20:16:29,286,74,0.0563124721248945,0.434250795841217,0.0157367925470074,-0.937385261058807,-0.268336862325668,-0.10091577321291,0.197788306077321,-62.6649344074435,-74.7856031978196,-42.3225413009551,-117.385608752109,-98.7280361838059,-58.5697485000789,-156.590529997041,-116.103677585407,-68.2436895257754
28-Jan-2025 20:17:12,104,75,-0.0394459324578444,0.41875833272934,-0.023151241739591,-0.985223170121511,0.133642765879631,-0.0794987767934799,0.0717975487311681,-97.0680202406133,-71.2463620795817,-42.7634069388801,-111.384069146832,-135.006308117553,-77.7188841743304,-76.6127666045032,-57.1307512119051,-40.6241495912835
28-Jan-2025 20:17:44,46,76,0.068080194791158,0.408477830886841,0.0691463818152746,-0.927345407009125,-0.367624898751577,-0.0695003489653269,0.00722198681905866,-52.7484371355885,-73.3892318234997,-43.2796578083469,-3.63243197052931,-6.86088956435139,-8.47824765040369,-142.887704532396,-99.4237285603188,-59.4311727906054
28-Jan-2025 20:18:24,220,77,0.0869105324149132,0.417385915915171,0.0470711901783943,-0.971567980448405,-0.202225217223167,-0.114675013720989,0.0448360726237297,-65.1403406469261,-63.2859571653728,-34.1188326331399,-79.7770263177398,-49.7863205454139,-42.8004036723746,-123.996125927657,-130.623059758057,-75.4295098071343
28-Jan-2025 20:19:16,88,78,-0.0181300580501556,0.420152968168259,0.110263612369696,-0.978595952192942,-0.158317981163661,-0.00584296056379875,-0.131344143549601,-104.83181021288,-137.61290404626,-72.25177229968,-59.7010104585144,-59.0059533660757,-44.8640004975934,-122.288381271766,-77.3569904788188,-45.6823710255137
28-Jan-2025 20:20:04,125,79,-0.0373740263283253,0.436117432514826,-0.0460519085327784,-0.929818479220072,0.26233490506808,-0.0261460985988379,0.256776924928029,-91.4824498732778,-72.2252857793827,-44.0889567378791,-158.497444349794,-141.104954179126,-81.7491515701522,-69.1190225545214,-71.9532034014237,-43.219685874405
28-Jan-2025 20:20:35,390,80,0.0967313706874847,0.404522891839345,0.0544623288015525,-0.942388367652893,-0.308463905255,-0.129383406043053,0.00376024081682165,-36.5659570513087,-38.3712455181497,-23.2026217399711,-41.0380462970463,-35.4011685224376,-23.9652724217145,-124.264555474446,-117.091210621098,-60.6584820249259
28-Jan-2025 20:21:14,124,81,-0.0373695574700832,0.39794288277626,0.0660194829106331,-0.950217890739441,0.234503532449404,-0.108867284655571,-0.173902217547099,-122.002921808286,-86.0178628126515,-50.4796963196743,-73.5244638118778,-62.8776541131204,-39.3209454231072,-45.848432115148,-50.9278501549671,-30.0701214283006
28-Jan-2025 20:22:01,379,82,0.0442334468166033,0.396253953377406,0.0731300408641497,-0.991205362478892,-0.0927157988150915,-0.0940300395091375,-0.00860849171876907,-68.6767782823191,-88.2611429764451,-49.7985157490481,-62.9647570132397,-51.6422807095167,-36.8697702055815,-91.8543268805889,-103.77478757658,-59.1980463385776
28-Jan-2025 20:22:53,165,83,0.070671724776427,0.388083873192469,0.0405207864940167,-0.989197035630544,-0.0692547380924225,-0.0663754140337308,0.110848250985146,-40.3139749288488,-51.3354617252783,-26.3481347896704,-71.7345529890692,-45.9105469549308,-32.8135290628938,-78.9318411998998,-106.856526625412,-60.8175139551963
28-Jan-2025 20:23:36,5,84,0.0550062922139962,0.40787192384402,0.022457650055488,-0.934250195821126,-0.314557864268621,-0.167953944206238,-0.00462628708531459,-58.5097521765313,-58.2600981343919,-32.0453276105002,-59.7630930030356,-85.2005986358453,-50.7795125538245,-137.347585459741,-95.7608414166125,-56.9251151800685
28-Jan-2025 20:24:21,125,85,-0.0421483052273591,0.419074511528015,-0.0260836453487476,-0.953049429257711,0.217802142103513,-0.0755995387832324,0.196325618028641,-84.3584044005038,-69.4082325503289,-41.1971492455996,-133.29497467299,-127.198732337737,-67.2493753490011,-61.4088757119981,-31.5833715510475,-40.4619192809157
28-Jan-2025 20:25:15,63,86,0.0685074687004089,0.375326007604599,0.0482740086813768,-0.954102671146393,-0.2722183406353,-0.124649008115133,0.00692465752363205,-28.0080688110574,-41.5187469740845,-16.8710653669165,-30.5468708088932,-41.6120176071805,-25.0961976517123,-98.4205507880415,-74.4867774418203,-53.4686734389912
28-Jan-2025 20:26:02,398,87,0.00664422282328208,0.410979950428009,0.0646634037295977,-0.950110264619191,-0.176518637935321,-0.103903915981452,-0.23523529569308,-115.042550665144,-74.1199994224591,-38.9887078659201,-47.8071722337688,-67.5939044659218,-39.6274177351737,-124.808675957249,-63.1745417478589,-42.4477680184514
28-Jan-2025 20:26:46,181,88,-0.0173067794491847,0.392164576053619,-0.00804949216544628,-0.98328294356664,0.132674959301949,-0.0849010442694028,0.0913446257511775,-69.6550752039002,-53.9320977863852,-33.2742129674472,-91.1562653387425,-102.719808069735,-57.8939556462824,-53.89277982392,-61.258625008827,-37.3533636443122
28-Jan-2025 20:27:47,219,89,-0.0584365896880627,0.399384679396947,0.0118030294775963,-0.982516586780548,0.13190261721611,-0.107683951159318,0.0752798616886139,-75.6439836436539,-96.8961982141124,-54.1293344925758,-93.1011967298673,-119.143490943714,-64.8409334893552,-54.5881976474015,-42.3454846162853,-33.6994137972121
28-Jan-2025 20:28:41,105,90,-0.04251424446702,0.401736911137899,0.0587384760379791,-0.956996194521586,0.226239001750946,-0.14754384458065,0.105853805939356,-88.9649071713611,-100.342633700331,-57.2809229088715,-110.711919995004,-70.2141251266761,-34.2856538014324,-46.5186446296278,-44.437551674889,-32.3385925186535
28-Jan-2025 20:29:54,354,91,-0.0228321865200996,0.391923628250758,0.0954552541176478,-0.978655958175659,0.00629655718803406,-0.0778647368152936,-0.190078961849213,-98.7643414761307,-104.373653160539,-59.5776547675519,-42.937084873342,-52.4776244939898,-34.6891418873698,-74.0366352200514,-52.2422109629303,-33.404531550727
28-Jan-2025 20:30:46,42,92,-0.0912796561916669,0.467584415276845,-0.00534240159516533,-0.95541212161382,0.288433694839478,0.0369769692420959,-0.0512486390769482,-164.181978221215,-137.625215022723,-80.0977885544273,-150.332057524083,-172.69152531179,-96.7732032889053,-84.3813328077955,-64.2995717635356,-46.8687584365511
28-Jan-2025 20:31:35,330,93,-0.0267601688702901,0.390762054920197,0.043323806921641,-0.966728703180949,0.111598735551039,-0.134677935640017,0.186663402120272,-59.3105676905436,-86.3094538611325,-49.0088370971031,-103.917745480933,-64.4152288619962,-35.7953632559061,-56.1517826824053,-42.3649080390891,-27.6284525126679
28-Jan-2025 20:32:28,171,94,0.0408670917153358,0.392711035410563,0.0620406366884708,-0.965763775507609,-0.0609797726074855,-0.155117692550023,-0.198797204097112,-96.4446708078614,-60.4542450408132,-31.1425610349519,-39.1895480961572,-51.1944580825754,-32.9919957484169,-87.5856189938341,-83.3146670738766,-51.0812087855048
28-Jan-2025 20:33:04,369,95,0.00733337054649989,0.404058047135671,0.100298135479291,-0.942262919743856,0.0943797305226326,-0.174049181739489,-0.270073978106181,-126.011712577094,-99.9118829062633,-49.8174122331301,-1.13105853287007,-12.5848329025324,-9.24356019095523,-72.0273614422322,-89.4322371365632,-53.9318002860186
28-Jan-2025 20:33:46,212,96,-0.0439283564686775,0.422248427073161,-0.0488972087701162,-0.902753400802612,0.216483404239019,-0.0769473428527514,0.363662467400233,-50.80983859861,-14.700504822575,-8.91938474626227,-151.543390212312,-131.130084445204,-69.1290199008206,-58.0198273599021,-27.3479478239,-20.3327042865221
28-Jan-2025 20:34:56,349,97,0.0562635034322739,0.398820686340332,0.0491940411428611,-0.914553284645081,-0.383905921379725,-0.123475987712542,-0.0310199420899153,-49.8773168141727,-56.4290200157837,-5.85695293582842,-40.9335944510897,-55.8682084280226,-35.7489786769685,-138.891556329662,-74.3863727730877,-42.8804209050075
28-Jan-2025 20:35:53,142,98,0.010185144469142,0.418850568930308,0.00170303813647479,-0.938421781857808,-0.0901264563202858,-0.108337401350339,0.315443835655848,-49.6274242982918,-68.8860169641048,-36.8413806416413,-132.890570772936,-91.6432770137777,-55.1687352973873,-117.316335911195,-75.9778950059819,-45.334708028572
28-Jan-2025 20:36:41,161,99,-0.0162853606045246,0.418137476841609,0.0173578189065059,-0.974596051375071,0.0580125267306964,-0.117261139551798,0.18178825378418,-84.7763027248912,-76.4591690695747,-39.8171460748445,-127.569851273057,-94.1823547305645,-55.3031100841929,-97.9161733171288,-62.6981250704343,-40.4353108289982
28-Jan-2025 20:37:26,240,100,-0.0383186270793279,0.405144548416138,-0.0282318013409774,-0.967648120721181,0.173000246286392,-0.0720683614412943,0.168920860687892,-70.2873331031495,-60.7988334669652,-35.2941597175476,-113.588460671922,-119.684959234113,-68.6119170539468,-53.8897645717706,-49.8284062977362,-34.3082820805232
28-Jan-2025 20:38:57,365,1,0.00193577491833518,0.321314622958501,0.0425096340477467,-0.994242982069651,0.0158063465108474,-0.105976644655069,0.000253418893165266,-6.00000000000001,-13.725,-4.95000000000001,-5.77500000000001,-12.6,-4.87500000000001,-5.70000000000001,-6.97500000000001,-5.47500000000001
28-Jan-2025 20:39:26,54,2,-0.00187037038461616,0.326420112450918,0.0421126281221708,-0.993475437164307,0.0347492131094138,-0.108543036381404,0.00418497522672017,-11.5174422596643,-19.0011933019084,-8.58850548762723,-11.634223259776,-16.6137784629492,-7.78855003779179,-7.74320060013143,-10.1540718572367,-7.42744311434205
28-Jan-2025 20:40:00,17,3,0.00815621061871449,0.329386981328328,0.049533590177695,-0.991517066955566,-0.0573779004315535,-0.107368482152621,-0.0455382061501344,-14.3780522220503,-18.9373469053873,-11.1681819471248,-2.53068982922488,-16.3013855923033,-6.59708135538209,-24.3363305859899,-13.7399382518561,-10.7632233750609
28-Jan-2025 20:40:33,161,4,0.0055028706168135,0.33661399881045,0.0456445900102456,-0.993859843413035,-0.0283760937551657,-0.106944664319356,0.00055027585864688,-17.5628954710489,-25.4083081370476,-13.7371505097951,-16.8787779196749,-20.9331780466988,-8.8230318280194,-28.2137250481363,-17.062840765187,-13.6987843945928
28-Jan-2025 20:41:08,239,5,-0.00844405330717564,0.322573069731394,0.0360795376201471,-0.993793034553528,0.0239866903672616,-0.0994295607010523,-0.0437475765744845,-12.7773856122505,-14.1887993186618,-5.88426702262918,-1.58079489256611,-21.7094515759267,-11.5688296280589,-5.34156326647938,-0.639150047542969,-1.7016150285258
28-Jan-2025 20:41:40,368,6,-0.0202355425804853,0.337572356065114,0.0473350368440151,-0.98142439921697,0.132792655626933,-0.0928734555840492,-0.102697712679704,-45.0194963457234,-30.741243489482,-16.1489337096568,-16.2985051634929,-27.7679157541412,-16.4868890652071,-4.11746125397078,-9.05334960169097,-6.67607226101461
28-Jan-2025 20:42:17,118,7,0.011450416346391,0.353134469191233,0.0481321059167385,-0.991088843345642,0.0356046304106712,-0.107533807059129,-0.0700839102268219,-49.810859955548,-33.6156766644222,-15.4822676084622,-28.4641941674825,-27.9135663384903,-17.0310304280942,-34.8511417256371,-37.1807839038758,-23.350356959281
28-Jan-2025 20:42:55,219,8,-0.0171122971922159,0.341483241319656,0.0171783251067003,-0.988629392782847,0.116412588457266,-0.0886133993665377,0.0347519767781099,-27.8926609073922,-26.6883022978421,-10.7374928919998,-37.010320981151,-44.6224503153645,-25.2794869713082,-9.16710509505154,-13.3644168638546,-10.6058087539621
28-Jan-2025 20:43:32,313,9,0.0294317873815695,0.357465344667435,0.0335593447089195,-0.986586892604828,-0.00359008399148782,-0.0914885461330414,0.135141805807749,-21.7510823341509,-33.9530915605839,-15.5126166551005,-56.1649702111644,-33.4935642787816,-19.5703183675121,-43.6266358445329,-52.2498912511087,-31.2261413322776
28-Jan-2025 20:44:11,131,10,-0.0220715460677942,0.363475014766057,0.0644097740451495,-0.991733376185099,0.0574813043077787,-0.112285988032818,0.0235095749298731,-48.1476810956964,-70.4915716403742,-37.524785733376,-52.9428919904446,-36.1488012511902,-21.559642078839,-39.3501140424398,-28.3681499490183,-19.2581298743836
28-Jan-2025 20:44:45,39,11,0.0077964070563515,0.3448610663414,0.0284705841292938,-0.985278161366781,-0.117000721395016,-0.122695995867252,0.0219894481201967,-16.1862832718317,-29.9257100954882,-14.7781033571472,-20.6047194491655,-40.5373055059703,-23.1995315821542,-48.9061830685605,-23.1855597593946,-16.9305475102439
28-Jan-2025 20:45:33,177,12,-0.0224960209180911,0.354542167981466,-0.011337552840511,-0.975502693653107,0.0977643797794978,-0.103346156080564,0.167798150579135,-19.1792234715498,-30.658225565427,-16.5762805540997,-61.3925464405102,-70.6564048378799,-39.295694313608,-19.7281511002324,-20.6009872249456,-16.708913615159
28-Jan-2025 20:46:16,12,13,-0.0198607366532087,0.362859165668488,0.0568732929726442,-0.962643301486969,0.186536414424578,-0.0961876670519511,-0.171084736784299,-84.395488777628,-43.4823587601489,-23.6002406004308,-37.6608605999617,-36.5932617116022,-19.6408630011971,-19.6470341508395,-25.2181737615313,-15.8862667875001
28-Jan-2025 20:46:51,271,14,-0.0287526888151964,0.367317243417104,0.0732367803653081,-0.961038513978322,0.190122052033742,-0.10389035542806,-0.171654709180196,-87.4524277269716,-60.9438300318487,-34.1575247789935,-38.8255280485636,-26.9876998334219,-15.7220540056985,-21.4818586101189,-26.714516724924,-17.0019200394482
28-Jan-2025 20:47:34,45,15,-0.0228026951352755,0.36192480524381,-0.0234434932470322,-0.977952655156453,0.0550466522574425,-0.112616232037544,0.167021347085635,-19.3151379993631,-15.1238680436313,-9.11374677790533,-62.8253949550758,-85.5582778276163,-47.7272576962557,-32.083015028243,-23.1886241170592,-18.5256433423057
28-Jan-2025 20:48:14,80,16,-0.0323818996548653,0.374952914317449,0.104666994015376,-0.97610772450765,0.0633740807573001,-0.0908982490499814,-0.18690901696682,-81.9978975896903,-101.653344738413,-52.1750981462058,-26.8248164933929,-4.43300757824718,-5.93809144270025,-42.7993273039421,-37.8672299453794,-25.59679258426
28-Jan-2025 20:49:05,213,17,0.0245662748813629,0.360516677300135,0.042050884415706,-0.991326491038005,-0.0830216909448306,-0.0991985946893692,0.0232138502101103,-33.8732253226727,-39.3548310244178,-18.2066906526142,-38.2984866122582,-33.89777280677,-20.789751345478,-60.173095094408,-48.330317810979,-29.8143025339087
28-Jan-2025 20:49:55,251,18,-0.0261666576067607,0.359913468360901,0.0717070127526919,-0.957105541229248,0.154904834429423,-0.103637191653252,-0.221839712063471,-84.3394601782098,-55.4918787831818,-26.3341193000637,-22.3836707911147,-28.3941194877733,-18.1410434166017,-19.1644748582593,-22.2425302852833,-14.4318718658494
28-Jan-2025 20:50:36,150,19,-0.0350103649000327,0.374982527891795,-0.0213687224934498,-0.96841158469518,0.114970644811789,-0.114438529312611,0.189379632472992,-34.5452305423286,-50.0533674778562,-25.6426941458056,-81.9206645250356,-96.4717337746013,-51.567288039698,-34.2628617985285,-27.770620804687,-9.10002678731668
28-Jan-2025 20:51:17,243,20,0.0250101848194996,0.376970533529917,0.0270314653714498,-0.947403864065806,-0.273264062404633,-0.144202596942584,0.0834164202213287,-24.9164449423936,-44.2327175675814,-20.6500003717174,-50.2292443463801,-58.3850253211885,-33.0213684846794,-103.250065269604,-44.0235000645525,-26.1697371799787
28-Jan-2025 20:51:58,339,21,0.0573891455928485,0.362809306383133,0.0489414155483246,-0.966260039806366,-0.213484593232473,-0.143198029200236,-0.0161310286571582,-25.5665352578298,-34.2017478163868,-16.6121825099799,-22.0140593013851,-34.0840386820544,-21.6009439242916,-78.7917802271611,-65.6855760184604,-39.7412619616326
28-Jan-2025 20:52:40,281,22,-0.0324498896797498,0.372493986288706,0.0256506491452456,-0.960380478700002,0.159115015467008,-0.134245536724726,0.185283334056536,-40.9555794077167,-65.6052065931091,-33.4072708182284,-88.0802004086506,-61.2795745223426,-35.1557716369828,-29.205254230472,-29.6728597964684,-22.8846726659441
28-Jan-2025 20:53:17,158,23,-0.0305053003132343,0.372416569789251,0.0748950312534968,-0.942061388492584,0.18939681549867,-0.0937148407101631,-0.26051246325175,-103.408985478217,-63.3100863035167,-34.1562259726347,-32.7051627731887,-40.9376134747294,-24.6256568487085,-25.6977183982654,-28.7248462059079,-18.7103861175763
28-Jan-2025 20:53:56,229,24,-0.0287464550385873,0.369749927520752,-0.00375886390296121,-0.978048729896545,0.0587291600803534,-0.12299903233846,0.157616054018339,-33.0940069970835,-52.9732375614241,-29.1446949242527,-71.9196806869579,-85.4811980021113,-48.4015176532286,-41.3868872784431,-28.8121961412593,-22.3750568817712
28-Jan-2025 20:54:52,100,25,-0.0279057466735442,0.410621629158656,-0.044380338738362,-0.939648946126302,0.170007449388504,-0.0788625950614611,0.286248224973679,-54.7272937965066,-57.133264145367,-35.679270174868,-130.416863809896,-125.278217964879,-70.6156772023392,-56.8020523315391,-61.158868165995,-37.7225060897109
28-Jan-2025 20:55:48,291,26,0.0729245449105898,0.408822015921275,0.0580236690739791,-0.957556851704915,-0.271981302897135,-0.0723930443326632,0.0622118540108204,-52.1208047548386,-69.8814565446657,-41.6427384835771,-68.8797185658764,-58.4470846270402,-40.0700264470203,-129.234852288231,-108.969244503036,-66.1893419857545
28-Jan-2025 20:56:29,138,27,0.0412841252982616,0.396941928068797,0.0235213482131561,-0.972623709837596,-0.153266515334447,-0.0881310557325681,0.150815699497859,-43.3484556192777,-55.7339293858747,-29.7476855534366,-84.5847464194014,-68.7802528130021,-44.5305930915271,-104.440444523503,-89.026826042289,-52.8329812138681
28-Jan-2025 20:57:14,32,28,-0.0269554274777571,0.377312994003296,0.0546363798280557,-0.98396497964859,0.0942408313353856,-0.122767579555511,0.088654987514019,-54.2543838834658,-78.0706884673543,-41.1914528551597,-77.4631284625373,-47.8750918493682,-31.1235363218287,-47.3512356206538,-36.952965341361,-24.5645075290031
28-Jan-2025 20:58:01,121,29,0.0230803309629361,0.385405514637629,0.0212634690105915,-0.991150975227356,0.0893419548869133,-0.0972163985172907,0.0136664481833577,-71.5174840238864,-50.6826922332652,-29.6064473204365,-74.2577619233562,-77.9706184803893,-44.3403601952287,-55.5006592505792,-83.5706112414168,-50.2288575136608
28-Jan-2025 20:58:42,121,30,0.0168546007325252,0.385057634115219,0.0304049171507359,-0.99002400636673,0.0997985601425171,-0.0987742438912392,0.0116792179023226,-73.3296814470125,-52.1850931084834,-30.6844718553281,-75.7379480154226,-69.3156129764736,-39.5322155283375,-54.8606597709338,-78.6428961423209,-44.6900912875497
28-Jan-2025 20:59:16,10,31,0.000538151532722016,0.389701823393504,-0.0225952016810576,-0.978938202063243,0.0549035459756851,-0.102244055767854,0.167963647842407,-47.230896152081,-48.5709492468029,-30.7792775432005,-90.5917668747166,-108.477627722014,-62.261367513712,-60.8040892239358,-72.6783915734389,-41.4588502348982
28-Jan-2025 20:59:59,71,32,-0.0303276184946299,0.396111891667048,0.0952181448539098,-0.979825083414714,-0.0508389942348003,-0.0459752974410852,-0.187735180060069,-98.633278447959,-107.14912795135,-59.6278293792354,-43.8292757109372,-53.3864392312606,-37.5233692490425,-84.2419970182535,-46.079113197402,-28.4432403371795
28-Jan-2025 21:00:49,345,33,0.0755949710806211,0.413827868302663,0.0419323993225892,-0.991432130336761,-0.0612905566891034,-0.0695031344890595,0.0920605982343356,-69.6819758844566,-60.806860733606,-36.215176611242,-95.1355605798767,-62.4932397533543,-40.5718170994403,-101.527256486775,-127.369075006665,-71.1589854859583
28-Jan-2025 21:01:33,263,34,-0.00630398367842038,0.40759118994077,0.0215475616355737,-0.973182229200999,-0.0335615873336792,-0.110671115914981,0.198851462205251,-62.7479789598722,-70.4909953119775,-43.4644669275357,-112.716058418486,-79.9080545866592,-49.7047309174373,-99.8414268618615,-64.1756894506896,-37.3881574367131
28-Jan-2025 21:02:19,343,35,-0.00247370001549522,0.383022560675939,0.0763775885105133,-0.969501451651255,0.152175243695577,-0.128862414757411,-0.142492613196373,-96.4342477131305,-76.0391452703271,-44.9117918619918,-54.5850931695594,-45.2662695465039,-30.7787300397591,-43.7758532392092,-69.7023010526613,-38.7465340437976
28-Jan-2025 21:02:46,109,36,-0.0308896783739328,0.387910199165344,-0.0271324619650841,-0.921585230032603,0.195391595363617,-0.0974838341275851,0.320935664574305,-23.6313632586684,-41.5148284834203,-23.366050217617,-118.160682651045,-87.0002367934984,-47.2229512558941,-28.0260884501339,-8.9881835381768,-6.27930246104265
28-Jan-2025 21:03:32,359,37,-0.0452288411557674,0.379404735565186,0.0400733066101869,-0.983395604292552,0.127264606952667,-0.118187836805979,0.0526164044936498,-61.3982810292214,-84.2889116920695,-50.0924624973909,-74.7326303921102,-82.0173966550186,-43.7388122838832,-41.0770819370996,-34.0891869202236,-25.2558800402194
28-Jan-2025 21:04:04,84,38,-0.0353716557224592,0.398152504364649,0.0907307306925456,-0.917775583267212,0.107256356875102,-0.053100822865963,-0.378634744882584,-137.427264555461,-85.9124032678152,-47.601474701841,-11.3671618642804,-18.1568485692857,-11.3397598684838,-61.3000252781242,-26.7837844766797,-18.356297841377
28-Jan-2025 21:04:51,386,39,0.00436407144491871,0.391271046797434,0.0203908997277419,-0.986946789423625,0.108154008289178,-0.0938024779160817,-0.0737556169430415,-93.9935507088067,-56.2380387366213,-32.3765994450783,-71.6336808895826,-85.7991841183337,-48.0277122572873,-59.9579588584626,-70.6974038978083,-41.1158408639521
28-Jan-2025 21:05:41,166,40,-0.0346589590112368,0.408812576532364,0.0184745317945878,-0.927774449189504,0.285915444294612,-0.104708053171635,0.215692370136579,-86.9525485979061,-77.5283096810548,-43.1240227199152,-136.101499400166,-83.1884198442856,-49.4643567256056,-46.0278674803221,-52.9434388324536,-33.4988592854825
28-Jan-2025 21:06:31,92,41,0.0376823032895724,0.397023886442184,0.0763662800192833,-0.989916026592255,-0.0380322905878226,-0.116700749099255,-0.0707162370284398,-84.9672028010614,-85.9307713293568,-50.8098413324157,-61.0112572186431,-53.1352636330078,-37.5172358096771,-84.3127099257687,-101.748629504901,-58.9648989858496
28-Jan-2025 21:07:14,328,42,-0.03813423315684,0.38852455218633,-0.0313661175469557,-0.979539839426676,0.146913230419159,-0.0630349958936373,0.122249132394791,-58.2776730184129,-31.0948006461396,-29.2397497321861,-88.0711782238259,-111.043930095781,-66.2668974831233,-40.9872700655516,-41.3177466178758,-17.0742795716134
28-Jan-2025 21:07:47,145,43,0.0848467255632083,0.395244594415029,0.0473376927276452,-0.925499629974365,-0.351777935028076,-0.140288181106249,-0.00468844355394443,-10.1071287443438,3.55369565612163,-4.15551861902105,-23.9539860698318,-48.730076329684,-29.0487049883808,-124.194962821996,-99.9499088061744,-47.5313418476767
28-Jan-2025 21:08:35,201,44,0.00822170426448186,0.361159630616506,0.057570697615544,-0.970591294765472,-0.16080882747968,-0.113858761886756,-0.138308591643969,-52.2852290926704,-38.1055692438076,-24.0899537315185,-13.2022114070945,-34.496790307891,-18.6612233151873,-74.1941353139558,-32.2652923780699,-17.3943183681316
28-Jan-2025 21:09:31,300,45,0.0849178632100423,0.43962840239207,0.0509893387556076,-0.89159742196401,-0.339242166280746,-0.237221635381381,-0.183561185995738,-104.785943510569,-70.1490831478118,-35.7256637682249,-58.5293222938209,-71.6472398446356,-54.1250805058488,-172.507282945143,-125.992110432039,-74.6969215158076
28-Jan-2025 21:10:37,333,46,-0.0437500635782878,0.387122106552124,-0.0182032613704602,-0.980215919017792,0.111154915392399,-0.104192059735457,0.126354193687439,-53.7378062358303,-64.1294314117396,-34.1278390810146,-84.7118462282586,-109.790045296405,-68.633324081352,-44.8385015468288,-40.3403806132592,-28.3581783052366
28-Jan-2025 21:11:15,158,47,0.0645570695400238,0.383917214473089,0.0554844396809737,-0.962091898918152,-0.188871305187543,-0.167956299583117,-0.1024573341012,-58.3416209250438,-31.4211104796281,-15.9558578692628,-29.9212249889455,-20.1066959234319,-16.6612484835657,-94.7853085200163,-86.03026216905,-51.6478585964328
28-Jan-2025 21:12:05,39,48,-0.0342496924102306,0.392290918032328,0.0748792101939519,-0.989883271853129,0.0568783762554328,-0.126229274272919,0.0310186399767796,-74.5781853997508,-104.433521683163,-55.2935592069153,-79.779403572635,-53.9402500123368,-34.9157311811012,-66.3968519232965,-43.741448119491,-29.666227437037
28-Jan-2025 21:12:56,107,49,0.0187518758078416,0.382267957925796,-0.00408745029320319,-0.98259787162145,-0.071348371108373,-0.13272350927194,0.108606397608916,-40.1354451425272,-48.3537566930954,-27.4047186410552,-69.2264359628262,-91.599104855533,-56.1118054904724,-76.8606350710368,-70.271342183048,-42.3353564627386
28-Jan-2025 21:13:35,317,50,-0.0312917503217856,0.382915685574214,-0.0121467073137561,-0.986069730917613,0.149641211827596,-0.0691932752728462,0.0220522467046976,-69.344378412641,-18.7646617131088,-29.1150293404642,-73.4396739999561,-101.220014950526,-61.9224212066705,-39.3646615242509,-43.3014639924011,-27.731845589192
28-Jan-2025 21:14:33,375,51,0.0455482833087444,0.426689755916595,0.102523782849312,-0.977067653338114,-0.118479527036349,-0.101186051468054,-0.145130307475726,-112.443543704911,-116.724322082235,-74.501634979713,-68.876200331159,-65.9898292805767,-23.2867550660311,-121.971742663511,-131.858248962273,-75.8052985450005
28-Jan-2025 21:15:29,228,52,-0.0138864891603589,0.455634220441182,-0.046848730246226,-0.904658381144206,0.211479772130648,-0.0405275580783685,0.367732300360998,-93.2370805009685,-74.5468351033156,-54.1253855638721,-187.963697006757,-150.226480897158,-78.6289005677657,-97.5413535413785,-104.202058365328,-58.958839828241
28-Jan-2025 21:16:33,376,53,-0.00485949674621224,0.388429337739944,0.0859167297681173,-0.972542270024617,-0.225743232170741,-0.0390286485354106,-0.0409675126274427,-59.287033846703,-91.5984568572713,-60.7604632378539,-40.4595101339704,-50.7519473512668,-29.4315634017362,-105.712716648332,-47.8517151071889,-30.5150062502221
28-Jan-2025 21:17:08,239,54,-0.0194094676524401,0.374418020248413,0.0166890628635883,-0.985703007380168,0.104272756973902,-0.0991279711325963,0.0876951778928439,-52.6548205609341,-49.8209002559826,-31.5675882866632,-74.1151745952124,-69.4601243106899,-40.4343866358577,-43.9809809232255,-35.5747849366211,-24.5709801414151
28-Jan-2025 21:17:50,396,55,-0.0575099229812622,0.399343731005987,0.0851494918266932,-0.982033868630727,0.13340000808239,-0.132244880994161,-0.0180338803678751,-89.0169193888237,-125.224272370234,-68.2156598383191,-81.5957652722807,-70.3416257248543,-40.1479385399484,-55.2506962406655,-41.2118639142537,-30.0601729382732
28-Jan-2025 21:18:34,305,56,-0.0198717955499887,0.377150332927704,0.072084933022658,-0.963005630175273,0.171056842803955,-0.117444374660651,-0.171949330965678,-96.7872742402406,-71.9600866265644,-40.8668201697301,-47.0839001996929,-45.2503178944622,-26.036245679237,-34.9037472221545,-41.0295285933777,-28.1143923878368
28-Jan-2025 21:19:20,75,57,-0.0223475714524587,0.432095891237259,0.0848042756319046,-0.926437600453695,0.0100105399265885,-0.0426975227892399,-0.373885138829549,-165.859199515042,-113.154377875031,-65.9173581920413,-62.2017696688059,-80.2730383755719,-51.2513522434894,-113.07014318382,-66.4644158622155,-40.4412953737114
28-Jan-2025 21:20:11,207,58,0.104514563083649,0.430033413569132,0.0437174034615358,-0.877991954485575,-0.411540007591248,-0.234666415055593,-0.0685324147343636,-41.7755640248362,-45.6672759936632,-28.2389273212811,-55.5940205630882,-62.3299838923648,-20.3951220346191,-165.203241778196,-128.154932562017,-71.567207270225
28-Jan-2025 21:21:06,257,59,0.103122500081857,0.426433132092158,0.0487281409402688,-0.943347136179606,-0.27985332608223,-0.177687434355418,0.0143368705486258,-63.3481683763925,-65.4298561921235,-30.0242121146785,-71.5761999685166,-59.517314295887,-47.7428704119525,-141.113308209875,-141.102409336692,-81.9527070900744
28-Jan-2025 21:21:42,348,60,-0.0583028147617976,0.37568826675415,0.111919928590457,-0.97372970978419,0.096948071817557,-0.108711829284827,-0.175023514032364,-78.0971722873394,-109.876667892417,-52.1812736866669,-8.20217676467541,-13.9519911517778,-15.1939088024421,-25.6805159540691,-0.638656271729939,-5.24586964860726
28-Jan-2025 21:22:20,241,61,0.0243722354372342,0.401011536518733,0.0482909046113491,-0.984737360477448,-0.0833155140280724,-0.129483594497045,-0.0811473806699117,-90.7250320810961,-67.4792150550236,-35.2197695504059,-66.5828302073352,-58.2345122096634,-36.8349137341718,-101.994205014299,-74.5589861986299,-45.713948579079
28-Jan-2025 21:23:02,400,62,-0.0267962455749512,0.40110978881518,0.00155933282027642,-0.986308670043945,0.143130081892014,-0.0787280221780141,0.0226044878363609,-92.0454453546935,-64.2267349847614,-35.9524307560067,-94.6364367020917,-99.6572946110721,-58.0989672357838,-63.9419765632337,-51.1034287094867,-34.5929169175325
28-Jan-2025 21:24:00,52,63,-0.0432647941013177,0.373705486456553,0.0967258915305138,-0.969329114754995,0.115664981802305,-0.0829034775495529,-0.200373992323875,-87.5716965315046,-93.6209317224219,-51.8654222362128,-30.7610566310127,-41.1662070611159,-25.041197102269,-34.3344389694303,-29.8288634974611,-19.9079503440421
28-Jan-2025 21:24:41,118,64,-0.0181043136864901,0.364003938436508,0.00219700074133774,-0.994389692942301,0.0214811387161414,-0.10355810324351,-0.00186409794259816,-46.2292412063183,-43.28387150517,-22.3593138372538,-41.5691028894383,-79.8067560333287,-47.6348335630865,-43.1522168737174,-29.0826461001291,-21.1154748156164
28-Jan-2025 21:25:50,191,65,0.0315832823514938,0.381578105688095,0.00301005123183131,-0.986022011439006,-0.0278763446956873,-0.106750337779522,0.124851681292057,-39.5619103079241,-43.7863695525328,-26.8166430887062,-72.6683495838364,-87.1460741394237,-49.3785429764275,-66.7829091636561,-83.6798231161992,-47.8917492817094
28-Jan-2025 21:26:38,52,66,-0.0487800881266594,0.390775968631109,0.105583932995796,-0.966077899932861,0.0825112402439117,-0.073380475739638,-0.233453851938248,-104.975176585467,-111.286755102377,-58.0275363098608,-38.0953895074333,3.93742688990747,-1.45647797425541,-54.3332841236763,-36.8478481910178,-11.9222651304946
28-Jan-2025 21:27:23,92,67,0.0955725212891897,0.42293962041537,0.0451296091079712,-0.982169123490651,-0.151870625217756,-0.0840893745422363,0.07216766923666,-68.2205570931118,-62.2600866254915,-35.9097573145912,-88.869625514374,-64.5654290273178,-43.9204537091716,-117.636237693267,-145.375214734878,-76.9244050781692
28-Jan-2025 21:28:09,73,68,0.0684343427419662,0.392354619503021,0.0368892692029476,-0.985925118128459,-0.119607396920522,-0.0857708503802617,0.0793039391438166,-44.3904521231836,-50.3505102636713,-26.4743595340664,-67.8258583151996,-56.9904719644529,-35.6983618446899,-89.1000349696553,-112.446674946042,-59.3509763004228
28-Jan-2025 21:28:58,269,69,-0.0552094991008441,0.426272694269816,-0.00321239684708416,-0.892504103978475,0.194611086448034,-0.17833680609862,0.365730768442154,-66.6492656976152,-101.632686221542,-53.2937600568348,-160.650326124947,-112.595019860742,-66.07694646995,-65.8294028677439,-3.79028227510389,-38.9993178669297
28-Jan-2025 21:29:49,131,70,-0.0127963789428274,0.400559198856354,0.0526928891738256,-0.957465330759684,0.252177651723226,-0.118904657165209,-0.0743526508410772,-115.359582371815,-62.1947861871481,-37.804166759162,-93.1924782022509,-65.3785894398175,-14.4720870456525,-48.3087109448561,-54.7052412303168,-41.3602667431314
28-Jan-2025 21:30:38,317,71,-0.029650409022967,0.392843856414159,0.048196218162775,-0.958311684926351,0.260433163245519,-0.117334345976512,-0.00677897663166126,-99.2189829409947,-71.5750196167252,-40.9783842079696,-93.6337781327173,-61.6253930106072,-32.879089098387,-36.9398814755316,-43.1001607606074,-27.578883581831
28-Jan-2025 21:31:15,219,72,-0.00709572657942772,0.398798533280691,-0.0075146128423512,-0.984333006540934,-0.00290290199530621,-0.125854917367299,0.123453162610531,-63.3460759565944,-57.7718520186938,-34.5920668821407,-94.0309642996966,-104.265205855712,-58.9390117607866,-82.7954367598547,-57.1825802239029,-37.6413879564334
28-Jan-2025 21:32:00,93,73,-0.0408303521573544,0.394960184892019,0.0179007717718681,-0.967855250835419,0.180663207173347,-0.1173746590813,0.129769945144653,-71.7076251616572,-77.1224098247838,-43.5031999061939,-103.144271091976,-96.3551379632652,-48.7197068189017,-47.2264247911628,-42.192692690075,-31.1603123954114
28-Jan-2025 21:32:45,275,74,0.00157001006882638,0.364534695943197,0.0693770195047061,-0.947235373655955,0.145822921395302,-0.125738617777824,-0.256262920300166,-92.7417718252914,-41.1251469324547,-24.3488798070208,-20.8734066525015,-34.2232828956559,-1.82302807375351,-27.1965313914645,-45.6393200277624,-27.3669444536887
28-Jan-2025 21:33:22,20,75,-0.0323571590085824,0.359552961587906,0.0681055823961894,-0.98018923997879,0.145411852995555,-0.114451496799787,-0.0706068659822146,-63.9094853838797,-67.1535626189767,-39.1720449659465,-41.1488079659912,-37.625123054309,-20.1578741895774,-20.6260250122494,-23.6772703305184,-16.9893804419524
28-Jan-2025 21:33:57,230,76,-0.0165690172463655,0.402236370245616,0.0907846629619598,-0.957014282544454,-0.0723843162258466,-0.0343806184828281,-0.278751109043757,-117.53463307184,-100.261081913587,-53.9840584151287,-4.22899415139346,-12.7628624062643,-8.22248202784855,-95.9270203799265,-50.6156234673,-31.6390625728309
28-Jan-2025 21:34:43,398,77,-0.0195546306669712,0.409428701798121,0.0351390602687995,-0.955550646781921,0.277449091275533,-0.0936427071690559,-0.0342934827009837,-120.655221922867,-62.0712550230591,-39.0448591517262,-109.975952099263,-68.7945421191366,-39.5627782463539,-53.6664594616371,-58.141042718522,-36.8186122606084
28-Jan-2025 21:35:44,146,78,-0.0232371510316928,0.390717613697052,-0.00853288260598977,-0.941301119327545,0.211545983950297,-0.0820742785930633,0.249928693970044,-52.804728093454,-52.9551963867276,-28.3557661256586,-116.06351543691,-84.9826281588203,-44.0351286483986,-39.0734793522787,-41.5675646254808,-29.2438724463391
28-Jan-2025 21:36:20,224,79,0.0432450048625469,0.418631601333618,0.046055523554484,-0.968258210023244,-0.223165779312452,-0.0966272468368212,0.0577604127426942,-78.0260878058652,-74.5354435588784,-42.258413659618,-91.8488743950133,-71.2120371159378,-43.2045426198933,-137.768444273565,-94.763555266848,-57.0884231849829
28-Jan-2025 21:37:00,371,80,-0.0720604166388512,0.416571414470673,0.126890873908997,-0.947264496485392,0.121064101656278,-0.0119611378759146,-0.296463227272034,-134.215182246966,-141.026941128438,-73.7630828251172,-27.84712210801,-35.2330055303747,-22.2825399803568,-61.0214558151008,-46.1059184871165,-25.8855409108742
28-Jan-2025 21:37:56,104,81,0.0345632183055083,0.417271876335144,-0.00299639667694767,-0.981391485532125,-0.125304841995239,-0.138406152526538,0.0448684297502041,-79.266239042748,-62.9967590355998,-44.3833864580622,-89.5093395064537,-118.084056867279,-66.2977567144365,-116.337608963328,-109.542455108078,-60.3977117682385
28-Jan-2025 21:38:29,333,82,0.0427338888247808,0.400776892900467,0.0497120231389999,-0.980357344945272,-0.127698105573654,-0.133389071623484,-0.0692824800809224,-82.7589205312522,-46.9904277050826,-37.6669221414007,-59.856048153026,-64.5906810549383,-40.3524183499945,-104.119587220969,-95.2750638301108,-55.6299714116115
28-Jan-2025 21:39:12,71,83,0.0776436219612757,0.411022871732712,0.0528918720781803,-0.972301848729451,-0.124065126478672,-0.169091273347537,-0.103175133466721,-89.5209777180282,-60.1740722316358,-36.8507760981565,-58.77359103609,-68.243030884567,-42.4404490548542,-107.635134907477,-126.019784144625,-71.1089902292278
28-Jan-2025 21:40:01,352,84,0.0168174469222625,0.38377139767011,0.0872351994117101,-0.979598645369212,-0.0567263799409072,-0.115182627240817,-0.15460146566232,-79.2797054702389,-80.93101768683,-49.1784567217323,-34.7826102745765,3.99699429824543,-1.75455640770932,-76.4994653821332,-80.408715567185,-43.9599773199263
28-Jan-2025 21:40:51,112,85,0.0399934103091558,0.383396335442861,0.061955035229524,-0.970832824707031,-0.0660091519355774,-0.151238893469175,-0.173934643467267,-83.2041525552737,-55.6640865050057,-30.1296061861119,-33.0416751471746,-45.7374814293678,-29.4738653509487,-79.7504661694035,-83.0793263561552,-49.3460545114229
28-Jan-2025 21:41:51,340,86,-0.0337716383238633,0.394345917304357,-0.0366843504210313,-0.976207586129506,0.152707772453626,-0.0591067942480246,0.142146079738935,-60.2407211361242,-45.488628237578,-24.3696832106088,-95.1893347431903,-119.675522769078,-63.6544201910853,-44.7918889469593,-41.5115102150031,-32.2980309699172
28-Jan-2025 21:42:53,323,87,0.0406047334273656,0.436290013790131,-0.00131484099353353,-0.948266307512919,-0.156347484389941,-0.102374298373858,0.256643728415171,-66.1017452501641,-72.7323963368627,-41.5279585995654,-134.220668527322,-118.730125756688,-65.3224770302406,-142.218475517072,-111.063005778087,-68.201709276204
28-Jan-2025 21:43:40,76,88,0.0225893054157495,0.395797536770503,0.00936347022652626,-0.976217218240102,0.102431513865789,-0.0542525348563989,0.183205993970235,-57.0762934047038,-53.3942101657,-30.8007864981433,-105.796606815694,-86.4268085052435,-45.8774213916955,-63.6084064635414,-89.4571575296436,-50.6364757288569
28-Jan-2025 21:44:31,392,89,-0.0609292154510816,0.433436542749405,0.118676352500916,-0.988407293955485,0.0255473996202151,-0.0451748224596182,-0.142680077751478,-124.46499861429,-162.11020640066,-86.8440860612401,-82.7496160095424,-68.9743147303148,-48.7813169513561,-101.185374397663,-54.9035195006604,-39.2803429563392
28-Jan-2025 21:45:10,102,90,0.0330184752742449,0.444536890586217,0.112948935727278,-0.950447309017181,-0.0127619592472911,-0.168025423089663,-0.261255657672882,-151.62373499686,-134.109384383898,-70.7654995828174,-28.5887877380162,-40.5242410149517,-28.5255251243874,-124.018471932406,-136.370233767766,-75.365717018029
28-Jan-2025 21:46:06,312,91,-0.0193416737020016,0.411528062820435,-0.0294172575076421,-0.960688622792562,-0.031222964823246,-0.158114037911097,0.2260584572951,-53.3317577155956,-33.5684827628522,-39.091817556186,-113.159630699504,-121.294854278868,-70.5688107906143,-95.1248356361018,-57.8755078690242,-37.3802190516387
28-Jan-2025 21:46:55,325,92,-0.0253056103984515,0.412383220593135,0.00982258853813012,-0.966814482212067,0.247695624828339,-0.0547572831312815,0.0303039185702801,-108.837767290654,-71.311570746882,-44.6784587230488,-115.209644274733,-107.841082691177,-61.4001272968055,-57.2221875844069,-66.6724427151979,-40.9388317491186
28-Jan-2025 21:47:31,200,93,-0.0523190381626288,0.417719709873199,0.0191290061920881,-0.96447385152181,0.243576030929883,-0.0775632530450821,0.0666700258851051,-107.981377315989,-95.9375131996566,-59.1386231260826,-122.402877744684,-113.770426592292,-67.0210449866034,-60.1820263460936,-57.102044182642,-36.3108497092592
28-Jan-2025 21:48:29,367,94,-0.0188021002958218,0.420089503129323,-0.0375330865383148,-0.932602548599243,0.192701121171316,-0.0484270356595516,0.301286588112513,-65.5501176363928,-62.8132666136809,-41.678339036938,-144.371567706129,-124.793431750012,-73.6889130506042,-67.056349683054,-74.0802869052398,-42.9443222992878
28-Jan-2025 21:49:45,41,95,-0.0137948336700598,0.431951357920965,-0.0231920858224233,-0.91340833902359,0.0359208474556605,-0.131830445925395,0.383426225185394,-58.4719651830861,-75.0866402924545,-43.4621737098368,-158.67055755131,-124.136396326344,-70.7098063129309,-106.219159471989,-66.7835429316196,-42.7518541584329
28-Jan-2025 21:50:28,55,96,-0.0868181164065997,0.455546951293945,0.0543297248582045,-0.972167722384135,0.198396034042041,-0.120836472511292,0.030455203106006,-138.716670960627,-159.677054878458,-88.137430861548,-144.593640614211,-140.637281027014,-80.2414300922996,-95.6473603536226,-62.1858172470149,-43.887419181061
28-Jan-2025 21:51:06,344,97,0.0433483210702737,0.402704389890035,0.0866363883018494,-0.977873905499776,-0.176087757945061,-0.0895630260308584,-0.068805926044782,-74.431793044009,-97.0733080097398,-51.0459055157487,10.6605564669886,5.83335457762477,-0.592026163701788,-108.44606936395,-102.943350033669,-54.7662226660587
28-Jan-2025 21:52:21,8,98,0.0727872500816981,0.415858447551727,0.036677293976148,-0.96465048789978,-0.208810219168663,-0.0479193732142448,0.153465002775192,-49.7053674851206,-65.9518921562433,-34.807622042414,-94.7943578376959,-63.091387563547,-43.4771045802823,-126.911200356997,-118.938467390289,-66.4935502993381
28-Jan-2025 21:52:56,292,99,0.0253100565324227,0.412677582105001,-0.0251679035524527,-0.985323897997538,-0.00540874364475409,-0.0872333322962125,0.146621669332186,-64.8731590600854,-45.712585819225,-37.8094383374323,-103.928230162834,-123.914827034927,-73.6729352257906,-90.0515975853241,-110.734159186744,-61.8165379118708
28-Jan-2025 21:53:53,327,100,-0.0145541848614812,0.410662176211675,-0.0346410868068536,-0.969109423955282,-0.0828387781977653,-0.159919804334641,0.168494364619255,-53.7277345277032,-60.442965269048,-34.646722584377,-99.7922301704543,-129.932538792742,-78.0852063498765,-101.542327703181,-58.8132946644608,-40.9800362981512
28-Jan-2025 21:55:24,47,1,0.00164698334410787,0.320883293946584,0.0424586410323779,-0.994003327687581,0.0200983988742034,-0.107468069593112,0.00202776336421569,-5.32500000000001,-13.2,-4.80000000000001,-5.70000000000001,-11.85,-4.95000000000001,-5.02500000000001,-6.90000000000001,-5.77500000000001
28-Jan-2025 21:55:54,196,2,0.00264451593781511,0.327110715707143,0.045671601096789,-0.994072238604228,0.0152092018475135,-0.107393183807532,-0.00746984245876471,-11.8620643099369,-19.9260803491431,-8.41258210504221,-9.64363666162124,-10.6704547583009,-7.12227285498055,-11.2649703535877,-9.99354750831383,-11.3213127129188
28-Jan-2025 21:56:24,139,3,-0.0040791477697591,0.331384007136027,0.0447870686650276,-0.993784364064535,0.0220627429584662,-0.107032098372777,-0.0212145524720351,-18.804020146002,-23.3652889779723,-11.7378044844937,-12.7659705357245,-19.5307128200987,-10.139269628611,-14.8897754300588,-11.0140729395411,-7.84969376372466
28-Jan-2025 21:56:58,310,4,0.0177695507804553,0.336592284838359,0.0408310813208421,-0.993393886089325,-0.0298419591039419,-0.104236374795437,0.0375879496335983,-12.0295951931474,-18.7438525223082,-9.89209253829511,-22.2831836392259,-19.4704659518012,-9.55227957108083,-26.5385381758605,-28.6894771864689,-17.5086504128123
28-Jan-2025 21:57:28,115,5,0.0420109850664934,0.328406242529551,0.047556309401989,-0.981996142864227,-0.151977626482646,-0.112012156844139,-0.00629772770528992,0.811082474949443,1.30801451780133,1.00051542758872,4.28844891152516,-0.819411491767671,-0.011646895060661,-36.874651112049,-32.077314259515,-18.4390140553735
28-Jan-2025 21:58:11,330,6,0.0102142065763474,0.346002171436946,0.0494521776835124,-0.990050597985585,0.0415860312680403,-0.115589511891206,-0.0686258097489675,-42.3925640878093,-30.0520124587869,-11.716347439468,-21.2205529120949,-23.5706882347303,-13.1374129408382,-26.0074957591223,-34.7276224118753,-21.1650824867401
28-Jan-2025 21:58:42,70,7,-0.000246845347768006,0.343267919619878,0.0242714798698823,-0.9833354194959,0.0525657663742701,-0.105474995076656,0.138431872924169,-12.0988591197533,-25.1253783138002,-14.9094473324886,-47.2207601373942,-32.8924077625073,-19.7363391586394,-21.7347977442745,-24.7568190168364,-16.2931215754627
28-Jan-2025 21:59:23,346,8,-0.00730115504314502,0.353297690550486,0.0191778945426146,-0.960243888696035,0.0854960704843203,-0.10822650094827,0.2427120556434,-10.2947427259922,-31.7257207444131,-13.3793662345424,-73.1838366882231,-32.8876217837054,-17.9945141684857,-25.3433632659238,-19.3293631629178,-13.6276569602507
28-Jan-2025 22:00:02,371,9,0.012594150689741,0.35384010275205,0.0613879539072514,-0.967783983548482,0.0575350753962994,-0.132454173763593,-0.206251746416092,-68.1490465731786,-35.1031460734115,-15.0834367177321,-11.3865067578989,-26.558462515736,-16.1282025094417,-31.7802862220242,-41.2095786139302,-25.0723803169475
28-Jan-2025 22:00:58,77,10,-0.0256044196585814,0.357254022359848,0.0640964473287264,-0.968886502583822,0.174355324109395,-0.119383516410987,-0.128867276509603,-70.95751130871,-52.3969424682513,-26.9825403426617,-35.7095254973047,-29.9326784222396,-17.508970968328,-15.170213944842,-22.0516393119412,-14.9027449997127
28-Jan-2025 22:01:29,21,11,-0.0284304271141688,0.361622444788615,0.087434280415376,-0.978172159194946,0.0889689395825068,-0.105040151874224,-0.155660868684451,-69.3971741642959,-80.3666221441568,-43.0132810871929,-25.4877233517168,-32.4847734132225,-22.0516452979334,-29.1810011852447,-31.2916239593581,-20.3222040339013
28-Jan-2025 22:02:12,220,12,0.00765570954730113,0.378027502695719,0.0151912765577435,-0.96951334476471,-0.163902118802071,-0.141259887814522,0.115002710123857,-32.8969842417495,-47.6292448907406,-24.4442632637992,-62.9897225838559,-65.6326496696324,-38.910619610511,-87.5601689070313,-38.8596629191617,-26.1951751929032
28-Jan-2025 22:03:00,4,13,-0.023387490088741,0.3399660329024,0.0831460803747177,-0.98553105990092,0.0603278229633967,-0.105748596290747,-0.117925194899241,-40.6518354191844,-64.2078360466415,-33.4590453095621,-8.03889930768551,-19.2476781577298,-13.4488022071378,-12.6006205274813,-17.934039881179,-13.3899912550056
28-Jan-2025 22:03:30,332,14,-0.0170245459924142,0.356645315885544,0.0329125029345353,-0.992455144723256,0.0440105805794398,-0.114419617752234,-0.00200225018585722,-42.7494331522764,-47.4403294643494,-28.14542674024,-41.6359177844701,-51.8699174129487,-30.9951474989541,-34.8360952657626,-23.6683223252921,-16.7058377555268
28-Jan-2025 22:03:57,364,15,0.045579306781292,0.373101770877838,0.0559181873997052,-0.963703719774882,-0.163447911540667,-0.149751168489456,-0.148776785532633,-61.0301383688191,-20.9153400721961,-11.4988131262011,8.09473245011391,-0.2856651758393,-2.55144793362856,-83.2404909387985,-66.3411114343721,-34.5848986704249
28-Jan-2025 22:04:44,283,16,-0.0169313843051592,0.359493482112885,-0.0111290043219924,-0.965683404604594,0.088858654598395,-0.0975152264038722,0.223719716072083,-13.8285450971192,-31.1007188403572,-1.83621053732761,-73.6850608142233,-67.3353291663617,-36.8747606915314,-27.5906951754269,-24.5054055534298,-18.3751463961597
28-Jan-2025 22:05:24,98,17,-0.0252817886571089,0.363099523385366,-0.000891639913121859,-0.978177773952484,0.153717731436094,-0.0779346699515979,0.11604039122661,-38.4006376572114,-38.8593934908984,-19.2910667240548,-68.8315324565137,-71.3761703215247,-42.2100864983674,-21.3694718708187,-26.2482792472663,-19.1162984241147
28-Jan-2025 22:06:02,236,18,-0.0240870710462332,0.375476515293121,-0.0147209674740831,-0.985483686129252,0.0884721457958221,-0.090300507346789,0.113315798342228,-43.9023974280736,-42.7137598285618,-23.5951871104646,-73.2917518180313,-94.8580979816474,-52.8476807299061,-42.1199925672596,-32.8083634890117,-25.4578759223558
28-Jan-2025 22:07:01,376,19,0.00122891289647669,0.382854706048965,-0.0131132554262877,-0.978140767415365,-0.04789802779754,-0.136238516370455,0.149617811044057,-36.4233041448146,-44.4877715250426,-26.7741487396097,-76.5282409412348,-100.434724041451,-55.8877961326626,-73.1831709011653,-56.0764659287039,-34.6261820030021
28-Jan-2025 22:07:57,359,20,-0.0384405665099621,0.387086353699366,0.0815385883053144,-0.9304239153862,0.212232702970505,-0.087753198047479,-0.285601176818212,-121.561978849562,-79.9388178149497,-46.9116435103325,-44.4195475070387,-51.7907530375996,-31.8327055524804,-34.5843397920144,-36.203306246135,-22.1352233274339
28-Jan-2025 22:08:36,243,21,0.0348373048007488,0.382221746444702,0.032079956928889,-0.954056600729624,-0.270568283398946,-0.109307409326235,0.0679757947723071,-32.9034437058721,-48.715956114341,-24.9242419945676,-50.8618779760675,-55.1131795304294,-33.0579097814222,-107.462510215338,-59.131396010709,-34.1526223142342
28-Jan-2025 22:09:10,317,22,0.027890062953035,0.381625934441884,0.0413693947096666,-0.980037264029185,-0.164775743087133,-0.100451592107614,0.0478060553471247,-44.8049555882301,-50.9285995698603,-26.2029504612966,-58.8900174184591,-49.3605232181807,-30.4739491882607,-92.9852934379592,-61.7461820515064,-36.959564458589
28-Jan-2025 22:09:46,335,23,-0.007167164546748,0.381850278377533,0.0295371824254592,-0.981741082668304,0.0183781278630098,-0.112134371201197,0.15255357225736,-46.7538479684479,-54.4000304503827,-28.4914347325786,-85.5638540903153,-55.5381756590001,-33.8005346516878,-67.8135430453579,-41.1494290095861,-25.477537961143
28-Jan-2025 22:10:44,225,24,-0.0232407270620267,0.403811172644297,0.0719940533240636,-0.994523735841115,-0.018800038844347,-0.0991072287162145,0.0273295724143585,-83.0093760437475,-106.334254671506,-55.6908020855679,-86.9555728317334,-57.8718877033142,-39.9046411222705,-92.342357460454,-50.979290173285,-33.8315143816662
28-Jan-2025 22:11:24,1,25,-0.0353278644382954,0.385544508695602,-0.00616103078549107,-0.971208214759827,0.157078965504964,-0.0941703150669734,0.152357029914856,-55.8010861171457,-61.4462738849533,-35.5484111167434,-94.2826625662239,-91.3880878278105,-57.55433821197,-41.3864802190458,-37.1989387875171,-26.3713334113579
28-Jan-2025 22:12:15,101,26,0.0550639284153779,0.418657054503759,-0.0057105193225046,-0.982101241747538,-0.0969937413930893,-0.124785310029984,0.102459853390853,-70.4727670010835,-56.6256344948692,-37.7363298049257,-97.7286812763678,-120.302697714372,-69.8298803399751,-110.085530535589,-122.738917549024,-72.1912588243975
28-Jan-2025 22:13:00,173,27,0.0134373453756173,0.395244572559992,0.0557925467689832,-0.955778459707896,-0.198088712493579,-0.13005888958772,-0.174164000153542,-87.7496223982149,-59.8289369716399,-33.8939288641911,-39.4501972008511,-62.6612944952194,-34.7626259520286,-111.605357328923,-56.0808078267028,-32.606500608648
28-Jan-2025 22:13:42,173,28,0.0115233138203621,0.395185951391856,0.0552436540524165,-0.958369847138723,-0.179787888129552,-0.127215990424156,-0.181713239351908,-90.563995961993,-61.497529041155,-31.8468007652962,-40.1539785316264,-61.597091191799,-35.1478498670411,-109.336261454439,-55.2507265305652,-32.4292102391924
28-Jan-2025 22:14:38,351,29,-0.037946974982818,0.385883949200312,0.0220801386982203,-0.973653125762939,0.173744199673335,-0.11515950212876,0.0924707611401876,-69.6301513663515,-72.0463966760844,-38.231300199104,-89.4604207758241,-83.49918761988,-46.6708385476119,-41.0574189880021,-39.5962666270744,-26.8216331099224
28-Jan-2025 22:15:16,28,30,-0.022299075499177,0.403059673309326,0.0379862934350967,-0.984628367424011,-0.0170330027739207,-0.131214007735252,0.114016585548719,-70.5027556588285,-91.6308152900635,-50.4228413687712,-98.5442323851976,-87.8902999756772,-49.6091640132817,-91.2324975623881,-52.2068869529034,-35.4060687385805
28-Jan-2025 22:15:52,136,31,0.0141611392299334,0.380359530448914,0.0398597570757071,-0.986403715610504,-0.10892015149196,-0.114991357922554,0.0438313235839208,-49.6927491441115,-53.8280270901112,-30.5185134581768,-61.168859878721,-56.8903638670682,-34.7529808609058,-83.526247587051,-52.5562310497459,-35.1552037779168
28-Jan-2025 22:16:31,71,32,-0.0205175993343194,0.394087823232015,0.0844408834973971,-0.978900730609894,-0.0764936690529188,-0.0682337448000908,-0.17676607867082,-95.7711005058362,-96.3496318762223,-53.1769800664123,-44.2558841815201,-55.0509103875969,-34.8542776926234,-88.8623214167725,-46.3796672728086,-29.2532845053948
28-Jan-2025 22:17:13,99,33,-0.0176872922728459,0.368487562735875,0.0575661646823088,-0.991280980904897,0.0641429295142492,-0.114876293639342,0.00715335595111052,-57.1344575958562,-68.831007709718,-37.3331723988795,-56.2098308907932,-42.1720020418283,-22.9920076135952,-44.6198424215302,-33.3248051069307,-22.2107070385585
28-Jan-2025 22:17:52,292,34,-0.0401371235648791,0.390536453326543,0.0261899748196204,-0.967519040902456,0.185045870145162,-0.129192214210828,0.113905090590318,-72.9741474113935,-83.280857117599,-47.5773011374931,-98.4982897364085,-82.5008616907085,-46.7939813117767,-43.5805878733441,-40.8331208453058,-28.0062435426108
28-Jan-2025 22:18:35,116,35,-0.00972316817690929,0.374211901426315,0.0160226332644622,-0.979684249560038,0.137027208010356,-0.107444209853808,0.0994890371958415,-53.6122158944275,-49.0539987336994,-25.8043411062739,-78.9694968233678,-68.1324302177349,-39.0094046555548,-38.1856344104097,-42.1621827148494,-28.0598309382091
28-Jan-2025 22:19:14,95,36,0.0926852256059647,0.407551423708598,0.0608961746096611,-0.947362299760183,-0.289786356687546,-0.133573947350184,-0.026202463110288,-54.9446828468426,-63.5716717674529,-33.7112476835661,-24.5403594405849,-19.0809630158014,-13.1488260747705,-125.706610385126,-121.3515134048,-66.0893599936475
28-Jan-2025 22:20:01,56,37,-0.0267253960172335,0.404748503367106,0.104082381228606,-0.977476318677266,0.00934038106352091,-0.074910810093085,-0.197081644336383,-110.29595624946,-120.666370947486,-67.9204032713879,-53.236035413596,-54.33568911914,-39.9465376041286,-83.6621687027507,-70.4369871654851,-40.4247996968197
28-Jan-2025 22:20:51,89,38,-0.0503004019459089,0.396919163068136,0.0304523543765148,-0.973129510879517,0.163601863384247,-0.0464756672581037,-0.155220502614975,-110.776832654583,-89.1858712961758,-48.3421110319182,-66.6579681697314,-98.7342106147713,-58.5245271780714,-50.3241198544211,-42.2393892306024,-31.1784067280754
28-Jan-2025 22:21:26,328,39,-0.029398775100708,0.384186581770579,-0.0150821196536223,-0.979644993940989,0.163615755240122,-0.0698468158642451,0.0929893185695012,-62.0680636169465,-52.1405907226056,-28.4924780430377,-84.8407248146586,-98.0152623519673,-58.9339459645448,-38.4364481643277,-39.7955702207784,-28.699728727324
28-Jan-2025 22:22:14,152,40,-0.0300522105147441,0.358842933177948,0.0722285772363345,-0.965307692686717,0.152279073993365,-0.0833932896455129,-0.19503268301487,-78.6858231920925,-59.9831447781158,-33.9837238425517,-24.6985383089616,-34.4231356246162,-20.3432941826137,-17.7985318234752,-20.5583119439327,-13.3361804637881
28-Jan-2025 22:23:02,267,41,0.0748445903261503,0.442318016290665,0.0616302857796351,-0.982928808530172,-0.152459979057312,-0.102964241305987,0.00230479046391944,-105.470523087102,-94.4909599634723,-54.9515176771813,-103.386554325482,-72.9899354677904,-51.3833017511447,-143.495188150261,-145.939357787564,-82.5706456791191
28-Jan-2025 22:23:47,375,42,0.0196095724900564,0.41005937854449,0.0929149369398753,-0.975163491566976,0.0129543508092562,-0.137774961193403,-0.172934743762016,-113.271744317995,-103.340391721947,-62.7227551678299,-62.34939700516,-57.310562020125,-40.2239973412197,-88.3757239131235,-109.989443332671,-61.7822380888659
28-Jan-2025 22:24:37,171,43,-0.0141056276857853,0.410859928528468,-0.0310590806106726,-0.962394972642263,-0.138060243924459,-0.197576135396957,0.125295566519101,-54.9610951530233,-19.0046297625276,-38.4688970969352,-91.203573180463,-130.328083281321,-75.7512112318812,-108.521125303984,-59.3104910110596,-38.0767988497664
28-Jan-2025 22:25:22,243,44,0.0435824893414974,0.420665647586187,-0.00406880512212714,-0.973226201534271,-0.133907603224119,-0.133721760908763,0.130453225970268,-68.0872137521572,-61.2815868785423,-38.9020117468343,-102.470819798702,-119.250045619064,-66.2715436682689,-120.569567890615,-110.819355823224,-67.4608743541859
28-Jan-2025 22:26:11,388,45,-0.0697628110647202,0.411070342858632,0.123227141300837,-0.974734119574229,0.123640358448029,-0.102558691302935,-0.155203647414843,-109.868411298999,-147.004349014592,-81.5438363478249,-64.2063427960463,-55.7813092612537,-40.3749766101412,-59.2123091588919,-46.3371046489047,-28.5676958032149
28-Jan-2025 22:27:00,146,46,0.00293438319737713,0.401631289720535,0.0474298231303692,-0.975064102808634,-0.0705719163020452,-0.0976209551095963,-0.186386124293009,-106.005410180484,-73.4473705392751,-39.3949343481666,-53.7110709690505,-70.0596804636621,-44.5724282432519,-100.454061760138,-60.1988833774514,-37.5994241571001
28-Jan-2025 22:27:32,266,47,0.0844115590055784,0.372619183858236,0.0505798118809859,-0.965412183602651,-0.228927768270175,-0.124304662148158,-0.010943910976251,-2.19116934627142,-20.5427272019082,-10.7624208885819,5.39139486965048,-4.47843912432627,-6.42845517963555,-84.3723322759859,-89.9195658937777,-51.6526995001674
28-Jan-2025 22:28:33,126,48,-0.0566369796792666,0.386488401889801,0.0403347012897333,-0.9830579717954,0.105777744948864,-0.138789480924606,0.0560858967403571,-63.4062084007405,-106.741494882511,-57.2463503323367,-77.4623325573864,-94.2502492472579,-49.8873255430314,-46.8071246342638,-34.1081730831687,-28.980611636219
28-Jan-2025 22:29:16,355,49,0.0143537546818455,0.401185001929601,0.0663917313019435,-0.981686441103617,-0.167536140481631,-0.089500351746877,-0.0145985384161274,-74.576048024169,-94.1350715380737,-52.4610604070676,-68.4863397971161,-59.223261680933,-38.5359633560563,-111.750098643096,-69.2153934243796,-46.8766750227251
28-Jan-2025 22:30:30,119,50,-0.0229877951244513,0.431666610638301,-0.0305731327583392,-0.922789673010508,-0.0410927131772041,-0.182280166943868,0.336963699261347,-56.3762302251246,-75.8620279858346,-43.601014598058,-147.556696954668,-127.962335239997,-73.6290810273178,-112.793999175086,-63.1154613304936,-42.3904506773683
28-Jan-2025 22:31:23,119,51,-0.0162399108211199,0.428687685728073,-0.0229119932899872,-0.930572501818339,-0.0502008726199468,-0.172781307498614,0.318843772013982,-56.4215975663,-76.6879384665709,-42.2346619832206,-142.570660971736,-125.65927212615,-69.2717940774987,-113.308748435307,-64.5714717675563,-44.0077809079321
28-Jan-2025 22:32:16,363,52,0.0866172288854917,0.393192756175995,0.05270094871521,-0.959303387006124,-0.255007100105286,-0.120686768988768,0.0119652766734362,-41.0403729132337,-50.8470054608474,-25.6641527281471,-46.3334236102978,-49.4540194009035,-33.4059011938182,-108.670209905732,-104.71937725588,-65.2160073335011
28-Jan-2025 22:33:01,198,53,-0.00109393394862612,0.394549373785655,0.0757612784703573,-0.961558747291565,-0.136448273062706,-0.089963361620903,-0.220665479699771,-98.0731122816299,-79.7160066338394,-41.2437131965942,-34.9104444906157,-53.4715723940345,-32.8656256879117,-101.363485687311,-54.7639485503397,-37.4005110794912
28-Jan-2025 22:34:03,83,54,-0.0489729578296344,0.409665487209956,0.102391445140044,-0.92587643067042,0.12951754629612,-0.0514802406231562,-0.351180664698283,-143.371247109996,-112.57289897404,-60.9292531258815,-45.204831263461,-56.7513422678434,-38.3905484417917,-66.0672211216862,-49.4150061205954,-30.3292127322106
28-Jan-2025 22:34:42,11,55,0.0580279471973578,0.438333620627721,0.0776872823635737,-0.975525526205699,-0.205299119154612,-0.0784731825192769,-0.00664979579548041,-101.150164574912,-118.478432454154,-63.2448747385472,-95.7959984670077,-44.4683266883006,-52.1008675535235,-149.638134952267,-134.811416545834,-78.8758123716405
28-Jan-2025 22:35:46,69,56,0.0935401032368342,0.413651661078135,0.0552481944362323,-0.98036515712738,-0.138730360070864,-0.139506676793098,-0.0132652278368672,-71.8146433685174,-66.7247823882532,-36.0230856429425,-67.6732048028365,-55.6797950294077,-40.8061236758704,-107.843702873605,-139.134018704696,-80.6474191655194
28-Jan-2025 22:36:49,121,57,0.0387054195006688,0.433051240444183,-0.0145643794288238,-0.942019164562225,-0.256633772452672,-0.195788801709811,0.0916831180453301,-71.9623346101134,-67.2397708511026,-42.3477984310244,-101.337824759323,-127.529581866523,-75.9204786583091,-151.01817741353,-114.33328148298,-66.3169039998694
28-Jan-2025 22:37:33,385,58,-0.0130112062518795,0.43690065741539,0.110244496663411,-0.924403993288676,0.0377469855050246,-0.0965388809641202,-0.36705955862999,-166.679967750967,-125.486661109294,-73.442627934162,-63.189594419629,-19.307096601332,-16.966741903367,-112.278874652852,-100.498752865795,-56.697341509594
28-Jan-2025 22:38:25,314,59,-0.0228821286310752,0.394233934084574,0.0350118624667327,-0.988506400585175,0.0939362009366353,-0.0958321809768677,-0.0696228484312693,-96.5995720413109,-73.3104426393801,-43.928833786969,-73.8663072416205,-80.4476868119768,-45.1669128482589,-66.5364284597667,-49.9586090428011,-31.6272434079977
28-Jan-2025 22:39:11,270,60,0.0459145431717237,0.419640332460403,0.0100158328811328,-0.991685692469279,-0.0267589658498764,-0.116539444029331,0.0475609826544921,-89.6616612221904,-63.6130554514328,-41.0020752609045,-99.5779111711241,-110.013854166074,-59.2122119691198,-105.764300596669,-119.28018001507,-69.6852933231109
28-Jan-2025 22:39:53,337,61,-0.0104315080990394,0.405345714092255,0.024223987882336,-0.950041421254476,0.0349625083307425,-0.118854081630707,0.286483254035314,-53.5675316322683,-73.3338313161543,-43.9830989867291,-125.044361376629,-75.249163581004,-42.2206426580001,-86.0225666434258,-59.9843020332294,-35.3331548061882
28-Jan-2025 22:40:47,169,62,-0.0572694634397825,0.426669784386953,0.0464464373886585,-0.952448991934458,0.285261634985606,-0.0992085273067156,-0.0403002503017584,-134.559312267343,-113.101583156298,-65.8672175322215,-120.520414023152,-107.669096896472,-57.85342203513,-61.5135932225986,-17.285690074717,-39.99667379262
28-Jan-2025 22:41:49,282,63,0.0713800971706708,0.431927951176961,0.0675006275375684,-0.939778951803843,-0.0976752152045568,-0.220848429203033,-0.241869967182477,-129.995810422686,-79.8674441173095,-41.1507758130387,-61.526320923382,-71.9664631098824,-45.2390179891342,-130.370938935246,-126.108108788267,-85.6773021198401
28-Jan-2025 22:42:30,193,64,-0.0203764647245407,0.394785730044047,0.071893381079038,-0.963317147890727,0.0613076448440552,-0.102274461090565,-0.240419255693754,-115.505407986642,-81.791086954229,-47.0842545842942,-48.186763845928,-56.4601624888055,-37.7256675548856,-72.8882076335143,-52.6016036862358,-34.567602506687
28-Jan-2025 22:43:15,329,65,-0.0565563244124254,0.392228821913401,0.0934021333853404,-0.970857715606689,0.139897842208544,-0.112296593685945,-0.15891323586305,-101.898253625793,-115.673516896608,-64.7330323730549,-54.1447066861903,-61.1782599347001,-37.0763503571512,-45.4638224026972,-39.8090380519993,-27.877330299673
28-Jan-2025 22:44:00,175,66,-0.00777943752085169,0.361058010657628,0.0167515426874161,-0.981811805566152,0.115942877034346,-0.104309955736001,0.108269589642684,-38.8838867068672,-40.9579103424397,-19.7102260354966,-64.1540629531649,-53.5477260740802,-31.9506159972407,-28.5640976847295,-34.0890372833528,-23.1140507511425
28-Jan-2025 22:44:49,344,67,0.0125823278600971,0.412370367844899,-0.000108807657822278,-0.944324620564779,-0.142339245478312,-0.152867433428764,0.254208866755168,-46.3114058339834,-64.0434712266604,-35.9929127515428,-115.389240771036,-98.2370893336264,-55.5749717163869,-116.536033105117,-72.5105470983929,-42.3705738807323
28-Jan-2025 22:45:26,4,68,0.00702311613907417,0.399776007731756,0.0271293578048547,-0.987750299771627,0.101711191733678,-0.101231184601784,0.0612899839878082,-84.1192596590463,-62.3382847945115,-34.3196330527012,-97.620664468459,-79.3852762710528,-45.4357626100513,-71.6078465359042,-76.2458006320419,-44.6704451388563
28-Jan-2025 22:46:12,399,69,0.0264523333559434,0.389120664199193,0.0451231817404429,-0.992049562931061,0.0569824154178301,-0.109489929179351,0.0245484420408805,-73.9567978058508,-53.9685693723762,-28.1122965375159,-78.6230806004475,-53.9006592197279,-32.7121672341301,-68.5232345717241,-79.2950241473134,-44.7615435794075
28-Jan-2025 22:46:51,111,70,0.0694129799803098,0.401577281951904,0.0498182507852713,-0.989324792226156,-0.0954464713732402,-0.102181361615658,0.0410539900263151,-63.6231913061796,-55.9884461187289,-33.2127074894594,-75.6725956699113,-56.1666289775037,-36.2937206687144,-96.1677332461278,-113.225250702632,-62.8116121793504
28-Jan-2025 22:47:39,14,71,-0.0461671431859334,0.395069185892741,0.106569081544876,-0.937074096997579,0.160845737655958,-0.114360897739728,-0.28799725373586,-122.357710727017,-105.855966855304,-54.5622937719555,-40.2319016511096,-12.6340844152974,-9.74732229028454,-46.1702400800822,-44.0270614571282,-27.0630848425653
28-Jan-2025 22:48:19,61,72,-0.0175466001033783,0.408534735441208,0.0797293817003568,-0.945492513974508,0.116534143189589,-0.119091388086478,-0.279787409305572,-137.347119844534,-97.8591158691486,-52.2634631461366,-58.6796817580035,-59.076386594752,-40.2575922415029,-77.3346105053691,-62.0935480917372,-38.7507937130078
28-Jan-2025 22:49:15,192,73,-0.00711152013391256,0.402528595924377,-0.00517956055700779,-0.978931200504303,-0.118990541994572,-0.158795868357023,0.0481547189255555,-66.9224084804067,-59.5523204649243,-36.5516130251546,-79.5353788421872,-106.130143741563,-63.4957803931551,-104.111839605692,-55.01542534191,-35.6057152621644
28-Jan-2025 22:49:49,356,74,0.00922873274733623,0.366831936438878,0.027725092942516,-0.972119975090027,-0.180777851740519,-0.136069957415263,0.0615397485593955,-27.8700642160958,-43.2320440628472,-25.8426391722043,-42.3103204724112,-55.4754024486829,-35.2169550933617,-80.8410115878578,-34.78606920515,-24.7559192133423
28-Jan-2025 22:50:33,114,75,0.0566830279926459,0.383316834767659,0.0550797171890736,-0.929199504852295,-0.355148295561473,-0.101895227034887,0.00867918382088343,-24.8816473488522,-53.8651784319887,-27.5571362781028,-32.7866191355339,-42.1556792222032,-28.8037139007283,-118.39093995374,-69.3350264597707,-39.8976865977151
28-Jan-2025 22:51:24,314,76,-0.0596573956310749,0.404915920893351,0.107388593256474,-0.965842036406199,0.173833410938581,-0.135128543774287,-0.136643392841021,-111.320463158596,-129.253480221883,-68.460473625364,-69.1116175339877,-55.1393521575609,-33.3790820703605,-51.3158407042296,-43.0283225194249,-30.5382004977234
28-Jan-2025 22:52:43,69,77,0.0284041672945023,0.419023044904073,-0.0201262962073088,-0.976130549112956,-0.028055032218496,-0.111004741489887,0.184553593397141,-65.6487096625605,-63.130899936067,-42.1002165534518,-114.065250757879,-125.791535291544,-70.893379333168,-102.472563204823,-107.639574638195,-63.9121993370384
28-Jan-2025 22:53:36,293,78,-0.0215153268227975,0.38102371096611,-0.0211491112907728,-0.972186064720154,0.0328858010470867,-0.131649068991343,0.190896162390709,-34.0882235263281,-44.632088565458,-24.630789310856,-84.1730437836822,-98.8847337802165,-57.0135433326232,-54.728150254809,-40.5008428044017,-26.4689817173176
28-Jan-2025 22:54:17,99,79,0.0185527210434278,0.419696112473806,0.117723433673382,-0.976141126950582,-0.0221544237186511,-0.128147699435552,-0.173884662985802,-114.987564362196,-134.464790531388,-70.7653500840134,-39.9819442895249,-21.9986348406426,-17.6104968092336,-98.6233426328534,-117.442007399983,-69.3433587325341
28-Jan-2025 22:55:10,33,80,-0.044978308180968,0.401769383748372,0.0652268340190252,-0.990022905667623,0.0782259821891785,-0.1147616888086,-0.0237725887447596,-91.8361372477813,-118.338921701523,-63.2868842328347,-82.7230281339361,-79.3700183793425,-45.3415537204396,-72.0266862730136,-48.5266562328367,-37.587944176331
28-Jan-2025 22:55:44,342,81,-0.0300355194757382,0.397554592291514,0.010315302759409,-0.973523898919423,0.216379459698995,-0.0734030882517497,-0.0065697359542052,-97.2864814731397,-66.0100253128669,-39.5862471061851,-93.0916216082052,-94.5613737939156,-57.1064907844556,-46.8076225458179,-49.7634814108486,-35.7290640648236
28-Jan-2025 22:56:41,275,82,0.010512951699396,0.386110093196233,0.0658232768376668,-0.981086301803589,0.120602549612522,-0.1280124882857,-0.0808549170692762,-89.1136649173927,-73.3461906101346,-42.2211279986335,-65.2662068597754,-50.2891178773201,-32.7648852144976,-52.3403291109018,-75.8895206561249,-47.1258300471804
28-Jan-2025 22:57:21,384,83,-0.0525575136144956,0.398132838805517,0.0911625156799952,-0.969695750872294,0.185234970847766,-0.155156170328458,-0.0361208915710449,-96.2826045551662,-119.462576662745,-64.8542755825621,-82.1076030047664,-57.2716716598486,-32.9949787356481,-45.9576130824169,-42.3425453011484,-30.4732709852676
28-Jan-2025 22:58:22,395,84,0.067082512875398,0.40835212469101,0.0285984475165606,-0.946998083591461,-0.285677595933278,-0.139372278253237,0.0464580722153187,-53.7918126783054,-60.3910133445555,-35.6912617301063,-68.1832776948235,-82.7518855367164,-45.477284516853,-132.184022002604,-104.125033352414,-62.872769846516
28-Jan-2025 22:59:36,214,85,-0.0292287490020196,0.39397598306338,-0.010050605610013,-0.948622540632884,0.195107445120811,-0.0890888924400012,0.232618856430054,-56.1896726333843,-55.203233929521,-31.4832551238644,-114.873122241817,-90.4331765827006,-51.3260286591865,-44.0302078722902,-45.3775637723008,-29.7526616722228
28-Jan-2025 23:00:39,363,86,-0.0289735347032547,0.438510515292486,0.129016255338987,-0.954300983746846,0.0583005646864573,-0.0770571579535802,-0.282794763644536,-152.845254023149,-156.156553771067,-86.5081027163852,-72.6352874843874,-66.5458332037654,-47.7666524004991,-101.902809573092,-94.8784477892199,-58.247663109674
28-Jan-2025 23:01:19,191,87,0.0278867771228155,0.404592035214106,0.0439841320117315,-0.973148477077484,-0.190767780939738,-0.121042083203793,-0.0440281212329865,-81.1962265172176,-42.3596310129192,-36.8927283033877,-67.074433927101,-57.6546730141495,-39.8847131512839,-119.538268026512,-74.8348841476511,-46.8196541335879
28-Jan-2025 23:02:26,356,88,0.059315716723601,0.412898659706116,0.035035403072834,-0.95071036418279,-0.272042695681254,-0.0866359720627467,0.120982573926449,-51.4119329700984,-64.1389903993484,-37.8194350973191,-86.1269899906947,-65.4746868978084,-41.8970241335887,-136.418631080014,-100.57302301172,-58.1685936056507
28-Jan-2025 23:03:17,10,89,-0.0501370015243689,0.411732488870621,0.0486809961497784,-0.949707631270091,0.229674270749092,-0.0523461140692234,-0.206313035885493,-137.679056569805,-96.4045645193269,-56.9340648515089,-83.4276513436732,-92.3360365852475,-54.3921801413877,-56.274875402805,-54.1975651669993,-34.9091288471457
28-Jan-2025 23:04:20,52,90,0.099199732641379,0.428197318315506,0.0461552066107591,-0.91600257953008,-0.316721578439077,-0.223659006754557,-0.102972813944022,-81.3235521190981,-36.0944608689441,-23.2297787963091,-56.4459507897181,-63.6580803957536,-48.2702870515716,-152.687154490768,-131.119140881048,-75.9438932089893
28-Jan-2025 23:05:05,297,91,-0.0609823457896709,0.437041223049164,-6.62193677271716e-05,-0.988550611337026,0.0708186611533165,-0.113871602714062,0.0691785757740339,-110.851387479662,-113.649028033516,-66.7802109177979,-124.07763329963,-146.210177013729,-86.0651435172321,-103.616435556656,-63.3392923834587,-44.0387228668114
28-Jan-2025 23:05:50,157,92,0.00748096974566579,0.377440448602041,0.0220298819243908,-0.975389532248179,-0.164128731687864,-0.137720117966334,0.0520600999395053,-40.6858344616786,-50.4064150645941,-21.8004503993049,-54.5361620923007,-66.2833873378291,-41.4411244539848,-88.674025123677,-40.8078389126443,-26.495344781079
28-Jan-2025 23:06:36,158,93,-0.0249936570723852,0.397688293457031,0.0185901692758004,-0.979280877113342,0.182608523964882,-0.0856029227375984,0.0183110407243172,-94.0614866331173,-63.5863143279011,-34.9426023735435,-95.4944244266447,-88.0270318114633,-51.176563937755,-56.0691474205296,-48.8760314947171,-31.3595447565545
28-Jan-2025 23:07:26,241,94,0.00154866449690113,0.355120452245076,0.00903150867670774,-0.967687312761943,0.11592415869236,-0.0874360834558805,0.206149991353353,-15.3853131428509,-31.8979084548731,-14.9241519613249,-71.0832919765503,-49.5757377382939,-27.8323768776495,-21.1962493048873,-39.3541649436656,-22.488314676251
28-Jan-2025 23:08:09,10,95,-0.0578822205464045,0.396105619271596,0.0592826430996259,-0.983447432518005,0.143501349290212,-0.106207728882631,-0.0309594384084145,-89.0573833095386,-114.498532360167,-62.2371152071384,-79.0640460506875,-90.3988116520134,-49.9344188537676,-52.1955368113561,-39.6741211825213,-30.4179194243085
28-Jan-2025 23:09:16,156,96,0.0939027269681295,0.421805864572525,0.0466305191318194,-0.952812687555949,-0.278225078185399,-0.0883514299988747,0.0832636808355649,-53.6113747771531,-65.508042013875,-34.5011769304244,-79.9798748888512,-66.5285024199526,-43.9599979972154,-139.343957801875,-130.284280180945,-74.8607934876847
28-Jan-2025 23:09:58,23,97,-0.00880839868138234,0.409550652901332,0.0823331251740456,-0.947263240814209,-0.105103403329849,-0.0724736914038658,-0.293927170832952,-124.435374586774,-87.8873264512113,-47.8841630714385,-41.2561613628728,-29.9360658656482,-21.7703370739318,-110.151555926801,-61.0054445153915,-37.9414634111191
28-Jan-2025 23:10:57,276,98,0.0412938423454762,0.4136101603508,0.102112160623074,-0.985597229003906,-0.0846234187483788,-0.102744609614213,-0.104309824605783,-94.9265912335642,-120.899110295623,-66.5075937047967,-62.301452199522,-51.9709213830656,-40.7494102595539,-104.567720416698,-125.379029649954,-71.0216666064854
28-Jan-2025 23:11:50,209,99,0.0592593766748905,0.391867377360662,0.0380743525922298,-0.980272873242696,-0.14485958913962,-0.0832276175419489,0.105612406631311,-41.3548125655903,-56.8394806040456,-28.0582323276895,-71.3650471772054,-51.4991989398039,-36.0410558644855,-96.5482850794468,-98.6080939999925,-57.6545882086529
28-Jan-2025 23:12:48,31,100,0.0512178915242354,0.413187642892202,0.0223886051525672,-0.950183629989624,-0.260702977577845,-0.108151832719644,0.132243075966835,-50.893465201362,-66.3104460981139,-35.2935396414987,-89.4313048288126,-83.6192985216001,-48.0744569010995,-135.708629223604,-100.534771507547,-61.0367195084388
28-Jan-2025 23:14:20,163,1,0.000608498839816699,0.321163813273112,0.0417390316724777,-0.993842856089274,0.0202314510941505,-0.10893579274416,-0.000332517902522037,-6.00000000000001,-13.725,-4.72500000000001,-5.25000000000001,-12.45,-5.02500000000001,-5.55000000000001,-6.90000000000001,-5.10000000000001
28-Jan-2025 23:14:50,173,2,-0.00206611515022814,0.326509493589401,0.0447679984072844,-0.993174624443054,0.0381315693259239,-0.1082829768459,-0.0206149717171987,-14.8144345031528,-20.1718484576116,-9.04673541124429,-8.60082372504808,-15.5615461048007,-7.77283676723849,-8.01962276054357,-11.3205905978932,-8.12735435873596
28-Jan-2025 23:15:24,264,3,-0.00755503090719382,0.329924488067627,0.0338303911189238,-0.991162208716075,0.0775785391529401,-0.106555870672067,0.0149975430841247,-16.6125971740702,-21.0230717790906,-6.25384306745451,-20.7854406824106,-22.4043449625245,-13.1226085984597,-5.66616185181014,-9.03616554365639,-8.31351164783865
28-Jan-2025 23:15:55,88,4,-0.0126808399955432,0.329917903741201,0.050638971477747,-0.994182948271433,0.0334551764031251,-0.102052562932173,-0.00814325443158547,-16.0429975768499,-30.4478065150553,-17.0553038632403,-13.2835578380431,-16.9708553907417,-10.4809085278808,-11.1635598651228,-7.21255256288968,-3.61422452861359
28-Jan-2025 23:16:37,33,5,0.0214302964508533,0.333366459608078,0.052606255809466,-0.986668193340302,-0.0654861748218536,-0.114145297308763,-0.0957514276107152,-22.7854354318055,-21.3995036524503,-7.92872582894205,3.05203464758592,-13.8257788231528,-8.8739047938917,-30.9011185570775,-28.108441664931,-16.4464675945858
28-Jan-2025 23:17:15,188,6,0.000168773590121418,0.336855928103129,0.0714053486784299,-0.990802454948425,-0.0414173697431882,-0.0978983610868454,-0.0837321644028028,-25.6554200552764,-50.6179595157372,-22.7689192453261,-3.0338255607531,-16.2925408925473,-11.8347432855284,-27.4182777624603,-28.7825946043744,-15.6328625561008
28-Jan-2025 23:17:53,292,7,-0.0153581945846478,0.34164894024531,0.0352520443499088,-0.983248857657115,0.148668857415517,-0.102566131452719,-0.0244843845566114,-40.4664077904419,-31.072508191305,-11.5031723200697,-32.4561975714819,-28.8055368858736,-18.5839622066511,-6.20885750247488,-14.0167634717308,-9.51610541423857
28-Jan-2025 23:18:30,246,8,0.0464745511611303,0.345292782783508,0.0563468458751837,-0.988569192091624,-0.0963231801986694,-0.11249784976244,-0.0282327630867561,-20.7547391287022,-34.9697653332452,-16.5337158334184,-12.1708960149592,-20.5616693074429,-15.6118062719658,-42.8790434550192,-60.6774872301672,-35.2079789373749
28-Jan-2025 23:18:52,361,9,0.0402349104483922,0.348604647318522,0.0621673067410787,-0.981708331902822,-0.0503252426783244,-0.13816122909387,-0.120944500962893,-40.752796603637,-31.9037720843768,-15.28535843743,-0.177132821709189,-5.59646322481446,-5.61028027863867,-38.8496130913617,-58.3570995770034,-31.7972173561723
28-Jan-2025 23:19:30,102,10,-0.0189039597908656,0.361020882924398,0.030181530987223,-0.971562814712524,0.213425088922183,-0.100291998187701,0.0213770398249229,-58.6176678091556,-39.8270823439529,-19.5675234630002,-62.262106982004,-43.0716135508303,-24.6540890197987,-14.2478780390925,-26.0115981529231,-17.0398690480039
28-Jan-2025 23:20:00,89,11,-0.0176339700818062,0.365184911092122,0.0486185898383458,-0.991752890745799,0.0627539411187172,-0.0966280981898308,-0.0561355717480183,-62.105931615849,-56.9398904183943,-31.7352693671815,-43.3469560672814,-49.2358381221214,-29.3154020591236,-41.1170954975814,-30.3640549084668,-19.8498880232051
28-Jan-2025 23:20:44,95,12,0.0059151552307109,0.349156997601191,0.052465990682443,-0.982992645104726,-0.0736460775136948,-0.108548206090927,-0.128526480992635,-44.9526315204064,-34.0983882221933,-12.7045203755341,-9.61794687108032,-25.3981612554374,-13.982995175594,-48.3504794454936,-21.9499239282692,-13.9690490047936
28-Jan-2025 23:21:23,325,13,0.00042086661948512,0.362498565514882,0.0669323662916819,-0.949477223555247,0.109272621572018,-0.135714284578959,-0.261025238037109,-88.7664763088951,-43.4348134345788,-20.0760530875445,-16.5442997854373,-28.6404922888822,-18.3056955198137,-32.7427202130778,-41.7006492846798,-22.5033439714338
28-Jan-2025 23:22:04,281,14,-0.0127984574064612,0.374283146858215,0.00880250067760547,-0.991276490688324,0.0887649913628896,-0.092662254969279,-0.0300906686733166,-67.8539353620558,-43.1390466753604,-24.3827541770912,-57.3145572085977,-79.6116128335562,-45.6574476221465,-44.8920582936445,-44.0562520896649,-26.376035934391
28-Jan-2025 23:22:46,352,15,-0.0258831435193618,0.3587588707606,0.0571171119809151,-0.980916317303975,0.154577846328417,-0.11790201763312,-0.00282923602499068,-55.6741142594151,-57.128857032834,-34.1445728311971,-51.8083401124365,-35.9702052322949,-19.646960977305,-20.7129295814248,-23.1467597648362,-15.7833562930001
28-Jan-2025 23:23:32,285,16,-0.0270480122417212,0.377028836806615,0.000575826359757533,-0.972141448656718,0.180637326836586,-0.093352139989535,0.116603855292002,-56.0843000171755,-46.0841023523933,-29.6464054832912,-84.3014829173592,-80.2057340945428,-42.4230872409534,-31.4489137482165,-31.242174545322,-23.2278501983846
28-Jan-2025 23:24:10,265,17,-0.0192757823814948,0.372884118556976,0.0165864177048206,-0.992180347442627,0.0353229147692521,-0.114052526652813,0.0363666127125422,-52.7424671429913,-51.1572946053676,-31.9029371673044,-60.7087227530665,-78.6577947596419,-41.7111290511339,-51.2935683887243,-34.0671400906746,-22.5465567900002
28-Jan-2025 23:24:43,176,18,0.00548270853857199,0.36411520242691,0.03978056833148,-0.991236309210459,0.0165414157013098,-0.112790432075659,0.0667481044928233,-40.6554134330894,-43.1858735302151,-26.8788993399784,-56.9066327713076,-43.3762915570906,-25.5280881201611,-49.0270053811389,-39.9790106430046,-27.5698089071224
28-Jan-2025 23:25:26,226,19,-0.0243839096277952,0.366898349920909,0.0621849291026592,-0.987302708625794,0.104858381549517,-0.119236912826697,0.00455030814434091,-59.2027746352501,-67.6450259006264,-40.9344944019127,-57.2065762287094,-41.5026269595777,-22.1152936781594,-35.7178129287876,-29.7757634380326,-19.9595262467184
28-Jan-2025 23:26:15,397,20,-0.00986554188032945,0.354255435864131,0.0109296472743154,-0.991362007459005,-0.00555585051576296,-0.122578587134679,0.04631454149882,-30.2637090063454,-32.5508752722871,-17.3775458848075,-40.4758388424236,-63.0523115966881,-32.9042722837924,-39.1423286584544,-22.59466316478,-16.0667639398335
28-Jan-2025 23:26:44,383,21,-0.0252138502895832,0.375758838653564,0.0610989501078924,-0.993166323502858,0.0397971930603186,-0.105001127223174,-0.0318065556387107,-66.8114634444784,-79.8075661040679,-47.8875623519767,-55.8990769407145,-55.4123014956394,-33.5404430295534,-54.3748601530132,-35.6300473826649,-25.5324576163931
28-Jan-2025 23:27:37,135,22,-0.00998583951344093,0.381576087077459,0.0894972989956538,-0.989384762446086,-0.0868428150812785,-0.0626439809799194,-0.0982439900437991,-69.7476024837331,-97.933101950097,-53.187552246128,-39.0957740951884,-42.300529532127,-32.546531391437,-77.9612523519794,-52.2411216764207,-30.5083819925769
28-Jan-2025 23:28:04,63,23,-0.0232412002980709,0.386153503259023,0.102477625509103,-0.951066652933756,0.114795172214508,-0.117569157481194,-0.261671054363251,-108.668208900164,-95.2647828150377,-50.3464911499411,-32.1886264794606,-23.136344468875,-18.0199135174054,-48.247725574735,-55.6516734205673,-32.9483389650774
28-Jan-2025 23:29:06,167,24,0.0237970301260551,0.392865020036697,-0.00925983854879936,-0.978639833132426,-0.125406437118848,-0.14274637401104,0.0784908071160317,-48.3915669630137,-49.8815968235105,-32.4568968891955,-69.8840037657021,-105.071568070756,-59.7082121464902,-92.9696506078763,-82.325949549442,-45.7582670790754
28-Jan-2025 23:30:21,222,25,-0.0505735253294309,0.404419455925624,0.100291013220946,-0.927435966332753,0.20851852496465,-0.0930546964208285,-0.296181388696035,-137.329254940433,-108.883313628121,-60.2637689809476,-54.5466705929541,-56.3785041723078,-25.1395379332758,-48.0157845071792,-44.3726308569907,-27.7855170795673
28-Jan-2025 23:30:59,12,26,-0.00901386787494024,0.390656481186549,0.019576487193505,-0.993893818060557,0.0383510701358318,-0.102670323848724,-0.0127722024917603,-81.3946443861237,-60.3572151333991,-32.0223020563915,-73.6835007848169,-81.2223844010341,-43.193982393725,-72.9913624842837,-45.2135972585802,-31.6890304318023
28-Jan-2025 23:31:45,347,27,0.0110404027625918,0.406487091382345,0.0497586051623027,-0.984772431850433,0.0107822618136803,-0.120250570277373,-0.12508739332358,-110.885853137809,-70.2320752895265,-37.078394603664,-74.5862695482589,-66.4608577744096,-40.324842561262,-93.9229929698936,-70.3618604489994,-44.7375484105385
28-Jan-2025 23:32:58,358,28,-0.0481551011403402,0.40809766848882,0.0489941025773684,-0.963172392050425,0.236321619153023,-0.127799993753433,0.0108725857610504,-108.263374377101,-103.911398158608,-53.595394665549,-105.069872512193,-85.5909739047688,-46.8887197596062,-52.5563329616136,-47.7032644987069,-34.8759510198953
28-Jan-2025 23:33:58,199,29,0.0585567104319731,0.426781376202901,0.0885527054468791,-0.970306273301442,-0.161416339874268,-0.123515807588895,-0.131127306818962,-107.927601696197,-113.952222409158,-60.0278724221261,-63.8463517158291,-63.4294327212064,-46.2307550520372,-129.677000093608,-128.437123798266,-77.1751272795566
28-Jan-2025 23:34:25,84,30,-0.00370066662629445,0.393691353003184,0.101117906471093,-0.980481298764547,-0.00807978765418132,-0.108554511268934,-0.163728395104408,-93.199610020169,-103.167959582421,-53.0818888947499,-30.3490948730006,-28.2460305663882,-21.4655719870757,-73.5124100943619,-76.1071677359855,-44.7663876236985
28-Jan-2025 23:35:26,289,31,0.0157256439328194,0.406181927522024,0.0440535557766755,-0.987007212638855,0.106430866320928,-0.117550900081793,-0.0259045430769523,-103.442922298926,-70.9068352981637,-39.4127735642065,-92.8868868106641,-62.6341472386627,-37.4487621980254,-78.356244187145,-86.7342931162377,-49.3714423700548
28-Jan-2025 23:36:07,280,32,0.0225002251565456,0.38024240732193,0.0688457866509755,-0.965725298722585,-0.230991697311401,-0.0857388868927956,-0.0816479449470838,-56.9890384986049,-66.4791657334144,-35.047482196543,-29.8845763408654,-24.199375976053,-14.9937625130457,-100.349713892192,-55.9361773595121,-32.7109505287256
28-Jan-2025 23:36:58,185,33,-0.0380623737970988,0.379530678192774,0.0823910574118296,-0.961454081535339,0.171752256155014,-0.110088592767715,-0.184357612331708,-99.0946561352772,-84.6023523464891,-47.3442667248602,-44.9414908727163,-42.7630136836653,-24.4926938544386,-33.9718347896858,-34.5950212188956,-22.9455749913583
28-Jan-2025 23:37:40,69,34,0.0398188643157482,0.423160753647486,0.0888963863253593,-0.963967704772949,-0.224502843618393,-0.0695145010948181,-0.12462939620018,-103.243190905661,-113.580331719677,-62.3350454916769,-62.5458387102277,-59.5290249387867,-18.8184491951253,-138.810093841945,-109.281782140963,-64.0507501881954
28-Jan-2025 23:38:42,318,35,-0.0101758071531852,0.414132118225098,0.0233214115103086,-0.991631348927816,-0.0447390767435233,-0.104630100230376,-0.0609771957000097,-105.245234839562,-75.3290932229579,-46.4536622579594,-84.9016366102739,-102.999582182589,-49.9059441481209,-108.082686153022,-64.430244052267,-43.1617199862801
28-Jan-2025 23:39:24,356,36,-0.0244919647773107,0.390176371733348,0.0645252774159114,-0.992075590292613,-0.0683096379041672,-0.0780160789688428,-0.0709462200601896,-79.383061713182,-94.2785184478301,-55.0240145536373,-54.8461781724507,-69.9796548470587,-36.5956103218232,-85.3581059922527,-43.399187747808,-30.4005829311871
28-Jan-2025 23:39:54,58,37,-0.00528711673493187,0.384663558006287,0.028929531822602,-0.983199616273244,0.0522689354916414,-0.107445222139359,0.137992838025093,-55.0309572045241,-56.4918731928503,-37.7623122845947,-88.063695862899,-62.5387113512067,-37.1962540114574,-65.5803051254358,-48.3394998142688,-33.4192350298124
28-Jan-2025 23:40:21,376,38,0.092450479666392,0.382063484191895,0.0578886516392231,-0.976885565121969,-0.171040829022725,-0.127902447183927,-0.00897861203799645,-39.4730976802426,-44.4927980201534,-25.5280277445675,-12.6503235492793,0.0129071775911029,-1.78044533293619,-82.8815475029819,-109.233559842685,-61.8524559438157
28-Jan-2025 23:41:20,1,39,-0.0156778528044621,0.392944099505742,0.00352465376878778,-0.989870508511861,0.0341779887676239,-0.111880686382453,0.0804425651828448,-67.7005387736953,-56.5635775793285,-31.2397947390882,-85.6850568134209,-92.9725237243624,-51.2844117686246,-74.7029907453041,-48.7209664631524,-31.7705053957196
28-Jan-2025 23:42:16,176,40,0.00179884665800879,0.373069594303767,0.000357568658849535,-0.978140882651011,-0.0809376269578934,-0.139409524202347,0.131356377402941,-28.046222314802,-40.9269031431126,-22.0519659816125,-63.1822517286434,-81.2864625758926,-42.5143265399114,-70.7518760700808,-44.0700647766258,-26.8245474764574
28-Jan-2025 23:43:08,5,41,-0.0484627353648345,0.394138818979263,0.0438762145737807,-0.97794916232427,0.183235933383306,-0.0856979633371035,-0.0519220853845278,-96.8667100031391,-93.1576300856424,-52.777200490239,-80.0061222919728,-91.4735762428933,-49.1514728532176,-46.5544874147346,-41.7978241086187,-29.860290411499
28-Jan-2025 23:44:18,94,42,-0.0399471566081047,0.428043150901794,0.101034724712372,-0.924109780788422,0.0186867782225211,0.00580371245741844,-0.381625789403915,-160.870211175443,-123.79455344728,-66.3941499352869,-52.068846984347,-70.5451986475395,-10.2526310409913,-101.232488406912,-59.7764916410326,-35.0916080577766
28-Jan-2025 23:45:18,283,43,-0.0326990375916163,0.424855041503906,0.00657838682333628,-0.933257762591044,0.349984675645828,-0.031144147614638,0.0746374413371086,-122.202340398097,-73.9533269964419,-45.6578632524101,-140.343987389792,-106.216868735117,-49.7312222379337,-51.8481475008437,-42.6619509096057,-40.8279122925269
28-Jan-2025 23:45:51,278,44,0.030392966295282,0.394194235404332,0.0888207589586576,-0.970494214693705,-0.232511358459791,-0.0539710822204749,-0.0341557264328003,-61.7928126226293,-96.7543176646425,-51.9656258539638,-20.9119355704807,-10.6289198001751,-3.09872984322192,-110.715174176206,-75.5688936402038,-51.61827495424
28-Jan-2025 23:46:36,107,45,0.0439291623731454,0.374258802334468,0.0296549798299869,-0.989872912565867,-0.0613119758665562,-0.0781459336479505,0.101418587068717,-35.4255478458789,-44.016464680267,-25.2270332988145,-61.1529879803086,-54.6362764087213,-29.7723494871864,-68.5682611499609,-78.9819028777072,-50.2324255245105
28-Jan-2025 23:47:26,131,46,-0.0377877096335093,0.437771594524384,0.129319030046463,-0.958855791886647,0.106447467704614,-0.0996290768186251,-0.24359503587087,-151.053282385647,-157.59129120607,-88.136830449908,-80.6421041637132,-65.7605438156496,-47.5016707801687,-92.6271680582745,-89.4791354889661,-57.1295817255721
28-Jan-2025 23:48:00,38,47,0.0397974893450737,0.371880900859833,0.0381204230089982,-0.958157189687093,-0.259034564097722,-0.0884530231356621,0.0837376028299332,13.1390990312214,0.952798731046144,-2.22657540849975,-41.8186628957348,-21.1362343721604,-15.9487078362371,-93.4786996697037,-50.6333322369699,-29.1690480303438
28-Jan-2025 23:49:11,17,48,0.0144257430608074,0.447364542881648,0.108691148956617,-0.952410002549489,-0.225039495031039,-0.0321380257606506,-0.203075288732847,-137.893196621942,-138.275320073138,-80.1518126605348,-74.5001407520314,-73.7163330273689,-52.3986359391158,-160.548797212915,-117.266159184512,-68.4219283558679
28-Jan-2025 23:50:10,304,49,0.00735195660963655,0.438242787122726,-0.000624147348571569,-0.94014314810435,0.187722142537435,-0.0492970613141855,0.280109037955602,-95.9941531788462,-83.1306259086238,-49.7701837953606,-164.712114907545,-102.870706003109,-63.0658911067349,-95.5522595683754,-110.657042524101,-62.0582327436509
28-Jan-2025 23:50:59,130,50,-0.00926618209729592,0.399897619088491,0.0787891467412313,-0.992591675122579,-0.0970895931124687,-0.0728899548451106,0.004740819397072,-75.6995477831028,-104.259954718574,-61.7345260755372,-72.8270411753959,-57.126821810415,-36.3933021169221,-100.31583657657,-62.5825170801146,-39.1832201473116
28-Jan-2025 23:51:33,209,51,-0.0346095388134321,0.404427111148834,0.0858337928851445,-0.958652206261953,0.115247879425685,-0.0831546887755394,-0.246554706494013,-127.072106936317,-102.831079549118,-59.7920099895034,-58.9988736393787,-59.9184653159877,-37.4483829840691,-69.9664482991824,-55.2602018724775,-33.6502701674132
28-Jan-2025 23:52:27,381,52,-0.0421537424127261,0.398581610123316,0.110200454294682,-0.985769645373027,-0.0325346546868483,-0.0297318550447623,-0.162221012512843,-95.8457153734665,-126.437286633289,-71.7333233647187,-44.1272276063929,-51.8672670937024,-34.8671625138892,-81.2772136881767,-47.6132197519522,-29.5306320028935
28-Jan-2025 23:53:27,268,53,-0.0295754165699085,0.376823023955027,0.0632165908813477,-0.963153541088104,0.211953740318616,-0.113934648036957,-0.12012427598238,-93.9191560011369,-68.9391908355764,-40.0285191776081,-59.0209323625623,-44.4526472628771,-23.8321807141387,-28.3730100588863,-33.5913629674052,-20.7717688536718
28-Jan-2025 23:54:03,190,54,-0.00727368689452608,0.38192812204361,0.0995606819788615,-0.980192148685455,0.0209056276828051,-0.0940595502654711,-0.173029178380966,-85.2246431030389,-99.7061924629281,-56.0289703566396,-29.0443619002267,-34.1264908559748,-20.8125950780016,-58.9297372762415,-63.8459844538751,-35.9199407279157
28-Jan-2025 23:54:49,260,55,0.0638292193412781,0.412582834561666,0.0371060905357202,-0.990202311674754,-0.0629276697834333,-0.0764869863788287,0.0984338397781054,-71.3281625800173,-63.509716410713,-37.0900969983721,-96.7853987901419,-62.4204795836381,-41.7822252106529,-102.944902303067,-120.686305768061,-66.0139214356758
28-Jan-2025 23:55:31,267,56,0.0546326274673144,0.423453263441722,0.0165875280896823,-0.975087138017019,-0.171787870923678,-0.125625255703926,0.0625486671924591,-79.0721231946498,-66.4929403879339,-40.3831221097142,-95.9438102026721,-97.994670570075,-57.552369377093,-130.346658752127,-122.705008777466,-68.6194137545237
28-Jan-2025 23:56:38,93,57,-0.0473003692924976,0.398343412081401,0.0726796259482702,-0.967973526318868,0.207283173004786,-0.140514799952507,0.0177916004012028,-94.8575743092708,-106.679089605037,-61.2611060350599,-94.0635231369526,-58.1139457832821,-37.0127340757352,-45.937780436504,-45.8507328730391,-30.1995489648106
28-Jan-2025 23:57:23,322,58,0.0652870466311773,0.3800823311011,0.043571067104737,-0.98953549861908,-0.0831415509184202,-0.0697007854779561,0.0951251710454623,-35.7949183140269,-47.3125383913211,-28.809478780639,-61.6730223922887,-43.269107509148,-27.667372178727,-74.4889723987941,-97.0835799603736,-54.3463027837681
28-Jan-2025 23:58:04,202,59,0.080693851908048,0.405543810129166,0.0504709800084432,-0.918244099617004,-0.377128678560257,-0.120547837515672,-0.00836522113531828,-47.9042946815876,-58.6969817819882,-29.2740086874894,-47.7091536000055,-52.7668418684353,-36.2362520136987,-141.039409058005,-100.890247404886,-59.7712856789679
28-Jan-2025 23:59:01,174,60,-0.0432881193856398,0.390457451343536,0.0738296881318092,-0.96937659184138,0.202268615365028,-0.139230873187383,0.00335116600617766,-87.2190560876984,-100.287251362037,-54.9628279851972,-83.9578028251788,-51.5695461860016,-32.3426409020711,-39.1434846459876,-42.5539264520817,-28.3589801909625
28-Jan-2025 23:59:37,284,61,0.0248939536511898,0.415220081806183,0.0851264824469884,-0.943168187141418,-0.0185757062087456,-0.138178456823031,-0.301654497782389,-134.188408889093,-89.2259868273693,-52.318748647258,-17.5935596966363,-29.6856012625848,-20.1178974807102,-104.879246445265,-94.9297495930208,-55.9645299311832
29-Jan-2025 00:00:20,223,62,-0.0176983195046584,0.395067669947942,0.0226436992486318,-0.984199424584707,0.149890125791232,-0.0880339860916138,-0.0336820694307486,-96.8262751100022,-63.65671222617,-33.2136313117547,-84.3667749954107,-76.921069863865,-44.3304898019231,-59.1834216134405,-51.4690924503923,-34.4542639451437
29-Jan-2025 00:01:21,103,63,-0.0648794531822205,0.403398193915685,0.0856518030166626,-0.977615360418955,0.143123828371366,-0.0870515440901121,-0.127302150925,-107.216576131764,-130.16147885605,-68.8251202350858,-69.2460812343936,-82.4145833453137,-43.7065211787767,-55.0439409865825,-40.9436035840902,-32.0833964304725
29-Jan-2025 00:02:01,31,64,-0.061134547740221,0.417846268415451,0.10191640406847,-0.927609237035116,0.20103924870491,-0.0533378258347511,-0.310289247830709,-150.507977606651,-127.214503583989,-69.9219510354466,-64.061277431471,-70.8874359077135,-43.0108504102372,-58.9803731339726,-50.0126408578513,-32.029619158789
29-Jan-2025 00:03:14,236,65,0.0172928894559542,0.417217914263407,-0.00960903776188691,-0.943987540404002,0.104842067758242,-0.0436536225179831,0.309822670618693,-58.6195408670406,-64.4869289829324,-42.2391444168624,-139.708559170104,-98.6357110464213,-55.8897609184699,-82.6018968387379,-94.3776762012642,-52.5138103399621
29-Jan-2025 00:03:51,270,66,-0.00891776780287425,0.424834696451823,-0.00260067133543392,-0.98863111337026,0.135158879558245,-0.0650517995158831,-0.0104360200464725,-117.243052673851,-76.1816529426911,-49.2190646554716,-112.635086674078,-130.543436439209,-73.6005780020608,-84.4611657435722,-96.6765817134706,-53.9436677685565
29-Jan-2025 00:04:53,236,67,-0.00766842570155859,0.415117027362188,-0.0124800233791272,-0.931494482358297,0.111336047450701,-0.0842929556965828,0.33588245511055,-56.2352845948793,-63.8672032343763,-39.0270686974008,-142.229246471656,-103.510576089713,-56.2115747876336,-79.2761749903846,-74.509697647787,-35.8868778386822
29-Jan-2025 00:05:40,214,68,-0.0510693001250426,0.417254926760991,-0.00461711476867398,-0.950087292989095,0.145550582806269,-0.131983161966006,0.242341845234235,-72.0820079753669,-92.1955644992653,-53.9146366376753,-133.927720830854,-123.0336814165,-68.3526137909735,-71.7175150138043,-55.0162576080391,-36.8317567300779
29-Jan-2025 00:06:43,190,69,-0.0140741103018324,0.369659366210302,0.0712266425291697,-0.95581016143163,0.079898327589035,-0.0841638033588727,-0.270110446214676,-95.9023547807779,-53.884495163128,-31.0836906617291,-20.3907060589528,-39.6967481932939,-19.6742853875507,-42.1118424573581,-31.3691223513172,-20.2418835955596
29-Jan-2025 00:07:19,130,70,-0.000589303468586877,0.390616585810979,0.0774687300125758,-0.962929630279541,-0.0119757193451126,-0.0856466020147006,-0.255514732996623,-107.628119044064,-74.07849240861,-42.6085236420983,-36.5537385917478,-38.0543177518487,-31.8136792824855,-79.3892792799172,-59.5508568372513,-34.202638097015
29-Jan-2025 00:08:13,173,71,0.102152025699615,0.398952974875768,0.0517154723405838,-0.969599119822184,-0.20925139884154,-0.126605994502703,-0.00789649573465188,-47.6364642390942,-48.7541086741855,-26.2197618768094,-46.6819466707693,-47.8139221125539,-35.4332989437765,-102.212233220364,-126.348222836656,-70.1457776490711
29-Jan-2025 00:09:11,306,72,-0.0343156524002552,0.3920552055041,-0.0117081698651115,-0.975838792324066,0.194114707907041,-0.0530801532169183,0.0850920513272286,-74.2520872695637,-55.4926279394512,-31.4192250998193,-95.2573432945269,-99.5849532110158,-61.944711772892,-41.8214625625592,-46.4157030652039,-29.8202345789371
29-Jan-2025 00:10:02,399,73,0.0535786780218283,0.395301196972529,0.0460442560414473,-0.994229030609131,0.0216179536034664,-0.104508871336778,0.0109176663681865,-74.6694318984801,-55.5679563714701,-29.9425979909556,-76.6697609505,-55.6269391943229,-38.1117602844264,-74.9665284112335,-105.254998813349,-58.4683477407446
29-Jan-2025 00:10:43,107,74,-0.0644187356034915,0.416879187027613,-0.00179286058216045,-0.980662786960602,0.165168301264445,-0.0822295581301053,0.0652553727229436,-93.7575290566681,-104.942212285671,-57.2790712614767,-108.410774771938,-138.964966559777,-77.3102927029507,-64.3930247364314,-22.5575941996188,-39.8278690536032
29-Jan-2025 00:11:43,317,75,-0.0459743492305279,0.388468690713247,0.0822580213348071,-0.969366991519928,0.186545637249947,-0.111521213253339,-0.114417721827825,-98.1411903415696,-96.8007873552866,-56.364388852463,-64.9393337009065,-55.0104485094957,-34.6166504451767,-38.8736721214312,-37.5538489620819,-24.9989656441649
29-Jan-2025 00:12:54,54,76,0.0472701638936996,0.384456406037013,0.0327831211189429,-0.980274633566539,-0.0649908850590388,-0.0686898976564407,0.173549984892209,-34.0620458638673,-50.0440008104457,-26.0203785072759,-80.6671103842574,-48.7681522442829,-30.5061785953981,-79.4009714621841,-82.9335851548582,-48.0816862443629
29-Jan-2025 00:13:30,15,77,-0.0326237931847572,0.362938086191813,0.0836232369144758,-0.963581983248393,0.132454586029053,-0.0996078595519066,-0.209866215785344,-81.9262940669071,-72.1950027819031,-40.9017556783163,-23.2631762570806,-35.1410653547478,-21.2991580137392,-23.4803469554755,-28.0713508027193,-19.1356800418929
29-Jan-2025 00:14:26,182,78,-0.0417770390709241,0.394587037960688,0.0664065117637316,-0.971523722012838,0.178939762711525,-0.146200007200241,0.0524193157752355,-84.7696338169254,-104.600169162234,-56.9953868702369,-93.8273562318834,-59.0884893985604,-35.5017413762986,-47.8863306923937,-42.5544810648496,-28.8204105688563
29-Jan-2025 00:15:19,226,79,-0.0342261450986067,0.410329508781433,-0.0303087664147218,-0.968241373697917,0.185999350746473,-0.0715551758805911,0.150972803433736,-78.5413018262516,-61.3165638610337,-39.2816855692457,-116.369178294193,-126.718591061839,-69.6513052269967,-58.1339383173738,-54.9343024522765,-37.1769813092515
29-Jan-2025 00:16:04,93,80,-0.0349616132676601,0.411477061112722,-0.0251416802406311,-0.915621372063955,0.215673715869586,-0.100393861035506,0.324104046821594,-60.1738046830162,-63.0994622062864,-39.9255068948464,-141.02101699975,-114.037795114731,-59.2789852411415,-52.4028366260781,-50.5252357628252,-32.6440994660359
29-Jan-2025 00:17:23,58,81,0.00410713922853271,0.424794016281764,-0.00880992766469717,-0.933189996083577,-0.0621038908759753,-0.14163883626461,0.324404076735179,-54.4267675336482,-72.0310912586863,-42.7990915683675,-139.950241454593,-115.222781932863,-60.6621017148915,-115.505200564479,-75.2804572931051,-44.1891200527654
29-Jan-2025 00:18:01,271,82,0.0023684861138463,0.368129791816076,0.0529180717964967,-0.993354654312134,-0.00354310149947802,-0.113623590767384,-0.0179927160342534,-54.6247255221998,-51.8214598031104,-31.6030942884439,-47.6257366352193,-42.9694222685515,-24.7481667892811,-56.2298730300602,-42.1566147839303,-27.5158370831763
29-Jan-2025 00:18:46,142,83,0.0495551084478696,0.397756999731064,0.0124223467583458,-0.986281271775564,-0.0033206634533902,-0.0653729915618897,0.151540856560071,-52.6038998771207,-51.28036765692,-32.1483297974403,-94.1067893966589,-86.6963048133341,-45.2668528731047,-79.8153499824129,-107.185030421581,-59.2732364026604
29-Jan-2025 00:19:46,205,84,0.0028443230005602,0.453845932086309,0.135086847345034,-0.948792266845703,0.0440746719638507,-0.138731016715368,-0.28036472996076,-166.277459564693,-157.100559391992,-87.6172446381785,-84.0037989385621,-68.3745981825924,-16.8470501456058,-119.36197251877,-136.324164980008,-75.6903276143595
29-Jan-2025 00:20:51,278,85,-0.0170840923984845,0.426467931270599,-0.00574904019013047,-0.986927596728007,-0.00436818745608131,-0.135599419474602,0.0869924366474152,-97.6005469003398,-79.70170064749,-49.7372249447028,-115.821084007303,-128.457342091325,-61.5114475860828,-109.939660313988,-67.7453984501214,-48.5397065078332
29-Jan-2025 00:21:51,239,86,0.0869490429759026,0.383666874965032,0.0513440902034442,-0.976895002524058,-0.173885292808215,-0.12333972454071,0.0150794927030802,-37.5442969850245,-44.4432758888341,-23.4072291837106,-42.6529591695708,-45.3250229515756,-28.4213125382118,-85.8669496471977,-105.608293978407,-65.8675471301329
29-Jan-2025 00:22:42,203,87,-0.0296971856305997,0.392667305469513,-0.0124918905397256,-0.959070428212484,0.206736851731936,-0.0688851291934649,0.180827669302622,-61.6941393557154,-54.4974814282279,-28.7795066998084,-108.563765534347,-92.5552764396785,-56.7700179804978,-41.3172933316021,-46.7524875944599,-31.1459068044706
29-Jan-2025 00:23:27,311,88,-0.0174918154875437,0.380496440331141,-0.018869366372625,-0.976984775066376,-0.0181043463448683,-0.143384329477946,0.156888368725777,-35.0886791335884,-45.5300212496901,-24.8330719770661,-76.4837301652746,-99.0833797369549,-59.0905669715793,-65.0886699203761,-40.5469400400231,-27.4484724537334
29-Jan-2025 00:24:13,275,89,-0.0174970876425505,0.398116097847621,0.0987660557031631,-0.979521751403809,-0.0379933799306552,-0.0666736120978991,-0.186140513420105,-100.343911749792,-112.975080406704,-60.2903831864998,-46.5194549603975,-53.1271891594448,-38.3443543017087,-84.8638361385221,-62.6362510841461,-39.324431636699
29-Jan-2025 00:24:52,128,90,-0.0229538744936387,0.373258775472641,0.0482240341603756,-0.97045773267746,0.205322061975797,-0.120519112050533,0.0391131520271301,-68.435707369466,-63.1738501787143,-34.8021517419246,-75.2296287485914,-44.0949398105366,-23.8891637906536,-26.7491105111733,-34.5602209151477,-23.2345612366085
29-Jan-2025 00:25:48,333,91,0.071051953236262,0.412864404916763,0.0499729976058006,-0.928549389044444,-0.340543951590856,-0.141793556014697,-0.0414781644940376,-65.7822860841392,-63.9205396120005,-29.8476757562751,-57.4799357464371,-58.4697726028881,-41.2855347315268,-145.120149044717,-102.30254905287,-61.4707851106717
29-Jan-2025 00:26:34,265,92,-0.0139403843010465,0.376162912448247,0.0730805094043414,-0.967977837721507,-0.0251432323207458,-0.0833730255564054,-0.235447859764099,-89.1233408850667,-71.4449701588293,-32.0328463809843,-23.3126517363196,-40.8384639944683,-24.6737234021065,-67.2934419603345,-35.9106034392884,-23.6317079089229
29-Jan-2025 00:27:34,235,93,-0.0273176586876313,0.404526754220327,0.030490323031942,-0.941085863113403,0.315805653731028,-0.100755568345388,0.066876948873202,-104.848293216458,-73.0888256473246,-36.3460448323898,-118.482714221125,-71.3435686605913,-37.6829902540731,-40.0904566332627,-51.3619988488147,-33.8781464477171
29-Jan-2025 00:28:38,8,94,0.0793192103505135,0.42463880777359,0.0407484481732051,-0.962402109305064,-0.184856784343719,-0.0295887554685275,0.196811268726985,-53.5314052670144,-66.4020698535233,-36.8717078978935,-108.288352931097,-63.7498780668997,-42.2379078255057,-132.859194593605,-124.718784120739,-72.3653151095208
29-Jan-2025 00:29:32,335,95,0.0884679774443309,0.409296105305354,0.0540923421581586,-0.942729524771373,-0.308511124054591,-0.126632944742839,-0.00678765090803305,-53.659415338639,-58.9947264433942,-29.3632930655798,-52.837543448517,-54.3194531920942,-37.9468132137903,-132.196473302217,-117.068733877715,-66.7429143924779
29-Jan-2025 00:30:17,46,96,0.0338931096096834,0.370781719684601,0.0288838364183903,-0.979681940873464,-0.00413699373602867,-0.0647405425707499,0.189775797724724,-23.7882752598534,-39.140363319939,-18.1638897871715,-74.3272163535601,-41.3688880873387,-22.7137394211999,-56.4609541848983,-69.1883917850757,-38.7842053953368
29-Jan-2025 00:31:08,337,97,-0.0493512349824111,0.384604499737422,0.0419623752435048,-0.984875925381978,0.143889851371447,-0.0849662070473035,-0.0457809954881668,-81.6411848470239,-90.7963327941249,-46.6646829076196,-67.0800780037743,-89.2711947946969,-45.5574163964685,-42.5562589744086,-35.4897557293196,-28.8595376337432
29-Jan-2025 00:32:17,135,98,0.0465707855919997,0.432881488402685,0.0125994245211283,-0.94291953643163,-0.174981660644213,-0.0849327350656191,0.270315712690353,-59.5460304905443,-73.5348311592715,-42.3060186329768,-132.010603644423,-101.638495054889,-54.835510688466,-143.230693051456,-109.126401909156,-64.9508682079108
29-Jan-2025 00:33:04,172,99,0.0424038405219714,0.417120651404063,0.0720159441232681,-0.973168830076853,-0.0713636333743731,-0.14444393714269,-0.164273074269295,-113.215490538547,-79.3075622896049,-49.2300221709997,-67.4910685652042,-68.7924529071367,-42.3113063970046,-112.015490504964,-112.600918739504,-65.2637250666735
29-Jan-2025 00:33:50,318,100,0.0760697190960248,0.421309973796209,0.0569889088471731,-0.947373199462891,-0.199232977628708,-0.195342210928599,-0.156944850087166,-100.321564143447,-38.0203464326805,-37.1109878439616,-57.000029764453,-66.9270507390143,-44.3587683191466,-133.12733636358,-120.992950430718,-70.9407947490706
29-Jan-2025 00:35:21,57,1,0.000414434319827706,0.32116020321846,0.0418286186953386,-0.993669740358988,0.02295647871991,-0.109868403772513,-0.00473715517049034,-6.75000000000001,-12.975,-5.32500000000001,-5.02500000000001,-12.525,-5.10000000000001,-5.17500000000001,-7.35000000000001,-5.47500000000001
29-Jan-2025 00:35:50,244,2,-0.00192749946533392,0.327420949935913,0.0406679759422938,-0.992987449963888,0.0375648873547713,-0.111721486846606,0.00911992353697618,-12.413408878486,-18.2263073989969,-9.03078443939821,-13.966953152335,-17.326742996801,-8.28100445414992,-8.68372129236673,-10.6046780741142,-8.61371791963879
29-Jan-2025 00:36:20,373,3,-0.00174313204673429,0.332430279254913,0.0408375889062881,-0.99328545331955,0.0213374531517426,-0.112885232269764,0.0136264177660147,-15.9673077457971,-21.6369393889039,-11.055331725855,-18.5086199928871,-20.4550263716957,-10.2018840806495,-16.3878869242751,-12.9247960213096,-9.44612761278581
29-Jan-2025 00:36:52,255,4,-0.00146788480536391,0.336469068129857,0.0302077390253544,-0.993029093742371,0.028107305491964,-0.110985788206259,0.0280250168095032,-18.1682322429807,-19.5940791018734,-9.57769746112412,-24.7123882180337,-30.2944735564085,-17.15915532447,-18.7764855776699,-15.7432150465589,-12.9631940183404
29-Jan-2025 00:37:19,20,5,0.0210162755101919,0.322899750868479,0.0543729359904925,-0.987006890773773,-0.0258548520505428,-0.122946047782898,-0.100166040162245,-16.3918295615787,-4.68933550011749,-1.01152344902595,16.4137720392975,9.60939074235539,4.5721969454132,-13.0951559562943,-20.7628684976264,-12.1162438392364
29-Jan-2025 00:37:56,280,6,-0.00383222430634002,0.344394012292226,0.0393746284147104,-0.987237993876139,0.0906918714443843,-0.115461262067159,0.061683843533198,-27.0057649611523,-28.8127113014555,-15.9623814251656,-42.0075089445706,-26.0463060368615,-11.424502372117,-18.0415350303852,-21.5581850624985,-15.3690933940972
29-Jan-2025 00:38:28,103,7,-0.0129838400830825,0.349913193782171,0.0436787851154804,-0.985476247469584,0.125678064425786,-0.103283248841763,-0.0487260296940804,-50.8912245339642,-34.1640693942048,-18.8302112429871,-37.3202617880855,-32.5145518006021,-18.9031219912837,-18.5774406276737,-20.5132946447668,-13.5218049118601
29-Jan-2025 00:39:07,277,8,0.0591933242976665,0.34572615424792,0.0450315217177073,-0.977227767308553,-0.184285079439481,-0.103424527744452,0.0191925663501024,-2.83254009539925,-7.87832146569458,-4.44955288609782,-12.0254811210751,-20.7755610169813,-12.2845162976889,-56.707324756492,-57.10046762752,-33.8316090595346
29-Jan-2025 00:39:46,146,9,0.0182847232868274,0.355887528260549,0.0419575117528439,-0.992613172531128,0.00315151155615846,-0.0940095519026121,0.0766250694791476,-27.8351817999888,-37.7439939077245,-20.4449294722,-47.9970867169693,-31.5151962930399,-18.0987076195738,-41.371157509356,-50.9356113329447,-29.2762254254714
29-Jan-2025 00:40:26,217,10,-0.00682950594152013,0.348648248116175,0.0622179485857487,-0.97867492834727,-0.00707262884825468,-0.0933826064070066,-0.182825356721878,-56.5324168913038,-38.7656488299743,-21.1659516403077,-6.96570652112546,-25.369615719019,-14.5145348428773,-36.0813058269858,-20.666328745891,-11.9215257631596
29-Jan-2025 00:40:55,89,11,-0.0246147451301416,0.36384402513504,0.0389483059446017,-0.991358510653178,0.0748659834265709,-0.100122684737047,-0.0397352534035842,-59.0694570064741,-56.4919411996443,-33.8365877265565,-45.6003984500938,-57.5822980830588,-33.505074910686,-38.3127253803939,-28.8986252209668,-19.4550393903926
29-Jan-2025 00:41:48,363,12,-0.0150814034044743,0.36075427532196,0.0232863143086433,-0.960042631626129,0.203108741839727,-0.102241822083791,0.163130792975426,-37.8279674402656,-38.0008586703491,-7.45573139333217,-79.3032056636987,-37.5805373540344,-18.7322339697845,-15.55536845084,-22.7741732656668,-16.0124360883063
29-Jan-2025 00:42:37,150,13,-0.0305732619017363,0.368792943159739,-0.00384590143027405,-0.986845239003499,0.145721638202667,-0.069922428826491,-0.00354760163463652,-60.7785537453435,-41.3966985381667,-22.5046598288208,-57.1037655563958,-88.5929319525812,-44.5711170167318,-26.0044879083726,-27.3236076467027,-21.6781306524745
29-Jan-2025 00:43:16,32,14,0.00831659380346537,0.37839226325353,0.0646530866622925,-0.993428524335225,-0.0638768965999285,-0.094337908923626,-0.0109509422754248,-59.1644761901164,-73.0445559763707,-44.5248778422757,-53.2725541573452,-48.4710427522375,-29.3723003339597,-75.5946603270213,-57.923958203147,-39.0195796610847
29-Jan-2025 00:44:01,13,15,0.038031360010306,0.355121997992198,0.0484273274739583,-0.992525517940521,-0.0457907654345036,-0.111347809930642,-0.0199499614536762,-35.1529673728238,-33.7824667170388,-16.2031587748593,-28.352596295428,-27.4903347838671,-17.5116912235476,-46.393159512529,-60.3580961450419,-34.8684664122996
29-Jan-2025 00:44:48,251,16,-0.025503812606136,0.361939253409704,0.0737213080128034,-0.937389405568441,0.178498034675916,-0.108750239014626,-0.278591005007426,-95.9441685232593,-49.8006825460678,-26.6781389021163,-18.917176194896,-27.4768702946385,-1.39354084743723,-18.3725482780339,-17.2317493840356,-14.3199113535476
29-Jan-2025 00:45:43,375,17,0.00208288353557388,0.369601877530416,0.0383858419954777,-0.986219068368276,-0.0673639098803202,-0.110103489458561,0.103495616217454,-36.6339606667273,-47.4996599365463,-27.1167261265177,-61.5622278414846,-43.7684972183405,-21.7148076663307,-68.33834189871,-34.8260059635889,-21.2055112269907
29-Jan-2025 00:46:35,128,18,-0.000341659177017088,0.371248229344686,-0.010561230716606,-0.979779764016469,-0.103662574291229,-0.154905550678571,0.0727323258916537,-30.7014036663066,-36.5789927309099,-23.8005573359331,-49.1754815793954,-92.7072367583111,-49.6840196624907,-70.641760929736,-46.224510811013,-27.336114990189
29-Jan-2025 00:47:21,299,19,-0.0334423375626405,0.370850902795792,0.0806324998537699,-0.940129347642263,0.159095125397046,-0.0901257316271464,-0.287615895271301,-103.041562272897,-68.2923117608306,-37.4445785136348,-23.292652779609,-40.8102525277904,-24.6382279169418,-27.3460757595413,-26.7217849354675,-17.5157069787834
29-Jan-2025 00:48:04,116,20,0.00891203501572212,0.363267227013906,0.0425709366798401,-0.990235535303752,0.082655543088913,-0.110250126818816,-0.0211330413818359,-58.8277438249099,-40.0106655618529,-20.5825001906191,-50.1605400403933,-38.1929967368987,-20.9660141514542,-37.5181837429365,-45.7092855279994,-27.2349986833355
29-Jan-2025 00:48:39,50,21,-0.00564404803638657,0.373686732848485,0.0323674328625202,-0.991803900400798,0.0602286753555139,-0.110631708800793,0.0214050812025865,-62.8091967526282,-48.1627188094972,-26.3286379028049,-64.0482353822928,-53.3302175700436,-31.9585703331329,-52.894608755937,-38.8646701866663,-23.506200416939
29-Jan-2025 00:49:26,206,22,0.0353674585620562,0.377319604158401,0.0345543019473553,-0.975945667425791,-0.129093910257022,-0.08924800157547,0.151326267917951,-29.4051695728886,-44.8075300656538,-24.0924600315634,-67.9752849389255,-45.5199197043372,-26.6467552393308,-83.1938790182823,-63.9854440577707,-36.5447030111247
29-Jan-2025 00:50:06,156,23,0.00865020298709472,0.386566750208537,0.0298726881543795,-0.989346365133921,0.0855684578418732,-0.0959744269649188,0.0682696451743444,-68.2637102306738,-54.4160939043116,-29.2641301456301,-84.0392936910464,-62.6654817484996,-38.1628831253357,-60.2605609761057,-66.0140343963309,-39.3822359541194
29-Jan-2025 00:50:49,392,24,-0.0141158573329449,0.393243030707041,-0.0148527524123589,-0.970042828718821,0.100253802041213,-0.0946566621462504,0.20001557469368,-53.3093715647748,-52.4544149405671,-30.8148858658612,-102.983761637684,-98.4382512725641,-56.3063424240647,-59.7301916016262,-59.8023559570481,-33.9109167260701
29-Jan-2025 00:51:36,117,25,0.0152866076057156,0.366742748022079,0.0414928811291854,-0.989908862113953,-0.0559011253217856,-0.108278752863407,0.072327533364296,-36.7889664728692,-42.2466643823279,-21.6675928562181,-55.2078284510337,-41.8987250043504,-21.5434012267305,-63.6290866171015,-48.8897408250097,-27.1376538242714
29-Jan-2025 00:52:05,237,26,-0.0175410057107608,0.382103401422501,0.00613601425041755,-0.97918297847112,0.0111905842398604,-0.128353478511175,0.156846736868223,-43.9678411449143,-56.8931940782467,-32.3705790088136,-83.8045846298073,-83.5567890857476,-46.8147744057133,-65.8852191959375,-41.3491470110607,-27.5103094193048
29-Jan-2025 00:52:44,229,27,-0.038081959883372,0.374440163373947,-0.00410103953133027,-0.981979087988536,0.0830830509463946,-0.114753050108751,0.125084040562312,-41.7802254677256,-59.7618908540478,-34.1101310694851,-73.1197080959105,-95.9832610082929,-54.7645239565809,-41.775447588951,-31.6313188479754,-24.913214609219
29-Jan-2025 00:53:24,247,28,0.0681433459122976,0.385041308403015,0.0773288110891978,-0.987292699019114,-0.105529482662678,-0.113368244965871,-0.0355577419201533,-53.9048062202205,-74.621918790773,-38.9026280919934,-41.9640025793016,-0.764251616058733,-3.92065727302157,-77.9266936950334,-113.045647265112,-62.611169671276
29-Jan-2025 00:54:22,225,29,0.00390844849559168,0.394802385568619,0.0359086592992147,-0.979053831100464,-0.0868040556708972,-0.100310698151588,0.154455242554347,-52.0642212587303,-64.4704679796633,-36.1707897476897,-91.4834258083358,-59.6162160603546,-34.6046040356266,-96.1161202173838,-56.7620185001404,-33.2523962497125
29-Jan-2025 00:55:19,112,30,-0.0398750873903434,0.395937556028366,0.082036799689134,-0.946686931451162,0.233390707770983,-0.116045045852661,-0.189330902695656,-120.418817918629,-94.1765509495859,-48.8526045078344,-68.6589587919158,-50.3503237429788,-23.5449698917251,-42.0915339690422,-44.5714464984755,-28.9054604738989
29-Jan-2025 00:56:07,61,31,0.0821208238601685,0.39863186677297,0.0540667422115803,-0.964154350757599,-0.187934228777885,-0.163675411542257,-0.0910905455549558,-68.9196326949599,-53.7617659330298,-26.6806378581037,-42.1696425962972,-49.8722607737246,-35.4136336354466,-105.577714446772,-111.011248565867,-64.4455758410599
29-Jan-2025 00:56:46,294,32,-0.0292775445928176,0.367711130777995,0.0102516934896509,-0.980779492855072,0.144468695918719,-0.0847197016080221,0.100115049878756,-45.8420384329416,-50.7256121126472,-26.6250842199568,-71.2027661467956,-70.7806730228504,-44.7289977169548,-29.3282040056475,-31.7047162441164,-22.0972271896883
29-Jan-2025 00:57:24,16,33,-0.0229959487915039,0.38082079688708,-0.00863613324860732,-0.912297105789185,0.207693465550741,-0.0847716122865677,0.342624000708262,-29.3272159777975,-44.66505310828,-21.4495896358467,-117.847036225515,-63.1617732217343,-39.9486500769207,-29.5295138796365,-33.3048304470207,-16.4232663279436
29-Jan-2025 00:58:06,321,34,0.00230697464818756,0.387578409910202,0.0951324547330538,-0.965547072887421,0.0880904520551364,-0.130970946947734,-0.206895090142886,-102.481959066805,-89.8719315669897,-50.3557981408506,-41.6144264796756,-3.52658501937415,-6.03348392261485,-55.179707886464,-77.9443249455038,-40.4438814121989
29-Jan-2025 00:58:54,163,35,0.0585975425938765,0.407746362686157,0.049241790920496,-0.927872860431671,-0.355156006415685,-0.111397805313269,-0.0225107037772735,-61.9343186963205,-64.2190385779833,-32.2258921178759,-54.5074368017804,-55.8524052242884,-38.8677638322132,-143.37364903371,-89.4338875479501,-50.5092524646331
29-Jan-2025 00:59:40,333,36,-0.0250114655743043,0.385636667410533,-0.00663555848101775,-0.969665006796519,0.113041517138481,-0.102793232103189,0.190800807873408,-49.6258201827214,-52.8812114153586,-28.6587764638489,-97.1396236168427,-87.150393393254,-54.0184705117876,-51.5386636909427,-42.1421574880308,-27.6647100017999
29-Jan-2025 01:00:46,389,37,-0.0187175282587608,0.383498519659042,0.0827843974033991,-0.968679189682007,0.0321676624317964,-0.0750183910131454,-0.234516831239065,-100.098830605423,-84.8761017998913,-41.0285509311069,-33.9655279150407,-45.1865185605353,-32.9088197043228,-63.7529937223715,-45.2466104594989,-27.4890280824462
29-Jan-2025 01:01:48,169,38,-0.0341774498422941,0.402522623538971,-0.02589491220812,-0.964716414610545,0.210075242320697,-0.0476338550448418,0.151399166385333,-74.0560662079132,-57.0302124877376,-32.5926009437759,-112.923078257205,-114.253211735078,-64.5166396272921,-47.5258895084156,-47.547217343323,-33.6137073530649
29-Jan-2025 01:02:28,22,39,-0.0261383339762688,0.395703029632568,-0.0115159338961045,-0.962763146559397,0.177863028645515,-0.0751398349801699,0.189224494496981,-63.0990103743152,-57.2568059294553,-30.6799909135348,-111.299527185307,-99.8081303974357,-56.6494315408471,-49.3742658410871,-46.0291419373802,-30.8724534789739
29-Jan-2025 01:02:59,315,40,0.0398573748767376,0.352465160687765,0.0609057113528252,-0.981336915493011,-0.142731580138206,-0.11852510869503,-0.0505705840885639,-29.0232171160349,-35.3674663934144,-17.4914298122021,-0.369629900137529,0.23491776179441,-2.44963579465751,-57.0538527627127,-53.3826101703265,-29.8146415521246
29-Jan-2025 01:03:42,253,41,-0.0306573842962583,0.370990149180094,0.0644702156384786,-0.965950353940328,0.214469494422277,-0.13186542292436,-0.0596181653439999,-79.6165825440039,-69.5869982671005,-35.4564884933061,-60.7595300282497,-2.59904027317324,-3.30471738977103,-22.0285075800194,-30.7243389041554,-8.0454713082949
29-Jan-2025 01:04:33,204,42,-0.0433099202811718,0.395874673128128,0.057176898419857,-0.964015448093414,0.221509350339572,-0.146885825196902,0.00569353730728229,-96.3764593418335,-99.0681605354193,-54.2861886020293,-92.5746695060085,-69.6860619088571,-39.0287520988611,-42.946169831668,-43.1945378595046,-30.1970260830303
29-Jan-2025 01:05:25,228,43,0.0808301880955696,0.447377159198125,0.0121148187667131,-0.959132039546967,-0.0109592499211431,0.0202159074445566,0.282022945086161,-71.817572552049,-68.5907993013139,-43.3060987905292,-151.745579228772,-101.049539963749,-55.8772843902022,-126.544682381918,-151.9208396897,-85.0199359649297
29-Jan-2025 01:06:30,124,44,0.0630699212352435,0.431436924139659,0.0625554646054904,-0.943687132994334,-0.219400499264399,-0.176763673623403,-0.173414588967959,-114.439229757832,-78.1602359639689,-41.4093766575335,-64.9176918024121,-74.4826351994244,-48.3539927728876,-146.96909128124,-123.999522776068,-71.9284211244151
29-Jan-2025 01:07:24,299,45,-0.0342911620934804,0.388450789451599,0.0378445203105609,-0.951695390542348,0.195515088240306,-0.137394572297732,0.192801693081856,-62.140654827193,-76.2778476692294,-41.8768729354615,-107.16701238205,-59.6504067431777,-36.0798695846474,-39.8190811839093,-41.3184765499168,-27.4843804769491
29-Jan-2025 01:08:02,135,46,-0.0254762579997381,0.414889756838481,0.0952052543560664,-0.948553387324015,-0.0784569789965947,-0.0262943723549445,-0.305613227685293,-133.233134383559,-108.000975124042,-58.134286708165,-32.0739535071407,-36.4302327316146,-23.6072829314556,-107.984364925934,-35.1527312503927,-23.1037538926401
29-Jan-2025 01:09:01,354,47,-0.00549668638656537,0.404906070232391,-0.0164118847499291,-0.962457931041718,-0.138608653346698,-0.169440128405889,0.16047571003437,-49.5552896154758,-59.2444479769699,-37.3180199867902,-94.3186556484504,-111.927641960441,-63.9888095516769,-107.122954585356,-55.712556533378,-38.1613613963727
29-Jan-2025 01:10:22,134,48,-0.0581656361619631,0.403454397122065,0.116571943461895,-0.964897791544596,0.0864956031243006,-0.049967984855175,-0.24288678864638,-115.531706901643,-130.288521707718,-67.8699000632939,-45.2103396397076,-52.2809363108237,-1.46821251482066,-62.6174318489515,-41.3024663553695,-26.5565085235366
29-Jan-2025 01:11:15,319,49,0.0373842726151149,0.389298011859258,0.0108071135357022,-0.985772045453389,-0.0640470494826635,-0.0971005360285441,0.121338284015656,-46.1699596717036,-49.5670195962102,-34.7280495578778,-77.9774423250125,-89.7701800023536,-38.9931911993353,-82.0877878685357,-89.3436349329699,-52.3811678651944
29-Jan-2025 01:12:01,322,50,0.0242783642063538,0.384562440713247,0.0208731681108475,-0.981953159968058,0.120944651961327,-0.0602614571650823,0.132321438193321,-54.7283681380967,-48.5210753408745,-29.7915641046,-90.3236584629789,-71.1037834300853,-33.8022077317974,-49.5114968636012,-84.7024516962452,-45.9396501724822
29-Jan-2025 01:12:51,21,51,-0.0298267026742299,0.408531415462494,-0.022275227184097,-0.943526017665863,0.245258432626724,-0.0382460435231527,0.219417890906334,-73.1303581409785,-56.9850650605656,-15.5254984863762,-131.331290310307,-107.954481901322,-57.0948605614498,-50.0981934076535,-54.3649597981735,-36.8316373710072
29-Jan-2025 01:13:49,162,52,0.0496860861778259,0.404458630084991,0.0894458115100861,-0.988067118326823,-0.122536949813366,-0.084942306081454,-0.0386383881171544,-74.2530333316855,-108.145911866288,-52.8159458744043,-60.7949211919513,-52.884724614862,-42.2651879394374,-101.196265870011,-119.437063877736,-69.1696102087697
29-Jan-2025 01:14:37,387,53,-0.00315175772023698,0.441171580553055,0.112520824372768,-0.915075838565826,0.108184698224068,-0.150184910496076,-0.35829701423645,-174.965658159411,-130.003423945771,-73.0968779899504,-71.8285109214375,-70.2541614057654,-49.549673428719,-105.264870442792,-114.702388085024,-67.2378967946257
29-Jan-2025 01:15:33,166,54,-0.0600099764764309,0.425865656137466,0.0670995925863584,-0.950320450464884,0.2594875117143,-0.166743369897207,0.0418804906308651,-120.252220470638,-131.996245406151,-75.9141956742971,-126.10866968091,-84.7080841678287,-50.3713372729204,-62.3499511177423,-59.9423826096238,-41.2705252142857
29-Jan-2025 01:16:15,133,55,-0.00169675607079019,0.385790413618088,0.0244696338971456,-0.985429747899373,-0.0600095957517624,-0.120977510511875,0.103400084873041,-52.9856736609215,-60.2600132311385,-32.0753072752112,-78.5093598896199,-66.2620650545517,-40.4269531592087,-82.4093572089733,-45.7559431676106,-28.0273952833012
29-Jan-2025 01:17:12,255,56,0.0124600295598308,0.370422182480494,0.0208464946597815,-0.963033231099447,0.0493979314963023,-0.0805142303307851,0.252278276284536,-20.6917779407257,-41.5590220398415,-19.987115081718,-88.1543318873466,-43.7206586290766,-22.4682522258801,-48.1608396178868,-51.7481180846277,-28.2962171947666
29-Jan-2025 01:17:51,344,57,-0.0262145263453325,0.403928317626317,0.0184755572428306,-0.979312932491302,0.0609620183706284,-0.117670912047227,0.152916307250659,-72.3531450908967,-83.3656957996326,-44.8011538416606,-109.147367219013,-96.8763158023402,-52.9691321311854,-80.8395986474716,-51.4461821221638,-37.2736666189818
29-Jan-2025 01:18:24,316,58,-0.0419501480956872,0.406062825520833,-0.0488509694735209,-0.942599646250407,0.145926813284556,-0.09964469820261,0.283341226975123,-39.2326255691313,-41.7019480488772,-22.9488013718609,-121.959794810743,-124.853711250313,-65.9435259800629,-53.2378558834255,-40.5647289642279,-26.9713192082921
29-Jan-2025 01:19:15,216,59,-0.0382843437294165,0.396205961704254,0.09622909228007,-0.94210878610611,0.124559990564982,-0.0649790465831757,-0.304456208149592,-125.88222393809,-99.0872561258252,-50.44929343082,-40.9023361426618,-29.3904529271747,-16.7603221986355,-55.6939267135889,-41.4223229159252,-26.9873830859756
29-Jan-2025 01:19:59,297,60,-0.012312230716149,0.398621869087219,0.0768843104441961,-0.975372155507406,0.14970848162969,-0.121190351744493,-0.107468336820602,-108.47385563471,-101.36432218155,-54.8912816081238,-76.9519779226604,-56.9382941527039,-38.6954916406696,-60.1880786277685,-68.9306133789847,-41.472197907622
29-Jan-2025 01:20:56,296,61,0.0756254225969315,0.414425041278203,0.0367146924138069,-0.945418890317281,-0.303049544493357,-0.103206248581409,0.0607665531337261,-55.6581169693759,-6.18725516527669,-37.3553946374603,-72.6663779571146,-74.4721621926725,-43.1189690380412,-139.60157381077,-113.467076468471,-64.9816832101758
29-Jan-2025 01:21:45,178,62,0.0501160780588786,0.410783634583155,0.0784097492694855,-0.94977548122406,0.0412618674337864,-0.1958283106486,-0.240572951237361,-124.381498229743,-51.2706783751179,-45.7657289019527,-53.3342368866582,-58.1940203571599,-8.41296919981339,-88.8923899625063,-115.92438429083,-67.973263391096
29-Jan-2025 01:22:49,341,63,-0.0383961046735446,0.440010160207748,-0.0374942675232887,-0.873357991377513,0.128796335061391,-0.167441498239835,0.43888570467631,-59.2902235004188,-74.8161471800737,-45.6036269479179,-176.577304110608,-135.905040553746,-64.2533671515728,-88.5119266083255,-59.1025766961192,-42.7746750423127
29-Jan-2025 01:23:49,198,64,-0.0432676695287228,0.425713272889455,0.110999633868535,-0.964268231391907,-0.0188509070624908,-0.0179235443472862,-0.263647866249084,-138.533644139059,-136.002981143465,-76.5182447916011,-59.7494954573251,-69.3962597248398,-47.6550397040964,-105.51871853944,-51.4194893098502,-39.2529081137077
29-Jan-2025 01:24:28,380,65,0.00637115264932315,0.414001460870107,0.0278330730895201,-0.975623015562693,0.145675686001778,-0.0912756328781446,0.136408022046089,-94.1840864148187,-79.5030356912284,-41.5027567232418,-125.163301076322,-73.7919219415434,-47.092286522702,-81.4757580919694,-81.083875093672,-51.1813736146487
29-Jan-2025 01:25:16,320,66,0.0334681751827399,0.374519771337509,0.0402072889109453,-0.968011168638865,-0.221184441447258,-0.104755171140035,0.0553009887536367,-33.3940666085913,-45.7458479386918,-20.1142096439349,-46.0452751729723,-44.5519667477534,-26.4398212490162,-93.9003887672333,-56.6015257862008,-33.1736397335105
29-Jan-2025 01:25:54,54,67,0.0413514984150728,0.401528054475784,0.0202538805703322,-0.964168079694112,-0.200565164287885,-0.106405923267206,0.137227334578832,-47.7901074660259,-58.6784701211863,-32.155432513071,-84.9915448617399,-80.5685963438543,-42.7367805880795,-115.15984484481,-86.8694473440178,-49.7667092781259
29-Jan-2025 01:26:37,96,68,-0.0471243699391683,0.413185560703278,0.0873563488324483,-0.990766370296478,-0.0122442917277416,-0.0700439815719922,-0.115437937776248,-107.255390218363,-129.120143094203,-70.8486614813174,-72.289763234345,-82.8858527082498,-45.0746676335765,-96.3771449745722,-52.1551175884061,-36.3365353759662
29-Jan-2025 01:27:05,52,69,-0.0363128890593847,0.385022473335266,0.105877716839314,-0.988312137126923,-0.056105275452137,-0.042250403513511,-0.135300520062447,-74.0751843199566,-107.60287609468,-56.1663806325704,12.1292033542618,4.68289730202325,1.79242152976459,-73.2644161923661,-35.272877924503,-19.0990674419837
29-Jan-2025 01:27:49,214,70,-0.0400162217517694,0.413988008101781,-0.0436882078647614,-0.927750023206075,0.145752028624217,-0.116819838186105,0.323093527555466,-51.4777506126026,-62.6323629211265,-37.1559810058707,-136.302547604179,-125.839143015,-69.0889221842144,-64.4783112804593,-47.6345377277742,-13.5309039271734
29-Jan-2025 01:28:30,23,71,-0.0707633773485819,0.422746201356252,0.114688726762931,-0.878044629096985,0.224037435650826,-0.0298680524031321,-0.421844406922658,-168.254537855126,-123.709266009956,-65.6754233304855,-40.4078521596144,-36.2708995994559,-23.3210245543378,-22.1206962183142,-31.0027714300809,-11.9340863702656
29-Jan-2025 01:29:15,188,72,-0.0531843774020672,0.417945780356725,0.0388772743443648,-0.962512052059174,0.200741051634153,-0.0500745785733064,-0.175402852892876,-139.655639179752,-108.003128887287,-57.6530960212732,-89.8327731323376,-107.772232272404,-60.1700487917815,-67.3571048617729,-52.3726276178373,-35.6687931221348
29-Jan-2025 01:30:04,394,73,-0.0318396461506685,0.379822287956874,0.0354229748249054,-0.95727268854777,0.189800254503886,-0.0533235530058543,-0.211569067835808,-106.973273170075,-58.9016335855002,-29.9815603022359,-47.7905325207389,-73.7917603470253,-39.717833085372,-32.2793439987448,-31.8360167229094,-22.2892183094615
29-Jan-2025 01:30:46,273,74,-0.00805795099586248,0.405248002211253,0.101117797195911,-0.977194571495056,-0.164925562342008,-0.0199255935847759,-0.132262388865153,-93.8427556140869,-121.784500998031,-62.7191764266284,-48.0205034326429,-50.6846836678279,-15.0398813261126,-110.970168238301,-60.9284789077248,-39.223891171464
29-Jan-2025 01:31:31,349,75,0.040744166324536,0.416927097241084,0.0641583124796549,-0.965665145715078,-0.0265394289046526,-0.15489700337251,-0.206865678230921,-124.869667818734,-80.5260832533372,-42.2738270812717,-64.1244700691888,-64.883305244905,-42.8252537227465,-107.893814637194,-106.367603219776,-62.5234425302132
29-Jan-2025 01:32:34,199,76,-0.0420212713380655,0.419010704755783,-0.0398473471403122,-0.940939780076345,0.2280128210783,-0.0559632537265619,0.24394808113575,-77.8677241373367,-50.8686325808748,-40.0256592902493,-138.395592492583,-127.073737443334,-71.8896284077233,-57.5452607729866,-55.1231226893674,-9.29232464808451
29-Jan-2025 01:33:45,116,77,0.0303470286230246,0.417937378088633,0.0805744598309199,-0.965882611274719,-0.18787479698658,-0.0880647897720337,-0.154978709419568,-107.928985943283,-95.2758760770875,-60.1548461485525,-55.8247038156964,-68.1880767257883,-47.1666636794235,-129.07531180073,-104.936694808952,-49.642458237007
29-Jan-2025 01:34:30,74,78,0.0526533248523871,0.405285455783208,0.0688503086566925,-0.980236828327179,-0.187503231565158,-0.0444690818587939,0.0447304492195447,-62.8719865844325,-88.2041697003609,-53.1474924233583,-68.0637317240033,-58.4386621786174,-41.2801061291455,-115.010302565613,-111.548508442239,-58.7232557262866
29-Jan-2025 01:35:17,385,79,0.0438770247002443,0.437650986512502,-0.0169594209641218,-0.968868323167165,-0.173549343148867,-0.151476939519246,0.0907169500986735,-85.9306041691157,-69.8415249148145,-45.1197216750699,-108.433495089544,-135.826676861791,-79.9949902452865,-143.212532973845,-128.218835002191,-71.972666255481
29-Jan-2025 01:36:13,303,80,0.0745329817136129,0.379371295372645,0.0479941089948018,-0.97289567788442,-0.201139362653097,-0.112446096539497,0.0193098841855923,-33.3696006918931,-42.1550339917975,-20.7721189179018,-36.7974049331954,-43.9390004653955,-27.7054573164635,-88.9321684487744,-97.5120426922926,-53.1327606072391
29-Jan-2025 01:37:07,381,81,0.00276134453403453,0.37022008895874,0.0494261763989925,-0.974768364429474,-0.0749506264925003,-0.116390829781691,-0.17510638833046,-73.5744666998689,-46.4425504171817,-20.2315917648751,-23.7013527311445,-47.173703620349,-27.480354810739,-71.7376527097786,-38.8064092411506,-22.4670824171324
29-Jan-2025 01:37:39,269,82,-0.0313588466495276,0.405288219451904,-0.0484431445598602,-0.943243408203125,0.157477717598279,-0.0861514315009117,0.279410858949025,-31.3011762695911,-17.0688391726046,-7.66565434433521,-122.311593186462,-125.787187195312,-65.4289304412276,-30.4380616585245,-58.2948267108404,-32.1679213043176
29-Jan-2025 01:38:31,75,83,0.0447335754831632,0.376407078901927,0.0442053956290086,-0.94702293475469,-0.296637189388275,-0.113970557351907,0.0465257346630096,-26.5202841732644,-43.849424022954,-19.5233380062369,-39.6588273508255,-44.201575002412,-25.8264734021335,-106.019070345804,-61.9515858410584,-33.3315480814493
29-Jan-2025 01:39:11,116,84,0.0108294562747081,0.434073944886525,0.109400904675325,-0.962046619256337,-0.183934138218562,-0.0439553119242191,-0.196729479233424,-124.77949660441,-133.046034577938,-67.6991381565079,-18.2783292779944,-33.5689548367846,-20.6491371024139,-141.156365185541,-109.387956510411,-57.4611562765529
29-Jan-2025 01:40:22,24,85,0.00786296989147862,0.405412113666534,0.00206830212846398,-0.942242515087128,0.0374007942775885,-0.0865684409936269,0.321381636460622,-44.4903220524362,-58.8321429977013,-35.8323296537168,-128.698006155636,-81.9640188869724,-45.4800458699927,-85.7059396635891,-76.2478490765371,-39.9732038407673
29-Jan-2025 01:41:19,18,86,-0.0436285783847173,0.403992038965225,0.0223093549410502,-0.962449383735657,0.216730557878812,-0.104906433324019,0.125354520479838,-86.4697151882143,-85.4115145809945,-50.4565959055795,-116.411597507842,-94.2128561556923,-56.5231646921473,-52.6722422270838,-52.3515577228837,-33.4056206210683
29-Jan-2025 01:42:12,112,87,0.046967826038599,0.391526365280151,0.0616445283095042,-0.97056675752004,-0.101662670075893,-0.151441203554471,-0.157259210944176,-85.1522370234198,-56.7234854169424,-32.5001555339254,-40.0227496212447,-50.3023993276085,-32.6725703522664,-92.0878205181182,-88.9963024710453,-52.951058203977
29-Jan-2025 01:42:55,69,88,-0.012193817148606,0.407218710581462,-0.00748841197540363,-0.98684116601944,-0.00294339335523546,-0.122342719634374,0.105679432551066,-74.2733042243113,-62.9552193020029,-36.1560120630882,-99.7325480917095,-109.300130230507,-63.3824553222432,-92.1158201963999,-62.4616173538007,-40.9164507312156
29-Jan-2025 01:43:38,271,89,0.019047770400842,0.368372223774592,0.0587594841917356,-0.992386837800344,-0.0645498419801394,-0.104277771711349,0.0113074005891879,-43.7941065595402,-58.381584814321,-33.2933961481325,-45.109585013747,-41.6489744255587,-24.9665937146015,-65.4016019530249,-62.3503828817594,-36.618907573694
29-Jan-2025 01:44:40,361,90,-0.0552742583056291,0.428906691074371,-0.00661054501930873,-0.950975831349691,0.255439074834188,-0.0863542387882868,0.151455719272296,-105.417571078612,-101.094506386109,-55.658152744293,-142.102457032457,-130.651125244455,-74.2812224172897,-65.7561800499469,-8.15530443678947,-40.2716005362824
29-Jan-2025 01:45:28,141,91,0.0166928795476755,0.412999252478282,0.0344291823605696,-0.993386292457581,0.00945696923881769,-0.113979799548785,-0.0101423420632879,-101.210911038193,-73.9350303818737,-39.3776282893595,-96.447246181958,-87.4763074326723,-53.0206558000698,-100.401719592079,-75.293807230591,-60.9610336677713
29-Jan-2025 01:46:38,41,92,-0.00549597175170978,0.431628884871801,-0.0154865770290295,-0.924837108453115,-0.113862719635169,-0.159646846850713,0.325920917590459,-56.8872736267002,-78.4366947676465,-42.3053218907047,-145.735174434164,-116.126818629709,-65.5240871777905,-129.628577986541,-68.6781347140811,-37.1905429116774
29-Jan-2025 01:47:19,318,93,0.0569787551959356,0.396887195110321,0.0460517379144828,-0.961998426914215,-0.229336985945702,-0.140552726387978,-0.0469949995477994,-62.6754013016218,-55.2455356328463,-29.8839738947657,-50.280744724424,-64.6535375478567,-39.2498353936973,-113.86745380061,-94.3483625973063,-52.8051304716018
29-Jan-2025 01:47:46,188,94,-0.0468711410959562,0.368717054526011,0.0967933133244514,-0.954153482119242,0.136889838178953,-0.0937050943573316,-0.249141866962115,-91.2181629165067,-81.9725188048209,-42.3474225149407,0.115914280207419,-1.26616148790308,-4.47518299059372,-14.6791287319502,-15.5219530033734,-11.0320037322481
29-Jan-2025 01:48:40,275,95,-0.0119709698483348,0.410532840092977,0.0886222591002782,-0.961559867858887,-0.124164478977521,-0.0421967926124732,-0.241257623831431,-118.103872421572,-109.156492499088,-59.7430346301899,-46.0360100972253,-60.4002376217447,-42.1178856219724,-112.382235075028,-60.1476687282523,-37.9185473745155
29-Jan-2025 01:50:02,274,96,-0.0300346252818902,0.388480118910472,-0.0381281894942125,-0.980049856503804,0.0306352779269218,-0.126428013046583,0.150265713532766,-42.4792657785149,-51.2209711286667,-30.1371642415817,-81.536596056664,-119.071010479784,-68.3761819957668,-60.2494951300836,-40.6680368901501,-28.3381520079236
29-Jan-2025 01:50:40,169,97,-0.0319522035618623,0.41511231859525,0.0875619505842527,-0.985754672686259,-0.00801445258160432,-0.0726507181922595,-0.151477308074633,-117.911801604784,-116.480005531512,-66.7356268155056,-73.4968645549315,-70.2259518010011,-44.4156078529619,-100.364709003405,-56.8417580683123,-35.6552230974338
29-Jan-2025 01:51:36,264,98,-0.0644883871078491,0.425941604375839,0.0806407064199448,-0.94509824514389,0.234741777181625,-0.0870795970161756,-0.210006582736969,-150.111350687013,-128.695788506662,-72.3023495963924,-93.0984105745415,-91.9820333358691,-51.9864848257507,-66.7281268344095,-53.7295472573269,-37.1135815492168
29-Jan-2025 01:52:32,254,99,-0.0298817026118437,0.420502485831579,-0.00211335018587609,-0.936481221516927,0.279668722550074,-0.0683103298147519,0.200304875771205,-98.411524907017,-79.5388286070395,-44.9076198597707,-145.758040202691,-103.348264348269,-59.1703530011619,-60.5094072767761,-58.3291624254671,-38.637455628459
29-Jan-2025 01:53:10,211,100,0.032081280152003,0.394836928447088,0.0262907661497593,-0.971637709935506,0.0591334184010824,-0.0695967783530553,0.218127701679866,-51.9191935736955,-56.0835768807205,-30.1273074762053,-107.803016218966,-61.2788811180786,-35.7414760936717,-73.997146048539,-80.8572296589635,-49.7439608657925
29-Jan-2025 01:54:40,77,1,0.00114412057058265,0.320372253656387,0.0429236225783825,-0.99420405626297,0.0181936611731847,-0.105927127103011,0.00260303810549279,-5.62500000000001,-15.5249999999999,-5.02500000000001,-5.77500000000001,-12.225,-5.02500000000001,-5.02500000000001,-6.82500000000001,-5.62500000000001
29-Jan-2025 01:55:12,205,2,0.0047293232443432,0.326397758722305,0.0450812645256519,-0.994008008639018,-0.0273587178438902,-0.105705166856448,-0.00510149387021859,-8.75559174980384,-19.0635362876823,-8.20606653369382,-7.33223227260379,-14.8680725325127,-6.97084351950769,-17.2996592030349,-11.0458478556885,-9.22221488842492
29-Jan-2025 01:55:43,300,3,0.0110736291234692,0.331195227305094,0.0426106619338195,-0.99421550432841,-0.0117225951204697,-0.106598460177581,-0.00591235682368278,-14.6610809254045,-20.4602657948961,-7.1911594769378,-12.13130917279,-18.6793339658919,-9.80694651690188,-19.3615308967125,-19.7031656357144,-14.0126069209229
29-Jan-2025 01:56:15,168,4,0.0117175028348962,0.334797523419062,0.037136601905028,-0.992850784460704,0.00861236577232679,-0.101388904949029,0.0623979007204374,-10.7763829063552,-22.0689939987437,-8.23889639924633,-27.5607758910462,-20.0895128163762,-11.0272874556115,-20.0967134698794,-23.7742047845289,-15.9539962201849
29-Jan-2025 01:56:54,295,5,0.00266934453199307,0.333179459969203,0.027995674063762,-0.985994295279185,-0.0575703258315722,-0.110572453339895,0.11079124857982,1.61510763764504,-20.1899018853573,-7.62359955011518,-27.3913786374531,-24.7081870129733,-14.0218223407204,-29.6837845488039,-11.248837488925,-6.92180249335502
29-Jan-2025 01:57:31,275,6,0.00608554603531957,0.342414538065592,0.0488724246621132,-0.988292880853017,-0.0251832876354456,-0.119161676367124,-0.0918887679775556,-38.5510596736845,-28.5765496044716,-11.4967676864107,-12.5062484061693,-24.5132184131329,-14.1221510675387,-34.6931556227729,-23.5121198931502,-15.0114129722061
29-Jan-2025 01:58:03,383,7,-0.00878878477960825,0.330953963597616,0.0334757183988889,-0.986645917097727,0.108639854689439,-0.105426642298698,0.0601038629810015,-15.1658384875997,-20.4789675183793,-8.94331801102758,-30.5573892900852,-19.8646062863718,-14.0021707468212,-2.85591359627712,-10.0539500531545,-8.92923191987128
29-Jan-2025 01:59:00,124,8,0.00375322309943537,0.353167289495468,0.059080628802379,-0.972144742806753,-0.0391994297504425,-0.106574774285158,-0.205036309361458,-63.3067043463918,-37.8937896145034,-13.9242425187015,-5.79338210260988,-26.127837130334,-15.5992918159146,-48.2673923303773,-24.4472640943184,-16.8501836500656
29-Jan-2025 01:59:38,137,9,-0.020629978304108,0.343482128779093,-0.00322631939003865,-0.955892423788706,0.139322079221408,-0.108996755381425,0.234475363294284,9.44413577950883,-19.4447870584726,-7.00676980641096,-64.2013017365015,-41.5095262440756,-22.38066103226,6.15609420563932,3.02641939123359,-0.970761098014192
29-Jan-2025 02:00:27,155,10,0.0048125955897073,0.359676676988602,0.0375643841922283,-0.988114007314046,-0.0903958971301715,-0.11835335145394,-0.0381031647324562,-43.2274307953848,-38.0849842592117,-16.4002959667886,-31.0172080343274,-44.2042988190922,-25.9057229266515,-62.5579520630215,-28.7489380130089,-18.0445626726436
29-Jan-2025 02:01:17,11,11,-0.0293042692045371,0.365217473109563,0.0836599995692571,-0.98415295680364,0.116569409767787,-0.124915673335393,-0.0474407526353995,-62.3476846858689,-86.8188655133604,-46.297302844341,-44.8569659944985,-34.3332238477089,-24.327375714875,-28.6409186316283,-36.3793441064892,-21.9086796261117
29-Jan-2025 02:01:58,254,12,-0.028132946168383,0.355452660719554,0.0618329398334026,-0.980506765842438,0.143177036444346,-0.132508955399195,0.0234146619836489,-44.8595851920823,-68.7400193668482,-37.169845895326,-50.898599503064,-32.825712238556,-20.224148046258,-17.1872197491876,-24.5990947280693,-16.8274448892677
29-Jan-2025 02:02:43,227,13,-0.016841434687376,0.365499118963877,0.0598850876092911,-0.992272746562958,0.0266833460579316,-0.116448593139648,0.0335041354099909,-45.9843925467896,-70.4613036499266,-38.0202269098143,-54.6182429236675,-38.1649099240148,-22.9027667677958,-48.4217383485685,-29.4589055142938,-19.9955510693916
29-Jan-2025 02:03:18,147,14,0.0496740135053794,0.369263537724813,0.0458776367207368,-0.949823252360026,-0.286806372801463,-0.123844921588898,-0.0155046186720332,-29.293853126834,-43.0219257873834,-20.5416275717517,-23.761689695677,-40.3386172614642,-25.4903505326594,-97.6816249297098,-57.9561853645818,-37.1220115447757
29-Jan-2025 02:03:58,169,15,0.0359521848460038,0.369360117117564,0.0336115827163061,-0.97055672009786,-0.171371267239253,-0.0892939339081446,0.143798979123433,-7.91563871957294,-19.215970179855,-20.473695381501,-57.2232824685872,-38.7712914899048,-23.4215535118581,-82.3963360379795,-58.5712786064857,-33.4954692577569
29-Jan-2025 02:04:39,185,16,-0.00743340188637376,0.362685175736745,0.0382275914152463,-0.986225497722626,0.02652589554588,-0.11069775223732,0.120006996889909,-33.2236830251149,-43.5578977023833,-26.3111623245734,-63.2060615812008,-40.2802603050144,-19.3449512269533,-47.3558135838536,-30.8472040390139,-18.652867895087
29-Jan-2025 02:05:37,126,17,-0.025845742225647,0.371266142527262,0.0573443713287512,-0.960402035713196,0.229229100545247,-0.110266821086407,-0.113680180907249,-89.1064793275805,-54.4194386789125,-32.8228014410941,-56.9333605997808,-41.5345404508747,-21.6916649910058,-21.4955382966258,-30.9589713811349,-19.3160865640322
29-Jan-2025 02:06:28,91,18,-0.0314151731630166,0.381191708644231,-0.0317333010335763,-0.967527107397715,0.12684967815876,-0.100687086582184,0.194068522254626,-39.9940336069669,-43.8316753609858,-25.5616541236841,-89.2534213389161,-104.580053613484,-57.0790084452971,-38.2106133937753,-33.1229556709804,-25.9190462353229
29-Jan-2025 02:07:01,47,19,0.0710113142927488,0.378971970081329,0.0634545976916949,-0.969304653008779,-0.219579871495565,-0.110540175437927,-0.00375315550093849,-36.2616089998972,-54.3924778779971,-28.5254964586084,-10.1659264362062,-2.61249600197499,-3.43209698167799,-91.4367707700767,-94.2443701149752,-50.9698111261463
29-Jan-2025 02:07:50,54,20,-0.0415563640495141,0.365586853027344,0.0434030657013257,-0.985977530479431,0.119893704354763,-0.116026223699252,-0.00342782838270068,-56.1460277503544,-76.1362362684291,-40.8621673571578,-53.97448287702,-66.5572518190397,-37.5959797264022,-29.600651944778,-27.0063810127686,-22.0189165745798
29-Jan-2025 02:08:29,379,21,-0.0227914673586686,0.37735537091891,-0.00719604774688681,-0.937573552131653,0.191255843639374,-0.111705681184928,0.268139721949895,-37.5244983636073,-29.7925726371606,-17.0701384372438,-104.520429215387,-70.536674391658,-40.3413504748607,-28.7126339475067,-30.9463912855836,-22.7203787548094
29-Jan-2025 02:09:19,197,22,0.0395403693119685,0.3970605413119,0.050437160829703,-0.987789559364319,-0.0194487071285645,-0.139906893173854,-0.0657238985101382,-87.0906811564807,-60.2992660386031,-29.3781935323873,-68.8466379829242,-55.979723865628,-35.9430118894825,-86.2293730186025,-88.1848361570796,-54.3701366590306
29-Jan-2025 02:10:08,300,23,0.0630812411506971,0.384147145350774,0.0650076900919278,-0.97971795797348,-0.127580184737841,-0.138313501079877,-0.0688872084021568,-59.72491830472,-60.3139187363442,-29.6048321975116,-38.9901873863204,-42.692639532488,-30.8564961807732,-84.0540124643042,-97.8594757656934,-57.8021823166168
29-Jan-2025 02:10:41,125,24,0.0735104277729988,0.404917864004771,0.0560998201370239,-0.976807030042013,-0.187436607480049,-0.0771624773740768,0.0690039540330569,-53.8417050490626,-71.4874136964506,-37.9650630763233,-73.2276665945195,-21.8706065345124,-40.6878201513479,-112.104826598333,-118.376203003458,-68.9342361027702
29-Jan-2025 02:11:46,4,25,-0.044815930724144,0.385968041419983,0.0504109414915244,-0.974347078800201,0.177995698650678,-0.0980031038324038,-0.0967507585883141,-95.6336177251207,-86.6468980902669,-48.1337102635057,-66.5596186690292,-68.6311258743415,-50.5289133469386,-41.0796310567119,-40.9998397660581,-25.9600628586006
29-Jan-2025 02:12:15,247,26,0.0729479059576988,0.385025399923325,0.0720050449172656,-0.981342049439748,-0.150134324034055,-0.114286992450555,-0.0369592415789763,-51.7800400520261,-65.4426494115716,-35.0437919721093,-32.5590913687549,-0.601566677598184,-8.66230406421901,-84.2665453496493,-109.886963046127,-57.7783822387146
29-Jan-2025 02:13:01,144,27,0.061695384979248,0.415931340058645,0.0571874782443047,-0.96008429924647,-0.186052514115969,-0.163088496526082,-0.130479092399279,-98.1021727299921,-46.9095545933792,-37.200780496576,-59.799680167063,-62.5210941070863,-42.9635858463762,-127.120295251774,-114.903824061592,-64.7416245260744
29-Jan-2025 02:13:53,260,28,0.0627969880898794,0.36363804936409,0.0445373557507992,-0.981521916389465,-0.140060864885648,-0.129202123483022,-0.017451768865188,-30.9945122292711,-34.6346057929203,-16.751588696178,-25.6693606724216,-37.4532438904957,-24.4144344048379,-67.3287558080913,-85.3940491933796,-45.0156576148318
29-Jan-2025 02:14:44,339,29,0.054369001587232,0.380290907621384,0.0346174359321594,-0.979414288202922,-0.121621511876583,-0.0712692653139432,0.14448732038339,-27.8714985168036,-44.6461973677569,-7.31661399806936,-68.3215579168097,-44.2755062976718,-29.0455406563619,-83.1046993213519,-87.0393736402916,-46.9053683142773
29-Jan-2025 02:15:44,41,30,-0.0433129668235779,0.392802355686824,0.0472498615582784,-0.945252426465352,0.205185717344284,-0.0411784174541632,-0.250401822725932,-122.714734620116,-83.1488771876377,-32.0382041744856,-55.1347181505775,-82.2788505920124,-46.1978358367392,-39.5410604189519,-38.3139877264744,-30.6668351046021
29-Jan-2025 02:16:24,236,31,0.0286507930606604,0.389712886015574,0.0231941074132919,-0.949236663182576,-0.28057435353597,-0.135238696138064,0.0440264284610748,-43.3692955399594,-54.0497114103474,-25.9902177633061,-55.7648976317731,-72.8792462342711,-41.2023165186998,-117.093850133996,-57.5008700280345,-39.5513274732268
29-Jan-2025 02:17:02,233,32,-0.0375581525266171,0.39948296546936,-0.0427119913200537,-0.941640790303548,0.130987163384755,-0.121952642500401,0.285100974639257,-39.2016867489596,-51.5962745461827,-26.4400958455112,-117.605282365386,-116.595159308559,-62.250712761814,-51.0863874912504,-41.8260572650715,-19.1852449762222
29-Jan-2025 02:17:43,209,33,-0.0425582744181156,0.387412518262863,0.0368873707950115,-0.986084139347076,0.111147938172022,-0.113610955576102,0.0487523016830285,-69.2024460622086,-87.1704895397296,-49.3019684388055,-81.9866613888415,-90.7370241913357,-48.9533318955646,-52.5632620993679,-40.2953981671241,-28.3170442088639
29-Jan-2025 02:18:18,182,34,-0.0409826382994652,0.398137658834457,-0.0403021988769372,-0.933749568462372,0.169421414534251,-0.110785859823227,0.295185665289561,-10.2931083394692,-8.9601377943534,-7.58974142308847,-120.571297176811,-112.852966024184,-59.0327124668803,-30.8386699563062,-36.1634487592637,-23.0927002044522
29-Jan-2025 02:19:09,387,35,-0.0382248861094316,0.381459597746531,0.0836244160930316,-0.933203661441803,0.201024233301481,-0.0894545172651609,-0.284109322230021,-116.820990920827,-77.0371549500277,-44.5736653322282,-37.6924318465642,-47.9727823656934,-27.6522663678981,-30.7417844722458,-32.1088812116354,-20.3601726832143
29-Jan-2025 02:19:46,73,36,0.0387552117307981,0.400872218608856,0.0787788103024165,-0.961166373888652,-0.244216168920199,-0.0696642632285754,-0.108002646267414,-79.3251783825488,-87.632665640195,-49.4837942696664,-2.0995628215568,-4.07843113548444,-5.31207954462823,-120.600091300462,-89.2198900755654,-46.7777211681708
29-Jan-2025 02:20:42,224,37,0.0235209399213394,0.388420112927755,0.0143079376469056,-0.96082079410553,0.10415748556455,-0.0307139312227567,0.255012339353561,-41.0077462944947,-48.8370241481092,-28.1043195497142,-108.860645370573,-60.2949365251458,-33.7234858652903,-58.1971496082148,-80.3316135513369,-41.1267641624662
29-Jan-2025 02:21:33,251,38,0.0311788145452738,0.38040084640185,0.0367597003777822,-0.954264823595683,-0.250162520011266,-0.0893040145436923,0.137194026509921,-24.5349333921562,-47.2432604277105,-22.76700878705,-62.4504005853587,-46.126854291235,-26.3164196457404,-105.371908277387,-54.8527746840271,-31.359333441506
29-Jan-2025 02:22:02,13,39,-0.0401157960295677,0.400115021069845,-0.0430565029382706,-0.931813013553619,0.16301404039065,-0.0986118684212367,0.30891197125117,-33.9197241580542,-33.0513437180891,-17.2063324960653,-122.711439215212,-112.911846854856,-59.8278998913112,-40.5464075001387,-23.9600692149554,-15.5794715783754
29-Jan-2025 02:23:03,257,40,0.049833419919014,0.405159956216812,0.0192112242182096,-0.970235784848531,-0.122409558296204,-0.0826405510306358,0.191908865173658,-45.923536501711,-55.9874602166938,-32.8052392626216,-99.4097793486626,-85.0823666350929,-44.9108592486517,-107.670833502036,-99.4001360460204,-56.7959579149519
29-Jan-2025 02:23:43,336,41,0.0370115538438161,0.419410371780396,0.0377943833669027,-0.974329058329264,-0.11623593767484,-0.0790616318583488,0.175844884912173,-68.2185072209423,-71.9924743590145,-42.2147118769655,-115.224157714047,-75.3058061728561,-45.6504700357001,-124.745592534828,-100.742972363541,-59.4196438187905
29-Jan-2025 02:24:30,159,42,-0.00367426172209283,0.400398258368174,-0.0273858666419983,-0.96463014682134,0.107314944763978,-0.0665852730472883,0.231384093562762,-51.3466230755846,-53.1007526109876,-33.2536423497433,-113.930580739907,-112.734176926972,-65.5724094970414,-63.0871871553413,-79.5946976935635,-44.7279489315406
29-Jan-2025 02:25:10,175,43,0.022247314080596,0.386839646100998,0.0260595130423705,-0.989061498641968,-0.082157223423322,-0.122377193967501,0.00560120089600484,-60.6863458899144,-53.3812659686742,-28.2853549727794,-62.8282033524998,-80.6649125669484,-45.8032146299686,-85.3514440061796,-75.622249219787,-41.8195061893189
29-Jan-2025 02:25:42,34,44,0.00774064203724265,0.397399983803431,0.0177354130893946,-0.958177657922109,-0.0974870979785919,-0.109455318748951,0.245787340402603,-39.8096259717205,-60.5183746440452,-31.9368352833932,-104.866233514076,-71.4703932670247,-41.9383716373077,-99.625058315237,-60.3550344554423,-36.3619875553114
29-Jan-2025 02:26:58,233,45,-0.00716065450881918,0.423142049709956,-0.0237311149636904,-0.922555331389109,0.100022281209628,-0.0853721057375272,0.362765498956045,-56.0767052172767,-65.7047650614856,-39.6720078847844,-152.504871143844,-115.979760323796,-64.4472779005509,-87.4271706858543,-82.9252896288855,-46.5981739223227
29-Jan-2025 02:27:53,349,46,-0.0701780329147975,0.414896412690481,0.111509460707506,-0.97046674489975,0.167219299077988,-0.143628214796384,-0.0979947105050087,-112.403942572353,-146.544268746003,-80.1083586349865,-83.800924544516,-71.3421563553151,-41.6136974953473,-59.0691710596324,-47.3789309863307,-33.2836342027976
29-Jan-2025 02:29:19,83,47,-0.0395355674127738,0.414654751618703,0.0963562523325284,-0.935236899058024,0.0933428600430489,-0.0495363260308902,-0.337883484363556,-147.408057557421,-117.533158413568,-64.8404872702473,-52.3834519193517,-64.9310350169641,-42.3301319631959,-80.7943834576454,-54.2772816454279,-32.9040136807283
29-Jan-2025 02:30:24,38,48,0.0426839609940847,0.38340972661972,0.0354804975291093,-0.973462760448456,-0.165217337012291,-0.0796311149994532,0.136866311232249,-32.3457765248604,-51.3519098867061,-25.7468328307686,-69.7448871491281,-47.5036874134589,-30.0680836531693,-94.0998024746899,-73.0953561796139,-40.3267809452267
29-Jan-2025 02:31:10,76,49,-0.0341078974306583,0.401794556776683,0.104039844373862,-0.981903012593587,-0.107404270768166,-0.0141206091890732,-0.155342937509219,-95.3302281339237,-122.553893783659,-65.5577876526404,-44.3678706858363,-51.8322123125042,-38.4946368099736,-97.5084178276232,-49.7247862232546,-29.6473389271683
29-Jan-2025 02:32:12,268,50,-0.0434614712993304,0.385512814919154,0.0863332644104958,-0.968880120913188,0.16054916481177,-0.104816989103953,-0.156552661458651,-99.050385785746,-103.041521958462,-48.7344522284281,-52.6459478333766,-46.7172315650149,-30.3836608415583,-40.6260870666745,-35.4284412160299,-24.5549569553049
29-Jan-2025 02:32:58,293,51,0.0785531163215637,0.407648491859436,0.0491841112573942,-0.988657446702321,-0.0876545488834381,-0.121918025116126,0.0029962305445224,-74.268247602015,-62.059834406368,-32.4440246293867,-74.0815754364127,-55.0775660331563,-39.3335762111059,-99.5602575267146,-125.03860738432,-71.034426238137
29-Jan-2025 02:33:48,253,52,-0.0176504764705896,0.349357155958811,0.0618489260474841,-0.944978082180023,0.152208458383878,-0.116502430041631,-0.265096555153529,-80.730946737568,-36.5897478843768,-13.1445618019116,-7.118502696072,-21.6391119936719,-17.0095956041206,-11.6873660526706,-17.907149339169,-9.94126265992314
29-Jan-2025 02:34:33,188,53,-0.00577722027276953,0.411304432153702,0.0169816603263219,-0.991689507166545,-0.0190674730887016,-0.124247834086418,-0.0274024408310652,-101.27643731314,-66.372020478523,-38.0072349671215,-89.3784265118302,-97.8955438421763,-56.4766813861278,-102.913202524125,-60.26115997387,-38.433297350831
29-Jan-2025 02:35:25,126,54,-0.0700442810853322,0.411855413516363,0.0687627380092939,-0.975096289316813,0.160846341649691,-0.0857531030972799,-0.126341321070989,-119.156942328893,-131.152548428154,-68.4628446526498,-80.2508234860268,-102.144653536777,-54.3002484389502,-62.0662042037928,-43.2556606321366,-34.8051396433872
29-Jan-2025 02:36:39,257,55,0.11116028179725,0.445500266551971,0.0512111358344555,-0.859878631432851,-0.385884008804957,-0.314364965756734,-0.113476621607939,-64.0798434985111,-67.5744278952944,-17.7161946743208,-56.570605543254,-55.0389344947538,-54.8566324534439,-181.795781409515,-146.179717454876,-88.0392014692128
29-Jan-2025 02:37:35,225,56,0.07285199513038,0.433651987711589,0.034172610193491,-0.950672312577565,-0.252546427647273,-0.0972366362810135,0.151616292198499,-63.036408789869,-75.1665811957302,-35.02673830808,-109.216538745775,-71.9539340847707,-52.6870158556961,-153.255356560051,-132.242643343581,-77.3499429602845
29-Jan-2025 02:38:27,266,57,0.0634202236930529,0.390655052661896,0.0286764927208424,-0.965718340873718,-0.203941485285759,-0.160583373904228,-0.00299745737574995,-46.8863823278263,-49.6179148935459,-25.7588224587944,-49.0546570865509,-72.7515111160263,-44.1839299849817,-104.617838012606,-105.753414633285,-59.1066516885322
29-Jan-2025 02:39:25,50,58,-0.0512333480020364,0.38981112241745,0.00394372868662079,-0.982221023241679,0.112315904597441,-0.117255275944869,0.0942244107524554,-62.7573534083973,-85.7956758186863,-44.5281424288715,-85.2686313955571,-110.586318818958,-64.6651274998795,-50.5085633763709,-41.4647781618402,-32.2402258511104
29-Jan-2025 02:40:05,270,59,0.0544547120730082,0.422881635030111,0.0187637321650982,-0.983355228106181,-0.117856648564339,-0.137928032875061,0.00991037084410588,-90.4257137214862,-36.9571148674179,-40.1087873011174,-92.3371206380942,-106.554676922059,-63.7784089772726,-123.481337501984,-122.623690721844,-72.8433339243892
29-Jan-2025 02:41:17,273,60,0.0532235798736413,0.437099200487137,0.0776192312439283,-0.936600478490194,-0.282051279147466,-0.136986733476321,-0.156401092807452,-114.970741900508,-97.8471459785036,-63.6747633116082,-69.2047015647444,-79.651995168304,-50.5126170943241,-164.128530109876,-124.120914476831,-75.7747694795295
29-Jan-2025 02:42:05,373,61,0.0387759807209174,0.413655233383179,0.00555530358105898,-0.961069639523824,-0.212130360802015,-0.154134200016658,0.0871122236053149,-62.6215447436842,-21.5331809692194,-38.2985381766981,-87.8257886311209,-102.568428371733,-61.7088853352617,-130.079969554508,-101.553865727112,-60.4654340857513
29-Jan-2025 02:42:42,332,62,-0.0246586937457323,0.418710899353027,0.0234187527249257,-0.969708077112834,0.191318945089976,-0.103954629103343,0.110710213581721,-104.578624978221,-78.1379919312267,-45.7530348653919,-128.807729019354,-90.1946295752751,-54.8152242794679,-78.3367375466484,-51.9873028408501,-41.0809596559849
29-Jan-2025 02:43:29,72,63,-0.0433795628448327,0.415311835209529,-0.00639145681634545,-0.947997188568115,0.230602492888769,-0.0962843830386798,0.19711207151413,-87.0096187063127,-76.1500077369812,-47.0563387418617,-134.364823708003,-112.121553641895,-67.5340558537432,-60.1318356490055,-58.4198214467723,-36.9178728353759
29-Jan-2025 02:44:16,380,64,0.0298714661349853,0.414032504955928,0.0373467013239861,-0.986682005723317,0.080193175872167,-0.089494426548481,0.109628684322039,-90.1025313752287,-66.5655298906367,-39.5580531336573,-116.874290172827,-75.3488258092625,-44.783182036081,-90.0894212123091,-97.4995997798223,-57.8008942682874
29-Jan-2025 02:45:16,80,65,0.065120808283488,0.414520424604416,0.0427111230790615,-0.938098192214966,-0.317687873045603,-0.0745425224304199,0.116144855817159,-49.923700520432,-64.2342433703826,-33.963585371927,-83.5626844016287,-65.3564241127113,-41.0164250780456,-146.495452362678,-100.494406907584,-59.5940628062749
29-Jan-2025 02:45:53,88,66,0.0474164652327696,0.432795099417369,0.0934759423136711,-0.954087599118551,-0.264150605599085,-0.0772858783602715,-0.118187271555265,-105.716883188658,-110.691042314869,-57.1200290222361,-32.9511125490672,-49.2236440393424,-29.9322134153483,-153.836032936363,-126.833983678779,-68.9416901077922
29-Jan-2025 02:46:35,4,67,-0.00928593991945187,0.398844116926193,0.0123018311957518,-0.983839654922485,0.126076714197795,-0.0937016015251478,0.085931829114755,-81.2054049954343,-59.7018707174052,-35.96087660431,-100.216631513625,-89.1047828908299,-51.0477833198589,-68.0533296236862,-68.7309363794664,-40.4754972078695
29-Jan-2025 02:47:32,121,68,0.0810211330652237,0.41246110200882,0.0331299299995104,-0.958486930529277,-0.251220997174581,-0.123462244371573,0.0542945049703121,-56.7572974474539,-58.456031350664,-33.0352487291099,-73.2310165368227,-82.0187295437839,-45.6468320034874,-130.504989208127,-121.437411621491,-70.0009753215166
29-Jan-2025 02:48:37,110,69,-0.0401417953272661,0.396004203955332,0.0723883375525474,-0.956672477722168,0.23711528579394,-0.13437727689743,-0.102454224228859,-111.317480573286,-92.6967773811661,-52.0693852076481,-80.5075560989358,-56.945142441278,-34.9836936900115,-42.4452018980734,-46.7185137930044,-29.9427642127914
29-Jan-2025 02:49:28,235,70,-0.0228129485001167,0.404100978374481,-0.0299744182576736,-0.959186069170634,0.0177335677047571,-0.151995451251666,0.237792006134987,-49.1473226727224,-60.7455195646256,-35.4159023424427,-111.803777103899,-116.531881780468,-66.3666552899161,-81.7063425787405,-51.5606256197567,-34.592203340348
29-Jan-2025 02:49:56,159,71,0.061632555971543,0.388989134629567,0.0621990861992041,-0.968561991055806,-0.0835806429386139,-0.176116744677226,-0.154547172784805,-80.3909051735637,-24.9683146953344,-16.0022500742228,-34.8903515569714,-40.1932421813115,-24.8435086003862,-85.2465757214943,-98.3659800523162,-54.7729493086117
29-Jan-2025 02:50:48,75,72,0.0159199604143699,0.389720988273621,0.0576382259527842,-0.94865284760793,-0.2116084476312,-0.123917956153552,-0.199809889992078,-85.6034752990742,-56.3471475401419,-28.4771569535288,-28.0877390568421,-53.3756428707833,-30.7933108738352,-110.421541723458,-52.090935327796,-31.0599766960327
29-Jan-2025 02:51:26,158,73,0.0312514375895262,0.412706754604975,0.00491467695683241,-0.986051328976949,-0.0837696974476178,-0.14215320845445,-0.0218629622211059,-89.4166224402422,-13.8078572811946,-40.1832028036766,-79.2398758364203,-115.035904078233,-64.0106881930872,-110.178095851494,-106.512974067182,-59.8662166917366
29-Jan-2025 02:52:07,62,74,-0.0137190762286385,0.412753522396088,0.10378826657931,-0.955894223848979,-0.0074857613692681,-0.092146963874499,-0.278781646490097,-130.485484347212,-104.664657334031,-72.9507928931121,-51.5430789188291,-27.6322279709949,-19.7663180704382,-99.6554827271469,-78.4647324597109,-45.9535507742131
29-Jan-2025 02:52:52,333,75,0.0160348794112603,0.385189368327459,0.0512067546447118,-0.982268377145131,0.0680978427330653,-0.127583387494087,-0.119306445618471,-92.3077883957583,-57.0624857707143,-31.0078577221863,-56.8713614529194,-51.6782312818313,-29.9066092705657,-64.2158746639429,-71.5853281342888,-40.0956316338323
29-Jan-2025 02:53:28,60,76,-0.0595403522253036,0.421880259116491,0.0540565664569537,-0.977901601791382,0.129833715160688,-0.150211790204048,0.0654834826787313,-104.429862018957,-133.129062509956,-73.1165629854095,-117.258572605873,-103.512052758976,-57.9410063697283,-82.2593473473823,-22.3964085408096,-40.1884049364933
29-Jan-2025 02:54:09,272,77,-0.0404249101877212,0.391450208425522,0.0847702811161677,-0.967742474873861,0.148666281501452,-0.106430723766486,-0.173336056868235,-107.327745924239,-102.883898605837,-57.4549126045367,-57.0525102773123,-59.6729644658536,-36.2659285278483,-50.7219744732172,-42.2372112835864,-30.0256459819682
29-Jan-2025 02:54:48,301,78,-0.0164135543008645,0.367658980687459,0.0831294963757197,-0.982374044259389,-0.00521410337338845,-0.0796144783496857,-0.169043325384458,-73.30022752018,-81.0937705185331,-45.2547878064862,-15.9478156034869,-40.4458540264095,-22.3640799204747,-52.9090344840145,-36.3528839034002,-23.8813755889261
29-Jan-2025 02:55:38,6,79,0.0590640331308047,0.407285469770432,0.059050506601731,-0.985642651716868,-0.0588161699473858,-0.137197569012642,-0.078905539214611,-94.1498837365613,-71.4892273075611,-41.2457291324769,-68.451739388985,-56.5096885687516,-39.7100938064956,-99.7935828843183,-116.004395751976,-64.9768214704156
29-Jan-2025 02:56:27,57,80,0.0561173255244891,0.406239028771718,0.0415899870296319,-0.99440434773763,0.000228867378124657,-0.100291825334231,0.0331891817351182,-82.7848537223145,-61.0235286353433,-36.2342963830447,-88.3383935312808,-60.684866618151,-39.1170412595591,-89.8514855246761,-114.749974519173,-63.9092659535536
29-Jan-2025 02:57:05,13,81,-0.0460248726109664,0.425901299715042,0.108824561039607,-0.912349049250285,0.0792339647809664,-0.0285603525737921,-0.400656261046728,-163.420849870872,-123.41546020532,-65.7403017093262,-39.5782861968609,-33.8004824630907,-23.4338596441654,-88.3038459768247,-62.3974637908771,-36.2746693871298
29-Jan-2025 02:57:55,324,82,-0.074271156390508,0.428185321887334,0.0139912518362204,-0.960182003180186,0.186559004584948,-0.149200850725174,0.144863406817118,-98.4382533506947,-131.034385062319,-71.9623917440546,-133.607482106002,-129.122075216491,-74.0942690875166,-71.723701238761,-13.0358472907323,-39.4722983715019
29-Jan-2025 02:59:14,19,83,-0.0107088112582763,0.408633158604304,-0.0218335046122471,-0.959213205178579,-0.153484787543615,-0.19231520096461,0.139166453480721,-52.8284619132971,-66.6346922671459,-39.3942416185241,-93.9980801243153,-123.781578332557,-69.8117096478164,-111.816354051474,-53.943799566339,-37.8283755954694
29-Jan-2025 03:00:14,267,84,0.0714261149366697,0.42281996011734,0.0377986386418343,-0.94178094069163,-0.291760726769765,-0.0854541922609011,0.143603362639745,-55.0418889410661,-67.8587362283472,-37.862932629907,-96.6984735697473,-73.4804352271779,-46.208303491015,-149.588079386556,-112.157889710826,-67.0897921055495
29-Jan-2025 03:01:02,183,85,0.0625026844441891,0.391674852371216,0.0186361346393824,-0.983216885725657,-0.119498792787393,-0.132001860936483,0.0397509582340717,-50.1823814249467,-49.3037640353012,-29.5706149857389,-60.4872092128668,-85.0568950279777,-47.8894500263227,-90.8948631373744,-111.155863333583,-62.7602985728097
29-Jan-2025 03:01:53,322,86,-0.0488163642585278,0.404265290498733,0.0849790975451469,-0.953662010033925,0.236302175124486,-0.130917157729467,-0.132479384541512,-121.114545558668,-111.134409601655,-57.9051426295264,-81.9919480583779,-64.9655280999882,-35.9793455142142,-47.902810045835,-49.2094799357537,-33.9244873362682
29-Jan-2025 03:02:30,144,87,-0.053191431860129,0.423395188649495,0.045517232020696,-0.940863672892253,0.304726662238439,-0.139463433623314,0.0496707459290822,-123.924086860794,-113.348422321521,-61.352227643271,-131.234552217523,-88.2022284401903,-49.0209613837649,-56.2778208139126,-39.8951413567674,-26.3164845014684
29-Jan-2025 03:03:15,11,88,-0.000826505307729046,0.386931165059408,0.0359336694081624,-0.986575949192047,-0.0928649152318637,-0.121004311243693,-0.0583267129957676,-75.4184745252011,-58.6470178047294,-33.3368005641372,-55.0150352944524,-68.8831468174901,-38.500789274496,-89.5481786803136,-46.3103202626954,-28.1263930341352
29-Jan-2025 03:04:06,88,89,-0.0431254900991917,0.427150885264079,0.0935102790594101,-0.962527072429657,0.207437738776207,-0.146123345692952,-0.0957036256790161,-137.625014697346,-135.838017914606,-75.5897738534056,-106.293004861456,-71.935656655283,-47.4865641891315,-76.2155236704447,-72.1661717531561,-43.0703139639161
29-Jan-2025 03:04:53,285,90,0.0497939474880695,0.384662888447444,0.0582108475267887,-0.967812911669413,-0.0748646810650826,-0.16650370657444,-0.173233935236931,-83.4170060145747,-32.8413887020556,-19.2367893819377,-32.4208161520613,-43.5500427902146,-16.8776107721092,-83.0121725711541,-84.8568467928347,-49.6277425936729
29-Jan-2025 03:06:13,220,91,0.0527616004149119,0.383311708768209,0.0376501480738322,-0.981401820977529,-0.118182103832563,-0.0842814286549886,0.125619143247604,-35.4974704666936,-50.5027585164048,-25.8401493720773,-69.8267689525456,-45.7573360133001,-30.2231941569698,-85.4764631096575,-87.1142093560762,-47.7624794458145
29-Jan-2025 03:06:55,348,92,0.026154063269496,0.393575290838877,0.0121292884772023,-0.99020516872406,-0.0445318460464478,-0.129900049169858,-0.0252319642653068,-72.6504583729727,-52.365067625616,-35.7575477104518,-63.5219812150919,-96.3062491549127,-55.8560253567216,-85.2974008594767,-92.1756412083876,-52.5961293995167
29-Jan-2025 03:07:27,296,93,-0.0675059805313746,0.385910318295161,0.123391489684582,-0.97417645851771,0.0993870238463084,-0.0910310059785843,-0.18115114569664,-88.2049078038292,-125.920528639426,-67.6437091000048,-10.8788538436148,-23.5370708700206,-16.0034325195115,-26.9918727013759,-25.029702761625,-16.3399361806719
29-Jan-2025 03:08:28,42,94,-0.0834990844130516,0.453815430402756,0.016718789562583,-0.954080979029338,0.265831963221232,0.0129211427643895,-0.137462637821833,-167.786524330912,-138.557149779738,-78.7341490066882,-129.832342395191,-150.764009399727,-86.975813832186,-80.5007655383438,-62.0514138727317,-43.2395936336967
29-Jan-2025 03:09:21,389,95,0.00883074272423983,0.400052110354106,0.0366494310398897,-0.977679669857025,-0.161839311321576,-0.121098676820596,-0.0573202051222324,-84.1646857256728,-70.0909160925473,-33.6197097666546,-65.1064249793996,-70.4578832986444,-43.5348197408538,-112.551431728514,-55.368070337901,-33.8624357503156
29-Jan-2025 03:10:27,296,96,-0.0623651015261809,0.390398434797923,0.119037335614363,-0.980647246042887,0.0826072548826536,-0.0826282997926076,-0.157097472747167,-91.2146742215985,-134.999683613038,-68.169138149176,-41.8047470065617,-44.5354333409741,-34.1778350621179,-47.6451103517026,-35.0917701636266,-23.1047484256901
29-Jan-2025 03:11:00,6,97,-0.0186324244985978,0.388366560141246,0.105340163906415,-0.982814415295919,0.00827055169890324,-0.0792187457283338,-0.166528711716334,-90.3468348195749,-113.323687687832,-57.524293642986,-21.8413619558213,-12.7445105337775,-13.0051249538444,-66.1296255323441,-60.9775953119031,-33.9835235263596
29-Jan-2025 03:11:53,272,98,-0.0304137823482354,0.373624642690023,-0.0313011376808087,-0.978026294708252,0.111571991940339,-0.0964158982038498,0.147378088037173,-38.5798915174231,-41.2455762108942,-20.8327950368175,-73.9484985274991,-104.001907482753,-55.2461794800882,-31.9655589496067,-29.8621595588887,-23.8822173172114
29-Jan-2025 03:12:43,195,99,0.0224792388578256,0.374392779668172,0.0503275292615096,-0.989925920963287,0.00824842819323142,-0.125651439030965,-0.0647333373626073,-68.6610081615714,-48.2938615808387,-26.9277182951596,-47.9245096857439,-48.4130111341525,-27.6049113388854,-61.3091972207959,-63.9756175524745,-39.4016541549039
29-Jan-2025 03:13:40,14,100,-0.0372421105702718,0.384346948067347,-0.0434280470013618,-0.98259946902593,0.0942986235022545,-0.0864213873942693,0.134675286213557,-45.4263569896542,-44.4813486139817,-25.3744344892857,-78.3352548208192,-122.512495980965,-66.1988261697105,-42.6030095772895,-34.7905129451662,-27.158038162569
29-Jan-2025 03:15:11,46,1,0.00162656333607932,0.320329282681147,0.0424017481505871,-0.994105772177378,0.0202373180538416,-0.106508954366048,-0.000283271652491142,-6.22500000000001,-12.975,-5.10000000000001,-5.17500000000001,-11.85,-5.02500000000001,-5.02500000000001,-6.67500000000001,-5.40000000000001
29-Jan-2025 03:15:42,31,2,-0.00366842405249675,0.325924197832743,0.0425963287552198,-0.992997475465139,0.0515858252843221,-0.106172939141591,-0.00471880085145434,-14.3335539027081,-19.2758588493759,-9.08310716490131,-11.645277694546,-16.3758303847912,-7.72684470528869,-5.88246756102501,-10.0517625435893,-6.68355752615358
29-Jan-2025 03:16:12,244,3,-0.0018295447419708,0.332809668779373,0.0394408196210861,-0.992542119820913,0.0516143389046192,-0.110064003368219,0.0090591499581933,-19.595567756972,-21.5088647979939,-10.4865688787964,-21.80265630467,-21.4534859936021,-11.7432589082998,-12.5486925847334,-14.0281061482283,-10.5149358392776
29-Jan-2025 03:16:45,94,4,-0.00716094930345813,0.333887443939845,0.0516591290632884,-0.988230661551158,0.0743482738733292,-0.101947414875031,-0.0864826788504918,-36.6519281303298,-26.0727250795317,-15.4337887702605,-11.3637072233182,-20.3632998149078,-9.7712712351474,-10.2013780756606,-13.6616986254718,-9.46264417528312
29-Jan-2025 03:17:22,57,5,-0.0098880556722482,0.341703768571218,0.0410891654590766,-0.985123546918233,0.130090418457985,-0.106329461435477,-0.0360849459966024,-42.505255536388,-27.3636727176592,-11.7110161305956,-31.0361128645098,-26.2176074207648,-12.584085110725,-10.2929975643622,-14.6982459634213,-11.4579836496793
29-Jan-2025 03:17:48,213,6,0.00698657128959894,0.338192011912664,0.0272132494797309,-0.975605611006419,-0.0610718550781409,-0.111742284397284,0.178822801510493,13.0351428486942,-0.804808679504017,1.21070854229752,-40.4939619464799,-8.72771798677237,-3.47381071313397,-36.3334374472879,0.933020103711431,-0.397705957550792
29-Jan-2025 03:18:23,373,7,-0.00342051484622061,0.346649803717931,0.0321289067467054,-0.984158277511597,0.025734178101023,-0.109152427315712,0.137317243218422,-15.3146126214389,-31.2623090375491,-12.0553296965865,-50.5896535938451,-26.9337809641306,-16.2151068241745,-30.3244865384568,-18.058790692679,-11.2297275406075
29-Jan-2025 03:19:06,247,8,0.0163476195186377,0.352260347207387,0.0483094409108162,-0.989814865589142,0.0642192532618841,-0.115023911496003,-0.0539625480771065,-48.8213807111906,-33.9310486255069,-14.0627307378039,-32.0356353595692,-26.6398981856448,-17.5916849634204,-29.4994454733599,-45.8707358047547,-25.3581454063841
29-Jan-2025 03:19:51,276,9,-0.0317769045631091,0.347297976414363,0.0538173973560333,-0.987250403563182,0.107287785410881,-0.101660763720671,-0.059085471679767,-44.2656546120541,-58.974896809177,-29.6451554762295,-28.5336461431546,-43.6727269556503,-24.4563441356386,-15.2588628583611,-16.718719005972,-13.9548446848332
29-Jan-2025 03:20:31,94,10,-0.0216990988701582,0.354748010635376,0.0656167760491371,-0.981528532505035,0.118803714712461,-0.10535274296999,-0.106715862949689,-63.112923224852,-57.9833420832655,-31.7997375172089,-31.2083578235159,-31.9686301831618,-18.973527223642,-22.4383085759523,-22.9764146078229,-16.6026554053188
29-Jan-2025 03:21:00,83,11,-0.0116340256606539,0.362382517258326,0.0595759093761444,-0.975458852450053,0.0815739174683889,-0.0978645478685697,-0.179577893018723,-77.9777375172143,-49.5684738242971,-28.6911023365999,-27.8772793535934,-38.576580147615,-21.9357371898999,-36.6222048661897,-29.7793917308027,-18.6372446734963
29-Jan-2025 03:21:52,15,12,-0.00200769709578405,0.347265374660492,0.00242100415440897,-0.987944225470225,-0.000156407231406774,-0.114977704981963,0.103664646049341,-13.7675292597307,-26.8655667784409,-15.8870964147205,-40.5650224649274,-63.4557584490542,-32.8399919592466,-30.6969424033908,-31.1527383546211,-17.8760164653607
29-Jan-2025 03:22:34,266,13,0.0139758886769414,0.373084483544032,0.0652969648440679,-0.959892276922862,-0.251731389760971,-0.0811721300085386,-0.0930012077093124,-50.1993438564341,-57.8138601603428,-34.0972328224593,-21.6417448679769,-39.6770145053073,-6.43271871294995,-98.6702623150427,-38.8618160339105,-23.0813704612463
29-Jan-2025 03:23:20,203,14,0.0144567428777615,0.376209272940954,0.0445179979006449,-0.973078505198161,-0.195458820462227,-0.0856552809476852,0.0870476280649503,-34.5750653670929,-57.3114376748498,-31.6457123566734,-56.4874642345838,-46.3620173676863,-26.3604654254939,-94.1451584293222,-44.8013023269862,-27.3957171044712
29-Jan-2025 03:24:22,195,15,-0.032796223461628,0.377955677111944,-0.0293648770699898,-0.976475115617116,0.109224047760169,-0.0892177919546763,0.163115521272024,-39.6612109901052,-42.6128966778883,-25.2124575501893,-81.0599960488351,-104.493784001533,-56.7351416866122,-37.930123682147,-31.8229570982227,-25.2075165419498
29-Jan-2025 03:25:11,345,16,0.00399940855180224,0.379583678642909,0.0145984444146355,-0.960364274183909,-0.0773716906706492,-0.129056211312612,0.234645686546961,-24.6610325373286,-48.637448464971,-23.4966186755065,-86.9655482657669,-63.0217922132982,-36.3049196503693,-79.0535974460338,-38.8311042554422,-25.8259535322673
29-Jan-2025 03:25:44,387,17,-0.020642464607954,0.386319901545843,0.0612387826045354,-0.963415551185608,0.154923512538274,-0.101630708078543,-0.193650103608767,-109.20810438806,-64.5630043760475,-37.1542518909103,-55.1975559438053,-56.5145080693689,-34.4380771513193,-49.9491392763309,-42.5175507749733,-26.2602711418638
29-Jan-2025 03:26:53,304,18,0.0559055395424366,0.388724591334661,0.0532980779806773,-0.953420007228851,-0.238473079601924,-0.145827240745227,-0.113381112118562,-66.724816533983,-49.2892513953792,-24.9886046246206,-33.1043049741041,-48.1657105939912,-31.9058797941994,-109.652555181959,-80.5110390668768,-46.8513640568431
29-Jan-2025 03:27:35,99,19,0.00334345671969155,0.37979820171992,0.0852986464897792,-0.971785155932109,0.036922387778759,-0.131478942433993,-0.192311413089434,-91.5354967832642,-80.8103319134568,-47.2876099432064,-35.3486398968085,-44.2374891611078,-30.2657202155667,-59.3123008984317,-69.3048333133174,-39.8982860121016
29-Jan-2025 03:28:37,271,20,-0.0385850583513578,0.381501350800196,0.0679537465174993,-0.967110534509023,0.210382581750552,-0.141936231652896,-0.01704444848001,-85.0335795260789,-87.7356819330579,-50.1979912606132,-74.9824416477863,-48.0609953314424,-31.6679226474715,-30.4819384851242,-38.8438796468486,-24.8962953727187
29-Jan-2025 03:29:09,304,21,0.0709375868240992,0.404422322909037,0.0527570938070615,-0.928917960325877,-0.306402981281281,-0.169629267851512,-0.120227254430453,-71.9179504344018,-13.2031788428462,-11.0178542879586,-17.9063225134458,-24.1641402458138,-16.2519811966741,-133.992705576882,-98.5179174034977,-53.5473187666174
29-Jan-2025 03:30:06,235,22,0.0146608751888076,0.415100779136022,0.0778525004784266,-0.935596191883087,-0.0238175029555957,-0.141803337136904,-0.322466029723485,-139.600693818327,-80.4270170162039,-48.3417189988284,-48.7007170342028,-63.2463911787832,-41.7657380471322,-108.404211201662,-91.3210188734038,-50.724760097323
29-Jan-2025 03:30:39,329,23,0.0714005768299103,0.396911249558131,0.044158807148536,-0.950266468524933,-0.289238935709,-0.0998593330383301,0.0579878846804301,-29.2229011668813,-34.3810217345167,-21.625999605886,-57.0912566900137,-36.7182834688655,-24.1393053199661,-121.835016521748,-95.8218798184625,-49.8019413035342
29-Jan-2025 03:31:32,371,24,0.0638815894722939,0.375757523377736,0.0496587954461575,-0.985959549744924,-0.104346110423406,-0.128127500414848,-0.024063762029012,-45.915341370213,-43.1107516962946,-23.2978274231345,-38.4897818788081,-40.8870518688353,-28.0333237962568,-74.650816189967,-97.4669874072967,-50.2161941772018
29-Jan-2025 03:32:07,256,25,0.0212220327307781,0.378375138839086,0.0875820050636927,-0.980062127113342,-0.0250816808392604,-0.13010894159476,-0.148056664069494,-76.6602216057138,-77.5231940920545,-40.2368163964827,-6.27698444579886,-6.74163439797335,-8.25721855626676,-65.8439286691323,-84.4078160782547,-44.524244409594
29-Jan-2025 03:33:24,8,26,-0.0479325905442238,0.381200500329336,0.104323410987854,-0.965805049737295,0.105797252555688,-0.0922138065099716,-0.218000460664431,-97.5180129532546,-105.763781471649,-56.3606517374152,-32.6204423973454,-40.7011791974103,-28.9474504671067,-42.1739382774421,-36.6322844795383,-23.6799543220934
29-Jan-2025 03:34:22,74,27,-0.0306926149874926,0.402390362819036,-0.0203401257594426,-0.968476223945618,0.209002481897672,-0.0598284820715586,0.121623745560646,-82.3647507263956,-58.1365875678352,-36.3083745913703,-110.652688965295,-112.154141255186,-64.56371023185,-49.2742127135231,-53.8962314480027,-34.0057146425491
29-Jan-2025 03:34:57,11,28,0.0444036426643531,0.375848205884298,0.0768501549959183,-0.981773428122203,-0.0409324993689855,-0.138529121875763,-0.123511894543966,-67.5394170899372,-62.9658815977608,-34.5919815590644,-10.6637054758596,-4.53299282299574,-6.07382543348267,-65.9058185720896,-86.95179330883,-52.6436890408745
29-Jan-2025 03:35:26,374,29,0.103304951389631,0.407246834039688,0.0516546629369259,-0.929730649789174,-0.329402446746826,-0.162864527106285,-0.0238759193569422,-25.9423655444042,-18.00892072745,-11.5519579491373,-34.9302236626232,-42.783499466886,-25.0759003131544,-131.990932422999,-121.356116830496,-66.817424384526
29-Jan-2025 03:36:18,194,30,0.0447981971005599,0.388840178648631,0.0668540840347608,-0.989585053920746,-0.0706466287374496,-0.118233182529608,-0.0418502611418565,-66.1978025648728,-69.1649038346613,-38.3963421040033,-53.715049205288,-48.2621811229955,-33.3133161087182,-83.3994459330511,-102.224003548951,-56.1968187238092
29-Jan-2025 03:37:11,318,31,-0.0272120996067921,0.401995780070623,0.004574046159784,-0.991491075356801,0.079197267194589,-0.0852514753739039,-0.0583563290536404,-99.4360022566232,-64.7789761099941,-36.8622828864445,-79.8062273176427,-107.728226936561,-62.8960848434007,-75.852820062169,-54.2696806337505,-36.5555911003814
29-Jan-2025 03:38:09,183,32,-0.060076325883468,0.406293346484502,0.0490409873425961,-0.977500049273173,0.17624272108078,-0.0918968722224236,-0.0706197212139765,-109.695220830693,-110.77776940474,-61.0289052176361,-86.7802378760321,-107.287991319573,-55.4511133102875,-57.8817418203063,-45.2809751524996,-35.479478638273
29-Jan-2025 03:39:17,198,33,0.0433460252980391,0.401542643706004,0.036145173261563,-0.944457336266835,-0.282400379578273,-0.0849528392155965,0.145028959711393,-40.2963332026862,-63.5516462583507,-31.0099576566799,-81.0198880455539,-62.6444102915602,-37.2648971043007,-130.723393479016,-73.634767904639,-47.6384963239309
29-Jan-2025 03:40:02,171,34,-0.00837833601981402,0.401685722668966,-0.0219501376152039,-0.96098982890447,0.0293908740083377,-0.107644484440486,0.25307589173317,-46.6595416052871,-58.1381877288979,-31.3268690596089,-112.852612769347,-108.248188166143,-63.8236568571387,-80.6698296871851,-63.5832721319505,-40.7053927539171
29-Jan-2025 03:40:53,357,35,-0.0098823278521498,0.367150584856669,0.0451604850590229,-0.987730010350545,0.0164311130841573,-0.106466042002042,0.113068381448587,-38.095881435082,-56.2935761216491,-29.5541754952566,-66.5184409519442,-44.5872735494316,-22.3969268619995,-53.8258312943352,-31.752222897946,-20.461482200524
29-Jan-2025 03:41:36,350,36,-0.0158322438597679,0.397528233130773,-0.0213122145583232,-0.978125949700673,-0.0666659866770109,-0.151265798012416,0.126269377271334,-52.5646394750976,-55.3220299180233,-32.8217070563811,-85.1537529468271,-117.760331722009,-63.5763181481987,-89.855984492047,-48.6640233884426,-34.7191880208786
29-Jan-2025 03:42:26,254,37,-0.0278216859946648,0.415247229735057,0.0989953567584356,-0.99351638952891,-0.0646173770229022,-0.060259286314249,-0.0715446929136912,-100.804108026993,-133.494508230444,-73.7263012843219,-76.2922229447304,-65.7564544432592,-45.0250133490402,-107.551266306921,-63.8169706842658,-40.7507671966047
29-Jan-2025 03:43:17,117,38,0.0288339043656985,0.400271590550741,0.0337586616476377,-0.977345220247904,-0.112250317136447,-0.136232254902522,-0.116777462263902,-90.485007422864,-63.7633972717838,-39.0426606394615,-56.1406122171061,-85.320232195214,-51.9924564437311,-105.180045550931,-87.7871406524888,-54.4236422432285
29-Jan-2025 03:43:57,117,39,0.0373579651117325,0.402749965588252,0.0380686491727829,-0.978163667519887,-0.122498181462288,-0.136186164617538,-0.0982007533311844,-89.2000137965794,-63.6941484763606,-39.0438002240114,-59.3552209596371,-83.5074692211918,-47.5986586311034,-108.369722240076,-91.8751381486881,-57.9688425876108
29-Jan-2025 03:44:50,99,40,-0.0419345840811729,0.364528846740723,0.0556275005141894,-0.98871324857076,0.0775956710179647,-0.0887846777836482,-0.0924247846007347,-64.7624498807659,-81.081855983984,-46.6038412634617,-36.4779820192507,-68.2113840995806,-36.4177132019969,-35.6857254532753,-27.9271517799862,-21.2062554959084
29-Jan-2025 03:45:24,282,41,-0.0113356506451964,0.367297607660294,0.0406801588833332,-0.974513439337413,0.183267547686895,-0.102119579911232,-0.0794239779313405,-77.2691559979303,-50.410718234181,-24.0540847899177,-54.0121703153426,-49.5348845987083,-29.5782307759485,-26.1815428878937,-37.1338379058309,-25.9555203636936
29-Jan-2025 03:45:56,310,42,-0.0269488246490558,0.394857937097549,-0.01358330907921,-0.956434305508931,0.17168615659078,-0.0924553205569585,0.217277048031489,-59.6490087743946,-58.8776114078925,-32.0227801663291,-113.200192246756,-94.880289553901,-56.6426595046156,-50.4302747736154,-45.5529630887872,-30.30538644648
29-Jan-2025 03:46:49,330,43,-0.0106787812585632,0.380735508600871,0.0142348127439618,-0.993106357256571,-0.0240700097133716,-0.114195608596007,-0.0109450864295165,-65.2508397746511,-53.1326430300284,-27.2268703711379,-58.2672406264912,-86.7484283740343,-46.5940420391806,-72.3571940160104,-40.9021375909687,-27.3340754421875
29-Jan-2025 03:47:44,323,44,0.00583744011819363,0.413323269287745,0.0853899995485942,-0.934523244698842,0.0580299658079942,-0.142910321553548,-0.320741921663284,-143.077851280114,-94.7803343257701,-53.001014379452,-52.1788279083488,-64.8861166639893,-42.1835539099798,-93.1124133494974,-86.046772492637,-52.9079549289031
29-Jan-2025 03:48:54,102,45,-0.00537480770920714,0.409068961938222,-0.0244295705109835,-0.967430706818899,-0.0257939834147692,-0.149028025070826,0.202985761562983,-57.1022725645216,-62.0707746827953,-39.946485296211,-109.28030454705,-121.570450928626,-68.8736564632342,-94.3387119565141,-73.6669223070665,-41.0564124120838
29-Jan-2025 03:49:31,321,46,0.0310022279620171,0.394407667716344,0.0647719437877337,-0.973482151826223,-0.202174247304598,-0.102432403961817,-0.0310759467383226,-64.704138856696,-71.9222940074797,-48.2941306949186,-55.6929082715607,-61.5681011293345,-35.5057096412988,-110.420277324729,-78.7350754392337,-48.8314406333924
29-Jan-2025 03:50:30,252,47,-0.0664087176322937,0.421995788812637,0.0148045068606734,-0.969032466411591,0.195852428674698,-0.122325068712235,0.0874898706873258,-103.240964583459,-115.617751920333,-67.7070821330152,-122.847610041125,-126.706558441716,-71.208331949832,-68.1801937326758,-50.3748675778229,-38.6385921437865
29-Jan-2025 03:51:23,93,48,-0.0468318000435829,0.386237279574076,0.0977027301987012,-0.966424596309662,0.155659255385399,-0.119400136172771,-0.165943691134453,-99.9380379554305,-105.611955574266,-60.8447136132762,-50.7154980448085,-50.6854880851435,-30.3349120101758,-40.673718518555,-35.9037039704875,-26.8295564731279
29-Jan-2025 03:51:57,153,49,0.0332210297385852,0.409983285268148,0.00700625876585642,-0.977950799465179,-0.136557997266452,-0.138685396313667,0.0757000128428141,-70.4995964340756,-27.4555294042189,-39.0785689229395,-88.6287541479838,-106.310515675803,-58.945286992861,-114.133547867392,-93.5861614279602,-57.8258618364089
29-Jan-2025 03:52:55,182,50,-0.0345117765168349,0.362287517388662,0.0452288401623567,-0.982621661822001,0.144063652555148,-0.117048145333926,-0.000260000388758878,-57.9394602189213,-56.9904234154065,-44.5675727600025,-54.5508904736086,-58.1264908375593,-31.5677278015423,-24.0935622536606,-27.2038312419015,-16.4027576947772
29-Jan-2025 03:53:45,201,51,-0.00572511091207465,0.378288507461548,0.0614866984387239,-0.990564453601837,-0.0926541636387507,-0.0974649647871653,-0.026417621721824,-61.95892299408,-68.5663317903478,-47.2115582516349,-49.9911180137819,-48.7842140011918,-28.4365688856873,-81.1508103454047,-41.1489596313456,-23.454605253625
29-Jan-2025 03:54:25,217,52,0.01832953132689,0.443926938374837,0.112127584715684,-0.931932878494263,0.0103060216953357,-0.157539395491282,-0.326459914445877,-166.541116479667,-129.964750456118,-74.1822669759166,-43.9882867855876,-31.5417801654162,-20.3788254582793,-123.393639585998,-127.152140171676,-67.714320945169
29-Jan-2025 03:55:30,139,53,0.071359691520532,0.417037751277288,0.0356619857251644,-0.909689215819041,-0.381231103340785,-0.164241360624631,-0.0123764090240002,-60.7313241629909,-60.3167316564626,-38.1709921989025,-60.4452681225838,-73.6825953231964,-43.3454547095255,-156.297853777027,-106.759220459623,-59.1614087269478
29-Jan-2025 03:56:13,117,54,0.0369934159020583,0.42227019071579,0.0349102166791757,-0.985693466663361,-0.109725692868233,-0.117021097739538,0.0517178835968177,-91.9844162052879,-76.6230030726212,-45.3142784460846,-101.964361283256,-81.2293002175044,-47.8382012205533,-126.710247886748,-108.519056488389,-60.6343837879299
29-Jan-2025 03:56:58,282,55,-0.0186012988289197,0.404744458198547,0.084043891231219,-0.931206345558167,0.166029434402784,-0.126177576184273,-0.298945164680481,-140.028846063097,-90.21642823677,-53.8922050505447,-56.8174901600915,-58.8516722669341,-35.395223030039,-65.5398805653716,-67.931300675703,-40.74817315772
29-Jan-2025 03:57:44,374,56,-0.0289870152870814,0.435631402333577,-0.0342128162582715,-0.95957377354304,0.247799279292425,-0.0190190793325504,0.132106008132299,-113.610378350202,-70.1612930046933,-46.5593949534434,-145.946792607873,-140.572578495983,-78.6702445446933,-75.8961420199542,-82.2487911710831,-47.7774025512211
29-Jan-2025 03:58:48,238,57,-0.0333050432304541,0.380732415119807,0.0974935139218966,-0.984885263442993,-0.00381377674639225,-0.0625837095081806,-0.161461259921392,-84.4628858124243,-98.7190164185769,-60.4620912624911,-34.7488501456702,-46.6737488511713,-28.9170697649893,-63.4711806405041,-38.0213040999052,-23.8378569311747
29-Jan-2025 03:59:33,238,58,-0.0314780895908674,0.378620849053065,0.0899115497867266,-0.978056331475576,0.0269370542218288,-0.0673757056395213,-0.195296707749367,-89.2861398922258,-88.8625148193679,-50.0346542533884,-31.8157820737318,-45.6903608624326,-28.2373922814196,-56.3419413629884,-35.4621177765457,-22.5217592167151
29-Jan-2025 04:00:35,296,59,0.0684802199403445,0.415644814570745,0.0328704367081324,-0.948360009988149,-0.28683797121048,-0.1051891391476,0.0852791418631871,-57.0514008828898,-1.75052179680442,-38.4443904719114,-81.8809047629129,-80.2936942071095,-46.6353930437116,-141.553731437985,-111.317913589187,-62.7467306811992
29-Jan-2025 04:01:46,150,60,0.0084534805888931,0.398682693640391,0.0813376421729724,-0.971351464589437,-0.126857888698578,-0.0900756984949112,-0.179637978474299,-98.174135683282,-84.6920380797907,-59.2331225128039,-44.326709104989,-57.5043865494765,-34.3365137943689,-105.075856433588,-76.8736953331273,-42.2582658667485
29-Jan-2025 04:02:33,182,61,-0.0184200408558051,0.361138500769933,0.0510691228012244,-0.976701418558756,0.109208567937215,-0.0926791056990623,-0.159807542959849,-76.60587920243,-44.0883322396134,-30.0430317310084,-30.3082681873791,-42.4538992007407,-25.3369325983316,-32.369700835462,-28.655612199089,-15.1563216451122
29-Jan-2025 04:03:12,204,62,-0.00900487756977479,0.421490933497747,0.0658695707718531,-0.971020261446635,0.188819109400113,-0.125835329294205,-0.0750498245159785,-132.317236105381,-104.95219767371,-62.2230364267027,-107.606188641858,-71.8701292707244,-46.6625697819882,-80.4985164986959,-92.041836790937,-50.5326735232275
29-Jan-2025 04:04:01,372,63,0.0661015207568804,0.413876942793528,0.038857947041591,-0.98864715496699,-0.0724682316184044,-0.0757413645585378,0.107649704813957,-71.066281862488,-66.1025150400984,-40.8200875284366,-98.8235846516149,-65.3238741709006,-41.971059735625,-107.57530116469,-120.849713976261,-68.4260883362014
29-Jan-2025 04:04:45,181,64,0.0659894277652105,0.408791697025299,0.0291175575306018,-0.980001819133759,-0.105919328828653,-0.06756521910429,0.154313055674235,-54.0875198156713,-60.6885885704968,-36.4676638968952,-96.9911886009634,-68.0369030005238,-43.049476296201,-106.85747898667,-116.554332835396,-66.2042292699145
29-Jan-2025 04:05:36,255,65,0.0162364753584067,0.369534323612849,0.0228165542085965,-0.989660131931305,-0.0514901032050451,-0.121467648943265,-0.0562785543501377,-53.7330108142027,-41.1894310659222,-25.2759098488313,-37.5094693906927,-72.7025296436485,-39.6737955932397,-64.0142462842272,-66.0371860506267,-36.276626532197
29-Jan-2025 04:06:09,184,66,0.025304609661301,0.395129136244456,0.109650501608849,-0.991776367028554,-0.0660461296637853,-0.0854206065336863,-0.0687087660034498,-72.7227313749872,-117.189614945199,-64.0597596905958,-35.3710861904288,-7.71037405032197,-6.72831633432873,-81.5281989974073,-109.458830940188,-57.0452798543252
29-Jan-2025 04:06:54,222,67,-0.00534537726392349,0.36958102385203,0.0645219415426254,-0.957954172293345,0.0782155781984329,-0.121741561591625,-0.2477602293094,-94.4727816449988,-51.6245960435292,-27.1311938760676,-23.9418415814524,-39.9694731121948,-21.2827298193847,-47.07687168259,-40.9081308509098,-25.4484099336033
29-Jan-2025 04:07:32,17,68,-0.0686837544043859,0.454937575260798,0.0889288286368052,-0.94222495953242,0.0997973675529162,-0.00477054833124081,-0.319734044869741,-184.544410287773,-155.913347928477,-86.3823224932007,-93.0531921785077,-113.287283041322,-65.0588476175142,-114.754647520487,-48.0513151349196,-46.251522994073
29-Jan-2025 04:08:45,321,69,-0.0206048763046662,0.389619694153468,-0.0314153045415878,-0.98290444612503,0.00222187886635462,-0.121736355125904,0.138109402855237,-43.5625661299104,-53.092909931258,-31.3621366593341,-79.7357423056418,-120.022661939779,-65.459300310939,-68.4880047339314,-45.5979400038302,-35.939752715174
29-Jan-2025 04:09:46,269,70,-0.052279232442379,0.421978745857875,-0.00172191164456308,-0.903731274604797,0.204906691114108,-0.156162136793137,0.341901199022929,-68.1031190151044,-97.0416331503322,-52.3777058974542,-155.058080746193,-117.056896289193,-61.4264901539555,-62.9962962085059,-48.415496441428,-36.8396806235069
29-Jan-2025 04:10:39,81,71,-0.0359430144230525,0.405557936429977,0.105931943158309,-0.921708830197652,0.205170326431592,-0.127383800347646,-0.303531513611476,-140.864082118618,-108.591229885453,-64.1660936256969,-52.7703800628784,-58.574858347079,-14.7534930634442,-52.725572587156,-54.3519397527394,-38.4339626703207
29-Jan-2025 04:11:41,6,72,0.106375373403231,0.442616810401281,0.0526216775178909,-0.903655338287354,-0.29401148557663,-0.276151315371195,-0.143891143798828,-98.4575944018163,-68.5677437263428,-35.5225635872864,-62.2258744155369,-69.2771050497863,-52.8500457158736,-165.005712100892,-148.119577679391,-89.0047301900287
29-Jan-2025 04:12:44,306,73,-0.0365500777959824,0.392717315753301,-0.0291203036904335,-0.973269939422607,0.137686301271121,-0.0894770304361979,0.160567728678385,-58.0698181236844,-54.8314384752853,-29.631762503957,-97.7016394236073,-110.45732795114,-69.2686168387158,-48.3663611031078,-45.3974407335847,-30.1928810169441
29-Jan-2025 04:13:34,228,74,-0.0731100663542747,0.437276740868886,0.0177566830068827,-0.967692629496257,0.221967875957489,-0.0941966980695725,0.0736766065160433,-119.802057292075,-127.167513482767,-67.9135761253226,-135.606376263413,-143.515122734704,-80.4243444131057,-76.8284327703323,-30.1005680938805,-42.5691546935261
29-Jan-2025 04:14:20,262,75,0.0506702736020088,0.394289427995682,0.0520319427053134,-0.957230031490326,-0.265217041969299,-0.1153870160381,-0.00751621164381504,-56.5081234025532,-58.1688978169017,-32.2441856121857,-52.5945870200893,-58.3260841764472,-32.4662694862643,-119.866020212741,-73.2410738921967,-56.8497918518846
29-Jan-2025 04:15:11,254,76,-0.0340947310129801,0.398858278989792,-0.0406566935280959,-0.962216194470723,0.0821086580554644,-0.119623893499374,0.230409010251363,-45.8263405223352,-54.4798886668243,-30.8020456274426,-106.07693074157,-123.048150005519,-68.3079305073419,-62.718271411854,-45.457572829639,-34.7131393806038
29-Jan-2025 04:15:50,294,77,-0.0638726279139519,0.423802812894185,0.0121416935076316,-0.954534308115641,0.189769546190898,-0.135240375002225,0.185908078153928,-91.6817304576633,-111.851436597011,-63.9236829453356,-136.277260106156,-128.824335201319,-71.7710182161639,-71.1859535185465,-28.0048132378535,-38.5864896723617
29-Jan-2025 04:16:36,355,78,-0.0303546359141668,0.42351983388265,0.0269497225681941,-0.935038391749064,0.346842525402705,-0.0651628285646439,0.0340192002554735,-129.647873741949,-82.0221977768392,-33.48789011831,-135.92713414081,-94.8839421176895,-54.4117141364712,-53.7289791327702,-62.6527633866699,-40.908724697256
29-Jan-2025 04:17:54,267,79,0.0350124297042688,0.421203736464183,0.0136069995040695,-0.954576035340627,-0.172323570648829,-0.0895233020186424,0.225997271140416,-58.0471315965463,-69.7163830348097,-40.8969605357215,-118.679589168175,-99.9976684949715,-53.6465880530696,-134.16455178317,-92.7709360353821,-54.5645054937515
29-Jan-2025 04:18:35,49,80,0.0721934080123901,0.439449465274811,0.0739470193783442,-0.939892828464508,-0.115702390670776,-0.21622416973114,-0.23761639893055,-136.041821063803,-83.2392012157911,-49.0090295248559,-66.8561390769076,-75.6041128959497,-50.5209866219677,-139.78735958344,-144.250355459192,-82.2347334461564
29-Jan-2025 04:19:35,286,81,0.0734845906496048,0.423923768599828,0.0401465984682242,-0.952508580684662,-0.272735438744227,-0.084231657286485,0.106055785218875,-62.5155276950867,-68.2117767490652,-37.455655098831,-92.9618241296564,-71.8689773124722,-45.5115148724496,-146.962726666862,-122.318397952848,-69.806521671251
29-Jan-2025 04:20:33,179,82,-0.0423056654632092,0.369845253229141,0.0765980049967766,-0.966853217283885,0.122784835596879,-0.0796797732512156,-0.209212564428647,-88.847782471147,-83.8519179897179,-43.8414511419348,-28.5862434707627,-52.6025219806069,-30.2428917467356,-30.1441524604202,-29.5352514901674,-20.9443884481516
29-Jan-2025 04:21:23,257,83,0.0703077803055445,0.400970546404521,0.0597701253990332,-0.95006947517395,-0.286960862080256,-0.110905699928602,-0.0521674439311028,-62.5706742811652,-66.950917688092,-38.4382931089194,-44.5319024038887,-55.1468988281065,-35.236861847003,-126.430513383616,-103.93357259251,-59.5102484098523
29-Jan-2025 04:22:37,260,84,-0.0241813607513905,0.414040633042653,0.105306939284007,-0.907284013430278,0.203507955869039,-0.152991856137911,-0.334684598445892,-153.86495207302,-113.767723864567,-58.2261125912038,-55.4271891670588,-53.4568733128761,-42.058485262795,-61.9622411022229,-82.5517807793059,-44.2459475436632
29-Jan-2025 04:23:22,272,85,-0.0257078781723976,0.392881472905477,0.0278933234512806,-0.944094892342885,0.198066675662994,-0.123747923473517,0.232681981722514,-63.2807571706359,-74.7930047023446,-40.6951752952356,-118.382762083818,-57.2886418473636,-40.886901704862,-46.8759397504984,-47.7466406807998,-26.823389102736
29-Jan-2025 04:24:15,24,86,0.0244353249669075,0.411923156181971,0.00432277222474416,-0.941504736741384,0.0752474918961525,-0.0601432507236799,0.322938762108485,-52.5374136658944,-8.41874223064707,-37.6807903700556,-136.689194739376,-82.6938968112606,-49.1403304423194,-86.5077957343776,-90.6721441459834,-50.0956818075881
29-Jan-2025 04:25:11,90,87,-0.000701164884958416,0.441613187392553,0.0970799669623375,-0.920897388458252,-0.0821328138311704,-0.0842135404547056,-0.371631962060928,-170.023289159951,-107.430853157501,-76.1179800963938,-62.7749485007122,-82.2536402954046,-23.4278639197223,-140.605485288801,-98.6214720677116,-58.3323773621593
29-Jan-2025 04:26:11,68,88,-0.0226785028974215,0.390117573738098,0.0947601228952408,-0.955955584843953,0.107006459931533,-0.113718128204346,-0.248529123266538,-115.391193617762,-94.266464020349,-60.5062876515485,-40.9481099624883,-49.476620522696,-30.6981198933085,-56.2371390857921,-62.975047321331,-35.5451157780976
29-Jan-2025 04:27:05,372,89,0.00999906715005636,0.412804085016251,-0.00152855066893001,-0.943062969048818,-0.019638466835022,-0.101042678455512,0.316286220153173,-49.998934448659,-65.5089860038284,-40.2903347312549,-132.037197733771,-90.6207767059217,-52.1771159409939,-102.001122517986,-80.3932514537236,-46.6747282649601
29-Jan-2025 04:27:54,207,90,-0.0380320437252522,0.393549644947052,0.09764021585385,-0.982832213242849,0.0179093776891629,-0.061112895856301,-0.173162664969762,-99.5992242058913,-111.534957110248,-63.665002064081,-48.2604514613946,-53.5993840677901,-34.6251673355965,-73.2373404963043,-46.0559409942706,-28.934116981199
29-Jan-2025 04:28:43,270,91,-0.0486221268773079,0.407698436578115,-0.00658362867931525,-0.96267663637797,0.197625323136648,-0.103169080118338,0.153473313649495,-81.0180166964323,-83.1607763937158,-49.050425247942,-118.562826292338,-117.186760589182,-63.102402105446,-54.9215671178514,-46.3675666101788,-32.9956244144548
29-Jan-2025 04:29:51,268,92,-0.0375716723501682,0.403800620635351,-0.0384632043540478,-0.94765381415685,0.154778643449148,-0.107921277483304,0.257582690318426,-54.1127907453341,-58.1699319685389,-37.0419096395327,-120.33787472299,-120.808548027176,-67.0307189121359,-53.7549697378818,-45.0504237621903,-31.4655501362271
29-Jan-2025 04:30:32,33,93,-0.014154936435322,0.400312530994415,-0.0212147482981284,-0.957625301678975,-0.044127327700456,-0.17043172121048,0.227946613232295,-39.597928601122,-53.197374534415,-37.0112872723343,-104.739001594004,-113.366762390937,-64.5557406856363,-87.6162935942761,-49.530187637026,-32.5568836943019
29-Jan-2025 04:31:32,91,94,-0.015310579414169,0.387053221464157,0.0981241802374522,-0.959154752890269,0.127474458018939,-0.126945587992668,-0.218305456638336,-107.215074526542,-97.7610223545039,-58.1124696159367,-42.2664284785873,-49.4650098867136,-34.1193519879604,-49.0372239332275,-66.4715933958097,-39.0198426426487
29-Jan-2025 04:32:21,114,95,0.0907483289639155,0.435694493850072,0.0533460311591625,-0.907088120778402,-0.407996000846227,-0.0626851588487625,0.0824682454268138,-59.7481094312461,-73.7622434787931,-39.5775579327061,-82.7580388669191,-65.6121633170155,-46.1924710181751,-177.408997984745,-128.59371841251,-75.1693317233221
29-Jan-2025 04:33:05,366,96,0.0158327886213859,0.405111827452978,0.0121776074791948,-0.988283487161001,0.0670299554864566,-0.0885338688890139,0.104711647331715,-77.0584380230738,-63.1317752850865,-38.9539511914317,-103.54199429442,-90.5141305971984,-55.2151142940653,-80.5089083574483,-96.8834045988136,-55.9052765809022
29-Jan-2025 04:33:40,92,97,-0.0434186701973279,0.399011602004369,-0.0515981368720531,-0.962071096897125,0.128297820687294,-0.0882648145159086,0.223982669909795,-45.2452918607861,-27.2135748339119,-16.9798302281791,-104.020362625852,-128.928997952619,-69.79754337422,-27.6173544111544,-26.0948512714204,-17.2457163839648
29-Jan-2025 04:34:16,100,98,-0.0298006573071082,0.363082847992579,0.063084381322066,-0.981824286778768,0.134405100345612,-0.0917168314258257,-0.0976952458421389,-70.3028052990637,-67.2244253348096,-36.782927923178,-41.0066187991836,-44.4011959877259,-28.5263229063785,-27.0379337116352,-27.8493269776423,-18.2954952838381
29-Jan-2025 04:35:03,271,99,0.0426442764699459,0.390396404266357,0.0708248267571131,-0.983525943756103,-0.0653067335486412,-0.12336803128322,-0.114856829742591,-82.4191743982825,-76.3503109027848,-40.5721850386801,-48.0118263978004,-49.8984496480974,-35.4862681031059,-84.0054484486182,-98.2399521213662,-53.2795564883208
29-Jan-2025 04:35:44,260,100,-0.0490001350641251,0.417155605554581,0.105920198063056,-0.972521988550822,-0.0131266534328461,-0.0221387599905332,-0.231384072701136,-125.859250335015,-135.721168554459,-74.5884596715719,-57.7003985482798,-71.4112455380126,-46.2410138726319,-97.0889661094219,-56.0016861093208,-36.0974864399055
29-Jan-2025 04:37:16,282,1,0.0021280907249699,0.320426472028097,0.0411561245719592,-0.993872157732646,0.0105676134427389,-0.109837978581587,0.00648841836179296,-5.77500000000001,-13.5,-4.95000000000001,-5.47500000000001,-12.15,-5.17500000000001,-7.12500000000001,-7.12500000000001,-5.32500000000001
29-Jan-2025 04:37:48,335,2,-0.000915130270489802,0.32661722501119,0.0402474584678809,-0.993273337682088,0.0317692582805951,-0.110555932919184,0.0132758510609468,-12.078643935981,-18.6819679279301,-7.51918075675813,-13.9236445245037,-16.8243534100663,-8.35287527050597,-9.64120879753962,-9.90641906991805,-8.43765484189766
29-Jan-2025 04:38:20,291,3,0.00655955504626036,0.33255560596784,0.0441292735437552,-0.993638642628988,-0.0133396944031119,-0.110500714182854,0.0171445702513059,-14.245325295134,-24.2346311113322,-10.9789466266869,-16.7825218123018,-18.0163501030901,-8.48856006185417,-21.9811486957595,-17.8018343595659,-12.853169948905
29-Jan-2025 04:38:55,8,4,0.0101717843984564,0.329314575592677,0.0287168088058631,-0.988351476192474,0.0173896795759598,-0.0996841063102086,0.113675243655841,-0.463694471071282,-18.2449840287077,-5.36699041722477,-28.4739115603957,-20.4760318690548,-11.3668999734766,-14.4081632439282,-19.8367670981191,-13.358185536804
29-Jan-2025 04:39:31,234,5,0.0100853879625599,0.338955269257228,0.0398002276817958,-0.991623834768931,0.0340889813999335,-0.111548747122288,-0.0554708272218704,-34.5459021225102,-24.539979767003,-9.56398786020174,-16.6929791437366,-28.8154501544514,-15.9064247353639,-21.099426032339,-31.7306609251845,-19.3444728024574
29-Jan-2025 04:40:11,369,6,0.00893462784588337,0.341032356023788,0.0549736333390077,-0.982441429297129,-0.0842209915320078,-0.104807421565056,-0.129348770777384,-38.0966597479598,-30.1502307637137,-12.6787616374237,-1.43632791551692,-21.9365511896547,-11.4242744637929,-43.2934352542529,-20.2590859388078,-14.9132599206988
29-Jan-2025 04:40:50,37,7,-0.0153019824996591,0.341023357709249,0.0790660167733828,-0.987333559989929,-0.0405986323952675,-0.0824856196840604,-0.129307314753532,-39.0598777081443,-55.6012741106278,-25.6499315257949,-1.11035093856282,-12.9713247083386,-6.77364642644759,-32.0770379902453,-13.1697492443704,-10.3116932966222
29-Jan-2025 04:41:30,222,8,-0.0171877299745878,0.354504267374674,0.0369677161176999,-0.972256680329641,0.200000008940697,-0.113128787775834,0.0438047384222349,-50.1066413371612,-38.914045299091,-20.2163854447353,-59.2732002789897,-33.1680385323253,-17.1002357256497,-11.0240351755414,-20.506955928958,-13.6890954323748
29-Jan-2025 04:42:09,373,9,-0.0068398549221456,0.355744516849518,0.011167478064696,-0.966146198908488,0.0508309379220009,-0.12481551071008,0.219997369249662,-13.8583792825336,-33.2446846097902,-15.978706878963,-70.602985170666,-45.5584857473696,-25.3140431432999,-33.5547421971134,-22.2202354364887,-14.9546021993932
29-Jan-2025 04:42:53,80,10,-0.0136330258722107,0.355096213022868,0.0819257169961929,-0.989807426929474,-0.025332056482633,-0.091441152493159,-0.106198433538278,-49.6123506284068,-72.3523658187348,-38.8989286541879,-18.6864860507578,0.794258010619462,-20.0398416780032,-42.9458373367787,-29.346417429143,-19.6775084695149
29-Jan-2025 04:43:28,211,11,-0.0151374868427714,0.359570616483688,-0.00790227052445213,-0.952950036525726,0.10942400743564,-0.106859695414702,0.261712497472763,-4.71562928329607,-8.99547250704175,-7.19072100422507,-82.2509875416572,-53.0062017193994,-38.1657078293886,-26.1812386027361,-26.9656401149898,-17.3540736410614
29-Jan-2025 04:44:19,51,12,-0.00459797500322262,0.346870613098145,0.058089405298233,-0.973599513371786,0.0432006374001503,-0.0986483256022135,-0.201261646548907,-63.4748666278495,-35.2991991673313,-12.7286489450125,-7.47389480042453,-23.3227021314415,-13.8127203999586,-27.59896170026,-18.8313269085934,-11.9838398028028
29-Jan-2025 04:45:05,300,13,0.0602030915518602,0.373157791296641,0.0514942608773708,-0.989394005139669,-0.0409989960491657,-0.128346945842107,-0.0542740613222122,-55.0624145075049,-40.7458354920346,-20.3358606702202,-38.1263010816617,-39.0098538930083,-27.2415387205517,-61.5051900189468,-89.6247494295207,-50.7323737032714
29-Jan-2025 04:46:02,126,14,-0.0250470420966546,0.367255749305089,0.0514407155414422,-0.971220775445302,0.205143907666206,-0.120069642364979,0.0151492947091659,-67.0031941495566,-58.7312179793165,-32.2838845385683,-67.0052203640653,-39.1968745311342,-22.428556102798,-21.7836678536054,-31.8265674749526,-19.5975798892683
29-Jan-2025 04:46:34,75,15,-0.0130044606203834,0.365102976560593,0.0367957515021165,-0.986904052893321,0.0702550595005353,-0.0969877849022547,-0.108064979314804,-71.251513588603,-44.5987844379171,-25.0756058394699,-38.3433963609228,-53.9212847830698,-30.9677865196054,-41.3536337146002,-32.3089679053199,-19.7262004453403
29-Jan-2025 04:47:38,393,16,-0.0308990433812141,0.37501163482666,0.0749342679977417,-0.949106021722158,0.201592041055361,-0.103580471376578,-0.218699691692988,-104.140541172989,-67.0995145664026,-36.3788842776124,-41.2864510897127,-40.1813994063089,-23.7978008147435,-27.5593360432956,-32.4396115014946,-20.1591767519706
29-Jan-2025 04:48:19,286,17,-0.00618683071807027,0.367664019266764,0.0323085171480974,-0.984595215320587,0.112667101124922,-0.109248493115107,0.0770921210447947,-54.3889456595178,-44.514042570715,-20.0407954562063,-70.0422649480175,-43.7566423680912,-24.376091276882,-38.479331542873,-32.7116424328442,-20.769709961405
29-Jan-2025 04:48:52,331,18,-0.018452908222874,0.366232319672902,0.0591947476069132,-0.993690923849742,0.0215640798211098,-0.100058922171593,-0.0458428541819255,-61.0954197584898,-70.0356598158308,-36.2109982693676,-42.6517952687088,-46.6827155319718,-26.6290329518305,-48.2430326119154,-31.0774388321182,-21.4344376353063
29-Jan-2025 04:49:38,274,19,0.0662214448054632,0.398333748181661,0.0548770114779472,-0.931754012902578,-0.326684425274531,-0.132108307878176,-0.0875166441003482,-62.755717040091,-55.9680571611221,-27.6214320714164,-36.5584045124999,1.67514695433326,-0.147092289283563,-131.043219013579,-88.5937856793488,-49.4730638301553
29-Jan-2025 04:50:57,276,20,-0.0287578257421652,0.4028071641922,0.0253662354002396,-0.951721243063609,0.292937074104945,-0.0880411937832832,0.0257560852915049,-107.697177498776,-65.621230163121,-35.9508201185475,-111.219058410401,-77.3893933429764,-41.1585417096713,-42.9779440323989,-52.8111824183582,-34.2651725667065
29-Jan-2025 04:51:40,213,21,0.0360972796877225,0.367648748556773,0.0360744004448255,-0.985365684827169,-0.122625171641509,-0.107912610471249,0.0487075291574001,-35.0190175656911,-40.3808595158087,-19.4853111418154,-45.3500971030002,-46.7838999232626,-26.361160209539,-73.874940898032,-62.7575606263322,-37.6833424280752
29-Jan-2025 04:52:28,76,22,0.0844337026278178,0.391475154956182,0.0482933796942234,-0.945446908473969,-0.296362473567327,-0.135275475184123,0.000125655417408173,-39.9642203485736,-40.8703806140344,-21.1085030840963,-40.5212301951058,-43.7646351474065,-33.3928036461791,-115.57303779671,-97.2710842543378,-58.663687840475
29-Jan-2025 04:53:14,198,23,0.00360449872290095,0.399542738993963,0.0207689182211955,-0.958087762196859,-0.0810105423132579,-0.110171379645665,0.251728884379069,-43.7819570385115,-62.9543761993134,-30.1218972989292,-110.286935351053,-63.8428823977127,-38.4597459092258,-101.403466733924,-56.5481034865258,-35.6086699813767
29-Jan-2025 04:53:51,224,24,0.0501836821436882,0.379980885982513,0.0447282783687115,-0.968126062552134,-0.220208597183228,-0.105780389408271,0.0552324794232845,-36.3282505916381,-46.7626160501709,-22.4140081321883,-50.2101702227799,-45.305521588674,-28.219767520387,-99.9294645155257,-73.8874124080367,-45.8338534012699
29-Jan-2025 04:54:36,332,25,-0.0459554567933083,0.370691923300425,0.0810750285784403,-0.975849298636119,0.111231543620427,-0.0937034010887146,-0.162988948822021,-81.447226408807,-92.2579674990386,-48.0686891611307,-35.4979795477939,-49.7339004599801,-29.4363178144737,-33.8305402026997,-27.8825905271736,-22.6097167910005
29-Jan-2025 04:55:37,82,26,0.0461945990721385,0.36618749499321,0.0591887267927329,-0.980050305525462,-0.0333801597356796,-0.14287384947141,-0.134068031112353,-63.5919544754968,-43.736188367672,-22.0493629668155,-23.5895290398241,-34.4764590248776,-22.5593382452534,-57.2870809983569,-74.8263172973067,-44.4462780602624
29-Jan-2025 04:56:31,212,27,-0.0516243673861027,0.396873040994008,0.109385412434737,-0.934352970123291,0.165500169992447,-0.0967285389701525,-0.300396088759104,-126.313443030239,-113.798053528434,-57.0480334987775,-39.9136469065648,-43.3980734468555,-8.06797229630437,-45.2568685070448,-41.0084334062171,-25.4291413227121
29-Jan-2025 04:57:14,324,28,0.0021211854647845,0.411077179511388,0.0584370081623395,-0.965854505697886,0.149872108300527,-0.132305334011714,-0.164799123009046,-131.022089095066,-85.6763749755699,-47.2869803769965,-84.2074076912724,-65.6964081930386,-41.806970268287,-78.3269491826804,-80.9084584722723,-47.5159736385972
29-Jan-2025 04:57:59,143,29,-0.000888250201630096,0.361522108316422,0.0198442916075389,-0.971087872982025,0.0944267337520917,-0.105987280110518,0.191933925946554,-28.9111751113767,-38.9388272986764,-16.1613020242327,-75.8670221501401,-41.388929919448,-25.5288488392952,-34.301038042527,-33.7592301157502,-21.6654717601224
29-Jan-2025 04:58:47,220,30,-0.0285792806496223,0.375620331366857,0.00582304407532016,-0.979853542645772,0.188352213303248,-0.054854029417038,-0.037437197069327,-78.1351071421795,-36.6940923663181,-16.7961493850995,-65.9937253000509,-83.6614540309754,-45.2135868331651,-29.8980776922617,-32.5249885705334,-24.0085742216115
29-Jan-2025 04:59:33,287,31,-0.0493453703820705,0.377480991681417,0.0407446933289369,-0.98662041425705,0.126424806316694,-0.102457349995772,0.00997347266723712,-66.5080071047782,-91.008595392772,-48.4197048027771,-66.7128150367868,-86.1411836607694,-45.677886108043,-39.0475440023308,-31.2752299788843,-25.4515030337632
29-Jan-2025 05:00:23,82,32,0.0209693039457003,0.370550998051961,0.0398287509878476,-0.990800321102142,0.0667605176568031,-0.103163743019104,0.0567014254629612,-54.0376187719852,-46.8875989964566,-22.6445539282832,-65.6031802888373,-45.2065316441693,-25.8874727011721,-46.3003647105272,-60.5406559835107,-38.5828154615035
29-Jan-2025 05:01:01,258,33,0.0953736439347267,0.394478251536687,0.057246262828509,-0.972668969631195,-0.191925742228826,-0.130314625302951,-0.00988553563753764,-50.0741253023533,-54.0624186892559,-27.6302061316371,-45.8932438591068,-45.3294670765965,-13.3429654132224,-98.9028451525892,-121.640150271289,-68.1499310132286
29-Jan-2025 05:01:54,1,34,-0.0298115106920401,0.399021802345912,-0.0273759759962559,-0.94262261390686,0.188431806365649,-0.0674522563815117,0.267219493786494,-53.7971832566653,-53.6705900544838,-32.195352665292,-123.074570213141,-107.30902018192,-54.3541941363668,-46.1084064774382,-49.838237410143,-33.9820984591375
29-Jan-2025 05:02:32,206,35,0.0977026889721553,0.408467390139898,0.0494368428985278,-0.935427002112071,-0.328892646233241,-0.128593039512634,0.0164249616364638,-7.58555984917198,-31.6950662719707,-18.6838681716529,-54.9472505486196,-55.0424272604347,-14.0773707329618,-134.97887933432,-118.238733309667,-67.4071553192368
29-Jan-2025 05:03:30,228,36,0.0433591035505136,0.431665792067846,-0.0180695892622074,-0.969340900580088,-0.013097087542216,-0.0573167895277341,0.238582254449526,-69.0974120373885,-62.1420562281234,-42.2634833950241,-135.386966537604,-124.905731016872,-61.5302406863359,-112.261661145721,-130.709555867582,-74.3604525998499
29-Jan-2025 05:04:48,3,37,-0.0346823637684186,0.400998244682948,0.023553097123901,-0.961913816134135,0.250896261135737,-0.0631415039300919,-0.088238713145256,-116.008580455282,-62.1435219596865,-38.9600335667291,-91.9370836487977,-95.8030457223639,-46.4322642599352,-45.3102588871111,-53.3825254743459,-34.1986375873346
29-Jan-2025 05:05:32,357,38,0.0102904253949722,0.367561393976212,0.0496107665201028,-0.983969434102376,-0.144093222419421,-0.093489933013916,0.0479683188100656,-35.706584877791,-53.0827055549548,-31.0971866866935,-46.5049182004459,-42.9579159139544,-22.2935351355256,-77.9971818214551,-41.6150973541301,-26.072926288647
29-Jan-2025 05:06:01,334,39,0.0125218466545145,0.372644325097402,0.0807792643706004,-0.980341891447703,-0.150235195954641,-0.0787758285800616,-0.100764694809914,-59.359949765024,-72.654483429097,-39.9149151810027,-10.7696620594765,-23.9994013378057,-14.5042546334219,-81.7337571865075,-57.3216566772147,-32.5657662269725
29-Jan-2025 05:06:58,311,40,-0.0370065964758396,0.387680347760518,0.0948536480466525,-0.956494816144307,0.0919476727644602,-0.0777865673104922,-0.265730263789495,-112.53729061592,-95.7666530993654,-53.6130485539048,-36.6586916252291,-46.9336420128401,-31.6924921230729,-54.5119943336322,-43.191641661708,-26.2466676167596
29-Jan-2025 05:07:46,316,41,-0.0344007487098376,0.383596110343933,0.0405093424022198,-0.969849022229513,0.198612296581268,-0.0887392441431681,-0.109869970877965,-97.5477148261756,-70.9164470787191,-42.8481344406248,-66.2415138511571,-71.3586578110761,-41.5422232264173,-37.0069602662437,-40.0739571891462,-26.287444457408
29-Jan-2025 05:08:35,150,42,0.100830861926079,0.411385359366735,0.0520754935840766,-0.948819275697072,-0.258795487880707,-0.176555840174357,-0.0399369915326436,-63.1308684767166,-57.2700378164545,-26.8727765907813,-52.3275180805492,-53.403034176356,-41.2757753439376,-125.373190022969,-130.179743240074,-75.3953993541037
29-Jan-2025 05:09:59,61,43,0.0882522746920586,0.398433236281077,0.0486801189680894,-0.962061496575673,-0.23400132159392,-0.140238445997238,0.00377973147357504,-47.5249534022194,-52.6569970507784,-24.0545751809204,-50.9450234666059,-50.447393652402,-36.1430326317342,-110.352379387058,-119.769197517976,-64.7320530110046
29-Jan-2025 05:10:51,141,44,-0.0283872873832782,0.401905345916748,0.0396888397634029,-0.987361526489258,0.0320029983917872,-0.0877448509136836,-0.128038731217384,-106.6302234309,-86.598437318774,-46.3349237758367,-69.4212036746004,-91.1327307911382,-54.6362089504184,-84.9375584730077,-54.7975271743042,-37.3701500725722
29-Jan-2025 05:11:27,259,45,-0.055531644821167,0.408322211106618,0.0444375433027744,-0.968011879920959,0.213909603158633,-0.126757337649663,0.0335897006094456,-103.102603189861,-109.621325915114,-61.4964434709252,-106.44858996657,-93.3273610609369,-56.5165391264353,-56.5476762361286,-51.9279688458682,-35.6675981915154
29-Jan-2025 05:12:09,373,46,-0.0179867678632339,0.407026582956314,-0.00283673612090449,-0.99028491973877,0.0707946598529816,-0.1065301100413,0.0545459777116776,-89.1283708967448,-70.4386881197697,-41.488171041852,-98.8405374206988,-111.761170561012,-67.7079601671711,-81.9746828397888,-61.4628796729206,-40.5716760167622
29-Jan-2025 05:13:22,38,47,0.0417717513938745,0.373886922995249,0.040387666473786,-0.96373637119929,-0.232833829522133,-0.108486550052961,0.0723280717929204,-26.4524417418267,-43.9539787054254,-20.7359324290373,-45.8783636380664,-44.8047540174527,-25.5156029007989,-95.3508011678044,-63.477560237214,-35.2834203648276
29-Jan-2025 05:14:06,296,48,0.0878759935498238,0.414636250336965,0.0505487029751142,-0.923102307319641,-0.346631004412969,-0.163591433564822,-0.0310955134530862,-59.9110151483318,-60.7706494331188,-28.9347031505811,-55.7736000182804,-59.2980094390673,-42.900533424828,-146.57558839134,-114.515918587234,-67.6876788833149
29-Jan-2025 05:15:16,23,49,-0.0527310815950235,0.398007150491079,0.0285916203012069,-0.981016433238983,0.161139569679896,-0.106448639929295,0.0175936902562777,-88.6977397256397,-96.6273089749224,-50.6788600737948,-90.2021695687867,-101.153426407757,-59.693002789247,-53.7941120350874,-45.8469267965023,-33.9663321331507
29-Jan-2025 05:16:04,303,50,0.0450472762187322,0.435002146164576,-0.0134693051377932,-0.979637328783671,-0.115320596595605,-0.153430859247843,0.0589141525328159,-92.1846689224964,-68.9631164940379,-43.3031853413474,-107.347653052524,-140.413684879189,-79.6290203968394,-133.299383113136,-126.210436429006,-73.7906694538432
29-Jan-2025 05:16:47,186,51,-0.0536759617427985,0.412533525625865,0.0615421980619431,-0.961468950907389,0.213849235574404,-0.156174505750338,0.0738614837328593,-102.507202474918,-115.075180824484,-69.3360205309639,-115.685155882144,-83.0117321902345,-50.7170805086959,-60.5543235305229,-55.6476721748709,-36.1291708493909
29-Jan-2025 05:17:16,19,52,0.0770627895991007,0.384337518612544,0.0441983831425508,-0.979236237208049,-0.15980219344298,-0.092435843249162,0.0837572902441025,-8.45387137916707,-12.0824559083889,-11.0458024062645,-57.7250283726721,-23.9423047850205,-15.9446278554074,-88.2450220613188,-98.6617600972658,-57.2388993930477
29-Jan-2025 05:18:00,337,53,0.00227392944507301,0.387432100375493,-0.020396172379454,-0.981232877572378,0.0389748141169548,-0.0896896188457807,0.166189115246137,-44.8129800492039,-46.764894447543,-27.9471010991413,-88.1570691274193,-106.755738608474,-59.3769825484192,-63.1396084348165,-72.7308743545909,-42.6068060695658
29-Jan-2025 05:18:52,66,54,-0.0400506861507893,0.414264478286107,0.105868265529474,-0.969050069650014,0.14335142771403,-0.109049608310064,-0.168821104367574,-125.749709133343,-130.401582348916,-72.0136622030354,-77.0115515846235,-60.7648883011042,-42.3750537269338,-72.3520406794161,-70.9017613353725,-41.1896017754418
29-Jan-2025 05:19:57,47,55,0.0146929146101077,0.396695437033971,-0.0118221996352077,-0.978666194279989,-0.0906467760602633,-0.13682290216287,0.123592748741309,-51.3293870995191,-56.9494714260535,-34.5617239632854,-84.0974202303333,-108.011361235436,-65.7575470052782,-93.7198627328837,-78.2887116340212,-45.8942616775869
29-Jan-2025 05:20:50,109,56,0.0538834316035112,0.370218551158905,0.0431728765368462,-0.983353424072266,-0.131592921415965,-0.0900054007768631,0.0871687685449918,-25.5980378741448,-41.1214564226129,-23.5309784610265,-49.2137639905797,-42.7116799520169,-24.4960381577774,-75.3048095699446,-80.5914097825626,-45.3599065168882
29-Jan-2025 05:21:37,126,57,-0.0816129018863042,0.427020118633906,0.0760138263305028,-0.947305091222127,0.181529152393341,-0.00631237433602413,-0.263856838146846,-152.3968689249,-136.147531689864,-74.7934893241536,-76.5037736470423,-111.281355034673,-59.5953838259814,-68.9345493495623,-14.4744105017745,-10.8038969887805
29-Jan-2025 05:22:40,243,58,-0.0174190441767375,0.434455261627833,-0.0362246858576934,-0.939176559448242,0.0171562931189934,-0.139922890067101,0.31316872437795,-68.7599666325805,-77.2893482867758,-49.9776141105217,-149.47470522813,-139.430424437327,-79.5531524639078,-109.667952008634,-75.9097825579993,-44.4113079461976
29-Jan-2025 05:23:25,271,59,-0.0391145837803682,0.38609237074852,-0.00300015547933678,-0.98706868092219,0.152677337328593,-0.0471762605011463,-0.0126285811886191,-79.2376889316422,-57.6942237460157,-35.42154875277,-73.8876015734357,-109.129622643317,-59.6042572038749,-42.0686170069656,-38.8690382040329,-26.4581869025389
29-Jan-2025 05:24:15,396,60,-0.0525183329979579,0.386472555001577,0.0872888152798017,-0.9791308760643,0.148779760797818,-0.138443638881048,0.000837673755207409,-74.3164158156883,-113.966115768858,-63.4092015853012,-74.2988917881798,-55.7060059526829,-24.8866600418393,-40.7115274015554,-34.2709539601578,-24.1612287120588
29-Jan-2025 05:25:09,398,61,-0.0673868427673976,0.463676484425863,0.0162628188729286,-0.9095103820165,0.41416610678037,-0.0353570409119129,-0.00268192210545142,-174.169373990336,-125.294771322917,-71.7422653830981,-172.295227720888,-142.703364659586,-75.375327597144,-75.1792225456362,-73.3284813993956,-49.9964170076191
29-Jan-2025 05:26:03,304,62,-0.00933246091008186,0.402100384235382,0.00325871182916065,-0.952557865778605,0.184180057048798,-0.076606077949206,0.229875541726748,-68.3579026968818,-63.1513962893593,-35.5149554422395,-126.134842232093,-89.7329251233136,-48.0701114954717,-59.0472323553014,-58.5121718020637,-38.0139840624611
29-Jan-2025 05:26:40,111,63,0.0801929295063019,0.420777201652527,0.0506394537786643,-0.988160320123037,-0.1028852318724,-0.110881230731805,0.0256745701034864,-83.6858000032183,-66.4786165414341,-37.4921523254178,-91.3554944477517,-66.5310058785189,-43.4880516754865,-113.70612175551,-133.903229345328,-77.0262717300276
29-Jan-2025 05:27:38,382,64,0.0103850782538454,0.407447415590286,-0.0107435599590341,-0.936312580108643,0.173634914557139,-0.0102854841078321,0.305063758293788,-53.3110768301057,-55.392023602672,-33.8371517418908,-137.181987945685,-89.5601624943827,-51.1310823919083,-63.9369184507001,-89.502600575839,-49.0033393005342
29-Jan-2025 05:28:18,165,65,0.0755724847316742,0.429114202658335,0.0495680943131447,-0.900019228458405,-0.413821796576182,-0.132011946042379,-0.0359139735500018,-74.7670563850649,-71.0220143036748,-36.8841773723482,-67.7480819011528,-72.8972277391411,-46.7392235555615,-174.568892528234,-111.240997689571,-66.8116111720545
29-Jan-2025 05:29:08,87,66,-0.0400926575064659,0.418817853927612,-0.0479027695953846,-0.941210246086121,0.0894364729523659,-0.151432782411575,0.28843114177386,-57.0195592095533,-65.0133501896572,-36.9234945088654,-133.165481418071,-136.693082999622,-78.2345895099868,-78.7069114094248,-53.5796599223845,-39.1156129993367
29-Jan-2025 05:29:43,252,67,-0.0241273955752452,0.419776084025701,-0.0127597498397032,-0.967622009913127,0.0936149706443151,-0.122214971482754,0.200018553932508,-83.1197606844346,-57.7745913702707,-41.9324970196977,-131.50374988818,-123.76478327621,-70.950716134136,-89.9430576923228,-64.6430803917138,-42.8712159132013
29-Jan-2025 05:30:36,6,68,0.11059447179238,0.445035807291667,0.0511442599197229,-0.902397036552429,-0.340586344401042,-0.240452611446381,-0.108917947113514,-91.0475195873767,-45.3218348808329,-31.0525188898759,-66.1370555831063,-72.8587497955769,-53.6700467913806,-174.09692524082,-147.530067399468,-87.3213649113125
29-Jan-2025 05:31:18,18,69,0.014751720863084,0.391229516267776,0.0461833849549294,-0.976172546545664,-0.160598826408386,-0.127814069390297,-0.0704185247421265,-75.4412282474877,-59.0441300168106,-28.9666744945673,-52.7058347031242,-59.0294112121679,-36.0838591777108,-106.392890259337,-58.7664052849213,-39.77266958041
29-Jan-2025 05:32:03,73,70,0.0611306183040142,0.393490507205327,0.0205651363978783,-0.982065049807231,-0.132975749174754,-0.113739537199338,0.0702073996265729,-48.6839044455956,-49.1290175467285,-28.2069487264582,-69.3117071646432,-81.3203984619015,-44.9774200901762,-97.5888539950076,-107.920059149065,-61.9498908242484
29-Jan-2025 05:32:57,81,71,-0.0552007891237736,0.406879073381424,0.10953884969155,-0.926523288091024,0.189184241493543,-0.0933359682559967,-0.311532260974248,-140.270003729282,-117.533586327465,-66.5410187031055,-51.8143507372214,-55.5402925546368,-17.5442711331556,-51.798108071123,-48.8292644965431,-29.6375610066835
29-Jan-2025 05:33:56,288,72,-0.0513373032212257,0.412866276502609,0.00363439641272028,-0.943480638662974,0.208422035972277,-0.145994382103284,0.21234455704689,-81.324579900362,-95.6266634774683,-54.7844929633385,-132.552458905119,-113.501619844675,-56.4844296685729,-57.505440266493,-48.3414831102004,-36.278746959952
29-Jan-2025 05:34:55,178,73,0.0611872360110283,0.444706982374191,0.0570599752167861,-0.981478997071584,-0.00251547819934785,-0.164973654349645,-0.0973468869924545,-138.399005048463,-87.431715257324,-49.1638993568916,-109.430601824551,-82.1200912314862,-53.5768254681865,-129.853214276573,-142.319289407045,-83.5261010926039
29-Jan-2025 05:36:08,339,74,-0.00569161030774315,0.381749775012334,-0.0303693640977144,-0.989154247442881,0.0391563206911087,-0.109792436162631,0.0893660843372345,-46.2804577004629,-43.9662064660761,-26.9673624905633,-69.6519119344443,-117.438887190801,-68.7755807784317,-52.3068214974682,-69.2695954932268,-40.490756905293
29-Jan-2025 05:36:43,156,75,0.043719220906496,0.418668053547541,0.00870770855496327,-0.980150274435679,-0.120277975996335,-0.156057556470235,-0.0220157558719317,-91.3154107777858,-31.9880259268938,-40.8766348615953,-81.9719274792812,-118.228154443141,-70.3701469458705,-120.504780990398,-115.991405165837,-68.4641670023719
29-Jan-2025 05:37:23,336,76,-0.0410436580578486,0.396259880065918,-0.0434390276670456,-0.955602018038432,0.130998113751411,-0.103066001832485,0.242984934647878,-22.921834617025,-27.042376310482,-25.3045593789556,-108.354411798494,-116.154177759334,-63.5346928798562,-11.1653801577963,1.90831013269288,-4.1096299887487
29-Jan-2025 05:38:08,300,77,0.00613481774926186,0.391683757305145,0.0185836892575026,-0.949505003293355,0.0877946505943934,-0.086652102569739,0.28848532239596,-42.2642511770911,-55.2503326025965,-27.3661543879222,-117.899639068499,-63.7023904075991,-36.8293085420597,-67.7341194754528,-59.6086893990806,-35.3730322725829
29-Jan-2025 05:38:59,234,78,-0.0506491700808207,0.381720896561941,0.0651965901255608,-0.982855522632599,0.139187659819921,-0.119409072399139,-0.0190612319856882,-75.9344757009356,-100.399512142807,-55.0432473477034,-69.2974212549617,-72.1417904512441,-40.2329579911389,-40.9317929411822,-33.9867957314644,-25.6882314559695
29-Jan-2025 05:39:45,65,79,-0.0127768866096934,0.402184997002284,0.0979279791315397,-0.957284776369731,0.0643182451526324,-0.101357572774092,-0.2630506614844,-123.690111079172,-106.800940391709,-57.349781424424,-49.2749294196713,-13.6306254393151,-10.8739185562343,-77.0713931681234,-69.2858638970566,-41.7179069047946
29-Jan-2025 05:40:34,212,80,-0.0323360065619151,0.380581027269363,-0.0130364072819551,-0.957928423086802,0.128446274002393,-0.122298960387707,0.225649572412173,-38.575260475196,-58.7108002582444,-31.0700425664732,-97.3457355994133,-92.6914917368804,-52.2775444731934,-41.0527347118461,-33.3342836765469,-25.7571087102005
29-Jan-2025 05:42:01,186,81,0.0519601528843244,0.414993931849798,-0.00698561382790407,-0.975307639439901,0.0796426380674044,-0.0256314856310685,0.204389627774556,-62.6705089276412,-56.5949040763141,-35.1554396224357,-122.858977456711,-110.824007746168,-59.9160784044629,-80.2650905544002,-126.536887988202,-72.3515863663962
29-Jan-2025 05:42:51,152,82,0.000494304338159661,0.404468085368474,0.0354101608196894,-0.97941662867864,0.000459939262752111,-0.106998181343079,0.171155646443367,-68.9928264407775,-67.6992130506489,-40.8279068562774,-111.503586571402,-70.8182412128136,-39.7479732743082,-94.1654281899868,-62.5277289940694,-40.367234792724
29-Jan-2025 05:43:57,38,83,-0.060516897837321,0.386741497119268,0.0689108138283094,-0.983888292312622,0.101220096647739,-0.0785577391584714,-0.124687906106313,-89.7002332993987,-111.425306215351,-61.0442531882004,-52.1462170260637,-87.3357551777761,-44.567262701286,-48.0766922724753,-34.8456032058731,-28.3919292365576
29-Jan-2025 05:44:47,104,84,0.0646878689527512,0.424384049574534,0.0206477377563715,-0.952033658822378,-0.261142377058665,-0.151573856671651,0.0496180226405462,-73.4470513447599,-64.9658171777894,-40.606802453754,-88.4298668124683,-104.953808025601,-56.9971992569954,-146.382989231757,-116.843261249488,-70.3392808368795
29-Jan-2025 05:45:47,135,85,0.0717004199822744,0.413212734460831,0.0423139467835426,-0.949284227689107,-0.284166067838669,-0.105721612274647,0.0832591066757838,-53.6146836295356,-64.2310614920177,-32.4822929687503,-78.0380438775439,-69.2122363791671,-41.8335899653918,-138.658067615079,-109.915143241792,-64.7212045880043
29-Jan-2025 05:46:34,151,86,-0.037019456923008,0.401574142773946,-0.0423159624139468,-0.953850464026133,0.128338431318601,-0.112372460464636,0.24712547759215,-50.1989615684375,-55.7238305700591,-30.8411263788048,-114.454350234173,-123.304624411591,-69.5993869395031,-54.208372822125,-49.9889180532991,-34.5095980633365
29-Jan-2025 05:47:23,59,87,-0.0590034574270248,0.398443156480789,0.0419451562066873,-0.984650441010793,0.135530298948288,-0.10952899903059,0.00992222018539906,-86.8462611945506,-106.991611758128,-61.4742974437099,-87.5774499273628,-107.080637524924,-58.2652510104726,-56.8376681289185,-43.624126497652,-32.3460113556555
29-Jan-2025 05:48:21,127,88,0.0734717637300491,0.385762645800908,0.0503764594594638,-0.948931622505188,-0.289180608590444,-0.125547653436661,-0.0118820770333211,-39.5207198790941,-47.3025820078425,-23.398708384531,-36.7253939737999,-48.0371584765699,-30.7642258239761,-111.565625075904,-86.5919146337166,-55.3085955392882
29-Jan-2025 05:49:05,113,89,0.0499235505859057,0.439041046301524,-0.0150649539505442,-0.969574046134949,0.0162038713693619,-0.0399617562691371,0.240970248977343,-78.2177188298878,-68.3089920970971,-41.8574987628536,-145.583297502338,-121.80798910491,-72.1811207327001,-116.34653997004,-141.565488355433,-81.3558498836601
29-Jan-2025 05:49:45,329,90,-0.0451620407402515,0.419953525066376,0.0651778111855189,-0.96982186237971,0.187470175822576,-0.0939457888404528,-0.124397452672323,-133.602018869311,-112.474436682174,-67.1451199208232,-99.6177518615381,-87.7793752876554,-53.6596598199326,-76.6893393679636,-29.4275371415069,-40.406714217037
29-Jan-2025 05:50:27,137,91,-0.0587727198998133,0.428323980172475,0.0976134513815244,-0.942427202065786,0.144057282805443,-0.044013325124979,-0.298565425475438,-157.350799086622,-130.680108669491,-74.8212315618278,-75.2080417365981,-85.417166562135,-51.3208046697327,-83.0521424902137,-57.6859586501757,-38.8166711561715
29-Jan-2025 05:50:59,349,92,0.0738928337891897,0.408751511573792,0.0542615753908952,-0.938090952237447,-0.268817259867986,-0.177262477080027,-0.127673971652985,-79.6953894586252,-40.1769502833939,-25.1641543619027,-18.750853373293,-18.6668312138441,-14.199625771318,-132.66767946093,-105.407994701276,-58.2509264435723
29-Jan-2025 05:52:00,108,93,-0.0524755731225014,0.410612306992213,0.101381661494573,-0.925630633036296,0.203190637628237,-0.0938638438781103,-0.30514111717542,-145.464348638945,-114.40186875,-64.340456729622,-58.9558816051004,-57.7740804611603,-38.3968369206955,-55.6770251017922,-51.7161482895489,-31.5832140064889
29-Jan-2025 05:52:57,311,94,-0.006107440063109,0.379060550530752,-0.0159510388970375,-0.981913777192434,-0.0770141571760178,-0.147775513927142,0.0898702015479406,-39.2926752545685,-45.9525556855937,-27.0896799173221,-62.1154230835786,-102.234692564177,-59.6408943877595,-74.6225873437221,-47.9746476444193,-30.0935272210094
29-Jan-2025 05:53:42,244,95,-0.0371206117173036,0.406418611605962,0.0589975290000439,-0.948528412977854,0.287989860773087,-0.117665715018908,-0.0592494058112303,-122.706340993717,-90.1061997391499,-51.0341483808283,-101.237146459418,-70.8477011350332,-43.1974809577414,-46.4013410207717,-53.139982462396,-32.0474329753164
29-Jan-2025 05:54:43,8,96,0.0822843765219053,0.423809285958608,0.0391325431565444,-0.968172967433929,-0.170489673813184,-0.0302973739802837,0.18071104089419,-56.6242100229093,-65.0391081645435,-37.3582469573553,-106.304372109538,-69.476073147802,-44.1105292518689,-130.884368280157,-129.20636904568,-73.1650665850843
29-Jan-2025 05:55:28,281,97,0.00120272901840508,0.407862285772959,-0.0295795857906342,-0.969095087051392,0.116330870489279,-0.0459565517803033,0.212626120448112,-62.5748682185735,-17.6436256743976,-37.6806962529351,-118.603201849081,-121.562133436259,-69.3318588987064,-68.4780617390921,-93.1651908685431,-49.6655660143159
29-Jan-2025 05:56:14,7,98,0.0714786762992541,0.422009541591009,0.0726946363846461,-0.968483356634776,-0.120352211097876,-0.157213069995244,-0.151127177476883,-109.141821520742,-74.8437777838078,-54.3515161827408,-63.7838040929678,-69.7607435389321,-43.9434623061215,-120.567729815723,-134.88241710213,-77.0703719947839
29-Jan-2025 05:57:16,274,99,-0.0185212240864833,0.379905124505361,-0.0183022021005551,-0.978516602516174,-0.0117136485253771,-0.12928196589152,0.16016948223114,-35.6785369786041,-45.0054305928958,-26.8776061130658,-77.4710753869751,-99.2796892607357,-58.0689759332941,-64.2947626613634,-42.8557052953781,-27.9275041114764
29-Jan-2025 05:57:59,352,100,-0.0248875117550294,0.375237572193146,0.0645111704866091,-0.993068512280782,-0.0365058913826942,-0.0860773861408234,-0.0712247888247172,-66.0619646534224,-83.1385768291098,-47.7085301952255,-43.4347677955073,-61.3295662450239,-35.8311540097354,-68.2211074708827,-36.0895002335791,-24.1963647917729
29-Jan-2025 05:59:27,173,1,0.000677730286649118,0.319844629367193,0.0424069379766782,-0.993792120615641,0.0215061948945125,-0.109144591291746,0.00148998893952618,-6.00000000000001,-13.875,-4.95000000000001,-5.55000000000001,-12.375,-4.95000000000001,-5.17500000000001,-7.12500000000001,-5.17500000000001
29-Jan-2025 05:59:57,253,2,0.000865612179040909,0.325833620627721,0.0415408295889695,-0.993794759114583,0.0247199273357789,-0.108347027997176,-0.00467372853308916,-12.7326581819558,-18.5181352947151,-6.75338117682916,-9.99752938172418,-16.5439809908063,-7.97880655727436,-10.3719910944086,-11.2202892667507,-8.84195604019775
29-Jan-2025 06:00:29,235,3,0.00262873402486245,0.329293221235275,0.0497748886545499,-0.992193059126536,0.0273933419336875,-0.107736455400785,-0.0565284202496211,-24.5015160937342,-22.1739277239231,-9.34565862329982,-7.77801802126204,-15.2119771580442,-8.13343629482659,-13.507405034078,-14.290064199305,-12.3224743845667
29-Jan-2025 06:01:03,91,4,-0.0145188705995679,0.326831412315369,0.0431503430008888,-0.986080145835876,0.116127964357535,-0.114313625792662,0.0330551760892073,-15.9449026928016,-24.8187551486384,-12.6807946380545,-24.0700152122834,-15.4433833495441,-6.68999437458578,2.59403591947527,-2.95783148608908,-3.18469889165346
29-Jan-2025 06:01:37,314,5,0.00600555387015144,0.340191165606181,0.0457538915177186,-0.993525417645772,-0.0125676008562247,-0.11195086936156,0.0147090170532465,-22.0499981181457,-29.7506074993106,-15.8318439409881,-24.5866305452441,-24.3592110026514,-11.0970891015909,-29.9403119047329,-23.5034707408151,-15.4129581088923
29-Jan-2025 06:02:13,116,6,0.00375084178522229,0.343061327934265,0.0542039893567562,-0.982291638851166,0.043632622808218,-0.116035896042983,-0.140481393535932,-50.3690544625806,-31.7644739688559,-11.6159805518128,-11.3796184613595,-22.484437293828,-13.3814436262969,-24.3802460641056,-25.1758268165025,-17.2864901123903
29-Jan-2025 06:02:53,370,7,-0.00880357672770818,0.344192405541738,0.0145760875816147,-0.966637043158213,0.0822832599282265,-0.111579985916615,0.215388604998589,-5.12404791915821,-27.335736287616,-10.6224624347229,-61.563197680934,-34.4422335820121,-19.5159587520188,-18.49010652796,-15.3450502200682,-11.397030132041
29-Jan-2025 06:03:24,120,8,0.0494967083136241,0.344684501489003,0.054454759756724,-0.981170602639516,-0.113052664200465,-0.138135491808256,-0.0737694854537646,-25.0403837944681,-3.60425270861234,0.262409312332525,10.6433780234662,2.67677274549736,0.732791064378394,-47.1338605911681,-55.4137709150511,-29.5897991717416
29-Jan-2025 06:04:17,215,9,-0.0092804841697216,0.352833602825801,0.0529110292593638,-0.973572023709615,0.109880154828231,-0.109841318925222,-0.167388007044792,-69.0728848595554,-36.4271812632151,-14.073828289179,-22.0844317555422,-28.5490744059969,-16.3073511811173,-24.7040109395788,-22.6456180745275,-15.4192623050414
29-Jan-2025 06:04:45,134,10,0.00403726003132761,0.349865148464839,0.017624927063783,-0.963468146324158,0.0573314500351747,-0.102625892559687,0.240645429491997,5.90274140016201,-9.45145159492304,-2.2446307225788,-68.012564702802,-26.0316135455411,-13.8835087215602,-27.7415461064117,-26.0672128913035,-14.6331117466002
29-Jan-2025 06:05:25,95,11,0.00251189308861891,0.341310733556747,0.0518610020478566,-0.98921050230662,-0.0460616054634253,-0.10778813958168,-0.0878785421450933,-35.8251346286145,-29.4009342964406,-12.8257142946352,-10.5817182594356,-21.954713488616,-10.5520112659577,-37.7415060513686,-18.5015381182734,-11.0663089641952
29-Jan-2025 06:05:57,219,12,-0.0143450012430549,0.34872513016065,0.0367546794315179,-0.976273278395335,0.181469757358233,-0.11144079019626,0.0392455918093522,-43.2568872433949,-32.40337667931,-14.7019301763757,-52.107352935047,-29.0768530178394,-14.2883808966565,-9.2180031633497,-17.6140218464061,-12.4148917099735
29-Jan-2025 06:06:27,44,13,-0.0283380925655365,0.356902056932449,0.0160681614031394,-0.977151830991109,0.194045673807462,-0.0838452910383542,-0.0221476402133703,-59.164317081884,-5.11493124608441,-1.96942871835381,-50.927565078513,-60.2611719383475,-30.092414203392,-3.19218421975345,-9.19901992461193,-6.86528510337051
29-Jan-2025 06:07:23,55,14,-0.0113941845794519,0.366561412811279,-0.00778811580191056,-0.974429718653361,-0.0206540943433841,-0.147246950864792,0.168459169069926,-22.3029422468732,-39.4319256462755,-20.3043903731167,-66.7937176987127,-80.7373368689136,-42.2820374172879,-54.4563723713318,-29.396761403314,-21.5137068452406
29-Jan-2025 06:07:54,38,15,0.0118703256671627,0.365534307559331,0.0653032273054123,-0.967428680260976,-0.0228787838170926,-0.127204969525337,-0.21766304175059,-77.9605916504237,-42.6488836382782,-22.5785748340211,-17.128218654248,-10.28997371788,-7.36159945364677,-58.8732718454192,-44.2637284937502,-26.4619391292875
29-Jan-2025 06:08:48,125,16,0.0724607974290848,0.379174723227819,0.0420244323710601,-0.99088853597641,-0.066096542775631,-0.0740741749604543,0.0910177111625671,-35.2486963530814,-40.8825534570783,-22.80998492736,-61.2342992761246,-42.2302644037852,-29.5900890540241,-70.3533064470937,-103.351560271016,-56.2199518388219
29-Jan-2025 06:09:24,326,17,0.0266642899562915,0.368530142307281,0.0371140678723653,-0.989720996220907,0.00388914121625324,-0.123559745152791,-0.0719045440355937,-61.4294783290972,-5.07399002695087,-24.7071701054819,-39.4025443205515,-57.1052750841702,-34.1259458241457,-52.846116798578,-75.654286862689,-40.6100428463258
29-Jan-2025 06:10:11,206,18,-0.00275629415797691,0.368335888783137,0.0356044284999371,-0.981023689111074,-0.0101076370726029,-0.10867793460687,0.160248187184334,-31.5562537278942,-45.3457985381156,-30.7936451147135,-72.4039651590697,-45.5625421881543,-22.9035923981581,-59.171042806888,-38.2302462130883,-21.4422236844152
29-Jan-2025 06:10:46,347,19,-0.0167831897735596,0.38520334760348,0.0493805674215158,-0.970299998919169,0.0477995758255323,-0.0913692876696587,-0.21882594426473,-104.325469027485,-57.5483733935658,-35.2016923266727,-43.4963219217295,-66.7349969256073,-37.5583006853047,-67.7068983500795,-20.2507986360058,-26.7435748847284
29-Jan-2025 06:11:12,393,20,-0.0450851087768873,0.368319420019786,0.0965973923603694,-0.950462718804677,0.141809484362602,-0.0910491481423378,-0.261190877358119,-93.1010398189624,-78.9341471447191,-41.4161054764899,-16.0231220703222,-15.4656673973594,-9.16352276251431,-18.3356952022909,3.64688408286239,-5.858417401845
29-Jan-2025 06:12:03,131,21,0.0333679678539435,0.377566393216451,0.0663311978181203,-0.973101890087128,-0.0423061634103457,-0.135401631395022,-0.181519556045532,-82.5737825769074,-57.50035682037,-32.817507745005,-29.2879232502882,-43.5115839241262,-26.6514587401336,-73.123407107531,-74.3453722490086,-45.4189217996252
29-Jan-2025 06:12:50,88,22,-0.0111786079282562,0.364851246277491,0.0429832465946674,-0.98759104013443,0.0689365203181903,-0.116943376262983,0.078968142469724,-45.43566851999,-51.9981187668439,-29.1847726542193,-63.5748268395459,-40.4870935285876,-20.7309376201148,-42.0261463549409,-31.8545450539073,-19.9274315386295
29-Jan-2025 06:13:40,208,23,0.0255773261189461,0.3850479443868,0.0154316168278456,-0.958632457256317,0.0926128516594569,-0.0658750603596369,0.260973608493805,-36.7248964471994,-47.2394907459249,-25.0581773283856,-106.070172821694,-57.031019486285,-33.0297893544762,-56.8136272949093,-75.5054816372668,-43.1608882152239
29-Jan-2025 06:14:33,142,24,-0.0226522708932559,0.399812374512355,0.104819276432196,-0.974260771274567,0.00544144374628862,-0.0763930976390839,-0.212015234430631,-108.288724435744,-116.502420373325,-58.6982846307237,-46.1008689024238,-10.2819358720797,-7.65097507145497,-80.9533934049439,-66.4497856233117,-35.9568175470288
29-Jan-2025 06:15:45,344,25,-0.0481285899877548,0.403780996799469,0.0976928313573202,-0.921750815709432,0.204623012741407,-0.0980352222919464,-0.314474125703176,-140.567257435551,-103.3497061018,-53.0544632270011,-51.4235279841791,-52.8245243562908,-10.7108475633219,-48.0251977105424,-47.1932327212361,-28.0311442531024
29-Jan-2025 06:16:38,105,26,0.074128033220768,0.409915441274643,0.0412684020896753,-0.9681955854098,-0.208620522419612,-0.0774434129397074,0.114356038471063,-52.9833171597301,-61.9572610303054,-35.8993624972709,-84.9738780852486,-58.8727506300292,-40.366603765069,-121.334051877367,-113.336013659098,-64.8411902405867
29-Jan-2025 06:17:22,338,27,0.0145941914990544,0.388699465990067,0.0614713527262211,-0.981070629755656,0.0794607142607371,-0.133151909708977,-0.116004297633966,-96.3526431889167,-63.6794529899208,-36.8048330851668,-60.564519880942,-51.0855880358241,-30.3626577054848,-63.5253562321426,-80.3146962236782,-43.4861729872334
29-Jan-2025 06:17:58,234,28,0.0353470462063948,0.393975802262624,0.0766461819410324,-0.985797007878621,-0.0730468571186066,-0.115802529950937,-0.0972535317142804,-84.1749935778238,-82.7805931987273,-51.0610532986024,-53.8020014438244,-52.6990576455806,-35.1226729341107,-88.5579885973857,-98.8225925505219,-55.6014046878217
29-Jan-2025 06:18:40,288,29,0.0564613143603007,0.38990852634112,0.0550700133045514,-0.975805679957072,-0.123066372672717,-0.147785349686941,-0.104007157683373,-75.098609691906,-56.95562372478,-30.0041407280699,-42.9420360472328,-50.8700226876662,-34.5000427789525,-92.057507323389,-98.0136669421211,-54.6803307641295
29-Jan-2025 06:19:23,138,30,0.0669999778270721,0.392259305715561,0.039315602183342,-0.975856852531433,-0.182656920949618,-0.0987434640526772,0.0677466770013173,-44.6371422432175,-54.2879875150227,-29.1627494065197,-63.7712724412216,-54.6116892437819,-36.731460419018,-101.779495272273,-102.496304547005,-57.7779847069336
29-Jan-2025 06:20:22,4,31,-0.0629918744166692,0.404261070489883,0.0605935648083687,-0.978824011484782,0.16681195696195,-0.0845759004354477,-0.0832123026251793,-107.597404845646,-119.091659737417,-64.3282588808289,-81.8636893838337,-92.1969796529414,-55.7843577760491,-56.9628937985495,-46.3022240286684,-33.8640719893938
29-Jan-2025 06:21:12,77,32,-0.0443900148073832,0.421095164616903,0.000589758801894883,-0.957556629180908,0.284856694936752,-0.0431571731964747,0.00891473436107238,-122.179201591053,-84.4842671349757,-48.7737331623218,-123.959188976563,-116.169804634006,-68.1182302439646,-57.6629902994196,-26.6798886093525,-39.299301951708
29-Jan-2025 06:21:43,203,33,0.108580122391383,0.41834644873937,0.0525714399913947,-0.912927071253459,-0.362846889098485,-0.183914304773013,-0.0328916197021802,-51.3704841495714,-31.2962372392361,-20.1043265885167,-24.2997432368715,-24.4242281357137,-19.019195066218,-147.235621728297,-125.718097942299,-77.7041285368752
29-Jan-2025 06:22:35,10,34,0.0162956923246384,0.398757700125376,-0.0190893137206634,-0.981797858079274,-0.0243217082073291,-0.114888494213422,0.149271876613299,-53.0885950325695,-52.7211606978652,-31.3970687248129,-92.2985376306029,-112.360463033607,-65.429665270814,-83.3726886486206,-90.8428998191835,-53.5523666546139
29-Jan-2025 06:23:24,221,35,-0.0212543535977602,0.375173266728719,0.0177227972696225,-0.96310582558314,0.226392116149267,-0.076869693895181,0.123551060259342,-60.9166724007036,-47.120530292377,-22.8936479441025,-90.6895019681633,-60.349330595094,-36.902029647925,-24.6647556502574,-39.0141898830453,-22.9751844947359
29-Jan-2025 06:24:10,111,36,-0.0130954703936974,0.387532043457031,-0.00837477513899406,-0.947827474276225,0.0673704241712888,-0.117604018251101,0.288537061214447,-34.937219464008,-49.9963575381105,-25.4330840467552,-109.71620631172,-82.1461053414397,-47.4549575880504,-61.5780482463941,-43.807606411494,-28.5310544318243
29-Jan-2025 06:25:28,279,37,-0.0122498514751593,0.438201127449671,0.11478759398063,-0.917756585280101,0.0972405915458997,-0.129314030210177,-0.362691410382589,-173.545783171521,-135.130962234171,-74.8859643662394,-64.9055612192893,-68.3586060747193,-10.048294969727,-104.798497129656,-104.345498870873,-60.6393982295069
29-Jan-2025 06:26:30,353,38,0.0347835570573807,0.392326408624649,0.0234457450608412,-0.979566009839376,0.0874593451619148,-0.0719053005178769,0.166225678722064,-58.4789209255132,-54.0931522459641,-30.5455396167086,-99.590971057561,-63.2304545445601,-35.0259539710123,-63.8519939980193,-94.0002016669176,-50.6971396703723
29-Jan-2025 06:27:29,10,39,0.0293926810224851,0.422286734978358,-0.0350146765510241,-0.979928561051687,0.0135963837926586,-0.104962532222271,0.168932079275449,-70.8511575059361,-58.4680436117291,-40.8006503016021,-114.216432293642,-141.058343444502,-77.5516906838901,-95.3545834122879,-123.111107891361,-68.5712126837399
29-Jan-2025 06:28:26,137,40,-0.000360971528183048,0.381891936063766,0.0930851340293884,-0.980828678607941,0.067355499168237,-0.113625240822633,-0.143274966875712,-87.1554652040459,-94.8367255711772,-58.7484486146042,-41.0147132582379,-47.5389850975348,-32.7900324741323,-53.0818654784078,-80.6146963257828,-43.324441683796
29-Jan-2025 06:29:24,169,41,-0.0414049337307612,0.404983393351237,-0.0308025730152925,-0.980286804835002,0.190747179587682,-0.0349596336483955,0.0378311775624752,-90.0040123532425,-61.8754297520788,-34.1983488425242,-96.8416091133712,-129.573218936957,-73.2299793465369,-50.0349416102183,-49.5802785681696,-34.7692696672422
29-Jan-2025 06:30:37,33,42,0.0249833934009075,0.393980381886164,0.0757492403189341,-0.964982183774312,-0.238968308766683,-0.0793934350212415,-0.0734863355755806,-68.3299024177841,-85.8297387538757,-49.500276322196,-40.3590250199046,-56.1262341054086,-36.3399008171475,-115.408756307876,-72.8957666629395,-45.5300310557922
29-Jan-2025 06:31:21,32,43,-0.0421529789765676,0.414394629001617,-0.002236290431271,-0.96645161708196,0.252280463774999,-0.0401967542866866,-0.0266475861271222,-118.196245170409,-74.0141720647379,-42.11080678182,-108.529422646086,-115.958310803938,-67.6410734244111,-55.8392264765749,-54.8136038510874,-37.2838856352547
29-Jan-2025 06:32:04,29,44,-0.0245249566932519,0.394204686085383,0.00953909556070964,-0.972568885485331,0.214985789855321,-0.072461910545826,0.0513827425738176,-88.3085326001736,-60.1497635139838,-32.2952393773544,-98.4000512043744,-88.4922655173693,-51.5580978789415,-46.4679100518358,-48.3917000891958,-29.6278817158186
29-Jan-2025 06:32:44,361,45,-0.0392151474952698,0.410514752070109,0.114783137043317,-0.927669278780619,0.18248903354009,-0.108958730101585,-0.307010557254155,-142.016382993757,-124.894322037698,-62.9161904589576,-49.4330415369858,-11.3568668398451,-9.33077547337705,-57.101676888591,-66.1808738128494,-35.6902959426905
29-Jan-2025 06:33:30,388,46,-0.057612669467926,0.407785771290461,0.0994923964142799,-0.975815176963806,0.156724692384402,-0.120441422859828,-0.0933596154054006,-110.984695114036,-135.448002040988,-72.4483623730012,-79.4952435877456,-62.3799404033966,-43.3934967242771,-59.227845768541,-50.0916794407492,-31.8856084416886
29-Jan-2025 06:34:11,157,47,0.00197941454437872,0.387498758236567,0.0783004527290662,-0.957604014873505,0.115262079238892,-0.134578709801038,-0.227151534954707,-111.488058073685,-80.5950409150797,-44.598345453825,-41.3214716355473,-49.7216143366018,-32.7512236130201,-54.8732228902498,-69.8385220148464,-40.6902822588397
29-Jan-2025 06:35:12,126,48,-0.0563946440815926,0.392246156930923,0.0114878728985786,-0.980537494023641,0.12339618007342,-0.122412127753099,0.0912959838906924,-68.4714250336138,-99.7575350212599,-51.2854117521176,-86.8783608952819,-111.68702518415,-61.6699614211782,-50.855770071525,-37.7155608588754,-30.2620153692188
29-Jan-2025 06:35:50,222,49,-0.00857589816053708,0.402476423978806,0.0217600037654241,-0.986449758211772,-0.0765258267521858,-0.129065281152725,0.0663540457685789,-73.9242330349928,-79.425453739826,-42.8225680505605,-86.8427550647023,-92.6580001691811,-53.8612524224445,-101.832961776235,-53.7228967357555,-36.0950774683996
29-Jan-2025 06:36:49,317,50,-0.00958906468003988,0.381672314802806,-0.00437112127741178,-0.987702600161235,0.1228620916605,-0.0811913932363192,0.0525021669765313,-64.347193754873,-50.5793017851196,-32.136238211762,-75.194175379964,-98.6457264383769,-57.5556649803929,-44.779876435524,-61.0208381372333,-35.7313929184845
29-Jan-2025 06:37:33,320,51,0.00141393416561186,0.399528857072194,0.0981213907400767,-0.970928347110748,-0.0247859202325344,-0.102705417573452,-0.214791511495908,-108.771304216123,-103.377070369493,-60.0548125857675,-41.6545654052797,-15.4653924819043,-14.2045897263728,-87.4427841301686,-78.1267252380656,-47.4793258561145
29-Jan-2025 06:38:19,346,52,-0.00983504578471184,0.381338147322337,0.0478310485680898,-0.98747429450353,-0.0142262928187847,-0.119466195007165,0.102078501880169,-52.9090604883728,-69.7519945822562,-41.9789871625596,-75.6026091856975,-52.6877483486657,-28.862180951363,-73.23501478957,-42.7140793182173,-25.8598650192986
29-Jan-2025 06:38:55,320,53,0.0242624289045731,0.390635208288829,0.0736796269814173,-0.961170065402985,-0.0568943155308564,-0.135438052813212,-0.233605883518855,-102.127949045831,-68.7016364430392,-38.5731409590859,-30.1607346015557,-24.4666612065786,-14.2383206570535,-86.7842001185199,-74.0925119441031,-41.1309890247251
29-Jan-2025 06:39:43,3,54,-0.0441989021996657,0.420964676141739,0.0596993111073971,-0.933264895280202,0.324718064069748,-0.147845049699148,-0.0414328873157501,-138.035390027029,-108.553997834334,-60.8245481505981,-119.417244685109,-75.4387196005963,-45.7832515552267,-53.3611170010232,-33.1754980285532,-38.1039959759892
29-Jan-2025 06:40:33,368,55,-0.0270891870061556,0.428403013944626,-0.00740444380789995,-0.960603912671407,0.224051274855932,-0.0714508682489395,0.148107906182607,-111.213201807906,-81.0098836170466,-48.2558105051233,-144.11408840724,-115.79793429668,-69.1830159690876,-80.2648096521265,-64.5003295292288,-41.447874896083
29-Jan-2025 06:41:19,8,56,-0.0219933494925499,0.396384008725484,0.0134709330275655,-0.991457347075144,0.0905374964078267,-0.0874870156248411,-0.0340781251589457,-94.8792385729901,-63.5418694496397,-36.5980064457495,-80.0277270826252,-98.7746066168208,-55.3434739548127,-68.7495756098394,-49.7902331504495,-31.308101584317
29-Jan-2025 06:42:10,12,57,-0.036062025030454,0.395794681708018,0.101467968523502,-0.945031046867371,0.159668669104576,-0.0935948302348455,-0.269559381405512,-124.558420615685,-104.486434620388,-58.100645684945,-43.6142516592191,-52.3968565945542,-35.9204149981632,-49.835899881832,-53.1504574743694,-32.7756063267453
29-Jan-2025 06:42:47,285,58,0.00516607680668434,0.378621351718903,0.0441562655071418,-0.983605579535166,-0.0683126181364059,-0.10260906269153,0.13162382543087,-42.3953111559291,-62.5176167000205,-36.9479397971041,-72.5546768190583,-50.1766244965204,-27.6847317218201,-77.7889850483511,-48.1683885815475,-29.4572929160003
29-Jan-2025 06:43:39,216,59,-0.0442865210274855,0.392647471030553,0.0982202043135961,-0.938756601015727,0.141694650053978,-0.0787581895788511,-0.304065483808517,-125.22193053234,-99.6297734203687,-58.1830454837973,-35.6968608266101,-50.5598363136269,-33.039229807058,-49.8380466623036,-41.3840510974831,-24.5896604821486
29-Jan-2025 06:44:33,210,60,-0.0158996234337489,0.382305157184601,-0.0103497064982851,-0.975719126065572,0.0147520648936431,-0.128643801808357,0.176650535066922,-42.1265739233503,-53.3408819131675,-28.7209950764429,-83.7479107317001,-91.2232408985337,-54.0702598708409,-64.2939321526024,-39.6085826127015,-27.8320760768354
29-Jan-2025 06:45:16,201,61,-0.0494200979669889,0.388264360030492,0.100716396669547,-0.951482260227203,0.149774678548177,-0.0721382096409798,-0.258930802345276,-114.736795174945,-105.622866373072,-53.6182896329411,-36.2644250617648,-47.5021003094389,-33.0869581153808,-41.7136022364426,-35.7065688653144,-23.1112487751031
29-Jan-2025 06:45:55,27,62,-0.0223372700313727,0.375101582209269,0.0360975039501985,-0.971021727720896,0.186540223161379,-0.0830873861908913,-0.12416148831447,-93.5034393482038,-56.6689016642552,-26.5268253287387,-54.2492703973412,-58.1280718704604,-38.0834450523679,-32.5653201766944,-35.1176728740223,-21.7642574523706
29-Jan-2025 06:46:34,93,63,-0.0399084734419982,0.399770947297414,0.0574037621418635,-0.957040294011434,0.236533695459366,-0.149009763201078,0.0769537329673767,-95.9404503927064,-100.225692275816,-54.7601329011463,-106.466214240819,-64.5633594698929,-37.9174926718466,-45.5960571058464,-45.007647508325,-30.4951263475028
29-Jan-2025 06:47:35,47,64,0.00388071499764919,0.395955729484558,-0.013962692891558,-0.942297617594401,0.172754011551539,-0.0577512053151925,0.280884462594986,-48.5237419269564,-50.4938064469466,2.66509255656786,-122.942589651835,-89.124175091025,-49.2068637157015,-50.2550343814235,-72.2876822876992,-38.8913458495881
29-Jan-2025 06:48:38,396,65,-0.0510285226007303,0.394415259361267,0.103335178891818,-0.961940956115723,0.174624568223953,-0.11460458834966,-0.176186489065488,-109.07182766749,-122.307244182103,-53.4154584039982,-54.228650821224,-48.2612273744011,-34.470844838661,-42.161062413125,-39.4962840451434,-27.827221149136
29-Jan-2025 06:49:32,29,66,0.0285047568380833,0.42384650905927,-0.0191289321829875,-0.95741005341212,0.090743721028169,-0.0395750639339288,0.271229457855225,-67.0439154315151,-22.8918555562769,-39.2147692275822,-140.488128608979,-115.12231508153,-67.931705272864,-89.3865454861211,-113.675616254879,-65.1777635544201
29-Jan-2025 06:50:11,25,67,0.0500094917913278,0.40885796546936,0.0512216483553251,-0.958952577908834,-0.197911614179611,-0.154830489555995,-0.131409688790639,-93.1393329590317,-14.811718375474,-37.1368589721926,-51.7280801479497,-74.9371897379284,-44.137956658146,-123.820357085203,-101.373338075101,-57.0157183815023
29-Jan-2025 06:51:17,265,68,0.0329819438358148,0.404509454965591,0.0602958122889201,-0.944329229990641,-0.256525355577469,-0.133193330963453,-0.157151632507642,-91.4227616667303,-56.1434852728472,-41.5059650314587,-41.148655367658,-65.0919403138156,-37.2993824177041,-130.846642972513,-79.630759201681,-45.1486193463517
29-Jan-2025 06:51:51,138,69,-0.014507546586295,0.421310822168986,0.102868640422821,-0.977627813816071,0.109052341183027,-0.12567150692145,-0.128678417205811,-127.380954344166,-129.493779520189,-76.3069767399842,-87.4130240521235,-65.9758166146149,-31.0575990834759,-85.4235553680067,-99.3366220299952,-55.4903992408532
29-Jan-2025 06:52:21,52,70,-0.0249608352780342,0.380380241076152,0.0957117795944214,-0.984487597147624,-0.0763714239001274,-0.0534328746298949,-0.148648889859517,-75.1300877327703,-92.8402973658414,-50.8438003105338,6.02583394596515,-13.4990783179777,-4.4655015481401,-73.6300373670935,-24.8617261601504,-14.0230079013994
29-Jan-2025 06:53:11,255,71,0.0121743106593688,0.378496662775675,0.0439123898744583,-0.990578361352285,0.0665466104944547,-0.111276000241439,-0.044087948401769,-76.8772869524736,-52.7917124003453,-26.5157133662347,-61.9860603870492,-46.0675653204136,-26.9248040704367,-58.729863039598,-62.4168220147487,-34.9750073410202
29-Jan-2025 06:53:55,299,72,-0.023864014322559,0.38386679093043,-0.0212624770899614,-0.954152810573578,0.106807497143745,-0.113588662445545,0.25550386706988,-36.6645239993817,-23.7058718459795,-27.4391427309283,-101.697072277146,-91.1295112537823,-52.7615534203124,-48.5777550045041,-39.9152989889565,-26.6422184569369
29-Jan-2025 06:54:31,323,73,0.0244674183428287,0.408419412374496,0.0429464293022951,-0.984893476963043,0.123309178650379,-0.116497810184956,-0.0347563914954662,-108.104435084166,-41.184780757424,-39.4310223606835,-96.8581758057395,-76.1342020712172,-43.7860373737202,-76.8752683149613,-97.3433326788439,-56.5719719693816
29-Jan-2025 06:55:16,108,74,0.0475329145789146,0.38334493637085,0.0722835570573807,-0.981986526648204,-0.0260439163694779,-0.136148386200269,-0.128404931227366,-77.5318858318972,-54.8888498033109,-43.937682138377,-40.1079214456388,-44.3428986835572,-6.49236761996871,-72.2701785235821,-96.7242990848705,-54.4362361738789
29-Jan-2025 06:56:08,174,75,-0.0510611660778523,0.400787210464478,0.0583602868020534,-0.963986480236053,0.187796646356583,-0.165703764557838,0.0894692962368329,-87.7348033705144,-111.68160454457,-64.259341192158,-105.148884836406,-74.1674925192135,-41.5661245636126,-52.3661063665989,-46.431376364817,-33.1746343703702
29-Jan-2025 06:57:10,161,76,-0.0200954806059599,0.348983003695806,-0.00690875134120385,-0.971272480487823,0.0856256117423375,-0.136368922392527,0.175218691428502,-11.116731692602,-32.358907101935,-14.7322456919745,-58.346485727168,-64.8826314126134,-34.388536402779,-17.979670995586,-17.266504967631,-15.6062408295952
29-Jan-2025 06:57:57,244,77,-0.0302313581109047,0.403704347213109,0.0939691185951233,-0.940079200267792,0.141721426447233,-0.113056228061517,-0.288763638337453,-134.972576880364,-104.153326532401,-59.1487262673877,-54.3505401083115,-55.8214153097453,-37.1299937971909,-64.7024173785795,-57.8322123256015,-36.3732598371024
29-Jan-2025 06:58:27,309,78,0.0241844275345405,0.360065501928329,0.0577989141146342,-0.971259303887685,-0.0889051968852679,-0.12821003695329,-0.179759404063225,-62.6264457512121,-29.5687851969567,-17.254782136797,10.3013244168712,-12.2889700709168,-9.95099500774119,-63.1064437119474,-47.6591093096735,-24.2799821004406
29-Jan-2025 06:59:17,377,79,0.0468662969768047,0.402950563033422,0.078102974096934,-0.973686786492666,-0.0492212153971195,-0.153271532058716,-0.161304680506388,-101.960128407426,-86.2182166979861,-50.4613354834758,-52.1778747439361,-8.95714077056283,-40.7363666001451,-94.1144024770442,-114.255693629708,-60.5450854737073
29-Jan-2025 07:00:22,53,80,-0.0436584681272507,0.410713370641073,-0.0275336386015018,-0.972908941904704,0.21679732700189,-0.0443504763146242,0.06693388124307,-97.4183762886476,-65.3349544282522,-38.5523579995425,-111.14616128132,-123.638494333678,-82.1194213558445,-54.2498830093149,-54.2657260109617,-33.4502421238102
29-Jan-2025 07:01:16,103,81,-0.00347409256113072,0.41428298552831,0.0815686543782552,-0.988864942391713,-0.0295897922168175,-0.0897481540838877,-0.114960261185964,-113.369614902243,-112.634460787027,-63.7526036549055,-78.9457847518868,-70.2500829213342,-47.218070287252,-105.425884076607,-81.4892109171344,-49.9337204571436
29-Jan-2025 07:02:03,152,82,0.0221978695442279,0.40008406440417,0.0231863041718801,-0.956633325417837,-0.0907969648639361,-0.0903243164221446,0.26162978609403,-40.4654318005526,-63.8205871009493,-32.4996815454226,-109.331950801969,-63.3662873867751,-38.1638683343304,-102.068247936881,-69.7958703474561,-40.8641866079962
29-Jan-2025 07:02:45,398,83,-0.00201228411557774,0.406658361355464,0.0520223468542099,-0.984612150986989,0.0131691986694932,-0.112099174658457,-0.133413888017337,-114.758136310154,-71.8578020511809,-38.7302210109684,-76.6430585447776,-65.649920381614,-40.4844573625808,-95.8230819394519,-63.1080527859427,-39.1062706687375
29-Jan-2025 07:03:27,137,84,-0.0218752350658178,0.40678918560346,0.0821387643615405,-0.961307366689046,-0.0355047566195329,-0.0671484390894572,-0.264799392223358,-125.689252859346,-97.7575867791436,-55.2406372964309,-49.5290891845452,-65.8430305708983,-41.7874566489048,-98.6835760793687,-55.8599821545424,-32.8422897000523
29-Jan-2025 07:04:49,360,85,0.0831073860327403,0.447624264160792,0.0588430595894655,-0.907233917713165,-0.246582664052645,-0.247276423374812,-0.234473888079325,-130.072401962176,-82.6848456568376,-44.3091018970303,-64.8317148157498,-75.6011037690543,-56.5692885448355,-169.734883429345,-140.620586363465,-81.0271921790331
29-Jan-2025 07:05:27,95,86,0.0253048835943143,0.432234340906143,-0.033811986943086,-0.955087514718374,-0.149989152948062,-0.202616926034292,0.15574743449688,-62.7114851058614,-29.1603757587213,-20.0067378831883,-115.397276316877,-137.117876211218,-79.8615257686837,-132.525734282004,-109.941173448616,-62.7347392632082
29-Jan-2025 07:06:13,89,87,0.0978510692715645,0.424313324689865,0.0486885684231917,-0.926132424672445,-0.320305248101552,-0.197850466767947,-0.0232062398145596,-67.099288620616,-65.0974622182108,-32.7139933106712,-65.4535693940807,-70.4565472066922,-47.6690634979342,-149.83739577978,-132.477972537827,-80.0605423087435
29-Jan-2025 07:07:05,397,88,0.066074733932813,0.393355458974838,0.0604097180068493,-0.963708464304606,-0.224564131100972,-0.142715111374855,-0.0216649296383063,-53.3816851907778,-63.906279651997,-32.1922623490284,-47.1973185250531,-51.4081694751441,-34.5184799705114,-109.503286026257,-107.096012513589,-60.8402682696848
29-Jan-2025 07:07:51,381,89,-0.00744719309732318,0.386455368995667,0.0143802781278888,-0.979385586579641,-0.00646582695965966,-0.120426849027475,0.162047778566678,-49.3382058692033,-54.7075575782466,-27.9445285169526,-89.3688724505247,-70.4279523051949,-43.8798710987804,-77.5586564470707,-50.9317265722039,-29.7706753295897
29-Jan-2025 07:08:44,256,90,-0.0271964501589537,0.403512952725093,0.00751520212118824,-0.916720163822174,0.254130599896113,-0.0988146568338076,0.292023038864136,-65.9310662948906,-65.5653657382489,-36.1032050738259,-138.970224760374,-78.8213447889149,-45.4937760717344,-46.1888753846971,-53.6900998939434,-33.4100958802301
29-Jan-2025 07:09:18,202,91,-0.016874239842097,0.408451082309087,-0.00994464134176572,-0.972806322574616,0.0313187472522259,-0.131419497728348,0.188138126333555,-67.4061861721641,-63.3936314865901,-36.6380946988809,-115.497080060333,-110.065902566117,-63.8305298383306,-88.6233365436505,-45.8551541866036,-39.016110483894
29-Jan-2025 07:10:00,144,92,-0.0408468477427959,0.402765472730001,0.0563966177403927,-0.952345601717631,0.244367209076881,-0.142189418276151,0.114475861688455,-93.347559430634,-95.5619098217957,-54.8278005686643,-117.433802654465,-67.5754847642663,-41.0002467031414,-47.4304040661987,-49.9136982451635,-31.3148145685793
29-Jan-2025 07:10:53,308,93,-0.0649090851346652,0.414975142478943,0.0778514216343562,-0.964804108937581,0.219944251577059,-0.13940485616525,-0.0366589556137721,-116.937779183889,-129.962819895808,-71.1877717337133,-102.585586675346,-88.1228344888854,-48.5506172252718,-57.1361795159857,-49.2865975767022,-34.7802130390039
29-Jan-2025 07:11:26,314,94,-0.0439654933909575,0.428713721036911,0.069482795894146,-0.976971574624379,0.141697173317273,-0.14160530269146,0.0734604001045227,-114.577630955639,-134.589689704466,-75.1597723857616,-129.576013475984,-82.2637684198708,-54.5507397043725,-91.4032242251335,-40.6856909018709,-41.3855417876137
29-Jan-2025 07:12:09,12,95,0.00973217748105526,0.426093147198359,0.0279571145772934,-0.967467482884725,0.0430901207029819,-0.108449263374011,0.224474264184634,-88.5510090445576,-88.8599584897651,-48.1841399560974,-141.308998929881,-83.2508437432822,-49.2065554267088,-109.513428050196,-78.3404206445632,-54.2007480057993
29-Jan-2025 07:12:46,21,96,0.0872351904710134,0.397983409961065,0.0540738984942436,-0.938433094819387,-0.320495891571045,-0.128819454709689,0.00558533019696673,-20.3198719213394,-13.9867535911884,-7.55561710825593,-30.6671030829467,-7.02337215285487,-6.62492167441428,-125.533551089606,-102.785026486862,-58.2304346129724
29-Jan-2025 07:13:59,130,97,0.0857624227801959,0.428749402364095,0.0433105314771334,-0.930796241760254,-0.339665897687276,-0.0965915520985921,0.0944221238295237,-57.9185410897059,-71.0150392286825,-36.0108060139801,-88.8280858715989,-68.6921845282206,-47.824885169811,-160.766794989823,-127.087668022266,-74.3849535099402
29-Jan-2025 07:14:38,320,98,0.0836491987109184,0.428548534711202,0.0562469666202863,-0.931309366226196,-0.293873469034831,-0.185922330617905,-0.108324348926544,-92.5973705151102,-44.9584482211032,-36.590960171047,-62.3824794681051,-68.5610087208738,-48.0550025373621,-155.128188286081,-129.631611262412,-78.7714508120137
29-Jan-2025 07:15:32,253,99,0.0196737875541051,0.383570694923401,0.00594670154775182,-0.965370297431946,0.108506906032562,-0.0497972051302592,0.231962740421295,-38.7068782565295,-44.55893700745,-24.571685636322,-101.787266219943,-65.481930413499,-40.3020722609604,-51.4834152798687,-78.9885324284572,-45.7209304777102
29-Jan-2025 07:16:34,394,100,-0.00495053855702281,0.429104520877202,-0.0176583179583152,-0.920786130428314,0.00352977309376001,-0.119181746244431,0.371397632360458,-57.4524086326713,-73.2753697431875,-40.9466946555078,-155.737730623816,-114.35703202077,-65.3219796185051,-111.866481739693,-78.1441043706864,-48.4607781054282
