date and time,Trajectory,Waypoint,x_end_avg,y_end_avg,z_end_avg,qx_end_avg,qy_end_avg,qz_end_avg,qw_end_avg,l0,l1,l2,l3,l4,l5,l6,l7,l8
30-Jan-2025 11:14:08,69,1,0.00153281211387366,0.321398137013117,0.041182242333889,0.001529668419001,-0.00780821703374386,-0.00252598834534486,0.999965182940165,-5.55000000000001,-11.25,-4.65000000000001,-5.17500000000001,-11.4,-4.80000000000001,-5.25000000000001,-7.05000000000001,-5.40000000000001
30-Jan-2025 11:14:40,69,2,0.00175627660161505,0.327061951160431,0.0452340294917425,-0.0189188168694576,-0.00579324296365182,0.0158566595365604,0.999678532282511,-11.6977785634914,-19.3890938085118,-7.35397156435341,-6.86948660389168,-13.8692761456368,-6.95656568738216,-13.7110603365511,-10.6794749628879,-7.83665966511747
30-Jan-2025 11:15:10,69,3,0.00454686706264814,0.332247511545817,0.0465055053432782,-0.0362683194379012,-0.00522217067579428,0.0441383838653564,0.99835323492686,-16.9080571269828,-20.2531876170236,-9.08294312870682,-8.28272320778335,-13.9760522912737,-8.2131313747643,-22.3971206731021,-12.9214499257758,-9.52331933023492
30-Jan-2025 11:15:43,69,4,0.00338417643991609,0.337189551194509,0.0483198123673598,-0.0735258887211482,-0.00718571354324619,0.0456439763307571,0.996222364902496,-26.3745856904742,-22.7297814255354,-10.6244146930602,-8.35533481167501,-19.6515784369106,-9.76969706214643,-29.6206810096531,-15.5196748886638,-10.6849789953524
30-Jan-2025 11:16:18,69,5,0.00403007195952038,0.341595699389776,0.0498546987771988,-0.0962658658623695,-0.00672057528669635,0.0627691974242528,0.993351809183757,-33.3942392539656,-26.3126252340473,-12.5971362574136,-8.65763391556667,-21.8864795825474,-11.1012627495285,-37.5379913462042,-17.4710248515517,-11.5841386604698
30-Jan-2025 11:16:52,69,6,0.00561091840888063,0.345484725634257,0.0509351901710033,-0.108532948295275,-0.00527392150834203,0.0889088973402977,0.990094963709513,-36.9404553174571,-30.2235940425591,-13.285482821767,-9.14977676945833,-23.0010682281843,-12.8453284369107,-45.8021766827552,-19.1739373144396,-12.8020483255872
30-Jan-2025 11:17:28,69,7,0.00719642400120695,0.349373398224513,0.0518728541831176,-0.130020500222842,-0.0051915083390971,0.110990054905415,0.985265942414602,-41.1499526309485,-32.2736253510709,-14.5316418861204,-8.76184149834999,-25.2805006238212,-14.7956441242928,-53.0397995193062,-21.8026310273275,-13.9543329907047
30-Jan-2025 11:18:04,69,8,0.00840926431119442,0.353250461816788,0.0518994857867559,-0.131636992096901,-0.00688855219632387,0.107844973603884,0.985390174388886,-45.2737405382593,-33.6406320220318,-16.8701703510575,-11.8521608295772,-27.7647362933885,-16.6375136510332,-56.5034212604095,-25.1372741576637,-17.5350781228295
30-Jan-2025 11:18:40,69,9,0.0082010796914498,0.356420783201853,0.0538204068938891,-0.137518520156542,-0.00673903121302525,0.0955929974714915,0.985852563381195,-49.9758487580701,-36.3424043179927,-18.9356519409947,-15.3224606295545,-29.977682900456,-17.2559456777736,-57.7604023765128,-28.1783626005,-19.8619170049544
30-Jan-2025 11:19:16,69,10,0.00975580451389154,0.359218436479568,0.054983485241731,-0.142228898406029,-0.00848028988887866,0.0866299733519554,0.985999139149984,-54.1421171341309,-38.2115594264535,-21.0146100934319,-17.5577506639067,-31.6799849762735,-18.612658954514,-59.939063180116,-32.4976736995862,-22.5368027620792
30-Jan-2025 11:19:52,69,11,0.0117628249029318,0.361727811892827,0.056893249352773,-0.14489747385184,-0.0101268128802379,0.0732128163178762,0.986682367324829,-58.3404655883166,-40.7144059411644,-23.100306527119,-19.8505358154465,-33.2769647864662,-19.5885128562544,-60.2535638274693,-37.5310961267975,-25.5357119567041
30-Jan-2025 11:20:29,69,12,0.0133488619079192,0.364429718255997,0.0591527459522088,-0.146636052926381,-0.0110677974919478,0.0712450757622719,0.98655944665273,-61.6548540815649,-43.6090981590003,-26.0143721014312,-22.17206852558,-35.6462834638463,-20.5239370704948,-62.7859843966975,-43.5215742180712,-28.5466328700789
30-Jan-2025 11:21:08,69,13,0.0144350357353687,0.367321242888768,0.0606627342601617,-0.155336005489031,-0.0139309213186304,0.0581172816455364,0.986052258809408,-65.8772625943445,-47.2247132283987,-28.5926222460559,-24.3579750150104,-38.4767715748203,-22.1891464409852,-63.8773649268632,-49.3905801413761,-31.1885596428288
30-Jan-2025 11:21:46,69,14,0.0168284674485524,0.369788744052251,0.064855782687664,-0.156320654352506,-0.0165527718762557,0.0479820797840754,0.986401359240214,-68.2286811168896,-51.9507897235783,-30.9279646758368,-26.7010683940892,-37.787844402591,-23.1692483896006,-64.4732254374977,-56.1738499806967,-34.3209893452661
30-Jan-2025 11:22:26,69,15,0.0189006029317776,0.372317407528559,0.0670651271939278,-0.159147968888283,-0.0220464677860339,0.0242406364530325,0.986710866292318,-73.3946046443176,-56.0320969316485,-33.8918532481958,-29.1977552179922,-39.8392095887602,-25.3817966272786,-62.3463259383666,-62.4392517780251,-37.3986705125472
30-Jan-2025 11:23:06,69,16,0.0217282777031263,0.374814031521479,0.0709497263034185,-0.161767211556435,-0.0284572552889585,0.00728582705681523,0.986391675472259,-76.817780674187,-60.316019496164,-36.1200148918439,-31.6212387643074,-40.7107209541286,-26.6355680094879,-60.2080464343528,-69.1207195543574,-40.4489774122502
30-Jan-2025 11:23:48,69,17,0.0229032170027494,0.377437482277552,0.0757693474491437,-0.162280581394831,-0.0333172214527925,-0.00364926983602345,0.986175294717153,-79.6695829552771,-66.9512497389022,-39.1803130711365,-34.0831206718286,-41.5923054090966,-28.4599509639628,-60.6140769278974,-75.9352203201917,-45.3605971781641
30-Jan-2025 11:24:30,69,18,0.0257557223240534,0.380067400137583,0.0781676655014356,-0.161504719654719,-0.0371650107204914,-0.00508009356757005,0.986158812046051,-82.2356983619775,-71.3871338207518,-43.4816795182514,-36.2642017599528,-42.3289264088644,-29.6696397045706,-62.5172624202214,-82.5912375807769,-48.5778733771834
30-Jan-2025 11:24:58,69,19,0.0308009342600902,0.381759701172511,0.0832824895779292,-0.178945779800415,-0.0452818910280863,-0.00181214921176434,0.982814693450928,-84.7802934305688,-72.6632752116015,-40.2533486932853,-29.1430743717416,-17.7660996738871,-13.3508017339583,-64.1171601087392,-84.8173802515109,-51.3274647734278
30-Jan-2025 11:25:47,69,20,0.024792926137646,0.384896530707677,0.0820593426624934,-0.171874511241913,-0.0445611422260602,-0.0229237475742896,0.983843501408895,-89.0534667805626,-76.8395800622291,-46.8227849352748,-38.301746778681,-43.9045320751109,-31.5282902098792,-64.1788465469518,-86.6289020459326,-51.9284702779485
30-Jan-2025 11:26:17,69,21,0.025119548663497,0.386689251661301,0.0875789637366931,-0.192654706041018,-0.0459505421419938,-0.0146978324279189,0.980079917112986,-92.8409292712578,-78.4909666427456,-43.8911047107421,-25.150319083196,-22.4185940444339,-16.8539419090666,-66.9214273600118,-88.9831134021982,-47.2551828366074
30-Jan-2025 11:27:09,69,22,0.0193993790696065,0.391490230957667,0.0845472936828931,-0.186134328444799,-0.0424534988900026,-0.0297743337849776,0.981155049800873,-98.7105363323036,-83.7548940882066,-50.4588662529483,-43.1438413364985,-47.3204707978077,-34.8036752198874,-70.0294553604955,-90.7086695393857,-48.7197489223354
30-Jan-2025 11:27:41,69,23,0.0166740767657757,0.391809723774592,0.095570869743824,-0.18888020614783,-0.0419054205218951,-0.0388785049319267,0.980334969361623,-96.0875723107711,-89.0790565020363,-53.545386102779,-32.9258324917837,-24.0868065062737,-18.4677802743656,-66.844822823881,-94.0299078712953,-46.4378018300353
30-Jan-2025 11:28:32,69,24,0.0149040838703513,0.394734694560369,0.0942568411429723,-0.170547946294149,-0.0376869400342306,-0.0343270979821682,0.984029869238536,-99.4226444318263,-95.9813541321022,-58.3692663942943,-47.9690611342656,-46.5000959107528,-35.6379057317521,-71.1765520841223,-95.6564823984353,-50.6778181195024
30-Jan-2025 11:29:10,69,25,0.0137102137009303,0.395628603299459,0.10275315841039,-0.171004637082418,-0.0283581830561161,-0.0181919254362583,0.984694023927053,-96.0617346241753,-101.722719370286,-62.4118269066521,-40.5429085203462,-23.7118621632376,-18.6360413905927,-72.2164622427916,-98.3857250231905,-48.0538160998532
30-Jan-2025 11:30:01,69,26,0.00922544294347366,0.399430386225382,0.101330336928368,-0.152000833551089,-0.0235743849227826,-0.0242438140014807,0.987801742553711,-100.227833852171,-108.683618412529,-65.913727529431,-53.4570652782259,-46.4228668397261,-38.3981821501606,-74.0104628506749,-99.7163016967534,-52.1228049256458
30-Jan-2025 11:30:38,69,27,0.0121293147404989,0.400154062112172,0.110704061885675,-0.153849425911903,-0.0207753748943408,-0.00665520510325829,0.98785347143809,-96.6074375979907,-115.429284356802,-67.6452982074206,-48.4913767220053,-23.4834907282156,-19.7673254600918,-75.5815086831652,-101.84754539472,-56.4632891741592
30-Jan-2025 11:31:25,69,28,0.00875838920474052,0.402139413356781,0.108176934719086,-0.140377623836199,-0.0247877550621827,-0.0191885701070229,0.989601703484853,-98.6937936027218,-121.317333752089,-66.3167039130155,-55.5107655087345,-47.7689242227065,-39.0149700452049,-75.616077127959,-103.329122604889,-57.7895211340331
30-Jan-2025 11:32:14,69,29,0.0135268999263644,0.403970811764399,0.108164556324482,-0.14178618590037,-0.0150631492957473,0.00949264684071143,0.989737192789714,-96.6874388620837,-118.897477655345,-68.6046220476999,-55.8811837444971,-49.8031977607616,-22.3687264122471,-81.8923903701907,-104.615801178932,-58.2472377775307
30-Jan-2025 11:33:12,69,30,0.0109618325407306,0.408208539088567,0.10383119781812,-0.149432976047198,-0.00796293380359809,0.0181739427149296,0.988572792212168,-103.195272186173,-123.350717421354,-68.0649989392857,-59.2853713159971,-51.7186737003167,-41.7796080980849,-88.8720842654982,-104.165063131026,-59.0388913488684
30-Jan-2025 11:33:46,69,31,0.0144047949463129,0.408773654699326,0.105773668487867,-0.167194326718648,0.00437757754698396,0.0588304529587428,0.98415740331014,-100.760199542627,-116.99050511874,-62.5866052093222,-49.956443555366,-31.4497508406213,-24.8440524433202,-96.5784684873438,-98.2706167721459,-53.6975133841262
30-Jan-2025 11:34:28,69,32,0.0158255937198798,0.412310936053594,0.0998241504033407,-0.170125116904577,0.015469660051167,0.0918032228946686,0.981014962991079,-104.803673915263,-114.673566781815,-67.2388261685839,-56.9109581286691,-55.2886285813016,-17.4102781182544,-106.523197872458,-102.554316257778,-55.714619651344
30-Jan-2025 11:35:17,69,33,0.0213525827974081,0.416304902235667,0.0958301986257235,-0.178663438558578,0.0162360729028781,0.12350732833147,0.975992691516876,-107.58642179599,-115.803265427734,-67.5813544724583,-58.3571938689393,-57.3814066221694,-43.152394458038,-115.562099839207,-104.877088665666,-59.4609680345418
30-Jan-2025 11:35:58,69,34,0.0286344148218632,0.42000511487325,0.0995774780710538,-0.183541431029638,0.0246084696302811,0.162770642836889,0.96912986834844,-105.913806430762,-111.306282565075,-68.7690364486391,-48.7992901926933,-38.4011348131304,-28.0324561302464,-124.148088096773,-108.244397534682,-59.1969374757295
30-Jan-2025 11:36:51,69,35,0.0312366969883442,0.422247036298116,0.0887629797061284,-0.174136781692505,0.02067025291423,0.193735022346179,0.96525430281957,-106.363509442557,-107.295958948127,-67.454295260973,-60.2893168081889,-62.3593380791389,-43.106490468667,-132.807619499748,-108.458974634263,-60.9777174459123
30-Jan-2025 11:37:24,69,36,0.0396021959682306,0.425367414951324,0.0880337173740069,-0.188156223297119,0.0200560847918193,0.238124640782674,0.952623562018077,-107.199371642863,-103.678964954035,-64.4383424913835,-49.0033085695556,-43.5117788826703,-29.5525111401941,-141.878922475427,-110.622185849125,-56.1309026805927
30-Jan-2025 11:38:14,69,37,0.0379372713466485,0.429127591848373,0.0817723815639814,-0.180153231819471,0.0183112451185783,0.265230635801951,0.947028112411499,-109.953313437425,-108.20863577137,-62.7467839308324,-61.9542829038576,-65.3613384549639,-46.684524978274,-151.306111237459,-110.684714121629,-60.7202905475217
30-Jan-2025 11:39:01,69,38,0.0441947561999162,0.433241575956345,0.0813071697950363,-0.187541868289312,0.0138876462355256,0.303650699059168,0.934040399392446,-111.116295029115,-102.56163899442,-62.7674224748003,-62.4237485246273,-66.9844574116384,-37.9845353996306,-160.986242892666,-111.421900922953,-63.2777797305751
30-Jan-2025 11:39:45,69,39,0.0423908201356729,0.431322687864304,0.0756681144237518,-0.198792828122775,-0.00218879389576614,0.273517421881358,0.941097696622213,-113.536922668248,-100.692271526607,-59.7503184247808,-61.7113417819484,-70.4011290666243,-46.5076079162979,-156.507907991536,-112.522021261363,-64.2302990086406
30-Jan-2025 11:40:26,69,40,0.0462673890093962,0.430674195289612,0.0717180495460828,-0.21236051718394,-0.0246510875721773,0.249268948038419,0.944542388121287,-115.709810256662,-94.2912371602239,-56.036263650891,-61.1410578608863,-70.1861905677053,-45.9101795787844,-152.955308813701,-113.678306231978,-65.3123436157372
30-Jan-2025 11:41:07,69,41,0.0536124455432097,0.42994625767072,0.0682794908682505,-0.22893542945385,-0.0510694496333599,0.219483497738838,0.946999176343282,-118.133827819718,-87.7993693445545,-52.5737335150662,-59.3668353506327,-70.2554469918338,-44.8025008141805,-148.065577497512,-116.062673518696,-66.9091508873493
30-Jan-2025 11:41:47,69,42,0.0554785254100959,0.428861196835836,0.0668979128201803,-0.244293115536372,-0.0700442120432854,0.185807155569394,0.949152465661367,-120.083410370094,-84.2620848042422,-49.6119656982738,-57.2906435457834,-69.1168008774861,-45.0896968360314,-142.432280112147,-118.611081963464,-66.8133394912192
30-Jan-2025 11:42:28,69,43,0.0555327092607816,0.427668637037277,0.0656457463900248,-0.243684037526449,-0.0800121908386548,0.146151859561602,0.95543487071991,-122.02077541413,-81.9770919016084,-46.6755790409976,-58.8884670936362,-66.3242034939002,-44.4243302511097,-136.352199692193,-118.991510987259,-67.896218761218
30-Jan-2025 11:43:10,69,44,0.0577897861599922,0.426818792025248,0.0656470288832982,-0.245787079135577,-0.0905572826663653,0.10743480026722,0.959085957209269,-123.952031704996,-80.9932448178139,-44.6518829634795,-58.57329831784,-64.6546304756953,-44.3326823628017,-129.373727754946,-121.587950300566,-69.4184433642812
30-Jan-2025 11:43:54,69,45,0.0579364309708277,0.425833594799042,0.0678587814172109,-0.24717290798823,-0.09462611079216,0.0752592727541923,0.961398740609487,-126.255233619278,-80.434970643439,-45.9345321758404,-58.7266333802193,-64.2215696401808,-43.5528938228005,-122.696060059051,-123.79239475863,-70.4853406338767
30-Jan-2025 11:44:37,69,46,0.0587667127450307,0.425179598728816,0.071230969329675,-0.256745362281799,-0.107918551067511,0.0434421037634214,0.959452025095622,-128.144408345267,-81.0644829237741,-43.5453540331409,-56.5642203616865,-62.4567648960116,-43.0290349569528,-117.143794483833,-125.725841789072,-71.3995742367382
30-Jan-2025 11:45:22,69,47,0.0596051201224327,0.425047427415848,0.0719472408294678,-0.24530063867569,-0.116456467906634,0.00280783822139104,0.962422815958659,-130.426569477109,-80.3378884314643,-43.9702622129111,-59.1689333026974,-59.5010881975149,-43.0081409281817,-110.129229968953,-127.748790105703,-72.7624760062329
30-Jan-2025 11:46:09,69,48,0.0685415724913279,0.424125812451045,0.0671685338020325,-0.232798328002294,-0.124910941720009,0.0180094664295514,0.964301760991414,-125.714169603011,-76.1178552041077,-40.3706447374717,-57.8556869293717,-60.7136773894291,-43.0592041096537,-110.094275815617,-130.134836695548,-75.0225095320214
30-Jan-2025 11:46:56,69,49,0.0748728240529696,0.422532775004705,0.0638296375672023,-0.21461401283741,-0.119926693538825,0.0404449944694837,0.96846406062444,-118.962516330377,-70.9962952835897,-40.0245488426496,-57.621722045932,-60.6535485927616,-41.7735085003949,-110.293746927365,-131.868258606941,-76.5322100994681
30-Jan-2025 11:47:41,69,50,0.0838394244511922,0.421971070766449,0.0584956156710784,-0.187671373287837,-0.11786263336738,0.058921413620313,0.973353072007497,-111.566236358474,-51.0989720164908,-38.6052137381363,-58.3023979074353,-61.0820608018032,-41.3194334957706,-110.235430671656,-135.225368179107,-78.716744187744
30-Jan-2025 11:48:31,69,51,0.0874511460463206,0.420186618963877,0.055123300353686,-0.152206179499626,-0.111362042526404,0.0772921875119209,0.979008519649506,-103.022643036937,-63.0387670761018,-36.0492590287773,-59.74039414141,-59.8798935136993,-41.5061687934636,-108.998220732218,-136.09432158166,-79.3636950364345
30-Jan-2025 11:49:19,69,52,0.0912258391578992,0.418806111812592,0.055437354495128,-0.11745280722777,-0.0948605438073476,0.0995941067735354,0.98350768884023,-95.5553930405827,-60.3721212990677,-36.7499945169955,-61.2570505616205,-56.7373864770226,-40.0633092423153,-108.296563950915,-138.194196899407,-79.7668542653322
30-Jan-2025 11:50:03,69,53,0.0942823325594266,0.418486547470093,0.0558280582229296,-0.0923798774679502,-0.0837330788373947,0.114511578778426,0.985566775004069,-87.6513147068201,-38.8522551037108,-37.3540751040022,-63.0380370749488,-57.0497095660596,-40.2806522667463,-108.23768374868,-140.98453317475,-81.1731176843336
30-Jan-2025 11:50:57,69,54,0.0963209276398023,0.416640891631444,0.0520017991463343,-0.0598824170728525,-0.0727767700950305,0.129536683360736,0.98708557287852,-79.5288222043532,-60.2557786991931,-34.9848282404033,-64.6511886348361,-56.5394477179534,-40.9530965789671,-106.775191835979,-142.620099928892,-80.3059331983869
30-Jan-2025 11:51:50,69,55,0.100292158623536,0.416301818688711,0.0499729330341021,-0.0308775766442219,-0.0558580140272776,0.150737802187602,0.986511341730754,-71.8221226175342,-59.9209971900949,-34.0539176515016,-66.7054227180029,-56.8928934012756,-41.4030915350827,-107.835894068045,-144.878281922432,-80.852024759966
30-Jan-2025 11:52:39,69,56,0.0949794118603071,0.41292201479276,0.0515082615117232,-0.0340071784953276,-0.0514460869133472,0.171522788206736,0.983248106638591,-69.1299312236621,-60.5133714909059,-33.7890269325292,-63.4869750274743,-53.8848898899773,-39.6689078844591,-109.169756061152,-138.943285928479,-76.7012090931918
30-Jan-2025 11:53:25,69,57,0.0887541661659876,0.409542280435562,0.0522822208702564,-0.0430986344814301,-0.0489385974903901,0.187963818510373,0.980008773008982,-66.841688058702,-59.9836695155714,-33.8462202822311,-60.1912979677657,-52.930313261536,-38.8166118948092,-110.45941659045,-131.701443744375,-72.4537124382992
30-Jan-2025 11:54:07,69,58,0.0845299740632375,0.406451592842738,0.0512810789048672,-0.0512234916289647,-0.0483038559556007,0.210114233692487,0.97513841787974,-64.2304190081978,-58.3679294021642,-31.1394556662701,-57.082006223467,-52.7024500745233,-36.6802597356462,-112.401976387845,-124.706178465196,-68.6828752893473
30-Jan-2025 11:54:50,69,59,0.0796255007386208,0.403754754861196,0.0510914032657941,-0.0541176505386829,-0.043645683179299,0.234508525331815,0.969624729951223,-61.6076370149217,-58.1591702197206,-30.6507120674777,-53.4659071368732,-52.5379436082249,-35.7018794917267,-114.520985819287,-118.434201638479,-65.4503678933657
30-Jan-2025 11:55:31,69,60,0.0743997116883596,0.401508609453837,0.0513863988220692,-0.0589818112552166,-0.0401543396214644,0.250302139918009,0.9655349055926,-59.8790985502595,-57.7539015027591,-30.2959789772696,-51.246404379132,-52.0301155022836,-35.1524852054288,-115.753220067754,-113.873869037994,-62.0370253738694
30-Jan-2025 11:56:09,69,61,0.070997275908788,0.399395046631495,0.0505028262734413,-0.0651375164588292,-0.0386952271064123,0.267824325958888,0.960484246412913,-57.8476818499043,-56.1253780185387,-30.6082511413536,-48.3001997858169,-51.9506265765208,-34.2175838979418,-118.192066724732,-106.494358550624,-58.9832652926156
30-Jan-2025 11:56:43,69,62,0.0648488660653432,0.396637771526972,0.0522404000163078,-0.0635351906220118,-0.0285933680832386,0.281029180685679,0.957166834672292,-54.9148260317027,-56.4352271506887,-32.7540259325837,-45.815644274715,-50.5103072408475,-33.0149290798603,-118.459219585967,-98.6802591198123,-55.8092964304831
30-Jan-2025 11:57:16,69,63,0.0641831984122594,0.396005817254384,0.0484138446549575,-0.0418364765743415,-0.0250399067997932,0.280324469010035,0.958666245142619,-52.0935812363785,-55.123447394762,-30.5155903153798,-48.5224110041693,-50.9609331532956,-33.5710236091437,-117.695855441566,-97.4575611958866,-53.5490170433389
30-Jan-2025 11:57:50,69,64,0.0604880499343077,0.394966926177343,0.0429139507313569,-0.020086665203174,-0.0223141600688299,0.279643054803212,0.959634522596995,-49.2719766615927,-54.5587607929279,-29.1855303549623,-51.157090004177,-53.546351463266,-34.9226797607785,-116.277067848229,-96.1637160361003,-51.933685460975
30-Jan-2025 11:58:24,69,65,0.056913956006368,0.394676603873571,0.0381842148800691,0.00893447107324998,-0.0163819100707769,0.276924296220144,0.960710573196411,-45.775192197076,-54.2926207681401,-30.1846582229381,-55.4057251394612,-56.5241659719975,-35.697116723589,-114.980568530425,-95.3592972583838,-50.5658277810012
30-Jan-2025 11:58:58,69,66,0.0520669043064117,0.39462150533994,0.0314548050363859,0.0373242482542992,-0.0154434225211541,0.268373562892278,0.962467682361603,-42.840817787694,-53.5757540318754,-28.9733800051105,-59.7113383423838,-59.2481785801097,-37.9829440919873,-113.670213350386,-92.7745916717022,-49.9217070522225
30-Jan-2025 11:59:36,69,67,0.044950050363938,0.394545553127925,0.0272374286005894,0.0529105340441068,-0.0138556555534403,0.249430320660273,0.966846962769826,-43.6376484058792,-54.2085239398724,-31.2318987443812,-65.3204405791255,-63.1952902379121,-40.1994666631796,-111.97793023923,-90.9497426805379,-48.5894547990414
30-Jan-2025 12:00:17,69,68,0.0389254440863927,0.394762074947357,0.0218295272439718,0.0622624357541402,-0.0170667969932159,0.239002866546313,0.968870357672374,-44.350081537848,-54.2411121700001,-32.2253159622011,-68.4312873327768,-69.1789514205597,-42.9063368357688,-110.544683162516,-89.0548219871324,-47.213136783659
30-Jan-2025 12:00:51,69,69,0.0366515484948953,0.394700427850087,0.0122154168163737,0.0902266363302867,-0.0224135257303715,0.2280691832304,0.969196192423503,-33.3953159267088,-37.0986095611934,-32.0611824192955,-72.3930063448829,-75.9558873656298,-46.0083808090564,-108.565954103023,-87.8748654426063,-46.414785887176
30-Jan-2025 12:01:36,69,70,0.0277927484363317,0.396184213956197,0.00992697744319836,0.0999566709001859,-0.0216146225730578,0.200129305322965,0.974417654673258,-45.2569509440153,-55.0185615329194,-31.6182734960273,-77.8301614862164,-81.3294606919112,-49.5330116826933,-106.53948405214,-85.9273909725198,-45.3054185501427
30-Jan-2025 12:02:20,69,71,0.0214153625071049,0.397163603703181,0.00316406864052018,0.106555449465911,-0.0280871361494064,0.186945360898972,0.976170337200165,-46.5517862755449,-54.6947407949118,-34.0359768825777,-79.9550346921636,-87.9513527087982,-54.1689360065048,-105.014143505562,-83.9711575396532,-44.0405429928343
30-Jan-2025 12:03:03,69,72,0.0164066884666681,0.398053383827209,-0.00360743698353569,0.119468663136164,-0.0336860152582328,0.173172628879547,0.97703826824824,-46.1632217641859,-54.8490337020374,-33.5339864240374,-82.8987669304177,-94.2224040709881,-58.3105070554036,-103.439367711137,-82.0855446253965,-43.8229133253883
30-Jan-2025 12:03:51,69,73,0.0112007658307751,0.400769646962484,-0.0104563807447751,0.138906512657801,-0.0369326407710711,0.151347094774246,0.977974983056386,-48.007957331383,-54.8673834317297,-32.5471490429518,-88.2019286848251,-100.618035105829,-62.7299014668461,-102.214874292788,-80.0102419704447,-42.7789066028735
30-Jan-2025 12:04:39,69,74,0.0103458371013403,0.403123263518016,-0.010712489609917,0.148210150996844,-0.0342696604629358,0.138176826635997,0.978655477364858,-50.5608769533133,-55.7029047784523,-36.2051023590279,-92.8293131450024,-103.405320791375,-63.8225325223104,-102.203338826612,-82.5288205242257,-45.5607169479251
30-Jan-2025 12:05:10,69,75,0.0148881564537684,0.403821627298991,-0.0138321427628398,0.17517221669356,-0.0317888990044594,0.130997207760811,0.975266095002492,-25.8846215948821,-28.6044403308157,-19.0793439444677,-97.034054984218,-105.023751395083,-59.1346194184107,-100.591873954456,-85.524976642833,-44.7234330292096
30-Jan-2025 12:05:56,69,76,0.0130762483924627,0.407856339216232,-0.00946100000292063,0.180676285425822,-0.0206705837200085,0.104999074339867,0.977703460057576,-54.0437787462712,-17.1639829860003,-38.7367296645894,-103.127475512953,-108.007754457873,-62.3564342348289,-101.405444379309,-88.6099215438534,-48.0766019786106
30-Jan-2025 12:06:32,69,77,0.0199465232590834,0.409809708595276,-0.0154792587583264,0.2085119475921,-0.0133326363439361,0.0982489133874575,0.972981079419454,-24.1706421525689,-6.87752919259537,-19.2606874520518,-108.140235386447,-110.174543750203,-59.6331130114062,-100.656532452667,-94.1392608360803,-48.9499973620696
30-Jan-2025 12:07:37,69,78,0.0188940825561682,0.413747229178747,-0.0143235184252262,0.214877464373906,-0.00177188916131854,0.0671696161230405,0.974326872825623,-57.3813586863229,-56.9430771748967,-40.142931273185,-115.237664932321,-113.432726157304,-63.6872237680628,-100.251379350277,-99.0157973239105,-53.1585059625578
30-Jan-2025 12:08:32,69,79,0.0164263516664505,0.414597012599309,-0.0155592527861396,0.212415614724159,-0.00241040151255826,0.0616203000148137,0.975231655438741,-59.0563385192011,-59.9390392867949,-41.4269660562001,-115.60019332694,-115.932717640714,-63.3235480983957,-99.7795375429143,-100.215585572303,-53.0173390771152
30-Jan-2025 12:09:21,69,80,0.0136794943362474,0.413275593519211,-0.0157929009447495,0.2097259948651,-0.00180017397118111,0.0503718974689643,0.97646017074585,-58.9897816339426,-57.5105018426189,-40.6130723476326,-114.908889139653,-116.043057402817,-62.9292304237485,-95.6436354416148,-98.2521731195955,-52.0974504959298
30-Jan-2025 12:10:08,69,81,0.011935058919092,0.411962044239044,-0.0165414519608021,0.210387720664342,-0.00542346332222223,0.0546675932904085,0.976073296864827,-57.3024563896156,-57.3947146204059,-39.4252143932737,-112.940668661414,-115.408571304266,-61.9195917466112,-96.3507031933468,-95.1571603163388,-50.188201066873
30-Jan-2025 12:10:45,69,82,0.0086746825526158,0.409639785687129,-0.0145316643019517,0.205678538481394,-0.00758582403262456,0.0511884436011314,0.977250528335571,-56.5297469657544,-31.2853025091734,-39.7003743160193,-111.083990037699,-114.026672275388,-60.6772925682288,-93.1792558715946,-91.2713473378074,-48.0092712138806
30-Jan-2025 12:11:33,69,83,0.00669363643974066,0.408691076437632,-0.0127267630149921,0.203515503803889,-0.0118002458785971,0.0612490671376387,0.977082804838816,-55.0893454521263,-56.9790779534329,-38.7570431773171,-109.508082341245,-112.046066781347,-60.143663139224,-94.4435510131003,-86.9151342716386,-46.3705011489204
30-Jan-2025 12:12:13,69,84,0.00320771780485908,0.406347533067067,-0.0118198853606979,0.199551107486089,-0.0162773294995228,0.0666805679599444,0.977480526765188,-53.4650978936149,-55.0244471754377,-37.5794665078909,-106.722560108423,-110.216108054724,-59.3643685849079,-93.5007173862349,-81.6487211616511,-44.4768109779762
30-Jan-2025 12:12:55,69,85,-0.00107941126140455,0.404695576429367,-0.00862954184412956,0.176676857471466,-0.0176032718271017,0.0626509338617325,0.98211522102356,-56.3989273126618,-55.6706132863151,-38.1597670731028,-102.582230607416,-108.98647271181,-58.3122414679362,-92.279319375184,-76.7522080297542,-42.45566075404
30-Jan-2025 12:13:32,69,86,-0.00603864987691244,0.403184527158737,-0.00447718609745304,0.16079834997654,-0.0170791807274024,0.0520438042779764,0.985466229915619,-59.2117952204879,-55.7421778416287,-37.3690062556337,-100.464497472316,-105.731999060751,-57.3486980696366,-90.1686391720403,-67.9156448869027,-39.9957805036079
30-Jan-2025 12:14:10,69,87,-0.0123141076415777,0.403016251325607,-0.000676609653358658,0.136938951412837,-0.0167914611597856,0.0417778136829535,0.989555676778158,-63.4641823727037,-57.0264416191606,-37.0927147468242,-98.7580625201707,-103.940106255618,-56.5794465306732,-89.5633178728503,-61.0840567385738,-38.7415352399278
30-Jan-2025 12:14:42,69,88,-0.0140019374589125,0.40257604320844,0.0068416440859437,0.109148965775967,-0.012655213351051,0.0260297610114018,0.9936039686203,-70.4613291471141,-37.1670550078011,-37.9736578923444,-96.9572766595021,-98.9795038734501,-55.0073409213778,-87.8356760256371,-58.6299560875063,-37.0401074696237
30-Jan-2025 12:15:16,69,89,-0.0141994689280788,0.402426634232203,0.0107175282513102,0.0792805090546608,-0.00845034917195638,0.0132784795636932,0.996728098392487,-75.755855732622,-29.0858432019964,-38.1582183650296,-94.359315344572,-98.0595467027636,-54.0838082769164,-86.4468739044122,-59.1145991850694,-36.0900884460076
30-Jan-2025 12:15:51,69,90,-0.0145745121563474,0.402853272358576,0.0156295374035835,0.0483398362994194,-0.00363417067565024,-0.00340453476334612,0.998818584283193,-81.9990722236786,-27.1937187989691,-37.9945875012972,-91.8127663025111,-96.3849121378179,-53.109562114872,-85.7524916461816,-59.0436141569478,-36.1157737957355
30-Jan-2025 12:16:36,69,91,-0.0150224152331551,0.403044033050537,0.0200872185329596,0.0132480348149935,0.00266511488395433,-0.0220717291037242,0.999665093421936,-88.4166336675095,-61.6961380973308,-37.7318609693561,-88.5419233968849,-95.0829388757427,-52.2599591940362,-84.2053193194481,-58.6198150659838,-36.3293113321353
30-Jan-2025 12:17:18,69,92,-0.0155160962914427,0.403556388616562,0.0243342168629169,-0.0157693947354953,0.00609258829305569,-0.034827384352684,0.99925039211909,-94.5463675877276,-63.0208292463867,-38.3945866033106,-86.0339335594759,-94.1172962651027,-51.3226778938045,-83.5817519584631,-58.6946089435987,-36.4117749618712
30-Jan-2025 12:18:01,69,93,-0.0165963227550189,0.404027871290843,0.0293515919397275,-0.0485391944646835,0.00999642585714658,-0.0581778797010581,0.997075438499451,-101.207187746139,-64.2566563207897,-38.9950383202128,-84.1323702561756,-91.5948189801803,-50.6415574038751,-81.9949870803524,-58.7936993055032,-36.2037016382751
30-Jan-2025 12:18:39,69,94,-0.0137160602336129,0.402964456876119,0.0339171725014846,-0.0770035470525424,0.00937453713268042,-0.0501296597222487,0.995725703239441,-103.143949056367,-62.8139333095667,-38.3319881013465,-79.0128076577682,-85.3483875358728,-47.6879429548817,-82.8361366750192,-58.4755929591492,-35.3078814097184
30-Jan-2025 12:19:18,69,95,-0.0100711890185873,0.402869812647502,0.0405714464684327,-0.101322728395462,0.00789471616347631,-0.0382118833561738,0.994088164965312,-105.025981926143,-64.2364942796806,-37.878369403217,-75.769851692888,-80.0627474229947,-45.2108687084639,-84.6739868904046,-59.2885607338676,-35.1644269428288
30-Jan-2025 12:19:56,69,96,-0.00834937331577142,0.402889444430669,0.0450515232980251,-0.127703742186228,0.00721643309419354,-0.0287947761515776,0.991368043422699,-107.330650575693,-63.491697240463,-38.2794664654561,-71.8901990447713,-75.4075029758313,-42.8220645633338,-86.5601874161492,-59.6920655691221,-34.3471553567726
30-Jan-2025 12:20:34,69,97,-0.00585859691103299,0.402061895529429,0.0513927216331164,-0.151640691359838,0.00743173935140173,-0.0244992360472679,0.988104104995728,-109.77163711513,-63.8382211965796,-38.7329214078794,-67.3921980550365,-69.3424563615253,-40.4023954688477,-86.9705630970735,-60.3408389346448,-34.2429752111332
30-Jan-2025 12:21:11,69,98,-0.00674870234603683,0.401257759332657,0.0587130111952623,-0.183389649788539,0.0106474860260884,-0.01722460364302,0.982831736405691,-112.13078259951,-67.5054056503634,-40.0375552903948,-61.5350228944925,-65.6475086636479,-39.1672938996834,-87.3180263555877,-59.2372465653014,-33.6703407857022
30-Jan-2025 12:21:49,69,99,-0.00915921553969383,0.4011188407739,0.0636273245016734,-0.207306737701098,0.0169040750712156,-0.00952604419241349,0.978083566824595,-113.699007556363,-70.9579203529807,-41.2427786429563,-55.973260648544,-64.0376104239848,-38.7494760931802,-88.3090334028967,-58.307471328525,-33.5384792203754
30-Jan-2025 12:22:29,69,100,-0.0123064429188768,0.401520355542501,0.068558107316494,-0.23219787478447,0.0248949530224005,-0.00273020672611892,0.972346123059591,-116.521772249451,-74.2281001800148,-44.4232967305408,-51.9092048598932,-64.1452369134289,-38.5153001680074,-89.4718123446032,-57.3146046580321,-32.6520040851006
30-Jan-2025 12:23:59,376,1,0.00105889765545726,0.321003713210424,0.0416105690101782,0.00594297392914693,-0.00701591617738207,-0.00302062015980482,0.999953198432922,-5.47500000000001,-12.525,-5.02500000000001,-5.25000000000001,-11.1,-5.02500000000001,-5.70000000000001,-6.75000000000001,-5.47500000000001
30-Jan-2025 12:24:31,376,2,0.0017796817002818,0.32739071448644,0.0387568426628907,0.0264106554289659,-0.0097496638695399,0.00656815276791652,0.999582087993622,-7.93408542331046,-17.4207753023645,-6.95746518141878,-13.5833943362017,-16.6143002217206,-7.92297941377653,-12.4654799127223,-11.5801001530658,-8.25587612091498
30-Jan-2025 12:25:01,376,3,0.00316421256090204,0.331390315294266,0.0351064649720987,0.0474826867381732,-0.00963137925912936,0.0191543078670899,0.99864197174708,-8.27442084662091,-19.6728006047291,-7.89618036283754,-20.1917886724033,-19.7661004434412,-12.002208827553,-18.0309598254446,-13.8977003061316,-10.8680022418299
30-Jan-2025 12:25:32,376,4,0.00362630512875815,0.335960978269577,0.0326383930941423,0.0699762061238289,-0.0114260444417596,0.0335605184237162,0.996918511390686,-9.13038126993134,-20.9779509070936,-8.8630205442563,-27.4376830086049,-22.0366506651619,-14.7970632413295,-24.1214397381669,-15.8590504591973,-11.8957533627449
30-Jan-2025 12:26:03,376,5,0.00355910491198301,0.341000799338023,0.0305450342595577,0.096215100089709,-0.0140735917414228,0.05346390157938,0.993824048837026,-9.34415419324178,-23.1596637094582,-10.068923225675,-35.1523273448066,-24.0165758868825,-16.949730155106,-32.9494196508892,-17.4172756122631,-12.6563169836598
30-Jan-2025 12:26:36,376,6,0.00371353159037729,0.344957192738851,0.0282895927627881,0.127239934603373,-0.0153782074029247,0.0610194161534309,0.989873822530111,-8.93683336655223,-27.7296577618228,-11.9943571570938,-42.1263466810082,-26.7511886086032,-18.7813033188825,-37.2961495636116,-20.3489382653289,-13.4332868545748
30-Jan-2025 12:27:09,376,7,0.00247367590976258,0.349110130469004,0.0260273013263941,0.153759534160296,-0.0174284687886635,0.0674611354867617,0.98564867178599,-8.51896566486267,-31.5437924391873,-13.6045567135125,-49.7050535172098,-32.2631450803238,-20.527329607659,-42.4022544763339,-21.1923196683947,-14.7434598504898
30-Jan-2025 12:27:43,376,8,0.00318192217188577,0.353573928276698,0.0237998357663552,0.17697884341081,-0.0187336309502522,0.0800258363286654,0.980776973565419,-8.62082452567312,-33.329997429052,-14.8321390824312,-56.3861041034115,-35.7137734270444,-21.9305824589356,-48.1130468890562,-23.6165604464605,-16.1702344089047
30-Jan-2025 12:28:18,376,9,0.0039880550156037,0.358695685863495,0.0205089539289475,0.196641302108765,-0.0204203840345144,0.0902827774484952,0.976096447308858,-9.88254666773356,-34.7022375751667,-15.9434128576,-62.9933265646131,-38.8087377112651,-24.3624485914621,-54.2011830517785,-26.0062309120263,-17.5803097485697
30-Jan-2025 12:28:51,376,10,0.0042393807011346,0.363247323036194,0.0189200231184562,0.213366030653318,-0.0217612440387408,0.0969871138532956,0.971902708212535,-10.449200450419,-38.4174952994065,-9.34653233589379,-69.6386349633148,-42.8508699642357,-25.8086213646136,-59.7279910895008,-28.378616221342,-20.1070354788596
30-Jan-2025 12:29:30,376,11,0.00455539040267468,0.368700881799062,0.0184745455781619,0.229970885316531,-0.0226112152139346,0.101010566453139,0.967677136262258,-13.3683200534169,-40.6042618127088,-18.77057466575,-77.2779863307664,-46.3165862015813,-27.0619474580776,-65.4991350647231,-31.4923589525328,-21.9170864044621
30-Jan-2025 12:30:12,376,12,0.00316323336834709,0.371974410613378,0.0178283294041951,0.224984387556712,-0.0239239481588205,0.0977185691396395,0.969154679775238,-17.7636473471252,-43.3020153470404,-21.1752179972862,-79.8715830250483,-50.0541260775154,-30.2313875248684,-68.3202645132839,-34.8163715845029,-23.2961202711459
30-Jan-2025 12:30:42,376,13,0.00412774831056595,0.371783091624578,0.0137850229317943,0.219333750009537,-0.027645210797588,0.112328243752321,0.968767714500427,-6.17209109591184,-20.7551460786369,-22.110092041713,-75.1761904615177,-54.7350619495433,-30.2776159217373,-69.8149779462198,-36.2632235719418,-19.7334854366578
30-Jan-2025 12:31:27,376,14,0.00541375720252593,0.373544057210286,0.0103151444966594,0.197317289312681,-0.0294295279930035,0.114127049346765,0.973229066530863,-18.9120930722373,-42.2859654088669,-20.9600814425852,-76.5113032690808,-63.937695819618,-33.9372384836453,-72.1464833713432,-38.8714952371151,-25.9250162515838
30-Jan-2025 12:32:07,376,15,0.00494709359481931,0.376450502872467,0.00446784549082319,0.191941063602765,-0.0329775301118692,0.110136506458124,0.97464923063914,-23.7178741623324,-40.6306290384132,-9.6176285216801,-77.9366687621908,-70.6761786887161,-37.5285581280728,-74.2213847925602,-41.6104767411555,-27.9936298912168
30-Jan-2025 12:32:48,376,16,0.0031402782847484,0.379784979422887,0.000195041356103805,0.181631424029668,-0.0383924613396327,0.114527269701163,0.975919898351034,-26.9565448093126,-41.7072148176178,-2.62895443988632,-79.0321605980742,-78.1325860573259,-41.08572631376,-76.9179842118242,-43.9648131646296,-29.9507849432034
30-Jan-2025 12:33:38,376,17,0.00025796796544455,0.380765545368195,-0.00194071203780671,0.157847267389297,-0.0400175107022126,0.103338158627351,0.981225836277008,-31.0616602347352,-44.8247616716515,-24.592169777648,-76.8877156053444,-85.1979556756916,-45.1508187700772,-76.1004326301116,-47.1768270478204,-30.9522107013666
30-Jan-2025 12:34:30,376,18,-0.000674422484977792,0.382336350282033,-0.00692083202302456,0.141956057151159,-0.0426471536358198,0.0981488128503164,0.984071425596873,-34.0999980493791,-45.5127890630997,-26.0063298251877,-75.7483021983079,-92.4428064189352,-48.9448733617093,-76.6008055479108,-52.0176796608696,-32.4507718126183
30-Jan-2025 12:35:14,376,19,-0.00106360452870528,0.384657196203868,-0.014344270589451,0.143981897830963,-0.0501725966731707,0.101918444037437,0.983038453261058,-33.8299470586335,-16.486056723254,-27.9459622276164,-76.7614045841181,-99.8523977246178,-55.6784090209988,-77.9851407154657,-55.947951638848,-33.0729006004142
30-Jan-2025 12:35:38,376,20,0.00598882287740707,0.3816120048364,-0.0120929363494118,0.127601378162702,-0.0495470757285754,0.112440867722034,0.984184944629669,-14.2580399772882,-2.7677119182121,-11.1677912477593,-67.5680845905635,-94.1279060284861,-50.0975353126451,-73.7482577594398,-58.1035165069844,-31.6836815703739
30-Jan-2025 12:36:34,376,21,0.0115551841755708,0.3814129114151,-0.00342863909900188,0.103261719147364,-0.041764322668314,0.114085642000039,0.98720680475235,-36.2715356945961,-42.8581771803479,-26.2834883566242,-67.7253935452205,-94.6695994729641,-49.6765318712059,-78.3198653658528,-62.6189362163531,-36.0003544594695
30-Jan-2025 12:37:13,376,22,0.0216167509555817,0.381658025582631,-5.91047008735283e-05,0.100881292422613,-0.0406142540276051,0.135684874653816,0.984765525658925,-33.4027328112301,-18.7280474760712,-26.8961195098504,-66.0330169739834,-92.0443854877469,-48.3854635632238,-81.4457182534853,-67.6392833463379,-39.2699733081332
30-Jan-2025 12:38:06,376,23,0.0303037639707327,0.382423273722331,0.00704689873382449,0.0737182969848315,-0.0400209325055281,0.156902674833934,0.984045505523682,-36.4677806275273,-43.8626202885896,-25.207217685257,-61.6907976397992,-88.2857177876822,-46.6593628219702,-85.4986937817275,-72.6120941866309,-42.6160651365809
30-Jan-2025 12:38:53,376,24,0.0379158233602842,0.381496634085973,0.0115499189123511,0.0542910411953926,-0.0374800977607568,0.162818272908529,0.984448059399923,-36.9497537936561,-43.2295443595049,-26.192549371754,-57.0736569241414,-85.6853232301937,-44.115745864081,-85.2902306302746,-78.1611368820778,-48.0253934549206
30-Jan-2025 12:39:34,376,25,0.0470832387606303,0.381325032313665,0.0165093667805195,0.0423079788684845,-0.0370375757416089,0.174291850129763,0.983087297280629,-36.2151896347007,-42.7626440596186,-24.5399978137962,-53.5190555177469,-81.5640652439933,-42.063370797874,-86.3260481389741,-83.3232955051018,-51.9163400182063
30-Jan-2025 12:39:56,376,26,0.0609211678306262,0.379495219389598,0.0235843557864428,0.0284726976106564,-0.0358446518580119,0.183345972498258,0.98198203643163,-30.1473568132034,-19.9538315743308,-11.968504633611,-47.645723765984,-70.307375543437,-36.131616677508,-81.9090059777499,-90.0920120919143,-49.648095703965
30-Jan-2025 12:40:41,376,27,0.0658122718334198,0.380168141921361,0.0314714342355728,0.0136316747715076,-0.03258257980148,0.184586083889008,0.98218150138855,-35.287889660435,-41.5490629963434,-23.7125406423119,-45.9380268415369,-68.9829699857027,-35.6851730300625,-85.3405339815638,-94.514007660621,-55.9252559509602
30-Jan-2025 12:41:19,376,28,0.0722760473688444,0.382354048887889,0.0361132154862086,-0.00168944522738457,-0.0364366285502911,0.191016199191411,0.98090896209081,-38.0076053420311,-43.4963163720059,-24.139341245456,-44.4381473307477,-65.1247064993794,-34.9063846190774,-87.5963470678967,-99.4876427202748,-60.1001184785736
30-Jan-2025 12:41:56,376,29,0.077706404030323,0.382492236296336,0.0420465593536695,-0.002560303080827,-0.0344781319300334,0.19418953359127,0.980354607105255,-37.1095353392265,-43.4137903052932,-23.5142705592354,-42.8744405763155,-56.7940944962728,-33.1058556730914,-87.2510089858912,-101.924276201839,-61.439563107728
30-Jan-2025 12:42:31,376,30,0.0835328658421834,0.382626682519913,0.0479007082680861,-0.0160933865855137,-0.0396718546748161,0.198777628938357,0.979109100500743,-36.8062610450131,-41.9442697269927,-22.8348910216256,-39.6376881752977,-49.142518011019,-31.7847405362206,-86.9117421745154,-104.461319556139,-61.653433307037
30-Jan-2025 12:43:08,376,31,0.086987134317557,0.382938198248545,0.0515688786904017,-0.0178173595418533,-0.0406390885512034,0.196111314495405,0.979577155907949,-36.7253846050952,-42.1812518928984,-21.9033570583211,-38.1894129509872,-42.8804592846915,-30.7033323039072,-85.9755109984546,-107.048567846809,-61.6045162914232
30-Jan-2025 12:43:41,376,32,0.0948786084850629,0.382762320836385,0.0490971185266972,-0.0240751917163531,-0.0535161470373472,0.198834089438121,0.978274734814962,-33.980707092325,-32.4714854309075,-16.6457458821694,-35.3103763150303,-42.4881594378272,-29.7417775238726,-84.5907976400512,-110.185918605662,-63.0742056683481
30-Jan-2025 12:44:07,376,33,0.0961994046966235,0.382990298668544,0.052678036938111,-0.0274579002211491,-0.0538279391825199,0.205245200792948,0.976843412717183,-32.8291290431288,-29.5633446549683,-15.0000960995941,-28.8659589732502,-28.5307390306945,-19.0151494699775,-84.4068431904765,-114.573320598607,-57.2781982415423
30-Jan-2025 12:44:54,376,34,0.0945477669437726,0.384145271778107,0.0508083879947662,-0.0217958971858025,-0.0507995963096619,0.18973095814387,0.980278825759888,-35.5491007257195,-39.6560167220547,-19.7354270138069,-36.5388512785584,-41.3907583434274,-30.705984779152,-83.7732681953161,-116.810748208598,-60.2993424128712
30-Jan-2025 12:45:27,376,35,0.0998159468173981,0.384787313143412,0.0539941512048244,-0.0214905551324288,-0.0511999242007732,0.190419901410739,0.980131125450134,-33.6798472742037,-38.3240952106541,-18.8862482764137,-35.4453984074109,-21.2344975160936,-16.2555517698614,-83.0648829273629,-118.573188627113,-61.0540623832674
30-Jan-2025 12:46:14,376,36,0.0947929387291273,0.383449476957321,0.0498101621866226,-0.00345191634260118,-0.043294674406449,0.165917246540387,0.985182825724284,-33.4159812556346,-39.52987691001,-19.8198147132176,-39.0437729480354,-39.6950966187262,-31.3344846013381,-79.3190925230134,-119.198135449889,-62.3255702531972
30-Jan-2025 12:46:48,376,37,0.0919537797570229,0.381660852829615,0.0587672139207522,-0.0220600508153439,-0.0415235988795757,0.176448055108388,0.983186272780101,-32.8298089535389,-42.8295102147441,-21.11975373712,-25.0380611945462,-13.7891256863419,-12.9531003531987,-79.6795995504656,-115.654335474796,-57.030472072894
30-Jan-2025 12:47:29,376,38,0.0912700275580088,0.381948041915894,0.05255030443271,-0.0255566585808992,-0.0480761880675952,0.188442780574163,0.980573761463165,-35.2573182116703,-37.9680133449659,-18.3448913684078,-35.4487548334085,-37.3785052876665,-5.2519156432965,-82.9310029666336,-113.356566377038,-58.4508133080457
30-Jan-2025 12:47:58,376,39,0.087269585331281,0.382294362783432,0.0533403180539608,-0.0521110830207666,-0.0583731129765511,0.212522581219673,0.974018065134684,-37.9417508989201,-32.9174793765324,-15.9991221464703,-18.8834268987425,-15.4137423802365,-1.78565166349019,-88.408980740752,-108.366610579812,-57.2545030306392
30-Jan-2025 12:48:48,376,40,0.0788064673542976,0.384389839569728,0.0510377255578836,-0.0497719516356786,-0.0565772434075673,0.210955802599589,0.974586832523346,-41.5796453007291,-44.047426858771,-20.0178994979201,-36.4550881773123,-4.04690821842942,-32.3118480487318,-92.8252456938455,-105.480561432853,-56.7748669969536
30-Jan-2025 12:49:18,376,41,0.0761266152064006,0.385084615151087,0.0535480757554372,-0.0788163930177689,-0.0619463560481866,0.232746602098147,0.967357075214386,-43.8192705598176,-31.3176150663459,-14.6939501360635,-15.3702440624998,1.94596157056612,-14.3592746164974,-97.7606542364267,-103.871465611027,-49.9035680851284
30-Jan-2025 12:50:20,376,42,0.0691995427012444,0.386958913008372,0.0502085822323958,-0.0781798119346301,-0.0603526552518209,0.241239003340403,0.96542698542277,-46.7847612475459,-46.3329236365886,-10.9236374175538,-35.5571472509966,-43.1981508268447,-33.3673162755251,-102.730634573752,-99.3008464517676,-49.3614377342334
30-Jan-2025 12:50:48,376,43,0.0637116134166718,0.387253659963608,0.054252648105224,-0.10460774153471,-0.0593095016976198,0.269312506914139,0.955515750249227,-49.1381846495942,-28.2707923881657,-7.85514302071744,-10.9049240911475,-17.2357543174575,-15.1306654801836,-108.242900808449,-88.6744656237916,-44.4088916638035
30-Jan-2025 12:52:00,376,44,0.0567051060497761,0.390724388758341,0.0524339435001214,-0.102844630181789,-0.0512787856161594,0.27956204811732,0.953225346406301,-53.3605744088024,-49.2449412304099,-25.9875577847177,-36.4331377571262,-46.8451033546727,-32.8716684576578,-113.876309991832,-89.3452039614572,-44.9011377336062
30-Jan-2025 12:52:51,376,45,0.0518994381030401,0.389892299969991,0.0537220229705175,-0.113411278029283,-0.0489179986218611,0.277679000298182,0.952701071898142,-55.1938546720027,-49.3643217879589,-26.3517376575619,-34.5851574697109,-47.0179720995853,-31.3580864821778,-113.668086003244,-84.6998359045468,-42.8137115782664
30-Jan-2025 12:53:39,376,46,0.044761256625255,0.388379853963852,0.0539831347763538,-0.117215479910374,-0.0459351102511088,0.271931531031926,0.954046018918355,-56.2943765244931,-52.0427723681745,-25.0786448206152,-34.2572863887522,-45.1837772311479,-31.5639179499016,-113.002647751827,-78.4162476390469,-40.5124834579848
30-Jan-2025 12:54:24,376,47,0.0382747771839301,0.386095692714055,0.0547187787791093,-0.12944437166055,-0.0423285866777102,0.273691181341807,0.952126884460449,-57.0285191716284,-51.4257579597235,-25.5369156287732,-30.7894699110216,-45.7960505560356,-29.9294561392273,-111.883602368997,-71.0135492692522,-38.3293543552323
30-Jan-2025 12:55:08,376,48,0.0336116095383962,0.384459884961446,0.0530650978287061,-0.124381061395009,-0.0394246007005374,0.279404131571452,0.951266737778982,-54.6544722160862,-50.3610110569394,-26.5608682594835,-29.9516807349052,-45.6815579775858,-29.774847689354,-111.137753420459,-65.6012958473101,-35.3052747612442
30-Jan-2025 12:55:34,376,49,0.0272972166538239,0.380510232845942,0.0580424676338832,-0.140460788210233,-0.0302043436716,0.284236441055934,0.94792830546697,-52.9763304592053,-48.6223979069886,-25.3926618014699,-15.2789052095959,-23.5286824474667,-15.8851659198812,-108.703502689068,-57.2092648992943,-28.5607199216385
30-Jan-2025 12:56:18,376,50,0.0190328445285559,0.380507787068685,0.058511308580637,-0.132179045677185,-0.0211655989289284,0.273712875445684,0.952450509866079,-54.646141301655,-53.8218516334544,-28.9783757990944,-25.7136365096901,-44.2066154415139,-26.4779474906086,-107.82505106625,-50.1773451882416,-28.1309274592239
30-Jan-2025 12:56:58,376,51,0.0135416666045785,0.380563235282898,0.0606507045527299,-0.12533291776975,-0.011319675296545,0.274648423989614,0.953274257977804,-53.93992844377,-57.1653387981286,-34.4160500245379,-26.5771212224863,-46.3999526976441,-26.5869607314362,-107.799498997719,-46.3754810956705,-26.7335161854049
30-Jan-2025 12:57:25,376,52,0.0131044838577509,0.37958603700002,0.0689277494947116,-0.129795520504316,0.0017681089307492,0.282907215754191,0.950322850545247,-52.3457037357177,-61.2308426819069,-34.1797043638909,-17.2549826416335,-26.4509920848152,-16.054089807314,-107.300396706331,-45.2386448123402,-19.7522955058837
30-Jan-2025 12:58:09,376,53,0.00489469987029831,0.380989207824071,0.0705045973261197,-0.126938230792681,0.0115614787364999,0.257253573338191,0.957900623480479,-58.4317229981873,-67.9742897110299,-38.5740689522579,-26.6532169780718,-43.7766043635831,-26.9698905129174,-105.210722152205,-43.0841592445854,-26.9258413281517
30-Jan-2025 12:58:49,376,54,-0.000588479700187842,0.382544364531835,0.0745936383803685,-0.134936036666234,0.0217908341437578,0.229507997632027,0.963661543528239,-64.2582392981151,-73.9982409199288,-44.3999285691022,-28.6300454910978,-44.5041421751115,-27.4627201772835,-102.852660042366,-43.7334306291408,-26.7784347989942
30-Jan-2025 12:59:26,376,55,-0.00560659896582365,0.384336574872335,0.0791806509097417,-0.145146662990252,0.0279407132416964,0.199471853176753,0.968691265583038,-68.6050041167719,-79.5124442187158,-48.2415357001852,-30.6461710924178,-45.7076427530201,-18.8440643210309,-100.285404154669,-44.0595804898514,-26.945552094124
30-Jan-2025 13:00:01,376,56,-0.0124594054495295,0.386043586333593,0.0846688265601794,-0.156589355071386,0.0361396896342436,0.174602008859317,0.971435987949371,-74.0118931947933,-85.3717735624468,-51.6160165883875,-31.4819452378846,-46.3991247141187,-15.1196657044689,-97.6135513780439,-43.3241695886394,-27.1199313013974
30-Jan-2025 13:00:42,376,57,-0.0179063672820727,0.38816172281901,0.0893024509151777,-0.169442188739777,0.0433743263284365,0.146226581931114,0.973666191101074,-79.2738444024969,-91.3286659286498,-54.9819343551495,-32.777543655425,-46.0845973668122,-30.717395707752,-94.5894001569544,-44.0829783064663,-27.1479414647426
30-Jan-2025 13:01:09,376,58,-0.0225498045484225,0.389503592252731,0.0963851576050123,-0.187819417317708,0.0533480380972226,0.126723249753316,0.972532304128011,-83.8633266750417,-96.9593398060888,-53.9935705611914,-27.9280542090021,-34.0170653653035,-22.526190020958,-91.3140997136329,-43.5638968338125,-20.0527671061237
30-Jan-2025 13:01:47,376,59,-0.0304888834555944,0.393290958801905,0.0989500090479851,-0.192287296056747,0.0556496394177278,0.0887915482123693,0.975727840264638,-90.291574480007,-104.751904439146,-57.7280659868731,-35.5310208305975,-46.2980310366933,-18.6405164891253,-88.5882246591953,-42.1058702659185,-27.2460004865227
30-Jan-2025 13:02:31,376,60,-0.0356078987320264,0.397818638881048,0.0993467435240745,-0.208755354086558,0.057104999323686,0.0517125176886718,0.974928752581279,-100.489205051183,-111.075414450012,-61.6489910223749,-39.1602154862021,-51.1032455445327,-34.6826090347731,-86.6620622991996,-44.6033711504042,-27.7834377364307
30-Jan-2025 13:03:08,376,61,-0.041499545921882,0.400405377149582,0.10172439912955,-0.210383225480715,0.0607465542852879,0.0239241619904836,0.975436544418335,-103.496527005463,-118.539397149782,-62.4381308627866,-41.4025241588113,-51.6455844705968,-37.8135846191613,-83.8607562864249,-43.7536357610799,-27.7679769210932
30-Jan-2025 13:03:40,376,62,-0.0485244587063789,0.40322204430898,0.114568999409676,-0.231253974636396,0.0673555006583532,-0.00315245832316577,0.970553926626841,-108.908694651297,-123.948616194005,-66.8363781056533,-37.4763898399229,-41.6564856057733,-28.0390017229198,-79.4968784472607,-44.0052822348506,-28.676067073133
30-Jan-2025 13:04:05,376,63,-0.060660095512867,0.405608614285787,0.118234020968278,-0.239715989430745,0.0767016688982646,-0.0293841836353143,0.967362213134766,-112.073285142906,-128.855453410454,-68.0891790497475,-36.3910340252855,-38.026667845506,-24.3366395863634,-73.3767146949018,-29.7326196401689,-19.6959327088614
30-Jan-2025 13:04:50,376,64,-0.0555830585459868,0.407201532522837,0.113884578645229,-0.228345523277918,0.0668203219771385,-0.0443004411955674,0.970273594061534,-114.718608653359,-131.33126043055,-69.8321264212541,-45.689386928722,-51.4784100358404,-39.8116367468428,-75.2091157187787,-45.7239358645529,-28.2125419811118
30-Jan-2025 13:05:29,376,65,-0.0525325268507004,0.40794643163681,0.108602626125018,-0.226166085402171,0.0603603318333626,-0.045334696273009,0.971159291267395,-116.464537875256,-129.893971993702,-69.6262122180675,-49.1354344582213,-55.344972502314,-41.7296890972436,-76.789945264357,-47.3216748218239,-30.4320951242843
30-Jan-2025 13:06:07,376,66,-0.0470046063264211,0.406945677598317,0.10044465114673,-0.223696545759837,0.0492446288466454,-0.0570838426550229,0.971738791465759,-118.510769952874,-125.375135828383,-67.1708672275343,-52.1303293007519,-57.643945106857,-41.744269042605,-76.8199890707858,-49.2226251455384,-30.703120202918
30-Jan-2025 13:06:45,376,67,-0.0427479823430379,0.406263597806295,0.0917671004931132,-0.222739432255427,0.0404426870246728,-0.0668227175871531,0.971743941307068,-119.957153458354,-118.640525798828,-64.4908068433279,-54.4496477997983,-61.3341227804349,-42.0821127854468,-76.52464000764,-50.0001811524745,-32.0248812492821
30-Jan-2025 13:07:22,376,68,-0.0367785627643267,0.40633596777916,0.0822424218058586,-0.214415854215622,0.0295018425832192,-0.0777522871891658,0.973195827007294,-121.778612677765,-111.473028837155,-61.9983887622848,-58.4561781271025,-63.9199029885301,-42.0565884270288,-78.0165945097069,-52.3160400010216,-32.7470102795116
30-Jan-2025 13:07:58,376,69,-0.033546794205904,0.40661137898763,0.0743513156970342,-0.209334498643875,0.0253396677474181,-0.0834022174278895,0.973951292037964,-123.11260975414,-103.864088409423,-59.1497918328235,-60.7563143685357,-66.7034844638841,-42.8993800179808,-80.1772007943801,-54.0510502703741,-32.8693233016736
30-Jan-2025 13:08:33,376,70,-0.0251271719733874,0.4073217689991,0.062614565094312,-0.207392463088036,0.0189279346416394,-0.0826138506333033,0.97457944949468,-124.952875758998,-93.4844262486617,-53.273105479153,-65.1282535670333,-70.2609665728673,-44.2513295836178,-82.4471329703565,-56.3956362501294,-33.591728319802
30-Jan-2025 13:09:07,376,71,-0.0194379821419716,0.408235390981038,0.0521811179816723,-0.203889242808024,0.0148875612765551,-0.0883134509126345,0.974888865152995,-126.746276228098,-84.8694032213855,-48.8823744133779,-68.8110942440631,-73.4553989986653,-45.6328581365974,-83.3467280919844,-57.995010085086,-34.1641793359136
30-Jan-2025 13:09:44,376,72,-0.0167900220801433,0.410502431790034,0.0441913711527983,-0.187743189930916,0.0136865574245652,-0.0966597934563955,0.977354637781779,-127.766243929318,-81.111699760852,-45.6096209915505,-74.174385660359,-77.5933065828705,-47.7791761832483,-84.6111546864381,-58.7717778476432,-36.3116533510167
30-Jan-2025 13:10:23,376,73,-0.0151953301702936,0.413349690039953,0.0395184529324373,-0.174347969889641,0.0132518326863647,-0.102038342257341,0.979293338457743,-129.449495246598,-80.7576560836896,-44.695856391697,-79.777902446288,-81.5279517462794,-49.5578889767347,-86.4329970173048,-60.2622425740008,-38.1216388656156
30-Jan-2025 13:10:59,376,74,-0.0229630808035533,0.413244817654292,0.0366389406224092,-0.146346340576808,0.0175935125599305,-0.145867256323497,0.978261709213257,-129.597407286319,-81.2686490050191,-45.2196252366147,-85.7007938137999,-83.6470253995128,-49.7722646741317,-79.7364532979974,-59.0489125860722,-37.2214942122507
30-Jan-2025 13:11:31,376,75,-0.0251182744900386,0.414131836096446,0.0318685178955396,-0.114329265058041,0.0212589245289564,-0.178158021966616,0.977106253306071,-129.236140230055,-81.5805568721913,-45.320641287026,-92.77124152372,-86.315283447547,-50.3072390582375,-74.6042635127933,-43.8765068390935,-38.6369774337597
30-Jan-2025 13:12:02,376,76,-0.0273301792641481,0.415610069036484,0.0283821643640598,-0.0777336796124776,0.0230963937938213,-0.207046422362328,0.97496452331543,-128.545283625799,-82.242922212285,-46.035280940184,-100.340467404844,-87.9081336929818,-51.1525127856978,-70.2542506946407,-36.19956321259,-39.0352745927057
30-Jan-2025 13:12:33,376,77,-0.0302115350961685,0.417222627003988,0.02790772455434,-0.0453199046353499,0.0213884628067414,-0.234877704580625,0.970732271671295,-128.439632247547,-83.3055162888394,-47.9567323947153,-108.009082371571,-88.9632800371167,-51.5529361848353,-66.145326360014,-32.645350646324,-38.7749787203702
30-Jan-2025 13:13:05,376,78,-0.0360539930562178,0.418581428130468,0.0266798255344232,-0.00567567075292269,0.0210672110319138,-0.264474191268285,0.964145882924398,-126.976583482296,-85.6932247336241,-48.8315897499333,-116.027391881098,-92.7495744306018,-52.0309344198115,-61.4819462671501,-30.4775036101769,-39.2353863323939
30-Jan-2025 13:13:37,376,79,-0.0398896915217241,0.420624812444051,0.0246492595722278,0.0327104642987251,0.0205378444244464,-0.290039159854253,0.956235098838806,-126.034836023546,-88.218490362524,-50.6081500554947,-123.770548662026,-94.6014428487618,-52.9227200727069,-56.9163382951677,-28.7778393390891,-39.3811456865972
30-Jan-2025 13:14:11,376,80,-0.039287327726682,0.423044166962306,0.0234957347313563,0.0742381577690442,0.0157527816792329,-0.299026370048523,0.951222264766693,-124.678739218047,-90.5125345834815,-52.0855618362277,-132.126129078654,-95.6360982792595,-53.196399434562,-56.524616383626,-28.062266450531,-39.8945809118904
30-Jan-2025 13:14:44,376,81,-0.0404415788749854,0.426447379589081,0.0225019220262766,0.119133385022481,0.00872600475947062,-0.30967639485995,0.943308881918589,-123.265467739173,-92.9159681004678,-54.0133993545465,-140.487921313132,-97.5371472159259,-54.0610256508969,-56.7948375023047,-24.9887392532378,-40.7418540727284
30-Jan-2025 13:15:21,376,82,-0.0410884936650594,0.429244834184647,0.0217475800464551,0.159653142094612,0.00198629435617477,-0.310050076246262,0.937217112382253,-121.973608923612,-95.6740962654685,-54.8164497416583,-148.627819456535,-97.8463929056767,-54.7711252944718,-59.1960301360935,-26.886234901577,-41.5310462013389
30-Jan-2025 13:15:56,376,83,-0.042699658870697,0.431837499141693,0.02241572017471,0.202301428715388,-0.00899725972364346,-0.315880521138509,0.926937282085419,-120.592456439707,-100.259571754476,-56.4071065631666,-156.956770554401,-96.3847369719697,-56.0039616516665,-59.2127085274374,-27.7442419727324,-41.6911978138356
30-Jan-2025 13:16:32,376,84,-0.0457829309006532,0.431242090463638,0.0205325978497664,0.217978478471438,-0.0160667661577463,-0.295374943812688,0.930043474833171,-114.7627008232,-103.13570505648,-58.6944151965503,-156.929533392606,-101.458406505069,-58.06041102412,-60.7645685663142,-25.9260699471078,-41.0229682833627
30-Jan-2025 13:17:09,376,85,-0.0485440862675508,0.430610547463099,0.0219538981715838,0.22987199028333,-0.0281303803126017,-0.274688531955083,0.933227614561717,-109.848121789607,-105.231175189486,-62.0411254385332,-155.974559469426,-103.389350632303,-57.2850445749784,-62.2453000445798,-27.0355257771874,-40.4599786238613
30-Jan-2025 13:17:40,376,86,-0.0529890331129233,0.430446281035741,0.0221101590742668,0.226259576280912,-0.0366780899465084,-0.256255394220352,0.939039146900177,-106.366131047471,-108.436313737992,-64.2675364848156,-154.030717165554,-108.698932056606,-58.3187702150394,-63.7654672425398,-27.0587955351189,-39.5746088998457
30-Jan-2025 13:18:12,376,87,-0.0582463833192984,0.431756194432577,0.0173277791589499,0.222129804889361,-0.039571712911129,-0.239383419354757,0.944345275561015,-108.625434451064,-112.796286494249,-66.6087979332478,-152.567440671336,-113.522832129442,-64.1570418997015,-66.430352300347,-26.7639722569765,-39.7280491435729
30-Jan-2025 13:18:45,376,88,-0.0627896979451179,0.433882904052734,0.0159359546999137,0.210708349943161,-0.0379650130867958,-0.237610495090485,0.947471344470978,-110.305384927521,-116.908676354381,-69.1574845827549,-152.394447081945,-118.853891526545,-70.8975866066643,-67.5675962880777,-27.5851024607971,-40.1758943711716
30-Jan-2025 13:19:26,376,89,-0.0619636493424575,0.431271517276764,0.0153022805849711,0.204051384329796,-0.0423300517102083,-0.211107315619787,0.954989496866862,-104.837407866484,-117.896054904137,-66.1924357098528,-147.677596354248,-120.520907697886,-70.3636181890397,-68.8820066530304,-25.3708274876992,-40.4449129399661
30-Jan-2025 13:20:08,376,90,-0.0601928936938445,0.428028970956802,0.0134684562062224,0.196220388015111,-0.0411227079729239,-0.19723257124424,0.959638384977976,-100.462092573662,-115.896537729862,-63.5042431372193,-142.158316352757,-119.764713700294,-69.1552180269902,-68.1270067504639,-23.9230408850921,-40.1500327547284
30-Jan-2025 13:20:55,376,91,-0.0573308882613977,0.423351228237152,0.013013373191158,0.182160580158234,-0.0379342277844747,-0.182993207375209,0.965345549583435,-95.9581081649489,-113.153572693571,-60.8044787147202,-135.48782171437,-118.096914618236,-67.8346019927284,-66.712301714138,-50.8334984677301,-38.8232031924747
30-Jan-2025 13:21:35,376,92,-0.0560170136392117,0.418376525243123,0.0125607491781314,0.175173447529475,-0.0355751109619935,-0.170739964644114,0.968966754277547,-91.0147891982896,-109.888883726273,-58.3239283672883,-129.591719757535,-115.073312993944,-66.7578780223603,-64.1427441109322,-50.0730781429911,-37.2803989417129
30-Jan-2025 13:22:11,376,93,-0.0504002012312412,0.414122339089712,0.00972354685266813,0.15909956296285,-0.0208757085104783,-0.172817376255989,0.971795109907786,-89.8268029526573,-97.8883327934705,-51.67798505739,-123.782814141475,-112.721810098535,-63.8531000839391,-61.4457602242866,-48.0772188645633,-37.7296073466971
30-Jan-2025 13:22:52,376,94,-0.0485554200907548,0.408748942613602,0.00759179275482893,0.152607143918673,-0.0209306833644708,-0.16737401386102,0.973785877227783,-84.3664830675385,-95.1698508779163,-51.3493452662585,-118.017506695803,-110.706356567568,-62.5842951614914,-56.510063195921,-46.8136401092912,-34.6748220795543
30-Jan-2025 13:23:31,376,95,-0.0460151091217995,0.40484251777331,0.0102045975625515,0.148343287905057,-0.0237777495135864,-0.147089973092079,0.977646907170614,-79.5449963626764,-93.6424034709861,-50.4293572345103,-112.273998335326,-107.133927718822,-61.8334767470304,-56.2300095966955,-45.616201615597,-32.943039976348
30-Jan-2025 13:24:08,376,96,-0.0451521503428618,0.400148588418961,0.00910097199181716,0.137430349985758,-0.0189978443086147,-0.149462473392487,0.978985714912415,-76.0179262479428,-83.9354733183679,-48.5386950824539,-106.241389517445,-103.458011211186,-59.6166515865628,-51.67777771204,-43.4018332526918,-30.1477594551099
30-Jan-2025 13:24:45,376,97,-0.0422691076993942,0.393937007586161,0.00885762640585502,0.136545193195343,-0.0210353718449672,-0.146039914091428,0.979584264755249,-70.5130644282733,-76.4388017929057,-47.0626958702433,-100.289230470863,-100.255350874106,-57.3418230530919,-46.1144566846695,-41.2789999551809,-27.570729724856
30-Jan-2025 13:25:25,376,98,-0.0414426835874716,0.389705882469813,0.00649776126568516,0.124240840474765,-0.0162264999002218,-0.139055729905764,0.98232604265213,-66.0443067561359,-74.9972595810215,-43.3190281279556,-94.6022963099299,-98.4143186223029,-56.9129928331192,-43.1205910859414,-37.8519341903673,-27.4278253900941
30-Jan-2025 13:26:00,376,99,-0.0411082985500495,0.38574266632398,0.00565275133897861,0.12520532310009,-0.0193827137351036,-0.11982279419899,0.984677851200104,-61.6436011577646,-72.6832820259262,-41.5915261206294,-88.7479745918215,-95.6041004131389,-55.3821617698958,-42.9864532015347,-23.7227521919025,-25.5769837530782
30-Jan-2025 13:26:39,376,100,-0.0398594935735067,0.380803382396698,0.00588367034991582,0.111474591990312,-0.0153622632225355,-0.116124914089839,0.986839644114176,-57.5019215962762,-67.7580867992256,-38.9971069807839,-82.0599590951255,-94.5592892252942,-54.8753302850469,-38.5821791742885,-33.7925120766117,-23.9971734649354
30-Jan-2025 13:28:08,14,1,0.00221737921237946,0.321157848834991,0.042566479742527,-1.49221437519979e-05,-0.0068724169395864,0.00303112108570834,0.999971826871236,-5.62500000000001,-14.55,-4.80000000000001,-5.02500000000001,-12,-4.72500000000001,-5.62500000000001,-7.20000000000001,-5.10000000000001
30-Jan-2025 13:28:39,14,2,0.00486789792776108,0.327359805504481,0.0442688032984734,-0.00494478562225898,-0.00552285394320885,0.0432569312552611,0.999036502838135,-8.26944036568006,-19.3574883214393,-8.0504471337263,-7.91636643960853,-14.8420474568632,-7.21772847411795,-17.3121565058878,-10.5956003301516,-8.91950165222799
30-Jan-2025 13:29:10,14,3,0.00751847395052513,0.331961878140767,0.0445794838170211,-0.0171514332294464,-0.00717136555661758,0.0657436241706212,0.997663386662801,-12.8826307313601,-20.4899766428786,-10.1383942674526,-9.06398287921703,-18.0965949137263,-8.75420694823588,-25.3055630117756,-13.9162006603031,-11.876503304456
30-Jan-2025 13:29:44,14,4,0.0101850509022673,0.336517099539439,0.0448392875492573,-0.0312058517088493,-0.00967451576143503,0.0868903795878092,0.995682032903035,-17.1301960970401,-22.334964964318,-11.1950914011789,-10.3897243188255,-21.2573923705895,-9.7375604223538,-34.9770945176634,-17.3493009904547,-13.7272549566839
30-Jan-2025 13:30:17,14,5,0.0131079273298383,0.339587903022766,0.0465444164971511,-0.0380375554164251,-0.00936143584549427,0.118908509115378,0.992132206757863,-18.2699489627201,-27.0112032857574,-12.0361635349051,-10.829528258434,-22.7213148274527,-10.8193513964717,-42.7876885235512,-20.7636513206062,-15.1748816089119
30-Jan-2025 13:30:49,14,6,0.0155116401612759,0.342914793888728,0.0475831928352515,-0.0449644510944684,-0.00861486159265041,0.150469234585762,0.987554085254669,-19.7307955784002,-28.9030666071967,-13.1444231686314,-10.9013634480425,-23.2617997843159,-12.4003611205896,-50.867813779439,-22.8936266507578,-16.1959457611399
30-Jan-2025 13:31:22,14,7,0.018621809532245,0.346784414847692,0.048335320999225,-0.0536580425997575,-0.0085725457717975,0.177988781531652,0.982531078656514,-22.0271890690802,-29.8527424286361,-14.3862765523577,-11.989214262651,-24.2405659911791,-13.7059802197075,-59.0077046603268,-25.4314144809093,-17.9037286633678
30-Jan-2025 13:31:57,14,8,0.0216935490568479,0.350531868139903,0.0476191254953543,-0.0651365414261818,-0.0110671333968639,0.207198712229729,0.976065309842428,-24.3663559972603,-30.5563245000755,-15.019926811084,-12.0850728897596,-26.9384728230423,-15.4739040063254,-67.4774783537146,-28.0981085610609,-19.1298709405958
30-Jan-2025 13:32:31,14,9,0.0253097688158353,0.354495640595754,0.0490280325214068,-0.0754710818330447,-0.0117513385911783,0.240314535299937,0.967685381571452,-26.1269096441903,-32.3368596965149,-15.4244755073103,-12.2099354231181,-28.2459499674055,-16.1979801366934,-76.6371934533524,-29.9292557662124,-20.4151929053238
30-Jan-2025 13:33:06,14,10,0.0287278751532237,0.358648242553075,0.0494364269077778,-0.0767983824014664,-0.0119479323426882,0.281097614765167,0.956526748339335,-26.6981566504953,-33.6808714554543,-16.9894734222866,-12.8742999096016,-29.9082122680187,-17.5251324389363,-85.4668792561152,-31.642629533864,-21.8801047138018
30-Jan-2025 13:33:41,14,11,0.0302143834531307,0.362925394376119,0.0501681571205457,-0.082961550851663,-0.011571834422648,0.30936853090922,0.947245820363363,-28.7747503364879,-35.5566214956437,-18.6846959466378,-13.8834153726476,-31.3728671467569,-19.0788228271167,-93.9815504104405,-34.4221165827655,-22.9098114441547
30-Jan-2025 13:34:16,14,12,0.022980506469806,0.36373193860054,0.0482517684499423,-0.0711094697316488,-0.00930998331556718,0.295018863677979,0.952796240647634,-30.2281408663672,-38.30816912804,-19.8855130620934,-17.6060973095997,-34.5938811940189,-19.7588799859426,-92.7833520469963,-32.0879891004559,-20.8215995960074
30-Jan-2025 13:34:55,14,13,0.0191830447564522,0.365593936045965,0.0465222736199697,-0.0535877029101054,-0.00766488211229444,0.275182859102885,0.959866682688395,-32.1328680661684,-41.0051513307489,-21.1563863298928,-23.3649669906924,-37.6529933858124,-20.6830716662528,-91.7314000214427,-32.8703899384587,-20.0495864783287
30-Jan-2025 13:35:35,14,14,0.0158917866647243,0.366249487797419,0.0448747366666794,-0.0273439401139816,-0.00555995227769017,0.252879265944163,0.967095406850179,-31.8632636009305,-42.9998508186139,-22.312287673864,-29.2419305438554,-39.5811546498715,-21.1293306073053,-89.1025711648345,-32.9610549366177,-20.9106727258844
30-Jan-2025 13:36:18,14,15,0.0121699427564939,0.368334666887919,0.0454806958635648,-0.017591367661953,-0.00297758926947912,0.22294968465964,0.974666698773702,-36.0564933031731,-44.8684089490572,-25.2107030559212,-35.3279410330535,-40.7188404500634,-22.0116231787288,-86.6603038926988,-33.9058520148548,-21.1633086560573
30-Jan-2025 13:37:02,14,16,0.00728538023928801,0.369290002187093,0.0453748904168606,-0.00458006902287404,-0.00166113399124394,0.190033638477325,0.981765524546305,-38.4311400891559,-47.4988964007894,-26.9553754570213,-41.2934749902693,-42.4362885183217,-22.5869325653379,-83.3363174127996,-35.2027151331311,-22.0117194275388
30-Jan-2025 13:37:49,14,17,0.00302635088252525,0.371079824368159,0.0454030421872934,0.0113879368950923,-0.000509828014764935,0.150028728445371,0.9886159380277,-41.3214954170088,-50.5853485131663,-29.3981763676429,-48.2487706814938,-42.7186177206132,-23.5337503595398,-79.7964713290184,-36.8256112714269,-22.6330176196745
30-Jan-2025 13:38:36,14,18,0.000406239059520885,0.372606482108434,0.0459100214143594,0.0391069067021211,-0.00109190116636455,0.120418114463488,0.991952113310496,-41.9947050157968,-53.5247829558653,-31.3650415330253,-54.9489472397227,-43.6333874899212,-23.241322357538,-76.5236954432964,-37.1865239197326,-22.9157595221375
30-Jan-2025 13:39:17,14,19,-0.000423889558684702,0.3721517821153,0.0431458589931329,0.0699454352259636,-0.00405615167692304,0.108291912078857,0.991647191842397,-38.9548390248163,-52.6172794833278,-29.926302365337,-59.9548378035354,-42.9233851332173,-23.1528533324223,-74.6310942737442,-36.6441450314425,-22.1746514637116
30-Jan-2025 13:39:58,14,20,0.000422547468527531,0.37391857902209,0.0398569283386071,0.0866563255588214,-0.00440054324766,0.0816613828142484,0.992876029014587,-41.0231866015696,-50.7355215933708,-28.7435792613389,-64.7844485840992,-44.6589929182674,-24.6295728582557,-71.9802606537067,-38.4112702706549,-22.8489043328676
30-Jan-2025 13:40:38,14,21,-0.00105728740648677,0.37464352051417,0.036241436501344,0.101387317478657,-0.00654056969409188,0.0560434773564339,0.99324570496877,-42.2706409621897,-48.6666364947041,-27.9888641891859,-69.6759194730385,-47.4674057741946,-25.3888866595637,-68.7253108084266,-38.2581475736185,-23.7808376658144
30-Jan-2025 13:41:15,14,22,-0.000825289508793503,0.3753979464372,0.032627912859122,0.13274789750576,-0.00748075985660156,0.04367971966664,0.990158665180206,-40.4826487147433,-47.4791877916825,-26.3981531329554,-74.7483204161656,-48.1122211655602,-25.2644975986089,-66.6683028505252,-37.6699009084577,-24.1666112306567
30-Jan-2025 13:41:52,14,23,-0.000995369368077566,0.376086487372716,0.030568961178263,0.154765456914902,-0.00742748367289702,0.0299365861962239,0.987469661235809,-39.8019331632636,-48.0074572864835,-25.2894440846862,-79.6861863863866,-48.4252378246451,-25.8232571065228,-65.3602658363131,-38.0640922592348,-25.0293049114467
30-Jan-2025 13:42:29,14,24,-0.000921345863025636,0.377368513743083,0.0293292986849944,0.170341428120931,-0.0058222985205551,0.00640164132540425,0.985347127914429,-41.0248559597673,-49.4685858801957,-24.4217360403976,-84.1817848701546,-49.3973551175896,-27.0235908988709,-62.5517142939457,-39.6995026179808,-26.7304586502105
30-Jan-2025 13:43:05,14,25,0.000223314842151012,0.378186476230621,0.0257469574610392,0.197250281771024,-0.00291197172676524,-0.0140680431698759,0.980247934659322,-40.1245979302626,-48.9961440233637,-23.8995284980994,-89.281249610696,-50.0240227274639,-27.6447118334363,-58.6929054875007,-43.5305224807112,-27.8758424179613
30-Jan-2025 13:43:39,14,26,0.00247782541749378,0.379087269306183,0.0243226877103249,0.21853843331337,0.0028513783433785,-0.03864632944266,0.975058619181315,-40.2627494877538,-47.9319169412594,-24.3000712067963,-94.1576474796241,-49.1279654958032,-27.9012263391102,-54.2339680490168,-46.9593470954338,-29.7183412002056
30-Jan-2025 13:44:13,14,27,0.00512894336134195,0.380318826436996,0.0236677742252747,0.241343681017558,0.00965559414277474,-0.0590474786857764,0.968593529860179,-39.570105838743,-49.1217972465191,-24.7119890409908,-99.2975119127457,-49.7955458433751,-28.2754376303384,-52.0249662945135,-52.1370740861526,-31.9843974896966
30-Jan-2025 13:44:48,14,28,0.00634602783247828,0.382200213273366,0.0213417896380027,0.246267214417458,0.0125625664989154,-0.0514598451554775,0.967753366629283,-39.9821061787412,-48.9240334196256,-25.7738753983151,-100.789143827319,-51.7761258044443,-30.9882175995829,-54.5086583798434,-56.6476533238294,-32.5555629355895
30-Jan-2025 13:45:24,14,29,0.00591362624739607,0.383801182111104,0.0176818580677112,0.249328842759132,0.0139936971788605,-0.0545769381026427,0.966778516769409,-40.973907717114,-49.8522964395731,-26.0511055370137,-102.19664238294,-55.5726151603217,-34.5179217652159,-55.3423343861684,-59.0454581555052,-33.4951177582941
30-Jan-2025 13:45:59,14,30,0.00584675194695592,0.384672347704569,0.014217867081364,0.243860924243927,0.0147118921702107,-0.0543306191762288,0.968175403277079,-41.8806098546739,-49.6935728829412,-27.0610075663996,-102.362074259086,-59.9020592136031,-38.0060880290432,-56.101002352991,-60.6118757841806,-35.2188672694046
30-Jan-2025 13:46:35,14,31,0.0053900350506107,0.385616185267766,0.00867653011033932,0.237202645341555,0.0154412298773726,-0.0473775518437227,0.970181365807851,-42.6697622918275,-49.4413560380195,-26.9372455411291,-101.606472795493,-65.9979806155866,-40.9484853419676,-57.8721663000623,-61.8375998113557,-36.059714124718
30-Jan-2025 13:47:11,14,32,0.00534600814183553,0.386365000406901,0.00439630423982938,0.226473146677017,0.0162031239519517,-0.0420710993309816,0.972973493734996,-43.7001398787779,-49.667392548953,-28.4216514885304,-100.240354662032,-73.352140691921,-44.2179981794407,-58.6495782372581,-63.2679770377807,-38.1841096521328
30-Jan-2025 13:47:47,14,33,0.00300701088272035,0.386745760838191,-0.000721970584709197,0.217256812254588,0.0119694832712412,-0.0344312975804011,0.975433607896169,-44.2511300406268,-49.982555737814,-28.9851414222676,-99.0189781936363,-81.185420105431,-47.501068779188,-59.6051141695161,-64.2756808638307,-37.6502795155983
30-Jan-2025 13:48:22,14,34,0.00111589479104926,0.387408041954041,-0.00605918054158489,0.202060709396998,0.0113842990249395,-0.0338268553217252,0.978722469011943,-45.7624264899248,-49.7422822656388,-29.7631733491727,-96.9699725577733,-89.1832591875286,-50.7159182600724,-59.5997120993051,-65.1470479896931,-38.4123365470893
30-Jan-2025 13:49:00,14,35,-0.000943416461814195,0.388390789429347,-0.0122916030387084,0.194166163603465,0.00804614809652169,-0.0290481816977263,0.980505502223968,-46.1788760829474,-49.2992904629455,-31.5484762726618,-96.0071523381767,-97.1883781039202,-55.9216571815254,-60.5388410278597,-66.8502467654618,-38.7723371625929
30-Jan-2025 13:49:39,14,36,-0.00203750366345048,0.390939329067866,-0.0201859237005313,0.186723159750303,0.00237060594372451,-0.0158788108577331,0.982281402746836,-46.7229022478323,-48.7549394949931,-32.1874146944429,-94.6124248267132,-105.647136937459,-60.9228408232627,-63.3752354557971,-69.1193613661836,-39.1563095701029
30-Jan-2025 13:50:23,14,37,0.00166913816550126,0.38935337861379,-0.0173229201386372,0.15607283214728,-0.00560625307261944,0.011389503069222,0.987664000193278,-45.5994571996531,-46.2345287641095,-32.1479427571889,-87.1531530841521,-107.629961399271,-58.6403316419619,-66.3154893344998,-69.997731820255,-39.3103788260224
30-Jan-2025 13:51:09,14,38,0.00644790673007568,0.387667032082876,-0.0141044931486249,0.141212555766106,-0.0113148093223572,0.0341884965697924,0.989324116706848,-44.1704062944395,-45.9387782419112,-29.946879694508,-82.7734045186243,-104.963695840369,-56.4941836407322,-68.9050595880481,-70.3050812305648,-39.3579410299435
30-Jan-2025 13:51:46,14,39,0.0133892708147566,0.385367260376612,-0.0100508413588007,0.137460974852244,-0.015874037394921,0.0591074789563815,0.988614626725515,-39.4385524607088,-22.305357824055,-29.8150210691135,-78.5834175416131,-101.772885271111,-54.2662162295381,-71.0942880290194,-71.3769201189937,-39.8022497078654
30-Jan-2025 13:52:14,14,40,0.0183578863739967,0.381321664651235,-0.00490397047251463,0.115516168872515,-0.0258827564616998,0.0927363847692808,0.988628363609314,-26.8302971627195,-7.6281024583703,-13.3177646623624,-68.1133113588602,-92.9198021966752,-48.3223391133617,-73.533345563702,-66.8310037464822,-35.4949316227877
30-Jan-2025 13:53:09,14,41,0.0209545052299897,0.380329004923503,0.0034281730496635,0.081574971973896,-0.0295048573364814,0.121890895068645,0.988745486736298,-37.9588411326007,-43.9289296187719,-28.2378093649328,-62.9031455732366,-91.8105828696498,-48.0205071446942,-78.2723176452403,-71.7012097435004,-37.5118001562102
30-Jan-2025 13:53:34,14,42,0.0342992603778839,0.378762016693751,0.00715117293099562,0.0619225449860096,-0.0367665755252043,0.160521973172824,0.984401611487071,-21.2057847364174,-14.7437980422155,-10.2665046221641,-54.9979499861775,-84.1482954163298,-42.8896977497812,-81.6112470002065,-77.2294769252835,-34.8157619988828
30-Jan-2025 13:54:28,14,43,0.0293256685137749,0.3794739762942,0.0120211654653152,0.0406344689428806,-0.0414596435924371,0.183650358517965,0.98127597173055,-36.6477561840754,-43.1487921696559,-27.3493882002104,-52.666172199617,-85.5986931053398,-43.0723197517315,-86.4865232556405,-73.1385997499024,-36.2974935286545
30-Jan-2025 13:55:10,14,44,0.0291391879320145,0.378909728924433,0.0141097494711479,0.033565158645312,-0.0462959473331769,0.207954802115758,0.976465507348378,-34.4318275402174,-41.9447966128568,-26.646934416922,-50.4481369626977,-82.6733237627762,-41.8976973971204,-90.7867888294314,-68.7997378707125,-35.9634983857387
30-Jan-2025 13:55:54,14,45,0.0282572073241075,0.378567643960317,0.0176132757216692,0.0191192481666803,-0.0496340021491051,0.232633342345556,0.971109008789062,-34.1869488506013,-42.6613062139379,-26.1268119529661,-47.311973000599,-78.7600709044258,-40.2694528642286,-95.0245490624008,-64.8618836396182,-34.3466399064792
30-Jan-2025 13:56:36,14,46,0.0275066420435905,0.378636606534322,0.0222602805743615,-0.000530713346476356,-0.0510460510849953,0.252765681346258,0.966179879506429,-35.9775951381061,-43.0630683939592,-24.8728551486765,-43.7167446759106,-74.202876288182,-38.0393972421964,-99.2310566249595,-61.0495332325717,-32.0133497590479
30-Jan-2025 13:57:17,14,47,0.029331111907959,0.37964365084966,0.0283533819019794,-0.0200191885232925,-0.0461281259854635,0.243029629190763,0.968714658419291,-40.2500992258473,-44.5188424527393,-24.9537357266162,-42.5346331535188,-68.673040870599,-36.8416628721495,-99.6015532042228,-62.2312333931355,-35.2460548630755
30-Jan-2025 13:57:57,14,48,0.029202492783467,0.380111598968506,0.035843696941932,-0.0500336527824402,-0.0402077163259188,0.226254748304685,0.971951027711233,-46.6064845578686,-45.4459296562544,-25.1886577194725,-40.7502555404797,-63.6947200135426,-34.7809757298175,-98.7267366158834,-63.4068095097113,-35.0746520500601
30-Jan-2025 13:58:35,14,49,0.0291241629670064,0.380200467507044,0.0418272013465563,-0.0705057829618454,-0.0356432509919008,0.205506458878517,0.975461761156718,-51.9798105120301,-45.3586734321369,-25.7256004197871,-39.1897448821168,-59.0671564367495,-33.038812201343,-96.2542634437427,-64.504323604293,-35.1511952785232
30-Jan-2025 13:59:13,14,50,0.0296650250752767,0.380231716235479,0.0473178503413995,-0.0900288542111715,-0.0322072580456734,0.189545795321465,0.977205165227254,-57.4616067772617,-49.1892454942032,-25.7385534738308,-37.6661677010921,-54.2399715000882,-32.2059104797972,-93.8079619797013,-66.0878066878778,-35.8767115277257
30-Jan-2025 13:59:51,14,51,0.0308012483020624,0.381007655461629,0.0516799998780092,-0.121264761686325,-0.0335031261046728,0.169779712955157,0.977418680985769,-64.3476381980282,-48.9037316993614,-25.4895117047392,-36.3860572587364,-50.3629758834926,-31.6776396617158,-91.9747463697096,-67.989274265964,-35.8767142872977
30-Jan-2025 14:00:28,14,52,0.0301874859879414,0.381732972462972,0.0550565928220749,-0.145804221431414,-0.0341481978694598,0.14012738664945,0.978743775685628,-70.2857871965623,-49.7851749760654,-26.0844725240798,-35.1526801857153,-48.9110749269299,-31.2266842953665,-89.0980736867427,-68.624734091301,-36.6389603020546
30-Jan-2025 14:01:06,14,53,0.0295256638278564,0.382475753625234,0.0576927880446116,-0.169863393902779,-0.0370414758721987,0.114108378191789,0.9781378587087,-76.4249949839801,-50.7250967885424,-26.4264346376366,-33.3426697973614,-48.0717213003837,-30.9643866548833,-86.5246724672882,-69.6771900402633,-37.4073279444038
30-Jan-2025 14:01:43,14,54,0.0288723689814409,0.38309189081192,0.0595363229513168,-0.195534490545591,-0.0414010914663474,0.0818167765935262,0.976400685310364,-82.8897321658398,-50.2692578689059,-26.8668973983014,-31.7693427513412,-48.2886413388457,-30.5714178773332,-83.57790697959,-70.4881440510384,-37.9537564005493
30-Jan-2025 14:02:22,14,55,0.0268973878274361,0.384826703866323,0.0634443382422129,-0.218815305829048,-0.0453848108649254,0.0553742359081904,0.973136087258657,-89.2172340449204,-52.4905385832127,-28.2566104825203,-31.1393573764878,-48.2086982098118,-30.7131135312495,-82.1694593577698,-71.1033470927198,-38.9892152635929
30-Jan-2025 14:03:02,14,56,0.026478365684549,0.386345036824544,0.0642663006981214,-0.232318604985873,-0.0503007958332698,0.0280869563420614,0.970932062466939,-95.6261182726115,-53.8753791144911,-28.0959487285162,-31.9560428372178,-47.6803234970299,-31.1221414008992,-80.5551706688887,-72.7456746498543,-40.3441893300855
30-Jan-2025 14:03:45,14,57,0.0247064317266146,0.388416554530462,0.065759864449501,-0.244971473018328,-0.055147294451793,-0.00185195174999535,0.967958867549896,-102.000693674608,-54.9169995542553,-28.7350995554006,-33.6460637157394,-48.5027329923743,-32.1148353784155,-78.4629614464771,-74.5265644647155,-41.1839209983026
30-Jan-2025 14:04:26,14,58,0.0237945669641097,0.388429347674052,0.066944365700086,-0.248116147518158,-0.0572514283160369,-0.0179179073621829,0.966871050993601,-103.574989726225,-54.1880402512736,-31.1882877015977,-34.3999807460248,-48.1611319984181,-31.1682769905461,-76.244146441281,-74.6950492585109,-40.9263042697804
30-Jan-2025 14:04:54,14,59,0.0236356243491173,0.386441850662231,0.0737350439031919,-0.26221769452095,-0.0625500820577145,-0.0324007300039132,0.962434180577596,-103.828208571417,-52.7732759254136,-32.528928993017,-25.9597316307582,-27.3072270564933,-18.7051351296436,-72.4433513027023,-74.485674616738,-40.6898769416893
30-Jan-2025 14:05:42,14,60,0.0176651810606321,0.387048254410426,0.0727346703410149,-0.248882428805033,-0.0562604745229085,-0.0507410953442256,0.965565987428029,-105.070888813399,-57.5406090881142,-36.4632968570472,-34.4473994427155,-48.6971701405845,-30.4087015322241,-70.0265660974323,-74.762370257181,-40.4640443138138
30-Jan-2025 14:06:23,14,61,0.0142167621602615,0.387318259477615,0.0777179618676504,-0.242998724182447,-0.0551127888262272,-0.0568441751102606,0.966790024439494,-104.933299753774,-62.6989909950951,-39.3695280073831,-35.3490257182848,-47.7840372376836,-29.9706220665465,-66.3517858588166,-75.4321010387318,-40.3935090360461
30-Jan-2025 14:07:05,14,62,0.00877061976740758,0.388540623585383,0.0790709416071574,-0.230429921547572,-0.0555548464258512,-0.0809484675526619,0.968123499552409,-106.880576043346,-72.7028972742163,-39.4366908008717,-38.90763122566,-45.2443663412866,-32.8367196667397,-63.3230081035282,-75.3983493908366,-40.5506224333322
30-Jan-2025 14:07:52,14,63,0.00579890881975492,0.388436798254649,0.0826718201239904,-0.225935928026835,-0.0572085358202457,-0.0948832447330157,0.967820906639099,-107.245285007517,-78.0795657394075,-40.6343194159366,-39.7447263489383,-44.2914264481414,-33.4549057998684,-60.3172315899033,-75.8378565282184,-40.3715601681453
30-Jan-2025 14:08:20,14,64,-0.0041647642540435,0.387841248512268,0.0941744988163312,-0.241983685890834,-0.0543699843188127,-0.103272024790446,0.963235529263814,-108.018710308987,-84.3676152976338,-43.2971809417898,-25.1960662801682,-19.1568520566216,-14.5741361994648,-56.1229556971102,-69.9889930582387,-36.4244100717219
30-Jan-2025 14:09:17,14,65,-0.0118892749150594,0.391249255339305,0.0962696428100268,-0.228044690688451,-0.0519867887099584,-0.132045995195707,0.963253291447957,-112.596493779106,-94.1113554023776,-52.542658923037,-41.8795286153737,-44.0314604159158,-34.5438887322951,-53.509430114733,-72.9209442845782,-37.5682160596802
30-Jan-2025 14:10:02,14,66,-0.0137597273414334,0.392874189217885,0.102502412597338,-0.220684439937274,-0.0536392770707607,-0.132663040359815,0.964791051546733,-111.426456333551,-101.38294078038,-56.9794451319813,-43.6540521525673,-44.2606601506164,-14.2389023317421,-52.8862796875637,-74.6933028590773,-38.3325000898294
30-Jan-2025 14:10:34,14,67,-0.0214112444470326,0.391799769798915,0.102120893696944,-0.229925755659739,-0.0437227028111617,-0.136804698904355,0.962552344799042,-111.89114929622,-99.9348014389101,-53.0655274317864,-41.5795633244246,-17.3968121236517,-4.89434039487715,-50.9405396910389,-67.5556674997255,-34.7873899921719
30-Jan-2025 14:11:30,14,68,-0.033674631267786,0.392527860403061,0.102010087668896,-0.23630323211352,-0.0279523332913717,-0.146376942594846,0.960183990001678,-114.668887029971,-104.243623415755,-57.2869367885157,-41.6653397967789,-44.7841119405399,-33.8935937246666,-49.3423934833161,-58.0281339774136,-31.0723994050621
30-Jan-2025 14:11:55,14,69,-0.0389761986831824,0.39139549334844,0.106995207071304,-0.258025858799616,-0.0210878512511651,-0.145265676577886,0.954921929041545,-115.228147149262,-100.780926051757,-52.9010096737072,-19.8812489193813,-18.2219856793528,-15.164754687783,-47.0930441699944,-48.7306513736216,-27.8724685732261
30-Jan-2025 14:12:55,14,70,-0.0466125475863616,0.393681158622106,0.103099597493807,-0.25586697657903,-0.00987854314347108,-0.160313012202581,0.953275549411774,-118.578168461324,-107.082469017337,-55.9114143231297,-40.0372243671084,-45.0101463791297,-33.6968694675631,-46.7680933038731,-42.9231942290896,-26.8050676190271
30-Jan-2025 14:13:48,14,71,-0.0452695392072201,0.395928289492925,0.101224961876869,-0.275797532002131,-0.00921783658365409,-0.176510226726532,0.944825331370036,-123.998570369771,-102.366132147707,-52.1199848546677,-40.2132329773977,-47.2484505593879,-34.1094611556751,-46.880341661352,-43.7357498141875,-27.4039316036464
30-Jan-2025 14:14:43,14,72,-0.0453896420697371,0.396622383594513,0.101108613113562,-0.278148074944814,-0.00748266587033868,-0.178676395614942,0.943743848800659,-125.27916257641,-108.790855360472,-50.4776383272636,-40.599258168968,-46.3618264798867,-34.6122912979529,-46.8361896306311,-42.6833117641004,-27.6359280576751
30-Jan-2025 14:15:44,14,73,-0.0489286832511425,0.39831666747729,0.103957615792751,-0.277800816297531,-0.00426943112785618,-0.178930762410164,0.943817929426829,-126.889849932146,-111.786108614434,-56.2098332703883,-41.3902916511789,-48.2627382705058,-35.3102406673135,-47.4638374058102,-43.0983768964211,-27.2344907464083
30-Jan-2025 14:16:32,14,74,-0.0453725303212802,0.395824031035105,0.100706451137861,-0.272582995891571,-0.00632809152205785,-0.175640158851941,0.945943478743235,-123.254135666135,-103.289262060168,-51.6183224579161,-40.7307804636995,-46.3211883024766,-33.8528407269133,-46.3949529134284,-42.2043825555949,-26.5351369438704
30-Jan-2025 14:17:21,14,75,-0.046948662151893,0.394851984580358,0.100144442419211,-0.269063077370326,-0.00653036556517084,-0.183191946148872,0.945517416795095,-123.563445187398,-106.010048016202,-54.6829470130761,-40.7725213488801,-46.6140223019774,-33.8692205932838,-44.2940183725216,-41.4897640103705,-25.8274247000086
30-Jan-2025 14:18:01,14,76,-0.0436168693006039,0.393186267217,0.101508976519108,-0.269926387071609,-0.0122008758286635,-0.178873048226039,0.946041933695475,-120.145266602298,-99.4896502273853,-50.5506392520523,-38.6148882703905,-43.2990482852431,-22.2474903630398,-43.7770588073524,-40.6398333629469,-25.7155332354849
30-Jan-2025 14:18:50,14,77,-0.0450051714976629,0.39253114660581,0.0995632107059161,-0.263970216115316,-0.00802023199697336,-0.176408475637436,0.948227552572886,-120.788343964017,-104.848660566143,-52.5698653329365,-39.257568210066,-44.0301702603915,-32.3317050844883,-43.6770867300518,-40.1722466644239,-25.3015521606302
30-Jan-2025 14:19:38,14,78,-0.0478856628139814,0.394762831926346,0.101920868456364,-0.269210018714269,-0.00614197812974453,-0.182415089011192,0.945628376801809,-123.387049299145,-107.297374968689,-55.3398583347746,-40.4004046588241,-44.9093402314814,-33.3938922817834,-44.1606083966857,-41.3208319403512,-25.1115262806101
30-Jan-2025 14:20:25,14,79,-0.0472512875994047,0.395795778433482,0.0999651193618774,-0.271970434983571,-0.0031855060874174,-0.179794324437777,0.94535493850708,-123.813568620977,-110.315941403128,-50.3102347970899,-40.8183193621236,-47.6625342005421,-35.4200657170016,-44.9358769352867,-41.2525032035035,-26.3834779980073
30-Jan-2025 14:21:10,14,80,-0.0494397270182768,0.395226047436396,0.0970499848326047,-0.261600613594055,0.000632281628592561,-0.176988312602043,0.948809723059336,-122.778994936162,-108.744433853514,-52.1058029896436,-41.9987731926938,-50.902740168588,-35.5282322711815,-45.0320189098713,-39.3007174602684,-25.7614185141131
30-Jan-2025 14:21:56,14,81,-0.0485977903008461,0.394531611601512,0.0911422436436017,-0.252888147036235,0.00335594598824779,-0.174830471475919,0.951562225818634,-121.838874748023,-108.102889311874,-51.9889670473166,-43.1104965868994,-54.5364521361267,-36.5523953848421,-45.3135976024477,-40.0822032138395,-27.2673534295733
30-Jan-2025 14:22:38,14,82,-0.0485501209894816,0.391823349396388,0.0861724947889646,-0.237803785999616,0.00615039976934592,-0.167951291799545,0.956662929058075,-117.477130445897,-102.262885739132,-52.5213933667115,-43.1624144880135,-58.6690635654097,-37.1853146059486,-44.2169521802167,-39.4529203287594,-26.8107679478899
30-Jan-2025 14:23:20,14,83,-0.0495265141129494,0.3886119445165,0.077124776939551,-0.205106305082639,0.0102458242947857,-0.152881422638893,0.966671490669251,-109.38899951794,-103.742872918383,-51.9382186523862,-44.7721497800365,-62.7500514945657,-38.7222329669254,-43.8416659374836,-36.9944553178807,-26.4361810660451
30-Jan-2025 14:24:06,14,84,-0.0488839827477932,0.387191178401311,0.0710423509279887,-0.162991264462471,0.00878636868049701,-0.134113301833471,0.977430466810862,-101.987675277067,-104.682855473631,-51.9222434212009,-48.6607937675139,-67.2552276736584,-40.5611508978372,-44.9520592844994,-37.1463992441027,-26.5525934841196
30-Jan-2025 14:24:51,14,85,-0.0521262186268965,0.385926761229833,0.0643159727255503,-0.12570409476757,0.0085631617034475,-0.126348733901978,0.983951822916667,-95.304754379737,-105.877835716877,-51.6648679315854,-51.5888921027185,-72.4974979777193,-43.1510686137166,-44.4052924263897,-35.1535476388752,-26.6145055521537
30-Jan-2025 14:25:36,14,86,-0.0502583461503188,0.385246104001999,0.0556807572642962,-0.0796046768625577,0.00310145349552234,-0.116242163876692,0.9900208512942,-87.8560351541778,-104.800314804122,-51.286792312755,-57.1117176117867,-77.6583153442644,-45.2164862220797,-45.0549454657173,-35.0132982679228,-27.8491674451677
30-Jan-2025 14:26:22,14,87,-0.0516949633757273,0.384726387262344,0.0472973845899105,-0.0471510633826256,0.000253253501917546,-0.117679803570112,0.991931569576263,-83.9244167645041,-103.411543313367,-51.673366629317,-60.6319067077867,-82.6284062420516,-47.8446537766847,-44.2028084537635,-34.7493500141081,-27.6452042506715
30-Jan-2025 14:27:05,14,88,-0.0475962825119495,0.382229711612066,0.0379251142342885,-0.043045761436224,0.00362360556609929,-0.119704902668794,0.991869338353475,-81.4148278508101,-93.642322599049,-46.7740557757524,-60.9707284727421,-84.5299858841393,-48.4618241232089,-42.2563569205796,-33.9405706134465,-26.6871394891709
30-Jan-2025 14:27:46,14,89,-0.044726021339496,0.37906602025032,0.0284953334679206,-0.0284886110574007,0.00548782125115395,-0.126709422469139,0.991515525182088,-77.0470141460875,-85.2952892402309,-41.9159074060359,-59.3838911344304,-86.4588839090375,-48.7321819562935,-37.8344578745753,-32.0883664920692,-25.8944184557927
30-Jan-2025 14:28:26,14,90,-0.0423931951324145,0.376834438244502,0.019974176834027,-0.0198765465368827,0.00793498884886503,-0.122776498893897,0.992203585306803,-73.5500880458507,-76.6093495591628,-38.7283402782435,-59.0092242444853,-88.476441125341,-49.2791335326584,-36.2998350721608,-30.3144500103341,-25.3343692864757
30-Jan-2025 14:29:05,14,91,-0.0381917712589105,0.375694046417872,0.00801840610802174,0.0149558544158936,0.0120257401838899,-0.124684658149878,0.992010839780172,-67.4136057478566,-66.1039567169696,-34.5760637714131,-62.6156425787233,-91.1383279373471,-50.4143819806634,-33.9588503915413,-30.0046773484201,-25.4156560491894
30-Jan-2025 14:29:45,14,92,-0.0341957417627176,0.375554611285528,-0.00206858296878636,0.047675858438015,0.0136529912551244,-0.128542029857635,0.990463352203369,-62.5073453509841,-57.538837294214,-30.8414325750637,-66.9376035250529,-93.5973795472045,-51.2437788644884,-32.3396847718192,-30.1269765964167,-24.8426107779184
30-Jan-2025 14:30:24,14,93,-0.0327834817270438,0.375216627120972,-0.00956527528663476,0.0527164759735266,0.0165618006139994,-0.12526716987292,0.990583109855652,-59.4911959046722,-51.143854581177,-27.9906240339548,-66.3673357774284,-95.7300135559876,-52.0702499662235,-31.5314286825458,-29.7153117993686,-24.092399489655
30-Jan-2025 14:31:06,14,94,-0.031797989209493,0.375172436237335,-0.0133903762325644,0.0695312604308128,0.0154463498542706,-0.119996574521065,0.990215988953908,-56.2201019336407,-48.3839402229994,-26.9317268204662,-67.7009536828267,-97.7744387642335,-52.4452581769135,-31.5786273584968,-30.2366649797981,-23.8536051928955
30-Jan-2025 14:31:49,14,95,-0.0318032125631968,0.375304273764292,-0.0179833521445592,0.0874775191148122,0.0146628223980467,-0.114318058391412,0.989476688702901,-52.7465357002493,-45.5665600422515,-26.2437852707876,-69.6865144147366,-98.9497595722108,-54.5445349420811,-31.4535534170599,-30.2495271489665,-23.5705193918879
30-Jan-2025 14:32:34,14,96,-0.0313329416016738,0.374784638484319,-0.0214259468019009,0.101369479795297,0.0120069675768415,-0.104596350590388,0.989262223243713,-49.1717333356781,-44.6704469502184,-25.1413215530142,-69.7480465599021,-100.065528180054,-55.5559459844875,-31.6173431669291,-29.4831438125043,-23.8652878387563
30-Jan-2025 14:33:23,14,97,-0.032586158066988,0.374936930338542,-0.0242579599221547,0.116672113537788,0.00745537855351965,-0.0983143096168836,0.988264322280884,-46.0713129055168,-44.209967402543,-25.7815967511932,-71.0975644116955,-101.52652068783,-56.6984241655132,-31.7005647624514,-30.0521377232268,-22.9489834095626
30-Jan-2025 14:34:12,14,98,-0.0324014189342658,0.374880975484848,-0.028379620735844,0.124275136987368,0.00470769992098212,-0.0858373433351517,0.988516835371653,-42.7580834425606,-43.8173046270466,-24.4432414073485,-70.4660751168029,-103.760125145572,-57.6814359158486,-32.6435022808002,-29.7138202575416,-23.602142542338
30-Jan-2025 14:35:00,14,99,-0.0329771138727665,0.377868022521337,-0.030007466673851,0.131892628471057,0.00353335797165831,-0.0885131046175957,0.987298011779785,-45.1882642693664,-45.5657917773505,-27.0432570150052,-73.7342325714053,-105.896935741276,-60.0047299849858,-35.0252344529331,-32.262501630228,-24.5094261720431
30-Jan-2025 14:35:44,14,100,-0.0348492729167144,0.380756783485413,-0.0305185406158368,0.13777648806572,0.00487676964451869,-0.0934092481931051,0.986036821206411,-47.1527428379735,-48.6812331206989,-28.286114987156,-78.0071382393363,-109.089399324472,-61.8006574464504,-36.5718956057727,-32.4093551588124,-25.7715756922404
30-Jan-2025 14:37:15,352,1,0.00200065294435869,0.321546753247579,0.041706586877505,0.00391011664954325,-0.00771890034278234,-0.00211506484386822,0.999960358937581,-6.00000000000001,-13.5,-4.65000000000001,-5.47500000000001,-12.375,-4.65000000000001,-4.95000000000001,-6.75000000000001,-5.62500000000001
30-Jan-2025 14:37:48,352,2,-0.0049673312343657,0.325094429651896,0.0387685522437096,0.0253778160860141,-0.00704909606526295,-0.037506431589524,0.998949237664541,-9.46220335466981,-17.7043558461314,-8.09044677425111,-13.175595318047,-17.0305947705735,-8.22231978183161,-3.88572231267213,-7.45765879476579,-5.74209527685949
30-Jan-2025 14:38:19,352,3,-0.0107591846336921,0.326550088326136,0.0348651193082333,0.0459619785348574,-0.00706014251336455,-0.0586024753749371,0.99719778696696,-10.2619067093396,-18.8337116922629,-11.1558935485022,-20.2574406360939,-19.792439541147,-13.3696395636632,-1.24644462534423,-5.12781758953156,-4.79044055371897
30-Jan-2025 14:38:48,352,4,-0.0162029149631659,0.328526059786479,0.0314055639008681,0.0783032645781835,-0.00912351968387763,-0.0817662591735522,0.993528894583384,-10.4053600640094,-20.9005675383943,-13.7338403227533,-27.2549109541409,-22.3574093117206,-15.7044593454948,2.03033306198368,-4.27922638429732,-3.22941083057844
30-Jan-2025 14:39:20,352,5,-0.017430125673612,0.329837699731191,0.0297745042790969,0.114396949609121,-0.0149568653975924,-0.0837616041302681,0.98978465795517,-7.5956884186792,-20.3611733845258,-14.8680370970044,-33.6101937721879,-23.3989415822941,-14.0830291273264,2.02586074931162,4.22873982093685,-2.7886936074379
30-Jan-2025 14:39:54,352,6,-0.0167372220506271,0.331274964412053,0.0234177162249883,0.141130574544271,-0.0162301472077767,-0.0854807967940966,0.986160147190094,-6.60945427334901,-20.5436542306573,-12.0553588712555,-38.8943828402348,-25.7787551028677,-14.008473909158,1.88076343663958,-2.93360647382888,2.34186736570261
30-Jan-2025 14:40:28,352,7,-0.016530991345644,0.33648583094279,0.0297209662695726,0.115122337142626,-0.012178206940492,-0.103312655289968,0.987889222304026,-15.8695689320352,-25.3331047923937,-16.0460616378054,-40.9525917597348,-26.5525881139377,-16.4360944628747,-2.24678538682717,-9.54416258064614,-5.58048192338775
30-Jan-2025 14:41:00,352,8,-0.0189045657714208,0.339627822240194,0.0357287965714932,0.0933364187677701,-0.0114332929253578,-0.11943933069706,0.988378409544627,-23.2230429657213,-30.4905241041301,-18.7125456543553,-42.5180272417347,-26.3109914375077,-17.2629337665915,-3.78449046029396,-11.2222968124635,-6.63037027497813
30-Jan-2025 14:41:31,352,9,-0.0182369844367107,0.343549960851669,0.0413545762499173,0.0628670106331507,-0.0104260561366876,-0.128227558732033,0.989695278803507,-31.3481966869075,-35.0069277908665,-21.3919202959053,-43.1620760049847,-28.3366799173277,-17.2143824453082,-6.35227365876075,-14.6342201067808,-9.26902815781852
30-Jan-2025 14:42:00,352,10,-0.0192755935092767,0.345586119095484,0.0473215232292811,0.0550712158282598,-0.0130165568863352,-0.123475048939387,0.990732761224111,-34.1591902518436,-40.0278236651029,-24.0027402499552,-43.3454314088596,-27.5210109752727,-16.5031358115249,-8.61009591972755,-15.6130379323481,-10.8270708062839
30-Jan-2025 14:42:31,352,11,-0.0210051881770293,0.349724406003952,0.0528209117551645,0.027047989393274,-0.0126929763083657,-0.133642982443174,0.990579068660736,-43.4631037386548,-45.5259656330893,-26.8042828602551,-44.1234401330471,-27.7596633222801,-16.8105415214916,-11.8379377119444,-18.0753030235405,-12.3698058375618
30-Jan-2025 14:43:04,352,12,-0.0231377641359965,0.352788392702738,0.0580178712805112,0.00745236308624347,-0.0129636482646068,-0.133129376173019,0.990985866387685,-48.9634771864034,-50.1377306479506,-33.60118679868,-44.2987755173908,-29.7254763138189,-17.7022734033334,-15.2507892697862,-19.9292917475453,-13.829887060246
30-Jan-2025 14:43:39,352,13,-0.024665059770147,0.356689520676931,0.0620451547205448,-0.0100155510008335,-0.0119393252457182,-0.124843264619509,0.992054120699565,-54.0620806146208,-54.3813071862495,-37.7457714011674,-45.2227742318126,-32.9298696276232,-18.6611683711126,-19.7311457104404,-22.7541422879564,-14.8736413786333
30-Jan-2025 14:44:15,352,14,-0.0199713531881571,0.357226894299189,0.0536852337419987,-0.00515922211731474,-0.0104751503715912,-0.132831579446793,0.991069865226746,-55.4720570927797,-50.1608827382039,-32.0563209504108,-47.7991799138238,-34.2507912141387,-19.0968419264061,-20.0493554559912,-23.2841561655564,-15.0511764481214
30-Jan-2025 14:44:50,352,15,-0.0160982929170132,0.357005737225215,0.0469036723176638,0.0121773673842351,-0.0101010628665487,-0.136219298839569,0.990552381674449,-53.7065910660557,-43.7484111710176,-27.9537906656698,-50.7877514283545,-34.5688578812206,-18.1993062531839,-19.5469414222451,-23.606885497258,-15.0871297915353
30-Jan-2025 14:45:25,352,16,-0.0137615473940969,0.357234215736389,0.0417199023067951,0.0248628366738558,-0.00839455847938855,-0.145090597867966,0.989070332050323,-53.4284037868903,-36.6899160442611,-24.4197204639367,-53.4574058591449,-35.1354970885859,-17.685165965704,-18.8592154988506,-23.2259725560104,-15.502292271912
30-Jan-2025 14:46:04,352,17,-0.0137134360149503,0.358846108118693,0.0390866369009018,0.034340296437343,-0.00675908078749975,-0.163503042856852,0.985921839872996,-55.3938558815042,-40.2584091377193,-20.7198803037074,-57.3926017480653,-35.6014225660928,-19.2377233710951,-17.5538336306318,-24.2182384782882,-16.3320593207702
30-Jan-2025 14:46:45,352,18,-0.013883212270836,0.359808707237244,0.0366775413354238,0.0530974773069223,-0.00639599841088057,-0.172988052169482,0.983470873037974,-54.8061276630078,-39.3153963412849,-19.8621551642301,-61.3605683660506,-36.1669911786706,-19.4236296229218,-16.3146237900009,-25.1470938323287,-16.7691286538692
30-Jan-2025 14:47:29,352,19,-0.0144664951289694,0.360921770334244,0.0347122703989347,0.0744527454177539,-0.00666756598899762,-0.185990443825722,0.979703994592031,-54.3668092879562,-39.8666305999043,-19.1504875351288,-65.7199203485683,-36.7073813587839,-19.9012102979663,-15.108499963164,-26.3442439022505,-17.1598491290885
30-Jan-2025 14:48:09,352,20,-0.00932835259785255,0.362333452701569,0.0341857559978962,0.0890985558430354,-0.00727436648060878,-0.159306298693021,0.983173473676046,-51.8089408335351,-41.0911533545765,-20.0507122516357,-67.5907510457066,-38.3192738809703,-20.0549550699298,-19.9830921928642,-29.9299510620721,-19.2553811475049
30-Jan-2025 14:48:51,352,21,-0.00566243824238578,0.364916320641836,0.0335723509391149,0.0934290458758672,-0.00720706200227141,-0.132336880763372,0.986765432357788,-51.8756748399751,-42.6517378730121,-20.3874513457366,-69.259428083978,-41.1998717950406,-21.4816184476977,-26.5159559260129,-33.4702319008641,-21.5643259514513
30-Jan-2025 14:49:31,352,22,-0.00243314661396046,0.366831803321838,0.0341788058479627,0.108122387528419,-0.00930646074314912,-0.10571611871322,0.988456920782725,-49.1297100768457,-44.0053532733294,-22.2424476286345,-71.5770282928159,-41.8648224050527,-22.1197411283678,-32.6779554108859,-36.9877995791413,-23.4549771481628
30-Jan-2025 14:50:09,352,23,0.00289671481586993,0.369595464070638,0.0340586875875791,0.112937985360622,-0.0113281115268668,-0.0578782320022583,0.991850233078003,-45.5023959289317,-43.7554841145876,-22.606572505931,-72.5690900869371,-42.9969493630358,-22.4385934604891,-42.5545227716209,-39.5190106771611,-25.1364815412569
30-Jan-2025 14:50:48,352,24,0.00668138982728124,0.371013428767522,0.0339317098259926,0.120308356483777,-0.0101476863026619,-0.0293686899046103,0.992250204086304,-43.5344070886253,-45.3288726763163,-23.8752616804266,-73.0483826736999,-44.0626644950043,-24.0978106183358,-48.363374070287,-42.6820434850521,-27.3134125325422
30-Jan-2025 14:51:27,352,25,0.0094609580313166,0.373328600327174,0.0350963160395622,0.122690197328726,-0.00785055632392565,-0.00692025357857347,0.992389877637227,-43.6710809021227,-47.4388900982801,-25.6712330035219,-73.6462906567836,-45.3201737139656,-25.3022101890454,-54.9883673379187,-48.2609871478788,-29.9630568229231
30-Jan-2025 14:52:06,352,26,0.0129862928763032,0.374897768100103,0.0383034105102221,0.124764904379845,-0.00538944959019621,0.023578068241477,0.991891535123189,-41.935086042522,-49.7422219503616,-28.1808454009171,-73.8535063380277,-45.4735799764232,-25.8292009661864,-61.4214315900331,-52.7228862381733,-32.1740577628518
30-Jan-2025 14:52:43,352,27,0.0155901102970044,0.376409125328064,0.0400575463970502,0.136109803120295,-0.00284863221459091,0.0606382419665654,0.988832191626231,-38.8127568463723,-52.5922110175019,-30.2222783354621,-74.240375868352,-45.1499347606289,-26.992487346543,-68.5085313343889,-55.8012630422017,-34.2407370275545
30-Jan-2025 14:53:20,352,28,0.0200478297968705,0.378873554865519,0.0374018008510272,0.137442180514336,-0.00145562276399384,0.0731896609067917,0.987801023324331,-39.8452073548899,-51.2126118662653,-29.533465051057,-76.5288947116006,-47.5392505731433,-28.2799668376529,-73.3204780509492,-58.5102268492463,-36.0767314531468
30-Jan-2025 14:53:58,352,29,0.024136558920145,0.382448120911916,0.0348553525904814,0.146994454662005,0.00028700774613147,0.0819520632425944,0.985736501216888,-40.8685742792702,-50.7571770187934,-27.9776069009395,-80.5123270171193,-48.7968035160946,-29.5765202295668,-77.1334336405698,-61.5858100847244,-38.1391454599326
30-Jan-2025 14:54:35,352,30,0.0256079905976852,0.385371722777685,0.03288810501496,0.162844187021255,0.00246336907148361,0.0743080963691076,0.983846573034922,-41.7373994115819,-52.4888243232038,-27.5632263179656,-85.493216053773,-50.7634750242644,-31.2526105718826,-78.9468936667206,-64.9197030344192,-40.4647692573151
30-Jan-2025 14:55:14,352,31,0.027798276518782,0.388879452149073,0.0312044018258651,0.17906511425972,0.00590961696580052,0.0768933137257894,0.980809994538625,-42.7539536478593,-53.8140127035554,-27.9445845185637,-90.6728334559943,-52.3347058150435,-32.4434693893993,-82.2356059111365,-68.7577508412224,-42.396997949996
30-Jan-2025 14:55:52,352,32,0.0295695301145315,0.391693385442098,0.0296568987270196,0.196022940675418,0.0101261150712768,0.0686154807607333,0.978143354256948,-43.7693724361196,-54.9359716218776,-29.3988121109476,-96.4018150409992,-54.5332162471272,-33.4667124445166,-83.0369442646849,-72.4728760765798,-44.6575290903262
30-Jan-2025 14:56:31,352,33,0.030902170886596,0.395118451118469,0.0276766389608383,0.218713732560476,0.0152539882808924,0.0612914487719536,0.973742779095968,-44.7092235003712,-56.1063158091851,-30.8644743992245,-101.805478717396,-57.0453664998632,-34.5561476184341,-84.5445956727997,-76.1265400262143,-47.3072114544808
30-Jan-2025 14:57:11,352,34,0.0322096444666386,0.397764215866725,0.0257915522903204,0.233540123701096,0.0193740600099166,0.0462059127787749,0.971055471897125,-45.9112907026186,-57.6008526309853,-30.1608540354479,-107.571483439489,-58.5143366629254,-36.1286788517517,-84.4554036081975,-80.1994733329873,-49.3264694305478
30-Jan-2025 14:57:51,352,35,0.0339135135213534,0.401062492529551,0.0239277869462967,0.250908597310384,0.0259910343835751,0.0361949940522512,0.966984633604685,-46.8694659738638,-59.257485770032,-31.3725923456445,-113.51865868443,-60.5867167811506,-37.9427581147694,-85.592789807237,-84.2570413183296,-51.7055152125709
30-Jan-2025 14:58:30,352,36,0.0359321221709251,0.398123230536779,0.0258481738468011,0.240785851081212,0.0299145917097727,0.0156285850331187,0.969991278648376,-46.8218076759306,-56.0725987679197,-30.2776097025643,-110.179319343502,-57.7000315105239,-36.444110069048,-80.0633608888474,-87.149864594644,-50.9328077330434
30-Jan-2025 14:59:10,352,37,0.0384739990035693,0.395622533559799,0.0294070123384396,0.218389893571536,0.0318938098847866,0.011783769292136,0.975269114971161,-46.8631763952469,-54.540735845119,-30.2614667279773,-104.522772633287,-54.6266987286881,-35.0433490307516,-76.1155765363682,-89.7013465406006,-50.0625472050049
30-Jan-2025 14:59:49,352,38,0.0406918625036875,0.391674683491389,0.0287828115125497,0.192576553424199,0.0310781177133322,0.00735497257361809,0.980762128035227,-46.4990586231879,-51.135384961974,-28.0847435876371,-97.7076222384271,-54.8350421912477,-34.9665314961676,-71.0086144668442,-90.8071578213784,-49.068510152711
30-Jan-2025 15:00:29,352,39,0.0406865102549394,0.388604195912679,0.0287810704360406,0.167979466915131,0.0272442956765493,0.00966591089963913,0.985366566975911,-46.1571976054413,-49.868290098657,-28.1277303644201,-91.0631700012457,-56.834223776005,-35.10168571344,-68.3970635387978,-91.4151337695667,-47.9375848382893
30-Jan-2025 15:01:09,352,40,0.0407904677093029,0.38566326101621,0.0272561525305112,0.139330334464709,0.0214792954425017,0.0155387246981263,0.989891056219737,-46.0514649648509,-46.9703232452538,-27.4055720997648,-83.8290668429031,-59.5038244218612,-35.1928258066405,-65.8332181814901,-91.0241920514604,-47.1882153928037
30-Jan-2025 15:01:51,352,41,0.0392140197257201,0.382937103509903,0.0239873840163151,0.114693543811639,0.0156294375658035,0.0197036505987247,0.993082547187805,-45.9887965128385,-44.7569203968077,-27.1258413143904,-77.2751382239802,-64.6836345982667,-35.561958837805,-63.7432256095519,-90.1337915002067,-46.6296238817862
30-Jan-2025 15:02:33,352,42,0.0376305197676023,0.379561630884806,0.0217603580405315,0.0865676109989484,0.00939703558882077,0.0251182604581118,0.99588497877121,-45.4976601551152,-42.81079955084,-26.9173242686563,-69.6362968747669,-70.218549539947,-36.6700883379515,-61.1401594302983,-89.6686615323794,-45.1164213380027
30-Jan-2025 15:03:16,352,43,0.0346412159502506,0.376356440782547,0.0190906246503194,0.0638331179817518,0.00378843015059829,0.0275347504764795,0.997573467095693,-44.9422898445364,-41.7483197061117,-27.4194140927427,-61.4549991604086,-72.4810168642647,-38.0727160725891,-58.2055564473871,-87.3911668562652,-44.4009132778363
30-Jan-2025 15:03:56,352,44,0.0351850777864456,0.379353475570679,0.0175801853338877,0.0637457206845284,0.0035926829247425,0.0295285237332185,0.997522779305776,-47.4483254205267,-43.6388156731401,-28.7335005384214,-65.2045228186063,-74.8799871394159,-39.7100718353434,-61.8258595721114,-89.2979828774498,-45.7181145163132
30-Jan-2025 15:04:38,352,45,0.0355556172629197,0.383140375216802,0.0189370007564624,0.0565340834359328,0.000369657252061491,0.0355638881524404,0.997767027219137,-52.000802508303,-46.0877218904784,-31.3877387015553,-68.0684323855177,-77.3983455102265,-41.4210521567204,-66.5632784959214,-91.3517077215627,-47.5347393756943
30-Jan-2025 15:05:19,352,46,0.0360903732478619,0.386674797534943,0.0202189763387044,0.0519943880538146,-0.00287678019764523,0.0446382967134317,0.997645119825999,-55.3265003519725,-47.6908332329715,-33.5120527234166,-70.789534906786,-79.5263979288667,-42.8688447574087,-72.159255319274,-93.4038869771398,-49.3760760455275
30-Jan-2025 15:06:01,352,47,0.0389579998950164,0.391076612472534,0.0214738601197799,0.0440475980440776,-0.00902359647055467,0.0706322530905406,0.996488606929779,-59.1638085735884,-50.7460471380421,-35.1464046746417,-72.5392339052327,-82.4342973714218,-44.4850434977528,-81.3345110923981,-95.8302934384489,-53.1797686205868
30-Jan-2025 15:06:43,352,48,0.0403135061264038,0.394757699966431,0.0223896205425262,0.029071848342816,-0.0143074344222744,0.0876908302307129,0.995620663960775,-62.8069219841777,-52.6523123244014,-36.3107755905486,-72.6782311422686,-84.8321203259343,-45.9604453079247,-87.1994063404079,-97.768813502624,-56.1646391482592
30-Jan-2025 15:07:23,352,49,0.0411572515964508,0.398537349700928,0.0239187058061361,0.0148105310897032,-0.0188271157443523,0.0981077651182811,0.994887483119965,-66.5779379892535,-53.384103151405,-37.2401559887965,-72.3118774985992,-87.4249050364255,-47.1404486530105,-93.2841213258605,-99.3883903682322,-57.990098652238
30-Jan-2025 15:08:03,352,50,0.0425840909282366,0.402142498890559,0.0240103499342998,-0.00179398556550344,-0.0257251037905614,0.112680639823278,0.99329659541448,-71.2379052915727,-55.3286567987308,-38.5770411282148,-72.8178484145771,-89.965170624906,-48.3977527655533,-99.4787461800345,-102.273495634557,-59.6108526443701
30-Jan-2025 15:08:44,352,51,0.0433948658406734,0.406319540739059,0.0256543502211571,-0.0142782231171926,-0.0304913975298405,0.129589434464773,0.990995975335439,-75.4423482425135,-58.5545918562177,-39.8176786382184,-74.2849816103786,-92.6291766523813,-49.6937072618246,-106.328325968569,-104.59136510124,-61.1292538805789
30-Jan-2025 15:09:25,352,52,0.0459281193713347,0.410211658477783,0.0273669517288605,-0.0363632830480735,-0.0383645047744115,0.150513819853465,0.987193747361501,-81.8190290177652,-61.5212176187852,-40.7101923335146,-74.132695946092,-94.9800528993539,-51.5339869499601,-112.680383224284,-107.075616668102,-64.0964787388259
30-Jan-2025 15:09:59,352,53,0.0454725061853727,0.415508904059728,0.027469086026152,-0.0508140968779723,-0.0431860874096553,0.151099722584089,0.986266628901164,-88.7568287051723,-36.3081887338919,-42.7036441214571,-77.2957008517612,-97.2493642560751,-53.4964292340277,-119.38367921359,-109.568059285054,-65.6131154080922
30-Jan-2025 15:10:44,352,54,0.0498267511526744,0.415927934646606,0.0361035741865635,-0.0712775826454163,-0.0462533046801885,0.164640231927236,0.982687012354533,-90.4236489383393,-63.7987617697936,-42.9329349690908,-74.2375650555619,-92.5348050246893,-50.0120641356771,-122.011059095791,-111.983614099022,-65.7901217099603
30-Jan-2025 15:11:25,352,55,0.0558706340690454,0.41669873992602,0.0437405849496524,-0.0984536151091258,-0.0539080714186033,0.178023248910904,0.977603491147359,-92.6432488995452,-65.4194211438303,-40.5124603398859,-69.6082519018516,-84.0498545707407,-47.6457396863094,-124.801248661389,-114.363716675513,-65.7544809645831
30-Jan-2025 15:12:06,352,56,0.05955387900273,0.417324056228002,0.0515896608432134,-0.123492874205112,-0.0593415240446726,0.187886186440786,0.972587736447652,-95.0642387247705,-65.8051236869343,-40.2171029722618,-65.1683500693858,-77.0547085055107,-45.9134355614333,-126.847843068686,-115.151093133264,-65.6875166955834
30-Jan-2025 15:12:47,352,57,0.0638236140211423,0.418517641226451,0.0573627466956774,-0.148761984705925,-0.0683131396770477,0.197053309281667,0.966629830996195,-97.2859234820055,-66.5483478145719,-40.3093042354281,-60.5981538975422,-71.17946463464,-44.5731415988029,-129.347639896833,-116.492106531647,-66.9548906647724
30-Jan-2025 15:13:27,352,58,0.0640112176537514,0.418594692150752,0.0595125285287698,-0.176362190643946,-0.0778692568341891,0.204846871892611,0.959620006879171,-99.3329557052453,-66.3453327344764,-39.2452848139897,-57.0878105560097,-69.4641718609489,-43.8788527172954,-131.324037935404,-116.459938400345,-66.1894337530557
30-Jan-2025 15:14:11,352,59,0.0644569953282674,0.42000072201093,0.059944378087918,-0.187942396601041,-0.0835411846637726,0.208672341704369,0.956114220619202,-101.442661661488,-66.7191980505142,-39.253155050249,-55.5323936296328,-69.1538546358476,-44.1825663763493,-133.938736579188,-116.4161795042,-65.9825614008862
30-Jan-2025 15:14:58,352,60,0.0640915796160698,0.421639998753866,0.060137956092755,-0.193612766265869,-0.0848633100589116,0.212578424811363,0.95400352080663,-103.208704484231,-67.5315035646188,-40.471970115357,-56.5294399108336,-69.9210251850412,-44.6852813056839,-136.872585525578,-116.366625225635,-66.5049813284903
30-Jan-2025 15:15:45,352,61,0.0628401363889376,0.423126145203908,0.0606986045837402,-0.20686329305172,-0.0890482842922211,0.216846965750058,0.949871242046356,-105.627915740225,-70.8880291777569,-39.2962575948895,-55.7277177958233,-70.1019396213826,-45.5124968701589,-140.116009623271,-115.414173255858,-66.4170473959812
30-Jan-2025 15:16:34,352,62,0.0624699008961519,0.424824492136637,0.061300082753102,-0.215223611394564,-0.0906688412030538,0.221801726023356,0.946711138884227,-107.998711212845,-72.4416648404116,-39.3982812816342,-55.9016114827075,-70.4397260012978,-46.7269627522041,-142.689221296615,-115.060272440477,-66.3989365334155
30-Jan-2025 15:17:20,352,63,0.0560207975407441,0.423883577187856,0.0614095807075501,-0.218914747238159,-0.0844314808646838,0.212946996092796,0.948473111788432,-109.910339268567,-72.7684935053973,-40.9577619412438,-55.9380004385696,-71.9678592129466,-45.9972791034802,-141.64403607218,-112.886561630786,-64.2749643005406
30-Jan-2025 15:18:02,352,64,0.05182734405001,0.423148967822393,0.0632069940368334,-0.230036527911822,-0.0815155620376269,0.203398917118708,0.948191595077515,-111.847363378446,-73.6195996827623,-40.9616766526565,-54.4557933449055,-71.2102104104887,-45.1394080341489,-140.506297741657,-109.849988609694,-61.0434478351516
30-Jan-2025 15:18:43,352,65,0.046727975209554,0.422270435094833,0.0634392271439234,-0.237154909968376,-0.0755933339397113,0.193174133698146,0.949066360791524,-114.022085515403,-74.3578446163169,-41.6128083899707,-54.0892882264781,-70.2846706009773,-45.7174432545138,-138.572282858091,-106.456984482901,-58.3081592535055
30-Jan-2025 15:19:26,352,66,0.0385790680845578,0.421175952752431,0.0682405446966489,-0.243243145942688,-0.0604803917308648,0.185258215665817,0.950186451276143,-115.865656665899,-78.1896589279665,-45.7375486402357,-53.0806340956691,-71.3751852879394,-44.3134316197268,-136.540129698003,-103.335764803258,-56.5709846137309
30-Jan-2025 15:20:05,352,67,0.0326911600927512,0.42123920917511,0.0681242883205414,-0.264843316872915,-0.0575309778253237,0.167724216977755,0.947848526636759,-120.768652323165,-78.0182579286635,-44.6990931469761,-52.2759054586694,-70.3987272231381,-45.068396557364,-135.508907399655,-99.0004373471897,-54.882866944892
30-Jan-2025 15:20:37,352,68,0.0281458874543508,0.420710778236389,0.0764036978284518,-0.270947410662969,-0.0446835711598396,0.171248903870583,0.946184289455414,-120.601360233815,-81.5452492738842,-47.1540397819542,-49.9231395685742,-46.7137827824545,-30.2528497812132,-134.603150532175,-96.5330560029089,-52.9942777615209
30-Jan-2025 15:21:25,352,69,0.0166193226973216,0.421531305710475,0.0764538620909055,-0.261503471930822,-0.0249810376514991,0.161314193407695,0.951298904418945,-122.698924271158,-89.8464367913668,-51.7306874810511,-53.9213550519313,-71.7495951538309,-45.8270471481683,-133.760126380131,-93.7996477145217,-51.3804528208838
30-Jan-2025 15:22:09,352,70,0.00923099418481191,0.422212274869283,0.0815633033712705,-0.263829080263774,-0.00816372018307448,0.15497998992602,0.952002497514089,-124.728916371847,-95.8097223949802,-56.1681857122074,-54.6450612220146,-71.4957859312369,-45.8461165866766,-133.023468585804,-90.6332259540815,-49.6040100016137
30-Jan-2025 15:22:51,352,71,0.00118859215484311,0.422650529940923,0.0864891330401103,-0.261534438530604,0.00942705155660709,0.145692178606987,0.954088429609934,-126.275122504209,-102.404057041659,-60.6111092093934,-55.7565127354609,-70.5971659116576,-45.9626220609613,-131.364993970335,-87.2502974576146,-48.346258243027
30-Jan-2025 15:23:39,352,72,-0.00230757663957775,0.422086691856384,0.0894962375362714,-0.268972126642863,0.0176040153950453,0.113260136544704,0.956303441524506,-128.856236599256,-105.897494603876,-62.0869338863609,-55.3744278172836,-69.2101339912248,-45.8332416517178,-124.884627065438,-87.7386506719916,-48.0010189039746
30-Jan-2025 15:24:26,352,73,-0.00122035149640093,0.419743651151657,0.088767376045386,-0.272082501649857,0.0111874042078853,0.0803363238771757,0.958849370479584,-129.403904202221,-98.0736944268598,-61.1641148798358,-55.0517792349472,-66.9868993715456,-43.8907202514184,-117.911305955256,-88.1728772023619,-47.635452330093
30-Jan-2025 15:25:15,352,74,0.000468215542302156,0.416887307167053,0.0863167474667231,-0.269125072161357,0.00392589614105721,0.0525330744683743,0.961663468678792,-128.709848559146,-99.4412753802265,-59.3419740315644,-54.6838488205313,-65.0955634022432,-43.216628355591,-111.14150774243,-88.7300403907289,-47.3347221387968
30-Jan-2025 15:26:03,352,75,0.000558653004312267,0.414029204845428,0.0867192029953003,-0.267197142044703,-0.00406258935108781,0.0249319642782211,0.963310750325521,-127.54493129305,-98.3545468987847,-54.97017226242,-53.0932774900755,-62.4701767581293,-42.0517512119997,-104.773470978284,-88.0736719080942,-47.2164101387934
30-Jan-2025 15:26:52,352,76,0.00325125901338955,0.411079573631287,0.0840289920568466,-0.260480157534281,-0.0179291497915983,-0.0047300128887097,0.965301156044006,-126.294583215444,-95.4406636999388,-51.798540032839,-53.0663857015999,-60.3777647766096,-40.9414814445264,-98.2313149384766,-88.2355375899587,-47.2643072344363
30-Jan-2025 15:27:42,352,77,0.00581500818952918,0.40833519299825,0.0839948018391927,-0.258592792352041,-0.0265738797684511,-0.0179615383346876,0.965453791618347,-124.401519732082,-93.2632031423907,-49.7519925730396,-50.9713336841143,-56.7518401263869,-39.9335153651121,-92.727099260839,-88.7315203540728,-46.7203088779024
30-Jan-2025 15:28:33,352,78,0.00879604027916988,0.405446006854375,0.0833637575308482,-0.258545639117559,-0.0388775559763114,-0.0395611020425955,0.964405330022176,-122.937098545844,-90.0289539054916,-47.2179874981312,-48.8172015521236,-54.3091591418128,-38.6767011297273,-86.2418537642863,-89.0945616593117,-46.7803627952801
30-Jan-2025 15:29:24,352,79,0.00946468046555917,0.401841431856155,0.0823621839284897,-0.255065460999807,-0.050332989046971,-0.0698884765307109,0.96308038632075,-121.611998508166,-87.3163103289171,-45.3402536156681,-46.0335293628805,-54.108099990063,-38.0454628163573,-77.466093358276,-89.3911322351129,-46.6924428496136
30-Jan-2025 15:30:15,352,80,0.013049014719824,0.399041416247686,0.0820172722140948,-0.244856847325961,-0.062979331612587,-0.0925358667969704,0.963076253732046,-119.906559044769,-83.3644695825047,-42.8156553294278,-46.0850871450112,-50.9778517547254,-35.9270124639946,-71.6700754975369,-89.3544674461954,-46.6055359724249
30-Jan-2025 15:31:06,352,81,0.0190854073812564,0.395646099249522,0.0780349264542262,-0.229477893312772,-0.0583658218383789,-0.0501591940720876,0.970266664028168,-111.178687284304,-79.8542408200354,-40.9390311349454,-42.8504740418463,-49.5910190697493,-34.4347621474288,-73.8347751889838,-88.2487894053996,-45.5337388539314
30-Jan-2025 15:31:55,352,82,0.0233348785589139,0.391633981466293,0.0747007270654043,-0.212531498074532,-0.0550135135650635,-0.0254735579093297,0.975271773338318,-102.880730667409,-72.4717127651068,-38.7506908395186,-40.3246684315248,-46.5343891138762,-32.5707088211149,-75.6944105167486,-86.7973025234241,-44.4996950025573
30-Jan-2025 15:32:43,352,83,0.028692809616526,0.388625824451447,0.0688896750410398,-0.190504495302836,-0.0480419911444187,0.0136043334379792,0.980415717760722,-94.4977316222994,-66.1530350639484,-36.7814924936198,-38.978266567625,-45.8678605225546,-30.7457539899269,-77.7015136626723,-85.0229112208588,-43.259527784743
30-Jan-2025 15:33:31,352,84,0.0338267597059409,0.38464220960935,0.0675693571567535,-0.179233138759931,-0.0428582000235717,0.0526594017942746,0.981461004416148,-84.5722113630822,-62.3162825396752,-34.4718651224848,-34.546566576936,-43.9963826135087,-29.3153484063018,-79.1823507176754,-83.9120677079986,-42.3662988837086
30-Jan-2025 15:34:17,352,85,0.0368320040404797,0.381704131762187,0.0641953443487485,-0.163495019078255,-0.038781846811374,0.0919690395394961,0.981482092539469,-76.0504304968112,-58.4454926038445,-32.0670232387317,-30.7472175228524,-42.1224300456008,-28.3072174464583,-81.3000547272182,-82.1579980899909,-41.346539141064
30-Jan-2025 15:35:06,352,86,0.0387544756134351,0.379443790515264,0.0601276199022929,-0.14670995871226,-0.0353535292049249,0.11678109417359,0.981625473499298,-69.2055193270134,-54.4076839622351,-30.0645740986697,-30.1140439370715,-42.6472401482618,-27.8852237985055,-82.0861922140309,-79.1823154194094,-40.4135139776145
30-Jan-2025 15:35:51,352,87,0.0424182037512461,0.375759939352671,0.0582510431607564,-0.123844938973586,-0.0304187932362159,0.149921966592471,0.980438975493113,-58.6240430054522,-50.3613659677363,-27.6633213304532,-27.1639580854421,-40.1714315862073,-25.9562988064981,-82.6565464394786,-76.2708262225411,-39.4488561037624
30-Jan-2025 15:36:36,352,88,0.0460241782168547,0.373179670174917,0.056358340382576,-0.105272055665652,-0.0274154370029767,0.17096114953359,0.979254086812337,-51.1242841080092,-45.7107932967929,-25.8126667481594,-26.1304161008883,-37.7703136917949,-23.3489081424632,-82.4440090342437,-74.4414337625294,-38.6933818747091
30-Jan-2025 15:37:21,352,89,0.0488194353878498,0.370688595374425,0.0530539214611053,-0.0840259124835332,-0.0230506915599108,0.207009889682134,0.974451275666555,-42.5403839226253,-41.8830932876271,-23.1873112588269,-24.1801460498724,-36.5315411312037,-22.5022846424148,-84.3150258136676,-72.178089670946,-37.4424994680551
30-Jan-2025 15:38:04,352,90,0.0388264623781045,0.36893535455068,0.0549492967625459,-0.0845566923419634,-0.0164925793806712,0.193511765201886,0.977308229605357,-43.2717822825861,-44.7934397671043,-24.8233978011785,-24.434836989991,-36.9715380494769,-22.3953305366629,-82.1369493381169,-67.2632857976141,-34.8996583959459
30-Jan-2025 15:38:25,352,91,0.0323658563196659,0.363459060589472,0.0597465860346953,-0.0997607588768005,-0.0126877821361025,0.200967400272687,0.974422319730123,-39.8321453205616,-42.6220044120258,-22.1783091167704,-10.697845913494,-20.4146213012048,-12.3410682219076,-76.3922614087309,-55.9399940163894,-28.4454652794365
30-Jan-2025 15:39:06,352,92,0.0233244785418113,0.364157891273499,0.0589824159940084,-0.0993208492795626,-0.00649228325734536,0.18702130317688,0.977300508817037,-42.6319906975446,-47.6596781396696,-26.0176328189826,-19.2900138286892,-33.6842477196607,-20.2631518026505,-77.8642677524272,-53.8624582812182,-27.6105961407271
30-Jan-2025 15:39:38,352,93,0.0225798060496648,0.362342317899068,0.0605289243161678,-0.0882416427135468,-0.000692938535939902,0.200065473715464,0.975800569852193,-39.7765772440312,-47.1519064086745,-27.5491627145047,-18.2717612397308,-30.5921457214806,-18.3484083311427,-77.5446212326647,-50.4828005690737,-25.9853889909175
30-Jan-2025 15:40:11,352,94,0.0134233953431249,0.362132002909978,0.0616963498294354,-0.0972492501139641,0.00294982971002658,0.17788302898407,0.979230078061422,-41.8185343752697,-51.1464119483599,-29.351795706682,-18.5232983986955,-32.9691795149825,-20.2902513335093,-75.2041482811727,-44.1270818684426,-23.590012835558
30-Jan-2025 15:40:41,352,95,0.0045302612396578,0.361993368466695,0.0619573565820853,-0.0924174259106318,0.0068515347627302,0.1597751557827,0.982793994744619,-43.1591767988841,-54.4670561233856,-30.6899802471867,-20.6097304316217,-34.0307812043254,-20.6353875728133,-72.6032621138161,-37.9333326735682,-21.8595521774234
30-Jan-2025 15:41:12,352,96,-0.00229230009329816,0.362873558203379,0.0592098991076152,-0.0865689729650815,0.00584053232644995,0.147132282455762,0.985303942362467,-44.7491618686865,-57.0757696160814,-31.2709405618552,-23.1636099015288,-37.5096668415888,-21.9821704305859,-71.5971693385271,-31.9705682315722,-21.5865492679014
30-Jan-2025 15:41:45,352,97,-0.006650837076207,0.364032967885335,0.0570895957450072,-0.0801730771859487,0.0041927102021873,0.129573690891266,0.988314421971639,-46.5388182615828,-59.2535177676123,-32.4482887636056,-26.1762130899262,-40.6221944528125,-23.7547765975929,-70.0384732592719,-31.3732961660153,-20.4672752326855
30-Jan-2025 15:42:20,352,98,-0.00880470269670089,0.365879291296005,0.0543071513374647,-0.065294290582339,0.00120531915842245,0.112643994390965,0.991487061977386,-48.0533103160261,-60.8407832485607,-33.698830908897,-31.6681781375688,-44.5265430510163,-25.965294419217,-69.2534755280336,-32.333770288678,-21.6248656346228
30-Jan-2025 15:42:55,352,99,-0.0105848914633195,0.367246250311534,0.0500391441086928,-0.0299378592520952,-0.000992546401297053,0.0966984982291857,0.994862910111745,-46.4302202012429,-64.3828073942179,-34.0859700259588,-37.724824114834,-47.0268021427101,-28.7697680681497,-67.5803269708038,-32.7231175054504,-22.0458882551366
30-Jan-2025 15:43:33,352,100,-0.0136018506561716,0.36944629351298,0.0477813715736071,-0.0113613045463959,-0.00318980513451,0.084082734088103,0.996388947963715,-47.2883390018465,-67.0272108722295,-35.6164076289058,-43.0888105569104,-50.475016481149,-31.1962196307366,-67.3381030005782,-33.4269012692778,-22.6236269849388
30-Jan-2025 15:45:00,209,1,0.000945623933027188,0.320996654033661,0.0408855326473713,0.00869769056638082,-0.00396272608389457,-0.00772923165932298,0.999924468994141,-5.77500000000001,-12.75,-5.10000000000001,-5.70000000000001,-11.625,-4.87500000000001,-5.02500000000001,-7.20000000000001,-5.40000000000001
30-Jan-2025 15:45:30,209,2,-7.78958203833705e-05,0.32490033308665,0.0372668234010537,0.0368287724753221,-0.00649957405403256,-0.000530124397482723,0.999300344785054,-5.73761678832144,-14.865138886864,-6.81353292392026,-11.9947123822473,-14.3388122712326,-7.73162214850412,-8.864293478929,-8.2846135783908,-5.8857681470345
30-Jan-2025 15:46:03,209,3,-0.00201411970580618,0.32821136713028,0.0336003738145033,0.0608145718773206,-0.00959722058226665,0.0137583083783587,0.998008143901825,-4.96898357664285,-18.780277773728,-7.1020658478405,-19.5269247644946,-17.9338745424651,-11.2069942970082,-13.734836957858,-8.65672715678157,-5.47153629406899
30-Jan-2025 15:46:35,209,4,-0.00269041550345719,0.33131281932195,0.0265342517445485,0.0951891496777535,-0.0128048539782564,0.0218773274372021,0.995136404037476,-2.78472536496426,-19.770416660592,-6.75309877176073,-26.0278871467418,-22.4195618136977,-14.8417414455124,-17.321005436787,-10.0975907351723,-5.58230444110345
30-Jan-2025 15:47:08,209,5,-0.00240858864660064,0.334784118334452,0.018310301626722,0.134885386625926,-0.016782183945179,0.0302048729111751,0.990258546670278,-0.642654653285682,-20.048055547456,-3.38538169568097,-34.4882245289891,-27.2005615849303,-17.8811760940165,-20.789986415716,-10.2728293135631,-7.6805725881379
30-Jan-2025 15:47:46,209,6,-0.0039160192788889,0.33874430457751,0.0140664840117097,0.165129063526789,-0.0198345004270474,0.0288253024220467,0.985651111602783,0.128322308392914,-21.3194444343201,-7.88328961960119,-41.6032494112363,-32.4292176061629,-21.2979544925206,-23.375373644645,-12.8152553919538,-9.34759073517233
30-Jan-2025 15:48:23,209,7,-0.00508867967873812,0.342764548460642,0.011976973588268,0.167198515931765,-0.0221323637912671,0.0283185854554176,0.985267941157023,-2.63624760492845,-8.53770832118422,-10.3890100435214,-45.6456180434836,-37.2817017523955,-24.7534047660247,-26.643963998574,-15.1162752203446,-10.4989838822068
30-Jan-2025 15:48:57,209,8,-0.00480956813941399,0.345798108975093,0.00453225132077932,0.187118672331174,-0.0247116389373938,0.0323879949748516,0.981492233276367,6.0314090442501,-2.30440970804834,-3.79863671744165,-51.2266585507309,-43.146099961128,-27.9281909770288,-29.5791559150029,-16.6215919237354,-12.7425645292412
30-Jan-2025 15:49:32,209,9,-0.00597845368708173,0.345788830518723,0.00190529371611774,0.179877765973409,-0.0241833011309306,0.0268056817352772,0.983026270071665,3.74664616371334,-0.365196451270418,-1.24351562138653,-48.8255919760239,-49.0906128551633,-27.9105872532553,-28.5619636218487,-15.9627363095737,-14.2474464732442
30-Jan-2025 15:50:06,209,10,-0.0104016333197554,0.345627715190252,-0.00311883357353508,0.171716018517812,-0.0237357053905725,0.0165443486223618,0.984721557299296,0.00743992380161007,0.649407430507524,-0.164371087831388,-48.4966933700668,-55.0631042648236,-29.6603175138568,-26.0739217193194,-14.6174549141621,-13.7753752922472
30-Jan-2025 15:50:51,209,11,-0.0166651693483194,0.349990902344386,-0.00927556610355775,0.184132222334544,-0.0175972737371922,-0.0199261154979467,0.982541942596436,-8.05898799579762,-25.1982933752143,-0.123214835526246,-55.4288787484847,-63.2245849322964,-36.5687147666458,-23.9754550121027,-17.4289606281254,-15.1648275487502
30-Jan-2025 15:51:31,209,12,-0.021167483056585,0.352855505545934,-0.0151985252896945,0.180683933695157,-0.010978093991677,-0.0420318740109603,0.982581373055776,-12.5140267552406,-28.1021465246863,-0.3760527238461,-58.2666061190901,-69.9305602286755,-41.1064455155285,-22.2217759025421,-18.7188598967762,-16.5850415240032
30-Jan-2025 15:52:19,209,13,-0.0256224879374107,0.356018515427907,-0.0139080012217164,0.172520223259926,-0.0087084340552489,-0.0591265017787615,0.983191243807475,-18.2432604345585,-32.553829707518,-16.6662738271204,-60.9092659635793,-72.5789853077006,-43.7744534604544,-22.3544866002815,-19.5369803238712,-17.1581577630812
30-Jan-2025 15:52:52,209,14,-0.0245425044248501,0.358194289604823,-0.0137308017661174,0.169628904263179,0.000482698147728418,-0.0844275454680125,0.981884825229645,-23.5946468238373,-13.494550976287,-7.00499346555104,-64.0658113061153,-73.3635340439523,-40.9747947794037,-20.5483941974348,-20.8371991396381,-17.4389644318467
30-Jan-2025 15:53:31,209,15,-0.0249862509469191,0.361637715498606,-0.0114670780797799,0.158145325382551,0.00661268476396799,-0.0989506597320239,0.982423090934753,-29.6571095680966,-3.30479128802478,-1.76796237155982,-66.8042993976748,-76.2911446088173,-40.0163027853647,-22.0479002442952,-22.303467149741,-18.923616315456
30-Jan-2025 15:54:02,209,16,-0.0287049267441034,0.36412471930186,-0.00812611449509859,0.145865960915883,0.0121949040641387,-0.119342092176278,0.98200402657191,-35.8501104898462,2.60020887875308,1.25694408864235,-70.2337588637459,-76.5402860879889,-39.9033941348317,-21.9752055160091,-11.1777597570119,-9.4601908064872
30-Jan-2025 15:54:44,209,17,-0.0242921512573957,0.36895411213239,-0.00465480809410413,0.139411317308744,0.0196418924878041,-0.133221283555031,0.98103555838267,-42.4833805003408,6.36282928478876,3.25078823194999,-75.1337040170729,-77.9251930243139,-40.1382771560515,-25.4664104001497,-26.7560646628666,-21.4477266012292
30-Jan-2025 15:55:16,209,18,-0.0300824093321959,0.371505757172902,-0.00304085008489589,0.133771230777105,0.0255930504451195,-0.162308196226756,0.977295390764872,-49.111785055208,8.90425981045335,4.50410121681038,-79.1938920140279,-78.9029826892155,-39.8720560131478,-22.9395650905038,-14.8113757180135,-11.3857430478268
30-Jan-2025 15:56:06,209,19,-0.0260311643282572,0.377185916900635,-0.000218785153507876,0.131850835680962,0.0276113259295622,-0.167883976300557,0.97655926545461,-57.3127568822615,10.5350953959324,-24.6878513775527,-85.4592014327968,-81.4022137184054,-42.9552827881823,-29.0286946839648,-32.4551898478062,-24.198999820352
30-Jan-2025 15:57:11,209,20,-0.027386008327206,0.380164406696955,0.000506128871347755,0.130758530894915,0.0247371026625236,-0.163487794995308,0.977528552214305,-60.6944656237069,-46.039103070765,-27.253164407568,-87.9765147607954,-84.038842951565,-45.0774316380974,-32.5086887489672,-34.3766642533351,-24.8674404800464
30-Jan-2025 15:57:36,209,21,-0.0322096981108189,0.379066399733225,-0.00251343102815251,0.135179573297501,0.0295985543479522,-0.184563002983729,0.97302968899409,-57.1943161831988,-27.0534502725079,-15.9797938323893,-85.9451084442475,-81.2433325257966,-42.4869424674971,-23.0676765397462,-20.1077644275256,-14.4171912212229
30-Jan-2025 15:58:28,209,22,-0.0283941240360339,0.381305176019669,-0.001007066333356,0.140542568763097,0.0247623793780804,-0.167729425430298,0.975449375311534,-58.5032376517141,-47.5378718417743,-27.1870814546134,-89.8143423054264,-86.3067522705643,-44.815134286639,-31.9911611934135,-34.9436774860465,-25.5575970031401
30-Jan-2025 15:59:10,209,23,-0.0278843515863021,0.382692750295003,-0.00306417190780242,0.144668038686117,0.0243076598892609,-0.161757213870684,0.975866250197093,-58.6916945747409,-48.6073305948022,-27.5846981755391,-91.5338962554686,-88.0996371005999,-46.4526666006521,-34.571894278525,-36.281996986733,-26.3433303054279
30-Jan-2025 15:59:48,209,24,-0.0272574834525585,0.383193564414978,-0.00172366056746493,0.145769189794858,0.0187414940446615,-0.14892204105854,0.977866240342458,-58.3199192250236,-50.6193079397108,-28.4274794458156,-91.8036102499425,-88.9322544732696,-46.3198691621007,-37.3562515793586,-36.8715197085022,-27.276727367901
30-Jan-2025 16:00:23,209,25,-0.0248764559626579,0.383661593993505,-0.00158192978706211,0.146563330292702,0.0155600101997455,-0.138337548573812,0.979356829325358,-57.7430277389342,-50.2525445805599,-28.7428429907674,-91.7984042666323,-88.3847381172563,-46.8769068472671,-39.7174209880533,-38.5116440408127,-27.2339563104667
30-Jan-2025 16:00:59,209,26,-0.022087037563324,0.384659719467163,0.000923555697469662,0.149922311306,0.00873827822506428,-0.113826877375444,0.982084727287292,-57.1385781846587,-51.6964108693792,-29.2444976730569,-92.25573829443,-88.1971548969015,-47.1038620942925,-44.4919964506785,-39.0270691783939,-27.9781011930787
30-Jan-2025 16:01:34,209,27,-0.0201798553268115,0.386143700281779,0.00452231789628665,0.150509623686473,0.00148386640939862,-0.0905685459574064,0.984450113773346,-57.3453495962902,-53.8205919821837,-31.3392979240152,-92.8693423277816,-87.8895382443759,-47.0157761222472,-50.773274940269,-41.0801447186104,-28.1407040457138
30-Jan-2025 16:02:09,209,28,-0.0189556357761224,0.387402407328288,0.00899517852813005,0.147729018330574,-0.00558759343499939,-0.0608324321607749,0.987139495213826,-57.1327314908753,-56.7349305069808,-33.930670959308,-92.7360813639102,-87.746904875765,-47.1451695406667,-57.2829049433421,-42.2520454601446,-28.8375358833605
30-Jan-2025 16:02:42,209,29,-0.018645956988136,0.389013820886612,0.0137270706395308,0.14775755306085,-0.0129825239380201,-0.0359637508789698,0.988284293810527,-57.085418626937,-59.8943477377741,-36.7703303867679,-92.9043879014274,-86.9367631491114,-47.7583026543186,-63.0067107031565,-43.8083588023376,-29.051482213513
30-Jan-2025 16:03:19,209,30,-0.0268294487148523,0.388598905007044,0.0175151241322358,0.124686991175016,-0.0114852545162042,-0.0625945915778478,0.990153114000956,-61.3237655875247,-64.7791611967957,-39.4214766693575,-90.5373390445579,-88.4642720065933,-48.572423218596,-58.2385807555057,-41.9822832286411,-28.5976034032399
30-Jan-2025 16:03:57,209,31,-0.0332954915861289,0.388745921850204,0.0202630219360193,0.0996476103862127,-0.00711822686716914,-0.0892506822943687,0.990986390908559,-65.6784388584816,-70.7002443323162,-42.2096945499888,-88.3581820630356,-91.4374037745646,-49.3574787066815,-53.7614947470402,-40.7023108051093,-28.4355032160931
30-Jan-2025 16:04:34,209,32,-0.0416282566885153,0.387067325909932,0.023172602429986,0.0930527528127034,-0.00690868034337958,-0.119275501867135,0.988466922442118,-66.0412752846232,-75.5644623060864,-46.716448229641,-86.7229710191869,-93.0333469977805,-49.978001656671,-46.2799307081673,-38.5703899566599,-26.9942923405097
30-Jan-2025 16:05:17,209,33,-0.0462136042614778,0.38697371284167,0.0267811638613542,0.0830877125263214,-0.00568852598468463,-0.141225065787633,0.986468239625295,-70.783193288357,-80.4252476989812,-50.0574698088036,-86.2597329441749,-93.3406959486188,-50.4412583376126,-41.7211276540909,-37.9624948957517,-26.9385261207078
30-Jan-2025 16:06:00,209,34,-0.0493386425077915,0.388034663597743,0.0314750798046589,0.0736338759462039,-0.010925755277276,-0.117692302664121,0.990256154537201,-68.264652080887,-85.7343168014385,-53.7156253377215,-84.1324813535813,-95.0287477632683,-51.0508818840302,-45.8987050924124,-36.9166127286142,-26.3004822287967
30-Jan-2025 16:06:44,209,35,-0.0524693916241328,0.38878333568573,0.0350146589179834,0.0618810497224331,-0.0115921468784412,-0.11180419921875,0.991733944416046,-69.840881267815,-91.717527758677,-55.432347841517,-82.5982230051969,-96.7321510098233,-51.5086888631858,-47.0194727769331,-36.2517370083619,-26.871299500831
30-Jan-2025 16:07:30,209,36,-0.0546312985320886,0.389029773076375,0.0425697003801664,0.0526563838124275,-0.0182554646084706,-0.106148106853167,0.992787333329519,-70.3144956519421,-96.762809643306,-59.3283538327513,-80.6854612779172,-98.0682299723311,-48.4405875587104,-47.1368355845536,-35.7023645115523,-27.971547354838
30-Jan-2025 16:08:11,209,37,-0.0543548015256723,0.390678729613622,0.0468062197168668,0.0121201026563843,-0.00673390049487352,-0.13071902692318,0.991322525342305,-81.1188648246984,-96.8279742422548,-60.9080324368916,-78.8970262028382,-95.011900695739,-49.0547663077557,-46.4466840467565,-37.6568160652082,-27.8341539630779
30-Jan-2025 16:08:51,209,38,-0.0538290592531363,0.391799521446228,0.0538936284681161,-0.0196792761484782,-0.00182763409490387,-0.142291782299678,0.989627440770467,-87.3725802967545,-99.3211565730513,-61.7950319128917,-76.4889652830353,-91.7512403481351,-47.7749679858933,-46.6681812897343,-38.7026434247246,-28.616618216811
30-Jan-2025 16:09:31,209,39,-0.0546759597957134,0.394181378682454,0.0587217576801777,-0.0555584731201331,0.00734616493185361,-0.158517822623253,0.985764380296071,-96.6009689184605,-101.903347769772,-63.0106918248216,-74.7460914408706,-90.4134144650253,-47.123181128577,-46.7455029230996,-39.4441586871713,-28.8840112932906
30-Jan-2025 16:10:10,209,40,-0.0544252296288808,0.396206853787104,0.0647642011443774,-0.0821224336822828,0.00951005599151055,-0.163124019900958,0.983135831356049,-101.766694114991,-104.605043399454,-63.8656819547164,-73.0358111375249,-88.3870058141625,-45.9604000035338,-48.4757367516587,-41.0835179010832,-29.6438687811435
30-Jan-2025 16:10:49,209,41,-0.0541312863429387,0.398806887865067,0.0707622230052948,-0.118203828732173,0.0156456079334021,-0.164105768998464,0.979210102558136,-108.726087598935,-106.841491245617,-64.6903371935937,-70.8168276035886,-86.0913057794232,-44.5421217446271,-51.3324266778146,-42.1217990907276,-30.4999584746831
30-Jan-2025 16:11:27,209,42,-0.0533312499523163,0.401556179920832,0.0771928817033768,-0.151145475109418,0.0209902307639519,-0.165181800723076,0.974386707941691,-115.757315226584,-109.070315200021,-66.1748249869623,-67.5934924543572,-83.4359600527457,-44.0460949187887,-54.1523446527689,-43.4595412682384,-30.429164271066
30-Jan-2025 16:12:05,209,43,-0.0525243930518627,0.404779277245204,0.0832004621624947,-0.195088172952334,0.0300841219723225,-0.165835671623548,0.966195698579152,-123.724459926087,-111.445327208545,-66.4892290575764,-63.8679814974782,-78.8007914800991,-43.6361938094844,-57.7038766521224,-44.8720139396823,-30.8699281188706
30-Jan-2025 16:12:44,209,44,-0.0515484052399794,0.408451479673386,0.0891840234398842,-0.226806870102882,0.038516836365064,-0.161118645469348,0.959747842947642,-130.059563161516,-114.868433244129,-66.3685912668134,-62.2913826367753,-74.975711484468,-43.3443555584472,-62.3712156636756,-46.0218518580927,-31.416470992386
30-Jan-2025 16:13:22,209,45,-0.0507060254613558,0.411416568358739,0.0948246359825134,-0.263728670279185,0.0530729462703069,-0.146581029891968,0.951916213830312,-136.853645664909,-117.390586293243,-66.9304325453618,-59.1642398241605,-71.4056757773446,-43.5615487365434,-67.2214581813285,-47.8653723999865,-30.5159033787568
30-Jan-2025 16:14:00,209,46,-0.0442677540083726,0.410101479291916,0.0938600818316142,-0.265764717260996,0.0513633668422699,-0.135078436136246,0.953144665559133,-136.110100921719,-114.213867904814,-64.423689463252,-58.2045114875074,-66.581491125146,-42.7442956613818,-68.8969182706081,-48.9638954370028,-29.8477346900857
30-Jan-2025 16:14:37,209,47,-0.0402108905216058,0.408514817555745,0.090590130786101,-0.266244328022003,0.0502266188462575,-0.126481469472249,0.954250327746073,-134.39380099552,-110.849411269768,-62.1625661484701,-57.3821471628762,-64.7460675450743,-41.9043004435036,-69.7931042364126,-48.7358391298898,-30.1677883796285
30-Jan-2025 16:15:14,209,48,-0.0367644836505254,0.406465677420298,0.0868132437268893,-0.264211297035217,0.0475618071854115,-0.124685297409693,0.955187865098317,-132.791123477817,-105.966085511414,-58.9742527173521,-56.4784648442561,-63.505024501066,-41.127934154267,-69.0246531404795,-48.8194931507124,-29.7819532582782
30-Jan-2025 16:15:49,209,49,-0.0321045286953449,0.404364164670308,0.0828564410408338,-0.262490824858348,0.0425121329724789,-0.125037841995557,0.955853994687398,-130.720257164361,-101.373325191405,-55.472344228066,-55.5341235286414,-62.7861717250895,-40.0083823293513,-68.0238835136777,-49.5840023355028,-30.3181737314814
30-Jan-2025 16:16:24,209,50,-0.0235129597286383,0.402726616462072,0.0786739135781924,-0.258847506841024,0.0316278390586376,-0.119085555771987,0.958027319113414,-128.865296453029,-95.5758475905691,-51.588638209696,-54.8694527145296,-61.0534140831288,-38.7922377365961,-68.8569546214415,-52.938939102277,-31.5404220019613
30-Jan-2025 16:17:00,209,51,-0.0168507554878791,0.401510020097097,0.0743940025568008,-0.26050289273262,0.0234555440644423,-0.122353985408942,0.9574014544487,-128.393288542759,-88.4260113493195,-48.564033426784,-54.194617151169,-61.1387040081761,-38.352796759921,-68.4319460964882,-56.8390896600432,-34.0806841710795
30-Jan-2025 16:17:35,209,52,-0.00901818995674451,0.40000994404157,0.0732454548279444,-0.25073601603508,0.0113101643820604,-0.118919073045254,0.9606569647789,-126.06275703302,-83.749995787863,-45.8939792616009,-53.8146992131842,-58.6080177167274,-36.876707591286,-68.3528977551762,-62.0618471133054,-36.4549532895169
30-Jan-2025 16:18:11,209,53,-0.000282715231878683,0.398739848534266,0.0704172929128011,-0.248399683833122,-0.000586263478423158,-0.115842160582542,0.961705724398295,-124.377963723546,-78.9608905663032,-43.7012004052824,-52.8322400878872,-58.5943433170309,-35.5572943266711,-68.4468295056849,-65.1709080143156,-38.971225882614
30-Jan-2025 16:18:48,209,54,0.00894019591311614,0.3982457280159,0.0672564114133517,-0.238644551237424,-0.0107859650626779,-0.103878576060136,0.965474871794383,-122.191039514205,-73.7402405146917,-41.297059203396,-52.5985103689342,-57.4391748632105,-34.6162190140663,-70.427251302104,-69.3981206391997,-42.1585002130408
30-Jan-2025 16:19:28,209,55,0.0159253189961116,0.398373150825501,0.0654510239760081,-0.240316167473793,-0.0198248848319054,-0.0950914512077967,0.96582232316335,-121.253049854931,-69.4288180480543,-39.5372368287258,-52.0641453531531,-57.1382593823281,-34.1643126774664,-72.5259181214782,-74.6344091260208,-45.5312754121325
30-Jan-2025 16:20:08,209,56,0.0246978816886743,0.397628009319305,0.0636319249868393,-0.231963344415029,-0.0303674219797055,-0.0911923110485077,0.967964279651642,-119.139527470689,-63.772009373904,-37.4995738676637,-51.229462688958,-55.3894703879146,-33.7319908288691,-72.20870745233,-80.1502355438104,-51.0968010455566
30-Jan-2025 16:20:48,209,57,0.0260135219742854,0.396666387716929,0.0675616011023521,-0.235888746380806,-0.0319744231800238,-0.0530942554275195,0.969801624615987,-114.705730013983,-66.2217332674898,-39.3439552479757,-46.8924958669518,-54.3078640666945,-33.5238727380763,-76.5647916490402,-83.1486143710163,-48.2989454169368
30-Jan-2025 16:21:29,209,58,0.0250159765283267,0.395533545811971,0.0699720208843549,-0.232688301801682,-0.0266327612102032,-0.0143192945048213,0.972081184387207,-109.715549376035,-69.2726106091973,-41.2313764816897,-43.0429496328422,-54.1392893670916,-34.4831507692842,-81.1044064736197,-83.5918776809642,-46.1992773969002
30-Jan-2025 16:22:09,209,59,0.0240379630277554,0.394820135831833,0.0731004238128662,-0.220164609948794,-0.0182668736825387,0.0171780489385128,0.975140412648519,-104.672177147466,-72.6240646749657,-42.9153176421048,-41.9871136926807,-51.2772304782971,-34.3761268614925,-83.485786612134,-82.6075832322833,-44.3737031811552
30-Jan-2025 16:22:50,209,60,0.0209601587305466,0.393888499339422,0.0731665367881457,-0.20508999923865,-0.00937317945063114,0.0467979190250238,0.977578775087992,-99.6772091235872,-80.0258071027644,-42.0975187658703,-41.5781328994934,-50.293429494907,-35.6859519842009,-86.1380494076156,-80.4595099042878,-42.3101758675559
30-Jan-2025 16:23:30,209,61,0.0172127811859051,0.392273006836573,0.078299355506897,-0.181266259153684,0.00744947989781698,0.0909002020955086,0.979195729891459,-90.2814432020529,-82.6276937115785,-47.6788498713111,-40.8175796797931,-50.2487574642191,-18.8042016221594,-90.5007535315809,-76.6045471366352,-40.6526720050295
30-Jan-2025 16:24:13,209,62,0.0150599978243311,0.391463605562846,0.076043846209844,-0.161454424262047,0.0181659451375405,0.125462377071381,0.978704098860423,-83.4102783316909,-86.5796524109002,-45.6597459675896,-40.2562402468364,-49.7736499098822,-35.8766635177429,-94.293678319788,-73.3961396491539,-39.2731798680395
30-Jan-2025 16:24:38,209,63,0.0105161224181453,0.38946485320727,0.0830532828966777,-0.15762231250604,0.0356521447499593,0.163885354002317,0.973152458667755,-77.2014139869151,-87.9066471554756,-45.6154245592868,-27.2695077072515,-24.1833245937202,-17.8762315421389,-97.426713440116,-64.4360098017584,-33.9826935938178
30-Jan-2025 16:25:29,209,64,0.00527900361145536,0.391307930151622,0.0808422436316808,-0.135548617442449,0.0499361085395018,0.182020409901937,0.972626121838888,-77.9986999049324,-91.671159922678,-50.9834943986934,-39.1200786143523,-48.8853903966469,-34.3143526309411,-102.104803726504,-64.4500187744057,-35.5117102509801
30-Jan-2025 16:26:11,209,65,0.00511917620897293,0.392182910442352,0.0870999072988828,-0.108398758868376,0.0672578240434329,0.215353418389956,0.968167873223623,-70.4490609543463,-95.5294317011938,-55.8327598619548,-39.6893012447962,-47.5086517591175,-16.8967502519465,-106.655421595923,-63.3260971570744,-34.8254783738346
30-Jan-2025 16:26:42,209,66,0.00821097753942013,0.394620406627655,0.0919687762856483,-0.116380949815114,0.0678342560927073,0.213353221615156,0.967643745740255,-74.6043186814638,-97.3413621807833,-59.4736495522904,-40.3094287110743,-22.8188790757436,-8.48710704368416,-108.516440049987,-66.2138603649441,-38.6820841070686
30-Jan-2025 16:27:36,209,67,0.00858548308412234,0.398222388823827,0.091340808570385,-0.121602248648802,0.0633182495832443,0.202659241358439,0.969604535897573,-80.1228451914304,-100.639232413201,-63.0973381485896,-44.3717191081883,-52.6969052822568,-35.0760329684726,-110.045590399809,-70.3171409253192,-42.4723777067257
30-Jan-2025 16:28:23,209,68,0.0123523275678356,0.401324844360352,0.0931748082240423,-0.134357821941376,0.0575680022438367,0.192876036961873,0.970274615287781,-85.3480060928216,-102.730072522033,-64.3874261978708,-46.1800909707202,-54.658830933713,-17.5142434597864,-111.783806697509,-76.528180161947,-47.6545152395942
30-Jan-2025 16:29:17,209,69,0.0132133401930332,0.405703357855479,0.0917938853303591,-0.14464931289355,0.0509220997492472,0.178176475564639,0.971975672245026,-92.7514841899251,-105.717397569072,-65.6357139736428,-50.8365035659611,-56.2377063076404,-39.6770962343631,-113.851555969149,-82.3680987367011,-52.2575747390685
30-Jan-2025 16:29:52,209,70,0.0179795946925879,0.408491669098536,0.0963217571377754,-0.167908338705699,0.0468272119760513,0.174991119901339,0.969016067186991,-97.7191208848847,-107.277965085215,-60.4131016126604,-23.5419365275556,-27.0250565428024,-19.6772701505709,-116.159071727758,-87.7974569805184,-49.9710952218458
30-Jan-2025 16:30:42,209,71,0.0176625839124123,0.41450466910998,0.0935206969579061,-0.180907927950223,0.0353478687504927,0.14219880203406,0.972523732980092,-107.318836878772,-110.97515383591,-66.6550391833006,-57.2968796723286,-12.1916442085827,-42.4961046375947,-118.061470729852,-94.7465350588672,-56.4648461962744
30-Jan-2025 16:31:16,209,72,0.0123059991747141,0.414061919848124,0.100508116185665,-0.188625074426333,0.0433188043534756,0.135348272323608,0.971712291240692,-106.550728407371,-115.004604731504,-63.7675821789825,-32.8945936106364,-8.78639754385257,-23.3873975825341,-113.213153973948,-93.3376282249354,-52.1211446971736
30-Jan-2025 16:31:42,209,73,0.0126326916739345,0.415346052249273,0.106357920666536,-0.182375860214233,0.0481067029138406,0.129686352610588,0.973450700441996,-106.340639760702,-119.493210935737,-70.3462626575699,-23.9796850947387,-9.16346023677706,-15.0208556701775,-114.113558028914,-97.3336513496365,-54.1725008209856
30-Jan-2025 16:32:44,209,74,0.00822545296202103,0.417405263582865,0.104371563096841,-0.165110788742701,0.0468258559703827,0.110318702956041,0.978966573874156,-109.409561026399,-123.986394794288,-74.6080118776102,-60.8334653517389,-59.2066776085294,-42.775396329173,-113.463322489316,-99.0821394536539,-56.5713857562541
30-Jan-2025 16:33:18,209,75,0.00232266515182952,0.416933000087738,0.11283804923296,-0.176241220037142,0.0556003622710705,0.100764659543832,0.977596060434977,-108.942987248279,-128.106867479999,-71.636295468377,-43.996589995187,-37.7829723196945,-26.9404782738444,-107.387767152436,-94.5318600473297,-52.1690350972507
30-Jan-2025 16:33:41,209,76,-0.00847278106957674,0.417675030231476,0.119224520027637,-0.179624725381533,0.0666625161965688,0.0739135657747587,0.978686765829722,-111.80866594825,-133.16598457929,-79.5978462445069,-38.7143868318595,-29.2258057005666,-20.8108308613538,-103.324551916915,-92.0821968858345,-49.9910666411115
30-Jan-2025 16:34:38,209,77,-0.00047281733325993,0.418847493330638,0.11159407099088,-0.167954152822495,0.0525382546087106,0.0713020915786425,0.981808121999105,-113.001787869341,-134.214850101045,-77.0451127918296,-62.0786640512561,-57.9370083779001,-44.1602378217599,-107.739063774381,-99.4129300918386,-55.0367024796206
30-Jan-2025 16:35:12,209,78,0.0093569033468763,0.415823233127594,0.105825443565845,-0.179712301492691,0.0457247910400232,0.0959185714522997,0.977963332335154,-108.427972909955,-121.285876726195,-66.6131961354932,-46.0316093189589,-39.57734572266,-28.7984624428756,-108.719160657186,-95.6438173590501,-51.8634338688458
30-Jan-2025 16:36:01,209,79,0.0181087456643581,0.415554767847061,0.091285706559817,-0.181730960806211,0.0197298082212607,0.0918993080655734,0.978845838705699,-111.77068951033,-118.017983903043,-60.9416878773271,-59.8538886108146,-58.5822504011335,-44.931095894346,-111.20705005266,-100.499781656865,-57.2557130334289
30-Jan-2025 16:36:28,209,80,0.0274529778709014,0.413206376632055,0.0882608080903689,-0.195871892571449,0.0117415883888801,0.125195220112801,0.972534012794495,-105.871671890586,-104.880631355739,-54.7253838182462,-45.935834914747,-41.5194387464635,-29.9359337609939,-113.32383570447,-96.768284469982,-53.2807660856911
30-Jan-2025 16:37:07,209,81,0.0339814263085524,0.412850354115168,0.079885229965051,-0.186323787768682,0.00203022931236774,0.135664437214534,0.973074769973755,-106.301787160782,-95.5085489463596,-53.5616818587079,-55.6476147247175,-58.1727689252219,-23.6018738352304,-116.530069484447,-100.74305654075,-55.4222060817927
30-Jan-2025 16:37:49,209,82,0.04145712479949,0.41373587846756,0.0717862253387769,-0.200549135605494,-0.0177032011250655,0.142330907781919,0.969127746423086,-107.796468875948,-89.8941016059424,-51.0242809489409,-53.8493112877073,-61.2341700206945,-41.6233650132611,-119.381027328508,-103.095963240343,-59.1968395498141
30-Jan-2025 16:38:30,209,83,0.0510652395586173,0.414049611488978,0.0646437580386798,-0.198627979556719,-0.0352959786852201,0.160745923717817,0.966158314545949,-105.473433813599,-78.5084718000062,-48.1750305640595,-52.7459662272066,-63.3496065745243,-40.7726317431891,-121.979347204611,-105.762937254349,-61.9880697537953
30-Jan-2025 16:39:07,209,84,0.0567136603097121,0.414271984497706,0.0629639223217964,-0.193318856755892,-0.0459043537576993,0.178369351228078,0.963693424065908,-102.516540362493,-75.1122507613107,-44.044855441621,-51.9151003549607,-58.9920608575323,-40.2357862490657,-124.751348096735,-106.636944925561,-63.3875983257565
30-Jan-2025 16:39:47,209,85,0.0635506018996239,0.415317817529043,0.0582794489959876,-0.190319148699443,-0.0597222698231538,0.195060719052951,0.96029326915741,-100.367717717009,-71.2107341062353,-40.2492179504039,-51.3704740768422,-60.6980240051297,-41.3558846429166,-127.685189496869,-108.939469425377,-65.2912760817077
30-Jan-2025 16:40:28,209,86,0.0675980826218923,0.416339172919591,0.0580006204545498,-0.180160616834958,-0.0620525685449441,0.210592715938886,0.958823414643606,-98.0979304743344,-69.7565696429701,-39.6958492747974,-52.3939675957874,-59.0607415850218,-41.2044549807547,-130.399951151009,-111.056252339494,-66.4720284296538
30-Jan-2025 16:41:11,209,87,0.0683075457811356,0.416537336508433,0.0565494445463022,-0.177795365452766,-0.063480377693971,0.228885362545649,0.954971480369568,-96.3676609330656,-69.0760812756099,-39.6386150069963,-51.5015210132644,-62.2768363810612,-41.1672612905863,-133.455172932151,-110.980164460762,-66.0163180735975
30-Jan-2025 16:41:54,209,88,0.0723469917972883,0.418233068784078,0.0542855801681678,-0.17459811369578,-0.0740924095114072,0.239337261517843,0.952230823040009,-95.2821502424994,-70.2074309562025,-33.679447943098,-52.0511043800074,-61.3196197851743,-42.1621855864147,-136.530624776794,-112.957641185605,-65.6423763655399
30-Jan-2025 16:42:43,209,89,0.0706640089551608,0.419202065467834,0.0541415361066659,-0.170207863052686,-0.0691264003515244,0.251019857327143,0.950389321645101,-95.2690189772845,-69.9946996607717,-38.0443144811508,-53.0967027213833,-63.8257474933242,-42.6981688752415,-139.016191653188,-114.161900212236,-65.3093189814817
30-Jan-2025 16:43:32,209,90,0.0723762060205142,0.419396642843882,0.0539098898569743,-0.157914520303408,-0.0672896936535835,0.269528830051422,0.947570220629374,-91.2170774247454,-70.6099278773291,-38.5711978201794,-53.9403085500757,-63.1885473534926,-42.8546816605675,-141.656816045457,-114.004550389761,-65.8217037594232
30-Jan-2025 16:44:15,209,91,0.0729119305809339,0.415883618593216,0.0519469728072484,-0.139178068439166,-0.0634902765353521,0.275428322950999,0.949072047074636,-83.2295214601746,-66.0486054250255,-35.9467838019058,-52.73956730253,-60.0337178837759,-40.8364359458332,-138.361379035987,-111.850011745916,-63.3115768745934
30-Jan-2025 16:44:58,209,92,0.0744778037071228,0.412216963370641,0.0514089768131574,-0.115917456150055,-0.0545166281362375,0.28490123351415,0.949959170818329,-75.1322629237728,-63.9817728507187,-34.687873983876,-51.9008279268133,-56.9555564520638,-39.1358226052237,-134.954706405485,-110.292570889795,-61.9878105302636
30-Jan-2025 16:45:41,209,93,0.0730604911843936,0.408216448624929,0.0496570184826851,-0.0922492136557897,-0.0440884726742903,0.285871642827988,0.9527978459994,-68.7051531014554,-62.1871852154104,-33.5867162659682,-51.6180894870113,-55.415729039354,-38.1940254516766,-130.367415964467,-107.908678927535,-59.3072244561838
30-Jan-2025 16:46:23,209,94,0.0725087518493334,0.404142514864604,0.0476023231943448,-0.0633013382554054,-0.0317695734401544,0.284535652399063,0.956045567989349,-62.0631176361802,-59.4787200496013,-32.0394345981214,-51.6883515151665,-54.5700686361454,-35.9816363916607,-125.414816618192,-106.161561412206,-56.9982285172289
30-Jan-2025 16:47:04,209,95,0.0702157119909922,0.399977242946625,0.0459478807946046,-0.034547699491183,-0.0190624615798394,0.274584966897964,0.960752924283346,-55.3886193494262,-56.7633161185417,-30.5690909553051,-52.4601137773004,-53.0214917376873,-34.3339513784103,-119.679562819288,-102.932831120343,-55.5500276458366
30-Jan-2025 16:47:44,209,96,0.0699291194478671,0.396548998355865,0.0452777852614721,-0.00418928181752562,-0.00567153881614407,0.266654992103577,0.963766280810038,-48.9228896519327,-54.569442804857,-29.437216325004,-53.5826261564236,-49.7714565916045,-32.9686183885428,-113.927981794069,-101.063294440213,-55.1322243082254
30-Jan-2025 16:48:25,209,97,0.0695823465784391,0.39262145558993,0.0457943335175514,0.0231849759817123,0.00898342815538247,0.249822308619817,0.967972429593404,-42.1865442490695,-52.9363347998597,-28.0995762009605,-54.2805135940414,-47.0206923217094,-31.9694614103667,-107.943237155693,-99.5733545659484,-55.1546197375049
30-Jan-2025 16:49:08,209,98,0.0672335550189018,0.389832643667857,0.0446205707887809,0.034998790671428,0.0138392804190516,0.225551516811053,0.973504014809926,-40.4898909935213,-50.8336094492062,-26.9590533300459,-55.0660885609065,-45.2695634899081,-31.1533924380363,-101.916910710739,-98.3482130946173,-54.9471145502297
30-Jan-2025 16:49:51,209,99,0.0645782579978307,0.387129904826482,0.0431556950012843,0.0452065989375114,0.0194195335110029,0.200800657272339,0.978395795822144,-38.8380838116308,-49.0210754257244,-24.9420890856957,-55.7455072923954,-44.9932523771537,-29.3038674686287,-95.7197933624948,-97.3304708247529,-52.4496590546771
30-Jan-2025 16:50:32,209,100,0.0598504396776358,0.384754210710526,0.0407409325242043,0.0707977935671806,0.0273388133694728,0.177885124087334,0.981120387713114,-36.6581153412009,-47.703066649608,-25.3472592778093,-58.8205343707521,-44.5024294759242,-28.9222945079753,-90.0291350554669,-94.1617605748359,-49.953034945885
30-Jan-2025 16:52:03,324,1,-0.000618006793471674,0.322223488489787,0.0420832760632038,-0.00408719452098012,-0.00424705877279242,-0.0121656386181712,0.999908661842346,-7.72500000000001,-15.2999999999999,-5.25000000000001,-5.70000000000001,-12.15,-4.87500000000001,-5.55000000000001,-7.57500000000001,-5.17500000000001
30-Jan-2025 16:52:37,324,2,-0.000181375448300969,0.327839243412018,0.0454536105195681,-0.0416622733076413,0.000547749157218883,-0.00920189681152503,0.99908926486969,-17.7100707426311,-19.5032806342057,-6.8241946988433,-6.26579679795957,-14.9755691413996,-6.54784148483982,-11.6565117482576,-11.1525613481964,-7.50508293318943
30-Jan-2025 16:53:09,324,3,0.000871052783137808,0.331680544217428,0.0481742233037949,-0.0691471219062805,0.00203121074785789,-0.00375515578004221,0.997597364584605,-26.6638914852622,-21.0440612684116,-7.53588939768659,-6.34409359591911,-14.3886382827992,-7.26443296967963,-16.8630234965152,-12.2738726963928,-8.87891586637885
30-Jan-2025 16:53:43,324,4,0.000131988836316547,0.335673334201177,0.0495851603647073,-0.102476172645887,0.00258259607168535,-0.000578059058170766,0.994731958707174,-34.5020872278932,-23.4285919026174,-8.49133409652987,-5.72864039387864,-17.4954574241989,-9.07789945451941,-21.8445352447729,-14.1920590445891,-9.17462379956826
30-Jan-2025 16:54:21,324,5,-0.00046310734275418,0.339041664203008,0.0521294429898262,-0.135690475503604,0.00399615118900935,0.00971565563231707,0.990695559978485,-40.8074704705243,-27.8849975368232,-9.94365379537314,-3.86631219183818,-20.1991515655985,-10.3148034393592,-27.1635469930305,-15.6086828927855,-9.83126923275766
30-Jan-2025 16:54:58,324,6,-0.00107529993013789,0.341766275962194,0.0542795032262802,-0.165004816651344,0.00558458156883717,0.0100538913160563,0.986225724220276,-46.9464474631555,-29.0273406710291,-10.8194109942164,-2.35554648979773,-22.2512832069981,-11.338426174199,-32.2763087412881,-17.2245254909818,-10.2183834159471
30-Jan-2025 16:55:39,324,7,-0.000341367560516422,0.345577392975489,0.0571262367069721,-0.19140031238397,0.00681594278042515,0.0138335018108288,0.981390925248464,-53.8272213307866,-31.962652555235,-12.6818869430597,-1.62056203775727,-22.9276335983978,-12.4054082840387,-36.8359454895457,-18.6399774641782,-12.0457319741365
30-Jan-2025 16:56:15,324,8,0.00208749421872199,0.349927924076716,0.0556161602338155,-0.205596758921941,0.00351540323657294,0.0104957365120451,0.978574220339457,-60.8538936359177,-17.269448814441,-7.23772226690298,-4.04846821071678,-23.5160933647975,-13.4190700813785,-41.7940197378033,-20.1052341248746,-14.5931977198258
30-Jan-2025 16:56:58,324,9,0.00114362069095174,0.352455240488052,0.0587567865848541,-0.218154124418894,0.00464647241557638,0.00896932942171891,0.975862089792887,-65.2371559723956,-35.4348466576732,-13.601731100402,-4.73368197707699,-24.0862237336262,-14.7064412714257,-43.8986832480151,-22.4321783351011,-15.844180908697
30-Jan-2025 16:57:28,324,10,0.00387287908233702,0.353542234500249,0.0583995379507542,-0.226757526397705,-9.48366888527138e-05,-0.00266116581236323,0.973947628339132,-67.4068929182485,-25.1556155946557,-10.9015797776511,-5.15961839968722,-25.6093814462049,-8.51798238334803,-43.5154561332269,-25.5590737172027,-17.3501933944431
30-Jan-2025 16:57:53,324,11,0.00768131005267302,0.353531585137049,0.062592572470506,-0.238647738099098,-0.00752744084844987,-0.0260225279877583,0.970728313922882,-70.4198671687889,-21.9540700785131,-10.3443483767752,-1.9309161504225,-12.3090528306588,-5.26660845620783,-38.8882837059387,-29.1609446852417,-19.7337205286268
30-Jan-2025 16:58:34,324,12,0.00694263468806942,0.356910282373428,0.0605451288322608,-0.22247954805692,-0.012268988477687,-0.0448247089982033,0.973829094568888,-74.2294600716731,-37.8913673358079,-15.1335769368368,-10.4498945652202,-26.5469810510499,-16.9087770095362,-39.5641386224004,-34.9503034462495,-22.8560049870292
30-Jan-2025 16:59:02,324,13,0.00687846895307302,0.356515429417292,0.0660361175735791,-0.242382366458575,-0.0194372116277615,-0.0675524577498436,0.967630950609843,-77.5373623007292,-32.4980859798216,-14.6460354773671,-5.2677133120492,-13.82903768941,-9.14771680309916,-34.4915072107372,-39.3584061037417,-23.1226681075409
30-Jan-2025 16:59:38,324,14,0.0105485382800301,0.361121247212092,0.0628954221804937,-0.228303596377373,-0.0224823602785667,-0.0582723977665106,0.971584475040436,-79.7653489473575,-39.2072303206312,-18.0511275945016,-14.2295811790603,-28.6547693832691,-19.193008724688,-40.4570544818669,-45.1501302434506,-25.7208064107461
30-Jan-2025 17:00:12,324,15,0.0131378578022122,0.364820941289266,0.0629157950480779,-0.218790541092555,-0.0249586266775926,-0.0565173049767812,0.973813939094544,-81.5304129255288,-41.6712300081205,-21.5995272067532,-18.4911591290792,-33.1790331816206,-21.0124934563356,-44.3479801709653,-51.2340403572806,-29.4800393794787
30-Jan-2025 17:00:47,324,16,0.0183361977338791,0.368691448370616,0.0620386848847071,-0.217189317941666,-0.0280296639849742,-0.0383813142776489,0.974971830844879,-84.0390155694716,-44.0376573689496,-23.7195805665634,-21.1525921206021,-36.9775630322182,-22.6940745930124,-51.251595069048,-57.9890434581711,-32.0198196809749
30-Jan-2025 17:01:22,324,17,0.0220663843055566,0.372785514593124,0.0610629066824913,-0.21279886563619,-0.0301139858861764,-0.0307125429312388,0.976148847738902,-86.3943875463001,-45.4552985664487,-25.275460800153,-25.1889526328769,-39.7382259089389,-24.8317039322039,-57.261554571623,-63.1295930525919,-35.824873648853
30-Jan-2025 17:01:57,324,18,0.0277835617462794,0.376511744658152,0.0603586241602898,-0.203637459874153,-0.0347647048532963,-0.0304756430288156,0.977954244613647,-88.5231441895715,-47.2985466822827,-26.3242544706322,-29.4627769055277,-42.2799552987212,-26.4473573726527,-60.649686376444,-68.7379158937778,-39.587564449922
30-Jan-2025 17:02:32,324,19,0.0314236688117186,0.379930152495702,0.0605447684725126,-0.193927897016207,-0.0388375716904799,-0.0332239227990309,0.979683522383372,-90.4635931660643,-50.1795982572842,-27.4195048595562,-34.4553330583664,-43.9622179450341,-28.3270228637301,-63.5519043323882,-74.9551253583463,-44.6790736675864
30-Jan-2025 17:03:08,324,20,0.0348349533975124,0.383946812152863,0.0587426188091437,-0.175400774677594,-0.0399270243942738,-0.0303499975552162,0.983218864599864,-92.1598883091678,-52.8295515618694,-28.3879836077026,-39.8822551512991,-46.4147472196124,-30.6386943801219,-67.1111653638938,-81.1017781346061,-48.4099920935485
30-Jan-2025 17:03:46,324,21,0.0399144515395164,0.388863164186478,0.0576586636404196,-0.162787642081579,-0.0407912865281105,-0.0177626345306635,0.985657548904419,-94.1841065355767,-55.8139557312465,-29.5180765354603,-45.3763602142789,-47.9774098083234,-32.6413689091709,-73.8489479331802,-87.2881525667115,-51.6856151236596
30-Jan-2025 17:04:24,324,22,0.0428057054678599,0.392843208710353,0.0568150281906128,-0.148621394236883,-0.0402370433012644,-0.0153509700049957,0.987956007321676,-95.9222863036383,-58.6655853330195,-31.2539765530235,-50.9790567622821,-50.8951390541008,-34.9395449445485,-76.7759912713569,-93.1943878267398,-55.258590455845
30-Jan-2025 17:05:03,324,23,0.0374563125272592,0.395470376809438,0.0578980274498463,-0.149277200301488,-0.0383358699580034,-0.0313959126671155,0.987553036212921,-100.181569856936,-61.1849515201984,-33.7178752471898,-54.5397550844898,-52.7957335993743,-35.6336709156681,-77.1660429049813,-94.5646559462387,-55.0903263589186
30-Jan-2025 17:05:43,324,24,0.0299681130796671,0.398003961642583,0.0600556150078774,-0.15122991502285,-0.0364727231363455,-0.0520176810522874,0.986454983552297,-105.119343795647,-64.0086240654763,-36.2582257138074,-58.3526012779534,-53.7600948089143,-36.6641722633699,-76.6784097308282,-94.6273892727183,-53.8714003375108
30-Jan-2025 17:06:22,324,25,0.0231087035189072,0.399917264779409,0.0607945981125037,-0.151363788048426,-0.0377887984116872,-0.0878634373346965,0.983839984734853,-111.071362927065,-67.2844497898036,-37.7118020666508,-61.9165214070449,-55.1563393505876,-38.0878612993628,-72.5269341527864,-94.1113552026883,-51.0021433538623
30-Jan-2025 17:07:02,324,26,0.0142217709993323,0.401559859514236,0.0647644718488058,-0.158563107252121,-0.0398901907106241,-0.115676149725914,0.979737500349681,-116.480504654836,-71.6863521036557,-40.196991362607,-66.3309785039504,-54.8185255583275,-39.1831441795013,-70.9685373728003,-91.2059374344034,-48.8827208890935
30-Jan-2025 17:07:41,324,27,0.00593116668363412,0.404356988271077,0.0665737936894099,-0.16976914703846,-0.0381601234277089,-0.139464368422826,0.974818933010101,-122.593207680783,-74.7762927122701,-42.9729871301196,-70.1207040847629,-55.7136825991007,-39.6642239817125,-70.4066799918419,-88.2308278169912,-46.5382156837645
30-Jan-2025 17:08:19,324,28,-0.00203050690082212,0.406650370359421,0.0662840763727824,-0.175287455320358,-0.03542693456014,-0.178352176149686,0.967579344908396,-129.432691355819,-77.1352524682658,-45.8943861334105,-74.4980639075289,-58.9503250563907,-39.68820224496,-67.0430923103976,-84.6208722750152,-44.6811691081555
30-Jan-2025 17:08:58,324,29,-0.00833750789364179,0.409290554126104,0.0676327168941498,-0.184858766198158,-0.0339584487179915,-0.203324222564697,0.960902361075083,-135.585565355399,-79.5037217979521,-47.6134867545904,-78.1942408512716,-61.032710221939,-39.9336297387258,-65.8036394787101,-81.1434937707574,-42.9928518474064
30-Jan-2025 17:09:35,324,30,-0.0159416726479928,0.411610968907674,0.0676803151766459,-0.19152038594087,-0.0297718070447445,-0.228910008072853,0.953956929842631,-141.395134517252,-82.1019459144836,-49.931438184715,-81.8498263555027,-64.1879667416165,-40.9647818477506,-64.2012540719011,-75.2574037853587,-41.1638992440872
30-Jan-2025 17:10:14,324,31,-0.0265499493728081,0.414702677726746,0.0693205853303274,-0.194539794325829,-0.0252227594455083,-0.262586295604706,0.944757421811422,-147.78305126024,-86.3150474244378,-51.6488150193118,-85.8601161399779,-66.0046589383586,-41.563796264405,-61.5924023775314,-69.7419580593896,-39.6396289694831
30-Jan-2025 17:10:55,324,32,-0.0291267725328604,0.412851059436798,0.0645431632796923,-0.162615061799685,-0.0193218012650808,-0.254546217123667,0.953094585736593,-141.43544509121,-89.3763151581759,-51.622001660181,-88.2352850908839,-66.7094023786336,-42.1611418778746,-60.5723595094474,-65.2675901206216,-39.2063110284797
30-Jan-2025 17:11:35,324,33,-0.0309067373474439,0.410433791081111,0.0643166775504748,-0.129244915644328,-0.0208609274278084,-0.247778028249741,0.959930543104808,-134.032425817465,-93.0288022402696,-51.7075446521684,-89.799130111851,-65.3170047381746,-41.4129530682515,-58.1007000694732,-62.948383246711,-38.024163669655
30-Jan-2025 17:12:16,324,34,-0.0323823444545269,0.407948096593221,0.0661288474996885,-0.0957881857951482,-0.0244135895123084,-0.230922609567642,0.967937715848287,-126.476699991362,-95.9268989965411,-51.8492658197148,-90.2073131678485,-62.4260365573486,-40.516997047082,-57.3032323435539,-59.8317569052292,-37.4426016019198
30-Jan-2025 17:12:56,324,35,-0.0324095711112022,0.405101943016052,0.0678833837310473,-0.0600759108861287,-0.0274045206606388,-0.213824139038722,0.974637973308563,-118.169620889079,-97.9978005899015,-52.6190760750407,-90.7876652413613,-58.1857831063391,-39.9971574201395,-55.242860474662,-58.6414208299616,-35.8113321797292
30-Jan-2025 17:13:36,324,36,-0.0328266749779383,0.40206473271052,0.0675744697451592,-0.0248182666798433,-0.0291467872758706,-0.193666716416677,0.980320243040721,-108.586865148707,-99.8051046018064,-53.4779308742563,-90.8541018236318,-56.7958870202378,-39.2903759903103,-54.4260365342839,-56.6142298878012,-34.5552090803109
30-Jan-2025 17:14:17,324,37,-0.0336059314509233,0.398877755800883,0.067490183810393,0.00979259945452213,-0.0332155687113603,-0.173861225446065,0.984161142508189,-99.4912710892905,-101.555609822984,-54.8313079454168,-90.8135806602811,-55.6311696165907,-38.7901236590379,-53.4809865581626,-53.7936115121944,-33.9366591422789
30-Jan-2025 17:14:58,324,38,-0.0352796057860057,0.396160737673442,0.0690867409110069,0.0453305850426356,-0.0388340512911479,-0.1520628819863,0.986566766103109,-89.7392578703515,-103.577715648797,-55.9819461525498,-90.9445806241198,-55.2540415541707,-37.3431358770437,-52.5468235641697,-50.8762794198644,-33.2618957849399
30-Jan-2025 17:15:40,324,39,-0.0368848373492559,0.393786217768987,0.0693505962689718,0.0755480830868085,-0.0435844051341216,-0.130643090605736,0.987585604190826,-81.0840350716513,-104.385621776928,-57.4062149276689,-91.0863411515531,-55.6457081623644,-35.6477803696888,-52.1431040612411,-47.9105904691728,-32.1840257179475
30-Jan-2025 17:16:20,324,40,-0.0373758889734745,0.390809359153112,0.0614867468674978,0.103188230097294,-0.0471037286023299,-0.130832720796267,0.984894037246704,-74.8717400541672,-98.620180615372,-54.93359159239,-92.5845592877956,-55.3491681743458,-34.1163553599261,-49.2249575239648,-43.3479214996422,-29.2551178273312
30-Jan-2025 17:17:03,324,41,-0.0337581773598989,0.388930598894755,0.0560582446555297,0.120420473814011,-0.0465424860517184,-0.137422761321068,0.982063003381093,-72.4961426417428,-92.8886895293953,-51.3293758991077,-94.0479675649367,-53.8573268539805,-33.4228384188232,-46.6269218594545,-43.123163315521,-28.3254332593016
30-Jan-2025 17:17:44,324,42,-0.0319984038670858,0.386243877808253,0.0506077808638414,0.145119628310204,-0.0476703186829885,-0.139891562859217,0.978313982486725,-66.4138940318482,-87.3241734812084,-46.7843640268236,-95.3439709125271,-52.6678348674419,-32.3982755120503,-43.7389416313273,-40.2673605241047,-26.8953603525654
30-Jan-2025 17:18:25,324,43,-0.0306564149757226,0.383715750773748,0.0456233888864517,0.170077463984489,-0.0509411488970121,-0.141004261374474,0.973959187666575,-60.7283198232186,-82.2931449519163,-44.0189540650387,-96.8562717953423,-51.3295175478166,-30.4581896224423,-40.5559891213916,-37.8210354290408,-25.5150932764757
30-Jan-2025 17:19:06,324,44,-0.0274357959628105,0.381820597251256,0.0404104856153329,0.197017786900202,-0.0496638273199399,-0.144636957844098,0.968399560451508,-56.1410828152215,-73.9288601820718,-40.8683450585034,-98.1767214457697,-50.3667875616479,-28.3603422414167,-37.9005504705517,-37.5294491821532,-24.6097291157094
30-Jan-2025 17:19:44,324,45,-0.0229255805412928,0.380839812755585,0.0409847634534041,0.166073200106621,-0.0392252318561077,-0.152453846732775,0.973467489083608,-61.7524344163423,-66.9725167428003,-38.6101666586955,-94.7688076915013,-50.0159101885473,-26.5808889915303,-37.4878031312956,-38.2591583339731,-24.2115248035926
30-Jan-2025 17:20:22,324,46,-0.0187447911749283,0.381373572349548,0.0388587117195129,0.129573539892832,-0.0261896892140309,-0.169513083497683,0.976621810595194,-68.3508703176212,-60.9828592433907,-36.9306884977,-92.0254311291359,-51.071429648811,-27.1619953687895,-37.2069342568135,-40.1275521978371,-23.8945462203065
30-Jan-2025 17:20:58,324,47,-0.0164467367033164,0.380580071608225,0.0366908686856429,0.110642891128858,-0.0196687219043573,-0.169805561502775,0.979049241542816,-70.2678483689792,-58.926544713912,-34.1155604561108,-88.564323162722,-50.3551475257568,-28.9233815596215,-37.2170046147184,-39.9402884177231,-24.3681805014359
30-Jan-2025 17:21:34,324,48,-0.0166292190551758,0.380416518449783,0.033877777804931,0.084141793847084,-0.0138931109880408,-0.173905819654465,0.981062670548757,-73.8190974953768,-56.1369016693988,-32.0826074742246,-85.4943494942839,-52.8779646110437,-31.1999076572399,-36.9975445888168,-40.00019581562,-24.337121214773
30-Jan-2025 17:22:11,324,49,-0.0177660157283147,0.380387594302495,0.0321019530296326,0.0574508756399155,-0.00857567756126324,-0.179265995820363,0.982084310054779,-76.6874821592941,-56.5055943673682,-30.2907420221899,-82.2449429748337,-56.1203313005012,-34.0340037082514,-36.7383193710118,-39.9586888025225,-24.9537151442139
30-Jan-2025 17:22:49,324,50,-0.0186132327963909,0.380716681480408,0.0302115882436434,0.0340452164411545,-0.00270629577959577,-0.179692214727402,0.983129894733429,-79.5144345919713,-57.178454936579,-29.2944203350811,-79.4308200298775,-58.8974727920439,-36.6968847359596,-37.1342115572553,-39.6414745839276,-25.7441356817067
30-Jan-2025 17:23:26,324,51,-0.0205084891368945,0.380505567789078,0.0265231891224782,0.0109419076393048,0.00584822362288833,-0.183355167508125,0.982968461513519,-82.0206709090284,-55.3783994414105,-27.8708705304351,-76.3093388721682,-62.9420016846292,-38.9741582520161,-36.582662445523,-38.8864067625842,-25.6464695232256
30-Jan-2025 17:24:04,324,52,-0.0232214623441299,0.380336966117223,0.0231315276275078,-0.0133785558864474,0.0135729075099031,-0.181586358944575,0.983190329869588,-84.6665491682755,-54.2918859140523,-27.8087066670205,-72.8091786080824,-69.1952242777359,-41.5836280122468,-36.3823926848027,-38.0624121398664,-25.4797600167574
30-Jan-2025 17:24:44,324,53,-0.0267872928331296,0.381743584076564,0.0188951877256234,-0.0283677277465661,0.0219305946181218,-0.186516663432121,0.981797297795614,-86.7822483986177,-54.5371433705994,-29.3272357742216,-71.3696787908084,-74.6777937211032,-44.8091958945645,-36.4327625995885,-38.1039541164615,-25.8035288362957
30-Jan-2025 17:25:23,324,54,-0.0300975248217583,0.383839654922485,0.0133965929349264,-0.0208528690040112,0.0301119522502025,-0.19993671576182,0.979123989741007,-88.5230007829107,-55.7660695262136,-29.0088149320036,-74.6259252840187,-80.9243841508054,-47.7437985802436,-34.6190548351043,-38.1663840098694,-26.755408589131
30-Jan-2025 17:26:08,324,55,-0.0304443291078011,0.387644310792287,0.00833493166913589,-0.00931856104483207,0.0336320047577222,-0.199838986992836,0.979207066694895,-90.8437084099775,-56.7279384278041,-30.6605673324395,-79.8598368889319,-87.3158112930728,-50.6824257964445,-37.2930069894966,-40.6201980531056,-27.8299079234679
30-Jan-2025 17:26:55,324,56,-0.0324896765251954,0.390752230087916,-7.23259843653068e-05,0.00951739766945442,0.0380158330003421,-0.201564921935399,0.978690874576569,-89.1043936584312,-50.3562787023829,-33.2224063542024,-84.6575810496966,-93.7046567916228,-56.6980652779063,-38.3107891033271,-42.244704171256,-27.9157170485556
30-Jan-2025 17:27:38,324,57,-0.0335014867285887,0.392435459295909,-0.00175732001662254,0.0156153608113527,0.0371322472890218,-0.195149914423625,0.979945866266886,-89.0100677175783,-49.9178546634557,-35.0392886866287,-86.1622414883871,-99.192211468314,-55.3272108919986,-40.6754861968768,-42.1795563268634,-28.7071810690188
30-Jan-2025 17:28:20,324,58,-0.0315483279526234,0.393969124555588,-0.00759050386647383,0.016216920564572,0.0424235112965107,-0.187234009305636,0.981264865398407,-89.6632361820722,-51.1710484677755,-31.0836926743869,-84.8203600660405,-105.054120734076,-55.9631095724061,-42.138640780286,-42.3195815011993,-30.9764725371696
30-Jan-2025 17:28:51,324,59,-0.0426819113393625,0.395382543404897,-0.0133953006317218,0.0166143671919902,0.0511314399540424,-0.197997743884722,0.978726907571157,-90.9901518492394,-54.1700511937188,-30.3168574898109,-85.7302077131752,-111.478207294373,-57.4523847859712,-28.4510241086251,-20.8121931848991,-15.8346777291645
30-Jan-2025 17:29:39,324,60,-0.0388725228607655,0.400180864334106,-0.015563141554594,0.0199593853205442,0.046721658607324,-0.173444374402364,0.983532317479451,-93.7039411177432,-59.6919583804738,-36.4694027190678,-89.4909198950507,-118.708382501938,-63.0433482661151,-47.6880218094291,-43.4560981232815,-32.1123397830811
30-Jan-2025 17:30:22,324,61,-0.0391076227029165,0.403184072176615,-0.0189243172605832,0.0554290562868118,0.0437318158646425,-0.183890975515048,0.980407726764679,-91.0335641007782,-57.5244170671015,-38.1122769662119,-98.1693592486111,-120.172016582856,-62.6064523306453,-47.9484054831946,-45.586541451379,-31.7362653253831
30-Jan-2025 17:31:06,324,62,-0.0383435986936092,0.407230385144552,-0.0246584070225557,0.0898302659392357,0.0464755396048228,-0.194782863060633,0.975617869695028,-92.2349054841472,-56.2876018689321,-38.5599963168142,-106.435514735857,-121.98717282559,-67.8824784618202,-49.0149427500763,-49.829808093147,-33.3650550831656
30-Jan-2025 17:31:50,324,63,-0.0374332857628663,0.410846147934596,-0.0279988579452038,0.125957266489665,0.0455558036764463,-0.192993857463201,0.972014844417572,-88.0971060676834,-53.0411497283641,-39.3101382191456,-114.120528289945,-125.028090149233,-65.9649656263174,-52.0595568135162,-51.3794863917501,-34.5712769486883
30-Jan-2025 17:32:42,324,64,-0.0393136478960514,0.415487392743429,-0.0322154129544894,0.160506637891134,0.0471916476885478,-0.196113038063049,0.966204043229421,-89.9147362513031,-61.8398791165969,-38.8614913973417,-123.239970877454,-128.456888013331,-71.7756833074758,-54.8182092752352,-52.4073705187708,-36.9912148680812
30-Jan-2025 17:33:23,324,65,-0.0414787439008554,0.420006469885508,-0.03660615781943,0.19148383140564,0.0507561797897021,-0.206314321358999,0.958223454157511,-88.3350812349646,-54.23619926923,-40.5884502134699,-131.501627981674,-131.479626147655,-75.0005162469648,-56.6088809360937,-32.9243575599996,-37.6180108144092
30-Jan-2025 17:34:09,324,66,-0.0412734972933928,0.424390212694804,-0.0388733026882013,0.235104556878408,0.0502494471768538,-0.211159314711889,0.947424213091532,-86.781783618647,-66.1063148040632,-40.8532118485643,-140.684392344249,-133.549334417093,-77.3824068156191,-59.865562196522,-21.4108960583332,-39.1482357742046
30-Jan-2025 17:34:53,324,67,-0.0413917842010657,0.428017264604568,-0.0428567710022132,0.26991508603096,0.052745911727349,-0.212354922294617,0.937693500518799,-84.5666647023398,-68.0633280299966,-40.7618748931419,-148.227710336002,-136.567527754088,-81.742826198856,-62.2802482567351,-19.2072102852191,-39.7051752407338
30-Jan-2025 17:35:40,324,68,-0.0442567172149817,0.432120299339294,-0.0466746183733145,0.311334669589996,0.0499846753974756,-0.216821606953939,0.923883434136709,-82.4706351360378,-71.58879010148,-42.2174886424609,-156.676305142344,-138.709963624861,-83.0425099893842,-63.5239367168407,-16.4084123763812,-40.0004719606299
30-Jan-2025 17:36:22,324,69,-0.0431356087327004,0.433196284373601,-0.048166481902202,0.317410000165304,0.0447334902981917,-0.200175855557124,0.925839853286743,-80.9115117788562,-70.2289670347529,-42.6027797798982,-157.173914026179,-142.40463181993,-82.8853383285019,-66.7435690985326,-17.5966265620841,-40.260688204651
30-Jan-2025 17:37:11,324,70,-0.0401852294802666,0.4331727206707,-0.0520866739253203,0.310705443223317,0.0632374758521716,-0.201313146948814,0.926788087685903,-79.4571607591758,-68.2112561794133,-36.5498085935209,-155.610342113661,-144.642860648444,-81.9629827694424,-66.1454520801974,-57.8235627138565,-41.8054937620139
30-Jan-2025 17:37:50,324,71,-0.0428852468729019,0.43179460366567,-0.0480350027481715,0.309164669116338,0.0422749514381091,-0.187084624171257,0.93146626551946,-77.8301959082461,-68.4896014297675,-41.6027062452363,-153.166179802967,-144.65286979368,-82.8330352612943,-67.3884603618486,-37.4698598486627,-40.0925939760476
30-Jan-2025 17:38:31,324,72,-0.0482343363265196,0.431049031019211,-0.0500115605692069,0.311079696814219,0.0299062501639128,-0.178179569045703,0.933052571614583,-75.5919241416918,-70.8159747329686,-42.308538315998,-151.331722293184,-145.573769097277,-82.4992917786019,-65.9520312934933,-54.9258374749867,-24.4508415184168
30-Jan-2025 17:39:15,324,73,-0.0470630211134752,0.429853429396947,-0.0449876263737679,0.310143256187439,0.0142597295343876,-0.158929622173309,0.937202882766724,-74.2479989173251,-73.341362062593,-43.9908375962829,-149.577117183858,-145.750113480055,-82.3886503086373,-68.8008835501348,-54.6116553470692,-39.1946627249535
30-Jan-2025 17:39:51,324,74,-0.046855528652668,0.429081952571869,-0.0404141175250212,0.30126994450887,-6.61779684984746e-05,-0.143626421689987,0.942660001913706,-74.4762469640522,-75.9662564054293,-45.1863704813293,-147.862438274759,-145.404180402423,-81.8645598450367,-71.3923764692746,-36.7123933420306,-39.6562707635743
30-Jan-2025 17:40:33,324,75,-0.0492147972186406,0.428074989716212,-0.0385137068728606,0.303857535123825,-0.028599717343847,-0.111313341061274,0.945760027567546,-71.2905816463262,-78.7909042548713,-47.8635201687566,-145.492722465774,-145.772108594587,-81.883744884618,-74.0051897196637,-54.120591398432,-38.3767722182369
30-Jan-2025 17:41:15,324,76,-0.0545087573428949,0.426526689529419,-0.0286715465287368,0.285243225097656,-0.0331999885539214,-0.128473550081253,0.949225274721781,-74.6444459589539,-85.0699391484854,-50.8275866518268,-144.070376871372,-143.12834301356,-81.2091087207644,-70.8918387271356,-53.8460519757329,-37.1648398750282
30-Jan-2025 17:41:58,324,77,-0.0576890237629414,0.426371741294861,-0.0214597211529811,0.276618631680806,-0.0465269913276037,-0.12364779462417,0.951855369408925,-75.5698319304682,-90.386412418751,-55.0620573354921,-143.234272051998,-142.275542749981,-79.8077914327062,-71.1963178174199,-52.7983775683935,-36.79263088583
30-Jan-2025 17:42:41,324,78,-0.0580099416275819,0.425767568747203,-0.0086955356101195,0.260219856103261,-0.0544045810898145,-0.132203420996666,0.954907357692719,-79.930978731426,-96.3466048773423,-57.5317301194551,-142.016287620139,-140.368225145127,-72.3431335825458,-70.2097119491102,-52.564135668734,-38.190283573637
30-Jan-2025 17:43:26,324,79,-0.0639145558079084,0.426373245318731,0.00015386233086853,0.248299489418666,-0.0649748643239339,-0.136316984891891,0.956840292612712,-82.5600059471054,-103.003656930096,-61.8940039535669,-141.582363382036,-138.758648869636,-74.2968054513343,-69.4775636015036,-51.6866100229145,-37.3978670999467
30-Jan-2025 17:44:02,324,80,-0.0617832466959953,0.425893026590347,0.014942029863596,0.228566134969393,-0.070757387081782,-0.139974734187126,0.960811122258504,-85.9729733701457,-108.284138779932,-64.277578312753,-136.740469240812,-129.947943258825,-68.8096421795972,-70.5976440142486,-30.4624425040147,-39.3354160455077
30-Jan-2025 17:44:52,324,81,-0.0677543784181277,0.42711115082105,0.0216792542487383,0.210069871942202,-0.0739559099078178,-0.144320696592331,0.964143530527751,-91.0529108968663,-115.426335528308,-70.6218029344764,-139.669590148028,-131.111672980355,-70.9270613375973,-70.8438388071695,-52.5399540485753,-37.5379477006944
30-Jan-2025 17:45:44,324,82,-0.0722300151983897,0.429929554462433,0.0293835366765658,0.191816608111064,-0.0757516294717789,-0.154014202952385,0.966306245326996,-96.8163334754272,-121.999389725955,-75.4213526874683,-140.109218579463,-130.512620368056,-70.771771710466,-71.8530907901785,-53.518305124866,-37.1729707106938
30-Jan-2025 17:46:30,324,83,-0.0730533356467883,0.432295242945353,0.0315087859829267,0.167242410778999,-0.0656614447633425,-0.180756339430809,0.966977639993032,-105.727241690186,-124.322545042216,-72.9040029853743,-140.070782334062,-130.042875009731,-68.9860786835039,-71.3132570368077,-53.1530937899223,-23.1278500918402
30-Jan-2025 17:47:13,324,84,-0.0674862508972486,0.433845221996307,0.0337482059995333,0.141880324482918,-0.0495898241798083,-0.210493855675062,0.965972665945689,-114.734021167905,-125.190914720795,-70.0754845660976,-141.172472969717,-126.657434067948,-69.332208460259,-71.3016875809587,-32.2880923379106,-41.0158523116897
30-Jan-2025 17:48:05,324,85,-0.0653857439756393,0.436261945962906,0.0341805855433146,0.119319066405296,-0.0359520852565765,-0.238347429037094,0.963151574134827,-122.288736277105,-124.506891580533,-66.8663817882294,-142.844227045899,-124.889145334437,-68.4192496388727,-71.1042502738708,-22.0981958273653,-42.0954159508909
30-Jan-2025 17:49:03,324,86,-0.0571210414171219,0.437008301417033,0.0430558010935783,0.102500419815381,-0.0357403772572676,-0.277077190081278,0.95469605922699,-131.367419202044,-121.54667203085,-65.1169868310655,-145.551012842345,-115.229432705062,-62.7517465184157,-67.6638790411632,-60.9708517875538,-44.1457602997679
30-Jan-2025 17:49:49,324,87,-0.054108482102553,0.438411651055018,0.0422524782518546,0.0789490799109141,-0.0181064547350009,-0.311568572123845,0.946765152613322,-139.858086034853,-117.448354276457,-62.8224457842537,-146.825314498922,-114.299008127754,-63.9319712484233,-64.7020408456458,-64.7497839831089,-43.5314950034828
30-Jan-2025 17:50:38,324,88,-0.0503001580635707,0.44089320898056,0.0416092030704021,0.05711581731836,-0.00814410944779714,-0.336475622653961,0.939923199017843,-147.979744821597,-113.305987419708,-60.255331692618,-148.283374085566,-113.308227576481,-62.5360599036632,-65.9544691687236,-67.1818542963471,-44.5099248846166
30-Jan-2025 17:51:23,324,89,-0.0500160299241543,0.440458826224009,0.0425026662647724,0.0277200902501742,-0.00234821126796305,-0.333623141050339,0.942295972506205,-150.607241009278,-108.397543716103,-61.9297956671712,-144.638158087228,-114.948856025077,-62.7077647513862,-66.5616375793477,-66.7894010328323,-43.5840467731031
30-Jan-2025 17:52:11,324,90,-0.0527463222543399,0.439576782782873,0.042600138237079,-0.00114455721341074,0.00334055372513831,-0.325202645858129,0.945637742678324,-151.979985185442,-113.490587736909,-62.4861163805185,-139.313881571406,-116.911895480181,-63.7729355804172,-66.8348726196203,-65.7227322987382,-43.5438424559443
30-Jan-2025 17:52:57,324,91,-0.0568658456206322,0.438777679204941,0.0436297689874967,-0.0339611813426018,0.0133650287985802,-0.313828512032827,0.948778009414673,-152.800353355848,-116.759375619921,-62.3333654632628,-133.300074796843,-118.88614043854,-64.8348394001022,-66.9411409747174,-63.0439558293544,-43.346475035963
30-Jan-2025 17:53:41,324,92,-0.0612555272877216,0.438449815909068,0.046995767702659,-0.0654497221112251,0.0183909664551417,-0.298922975858053,0.951852508385976,-153.944533523375,-121.591035434035,-64.6010787307056,-126.941502892909,-120.490988148525,-65.5951097151143,-68.7639259872268,-61.2091254923258,-42.6205260645703
30-Jan-2025 17:54:24,324,93,-0.0647080654899279,0.437922461827596,0.0500728291769822,-0.0983882317940394,0.0290324966112773,-0.283943776289622,0.953337728977203,-154.875619689462,-124.654131213701,-65.6040240904976,-120.635548424289,-122.061137234325,-65.9045632777899,-70.0949693284425,-59.7962682214747,-42.3802863174719
30-Jan-2025 17:55:06,324,94,-0.0666901166240374,0.437481862306595,0.0502007896701495,-0.125217300653458,0.0411197582880656,-0.263367120424906,0.95565033753713,-155.85015885483,-125.407944976143,-67.2495854964643,-115.030902673327,-124.438937008031,-67.1886084642972,-72.8301418340112,-58.0693974837125,-41.7829011825207
30-Jan-2025 17:55:48,324,95,-0.066331339875857,0.437464050451914,0.0499017429848512,-0.150739947954814,0.0546907807389895,-0.239535447955132,0.957553772131602,-156.621424519837,-126.957117729972,-66.6664549255182,-109.926911281193,-126.62056212569,-67.9849494627205,-75.8923789217565,-57.6105200124947,-42.2819433536431
30-Jan-2025 17:56:30,324,96,-0.0651677489280701,0.437350877126058,0.047849244872729,-0.175646021962166,0.0675814886887868,-0.207998272776604,0.959853112697601,-157.366053434665,-126.878969979495,-66.7689783661159,-103.948247068474,-128.629099915326,-69.1374383671016,-80.6931483005901,-58.4606391745492,-42.1291991778024
30-Jan-2025 17:57:17,324,97,-0.055595009525617,0.434834041198095,0.0424520440399647,-0.15604733924071,0.0614904798567295,-0.185727306207021,0.968180533250173,-152.71624226984,-122.061183874071,-62.7228640977816,-104.48151884966,-126.923719677392,-68.5633383793756,-82.8429126902947,-60.1038066987507,-42.9788611879289
30-Jan-2025 17:57:59,324,98,-0.0488066839675109,0.431702661514282,0.037367690106233,-0.140677607059479,0.0558385925988356,-0.161489031712214,0.975199047724406,-146.97227191747,-115.224067642571,-59.6356633323332,-102.808622425699,-124.800067607451,-67.590775368139,-84.4148101527714,-60.0492233812703,-42.6530766113146
30-Jan-2025 17:58:41,324,99,-0.0438063926994801,0.428991039594014,0.0299161809186141,-0.113116014003754,0.0488567739725113,-0.146000587940216,0.981581207116445,-139.931221971328,-108.502286348032,-57.0279193183277,-103.407641899166,-124.267279621508,-67.2439808451471,-85.4727741516341,-59.8957646429488,-42.3395687413298
30-Jan-2025 17:59:21,324,100,-0.0375307189921538,0.425172450145086,0.0264356328795354,-0.0888344605763753,0.0382054880261421,-0.127326899766922,0.987135608990987,-131.716632228299,-103.038172521974,-53.9849036800438,-102.292619321345,-120.929923677563,-65.7100705662777,-86.6487714186898,-59.9928681942068,-41.8071992246599
30-Jan-2025 18:00:53,180,1,0.00256196041591465,0.320879650115967,0.0420045040547848,0.00250259772874415,-0.00352836954407394,0.00260998344359299,0.999987252553304,-6.00000000000001,-14.025,-4.87500000000001,-5.55000000000001,-12.525,-4.87500000000001,-5.10000000000001,-6.97500000000001,-5.17500000000001
30-Jan-2025 18:01:26,180,2,0.00409092890719573,0.326160313685735,0.0467260283728441,-0.0302490445474784,-0.00279997341955702,0.0111506531015038,0.999476301670075,-14.0032736119846,-20.4841295431431,-5.45047772588596,-6.07704007715859,-12.0547858846905,-6.67330842905926,-11.7459835025539,-10.0533758974027,-8.48509878036653
30-Jan-2025 18:01:59,180,3,0.00609417296946049,0.330522431929906,0.0483057931065559,-0.067013655602932,-0.00528746116906405,0.0111079886555672,0.997676241397858,-24.8940472239691,-20.9620090862863,-6.45720545177191,-5.25408015431714,-14.4908217693811,-7.89036685811849,-16.8169670051078,-13.8255017948053,-10.651447560733
30-Jan-2025 18:02:34,180,4,0.00618914462005099,0.335124582052231,0.0503304483989875,-0.110351160168648,-0.00590712723011772,0.0195934027433395,0.993681995073954,-34.0035708359536,-21.6742636294295,-8.72955817765782,-3.5311202314757,-18.6799826540716,-9.19180028717771,-23.0504505076617,-16.1445026922079,-12.3959213410995
30-Jan-2025 18:03:12,180,5,0.00625754672413071,0.338808717330297,0.0534936358531316,-0.14505909383297,-0.00645336396992207,0.0245744896431764,0.989096744855245,-41.3974694479382,-24.9037056725728,-10.3597234035437,-1.80816030863426,-20.4457060387622,-10.7604212162369,-28.6651840102156,-18.4869410896106,-13.779457621466
30-Jan-2025 18:03:52,180,6,0.00650269873440266,0.342497199773788,0.0561570276816686,-0.170802287260691,-0.0061248974253734,0.0300534176329772,0.984827840328217,-47.1835555599227,-28.5667414657163,-11.2937948794296,-0.985200385792817,-21.5247106734528,-12.0876358952961,-34.7955425127695,-20.0910982370132,-14.6075251518326
30-Jan-2025 18:04:18,180,7,0.010441378566126,0.346714794635773,0.0573694450159868,-0.197122718890508,-0.00862476577361425,0.0531115248799324,0.978901143868764,-52.9157354219073,-7.39657413385953,-1.82981948031563,0.812759537048624,-10.5603559331435,-6.24414744935539,-43.5837135153234,-22.0761147594158,-15.0078583071991
30-Jan-2025 18:05:08,180,8,0.00611212917913993,0.352554454406103,0.055831587066253,-0.201379542549451,-0.00523080710942546,0.0430630271633466,0.978552277882894,-60.7959621588918,-35.3848052395033,3.23317935629838,-5.67678054010986,-26.7993215053339,-15.7903074409146,-47.7007907678773,-24.1015609693185,-16.8443242750656
30-Jan-2025 18:05:37,180,9,0.0120525515948733,0.353972232341766,0.0594898899396261,-0.218903853495916,-0.00960020174582799,0.0562865041196346,0.974074335892995,-62.7831037273831,-17.2229301374411,1.95020253058533,-0.566155127204237,-14.4768677105119,-9.00988945149753,-51.5127873149277,-27.0343198724145,-18.5150477908575
30-Jan-2025 18:06:25,180,10,0.00946798473596573,0.35836879213651,0.0578960495690505,-0.20662487645944,-0.00879743937402964,0.042606849471728,0.977452552318573,-66.7322570146244,-36.9256546447542,-16.2205184357526,-10.0899047142985,-29.2052439938146,-17.5893835714554,-53.9695104244782,-30.7646861973855,-21.4823045097745
30-Jan-2025 18:07:06,180,11,0.0116196212669214,0.3624134461085,0.0575621982415517,-0.209942395488421,-0.0115225856502851,0.0433354551593463,0.976684951782227,-70.6124161612407,-39.7856789567547,-16.6601114724031,-13.8058418013928,-32.70903531618,-19.6738337461008,-58.0735968152786,-34.7438562332939,-24.347827830254
30-Jan-2025 18:07:45,180,12,0.0140318656340241,0.364336760838826,0.0584242555002371,-0.21217967470487,-0.0149878413106004,0.0340047645072142,0.976523860295614,-73.6330782375445,-40.8993531710988,-18.0591405442099,-15.3678726384871,-34.6505341580767,-20.6857619480899,-58.801364846704,-39.2224281246711,-26.6374844515147
30-Jan-2025 18:08:19,180,13,0.0187084253877401,0.366063316663106,0.0565258013705413,-0.207034199436506,-0.0216896052161853,0.0284777832527955,0.977678589026133,-75.0989917786921,-33.189852336615,-15.9628876335949,-17.5029503505815,-35.7358867597389,-20.936429163751,-59.940973698442,-45.6007009437828,-29.6142077231661
30-Jan-2025 18:08:58,180,14,0.0184517208486795,0.369065962235133,0.0594400013486544,-0.211902297536532,-0.0230385189255079,0.0248102830102046,0.976704208056132,-78.4125310522615,-43.0437639777171,-20.2939937317689,-19.4745515001758,-37.443166241284,-22.231465886248,-62.2615029603362,-49.5538242267615,-32.1094643200127
30-Jan-2025 18:09:26,180,15,0.0216483047852914,0.370766212542852,0.0647326439619064,-0.219532278180122,-0.0268006047854821,0.0230860089262327,0.974963784217834,-80.7748831920419,-42.1043818566122,-24.2387793343374,-19.4894143685202,-23.7114091627705,-15.348687362163,-63.7474924273085,-53.4943727416739,-35.4139875794571
30-Jan-2025 18:10:04,180,16,0.0217157336572806,0.373466648658117,0.064694440861543,-0.214731972416242,-0.0286037407815456,0.00966451416412989,0.976206254959106,-84.3866417649277,-48.7433528544038,-27.0154046891032,-23.4009080962395,-40.6601338042276,-24.1020012147869,-63.9912119968199,-58.2536338725531,-38.0731441702002
30-Jan-2025 18:10:38,180,17,0.0209619800249736,0.375887485345205,0.0678453852732976,-0.212757576505343,-0.0330981828272343,-0.0112426405151685,0.976479562123617,-87.4231035543663,-53.9215004116437,-29.8079499199676,-26.7107172536463,-42.1990993056702,-25.8233612557653,-61.2887966176009,-63.4222513114156,-40.2596174265928
30-Jan-2025 18:11:12,180,18,0.0313427168875933,0.375831866264343,0.0603916302323341,-0.204179857174555,-0.0418493665754795,0.0106125206996997,0.977980907758077,-84.64366980423,-48.4539301514604,-26.6731345635775,-26.0964575452467,-43.4003345945662,-27.2971515929212,-65.8443309302458,-67.7663206292733,-42.7424684015816
30-Jan-2025 18:11:35,180,19,0.0434262755016486,0.374945682287216,0.0629778439799945,-0.193779600660006,-0.0480322097738584,0.0517464982966582,0.978501240412394,-75.532911858232,-44.9086540311392,-24.5922991762122,-19.106776694269,-26.3491300984585,-17.0379534771659,-69.7008315057081,-71.2752290241267,-41.0571485429828
30-Jan-2025 18:12:17,180,20,0.0456796663502852,0.377720099687576,0.057841906696558,-0.166667902469635,-0.042021087060372,0.0932006657123566,0.98069859345754,-72.931491814303,-46.6745249807491,-26.9384537733592,-26.7793852720021,-43.446705709849,-27.5372611349546,-77.407815212579,-75.7915569574781,-46.7377432675901
30-Jan-2025 18:12:39,180,21,0.0569929324090481,0.378597362836202,0.0575362615287304,-0.157035278280576,-0.0482206503550212,0.141628312071164,0.976194687684377,-63.2347407214086,-42.6209694653244,-23.8481033627623,-18.4581385640907,-25.7936713749886,-16.8408216795158,-83.1400404851543,-79.3865946600785,-45.1512952838006
30-Jan-2025 18:13:22,180,22,0.0612121485173702,0.381448974212011,0.0551810873051484,-0.118832912544409,-0.0396014623343945,0.184129065275192,0.974888197580973,-58.6153241040314,-44.8077007173826,-26.0645004482935,-29.514964213357,-43.3403320670027,-28.5465086674628,-90.5848865405818,-83.7209872473033,-51.3313259458125
30-Jan-2025 18:14:01,180,23,0.062208537509044,0.385040336847305,0.060231817762057,-0.123924775918325,-0.0364797502756119,0.182084086537361,0.974760131041209,-63.0643944850153,-47.14316054534,-31.2934237016082,-32.6638635721796,-44.5104385088595,-18.3474178189462,-93.6744784446348,-87.5796147073474,-55.3917344696193
30-Jan-2025 18:14:35,180,24,0.0629434814055761,0.389147458473841,0.0581504089136918,-0.140041783452034,-0.050491488724947,0.165742898980776,0.974868333339691,-72.0077984848784,-51.4886920651682,-30.461533828955,-35.5197810202965,-28.4929687074347,-31.9363585812758,-96.5922255444007,-91.0230808885476,-58.9187626548764
30-Jan-2025 18:15:09,180,25,0.0616454683244228,0.392111913363139,0.0649383594592412,-0.145673601826032,-0.0451676279306412,0.161827728152275,0.974962004025777,-75.9983692941813,-56.8392594309316,-35.2242373933178,-37.2542075130608,-19.7817107843692,-20.069315149029,-98.8990502420233,-94.4089664303258,-60.7541006708587
30-Jan-2025 18:15:51,180,26,0.0571592102448146,0.395442116260529,0.068072118361791,-0.148306547602018,-0.0407582310338815,0.148627809683482,0.97685911655426,-81.0375235082039,-62.7673447196628,-39.1092376761886,-40.9778885281486,-52.2235588004837,-14.3742796194938,-100.450413738574,-98.2160616523931,-61.8935936022037
30-Jan-2025 18:16:40,180,27,0.0513687342405319,0.399602695306142,0.0707256068785985,-0.158284199237823,-0.0381280427177747,0.142693493763606,0.976284245649974,-87.3509694245865,-70.4091889698778,-45.3303863183134,-44.4211968043983,-55.5169597861881,-35.3902480413142,-104.024046634589,-101.783761714605,-63.3601639912299
30-Jan-2025 18:17:27,180,28,0.0488028831779957,0.402709992726644,0.0766796598831812,-0.167288425564766,-0.0367455003162225,0.123064652085304,0.977506772677104,-94.2265611921491,-79.0579127008347,-49.5696091400652,-47.574318711229,-56.4611372566873,-36.2367184388126,-104.108814230336,-105.381764196889,-65.6652731090968
30-Jan-2025 18:18:09,180,29,0.0467414453625679,0.40645761291186,0.0834826563795408,-0.176206562916438,-0.0358048955599467,0.100998670856158,0.978503235181173,-100.258225885302,-84.9100761721625,-54.7678690516304,-50.7323474333501,-56.6057029695839,-22.7234398241501,-104.324149175949,-108.769917889209,-67.639651591384
30-Jan-2025 18:18:54,180,30,0.0438077246149381,0.410951389869054,0.0809772868951162,-0.18777537047863,-0.0466783374547958,0.0766758253177007,0.978101416428884,-107.442927041249,-90.4889595136759,-50.9956475081025,-55.2428295631166,-58.2254628036791,-40.4302867034069,-105.954767796495,-111.903147186547,-69.6736647558814
30-Jan-2025 18:19:29,180,31,0.0414190376798312,0.413043449322383,0.0917820210258166,-0.208700254559517,-0.0472781206170718,0.0633042544126511,0.974782804648081,-112.804146428594,-93.456202790282,-56.463185237028,-36.6545383967053,-35.9078196983731,-25.2221963296236,-103.268028254508,-116.333914286395,-65.6624952614839
30-Jan-2025 18:20:32,180,32,0.0356352602442106,0.412545053164164,0.0867260590195656,-0.189022251963615,-0.050154721736908,0.0221164127190908,0.980441741148631,-114.470900093416,-96.8533604464392,-56.1974645627225,-58.2737200171113,-57.6364226687684,-41.5806058565606,-98.7516413080355,-117.312405883225,-65.6447069900432
30-Jan-2025 18:21:25,180,33,0.0321813235680262,0.411091840267181,0.0885206048687299,-0.202869968612989,-0.0539122621218363,0.00977310159554084,0.977671615282695,-115.869283316087,-96.5226080863695,-55.0166837065304,-56.1557083134727,-57.2931749043136,-40.7102810702376,-96.0434148209302,-115.052781930682,-63.9656230538787
30-Jan-2025 18:21:58,180,34,0.0353239188591639,0.407860630750656,0.0891777550180753,-0.217285318175952,-0.0629434838891029,0.00610216635589798,0.974057499567668,-112.183481317683,-87.1279007181866,-51.503372759395,-46.5190999478121,-32.489001772433,-23.4255891272845,-91.9892685635081,-112.299100203453,-60.4808912853524
30-Jan-2025 18:22:51,180,35,0.0302919745445251,0.405068947871526,0.0835585385560989,-0.211251612504323,-0.0634585748116175,-0.0146060520162185,0.97526019414266,-113.905586708741,-87.9762158459468,-49.223796766788,-50.6731932511404,-54.4043659568406,-37.6837136060163,-86.5871624209277,-106.973389588881,-58.8683356006451
30-Jan-2025 18:23:34,180,36,0.0220503321538369,0.402007098992666,0.0812518085042636,-0.209164629379908,-0.0617126586536566,-0.0479211191336314,0.974753983815511,-114.731645794531,-85.9210422216788,-48.7610882514451,-51.2976373889632,-54.3044987993919,-37.1882462955907,-79.1610763357682,-101.486664530637,-54.5918679578474
30-Jan-2025 18:24:15,180,37,0.0168133800228437,0.400036132335663,0.0779278407494227,-0.198895387848218,-0.0593101332585017,-0.0769212007522583,0.975195411841075,-115.109681727686,-81.3641242213966,-47.7068134747343,-53.3822569440333,-54.597015971015,-36.0659830905864,-73.1980002793191,-96.5194322505577,-51.0084443360045
30-Jan-2025 18:24:56,180,38,0.0127409799645344,0.398371692498525,0.0727728739380837,-0.185743660728137,-0.0550599406162898,-0.098548844953378,0.976092151800791,-114.588706084524,-77.5063340331072,-45.3817555673395,-55.9719642077269,-54.035725307174,-35.1553219382926,-69.3164292372251,-91.6619463595603,-47.771542724639
30-Jan-2025 18:25:37,180,39,0.00813869542131821,0.397263606389364,0.0681533267100652,-0.16760088900725,-0.0478393326203028,-0.11936273475488,0.977432302633921,-113.768224653203,-74.6731077508144,-43.0963060946028,-59.1892153257324,-53.872530725601,-34.9504618123542,-65.2006107023088,-86.4093336631039,-45.0079021185121
30-Jan-2025 18:26:20,180,40,0.00389337496211131,0.395803161462148,0.0632254992922147,-0.146176402767499,-0.0432304558654626,-0.142946262160937,0.977921251455943,-112.497990327803,-71.9021634215197,-40.7556608391951,-64.7452383708938,-54.5083841851619,-34.5735021995934,-60.5926684209812,-81.9341575639181,-42.1058920150046
30-Jan-2025 18:27:01,180,41,-0.000310253710874046,0.394154953956604,0.058959739903609,-0.12946805357933,-0.0395908541977406,-0.17103565633297,0.975918757915497,-112.052879555363,-67.8873600687242,-38.9874176924518,-68.6206473796331,-53.5187616652898,-33.3604928434215,-54.2386642664481,-75.8226997633675,-39.1346971628067
30-Jan-2025 18:27:43,180,42,-0.00535957214112083,0.392830508947372,0.05349029575785,-0.10506382783254,-0.0340246399243673,-0.200529245535533,0.973443392912547,-111.120330559403,-64.1506272041783,-36.9053756000409,-73.0057493701614,-54.1914011557012,-32.4794586155439,-48.3616291753122,-70.0931011121346,-36.7289099362637
30-Jan-2025 18:28:23,180,43,-0.0135161435852448,0.394123152891795,0.0579879209399223,-0.107112288475037,-0.03205543110768,-0.211037224531174,0.971062692006429,-112.958408141522,-69.628143669362,-40.9370685010103,-74.7263903152168,-54.5971320133018,-32.8734195562491,-47.327363880426,-66.5229782163876,-35.4106270363735
30-Jan-2025 18:29:01,180,44,-0.0212649550288916,0.394987823565801,0.0641615589459737,-0.112675639490287,-0.032360294709603,-0.222322448094686,0.967899676163991,-115.424626167762,-75.5126777566081,-44.3653116655628,-74.6619545057195,-53.6559283734731,-33.3503742790279,-45.399840851389,-62.2983201079701,-34.046196042897
30-Jan-2025 18:29:39,180,45,-0.0272912001858155,0.396456108490626,0.0704786906639735,-0.119728252788385,-0.0342389769852161,-0.227222164471944,0.965848314762116,-117.529914416061,-84.1507206548854,-47.9418299619068,-74.9049803189457,-54.3662574849298,-33.4938258928436,-44.9006889552768,-58.4963943932173,-33.4836910026274
30-Jan-2025 18:30:17,180,46,-0.0349878661334515,0.397695485750834,0.0777127419908841,-0.137986288468043,-0.0342823552588622,-0.22958423892657,0.962847646077474,-120.35473777539,-89.5155179586783,-54.7424858241465,-72.4517369435338,-54.6273529720293,-33.6205259521776,-44.6657226256268,-54.7558348752968,-32.0471489389612
30-Jan-2025 18:30:54,180,47,-0.0412595634659131,0.399774777889252,0.0827482293049494,-0.143572385112445,-0.0358845062553883,-0.240040268500646,0.959416468938192,-122.639328690234,-95.793692465229,-58.3552104693342,-73.1503589738028,-54.06383164695,-33.9638502342709,-43.737849079208,-51.1959584557926,-31.5985883635968
30-Jan-2025 18:31:33,180,48,-0.0460799311598142,0.402803071339925,0.0897915666302045,-0.157324342926343,-0.036037627607584,-0.237754729390144,0.957822056611379,-125.853803382836,-102.528555573159,-63.5989695059957,-72.7249137069123,-55.6380019157815,-34.7154866277438,-45.1635219244048,-50.6514235854963,-30.8940185323831
30-Jan-2025 18:32:11,180,49,-0.0504214438299338,0.405352405707041,0.0972221493721008,-0.176808728774389,-0.0352039068937302,-0.234708456198374,0.955202257633209,-129.083219964316,-108.591762981778,-66.9582457383943,-69.937434791442,-56.7060179815683,-34.9212790769065,-46.7159679654093,-50.6395594898041,-30.7364440732449
30-Jan-2025 18:32:50,180,50,-0.0541129017869631,0.408472589651744,0.103939036031564,-0.194645744562149,-0.0315219178795815,-0.230757360657056,0.952822383244832,-133.070107490236,-114.694142540741,-71.1002805686613,-68.2939390516818,-56.3209569458328,-36.0541495539141,-49.6068006043177,-51.3440307814139,-30.5523673001444
30-Jan-2025 18:33:31,180,51,-0.0579871711631616,0.412183900674184,0.111327714224656,-0.212323618928591,-0.0239603000382582,-0.220597142974536,0.951672999064128,-136.385730488375,-122.091108174877,-75.7086946978626,-67.0724348997767,-57.3093573593361,-34.3505590448442,-52.7918265421781,-51.8066697666748,-30.3550393700628
30-Jan-2025 18:34:09,180,52,-0.0636208206415176,0.416639480988185,0.118538084626198,-0.232094448804855,-0.00690430533140898,-0.210700671871503,0.94957347313563,-140.340721222625,-129.6853668466,-80.700298476531,-65.986926541799,-58.3094884974589,-28.0787380427355,-55.8989491295144,-52.8233925987611,-30.0010858614906
30-Jan-2025 18:34:54,180,53,-0.0673894941806793,0.42100293636322,0.122269989550114,-0.250500826040904,0.0184827982137601,-0.197247243920962,0.947629284858704,-144.015395824929,-137.228272037115,-85.508497079933,-64.9694160807852,-58.5654849978916,-41.5728017941073,-60.3171200415888,-53.9671573542602,-29.0438195636731
30-Jan-2025 18:35:39,180,54,-0.0734293843309085,0.42547624707222,0.125900890429815,-0.268190683921178,0.0462486244738102,-0.191481312115987,0.943010997772217,-149.12491236126,-143.020500487027,-88.1999930957018,-64.5859045682532,-61.5244141794791,-44.3998079222195,-62.5408151160323,-55.2494430714659,-28.009896871233
30-Jan-2025 18:36:27,180,55,-0.0714966555436452,0.424481829007467,0.123329120874405,-0.258390418688456,0.0514351710677147,-0.18148065606753,0.9474458416303,-145.352240985282,-145.98007673585,-86.780346299572,-64.4968721395653,-61.4272797673094,-45.077885668846,-62.9170809940645,-54.254012298541,-28.2275228933012
30-Jan-2025 18:37:14,180,56,-0.069376040995121,0.421774154901504,0.119663580755393,-0.246605130036672,0.0506677051385244,-0.168563386797905,0.952997966607412,-140.77578009281,-145.689483799523,-84.0815238565338,-63.3288394479979,-61.7058785254284,-44.7766990096576,-63.1197279126888,-52.6932117660427,-28.5384848167137
30-Jan-2025 18:38:01,180,57,-0.0678940713405609,0.417593397696813,0.11496995985508,-0.23076177239418,0.0420393404861291,-0.164382959405581,0.958102293809255,-134.672424442092,-144.37380627062,-80.5181135900416,-62.0713066249907,-62.0973438686919,-43.8358801475618,-61.2105653516091,-50.0247263537576,-28.8211146907983
30-Jan-2025 18:38:49,180,58,-0.0646694322427114,0.411957675218582,0.106110446651777,-0.209381039937337,0.0320296411712964,-0.164332885543505,0.963394216696421,-128.33062141225,-138.720586445429,-76.4474094118223,-61.5190237362637,-63.5202425045274,-43.4002451840122,-56.8204980506775,-48.0773985015792,-29.0895785402191
30-Jan-2025 18:39:38,180,59,-0.0636489813526471,0.408304276069005,0.101672527194023,-0.184052623311679,0.0208360888063908,-0.154094110925992,0.97053880294164,-121.419594692847,-137.873595472094,-73.2480582777394,-61.7693658146767,-65.9838577866491,-42.2422021697358,-55.9149783798199,-45.1406494294541,-29.5759593773079
30-Jan-2025 18:40:18,180,60,-0.0613891837497552,0.402694946527481,0.0898289988438288,-0.161294942100843,0.0165882931401332,-0.14330580731233,0.976305417219798,-114.823956128662,-122.704718924688,-69.9593836657247,-60.7710203766597,-68.7428313919138,-42.3729551300959,-54.0517325239993,-42.0841897473556,-16.0712987082309
30-Jan-2025 18:41:06,180,61,-0.056968808422486,0.397505003213882,0.0799565101663272,-0.1462554226319,0.0114182346190015,-0.137542664011319,0.979571874936422,-108.686011642088,-122.499899590245,-66.6260473147442,-59.5233311804277,-73.74948415875,-42.6981060777744,-52.0096235756973,-41.5178747602706,-29.1711172860706
30-Jan-2025 18:41:52,180,62,-0.0550561256706715,0.393747218449911,0.0725779071450234,-0.11247036109368,0.00542178355778257,-0.137416549523671,0.984092338879903,-101.576914194318,-118.527108862285,-64.6953800942808,-60.5509701050883,-76.954976506372,-43.4204560191119,-48.0030830811546,-40.9216321206922,-28.948175487369
30-Jan-2025 18:42:39,180,63,-0.0549272047976653,0.390967543919881,0.0636253486076991,-0.0904549429814021,0.00636200401932001,-0.127399286627769,0.987697784105937,-96.0072402659508,-115.970332437565,-60.6160474390758,-60.5412730901951,-79.1848886443869,-45.091405457279,-47.2893268134915,-37.9104256548671,-28.3638535003968
30-Jan-2025 18:43:26,180,64,-0.0537639575699965,0.387596946954727,0.0543588002522786,-0.0733422021071116,0.0083907396843036,-0.121422005693118,0.989852146307627,-89.8572780972846,-110.146563164466,-57.1873820665001,-59.712908105525,-81.6020106775982,-46.8616546438609,-45.0719626592682,-35.8667372759187,-27.3738414192891
30-Jan-2025 18:44:11,180,65,-0.0499774570266406,0.383578844865163,0.0443511967857679,-0.0390726551413536,0.0036518145352602,-0.103769485652447,0.993826925754547,-81.0171718084691,-104.189297467178,-53.5590503352391,-59.8252091359665,-84.2627376584077,-47.7815537046502,-44.8027945617648,-34.2318079404086,-27.0809842911138
30-Jan-2025 18:44:53,180,66,-0.0463784543176492,0.385015920797984,0.037167905519406,-0.0273601523290078,0.00263024559244514,-0.109314861396949,0.993627115090688,-82.061559837005,-98.4497848770685,-49.6985085323695,-65.8665950532826,-86.3360134540606,-48.6220233211622,-46.1467714619529,-36.0549826075862,-27.7389393279857
30-Jan-2025 18:45:32,180,67,-0.0392364685734113,0.385743127266566,0.0296648390591145,-0.0199146088212728,0.00154861978565653,-0.10799306978782,0.993950970967611,-82.8834118355036,-91.2893981809119,-46.4630501398285,-68.8806474743766,-88.0576904866131,-50.3374054062261,-48.240297376321,-39.0678470356234,-28.2336831030906
30-Jan-2025 18:46:09,180,68,-0.036427099754413,0.386779850721359,0.0222511964539687,-0.0105151411145926,0.00249054639910658,-0.101026361684004,0.9948250969251,-82.3189958189835,-85.5185744317316,-43.8401334524519,-70.9060331473596,-90.8035681376153,-52.4902437255658,-50.558597797779,-39.0005563440903,-28.6468212473121
30-Jan-2025 18:46:46,180,69,-0.0299826617042224,0.389118629693985,0.015565393678844,0.0047840328887105,0.00281478731582562,-0.0930810446540515,0.995643091201782,-82.636445794954,-77.5175321560394,-41.2984876176574,-75.6620854462871,-92.7115460978424,-55.3118101620435,-54.6392854727821,-41.7431880927721,-29.6191565760918
30-Jan-2025 18:47:23,180,70,-0.0264668080955744,0.392591669162114,0.0072573541974028,0.0146106657882531,0.00563589868446191,-0.0858545546730359,0.996184647083282,-84.2198287671698,-70.4263806170914,-39.022477209154,-79.8334710581867,-95.475574212682,-59.0677406570902,-59.2261667745576,-44.9157810615613,-29.5960904971507
30-Jan-2025 18:48:00,180,71,-0.0230974335223436,0.395229989290237,0.00121779382073631,0.0310204790284236,0.00476984931156039,-0.0730615551273028,0.996833519140879,-83.2861782375084,-62.6651744465153,-38.0042845137961,-83.8625233265725,-98.5176274048278,-60.6658531814214,-64.0661448897194,-47.0283546404043,-30.5003237143492
30-Jan-2025 18:48:37,180,72,-0.0223486541459958,0.398097175359726,-0.00212748927685122,0.0379899596174558,0.00272522542315225,-0.0604849254091581,0.997442197799683,-84.2440109569082,-55.9939409601253,-38.3650006750109,-86.6204089232014,-101.398693135627,-62.9100567203948,-69.0326714115743,-48.6109185242741,-31.7182065796174
30-Jan-2025 18:49:18,180,73,-0.0207906052470207,0.401260298490524,-0.00228346527243654,0.0521515925725301,-0.00278837666846812,-0.0474837899208069,0.997505780061086,-84.6475853008387,-63.8926938158282,-39.1901712645122,-90.9177111839518,-104.049265135752,-64.5773057666894,-74.8874721367757,-50.7534775606574,-33.0929142689206
30-Jan-2025 18:49:55,180,74,-0.0216283094137907,0.399093335866928,-0.0071385280850033,0.0654839565356573,-0.00648924872900049,-0.0433456634481748,0.996890640258789,-79.1793518576769,-50.0309466296165,-37.0766300972717,-89.0262927526743,-106.42435206326,-62.7527660985997,-71.1482301469031,-48.5013589324691,-32.0480043854228
30-Jan-2025 18:50:37,180,75,-0.0235199940701326,0.396371634801229,-0.00972544811666012,0.0668015599250793,-0.00570180459568898,-0.0447731566925844,0.996744930744171,-73.3475538206478,-58.5616960289278,-35.6792025371028,-86.2072284874272,-109.041815558099,-60.2214878073403,-66.8810567078672,-45.3767390924091,-31.7173007079338
30-Jan-2025 18:51:19,180,76,-0.0270957921942075,0.393221457799276,-0.0148289444545905,0.074931538105011,-0.00534821714585026,-0.0482584868868192,0.996005952358246,-68.233973486685,-56.763693721001,-34.7898317804698,-83.1493413051952,-110.205467336604,-61.0868402044961,-61.8249175442496,-42.4908686464132,-28.9687001334492
30-Jan-2025 18:52:00,180,77,-0.0276548070212205,0.390008505185445,-0.0184832638750474,0.0842381507158279,-0.003205860638991,-0.0521248541772366,0.995076239109039,-63.2545020042553,-53.8513155594551,-31.4544894256046,-80.5720426644709,-110.192213256942,-61.1005079458594,-56.9742955183412,-40.6243728974496,-28.0861511104667
30-Jan-2025 18:52:43,180,78,-0.0293776504695415,0.38638174533844,-0.0199938111007214,0.0947749664386113,-0.00222788979299366,-0.0572481436034044,0.993848776817322,-59.0170849475923,-52.3317494710998,-30.9461612716234,-78.0850382945004,-109.515506248197,-60.0133333593265,-51.7014320612873,-38.0675644970021,-27.3116278632353
30-Jan-2025 18:53:26,180,79,-0.0301607010265191,0.383772724866867,-0.0224261395633221,0.104016706347466,0.00111087223049253,-0.0666428218285243,0.992339714368184,-54.7756951038125,-49.8585894193396,-28.4763402180842,-76.8431810599067,-108.58207277491,-59.5757376088455,-46.8924478886607,-35.8405997708127,-26.6661175038794
30-Jan-2025 18:54:10,180,80,-0.0324246528247992,0.380611604452133,-0.0251631983866294,0.119779792924722,0.00204936146425704,-0.0769216602047284,0.989813987414042,-50.0823188664743,-47.8836323858771,-27.4257727147659,-75.7738973930015,-107.745276069352,-59.1629312763904,-41.6404033582478,-33.6285568817523,-25.1851135884613
30-Jan-2025 18:54:57,180,81,-0.0329305097460747,0.379395403464635,-0.0281995932261149,0.140156211455663,0.0014234057161957,-0.0826534931858381,0.986672520637512,-45.762949432357,-45.7827768615634,-26.4848319865582,-77.0409005099405,-107.781797747658,-58.9875196529483,-37.8918286489417,-32.6989749112564,-24.5613628950121
30-Jan-2025 18:55:34,180,82,-0.0311319952209791,0.379512902100881,-0.0330708349744479,0.162285616000493,0.00331699897845586,-0.082215770582358,0.983307166894277,-42.2636065279768,-22.8436232693055,-12.8856870750562,-79.4022435993827,-107.377750918728,-59.2043483748372,-36.9846835020444,-32.1773737972455,-25.0367708515579
30-Jan-2025 18:56:04,180,83,-0.0323925703763962,0.376531491676966,-0.0333784734209379,0.18732152680556,-0.00895326795677344,-0.0711140727003415,0.979680208365122,-34.4702653244017,-12.0604950543351,-6.51394885733173,-77.247658384786,-100.517033685763,-53.2930257739795,-34.6909058104239,-28.3763879128758,-14.176492113596
30-Jan-2025 18:56:27,180,84,-0.0351971286038558,0.37365248799324,-0.0313188561548789,0.201857804258664,-0.0109688940147559,-0.0827019994457563,0.975855247179667,-28.3549249712293,-8.25537952800847,-4.05591398649608,-77.8601090181699,-96.727981250782,-50.1676275117483,-18.8788118464419,-14.7607096433267,-7.62337002838021
30-Jan-2025 18:57:32,180,85,-0.0300392597913742,0.375679806868235,-0.0276070088148117,0.198285413781802,-0.0128483436380823,-0.0735743562380473,0.977294572194417,-33.4285850432581,-41.7642703460039,-24.4797307891047,-81.581077575544,-101.599761214792,-53.8351914188305,-34.6325597462789,-29.9876851811877,-23.0238262695373
30-Jan-2025 18:58:00,180,86,-0.0346264573434989,0.374971810976664,-0.0333523434897264,0.217069270213445,-0.0131571274871627,-0.0867023001114527,0.972209064165751,-23.0967453278876,-26.28016433616,-14.4194734284357,-83.1813050949132,-96.7019573782983,-50.1742364105693,-12.1692285780256,-11.4859876227541,-10.0260716738811
30-Jan-2025 18:59:01,180,87,-0.0299834238986174,0.377610967556636,-0.0275118092695872,0.215089380741119,-0.0139461011315385,-0.0806650037566821,0.973157354195913,-33.7871557188173,-20.0495599123967,-25.5671789861276,-86.2711620952799,-101.919361641552,-54.1740219446364,-34.7973578757275,-30.4199535161731,-23.1792116598179
30-Jan-2025 18:59:27,180,88,-0.0344970208903154,0.377235335111618,-0.0326388388872147,0.238148112098376,-0.0143180079758167,-0.0949041823546092,0.966474815209707,-19.2886911628974,-18.3707062816736,-16.9438660030002,-88.8308338361455,-96.5943699546801,-49.5541777498677,-5.4212174064062,-7.99675113551817,-7.78279893655161
30-Jan-2025 19:00:21,180,89,-0.0289312234769265,0.381943796078364,-0.0326753996312618,0.250337096055349,-0.0112005728607376,-0.0886167819301287,0.964029554526011,-32.0216567692851,-19.0133072031329,-13.99116799689,-95.7654732378476,-102.472613115024,-55.1700697714163,-36.4800865191,-32.4758809174581,-25.1479026780948
30-Jan-2025 19:00:56,180,90,-0.0362962573766708,0.38390550216039,-0.0354081141451995,0.274067501227061,-0.0143987409149607,-0.109825974702835,0.955310181776683,-24.6199036389605,-20.7188458228523,-12.2457153555749,-101.105066324674,-102.115257287837,-53.5685543607561,-16.8878881900373,-14.4782186308791,-12.2381182423374
30-Jan-2025 19:01:16,180,91,-0.0362988429764907,0.387085674206416,-0.0367403353254,0.290486075480779,-0.0151707751055559,-0.115908326705297,0.949712018171946,-22.7507911402796,-22.5058532917016,-12.3038853966573,-106.472136254064,-103.665101966883,-53.8333352339913,-9.47015614009693,-6.66716031004101,-7.29088971792958
30-Jan-2025 19:02:22,180,92,-0.0313936578730742,0.392992903788884,-0.0337141404549281,0.293597543239594,-0.0121382201090455,-0.113043809930484,0.949143962065379,-39.9979989574204,-50.9585951851158,-29.0888667789384,-113.877944604734,-106.693546899047,-60.6562642491743,-42.789657229718,-39.4244039720736,-28.1499391491963
30-Jan-2025 19:02:56,180,93,-0.0381049166123072,0.395523581902186,-0.0403918872276942,0.316127022107442,-0.0146744987616936,-0.128149204452833,0.939907475312551,-33.2783669324724,-40.4692042908128,-22.662253831819,-119.378122166045,-109.33629195777,-59.3582673353312,-27.2527748891193,-21.740798625541,-16.0871275583007
30-Jan-2025 19:03:52,180,94,-0.0341181295613448,0.402388127644857,-0.0391084462404251,0.323313748836517,-0.00956193096935749,-0.124840388695399,0.937972144285838,-45.4753149864797,-54.7587470026509,-30.8798437199993,-126.925484332676,-112.986187079771,-66.599807456975,-49.3127008334111,-43.1867687747263,-30.9133854563235
30-Jan-2025 19:04:26,180,95,-0.0405692892769972,0.405087836583455,-0.0452163899938266,0.344961810112,-0.0118277000263333,-0.14243625998497,0.927670900026957,-39.1555530799649,-44.9127565175598,-24.7445350258295,-131.821438801967,-116.089657233413,-64.1611160963623,-35.2710309201478,-25.9975266717702,-19.2091780988059
30-Jan-2025 19:05:22,180,96,-0.0368671998381615,0.411733710765839,-0.0433502835532029,0.35173132220904,-0.00924299353112777,-0.135298544168472,0.926225670178731,-50.8774361931888,-58.9989994340038,-34.6077770404845,-138.991689422589,-120.119914902874,-71.7323089946213,-54.7035630781072,-47.4656784427437,-33.3147381135178
30-Jan-2025 19:05:54,180,97,-0.0448793937762578,0.414559060335159,-0.0483366089562575,0.373253452777863,-0.0111873874440789,-0.157748204469681,0.91415102481842,-44.9951418162823,-49.3513590512156,-28.020294409552,-144.149088118875,-122.963566330245,-68.7084440223163,-42.6481962716779,-30.8875271506816,-21.7001818143447
30-Jan-2025 19:06:46,180,98,-0.0412370552619298,0.420309656858444,-0.0467501692473888,0.377084636688232,-0.00483145238831639,-0.156314011414846,0.912879931926727,-54.8357586943104,-63.5367770188111,-37.3574494558257,-151.375060852994,-126.938914636571,-75.7620501147291,-57.748879983054,-50.5612243271021,-35.3255673582289
30-Jan-2025 19:07:21,180,99,-0.0413405142724514,0.423295366764069,-0.0508185515801112,0.392287792762121,0.000436713670690854,-0.160560169816017,0.905720992883046,-49.962831199806,-54.0137241615987,-30.9569233407027,-156.035320606029,-129.530111382375,-73.2293917395009,-58.8275889533332,-51.3108457377637,-35.9209238236418
30-Jan-2025 19:07:51,180,100,-0.0495269862314065,0.426753185192744,-0.0525947449107965,0.405511059363683,-0.00196924155267576,-0.178965186079343,0.896397423744202,-49.0581315190352,-50.6364358919823,-28.6125566448811,-161.662723868523,-132.854232347917,-72.6536011304522,-51.8453105530639,-36.5984292655457,-25.5762657498192
30-Jan-2025 19:09:24,139,1,0.00245515792630613,0.321559053659439,0.0424590438604355,-0.00309589551761746,-0.00668438204253713,0.00167846492646883,0.999971501032511,-6.30000000000001,-12.6,-4.95000000000001,-5.70000000000001,-12.75,-5.02500000000001,-5.55000000000001,-6.52500000000001,-5.47500000000001
30-Jan-2025 19:09:52,139,2,-0.000602829755128672,0.326494977871577,0.0448293782770634,-0.0123139244814714,-0.00529043391967813,-0.00357038614650567,0.999903845787048,-12.486385073001,-19.3888944889861,-8.85015224224687,-8.65173526786226,-15.5028564100493,-7.76963481430549,-9.44176271502939,-9.21953646977055,-7.57172188186235
30-Jan-2025 19:10:21,139,3,-0.00430406046410402,0.331433047850927,0.0441058941185474,-0.0303954699387153,-0.00545758766432603,-0.0139100642874837,0.999426285425822,-20.697770146002,-22.8027889779723,-11.8878044844937,-12.0159705357245,-21.9307128200986,-10.683019628611,-13.7460254300588,-10.5453229395411,-7.66219376372467
30-Jan-2025 19:10:50,139,4,-0.0079698841397961,0.335775846242905,0.0451805551846822,-0.0495506097873052,-0.00306021886256834,-0.0192959560702244,0.998580519358317,-28.4216552190029,-25.0541834669585,-15.6942067267406,-14.4614558035868,-24.421069230148,-13.6057794429165,-17.2815381450882,-11.0367344093116,-7.199540645587
30-Jan-2025 19:11:20,139,5,-0.0090955409531792,0.340118541320165,0.0461031613250573,-0.054690687606732,-0.00260538953977327,-0.0300341217468182,0.998048178354899,-35.3767902920039,-29.0493279559447,-18.5349839689875,-17.872566071449,-27.1176756401974,-16.3832267572219,-19.9076758601176,-14.4109583790821,-8.71032502744931
30-Jan-2025 19:11:52,139,6,-0.0109236430376768,0.344488191604614,0.0487889985243479,-0.0665699983636538,-0.00110348435894897,-0.038466572513183,0.997039409478505,-42.0225503650048,-32.9413474449309,-22.3179487112343,-21.0914888393112,-29.3174070502468,-18.4880178215274,-22.9041260751469,-18.0265885988526,-10.1578281593116
30-Jan-2025 19:12:24,139,7,-0.0119393050049742,0.348357564210892,0.0507557491461436,-0.0721269155542056,0.000131761014442115,-0.0385999957720439,0.996648255983988,-46.1136229380058,-38.506804433917,-25.2970072034812,-23.9893178571734,-32.1687009602961,-20.3314807608329,-26.2357325401763,-19.6629219436231,-11.7236906661739
30-Jan-2025 19:12:57,139,8,-0.0132320565481981,0.352602459987005,0.0539813528458277,-0.0852762917677561,0.00120781701989472,-0.0382869303226471,0.995620739459991,-52.3773517610068,-44.0839801729032,-28.474112570728,-26.2016000000357,-35.1957761203455,-22.1942796376384,-30.5599171302057,-21.8096068508936,-13.4987328605362
30-Jan-2025 19:13:30,139,9,-0.0160127279659112,0.356038427352905,0.0555730208754539,-0.0892821734150251,0.00303446860052645,-0.0357533310850461,0.995359873771667,-55.5274087090078,-49.5920152868894,-31.3752413754749,-28.5961087053979,-37.9357419053949,-23.6917464831939,-34.5553907827351,-22.7114675394141,-15.2283648986485
30-Jan-2025 19:14:04,139,10,-0.0187618680298328,0.359139007329941,0.0580300785601139,-0.0959845438599587,0.00449595584844549,-0.0355059343079726,0.994739238421122,-59.4456297195088,-55.2154800883755,-33.9883818989717,-30.4067306920102,-41.3571530029443,-25.5315473131243,-37.4865089665145,-24.8659161185597,-16.3352918586358
30-Jan-2025 19:14:38,139,11,-0.0215038431187471,0.361609957615534,0.0603786952793598,-0.0954828972617785,0.00609443234279752,-0.0291461774458488,0.994985644022624,-61.5729327612598,-63.5216597336117,-36.6075282818436,-32.6004093192474,-44.6692867567436,-27.6175151352423,-40.5604494159189,-26.1466586430179,-17.5808662795606
30-Jan-2025 19:15:13,139,12,-0.024190895135204,0.365522956848145,0.0624525497357051,-0.118795903027058,0.00946511638661226,-0.0382386592527231,0.992136987050374,-67.8297768186358,-66.9441968007229,-39.5296775944029,-33.8606162667972,-47.851781838668,-29.6015664534541,-42.8808009981357,-28.1905481401324,-18.8207644309542
30-Jan-2025 19:15:48,139,13,-0.0276939507573843,0.366548955440521,0.0582891101638476,-0.0921764249602954,0.00693429249028365,-0.0537371680140495,0.994267463684082,-66.9165499782737,-70.4393561245432,-39.0834343665193,-37.80031702957,-50.8335287347446,-31.9770777050579,-41.283737196181,-28.3698668496165,-19.3701378832072
30-Jan-2025 19:16:23,139,14,-0.0304190804560979,0.366273673375448,0.0526671573519707,-0.0597239663203557,0.0025238044715176,-0.0744287639856338,0.99543311993281,-65.0482083918179,-71.6261048038323,-38.6004418710576,-42.6691498724209,-56.1078659628524,-33.7646098306853,-37.5857761774294,-27.8399723022647,-20.5180922680774
30-Jan-2025 19:16:56,139,15,-0.0334178028007348,0.366498982906342,0.0479222898681958,-0.034098165978988,-0.0012452058494091,-0.0942294095953306,0.994965656598409,-63.8273094323151,-71.2086481608558,-38.3990747418069,-48.3775487553109,-59.5284983569758,-35.6331523933243,-34.1123665502793,-27.9304711264949,-20.3903371192562
30-Jan-2025 19:17:29,139,16,-0.0337141491472721,0.367617193857829,0.0403851794699828,-0.0116734481727084,-0.00266085012505452,-0.121791332463423,0.992483548323313,-64.580131786289,-67.2890888567465,-38.0385202956616,-55.7807306582204,-62.2472783341071,-38.2922001744692,-30.67623261893,-28.5561666365162,-20.5997272035894
30-Jan-2025 19:18:00,139,17,-0.0351129685839017,0.367737599213918,0.0335860520601273,0.000184351081164399,-0.00279432286818822,-0.131091208259265,0.991366386413574,-64.144814797001,-64.6934782220708,-37.898372191069,-57.8813040711397,-65.7401321027423,-40.6715005648671,-28.3087365354811,-29.224460489433,-20.8276899044996
30-Jan-2025 19:18:31,139,18,-0.031753875563542,0.369540154933929,0.0247863382101059,0.0304117442419132,-0.00110276604536921,-0.154455340902011,0.987531014283498,-64.2349847351529,-58.4279284055384,-34.3639763745481,-64.3652866507668,-68.0903597155767,-41.407601609697,-25.9401387568793,-29.5791122696173,-20.6839741671903
30-Jan-2025 19:19:05,139,19,-0.0290171548724175,0.372075472275416,0.0172301738212506,0.0376182084282239,0.0045438539236784,-0.164936523636182,0.985576089223226,-66.3156198374893,-52.6058657563645,-31.9346821434153,-69.2236171078964,-71.0466057762871,-42.5612658068402,-26.8012004402526,-30.8819136355255,-21.0324015840252
30-Jan-2025 19:19:40,139,20,-0.0275038956354062,0.375140110651652,0.0103721947098772,0.05899902805686,0.0104362695167462,-0.175916182001432,0.982580141226451,-66.916487521918,-50.4555466908698,-29.0079387049767,-75.8191215037771,-74.1558610609355,-44.2237115801399,-27.2520918546135,-32.2087897942955,-22.8269005779323
30-Jan-2025 19:20:16,139,21,-0.024242635195454,0.377092363437017,0.00771970730274916,0.0903602893153826,0.0102394277229905,-0.17851537168026,0.97972571849823,-64.9024714973929,-40.0160994172147,-28.5324706628851,-82.0832128690335,-77.1166209575528,-41.1905481415181,-28.2478981344681,-33.8477033494966,-24.0694353603754
30-Jan-2025 19:20:59,139,22,-0.0235792302836974,0.380319301287333,0.007033545554926,0.116649774213632,0.00828235894441605,-0.177434614300728,0.977159758408864,-65.1810136183908,-31.9570880394793,-29.2076403189669,-88.6315977189777,-79.8531331601547,-40.0095800969353,-31.2411618470695,-34.5176356029131,-24.9609880370866
30-Jan-2025 19:21:52,139,23,-0.0268869570146004,0.384279412031174,0.00465232195953528,0.130403676629066,0.0105219596376022,-0.18902446826299,0.973218349615733,-67.8808348121503,-52.5382946097038,-28.5831288241355,-95.2471293112658,-82.4775215157488,-43.4297097493721,-32.9081542760445,-35.4530772054375,-25.9770496609318
30-Jan-2025 19:22:38,139,24,-0.026995944728454,0.388221353292465,-5.34711961032978e-05,0.154819881916046,0.0135468471795321,-0.200614503026009,0.967264787356059,-69.8412955422905,-32.5396101539083,-30.6087767538476,-102.046234274726,-85.0458479478391,-45.7753882503187,-34.2120110632062,-38.5462734825159,-26.605365758344
30-Jan-2025 19:23:14,139,25,-0.0260312486439943,0.390722332398097,0.000527877682664742,0.17199243803819,0.01615536523362,-0.214032213886579,0.961430112520854,-71.4320760406211,-18.6509801851029,-16.9345043958314,-108.037125923772,-82.6361434181775,-43.2338411755202,-34.2843000294613,-39.8683470968712,-14.5148090925398
30-Jan-2025 19:24:25,139,26,-0.0271082858244578,0.395028740167618,0.00103468175511807,0.18600773314635,0.0146621571853757,-0.217967247962952,0.957954319318136,-74.5630164230469,-55.592377459793,-32.0852718939508,-114.598910915611,-87.5624234076398,-46.7236813128492,-38.0158050852634,-42.554859379865,-28.8398160451272
30-Jan-2025 19:25:14,139,27,-0.0288392546276251,0.397412933905919,-0.00525918410470088,0.20655988752842,0.0135016285503904,-0.208395909269651,0.955888005097707,-73.0176413140025,-57.8874239565166,-33.3404048694252,-118.959486248485,-90.8556205900232,-51.7012052720652,-40.8629168607883,-44.098868488616,-29.8827713017733
30-Jan-2025 19:25:57,139,28,-0.0329830296337605,0.400272156794866,-0.0113325125848254,0.227040378252665,0.0102814245969057,-0.200540925065676,0.95295870701472,-69.9823061759818,-57.7774772641137,-35.0517978089336,-123.012784917057,-95.1203139021876,-57.924076034313,-43.6873326586998,-27.2714872645262,-27.7046174630175
30-Jan-2025 19:26:48,139,29,-0.0316749123235544,0.402532585461934,-0.0190185975283384,0.254942792654037,0.00998952649533749,-0.187319166461627,0.948586297035217,-65.7519910234731,-59.1650339771476,-35.341320730459,-126.462445253478,-100.770755279242,-63.4196201980767,-45.9754004678045,-47.0084108740165,-30.2159090765606
30-Jan-2025 19:27:34,139,30,-0.0328562865654628,0.405271736780802,-0.0280770578732093,0.290418652693431,0.00799462012946606,-0.174022414286931,0.940908773740133,-62.0491858637202,-59.8013423928998,-34.6949086429929,-131.260286423824,-105.539070688743,-67.8015010625984,-47.9952942825058,-47.9024869002967,-31.5469234162531
30-Jan-2025 19:28:20,139,31,-0.0353439562022686,0.407718578974406,-0.0347162293891112,0.315833777189255,-0.00165285118855536,-0.156254583597183,0.935858329137166,-58.0851357003454,-60.0620266600111,-35.905529051031,-133.882218011132,-111.516323114465,-71.1765502774991,-51.0061011000055,-47.6251391349717,-31.2377991190205
30-Jan-2025 19:29:05,139,32,-0.0363972865045071,0.41168870528539,-0.0424186502893766,0.338233453035355,-0.00112098671185474,-0.15226084391276,0.928662244478861,-55.3404630351596,-59.9848988528021,-35.5696657068213,-138.866194806921,-116.073044048299,-75.0981836675893,-53.1623644189044,-49.6120794738442,-32.5836055033252
30-Jan-2025 19:29:31,139,33,-0.042837759355704,0.414222578207652,-0.0499734667440256,0.359223872423172,-0.00419048188875119,-0.162831089893977,0.918926858901978,-47.0554791190682,-41.6638650084325,-25.0855604864877,-142.256194206951,-120.744499236189,-71.0431091452743,-42.291355988503,-36.6061638648155,-24.2568772283986
30-Jan-2025 19:30:25,139,34,-0.0404385613898436,0.418584463993708,-0.0475777149200439,0.35387356877327,-0.00328199906895558,-0.152653154730797,0.922745776176453,-56.700339577524,-63.0458781454833,-37.0523343280919,-145.674204909101,-127.573321551107,-78.2996806667567,-57.6067116834511,-50.753820281836,-34.2688816238563
30-Jan-2025 19:30:50,139,35,-0.0439103280504545,0.415718954801559,-0.0469087372223536,0.352930941184362,-0.00829961355775595,-0.157564771175385,0.922249539693197,-44.668139861976,-41.8320557515048,-25.1933202809713,-139.146019737306,-122.623481523108,-70.2683543480978,-50.5152544207506,-37.7886668500309,-25.3779065147564
30-Jan-2025 19:31:46,139,36,-0.0377100492517153,0.412653217713038,-0.0405461271603902,0.326163554191589,-0.00939375186959903,-0.140368779500326,0.934786470731099,-55.0809012400647,-60.6564951028816,-36.009525999335,-137.42483739104,-125.037983276865,-70.4274395403883,-54.8078881893873,-47.9994064247379,-33.9716145732524
30-Jan-2025 19:32:18,139,37,-0.0315003770093123,0.410384798049927,-0.0399001553654671,0.330033004283905,-0.0157025650143623,-0.11809426099062,0.936421604951223,-41.2411431649719,-39.2000653269356,-23.7383416004411,-134.73215645754,-125.059655921502,-64.0317304881535,-57.0675674736928,-47.0730925027012,-34.1326642155465
30-Jan-2025 19:33:10,139,38,-0.0309368290007114,0.407577045758565,-0.0319436530272166,0.304808580875397,-0.0276313090076049,-0.0983465338746707,0.946919333934784,-51.8751253632882,-59.1782009873287,-35.0984621429182,-129.678726230422,-120.509914011577,-64.333624313656,-59.6607695158327,-47.1782518322925,-33.9773846497397
30-Jan-2025 19:33:34,139,39,-0.0257227471719185,0.401691114902496,-0.0265264792988698,0.303750020265579,-0.0423357685407003,-0.0536266565322876,0.950298690795898,-36.6459776983093,-36.7986193658908,-22.349235156081,-119.019921356496,-109.999464824372,-58.4593195780272,-62.5707329368898,-36.9991477876981,-25.1139404798825
30-Jan-2025 19:34:25,139,40,-0.0213232031712929,0.399460685253143,-0.0203058066467444,0.266391996542613,-0.0451687134802341,-0.0236496536682049,0.962515354156494,-45.5352651016824,-56.015179103538,-32.4953344045864,-115.758429159165,-108.733661998527,-58.0469155618327,-67.2890770474054,-45.6779120560104,-31.9964140079999
30-Jan-2025 19:35:10,139,41,-0.0181240813185771,0.397658201058706,-0.0162176648775736,0.254218093554179,-0.0537742291887601,0.0112238836785158,0.96558559735616,-42.9337700392319,-55.6048095207275,-32.7890967707633,-111.395593300132,-107.065182353362,-56.8404619053553,-73.8116115026503,-45.1106104807764,-31.6768463851047
30-Jan-2025 19:35:57,139,42,-0.0126573027422031,0.395873755216599,-0.0118955722699563,0.234318281213442,-0.0555309568842252,0.047360140333573,0.969416471322378,-41.6368837438693,-55.2059752776882,-29.3566906957759,-105.432085610248,-102.720364298537,-55.5369834287366,-78.3862411302599,-44.7202759837691,-32.3312581867032
30-Jan-2025 19:36:41,139,43,-0.0084057171518604,0.394171357154846,-0.00638502985239029,0.20959242383639,-0.0583148459593455,0.0894940440853437,0.971936849753062,-40.0173018320509,-54.8129087045344,-29.5362004002064,-99.5682420049388,-99.5873770388813,-53.1349925420471,-83.4869183440518,-45.0184250258752,-30.6976597005486
30-Jan-2025 19:37:25,139,44,-0.00217671017162502,0.394130549828211,-0.000937480382466068,0.18941775461038,-0.0574228681623936,0.124343819419543,0.972297366460164,-40.1574874481685,-55.3838378514595,-29.6045302996181,-95.9546507805273,-96.8794329929622,-52.0081157211022,-89.945619909138,-47.2661322519611,-32.3250206404332
30-Jan-2025 19:38:07,139,45,0.00454379472260674,0.394730858008067,0.00258839751283328,0.168222561478615,-0.0562974681456884,0.157648855447769,0.971431235472361,-40.629499160172,-55.2062089158559,-30.0508391438844,-91.8034755772596,-95.3369466458357,-50.9066107976396,-96.9483333707698,-50.5859603628254,-34.2428790083796
30-Jan-2025 19:38:49,139,46,0.0116242242356141,0.395717418193817,0.00753024232884248,0.148956542213758,-0.055537786334753,0.194588856895765,0.967916691303253,-41.0424239201187,-55.0293009389881,-30.4611374605778,-88.5085083845636,-92.8021891481054,-49.7427918229182,-103.923052780674,-53.3168489160789,-37.3559860903568
30-Jan-2025 19:39:28,139,47,0.0209219784786304,0.396486586332321,0.010320899511377,0.126356614629428,-0.0558529128630956,0.236145377159119,0.96184709072113,-39.5508052040368,-54.252753441488,-28.6034305134849,-84.1416451971536,-90.3712960750732,-48.3228158225674,-110.433775164715,-56.4282676905269,-39.4167175293495
30-Jan-2025 19:40:12,139,48,0.027059144154191,0.398525939385096,0.016396602243185,0.098146490752697,-0.0522870021561782,0.267295879125595,0.957176208496094,-42.2069147499406,-56.1763861836719,-30.4867209344988,-80.8138340123865,-88.2923352143901,-46.9997613094019,-118.137499035825,-61.4549515755723,-41.5512611468499
30-Jan-2025 19:40:54,139,49,0.03356757213672,0.400444320837657,0.0197847122947375,0.0806701590617498,-0.0516075638433297,0.297981208562851,0.949755879243215,-43.1118884268373,-56.5251090456978,-29.9655100395661,-78.4555488289408,-86.0143404598816,-46.025167539829,-125.087723650468,-67.5892680159162,-43.8727108536041
30-Jan-2025 19:41:35,139,50,0.0413736653824647,0.402274388074875,0.0240973761926095,0.0580505914986134,-0.0517294118801753,0.328235993782679,0.941390109062195,-43.2912941692305,-57.5863769676447,-30.3420484866601,-73.4320266461559,-84.3118287584603,-44.9998041420524,-131.361198636878,-73.3774007339095,-45.8376136049853
30-Jan-2025 19:42:16,139,51,0.0510780145724614,0.404571865002314,0.0295374066879352,0.0282269441833099,-0.0525093997518222,0.356371041138967,0.932440721988678,-45.5829159443718,-58.1789174195521,-30.1174616047674,-68.5758859637014,-80.1220585835826,-44.2490559301741,-137.896298809172,-78.6174415907275,-49.4992428786799
30-Jan-2025 19:42:52,139,52,0.0625958400468032,0.408139312267303,0.0316550254821777,0.0154399871826172,-0.0574794843792915,0.385684686899185,0.920708986123403,-45.3306457358873,-56.5120941364396,-19.2423120583815,-65.3784360314121,-76.2636591719768,-43.2606153112447,-144.637211574408,-84.4834365169577,-54.0842354135312
30-Jan-2025 19:43:35,139,53,0.0685444568594297,0.411424855391185,0.0381203445295493,-0.0140608316287398,-0.0581384375691414,0.406392419338226,0.911738685766856,-48.6814295355899,-60.1655889858174,-29.4418811797488,-61.8103314742053,-73.7709451420068,-43.8783284887899,-150.956030636114,-89.7624084778942,-58.0809095789609
30-Jan-2025 19:44:16,139,54,0.0721485291918119,0.409888505935669,0.0422836062808832,-0.0381518902877967,-0.062502907961607,0.408284888664881,0.909912780920665,-48.4004146710439,-57.8955275489587,-27.4635804235039,-56.7984967112442,-67.5003522906641,-42.5328862732289,-149.434424591534,-92.1259336941224,-57.799085393401
30-Jan-2025 19:44:59,139,55,0.0755034094055494,0.408599984645844,0.0458465439577897,-0.0491889985899131,-0.0620476625859737,0.408766887585322,0.909197552998861,-47.4451633085447,-56.5055456452226,-27.7914593341974,-52.1814982920536,-62.3586807847303,-41.3639825067864,-147.582295121071,-94.6427031690271,-57.1826816154857
30-Jan-2025 19:45:42,139,56,0.0778181587656339,0.407308353980382,0.0471448118487994,-0.0460746268431346,-0.0617690826455752,0.400964627663294,0.9128466963768,-45.4777936970689,-54.2806035080476,-25.9724280783601,-50.7619180447484,-57.4064699515011,-39.9083479649033,-144.589903937668,-97.3110947732701,-56.0989880413927
30-Jan-2025 19:46:28,139,57,0.078752409418424,0.405722343921661,0.0472717312475045,-0.0451709826787313,-0.0621706220010916,0.394328288237254,0.915750841299693,-43.6793649611048,-53.5881812541533,-25.9299417392573,-48.9160468833858,-55.698989454624,-40.0343480352999,-142.152381897793,-98.4802974421823,-56.1316495692109
30-Jan-2025 19:46:49,139,58,0.0804482618967692,0.402384372552236,0.0500517087678115,-0.0550208121538162,-0.0665797079602877,0.397621717055639,0.913475139935811,-26.8904066628966,-29.3620189418988,-14.9257278585219,-39.1320302649947,-41.7388741259231,-28.1261654118364,-137.592294429684,-93.424905643429,-51.2474886479846
30-Jan-2025 19:47:46,139,59,0.0786437153816223,0.401722687482834,0.0459640430907408,-0.0528604696194331,-0.0720365037520727,0.376412107547124,0.922133652369181,-42.5811835835663,-49.018986600465,-9.99065020697012,-44.4289409180891,-52.8524413813101,-37.5758914414426,-135.720924247457,-98.382216610843,-52.0049165022362
30-Jan-2025 19:48:07,139,60,0.0798787588874499,0.398876259724299,0.0483367741107941,-0.0508305363357067,-0.0682954092820485,0.377669161558151,0.922018416722616,-23.286828113675,-25.967519244441,-6.14014067001014,-32.7413152069264,-34.1278499287414,-23.504571797584,-131.593912708171,-93.5708789613407,-49.1331387442266
30-Jan-2025 19:49:14,139,61,0.0776101450125376,0.399244848887126,0.0477168234686057,-0.0496399270991484,-0.0667979414264361,0.355419540405273,0.930994574228923,-42.6749064485033,-49.8118343811226,-21.8819151903459,-43.9864213136349,-51.5591791221948,-36.5977293169926,-130.164080490355,-97.9752170033802,-51.7217581800864
30-Jan-2025 19:50:04,139,62,0.0800749465823174,0.39949479897817,0.049001557379961,-0.0494005468984445,-0.0652658676107725,0.34451486269633,0.935205606619517,-43.8955506646955,-50.7225359351659,-24.4659288419352,-44.3078802106958,-52.2766114140377,-36.8515463228254,-128.050461326997,-100.96091614015,-53.9641873544618
30-Jan-2025 19:50:51,139,63,0.0833166961868604,0.398876090844472,0.0496459844211737,-0.0455525080362956,-0.0664436017473539,0.325878149271011,0.941973292827606,-43.7243033320674,-50.3821831123854,-24.6355135078485,-44.7000220622244,-51.195523867386,-36.846482619475,-124.098636994007,-103.625534199806,-56.8592158273046
30-Jan-2025 19:51:36,139,64,0.0866440534591675,0.397805349032084,0.0497343053420385,-0.043886025249958,-0.0687369386355082,0.305495987335841,0.948694630463918,-43.8321102250294,-49.6413031011929,-24.3478836809238,-43.7775053909871,-51.6901764014872,-36.4119785615331,-119.6777100762,-106.654611720905,-59.4055439493811
30-Jan-2025 19:52:18,139,65,0.0886208653450012,0.397275839249293,0.0497665782769521,-0.0443232295413812,-0.0739572728673617,0.285791917641958,0.954404942194621,-44.7544442307863,-49.0001594957944,-23.2316466075801,-43.7726594583667,-50.6476989759647,-36.4377543262955,-114.872231865986,-109.640918972725,-61.6275218960743
30-Jan-2025 19:53:02,139,66,0.0880161613225937,0.396539900700251,0.0522359135250251,-0.0484086205561956,-0.0743732184171677,0.254276047150294,0.96305189927419,-47.7340417929408,-50.733884093293,-24.4011059110269,-44.2266488950547,-49.3616565706305,-36.8436700024099,-109.724478009567,-112.230841089905,-63.8373247550761
30-Jan-2025 19:53:44,139,67,0.0884128724535306,0.395945048332214,0.052946362644434,-0.0519610700507959,-0.0750125234325727,0.221384437878927,0.970907906691233,-50.767271133294,-50.2800427922401,-25.2134134028689,-44.385056016397,-50.2788316753904,-36.0896556342004,-104.630586330047,-115.297570639766,-65.141040070232
30-Jan-2025 19:54:25,139,68,0.0865115761756897,0.395345165332158,0.0522057528297106,-0.0628515303134918,-0.0794859593113263,0.181309654315313,0.978191455205282,-55.4773163627466,-49.8574185419114,-26.2221449889086,-44.2456719800665,-52.5226155351973,-37.1556762438289,-98.6636257389752,-118.002703905967,-65.766711613465
30-Jan-2025 19:55:08,139,69,0.0833518221974373,0.396441394090652,0.050774160027504,-0.0690392926335335,-0.0803240423401197,0.149605921904246,0.983056330680847,-61.7007695367489,-51.1754028169448,-27.704088622047,-47.1073923648994,-54.8297037725277,-38.6817143423764,-95.3351306921281,-120.377039030338,-67.4783612707366
30-Jan-2025 19:55:53,139,70,0.0799114475647608,0.398261739810308,0.0518287944296996,-0.0786326120297114,-0.0774497558673223,0.115649044513702,0.987139213085175,-67.855926683026,-54.3386913546595,-28.897638278735,-50.0446649603142,-56.9434441986199,-39.8377611853834,-92.5758684173932,-122.660975083794,-69.0579999850275
30-Jan-2025 19:56:37,139,71,0.0803120349844297,0.398883390426636,0.0580815787116686,-0.105428468684355,-0.0902138223250707,0.122237113614877,0.982753503322601,-70.9954318036802,-54.768365173127,-28.1673166214035,-45.2205339039922,-52.2289791346405,-39.1415057078936,-94.6735340475928,-121.884938720906,-67.6877058868843
30-Jan-2025 19:57:04,139,72,0.0766948908567429,0.397295459111532,0.061194459348917,-0.132544392347336,-0.0973238666852315,0.140058121085167,0.976393246650696,-72.9553629174032,-28.9218650572637,-15.1398964699595,-34.9402909003157,-44.5786771178515,-29.2027524165187,-97.4010078708204,-111.67380259029,-59.5719090529961
30-Jan-2025 19:57:59,139,73,0.067251355946064,0.398091355959574,0.0589526183903217,-0.133939626812935,-0.0858709553877513,0.135391933719317,0.97793425321579,-77.5505070276606,-56.3122779742367,-28.5889270714589,-43.2319919229618,-51.8104566246576,-37.9677502182012,-100.068385790562,-112.195116575808,-59.9333608512352
30-Jan-2025 19:58:31,139,74,0.0707003980875015,0.398929407199224,0.0594127242763837,-0.153206234176954,-0.095644082625707,0.146584677696228,0.972570323944092,-79.263257636185,-33.0711474076265,-17.0261830494304,-39.8846649587694,-39.4832768932615,-26.7596235664125,-102.630715758561,-110.432655619395,-59.358436965538
30-Jan-2025 19:59:03,139,75,0.0656625534097354,0.39963370958964,0.0581500922640165,-0.156448343396187,-0.091577077905337,0.150094472368558,0.971910111109416,-81.5598114938431,-23.1392450992254,-12.0825517156378,-41.6678240011575,-30.8016175427642,-19.1399346878881,-105.215521750688,-107.153307192016,-57.7903252378726
30-Jan-2025 19:59:35,139,76,0.0616157829761505,0.399417708317439,0.0589867313702901,-0.176626095175743,-0.091187480588754,0.15806353588899,0.967214592297872,-84.373266976068,-19.7869569199289,-10.2984767259631,-39.2662260468361,-24.1677183827162,-14.5894646959959,-107.436565754879,-102.140515029153,-55.0506195892232
30-Jan-2025 20:00:05,139,77,0.0525736940403779,0.400220694144567,0.0582992871602376,-0.188358586033185,-0.0865466748674711,0.162522383530935,0.964685050646464,-86.9951732705763,-19.6494758051846,-10.4691799083474,-39.4972495941598,-18.482699317893,-10.8986041474198,-109.475728765103,-98.9610009985494,-47.9751169800818
30-Jan-2025 20:00:49,139,78,0.0480988341073195,0.400852958361308,0.0553811470667521,-0.199469328920046,-0.0840767284234365,0.165919397274653,0.962088282903035,-89.9713049712263,-21.1943982227165,-11.3922721767611,-39.9945838923063,-55.8721203006825,-8.08754832050169,-112.173951278342,-94.7481260340747,-47.9567158906943
30-Jan-2025 20:01:13,139,79,0.03989264468352,0.400568467378616,0.0598271546264489,-0.227594242493312,-0.0793255930145582,0.180069235960643,0.953668371836344,-93.1245493749471,-23.5055224063864,-12.7665589881896,-19.7750735658639,-28.0987613072775,-4.29139485441263,-114.45170354309,-83.8685706026646,-42.9168655611838
30-Jan-2025 20:02:26,139,80,0.0319530921677748,0.402399704853694,0.0590922743082046,-0.222438367207845,-0.0635177443424861,0.179653130968412,0.956144022941589,-97.0413501302034,-61.5997474731254,-34.1664430711254,-40.1221409271275,-57.6690123257766,-37.9526925687381,-117.869220683592,-83.0056749377869,-43.6162906116118
30-Jan-2025 20:03:22,139,81,0.0383832544088364,0.401977026462555,0.0574355291823546,-0.214517069856326,-0.0699659441908201,0.176226984461149,0.958139463265737,-94.8233315600681,-60.1394153921482,-31.7049591777554,-40.3137299527473,-56.4792629408773,-37.963200351162,-116.286383514041,-85.6328126167558,-46.6375922648653
30-Jan-2025 20:04:17,139,82,0.0439879819750786,0.400405190388362,0.0559320961435636,-0.201954964796702,-0.0739115133881569,0.175790565212568,0.960650293032328,-90.9587020778168,-57.0498585319381,-29.5998746022623,-39.8844634002935,-56.3879160589536,-36.7255709286895,-113.488487563429,-88.1016152373579,-47.9062127631034
30-Jan-2025 20:05:13,139,83,0.0501574993133545,0.398033817609151,0.0550338228543599,-0.190256066123645,-0.0774462709824244,0.164560080567996,0.964740749200185,-86.4207671395073,-53.5956892821115,-28.1229896857077,-38.5447690588029,-54.6707704285176,-35.3138729037688,-109.108062222286,-90.7162503287764,-49.7984926838338
30-Jan-2025 20:06:11,139,84,0.0560071135560671,0.395383101701736,0.0546406239271164,-0.170997147758802,-0.0800638447205226,0.157716604073842,0.969265329837799,-81.6961794731689,-50.8592138374768,-26.4352045986222,-38.0998608227939,-51.4657254238253,-34.2651405776239,-104.461372185877,-93.8538016556033,-53.2026023158103
30-Jan-2025 20:06:54,139,85,0.0599438371757666,0.39598167737325,0.0544433231155078,-0.171015573541323,-0.0853132580717405,0.140122309327126,0.97151483297348,-83.3299829700944,-41.2283792479184,-21.1873247576528,-39.1597626115037,-51.186314283418,-15.6796412317144,-102.505976208443,-96.2682802211255,-55.7673197190468
30-Jan-2025 20:07:40,139,86,0.0603657906254133,0.396611346801122,0.0558441477517287,-0.182858641942342,-0.0902138059337934,0.113507994512717,0.972388871510824,-86.7546232850127,-38.7519681096578,-19.7492198740507,-39.0183609265838,-52.0349282994466,-7.15988331049903,-99.846514057193,-98.2134878454997,-57.1724945500949
30-Jan-2025 20:08:08,139,87,0.0536726268629233,0.395007916291555,0.0632813781499863,-0.207106166084607,-0.0912036294738452,0.0899115001161893,0.96989936431249,-91.1496820089273,-39.9277686970463,-20.3660024691323,-16.3763075048481,-24.1225548936921,-2.77299610163077,-93.3100188190346,-96.9990599993,-53.0478980950487
30-Jan-2025 20:09:11,139,88,0.0504922722776731,0.397336659828822,0.0631076668699582,-0.204340402285258,-0.0864252443114917,0.0631386995315552,0.973030952612559,-96.7049499373401,-57.7796751472591,-30.7852288035556,-39.8589282147061,-53.0796877770481,-35.1775442489361,-93.835007037422,-99.9798144178133,-55.9084159969555
30-Jan-2025 20:09:36,139,89,0.0471481201549371,0.396993392705917,0.0713949739933014,-0.22608237862587,-0.0894197305043538,0.0378231786191463,0.969257545471191,-101.115322468002,-54.9446345288843,-32.4556770076498,-20.2538859903598,-27.1465738049574,-19.1528100743281,-87.6907369840824,-99.583159968683,-53.4864910773387
30-Jan-2025 20:10:29,139,90,0.0459684332211812,0.400273531675339,0.0688958222667376,-0.226977497339249,-0.0904394050439199,0.0150218085075418,0.969575333595276,-107.053247299789,-60.6661203762155,-35.6767361465795,-41.9550122989123,-54.1683364051452,-34.7884347387634,-90.5118377948793,-101.772801085731,-57.7233447469601
30-Jan-2025 20:10:59,139,91,0.0517087653279305,0.402178382873535,0.0709572131435076,-0.231198121110598,-0.0972244426608086,0.0180746554086606,0.967867851257324,-108.560275706958,-57.814509590103,-35.8347616885193,-41.882570800173,-29.4409459788783,-20.1282840351651,-92.1785785278705,-104.535142083105,-61.1417046285596
30-Jan-2025 20:11:38,139,92,0.0563971286018689,0.405672876040141,0.0671009962757429,-0.234699256221453,-0.106877060731252,0.0175747570892175,0.966014862060547,-111.649192189409,-57.402030420417,-33.3804399641679,-44.0741714346582,-55.6772746956817,-13.2332230413277,-96.4616619768957,-107.344056972023,-65.3622591574686
30-Jan-2025 20:12:17,139,93,0.056797299037377,0.408562582731247,0.070644965271155,-0.234910782178243,-0.103189174830914,0.0297544226050377,0.966066054503123,-113.0540527095,-63.1591170589442,-37.419944606671,-46.5727931357559,-57.2204629840197,-10.5957069023707,-100.552916783938,-110.251258806713,-67.5089110100324
30-Jan-2025 20:13:00,139,94,0.0572552052636941,0.410561551650365,0.0699564576148987,-0.232667782902718,-0.105625821153323,0.0244245837132136,0.966494898001353,-115.791885248411,-63.9759866015781,-38.4813624326012,-49.0749253701598,-58.4920810581249,-39.1869631908538,-101.248257269989,-113.43260411429,-69.4436115244237
30-Jan-2025 20:13:40,139,95,0.0590599236389001,0.413530741135279,0.0679614727695783,-0.229377029339472,-0.10621230751276,0.0288485651214918,0.967095108826955,-117.621203796733,-65.8477475962653,-39.2537368502451,-51.5788128712168,-62.4779140251137,-41.0176056930572,-104.745640595544,-116.60102115831,-71.8723363697286
30-Jan-2025 20:14:20,139,96,0.0587771721184254,0.41654799580574,0.0670544341206551,-0.215859613815943,-0.103062697251638,0.018851047505935,0.970787000656128,-120.04626534976,-67.4219543169791,-40.2565895637458,-57.8335780056003,-64.8208544385443,-41.8429413021206,-105.444045340851,-119.612974070551,-73.6480733804903
30-Jan-2025 20:15:00,139,97,0.0572476468980312,0.419895706574122,0.0637507349252701,-0.194367759426435,-0.0950951009988785,0.00966248288750648,0.976260622342428,-121.944198405139,-68.3973839007063,-40.3996814251749,-64.8387819566471,-67.9173485751958,-43.590623464614,-107.217960796035,-122.471694916903,-75.4723164739805
30-Jan-2025 20:15:41,139,98,0.0560243162016074,0.419493939479192,0.0713696296016375,-0.20477381447951,-0.0982721477746964,0.00892165297021469,0.973822736740112,-122.121116470408,-74.7080592477725,-43.8223969596317,-62.2255766310864,-64.7124889049315,-42.9776005027067,-105.777436271934,-125.030623825131,-74.2389115893928
30-Jan-2025 20:16:17,139,99,0.054781982054313,0.41856242219607,0.0830739259719849,-0.213395898540815,-0.0935398548841476,0.015099517814815,0.972360289096832,-120.703752411266,-80.5690403105921,-50.1426722810707,-58.7124810096915,-60.1960176654722,-26.5826641791568,-104.418289425303,-126.688744716887,-72.7926332254872
30-Jan-2025 20:17:02,139,100,0.0493027423818906,0.417308108011882,0.0836571340759595,-0.199980998039246,-0.0833173334598541,0.0196925677359104,0.976052304108938,-118.714247289918,-85.4551742312883,-54.6117274960006,-59.5494402403795,-61.4737406414156,-41.1467711747856,-103.699831417407,-127.296461600407,-71.3149181219226
30-Jan-2025 20:18:33,303,1,0.000468191644176841,0.321003830432892,0.0407844652732213,0.00643692798912525,-0.00741328469788035,-0.00671725130329529,0.999929269154867,-6.15000000000001,-12.075,-4.72500000000001,-5.62500000000001,-11.85,-5.17500000000001,-4.95000000000001,-6.82500000000001,-5.62500000000001
30-Jan-2025 20:19:06,303,2,-0.00213485124210517,0.3257805844148,0.0456659366687139,-0.0263970199972391,-0.00194447746810814,-0.0184252894173066,0.999479862054189,-15.4684888059561,-18.773855311601,-9.40333019379637,-6.69215639663155,-14.8932006621811,-7.03175508493609,-8.39265446395584,-10.0640068067783,-7.373404084067
30-Jan-2025 20:19:38,303,3,-0.00492346882820129,0.329634992281596,0.0506574752430121,-0.0601160481572151,0.00139330737292767,-0.0407607200245063,0.997357889016469,-27.0369776119122,-22.7914606232021,-13.2754103875927,-7.40306279326309,-14.5614013243623,-8.08226016987217,-9.51030892791167,-11.8217636135566,-7.79055816813397
30-Jan-2025 20:20:10,303,4,-0.00976242739707231,0.332725904385249,0.0549853190779686,-0.0894442617893219,0.0032995011502256,-0.0531849960486094,0.994565351804097,-34.9304664178683,-27.4184409348032,-16.8943655813891,-7.41084418989461,-16.8171019865434,-8.65464025480824,-11.1154633918675,-11.4138954203348,-7.91708725220094
30-Jan-2025 20:20:43,303,5,-0.0143959783017635,0.336234341065089,0.0619027502834797,-0.116920846203963,0.00523250214755535,-0.063236470023791,0.991112152735392,-42.1114552238244,-33.8501087464043,-20.1617582751855,-7.29206308652614,-17.2165526487246,-9.4379578397443,-12.8893678558233,-11.5732147271131,-7.67330383626792
30-Jan-2025 20:21:16,303,6,-0.018285662929217,0.339199070135752,0.0664837727944056,-0.148141783475876,0.00763810559486349,-0.0774380713701248,0.985900127887726,-49.6111940297805,-39.0841203080054,-21.3033697189818,-6.66000073315767,-19.6128783109058,-10.4767441746804,-13.6226473197791,-11.7161277838914,-8.29436417033488
30-Jan-2025 20:21:52,303,7,-0.0233375395337741,0.342599894603093,0.0732653538386027,-0.174411476651827,0.010038835927844,-0.0919058864315351,0.980323032538096,-56.6703078357367,-46.2693037446065,-24.0070905377782,-5.54629775478921,-21.3576414730869,-12.4682648846164,-13.9106142837349,-12.8258377156697,-9.79784637940184
30-Jan-2025 20:22:28,303,8,-0.0262214949975411,0.345905260245005,0.0781678492824237,-0.193898925185204,0.0105481206128995,-0.104832832018534,0.975347153345744,-63.6591091416928,-52.6300731187076,-26.8918660440745,-6.21677446392074,-21.5766233852681,-13.8111527820525,-14.6509249976908,-14.3439460849479,-10.3925395259688
30-Jan-2025 20:23:11,303,9,-0.0308495497951905,0.351613986492157,0.0827180479963621,-0.200273764133453,0.0091903534407417,-0.12247195293506,0.972011629740397,-70.6877541976489,-59.6286354615587,-35.3421688941209,-10.4793410168022,-24.3327146724493,-15.7297242732385,-16.3674075866466,-17.1912536729762,-12.1828381412857
30-Jan-2025 20:23:49,303,10,-0.0314328581094742,0.355600597461065,0.0839885279536247,-0.212285177906354,0.0113469415033857,-0.123672225077947,0.969284001986186,-76.5123914002908,-61.7935894956238,-38.9476895882473,-12.8785203906662,-27.1060134538296,-17.659168317585,-19.1574686478199,-20.6652451314147,-13.2881900475988
30-Jan-2025 20:24:25,303,11,-0.031994803994894,0.358252175649007,0.0833370039860408,-0.213324462374051,0.0118036244685451,-0.124957009156545,0.968885517120361,-79.3094895404327,-63.6679917718764,-40.0820921183111,-15.5757222254677,-29.6135895789599,-19.320033260369,-22.2665726777431,-21.9590363945407,-14.0549433210994
30-Jan-2025 20:25:01,303,12,-0.0318782905737559,0.361733067035675,0.0826978320876757,-0.211693945527077,0.0102574152251085,-0.128572623928388,0.968787682056427,-83.4428181493245,-65.9971181692227,-42.0809355663438,-19.0219352907379,-33.5633043759651,-20.7716086523717,-24.7101981920414,-25.3127275600105,-15.6273972781938
30-Jan-2025 20:25:37,303,13,-0.0318669569989045,0.364995469649633,0.0808288559317589,-0.212054868539174,0.0107043269400795,-0.129182013869286,0.968622855345408,-86.5942619925914,-68.6286066271159,-41.3619994733608,-22.3176539712426,-36.0590885089079,-22.9435392689838,-28.1710844485272,-26.9963686766522,-17.002701577085
30-Jan-2025 20:26:12,303,14,-0.032244697958231,0.368252950906754,0.080211100478967,-0.214941452940305,0.0114325205485026,-0.13244817952315,0.967536556720734,-90.6047634530458,-71.4112761152826,-42.95917360987,-25.5381254593644,-39.2529073098195,-24.8006474979007,-31.0906010761067,-28.6699847688799,-18.1294310468747
30-Jan-2025 20:26:48,303,15,-0.0332075347503026,0.371177603801091,0.0789591173330943,-0.214531488219897,0.0124315360561013,-0.135839418570201,0.967144962151845,-94.4447937220939,-74.1195361185859,-44.0644028611253,-28.4959733512948,-42.0457434447154,-26.9503445329698,-33.5144328892332,-30.8635883489006,-19.2068731021135
30-Jan-2025 20:27:26,303,16,-0.0386379902561506,0.370655467112859,0.0716084733605385,-0.194916495680809,0.0160546571016312,-0.145957852403323,0.969765929381053,-91.7481658536427,-76.0775153502932,-42.6631658186999,-31.20981979563,-48.8887859633573,-29.3927289930205,-30.2400716735694,-28.3026273081026,-19.635936431248
30-Jan-2025 20:28:01,303,17,-0.03859919855992,0.368458787600199,0.0591273161272208,-0.151520924766858,0.0177264178792636,-0.139698637525241,0.978371862570445,-83.23392018734,-70.1418922107847,-41.1389425549611,-35.3205103409174,-52.7065828154952,-33.2207606546093,-28.6042892542924,-27.8591631392528,-18.5526779067447
30-Jan-2025 20:28:26,303,18,-0.0421838367978732,0.365958901246389,0.0499746511379878,-0.111138208707174,0.01633080629011,-0.147274838884672,0.98269616762797,-75.8608656221115,-66.4844678856683,-36.3282261805655,-37.9546229366808,-57.8617568343812,-32.5666159169671,-23.9627962332088,-10.999447406377,-7.93825845542274
30-Jan-2025 20:29:08,303,19,-0.0387256031235059,0.367809389034907,0.0438968653480212,-0.0812099441885948,0.0133849356944362,-0.138840066393216,0.986888690789541,-74.8334066074201,-70.6411429677479,-37.8992632508416,-43.6754465576823,-64.8856194366412,-37.1713829797095,-27.3434479112218,-26.8066058914883,-19.9332585406911
30-Jan-2025 20:29:47,303,20,-0.0395756132900715,0.372547298669815,0.0405249496301015,-0.0570349159340064,0.0105131802459558,-0.155153580506643,0.986186540126801,-77.8263675595057,-73.3014169110478,-39.6320739955066,-53.252571912332,-67.8347949957465,-40.4862126484652,-29.237517946513,-29.7984252180136,-21.2437026337071
30-Jan-2025 20:30:22,303,21,-0.0389997514585654,0.374656562010447,0.0368451823790868,-0.0459791488945484,0.00906733286877473,-0.151660789052645,0.987321003278096,-78.7307273992257,-72.2902157061468,-42.0228231013396,-58.6138750232911,-70.7636427006953,-44.2157702673171,-31.8246241565784,-32.2194630990355,-22.3940016108707
30-Jan-2025 20:30:57,303,22,-0.0401233670612176,0.378312273820241,0.034745896110932,-0.0258820210893949,0.00538670495152473,-0.15580811103185,0.987433520952861,-80.0907866827628,-76.0432769271453,-43.6925413877565,-63.9672670124051,-74.2073264785658,-46.052691861217,-34.7582484540308,-34.1301102573058,-24.0642280301081
30-Jan-2025 20:31:32,303,23,-0.0405983539919058,0.381496596336365,0.0336048819124699,-0.00979030715922515,0.00170678220844517,-0.154368923107783,0.987963322798411,-80.9286956882085,-78.8034693610935,-45.0017442644654,-69.9917034405964,-77.4584282928972,-47.918295442641,-38.0901317951769,-35.6355620542003,-25.3944181703824
30-Jan-2025 20:32:06,303,24,-0.0412943971653779,0.3846522072951,0.0322352367142836,0.0127621135363976,-0.00259042357405027,-0.16047544380029,0.986953945954641,-82.4805295546084,-80.9172274015166,-47.1806894363203,-76.3516620883264,-80.313239125459,-49.423240017827,-39.8961446581697,-38.0634161704069,-26.1045901711752
30-Jan-2025 20:32:37,303,25,-0.0418469739456971,0.387713330984116,0.0299409197022518,0.0334555171430111,-0.00644401370858153,-0.159483048319817,0.986612594127655,-82.8143258514856,-83.7577682451772,-47.8445057557481,-81.8293818458257,-84.169904467136,-51.647855089894,-42.2142222820859,-39.9774714462695,-27.4047531022273
30-Jan-2025 20:33:07,303,26,-0.0433157806595167,0.390223302443822,0.0282759469002485,0.0636907120545705,-0.0141285737976432,-0.153268539905548,0.986028746763865,-79.9891033636013,-86.3617004904564,-49.2507576489625,-87.6909821582097,-87.1774970633707,-53.2573054104015,-44.6383322864638,-40.5846273019603,-28.1749114984089
30-Jan-2025 20:33:38,303,27,-0.0450705394148827,0.394398083289464,0.0242336007455985,0.0783554385105769,-0.0129143002132575,-0.158764126896858,0.984117702643077,-83.3843714833362,-89.147328436545,-51.6282273290701,-94.044522748036,-89.6855532868842,-57.2591733551292,-47.0404584810725,-42.713333447565,-29.0550676271554
30-Jan-2025 20:34:10,303,28,-0.0460223644971848,0.398961214224497,0.0228842162837585,0.0955788170297941,-0.0148507591336966,-0.16939803759257,0.980789728959401,-85.9898849068808,-91.7238042330383,-52.3913059026244,-100.944033476584,-92.618841324037,-60.5822501119671,-49.8065927707967,-45.3028147381267,-29.6902226221842
30-Jan-2025 20:34:44,303,29,-0.0391766056418419,0.399460071325302,0.0145017210394144,0.125160637497902,-0.0144095772256454,-0.146548283100128,0.981147714455922,-81.6859341024775,-85.5052636300882,-49.3167137871522,-104.124803332432,-95.1384102433051,-61.1175087890808,-53.3616571280204,-46.870133866898,-31.3413472097928
30-Jan-2025 20:35:17,303,30,-0.0347947942713896,0.400688284635544,0.00459836948042115,0.159364489714305,-0.0152395140379667,-0.126984962821007,0.978900162378947,-74.6345446240266,-78.8594349897393,-45.6135238950416,-108.679565722961,-97.689287115983,-62.6455696692221,-57.5327235090229,-47.8776467819084,-31.7312215139721
30-Jan-2025 20:35:49,303,31,-0.0301135855416457,0.400465905666351,-0.00366886461464067,0.182973980903625,-0.0185237421343724,-0.0983825832605362,0.978007320562998,-68.909435808552,-72.524962330691,-42.1960351146119,-109.721324380831,-100.105817965366,-63.6200316508772,-61.4117909019149,-48.0802565900386,-31.5654706764366
30-Jan-2025 20:36:22,303,32,-0.0262877068171899,0.400436339775721,-0.0113500472158194,0.200874419013659,-0.0250765497485797,-0.063670036693414,0.977224028110504,-63.2474673245654,-66.571167662293,-39.3713968900226,-109.45658117237,-102.755175803101,-64.5426941832892,-65.5948588007515,-47.7304148447285,-31.2719072680438
30-Jan-2025 20:36:56,303,33,-0.0231245497862498,0.400878568490346,-0.0167995962003867,0.214958875377973,-0.0354629911482334,-0.0342193017403285,0.975378958384196,-58.9670690063229,-57.8077119892201,-38.7181839433534,-109.738587030744,-105.220947135013,-65.2894569910796,-70.7549269525605,-48.3793473226983,-31.0644375742224
30-Jan-2025 20:37:29,303,34,-0.0231599343319734,0.401215751965841,-0.0196799892932177,0.226031063000361,-0.0469104369481405,-0.0127416782702009,0.972906506061554,-54.4774557709524,-51.6894258138098,-38.9256836356444,-109.918967422536,-107.219925214012,-66.0982699365592,-73.9284952308557,-48.5526669123081,-30.7500147376865
30-Jan-2025 20:38:04,303,35,-0.0221535758425792,0.402210017045339,-0.0245148787895838,0.236519291003545,-0.0583631965021292,0.0129214410980542,0.969786278406779,-50.7832350770179,-45.9187243872307,-37.7635396474154,-110.273535081037,-109.885506666556,-67.6131079508835,-77.758813572394,-47.7381800577379,-32.7821153297935
30-Jan-2025 20:38:47,303,36,-0.0207613450785478,0.403839377562205,-0.0266317577411731,0.235437492529551,-0.0674588958422343,0.0373271485169729,0.968826711177826,-48.6867106538014,-59.7468153350672,-37.4165738189264,-110.190196372892,-112.734389805872,-69.10595849963,-82.2925069455539,-48.7547899810776,-33.362477636222
30-Jan-2025 20:39:26,303,37,-0.0222886501501004,0.406209667523702,-0.0255144376307726,0.228263237078985,-0.0678688898682594,0.0350961933533351,0.970596750577291,-52.6309700262659,-62.8023601888187,-39.4765190498327,-111.649118764994,-115.734739339051,-71.765516210998,-84.1669684646496,-51.2593103774696,-34.1259449620314
30-Jan-2025 20:40:06,303,38,-0.0247531626373529,0.409518208106359,-0.0248175689329704,0.213931378722191,-0.06296729495128,0.027171810840567,0.974438412984212,-58.54965346641,-65.3951031361743,-40.727758820674,-113.411064565435,-118.405914293923,-74.3070770559717,-86.2922737416507,-53.3966049683392,-34.5639777164213
30-Jan-2025 20:40:48,303,39,-0.0262246067325274,0.413339414199193,-0.0238809606681267,0.194059627254804,-0.053457473218441,0.00990601492424806,0.979482026894887,-65.9805489403938,-67.531445130332,-42.4746458614828,-115.699522070045,-122.112501959641,-76.4896394677481,-88.5430008976045,-56.2502866564476,-35.8892931851013
30-Jan-2025 20:41:32,303,40,-0.0282555282115936,0.416590042908986,-0.0221226425220569,0.179639841119448,-0.0450201518833637,-0.00226473179645836,0.982699139912923,-73.0425504312975,-71.2395866478907,-43.9443565372754,-117.65123542674,-126.411795980783,-78.3427026629259,-90.7814389930347,-56.3121618931753,-38.0332500109264
30-Jan-2025 20:42:12,303,41,-0.0286777894943953,0.421184476216634,-0.0217795290052891,0.152458129326502,-0.0299824581791957,-0.0250999306639036,0.987536152203878,-85.3951049306611,-48.0586279271492,-44.4504790305599,-119.359576709478,-130.632443179636,-80.1810162498044,-92.938732558203,-58.5781339042128,-39.461527515324
30-Jan-2025 20:42:59,303,42,-0.032962474723657,0.424369092782338,-0.0213992806772391,0.141815289855003,-0.0235074662913879,-0.0339204666515191,0.989032491048177,-90.6429359342547,-77.058119087259,-45.3748074325904,-121.321231955236,-135.263766967346,-82.8369550325332,-94.3054538582404,-62.3211543024051,-27.5569653590081
30-Jan-2025 20:43:45,303,43,-0.0312455582122008,0.424873779217402,-0.0197664760053158,0.128912609815598,-0.0246858994166056,-0.0283033774544795,0.990944536526998,-92.5635194954648,-75.369979270497,-47.4769555524152,-119.860554847425,-137.716261397343,-82.3047673091868,-96.6332711361243,-61.2259926096867,-41.1052749521607
30-Jan-2025 20:44:29,303,44,-0.029768501718839,0.425871894756953,-0.0208971737573544,0.121801170706749,-0.0242658040175835,-0.0216064386069775,0.992022617657979,-93.4204221827324,-76.0769519239474,-47.8086551494264,-118.725706230369,-140.083924974554,-81.8269858848029,-98.5759453477256,-62.3750930137571,-42.207874630135
30-Jan-2025 20:45:10,303,45,-0.0254440536101659,0.425472144285838,-0.0210348964979251,0.116804816325506,-0.0287039808928967,-0.00649740708371003,0.992718756198883,-91.7204844330287,-74.7564808125039,-48.2301304850309,-117.378771858691,-141.809173125371,-81.3764076099003,-100.401048026185,-64.9463244662219,-42.9376193505201
30-Jan-2025 20:45:53,303,46,-0.0184830542653799,0.425308161973953,-0.0187383671601613,0.110761997103691,-0.0292807348072529,0.00566972093656659,0.993399381637573,-91.3671264648394,-74.4472878186135,-48.8464936899319,-116.300794609701,-141.788213562993,-80.4894309097384,-102.542364938075,-71.3786214428839,-45.8059365921106
30-Jan-2025 20:46:35,303,47,-0.0107056015481551,0.425173558791479,-0.0170225183169047,0.105225543677807,-0.0281889124463002,0.0147238639493783,0.993939745426178,-91.0120583874074,-73.4437338834996,-49.1103008294813,-115.057295922056,-141.269150144016,-79.1592549969468,-104.391788966678,-77.6414511816445,-51.3935400943037
30-Jan-2025 20:47:17,303,48,-8.74590810174899e-05,0.425438572963079,-0.0152633509288232,0.0983928769826889,-0.0247429286440214,0.0237156389902035,0.994557313124339,-90.1311352553539,-70.9679994777739,-47.8478299363547,-114.106036515084,-140.72603479674,-78.2824794778404,-106.32026655364,-84.5695473014544,-57.6657867267982
30-Jan-2025 20:47:58,303,49,0.0116607617586851,0.426410206158956,-0.0137421334783236,0.0900147199630737,-0.0225595969706774,0.03802172417442,0.994958706696828,-90.3372845959897,-69.0311748367424,-46.8722200268902,-113.300896748447,-139.945893485314,-77.1074041555765,-109.188270919779,-93.2552766117889,-61.8053549244434
30-Jan-2025 20:48:41,303,50,0.0219208152343829,0.428141794602076,-0.0129704846690098,0.0881195430954297,-0.0236665279914935,0.0572837665677071,0.994179781277974,-89.8869701729701,-69.763805078058,-45.3650406092567,-112.793816801978,-139.872239191814,-75.258178931734,-113.051038675509,-102.294822517386,-66.0785839046639
30-Jan-2025 20:49:24,303,51,0.0329125707348188,0.429142504930496,-0.00992369465529919,0.0867470944921176,-0.019452782223622,0.0657267088691394,0.993869507312775,-89.6334238681229,-69.2811627605471,-44.4920764375388,-112.810766765594,-138.801828407276,-74.3468787571021,-115.461188126032,-111.211276720614,-71.4686432761721
30-Jan-2025 20:50:07,303,52,0.037884205331405,0.427375614643097,-0.00881332426021497,0.106643945972125,-0.0249729473143816,0.0977420578400294,0.989166299502055,-82.1703731441905,-66.3336245587604,-43.4518641258611,-111.655693897371,-134.459011069829,-70.7118009928938,-117.714613295722,-113.083680656847,-70.6951396749326
30-Jan-2025 20:50:52,303,53,0.0425377480685711,0.425090084473292,-0.0045860938106974,0.131293587883313,-0.0221009482940038,0.122613879044851,0.983483302593231,-74.5315144498013,-65.4072682172672,-43.5452056256623,-111.719128506669,-127.692004609623,-67.3112044909881,-118.704883889111,-114.025311667488,-69.675843671515
30-Jan-2025 20:51:36,303,54,0.0445110810299714,0.4232563773791,-0.000876728623795013,0.148496308922768,-0.0210914655278126,0.145089614391327,0.977984158198039,-67.8547517701835,-65.1915028059206,-42.6303240312029,-111.341816854728,-121.362903588036,-64.4778486202339,-119.888577194349,-113.901556215332,-67.4836514670083
30-Jan-2025 20:52:08,303,55,0.0489021003246307,0.420362937450409,0.001902241872934,0.156639894843102,-0.0197319835424423,0.164963470896085,0.97358181476593,-56.0340370979515,-36.0060328596465,-25.5363308896131,-106.994132072167,-110.82775528576,-58.1781130650552,-117.493981855512,-106.270107531779,-59.3800111619572
30-Jan-2025 20:53:04,303,56,0.0448121796051661,0.419378493229548,0.00896715614944696,0.157465594013532,-0.0172035716474056,0.17432001431783,0.971864815553029,-61.0663464294124,-63.6607106459104,-41.7527819744584,-108.161260724296,-109.814583343139,-57.4951876676644,-121.335242194636,-109.134812232527,-60.6956468066338
30-Jan-2025 20:54:01,303,57,0.0448475961883863,0.41982303460439,0.0118966969350974,0.159638833999634,-0.0142787189533313,0.179641026258469,0.970587817827861,-62.3001677627196,-64.6104622984426,-40.9494551725211,-109.31079609377,-105.912399580346,-56.0206673491675,-123.494430372743,-107.947593625425,-59.8209204261743
30-Jan-2025 20:54:45,303,58,0.0469777705768744,0.419561092058818,0.0152581113701065,0.164450426896413,-0.0085167745128274,0.18984376291434,0.967906451225281,-60.5097450969503,-33.4577508841077,-41.1612394271926,-109.251534821917,-101.540709907466,-53.9253495701176,-125.037582470339,-107.884413364398,-59.2760130331466
30-Jan-2025 20:55:34,303,59,0.0464156573017438,0.419290181001027,0.0169854084650675,0.174553091327349,-0.00731621813029051,0.205293140808741,0.962981017430623,-57.5072004316427,-18.4288079363403,-39.0305792101683,-109.9378752294,-97.1592672795429,-52.0446330607911,-127.322716527681,-105.008252276409,-57.846015133835
30-Jan-2025 20:56:40,303,60,0.0458003481229146,0.419167309999466,0.0222077514976263,0.179149636626244,-0.0011455857505401,0.211435349782308,0.960832564036051,-56.2235947665661,-65.8367492218578,-40.3786967572963,-110.247016476551,-91.7229481740985,-50.4212171863264,-128.853841564896,-104.025600774939,-56.1984719813813
30-Jan-2025 20:57:26,303,61,0.046408798545599,0.41896245876948,0.0259084291756153,0.18558255036672,0.00641478911663095,0.221848636865616,0.957236210505168,-54.5244586016049,-31.7381326240155,-39.8662031865003,-110.292558143536,-84.7841908298933,-48.5514516292925,-130.532962092047,-102.039704066728,-53.9921562023566
30-Jan-2025 20:58:09,303,62,0.0449486995736758,0.418202749888102,0.0290559491763512,0.189923220872879,0.0108635493243734,0.227100255091985,0.955110740661621,-52.9925571867016,-14.1112370844944,-39.1734040567424,-110.206300020438,-79.6442143663077,-46.1085112309741,-131.311080364166,-100.452184755147,-52.4814541100465
30-Jan-2025 20:59:00,303,63,0.0460339228312174,0.415604243675868,0.027348384882013,0.196169744928678,0.0085533253227671,0.236333741744359,0.951625263690948,-48.5688090755125,-61.7365700752962,-20.9770726921837,-107.717903974554,-73.9789326422912,-44.4450721057428,-130.041574203712,-95.6174371260863,-50.0987868972962
30-Jan-2025 20:59:36,303,64,0.044156364351511,0.412269294261932,0.0259222529828548,0.198669518033663,0.00496869108950098,0.23876838684082,0.950523761908213,-43.9993696518376,-33.567333330677,-12.6731649378846,-105.234057981148,-71.7258461384295,-42.5258392701904,-126.971817479499,-90.9197838461831,-48.0025231062245
30-Jan-2025 21:00:36,303,65,0.0377196977535884,0.409489689270655,0.028131290897727,0.195326382915179,0.00326389268351098,0.231088955203692,0.953118483225505,-43.5570845719199,-62.600811718349,-31.8904689887151,-102.977487013982,-70.3538572446453,-41.6787095794773,-123.601935473408,-86.6656777408587,-45.3744610259921
30-Jan-2025 21:01:25,303,66,0.0351274810731411,0.407344533999761,0.0285602934658527,0.192953449487686,0.00103352552978322,0.231717175245285,0.953454271952311,-42.9283766638808,-60.9106476721657,-32.4683789421107,-100.909553559936,-68.1474171558998,-40.317631461184,-121.731990826378,-81.8083452228236,-43.8304998011794
30-Jan-2025 21:02:13,303,67,0.0320142877598604,0.404539996385574,0.0299784523745378,0.186207389831543,-0.00118821739063909,0.227425242463748,0.955825916926066,-41.831457341781,-61.4836624090547,-31.1515918467888,-98.7859388624503,-65.5237514696738,-38.9995791291006,-119.037014858877,-77.1743994984332,-41.1785890040765
30-Jan-2025 21:03:01,303,68,0.028479424615701,0.401795605818431,0.0293866767237584,0.180342987179756,-0.00518319817880789,0.229006524880727,0.956559244791667,-40.6504323126508,-59.6632665374798,-30.3124562271081,-96.3344835432441,-64.7164729847077,-37.6280396901221,-116.904523231142,-68.6771471708652,-39.4727034208285
30-Jan-2025 21:03:47,303,69,0.0245669198532899,0.398733518520991,0.0275237826009591,0.188982181747754,-0.0102459731201331,0.233428168296814,0.953777798016866,-36.2773544300056,-57.6961653616729,-28.737146345248,-94.394107913178,-64.1423881003715,-35.704756697696,-113.853273773289,-63.2732415417084,-36.964830444508
30-Jan-2025 21:04:34,303,70,0.0202971373995145,0.396222273508708,0.0265434335917234,0.188363812367121,-0.0141343370079994,0.230056435863177,0.954669125874837,-34.5832501206029,-56.63071153375,-27.9187493322983,-92.1092721276818,-63.1599000163503,-34.1806019285462,-111.392645400378,-58.3660092617571,-34.8809637716512
30-Jan-2025 21:05:22,303,71,0.0187090302507083,0.394186941782633,0.0271953829874595,0.187191194295883,-0.0142761723448833,0.228907512625058,0.955173782507579,-33.5536325978214,-55.7160813797692,-26.9538087538036,-90.1022062644707,-61.0732103324866,-33.1560112710345,-109.527327569937,-55.2821136564086,-32.8591002505263
30-Jan-2025 21:06:09,303,72,0.0251077193766832,0.391382378339767,0.0309621644516786,0.167640133698781,-0.00807644637922446,0.223511827985446,0.96014259258906,-33.1616090779637,-53.1488962408648,-25.4018169394407,-84.7048485230649,-55.8003713281658,-32.2768823669256,-106.682357858938,-58.26789920631,-35.372448672093
30-Jan-2025 21:06:55,303,73,0.0312584026406209,0.388660192489624,0.033161302904288,0.149416310588519,-0.00501620645324389,0.223087291916211,0.963266146183014,-32.1482072547613,-50.619417020446,-24.2631892336915,-79.1894332622304,-53.3639819238843,-31.0351444907263,-104.061215783556,-63.5095189248621,-37.5637978815926
30-Jan-2025 21:07:41,303,74,0.0377232253551483,0.386494926611582,0.0356038503348827,0.140720533331235,-0.00199788239163657,0.216237942377726,0.966144367059072,-30.9741162798866,-47.80879075927,-24.3062435822492,-75.3399892416814,-52.0458173196224,-29.4621021284817,-100.876987525984,-66.1290557277397,-40.1941474850588
30-Jan-2025 21:08:05,303,75,0.0471491557856401,0.382426422834396,0.0383587022622426,0.131544508536657,0.00236036108496288,0.223115694522858,0.965872597694397,-17.7946807291758,-26.1075909777152,-13.8401389579604,-66.3235308412753,-28.8617651153698,-16.9984075232145,-97.2612161773156,-69.1625510727798,-38.9189972855082
30-Jan-2025 21:08:38,303,76,0.0530487470328808,0.381954650084178,0.0380401057501634,0.115427997211615,0.00123001092579216,0.225307192405065,0.96742521127065,-10.2375728905469,-14.3111044359711,-8.01945484724834,-64.3985652509406,-46.1197691111227,-10.7143867964361,-96.7296732830996,-74.4280256889013,-44.8410971844492
30-Jan-2025 21:09:28,303,77,0.0563015386462212,0.380818472305934,0.0414750625689824,0.0809628943602244,-0.00328659294173121,0.208606559038162,0.974637166659037,-30.1666289079587,-6.94197451413251,-21.9214809933245,-59.2693460656416,-45.4988012068782,-28.6702030089017,-92.1152446161098,-79.8344899405635,-48.211822132636
30-Jan-2025 21:09:52,303,78,0.0672061224778493,0.377737150589625,0.0458970579008261,0.0523062904675802,-0.00727007420112689,0.235183055202166,0.970515402158101,-21.0452311784814,-4.8599149835176,-11.931328852444,-47.1408565995893,-23.9117977146562,-15.6424334160142,-91.2920843820092,-84.0894814284638,-45.1556463586931
30-Jan-2025 21:10:48,303,79,0.0691001658638318,0.37613538702329,0.0472689732909203,0.0111970288679004,-0.01804605225722,0.234206366539001,0.971954905986786,-28.3953744130143,-40.4846946078791,-19.9593542757605,-39.536303734796,-41.5800512474352,-26.6746230579375,-89.6357027047151,-86.5047203252492,-49.4116268470617
30-Jan-2025 21:11:15,303,80,0.0786027734478315,0.374854958057404,0.0500667120019595,-0.00858701299875975,-0.0281352025767167,0.250227236747742,0.967740166187286,-24.8562881295523,-21.6878938097287,-10.8964684811756,-32.093719170632,-20.6759332927142,-13.8117923172665,-89.0627103058244,-89.6500829264772,-48.1736854665861
30-Jan-2025 21:11:36,303,81,0.0785809218883514,0.373133865992228,0.0523893137772878,-0.0199254285544157,-0.0314575292170048,0.243441475431124,0.969200543562571,-25.5475870870929,-12.5053028003224,-6.33812707764003,-20.5321187567829,-9.28562959424354,-7.07645138529833,-83.7814125461352,-88.2105073799266,-46.3637831516883
30-Jan-2025 21:12:38,303,82,0.0764918858806292,0.37479731241862,0.0508110195398331,-0.0240532231827577,-0.0337394468486309,0.221680142482122,0.974238697687785,-30.9040786651348,-37.8298166852881,-18.582057869629,-31.2860104180909,-38.2022330238982,-26.0548553576813,-85.1459621060469,-91.7534627594866,-51.3929003695794
30-Jan-2025 21:13:05,303,83,0.0824609662095706,0.376299967368444,0.053252862393856,-0.0432351383070151,-0.0464224909742673,0.220085963606834,0.973415553569794,-32.9681665534273,-20.5578830174398,-10.1271247593803,-11.4226481169778,-16.6222900176151,-12.5901317822402,-85.633435325759,-95.0876836021018,-53.6915273538649
30-Jan-2025 21:14:08,303,84,0.0789981042345365,0.378328251838684,0.0526770030458768,-0.0358780299623807,-0.0431198221941789,0.201633885502815,0.977853413422902,-36.9110525968451,-41.2377255731847,-19.6727596980127,-33.8506588346543,-38.7190737933637,-28.2038444328868,-85.3073703753712,-96.9675371762448,-55.3749092213477
30-Jan-2025 21:14:40,303,85,0.0837876220544179,0.380597537755966,0.0530684081216653,-0.0501041280726592,-0.0531234284241994,0.21437731385231,0.974017413457235,-38.5842756156499,-28.8243072288289,-14.198104092742,-31.6692865029653,-18.799645756842,-14.9809875325395,-88.8141859752952,-99.2300488879763,-55.5695893539462
30-Jan-2025 21:15:04,303,86,0.0806786706050237,0.382461714744568,0.0532148562371731,-0.0593194079895814,-0.0562125583489736,0.219957799712817,0.972080218791962,-40.652198173236,-26.2363329403713,-13.2985904996915,-20.0357574259734,-9.72439941582826,-8.16523968871409,-91.9301170326943,-102.44146878259,-50.5854582073441
30-Jan-2025 21:16:01,303,87,0.0746782849232356,0.385155133406321,0.0531524193783601,-0.0580618264774481,-0.0516341112554073,0.209002467989922,0.974823447068532,-45.6174705002129,-45.4360806798627,-23.3866479127511,-36.75114997633,-42.6712439225688,-31.5530463731495,-94.1006058188309,-103.727342768644,-53.2869214211415
30-Jan-2025 21:16:27,303,88,0.0721841623385747,0.384964785973231,0.0585515742500623,-0.075560836493969,-0.049645143498977,0.222448578476906,0.970743314425151,-46.631417711885,-42.0046894333289,-25.1684908288658,-28.3410033403613,-23.3541338531859,-18.5176303217156,-96.6233734693363,-95.2754438004192,-49.2561818151389
30-Jan-2025 21:16:48,303,89,0.0649596139788628,0.383506725231806,0.056889137874047,-0.0858728140592575,-0.0511329169074694,0.220758239428202,0.970194335778554,-48.6697023659048,-42.5577286937823,-24.072226496508,-26.6430871112298,-15.1050464957415,-11.7956029023469,-95.2722805520261,-90.7296583550545,-47.1093407992361
30-Jan-2025 21:17:34,303,90,0.0613672097524007,0.386442760626475,0.0557881059745947,-0.0775231932600339,-0.0464628520111243,0.211053969462713,0.973287002245585,-52.7951557410984,-50.1279832077294,-27.9119085399141,-37.7512860855168,-44.4899704942665,-32.0052697990107,-99.484257350808,-96.1619296711198,-49.9544490783833
30-Jan-2025 21:18:11,303,91,0.0595809519290924,0.388980744282405,0.0596221692860126,-0.0808383266131083,-0.0412072504560153,0.209656489888827,0.973556021849314,-56.164193476879,-54.9818453484233,-32.044563771202,-40.1125426615131,-47.3169001707763,-33.2057838536909,-101.377769007636,-98.5582293679001,-51.2455320050554
30-Jan-2025 21:18:48,303,92,0.0572588997582595,0.391180755694707,0.061760854969422,-0.0768092806140582,-0.0355476540823777,0.20817532936732,0.974422796567281,-58.705023392953,-60.5025113024906,-34.8987055964308,-42.825328038364,-50.1398326862783,-35.0267214873792,-103.387048093487,-100.036543255038,-52.4346022554901
30-Jan-2025 21:19:23,303,93,0.049762603888909,0.393166154623032,0.0650338977575302,-0.0791703512271245,-0.0279316945622365,0.202802242835363,0.975614261627197,-62.7817493991737,-65.6815791632446,-37.5635907186301,-45.9388778156423,-51.9107666212764,-35.6578709105717,-105.30421089385,-98.8808642373546,-52.897666167806
30-Jan-2025 21:19:58,303,94,0.043271770576636,0.396152724822362,0.0666533117492994,-0.0799963807066282,-0.0225988062719504,0.192283330361048,0.97781236966451,-67.3264234504678,-72.0398479773419,-41.2588474893146,-50.5278097931343,-53.6057012660225,-37.1191262285161,-107.400315551468,-98.1331887672606,-52.8477269110624
30-Jan-2025 21:20:37,303,95,0.032182349016269,0.396329742670059,0.0701236789425214,-0.0807913586497307,-0.0151826156924168,0.165527350703875,0.982773109277089,-73.3298560211809,-77.8419214257391,-47.6600492842566,-53.1863851822295,-54.2312042118524,-37.3433755881423,-104.714338246555,-94.3382054026675,-50.4167883568431
30-Jan-2025 21:21:13,303,96,0.0221911529699961,0.395645699898402,0.0729602515697479,-0.079166201253732,-0.00798734277486801,0.137070978681246,0.987360378106435,-75.6627756031623,-81.4262951124722,-51.0938439913199,-55.2763061213781,-54.9502073351192,-35.9001514214565,-100.460596405957,-90.4952229249717,-47.407599010359
30-Jan-2025 21:21:50,303,97,0.0123577325915297,0.396476719776789,0.0736259957154592,-0.0870393688480059,-0.00667392980928222,0.100495900710424,0.991100537776947,-81.5604386907778,-85.1018189183731,-53.4939351544439,-57.6818998355534,-55.6409605471044,-36.4731904916147,-96.6229722975148,-85.9532408907246,-45.2342842677424
30-Jan-2025 21:22:27,303,98,0.0030384115409106,0.397821801900864,0.0752383798360825,-0.0914150461554527,-0.00585672852272789,0.0639487653970718,0.993740216890971,-86.9904735312104,-88.447917783858,-55.7521745455982,-60.320329937242,-56.1675888034489,-36.7793611801949,-92.8434070551514,-81.3617590782018,-43.4039068270596
30-Jan-2025 21:23:02,303,99,-0.00458169368406137,0.398151181141535,0.0759240731596947,-0.0818580662210782,-0.00452409150699774,0.0429614000022411,0.995707372824351,-88.0616942480516,-92.0043041791349,-58.5394880507677,-63.3751782326874,-56.7621545819732,-36.8770976779861,-89.6928712458273,-76.2955273765412,-41.5949980373437
30-Jan-2025 21:23:37,303,100,-0.0142355412244797,0.398117226362228,0.0798779810468356,-0.0857697054743767,-0.00284542562440038,0.0151794567704201,0.996195312341054,-91.5285079030971,-96.1158343393078,-62.4163386129447,-65.963235625011,-56.7156891215873,-36.5706170803828,-84.8318501530228,-68.1419207303117,-39.4218235731112
30-Jan-2025 21:25:06,145,1,0.000413271641203513,0.320789271593094,0.0422186116377513,0.0036411845125258,-0.00720256722221772,-0.00474151981373628,0.999956234296163,-5.40000000000001,-14.4,-4.95000000000001,-5.10000000000001,-11.7,-4.65000000000001,-5.10000000000001,-7.20000000000001,-5.10000000000001
30-Jan-2025 21:25:37,145,2,0.000568056056120743,0.326214764515559,0.0375728018581867,0.0376296833157539,-0.00987077082196871,-0.00476702709371845,0.999231648445129,-6.71011566154417,-17.55365404396,-6.87219242637608,-14.5998754880624,-16.0032858894862,-7.82201130360538,-9.46888415441159,-11.3209924849443,-8.40585917044419
30-Jan-2025 21:26:08,145,3,0.000183294512680732,0.330022956927617,0.0342048726975918,0.0595883071422577,-0.0103724115217725,-0.00708812071631352,0.998144014676412,-7.60773132308834,-19.7323080879201,-8.11938485275215,-22.5622509761248,-19.8565717789725,-11.9315226072107,-12.7877683088232,-13.7919849698886,-10.0992183408884
30-Jan-2025 21:26:39,145,4,-8.89244463299595e-05,0.334519805510839,0.0301215561727683,0.0914401824275653,-0.0118732944751779,-0.00510670052220424,0.995726712544759,-8.22409698463248,-21.0484621318802,-8.50407727912821,-30.9558764641872,-22.5098576684588,-14.9347839108161,-16.8566524632347,-15.1379774548329,-11.4363275113325
30-Jan-2025 21:27:10,145,5,-0.00129125486128032,0.338325695196788,0.0270212425539891,0.123697630067666,-0.0141586593662699,-0.000902195744371663,0.992218561967214,-7.94983764617663,-22.4583661758402,-10.4075197055043,-39.2651269522496,-24.638143557945,-17.3849202144215,-20.6255366176463,-16.4464699397772,-12.0703116817767
30-Jan-2025 21:27:44,145,6,-0.00163018752355129,0.342666476964951,0.0247465811669827,0.159623629848162,-0.0158072133858999,0.00262675792910159,0.987047914663951,-7.75526580772079,-26.6151452198003,-11.8703371318803,-47.6821899403119,-27.5539294474313,-19.1834940180268,-24.4694207720579,-18.7112124247215,-12.7277333522209
30-Jan-2025 21:28:18,145,7,-0.00355326935338477,0.346696056922277,0.0220881720383962,0.194101730982463,-0.0186889372766018,0.0024689389547954,0.980800290902456,-7.22553771926495,-31.0203617637604,-12.8878420582563,-56.0781591783743,-30.7134653369176,-20.9562865716322,-27.1508049264695,-19.6540799096658,-13.771873772665
30-Jan-2025 21:28:50,145,8,0.00105226353431741,0.349282838900884,0.0258027891318003,0.190901076793671,-0.0155149231975277,0.00322577742238839,0.981481381257375,-9.76067548042247,-32.5191059420953,-12.75538692489,-58.7879083360489,-29.7561391005429,-19.009858730911,-30.6066977091879,-24.2865950127995,-16.7602103516981
30-Jan-2025 21:29:23,145,9,0.00538727759073178,0.352180459101995,0.026931785295407,0.189211490750313,-0.0115939647580187,0.00464258330563704,0.981856958071391,-12.84952417908,-32.2424594954302,-14.7241036665236,-61.1173840562234,-32.0472503641681,-17.1694855776899,-33.8469654919063,-28.6636413659333,-20.0327266182312
30-Jan-2025 21:29:58,145,10,0.00880956823627154,0.355169328053792,0.0276845661302408,0.18371841609478,-0.00855935271829367,-0.00243003452196717,0.982938667138418,-16.8902283464875,-32.8781177362651,-15.4934063456573,-63.181723057648,-33.1125803777933,-18.3071397682187,-35.9294207746247,-33.662953344067,-23.0723327285143
30-Jan-2025 21:30:35,145,11,0.0121243564411998,0.358404024442037,0.0294697439918915,0.177311033010483,-0.00622337767854333,0.000823380646761507,0.984134888648987,-20.50686024827,-34.41992832085,-17.3130019935409,-65.1134936996975,-34.6150197664186,-19.1338076306225,-39.8329698073431,-39.1233981347008,-25.6954837606724
30-Jan-2025 21:31:14,145,12,0.0137725715835889,0.361494402090708,0.0312441874295473,0.165616897741954,-0.004784021495531,-0.00931543832023938,0.986134588718414,-26.16145601724,-35.2898150773099,-18.3827441257995,-67.5039801620596,-36.786013842544,-20.2549823289638,-41.6470657150615,-43.8394093315845,-28.8604072537679
30-Jan-2025 21:31:53,145,13,0.0116002632305026,0.362839476267497,0.03136322448651,0.16211435397466,-0.00379929752089083,-0.0278837218880653,0.986370650927226,-29.7762728201268,-37.3474920919272,-19.0063350442073,-69.9430422695142,-37.5346595189136,-21.3119970313727,-40.4121608015588,-47.1777935377013,-27.9604113382379
30-Jan-2025 21:32:30,145,14,0.0101045535256465,0.36359427968661,0.0315182603895664,0.151655655105909,-0.00217813860314588,-0.0486540891230106,0.987232812245687,-33.1880805898104,-37.6246881495134,-19.5174625837088,-70.659283332047,-38.7129438671582,-22.217638442766,-38.354892606806,-49.1675693453806,-27.2333585379423
30-Jan-2025 21:33:07,145,15,0.00676857214421034,0.364333419005076,0.0311188886562983,0.140693552295367,-0.00171900934074074,-0.0661735708514849,0.987837779521942,-37.1733838428925,-39.1116437285841,-20.4223584337571,-71.1141138721188,-40.7810475513404,-23.9475932086515,-36.5614427714282,-48.9080409538411,-26.5927772952638
30-Jan-2025 21:33:44,145,16,0.00207068816137811,0.365028254191081,0.0292869754135609,0.133928231398265,-0.000238154974067584,-0.0862790430585543,0.987228004137675,-39.7954348376738,-40.453479068397,-21.5991384390789,-71.8132391509602,-44.4190609034913,-26.3147046517831,-34.074902115738,-48.1238604626922,-26.3704318313939
30-Jan-2025 21:34:22,145,17,-0.00164956633622448,0.366078068812688,0.0268044636895259,0.122191287577152,0.00217763145143787,-0.0999787951509158,0.987455733617147,-42.8608597033047,-41.497754288581,-21.5618605220374,-72.4845117991863,-47.8670290896266,-29.3753944335377,-32.9668160498915,-46.7773539217387,-25.7572042569284
30-Jan-2025 21:34:59,145,18,-0.00665698250134786,0.367125672101974,0.0231622107326984,0.105953653653463,0.00592556251212955,-0.119183712204297,0.987184906005859,-47.1229715043604,-42.4682494489505,-22.3425536438143,-72.1668581321048,-52.4199746927541,-32.8578733846038,-31.2729572789669,-43.9496843558829,-25.023535627165
30-Jan-2025 21:35:39,145,19,-0.0103731082131465,0.368176031112671,0.0189806144684553,0.0967402343948682,0.0108875863874952,-0.136573912700017,0.985834892590841,-52.4334267731285,-43.6268545794129,-22.8572322850004,-72.9297413073696,-60.9754090043776,-35.5012469203257,-29.4362121555032,-41.2814332775759,-25.9546464697526
30-Jan-2025 21:36:15,145,20,-0.0122993726283312,0.36682391166687,0.0144606625661254,0.091114438076814,0.00847508062918981,-0.112770915528138,0.989398352305094,-47.693281367648,-41.4498918527016,-22.0854948802969,-68.3597845027051,-63.5360846361939,-37.3634688468635,-31.0269856235037,-38.1001319129272,-24.8331698989734
30-Jan-2025 21:36:51,145,21,-0.0141538040091594,0.365937022368113,0.0102000130961339,0.0989496732751528,0.00315378693242868,-0.0824085811773936,0.991669241587321,-42.8777218290956,-41.4949566185135,-21.4347538554457,-66.0099619086271,-65.9723824451341,-39.2784144195652,-34.1570375033694,-35.8586851701658,-24.1278881962821
30-Jan-2025 21:37:25,145,22,-0.013017097239693,0.364207049210866,0.00506453095003963,0.0926231399178505,-0.00448048037166397,-0.0346330458919207,0.995088668664296,-38.2494552240073,-38.9010351305868,-20.4695110205207,-60.5702064198424,-69.0964913426364,-41.0697218153489,-39.1067285891677,-34.462165738348,-22.6557039276346
30-Jan-2025 21:37:59,145,23,-0.00746211266765992,0.366153472661972,0.00526901269331574,0.0891458769639333,-0.00401417169099053,-0.0284421068926652,0.995604348182678,-39.4412602874748,-38.965461295872,-20.8187217486074,-61.4180828878622,-71.4708571926165,-41.3601699047801,-41.9699238955133,-38.3529886549805,-25.7527918005064
30-Jan-2025 21:38:34,145,24,-0.00205101535345117,0.368804758787155,0.00571511241917809,0.089551458756129,-0.00885543879121542,-0.00428070596729716,0.995933651924133,-39.8548885843083,-39.4576408977227,-22.7393070241756,-62.5059761322053,-74.054675814737,-41.7697084499818,-47.950529003342,-46.3550433993489,-29.1831540318892
30-Jan-2025 21:39:09,145,25,0.00219907100933293,0.371093380451202,0.00760776313642661,0.0980021834373474,-0.0124246295541525,0.0140145778035124,0.995009958744049,-39.8044284978248,-41.6636972178562,-24.1705795734846,-64.6888777647101,-76.2182208229278,-42.0137922230687,-53.0148390119122,-50.4127140575852,-32.4051534425275
30-Jan-2025 21:39:46,145,26,0.00906732548028231,0.374344362815221,0.0105640137568116,0.104430481294791,-0.0150213240335385,0.0388665792842706,0.993658939997355,-40.1219242196829,-43.751691897131,-25.882195759664,-67.7192835912956,-76.3716290241538,-42.7001486100982,-62.3460014708532,-55.9481926727555,-37.0979714427935
30-Jan-2025 21:40:20,145,27,0.0165180284529924,0.376750961939494,0.0112236241499583,0.104252475500107,-0.0143181114147107,0.0491272124151389,0.993233605225881,-40.9983978457116,-43.9056557559765,-25.6339837642786,-69.7484415149216,-77.2449688218973,-43.3076413040991,-66.0105901549796,-61.5475752663928,-40.0511987378734
30-Jan-2025 21:40:54,145,28,0.0234017877529065,0.378983855247498,0.0126561736067136,0.104297832151254,-0.0136252192780375,0.0630392541488012,0.99245274066925,-41.4043604238258,-45.1926042046074,-26.4308576781108,-70.7519754870678,-77.8032744178996,-43.2007021515856,-70.3668919516988,-68.1539098492636,-45.8846306803602
30-Jan-2025 21:41:29,145,29,0.0310054158171018,0.381996381282806,0.0141983801499009,0.109253244598707,-0.0135071314871311,0.0888206740220388,0.989945578575134,-40.9750674779826,-47.3460449481309,-27.2252745465518,-72.5926974834741,-78.4290629130313,-42.961547075815,-75.8940503047143,-74.0637204267512,-49.8581649465505
30-Jan-2025 21:42:03,145,30,0.0385351335008939,0.385140683253606,0.0143626202518741,0.116231142481168,-0.0108232558394472,0.107215872903665,0.987359090646108,-41.0281467701608,-47.0077318391009,-26.4434628922971,-74.4770134920104,-78.4135928577277,-42.9562840384157,-81.1816369358779,-80.4502690015471,-53.2767503745925
30-Jan-2025 21:42:37,145,31,0.0454007923603058,0.388542870680491,0.0192578448603551,0.106546198825041,-0.0107441587373614,0.128629829486211,0.985893960793813,-42.3724121813496,-50.673541803794,-28.3985369766947,-75.4831265066118,-78.2274935272064,-43.1429670202022,-86.3494377061156,-86.3251865749972,-56.9428613835604
30-Jan-2025 21:43:12,145,32,0.0493458005289237,0.389258396625519,0.0269362376381954,0.0819258948167165,-0.0123611205567916,0.158116608858109,0.983938276767731,-43.7802202968651,-50.6834652738148,-27.8472851114981,-71.5630238372487,-70.4618156037431,-40.6951962307615,-92.3407720722586,-88.2277291091571,-56.4036606105293
30-Jan-2025 21:43:47,145,33,0.0524458065629005,0.390821156899134,0.0340838236113389,0.0603077394266923,-0.0118936345602075,0.179423667987188,0.981849638621012,-45.5108249421332,-51.0194195122665,-27.4552546809645,-68.548370419402,-64.5659803614754,-38.4079119461173,-97.9646599731701,-89.7773638929806,-55.7013412327296
30-Jan-2025 21:44:23,145,34,0.0549042922755082,0.391896843910217,0.0427187914649646,0.0312636225173871,-0.0110553337881962,0.20865458548069,0.97742706934611,-47.3278278522776,-53.6183891349335,-28.0428349677625,-62.3114416273133,-58.7050664598055,-37.2508709138712,-103.179824641466,-91.8255448016358,-52.8174625525456
30-Jan-2025 21:44:58,145,35,0.0569167012969653,0.392654077212016,0.0474902048707008,-0.000713914729810009,-0.0151566854988535,0.239269608259201,0.970834632714589,-49.1130298948602,-53.6738664497083,-28.2202206132262,-56.6383751481038,-54.4366132284344,-36.1339515078242,-108.565627693454,-90.972998772707,-51.7678042211695
30-Jan-2025 21:45:35,145,36,0.0560843502481778,0.394848489761353,0.0485136024653912,-0.032237633317709,-0.0238528160999219,0.268061618010203,0.962566753228505,-52.6823315036619,-54.5575976105369,-27.8175089380228,-52.5222398253338,-54.4893903322128,-36.0870929148768,-115.161749937288,-88.2950892749861,-49.9852560641974
30-Jan-2025 21:46:11,145,37,0.0548557894925276,0.395780245463053,0.0485760179658731,-0.0545485424498717,-0.0301349169264237,0.296177746852239,0.953097633520762,-53.6936828955731,-54.1304556943924,-27.3497486024858,-49.1095700807835,-55.2777826035658,-35.6002647284792,-121.163031777045,-86.0544980428692,-47.5362629944272
30-Jan-2025 21:46:47,145,38,0.0628028174241384,0.393932763735453,0.0479593512912591,-0.0409714420636495,-0.0293084231515725,0.319013587633769,0.946410445372264,-46.3608670102726,-51.283435172919,-26.2107986966766,-45.7566400042702,-52.4338414218725,-34.6369370202553,-121.127525430652,-87.8960534753496,-48.0918470274715
30-Jan-2025 21:47:24,145,39,0.0681119546294212,0.391840746005376,0.0475979976356029,-0.0325336039066315,-0.0293439616759618,0.3302656630675,0.942870692412059,-40.1885635707495,-49.2711963822025,-24.493086625784,-42.2045763223119,-50.7113040320729,-33.9011169136689,-118.58080898324,-90.8219384742309,-48.6683198323162
30-Jan-2025 21:47:58,145,40,0.0787546927730242,0.392776342233022,0.0458158736427625,-0.0395408446590106,-0.0437567333380381,0.341876540581385,0.937892492612203,-37.9715163541151,-26.7513484568643,-14.1609934723498,-39.527945837631,-47.7494685382201,-33.8040506079012,-121.003487485319,-93.5399882563128,-51.9552370230611
30-Jan-2025 21:48:20,145,41,0.0783331612745921,0.390945917367935,0.0483066705365976,-0.0405115604400635,-0.0402278587222099,0.348477057615916,0.935576979319255,-25.732097248925,-12.6526959642152,-6.87170977764477,-33.0140319515888,-42.7429839923408,-27.0513612025429,-118.035863462142,-88.654120429995,-47.5973764067562
30-Jan-2025 21:49:19,145,42,0.0753919790188471,0.392711112896601,0.0486188851296902,-0.0344329925874869,-0.0351673190792402,0.33157065709432,0.942145725091298,-39.0064921994569,-48.1396411879113,-23.1538308123041,-40.931476364866,-47.6641749204482,-33.9958602473892,-119.723088176339,-95.0412937994773,-49.5421268869264
30-Jan-2025 21:50:07,145,43,0.0797870392600695,0.394033288955688,0.0461271025240421,-0.0414312819639842,-0.0460272923111916,0.328657877445221,0.942416568597158,-40.4377941778503,-46.2443852697797,-8.62165421164594,-40.7645999278028,-49.6742035855488,-35.1889535173379,-120.362737259221,-97.6899877668596,-52.688182915334
30-Jan-2025 21:51:05,145,44,0.0791054273645083,0.395070550839106,0.0476051770150661,-0.0388393476605415,-0.0419078049560388,0.321903916200002,0.945046619574229,-41.8725496701744,-48.5330287807343,-23.4573287933287,-41.8055630655695,-50.5286511191462,-35.6813438998378,-120.328598526447,-100.719442033192,-52.8348917178604
30-Jan-2025 21:51:39,145,45,0.0896057466665904,0.396373069286346,0.0487097156544526,-0.0333738865951697,-0.0461869989832242,0.32896089553833,0.942622784773509,-28.7131249375538,-19.8880694351359,-9.61067580796305,-41.6273731565056,-47.2296772044882,-32.7195905246894,-120.593162971036,-103.702565551623,-57.0225945860859
30-Jan-2025 21:52:02,145,46,0.0864467134078344,0.394573561350505,0.0497784150143464,-0.0403174070020517,-0.0469435095787048,0.329258380333583,0.942209986845652,-26.429563583416,-6.87658494680939,-2.88098561818263,-28.1386431411493,-37.9418080069545,-23.9201614276789,-116.339280461711,-99.5058791447907,-52.5104606478411
30-Jan-2025 21:53:05,145,47,0.0831035022934278,0.395368574062983,0.0487631085018317,-0.0415218733251095,-0.0467098737756411,0.30895007054011,0.949022666613261,-42.1839339185193,-46.5318378871196,-22.4347768261946,-41.8196430726465,-48.6844911679827,-35.0768944697372,-117.926174475428,-103.794287775328,-55.4984083063611
30-Jan-2025 21:53:36,145,48,0.0932783335447311,0.397258033355077,0.051007104665041,-0.0482374288141727,-0.0570798523724079,0.318856956561406,0.944852034250895,-40.9322700982436,-22.2954595417468,-10.9553087331032,-31.8105079775708,-35.3924505082921,-23.28670858133,-119.508456750667,-107.000243924549,-59.6113967632635
30-Jan-2025 21:54:37,145,49,0.0876763835549355,0.398893807331721,0.0501271377007167,-0.0455452407399813,-0.0532377816736698,0.299833532174428,0.951415387789408,-45.9525892002781,-50.3382655535338,-23.2592109894597,-44.4563053692085,-50.2830479382419,-36.2480632276899,-119.288433156667,-109.739973833112,-61.1369056193571
30-Jan-2025 21:55:32,145,50,0.0852531264225642,0.400842819611231,0.0521665113667647,-0.0539440544943015,-0.0539764136075973,0.282143215338389,0.956332496802012,-51.5588997634678,-52.8456637439002,-25.3297984205404,-46.9045690042031,-51.5899644130121,-37.8101881414335,-119.292256628047,-112.171590621347,-62.8686746750463
30-Jan-2025 21:56:11,145,51,0.0886747757593791,0.403186408678691,0.0512044675648212,-0.0762647385398547,-0.0720315272609393,0.265912278493245,0.95827233393987,-57.5332060572351,-29.0103580235554,-14.1837284389833,-46.129065760876,-52.5550404101927,-22.7226981888691,-118.958003632117,-115.049150849417,-64.8535738305334
30-Jan-2025 21:56:49,145,52,0.0876695111393929,0.405103109280268,0.0559456393122673,-0.104591248929501,-0.083893442650636,0.24294297794501,0.960729563236237,-64.5165102162912,-18.2537003478557,-9.17932975110717,-43.891679078388,-30.8491961685779,-14.3854008031505,-118.154712402533,-117.474682797405,-65.7650380359193
30-Jan-2025 21:58:01,145,53,0.0757801120479902,0.405993030468623,0.0565359162787596,-0.112651896973451,-0.0789903784791628,0.214956546823184,0.966883556048075,-73.2793133079916,-57.6113666944792,-29.9707667100713,-48.6483506763198,-54.9578918075662,-40.7731997008549,-117.266902056121,-114.349200605351,-66.8897847662547
30-Jan-2025 21:58:25,145,54,0.0729624763131142,0.406095093488693,0.0602181839446227,-0.149523963530858,-0.0917768960197767,0.195649452010791,0.964852742354075,-80.3068658660143,-34.6511950522631,-18.360121492456,-24.5770514144606,-27.9488573868551,-20.9985467402706,-112.886832151295,-113.098211343278,-62.0461727590649
30-Jan-2025 21:59:41,145,55,0.0696364824970563,0.409567350149155,0.0601805701851845,-0.154064778486888,-0.0899187281727791,0.162558124462763,0.970439875125885,-88.641793157198,-63.2571044156285,-31.6484351865505,-49.9917667227073,-56.5309579362956,-42.4926678505424,-114.710632467263,-119.084468546194,-65.6933813831124
30-Jan-2025 22:00:07,145,56,0.0743572781483332,0.409420591592789,0.0624891211589177,-0.172498968243599,-0.10337487111489,0.151499497890472,0.967783896128337,-90.4747669610088,-45.439875944633,-23.2711958718967,-26.4252337796688,-29.4787317042547,-22.3942855669353,-112.031813408923,-122.616240973039,-60.9125030224672
30-Jan-2025 22:01:11,145,57,0.0678907155990601,0.409027389685313,0.0627951080600421,-0.166692544023196,-0.0933788180351257,0.13070317308108,0.97283642689387,-93.0095844481098,-63.6891677250329,-32.4061962851702,-48.5302044791572,-55.3992892147525,-41.8630968010425,-109.366461905781,-121.882325016131,-62.9043298196313
30-Jan-2025 22:02:00,145,58,0.0664801160494486,0.408129547039668,0.0632814884185791,-0.171457480390867,-0.0946259458859762,0.10567079136769,0.974926670392354,-95.520323776856,-63.7467196311303,-32.2223165624075,-48.6209269999086,-55.756238596519,-41.2155047940066,-106.032844180238,-121.340564867347,-63.7075091957001
30-Jan-2025 22:02:48,145,59,0.0628392095367114,0.4081363260746,0.0645448421438535,-0.177117679516474,-0.0931903228163719,0.0833616852760315,0.976215012868245,-98.5440240264248,-64.0834016000766,-33.7539967716268,-49.7045254312915,-55.7813839139197,-40.8597111663992,-103.565093343495,-120.744882622625,-63.6913648612212
30-Jan-2025 22:03:39,145,60,0.0570395571490129,0.407209006945292,0.0690695519248645,-0.183405345678329,-0.0838173141082128,0.0665551900863647,0.977193752924601,-101.224204736405,-65.2346486004474,-38.6184569468369,-50.0095618179901,-55.8656271991375,-39.5248167285058,-100.930275951152,-119.072239329934,-63.5655586714685
30-Jan-2025 22:04:16,145,61,0.0553287260234356,0.405901753902435,0.0764259974161784,-0.195237721999486,-0.0833196545640627,0.0528569042682648,0.975779835383097,-102.75762567659,-66.7931781165304,-40.5743071050426,-47.1503171823464,-31.9044194682631,-23.0003718854695,-97.5369252810081,-117.536115513259,-62.2599215540789
30-Jan-2025 22:04:45,145,62,0.0464250634113948,0.405014489094416,0.082078651090463,-0.202270889282227,-0.0787312969565392,0.0299016493062178,0.975701681772868,-104.767666731879,-70.9553488904696,-43.700852254746,-29.5089320355315,-20.0704862293434,-14.9311518398618,-90.3893079719646,-117.193251434591,-56.9893689728709
30-Jan-2025 22:05:42,145,63,0.0377345835169156,0.404742020368576,0.082512137790521,-0.197825176517169,-0.0731047024329503,0.00579219724362095,0.977490365505219,-107.616017844719,-77.8443402933367,-51.6127449001982,-50.9014766331314,-54.7251902364015,-38.3145441929684,-89.9895573434711,-113.997017224927,-59.0363586597535
30-Jan-2025 22:06:21,145,64,0.0314546381433805,0.404774336020152,0.0925006950894992,-0.210944466789563,-0.0678241203228633,0.000458027387503535,0.975142129262288,-109.683523986335,-83.9967420106679,-55.8423112935248,-32.8609861029384,-32.3742128664475,-23.3492427454323,-88.1637400552525,-112.674097949765,-54.9921194806817
30-Jan-2025 22:07:05,145,65,0.02561339661479,0.405556003252665,0.0900053525964419,-0.209970568617185,-0.0703565453489621,-0.0310838347921769,0.974677475293477,-114.386503816571,-86.4539876070437,-55.2413419871328,-52.0280278556278,-54.8859754623669,-15.3039427902017,-84.9120036569787,-110.268348525241,-55.8415801257636
30-Jan-2025 22:07:35,145,66,0.0161865079154571,0.405148512125015,0.0956951449314753,-0.235063770413399,-0.0754082689682643,-0.0563492988546689,0.967410612106323,-119.531772404001,-88.7270857820355,-51.1697911177095,-42.4368108263692,-31.3838177140328,-10.7964693848105,-78.7162505937736,-100.755927834342,-51.8307335543569
30-Jan-2025 22:08:27,145,67,0.0093408285950621,0.407969631751378,0.0933167184392611,-0.237315212686857,-0.0735315998395284,-0.0829637308915456,0.965086325009664,-125.573185370029,-95.0331102463353,-57.8129494667704,-53.9414644061363,-54.3246997935729,-40.2329092543388,-79.5234891981029,-101.865171510256,-54.6897333747059
30-Jan-2025 22:09:10,145,68,0.00725825736299157,0.410164974133174,0.097583728035291,-0.25308277408282,-0.0767663260300954,-0.0961733534932137,0.959586767355601,-130.187670525355,-97.055597855289,-60.8134624250735,-54.1690532904166,-54.8871017870498,-39.3913057613271,-79.7822236361994,-101.535247369576,-55.4336563909327
30-Jan-2025 22:09:53,145,69,0.000304697960382327,0.411839067935944,0.0998585229118665,-0.257254705826441,-0.0783646538853645,-0.128549123803775,0.954543960094452,-135.51369177533,-100.68631703657,-62.8926526879976,-56.7831098269533,-56.110263737495,-40.3606805870453,-76.6917059911794,-100.9357393206,-53.8450410050984
30-Jan-2025 22:10:35,145,70,-0.00486237521593769,0.414745797713598,0.102787428597609,-0.260810687144597,-0.0797724410891533,-0.150810916225115,0.950194831689199,-141.045481072629,-103.396152004014,-65.4861816032323,-59.6904001896183,-57.3638056664243,-40.6605445721284,-75.3765623046013,-99.6764393174746,-51.9901564182336
30-Jan-2025 22:11:16,145,71,-0.0117495932305853,0.416883047421773,0.102772953609626,-0.254437281688054,-0.0813180193305016,-0.189383692542712,0.944871882597605,-146.530154393591,-106.32054486454,-67.4368798446222,-64.3193074653474,-59.0075375845958,-41.450653136894,-72.3241055972441,-97.4122433372754,-50.9021372308536
30-Jan-2025 22:11:59,145,72,-0.00910613952825467,0.416058681408564,0.102773691217105,-0.272057022651037,-0.0755848939220111,-0.159786129991213,0.945907127857208,-144.413357077747,-109.352009522485,-64.9288975892452,-59.7586896681783,-57.4997486445536,-42.2629144798001,-75.0267891640383,-95.989707443179,-49.8824431952523
30-Jan-2025 22:12:44,145,73,-0.0104930820564429,0.415003673235575,0.103462118903796,-0.259576006730398,-0.059227121869723,-0.125667569041252,0.955677843093872,-139.434780767817,-112.8121136537,-66.2352076654071,-59.3034760992752,-56.5020072018218,-42.2977369676269,-78.1576444756378,-94.0159475548141,-48.6044655095223
30-Jan-2025 22:13:31,145,74,-0.00934515700985988,0.412787868579229,0.10249487310648,-0.253496899207433,-0.0456551437576612,-0.0857645327846209,0.962444504102071,-132.725314960846,-109.81153752155,-65.9986639073383,-56.9259646445051,-55.9092895077454,-41.3438400279138,-81.7275856596399,-91.8415756693149,-47.2723459987279
30-Jan-2025 22:14:21,145,75,-0.0102072975908717,0.411608848969142,0.100736315051715,-0.239137011766434,-0.0251420754939318,-0.0455198064446449,0.969592336813609,-126.200404405354,-115.730621257718,-65.7406932321542,-55.6873042468015,-56.2690836879966,-43.045583374431,-87.3170697798433,-89.9418977852486,-46.0631555754012
30-Jan-2025 22:15:10,145,76,-0.00737838596105576,0.409477518002192,0.0996871118744214,-0.221332907676697,-0.0126348933205009,-0.00922200207908948,0.975072868665059,-119.392771475601,-111.184534928045,-65.9970090984125,-54.0430693776312,-55.1551338054116,-41.2751468640632,-90.9913253681473,-88.1795669018987,-45.2904296958084
30-Jan-2025 22:15:58,145,77,-0.00306450265149275,0.405981548627218,0.0975085159142812,-0.196746256947517,0.00146529045887291,0.0375789259870847,0.97973294655482,-107.943777358717,-108.980863565451,-66.210468235392,-51.8210472727275,-54.5793118914085,-39.4936204252529,-94.6079666905016,-86.560909518907,-44.3609360880826
30-Jan-2025 22:16:23,145,78,0.000256263941992074,0.403388684988022,0.0983600437641144,-0.179557583729426,0.023169469460845,0.0870027959346771,0.979618688424428,-98.4491026482691,-107.273399686397,-59.6524990077321,-34.6101315499573,-25.4725539616953,-19.2565490222211,-98.4958008798811,-85.3890888860944,-39.6780586162903
30-Jan-2025 22:17:19,145,79,0.000672426916814099,0.402520034710566,0.0904570053021113,-0.156682949264844,0.0318342439830303,0.116785118480523,0.980203219254812,-94.8815876410381,-106.789039549113,-56.7588155977525,-48.7547690182535,-52.675328024129,-41.7667051370792,-102.519231502773,-83.0906866283714,-41.2184892124647
30-Jan-2025 22:17:45,145,80,-0.000787487955919156,0.401332038640976,0.0960762525598208,-0.144156923890114,0.0512512450416883,0.158588298161825,0.975418762365977,-84.7526524854158,-106.391231282713,-54.947275096613,-27.8021830820833,-23.2828680826343,-19.6504750108815,-106.235460342422,-73.4789935581933,-36.9455738426225
30-Jan-2025 22:18:30,145,81,0.00420291343082984,0.399865128596624,0.0934252098202705,-0.102164913713932,0.0661541740099589,0.203782631953557,0.971420939763387,-76.3680072555979,-106.711698951756,-57.3518060498936,-46.2259854436798,-47.3427911391771,-8.52105176415624,-111.298088290448,-73.7856550817874,-39.140985489772
30-Jan-2025 22:19:21,145,82,-0.0018470807466656,0.401372134685516,0.0933948377768199,-0.109692187110583,0.0696364969015121,0.196843789021174,0.97178750038147,-79.9635761302862,-114.335541496952,-59.7976418795887,-47.3382416319401,-49.6902140493527,-39.2393368294635,-111.95309658238,-71.967279305141,-39.6896040418426
30-Jan-2025 22:20:06,145,83,-0.00576525156696637,0.40230522553126,0.0935391287008921,-0.128740647435188,0.0657133589188258,0.180728816986084,0.972853895028432,-85.9077174864254,-109.463953026009,-60.6724955728887,-47.3070948946418,-51.113232709037,-38.8043236146387,-110.657204651407,-70.0034921769377,-39.1553043481611
30-Jan-2025 22:20:45,145,84,-0.00812613430122535,0.400705258051554,0.0949640269080798,-0.116508614520232,0.0704631229241689,0.184591498970985,0.973337904612223,-82.9761450832903,-114.169649046995,-63.0118581979913,-46.7792466945645,-50.2740492434756,-37.6426612597478,-109.21086260898,-65.941999372956,-37.9295455316035
30-Jan-2025 22:21:23,145,85,-0.0143499151493112,0.400373872121175,0.0991866673032443,-0.112717038889726,0.0750151480237643,0.17515612244606,0.975186129411062,-81.1567158005179,-117.363987313947,-64.4334752889951,-45.9280477630976,-49.5787647152914,-37.392674334824,-106.939295510828,-62.331653731085,-37.633057153608
30-Jan-2025 22:22:01,145,86,-0.0195065077394247,0.400071787834167,0.0985832020640373,-0.118826201558113,0.0734335829814275,0.159124076366425,0.977326667308807,-83.7183580779269,-118.152646703882,-64.8712196129496,-46.040173465936,-51.580429655796,-37.8235251248837,-104.480115884812,-59.4718816702694,-36.3762039948934
30-Jan-2025 22:22:35,145,87,-0.0225908866773049,0.398900727430979,0.0966235965490341,-0.10890835771958,0.0688245673974355,0.146146484216054,0.980838108062744,-82.6955361354266,-117.663466655308,-65.0420275533793,-48.208961485927,-52.3055693306452,-37.9947947724353,-101.477129994865,-57.4373963999815,-34.5641684458194
30-Jan-2025 22:23:11,145,88,-0.0271825378139814,0.399616944789886,0.0950499614079793,-0.113324677944183,0.0630372921625773,0.120106854041417,0.984255158901215,-85.5804820829716,-118.785366887479,-65.3793673020468,-50.5810806644943,-53.1424463726665,-39.1612738487327,-98.7272409729515,-55.5905545249575,-33.8245417015656
30-Jan-2025 22:23:45,145,89,-0.0297909665852785,0.399880588054657,0.0897157674034437,-0.10642774750789,0.0533307870229085,0.0998915284872055,0.987851548194885,-86.5943119755393,-118.537807260023,-63.6999729548331,-53.5048654223498,-55.310192098274,-39.8503576394031,-96.4039003850555,-53.1625343475654,-33.6961193597219
30-Jan-2025 22:24:17,145,90,-0.0309944838285446,0.398617390791575,0.0817954008777936,-0.0825239131848017,0.0400614306330681,0.0864898756146431,0.992020392417908,-84.7975838406184,-116.780517702754,-63.1122115596788,-57.9794829698493,-60.0183721656745,-40.67574378726,-93.468834014168,-51.4939250189892,-34.4732992190833
30-Jan-2025 22:24:52,145,91,-0.0335728990534941,0.400566097100576,0.0769654050469399,-0.0646952678759893,0.0285102594643831,0.0621427888671557,0.995560133457184,-86.1705766919531,-116.893363180578,-63.5202666405542,-65.4045169121709,-65.9217694039716,-42.3942811137101,-91.5029047517848,-51.405021114821,-35.1782801790471
30-Jan-2025 22:25:25,145,92,-0.035746672252814,0.400556210676829,0.0663921743631363,-0.0504591020445029,0.0158384427428246,0.0449132693310579,0.997590041160583,-86.9534300364157,-114.491276175948,-62.4762299594444,-69.8047590519034,-74.4477752277169,-44.7843940294568,-89.1965440436537,-49.8559699228568,-35.9971616893123
30-Jan-2025 22:26:01,145,93,-0.0383316464722157,0.402061724662781,0.0585617351035277,-0.0238956522196531,0.00498452335596085,0.0247524997840325,0.99939558506012,-86.8412136274421,-114.356722930092,-62.3561473973421,-77.1176052903415,-80.5350853441863,-48.0352947398518,-87.1699676126487,-49.9768450869945,-35.5979934747281
30-Jan-2025 22:26:35,145,94,-0.0430184091130892,0.402653408050537,0.0513634512821833,-0.00588487846155961,-0.000688323514380803,-0.000156168303722855,0.999982452392578,-87.4064623417505,-114.605936563623,-61.8730418947435,-81.2367535781323,-86.0780476070178,-51.791589347571,-82.5832833202067,-49.6576834291833,-35.7148003977192
30-Jan-2025 22:27:11,145,95,-0.0460772318144639,0.404312650362651,0.0412355946997801,0.0084603530044357,-0.00227957046590745,-0.0183095945666234,0.999794002374013,-88.2354436177,-114.672033636846,-59.1834249218968,-85.1090528905996,-92.0988359430303,-57.0005809039522,-80.1665450970462,-49.3435033603976,-35.864594889498
30-Jan-2025 22:27:46,145,96,-0.0499056396385034,0.404819516340892,0.0326531298458576,0.0334922472635905,-0.0084299943720301,-0.0366554240385691,0.998731013139089,-85.3712911744699,-113.221572429917,-58.165552213926,-89.4579277154049,-99.1835373156333,-61.8859209346645,-77.5597799085266,-48.2068140861246,-36.0308831656706
30-Jan-2025 22:28:22,145,97,-0.0511499526600043,0.406746544440587,0.0217525750398636,0.0534615961213907,-0.00723324917877714,-0.0564920631547769,0.996944455305735,-86.58557187165,-111.537832082911,-56.8585516383931,-94.9450902963794,-105.675195206532,-67.1344352025422,-75.3080012373272,-48.983870209108,-36.3554183340401
30-Jan-2025 22:28:59,145,98,-0.0537218786776066,0.409373158216476,0.0126730332151055,0.0720609053969383,-0.00338439329837759,-0.0846250578761101,0.993797977765401,-88.2640691390353,-109.512452165866,-56.3069871290793,-99.6513967554385,-112.320331356577,-72.2645365890028,-73.0087158247881,-49.5177990307196,-36.5340769485081
30-Jan-2025 22:29:35,145,99,-0.057527265449365,0.411244189739227,0.00513044083490968,0.0970507934689522,-0.00258156379374365,-0.102823991576831,0.989950386683146,-85.9746746915231,-108.816252463802,-55.8331406528749,-104.86727515354,-118.667206636197,-75.5354315347547,-71.210677041579,-49.2551642016454,-36.6397972860253
30-Jan-2025 22:30:13,145,100,-0.061614399154981,0.413743857542674,-0.00249394765123725,0.122283629576365,-0.00390485784349342,-0.114091599484285,0.98590802748998,-84.7763343865623,-107.959642869229,-56.5231531932252,-110.562939521162,-125.239951480604,-78.6267232601523,-69.063261573035,-48.7442475472283,-36.6340484850671
30-Jan-2025 22:31:44,223,1,0.00151304956525564,0.320806813240051,0.0419771090149879,0.00480653463552395,-0.00784810092300177,-0.0026874216273427,0.999954080581665,-5.55000000000001,-14.9249999999999,-4.57500000000001,-5.10000000000001,-11.925,-4.80000000000001,-5.02500000000001,-7.35000000000001,-5.17500000000001
30-Jan-2025 22:32:17,223,2,0.00033964045966665,0.327828935782115,0.0452961395184199,-0.032399333268404,-0.00393365314230323,-0.0181982945650816,0.999301624298096,-17.8031472228139,-18.6038647850541,-8.11743836476782,-8.05833890605318,-15.6050794188486,-6.20554765130926,-10.5746513017084,-10.927664284419,-8.72308646350091
30-Jan-2025 22:32:49,223,3,0.000650030518105875,0.331889476378759,0.0486562184989452,-0.0497263640165329,-0.00365988466267784,-0.0418937715391318,0.997877184549967,-28.3312944456278,-21.5139795701082,-10.4411267295356,-10.6041778121063,-15.7414088376973,-7.61109530261849,-11.1180526034167,-14.542828568838,-11.6524229270018
30-Jan-2025 22:33:24,223,4,0.000331772832820813,0.336494394143422,0.0492425831655661,-0.0805199791987737,-0.00338426611075799,-0.0451950656871001,0.995722146828969,-36.7969416684416,-24.4897193551623,-11.9304400943034,-11.6687667181595,-20.105863256546,-9.3166429539277,-16.133328905125,-17.4267428532569,-13.7473843905027
30-Jan-2025 22:33:59,223,5,-0.00013558689582472,0.33969594836235,0.0530446606377761,-0.102458862960339,-0.00588407233978311,-0.0646547997991244,0.992616418997447,-43.5563388912555,-29.5232716402165,-13.0775659590712,-12.9677306242127,-20.5843801753947,-10.1221906052369,-16.5595427068334,-20.4700321376759,-15.2751583540036
30-Jan-2025 22:34:34,223,6,-0.000713673742332806,0.342564064264297,0.0557558886706829,-0.129962674776713,-0.0082371711730957,-0.088289545973142,0.987545871734619,-52.1626111140694,-30.0357301752707,-14.578598073839,-13.5588820302658,-21.8199283442434,-11.2277382565461,-16.4912252585417,-23.9680089220949,-16.4443385675044
30-Jan-2025 22:35:09,223,7,0.000752742472104728,0.346602912743886,0.055349159737428,-0.157175930341085,-0.0120237218836943,-0.10079823633035,0.982339497407277,-60.8673208368833,-32.0376418353248,-12.0565833136069,-14.396127186319,-22.9089921380922,-13.5332859078553,-18.5756421852501,-26.6433294565139,-17.6592219060053
30-Jan-2025 22:35:46,223,8,-0.000966961732289443,0.350263164440791,0.0597650237381458,-0.185057022174199,-0.0161118037998676,-0.126543009281158,0.974413259824117,-69.5462493096971,-34.259280057879,-14.8730451158747,-15.2064192173722,-24.3748137444412,-14.4888335591645,-18.2114262994584,-30.0323218659328,-18.8969568070062
30-Jan-2025 22:36:26,223,9,-0.0029441534075886,0.353863432010015,0.0633597518006961,-0.212297523021698,-0.0193429550776879,-0.145567713181178,0.966108520825704,-78.287287157511,-38.0907815616831,-16.8337451993925,-15.4782346859253,-26.3290142570402,-16.1943812104737,-19.0228940074168,-35.6531502128518,-19.9961174892571
30-Jan-2025 22:37:06,223,10,-0.00287174816864232,0.358376067876816,0.065851117670536,-0.238236075639725,-0.0239318153510491,-0.16459774573644,0.956858638922373,-87.3593796928249,-40.1022147061123,-18.8915644235353,-16.6058118732285,-27.2524042227642,-17.3749288617829,-20.8722035122502,-39.1648965285207,-21.475991062133
30-Jan-2025 22:37:43,223,11,-0.00898154390354951,0.358983302116394,0.0650336732467016,-0.240923452377319,-0.0157528858631849,-0.169216418266296,0.955548814932505,-89.1129279927823,-41.1212847540063,-19.8460374122921,-17.6646915296784,-28.6102883470932,-17.6571829121948,-20.6002826408639,-33.4931975883631,-18.7210292638952
30-Jan-2025 22:38:17,223,12,-0.015814063946406,0.359841076533,0.0644363497694333,-0.243665987253189,-0.00565670312692722,-0.174842081467311,0.953952403863271,-90.9492399646147,-42.9228377120566,-20.8622901862051,-18.5250116158158,-30.1979698347033,-17.6956869626067,-20.2128222186964,-27.256728140393,-16.3987456883137
30-Jan-2025 22:38:52,223,13,-0.0191412083804607,0.360818562904994,0.0644421989719073,-0.244906461238861,-0.00189323843612025,-0.180538135766983,0.95258766412735,-93.1269337723845,-42.340632125185,-23.7094328526963,-19.511051916797,-32.050550003954,-17.7623160130185,-19.9175920211382,-25.6878734385166,-14.6678012240603
30-Jan-2025 22:39:27,223,14,-0.0209577889492114,0.36191347638766,0.0659643645087878,-0.246399193008741,-0.000894425623118877,-0.184475791454315,0.951449092229207,-94.7253184981232,-45.5915472658524,-24.0970204654765,-20.3349523252,-32.0855795140251,-18.7430075634303,-20.1934769358848,-25.2528261096871,-15.332526315471
30-Jan-2025 22:40:04,223,15,-0.022073891138037,0.363194634517034,0.0681693866848946,-0.252775323390961,-0.00119533942391475,-0.190348296364148,0.948615169525146,-97.3090486828462,-48.1340227702894,-25.0548305514013,-21.152782787314,-31.8868336945065,-19.8807303638422,-20.2299194067837,-25.6096824673809,-15.7700861847136
30-Jan-2025 22:40:40,223,16,-0.0246724185844262,0.364579556385676,0.0684581870834033,-0.257646930217743,0.00145063467013339,-0.194329203168551,0.946494646867116,-99.2604515970613,-50.3972784566111,-26.4477518738983,-21.6675782762834,-34.571200210193,-21.021968789254,-20.6716406557587,-26.1374906683366,-15.7940634428723
30-Jan-2025 22:41:17,223,17,-0.0270816262811422,0.365576454003652,0.0674483835697174,-0.253536681334178,0.00613320249443253,-0.187662652134895,0.948927970727285,-99.3206908760226,-52.8209242338752,-27.9832288146815,-22.7808562786806,-37.7221228934821,-22.9149650271659,-21.9910012937718,-25.1007747909232,-16.211249395489
30-Jan-2025 22:41:57,223,18,-0.0289002874245246,0.36759614944458,0.0654576937357585,-0.257615929841995,0.0113573833679159,-0.186247917016347,0.948059487342835,-101.360348337357,-54.7997650566106,-29.5899835646077,-23.8933755377917,-41.8563236605724,-25.1088401713277,-24.124181626304,-26.2067968743255,-16.8250396953347
30-Jan-2025 22:42:33,223,19,-0.0278979999323686,0.370089081923167,0.0685620670517286,-0.257551870743434,0.00933259023974339,-0.182368398706118,0.948852856953939,-103.226325521999,-58.7606730031202,-32.2830127895594,-26.0803852160449,-43.5569249383469,-25.5264362729409,-26.4088160310379,-29.3045818429239,-18.5082298911237
30-Jan-2025 22:43:09,223,20,-0.0301034267991781,0.373368440071742,0.072510501742363,-0.256476110219955,0.00926793987552325,-0.180680387218793,0.949467619260152,-105.662157252234,-63.7728797109977,-35.1438614667968,-28.4172052084766,-44.8283457370717,-26.6942521011166,-29.8344053594017,-31.0630513017261,-19.49057117372
30-Jan-2025 22:43:45,223,21,-0.0304503542681535,0.37730282942454,0.0758845378955205,-0.267172189553579,0.0109769542391102,-0.171525984009107,0.948196915785472,-110.332916255266,-70.2857357995591,-37.8636198701772,-30.3039303579975,-46.0351762962716,-28.1621777925734,-35.3304721495802,-33.8768630056301,-20.5724879997199
30-Jan-2025 22:44:20,223,22,-0.0320217244327068,0.379438223441442,0.0791005715727806,-0.25600551366806,0.0155051648616791,-0.143661058942477,0.955814997355143,-105.921138894696,-77.4739165784624,-41.337833136629,-32.2656080860631,-47.5097117357092,-29.780158415671,-41.1117776706662,-33.918345832085,-21.9291925974216
30-Jan-2025 22:44:56,223,23,-0.0326805412769318,0.382736951112747,0.0825843214988708,-0.256000145276388,0.0201398433496555,-0.129773194591204,0.957714625199636,-110.543093352325,-83.1247597025367,-45.1142738346164,-34.5647621034009,-47.6930996152655,-31.7731665045888,-45.835702557206,-36.9986642198154,-22.6732910809743
30-Jan-2025 22:45:32,223,24,-0.0341269808510939,0.386654831965764,0.0881966099143028,-0.261623563369115,0.0261193905025721,-0.114574134349823,0.957989414532979,-113.006913719054,-89.5069339991965,-50.2418282483718,-36.1326542653749,-48.2809137148813,-32.9036883264168,-51.1559371264725,-39.3484003881835,-23.7110865074523
30-Jan-2025 22:46:08,223,25,-0.0353121054669221,0.390665737787882,0.0905384649833043,-0.252807080745697,0.0299042119334141,-0.102183288832506,0.961640743414561,-114.991667040332,-95.879773882149,-53.4199395200111,-39.059915499667,-51.2459409245266,-34.7279670146998,-56.9243265371026,-41.1078454468705,-25.6457304053931
30-Jan-2025 22:46:44,223,26,-0.0373312182724476,0.394687626759211,0.0946028739213944,-0.25114594300588,0.0367120464642843,-0.0875886415441831,0.963278885682424,-117.036886838886,-102.697946558248,-56.7483292205923,-41.4668612701181,-51.8745746891869,-36.3741241362104,-62.3917933684143,-43.322144950717,-26.5287985390653
30-Jan-2025 22:47:22,223,27,-0.0421441743771235,0.398343408107758,0.0973404164115588,-0.265226888656616,0.0431642919778824,-0.0939894696076711,0.958622737725576,-122.309740665383,-104.952785221645,-61.6545670718995,-42.2324490845883,-54.4055988782048,-37.3247231886524,-63.9484004047125,-44.220963086069,-26.1103336359587
30-Jan-2025 22:48:00,223,28,-0.0448989160358906,0.402044641971588,0.10114582379659,-0.284251844882965,0.0456228658556938,-0.108759863177935,0.951467712720235,-128.6102111112,-107.468957083328,-65.7358745304422,-43.6929580330982,-55.5650247059763,-37.5557918494014,-64.7547767961811,-45.908494832711,-26.553974791785
30-Jan-2025 22:48:41,223,29,-0.0464697922269503,0.40593559940656,0.100013788044453,-0.302492127815882,0.0481577716767788,-0.128082930048307,0.943278376261393,-136.324489866675,-109.665795544155,-66.1797167926027,-45.8759275486279,-57.3886513531247,-40.2770953143037,-65.1110378652349,-47.8403833849979,-27.0536689770777
30-Jan-2025 22:49:21,223,30,-0.0485690765082836,0.409087353944778,0.101229319473108,-0.316224934657415,0.0449898434182008,-0.155962174137433,0.934694353739421,-143.320672776981,-110.802967304554,-68.254826456572,-48.7201273476676,-58.6443784099615,-41.2435161812828,-64.1172412730813,-50.0444503401073,-27.7313896771036
30-Jan-2025 22:50:00,223,31,-0.0510290309786797,0.412731176614761,0.102265606323878,-0.33625795841217,0.0460038637121518,-0.176931084195773,0.923855853080749,-151.307807764701,-111.260305714738,-69.9455698214458,-50.3199422884623,-60.5161556716426,-42.0824957493003,-63.7984158503241,-51.6346064966279,-27.5231236344961
30-Jan-2025 22:50:42,223,32,-0.0494214477638404,0.41197894414266,0.102951983114084,-0.325346859296163,0.0488869793713093,-0.155233715971311,0.931483785311381,-147.683488044811,-114.626749327792,-69.5449146816004,-49.5815748520768,-59.8469326543871,-42.1845156829978,-66.2729388094331,-51.8238528673423,-28.0511607331562
30-Jan-2025 22:51:18,223,33,-0.0454578613241514,0.409212003151576,0.10550395945708,-0.317905247211456,0.0477782631913821,-0.130891639987628,0.93782776594162,-139.281906344275,-111.523234603292,-69.8356679669812,-45.7571112011301,-55.9567221883428,-30.7421752919551,-67.9412045608912,-50.2846215384094,-27.982701146158
30-Jan-2025 22:52:02,223,34,-0.0451832634707292,0.408935278654099,0.101505840818087,-0.295118441184362,0.0528342706461747,-0.114585710565249,0.947092274824778,-137.566693653415,-118.459740710016,-63.5721254649751,-48.1895994429027,-56.8310179979039,-41.2776547385419,-69.6563417085238,-49.8311513596528,-28.7409932163306
30-Jan-2025 22:52:49,223,35,-0.0459148873885473,0.408607337872187,0.100829122463862,-0.279070802529653,0.0573598638176918,-0.0992589776714643,0.953402876853943,-133.644665467394,-120.891257232351,-64.9814350692754,-48.725563631035,-57.9875669452679,-42.4770441039437,-71.6949145542438,-49.6955617559846,-29.0876611150887
30-Jan-2025 22:53:12,223,36,-0.0452797008057435,0.405824325482051,0.106637788315614,-0.277585864067078,0.0652817820509275,-0.0633634010950724,0.956383546193441,-123.369229533792,-115.220278962492,-60.702170726729,-33.7632657923473,-37.2352424615333,-26.5583884287531,-73.3702052490073,-40.1939124398606,-23.4535169281395
30-Jan-2025 22:54:03,223,37,-0.0434929539759954,0.404284656047821,0.101760545372963,-0.245605821410815,0.0682390714685122,-0.0366016571720441,0.966272016366323,-120.2670897264,-123.198053296536,-64.4536194107593,-44.6518369402493,-54.8034812622495,-40.480710233266,-77.7138548682926,-37.8592332675087,-29.2289666983365
30-Jan-2025 22:54:33,223,38,-0.0400137029588222,0.402476340532303,0.108318485319614,-0.236382282773654,0.0732302044828733,-0.00508987363427877,0.968883283933004,-110.551597982112,-116.700203932532,-67.7204246080778,-27.6658425814465,-30.5570017051908,-23.123520777631,-80.4666839498389,-46.6830391670428,-25.1842134471068
30-Jan-2025 22:55:21,223,39,-0.0396397995452086,0.402410360177358,0.102240175505479,-0.219996339082718,0.0668702239791552,-0.013450854147474,0.973113107681274,-112.488915940586,-114.221636391437,-69.5083341278195,-45.2099506597753,-55.127135598536,-39.3859412363795,-78.3990296817327,-49.4767691968882,-28.7970787121602
30-Jan-2025 22:56:05,223,40,-0.038018061965704,0.404354711373647,0.105248992641767,-0.218950365980466,0.0619391173124313,-0.0261412284026543,0.973417139053345,-115.435395914835,-125.524162925829,-68.4375827758833,-48.2854173614281,-29.8310899024368,-41.2284838800911,-79.9836702791916,-52.8476204947052,-32.1673932218569
30-Jan-2025 22:56:53,223,41,-0.03466981574893,0.404538941383362,0.108293586969376,-0.226548921068509,0.0505197460452716,-0.0423501066863537,0.971766352653503,-118.211456896973,-119.942236497965,-69.9875009881082,-48.3265633747427,-54.9019544116164,-22.961087616284,-76.1944583094332,-59.5820324265079,-35.7164323538752
30-Jan-2025 22:57:32,223,42,-0.032050309330225,0.406914679209391,0.108208214243253,-0.234977308909098,0.0355469666421413,-0.072126992046833,0.968669096628825,-123.227308383055,-125.943083588974,-70.5977539824135,-51.8005490438883,-28.1312740234344,-40.6887218987178,-74.2183200560661,-63.6482246753035,-39.3548337970544
30-Jan-2025 22:58:20,223,43,-0.0302088609586159,0.408174343903859,0.111785172422727,-0.235755252838135,0.020923114195466,-0.0933428357044856,0.967092974980672,-125.538055121109,-128.810317439418,-71.8631743677591,-53.4659545409493,-55.5398211865728,-40.6388714542721,-72.6237186608947,-68.7053070825955,-42.5129163958139
30-Jan-2025 22:59:04,223,44,-0.0289565617839495,0.410436091820399,0.11441721568505,-0.234618153174718,0.00439000135908524,-0.119025826950868,0.964763156572978,-129.421249485149,-130.71074466958,-72.7811784486249,-56.4020699519681,-56.0379821253709,-41.6002786463865,-70.3198856948211,-74.6328345691358,-45.0558395723637
30-Jan-2025 22:59:52,223,45,-0.0261009613672892,0.413183961311976,0.115499891340733,-0.231793250640233,-0.0162172996749481,-0.143474640448888,0.961989585558573,-133.940667662181,-133.477768589602,-73.2254743772507,-59.7485403199657,-56.8059499519988,-42.542314656781,-68.7114369432963,-80.7705845953001,-50.2161830378085
30-Jan-2025 23:00:39,223,46,-0.0231695798536142,0.412749379873276,0.107635606328646,-0.225305258234342,-0.0257903741051753,-0.159570880730947,0.960785937309265,-135.586087766302,-128.211289069658,-69.4359328290925,-62.0526258641185,-57.1479961403711,-42.6431700270133,-66.7905864503511,-82.8695724632781,-46.6747174254847
30-Jan-2025 23:01:25,223,47,-0.0229353170841932,0.411181362469991,0.0994327728947004,-0.214668585856756,-0.0286222772051891,-0.173561363418897,0.960715707143148,-135.328063823671,-123.08645872218,-66.4279642428743,-64.7218001475161,-57.7449940507008,-43.3391826018155,-64.4060820110431,-80.5211159661621,-43.9376068853847
30-Jan-2025 23:02:07,223,48,-0.0242783941328526,0.409504274527232,0.0931821778416634,-0.19838815232118,-0.0307136002928019,-0.185998575886091,0.961822950839996,-133.818317857664,-117.432452960934,-63.3607821376261,-67.5735188005359,-57.3444678220091,-42.7577737789027,-61.7147505985537,-76.3239372864992,-41.3776738813966
30-Jan-2025 23:02:49,223,49,-0.0253796238452196,0.408121848106384,0.08221548696359,-0.183916289607684,-0.0287062779068947,-0.203007730841637,0.961321298281352,-134.007710879969,-108.513859492804,-57.7139932728629,-71.791509638367,-58.9201795238067,-41.6876542571324,-59.6200056994736,-70.4523975155628,-39.0563296454644
30-Jan-2025 23:03:27,223,50,-0.0247914669414361,0.405784265200297,0.0752724309762319,-0.169335578878721,-0.0260161952426036,-0.216285945971807,0.961181060473124,-132.271673396431,-100.887972171232,-54.2274010283422,-76.0176365686036,-58.784010190849,-40.0731793859332,-56.0985540570982,-64.5686771989896,-37.1542797935602
30-Jan-2025 23:04:06,223,51,-0.0253986300279697,0.404870518048604,0.0657770425081253,-0.15923238992691,-0.0199196271598339,-0.231203215320905,0.959579773743947,-131.74792065997,-92.0334379229387,-50.5459070939428,-78.897831545043,-62.2169003405138,-38.6365268400196,-53.9637490430751,-59.4288666095981,-35.31187713367
30-Jan-2025 23:04:43,223,52,-0.0250756610184908,0.4035602470239,0.0561363977690538,-0.138667239745458,-0.0137586691727241,-0.246380356947581,0.959103159109751,-130.180310297048,-83.1645802112854,-46.841962314604,-82.6050605445838,-62.2593202314896,-38.188785456749,-50.9472673432282,-56.2360108837974,-32.9742980697868
30-Jan-2025 23:05:22,223,53,-0.0230038587003946,0.403566360473633,0.0511335991322994,-0.122968384126822,-0.0117505560318629,-0.261847873528798,0.957171050707499,-129.515771120896,-77.6635607679518,-43.8767921127955,-86.2008065556753,-62.631504993121,-37.4854996547998,-48.6899473004694,-55.741632589792,-32.189130803907
30-Jan-2025 23:06:02,223,54,-0.0225899019589027,0.403589880466461,0.0460891375939051,-0.100100481510162,-0.00886152057598035,-0.272335038582484,0.956940448284149,-128.402767538128,-75.4964604587781,-40.8310091997521,-90.0408110725422,-63.3935721900802,-37.2544416435113,-46.8872080862546,-55.1714930116843,-32.330169437029
30-Jan-2025 23:06:44,223,55,-0.0232229457547267,0.40406375726064,0.0436093928913275,-0.0847414314746857,-0.00618075861906012,-0.283312004804611,0.955256525675456,-127.890531752053,-74.3213197166842,-39.9949199310913,-93.7779448422968,-63.3755806047033,-37.4844975275533,-45.0867592863118,-55.0134727915255,-32.6343110196518
30-Jan-2025 23:07:28,223,56,-0.0263456866145134,0.40494380791982,0.0429147432247798,-0.0621674048403899,-0.00544663226852814,-0.295662099123001,0.953252069155375,-126.628679864324,-76.0421587581303,-40.2636774846218,-98.0636432384951,-63.7925596281583,-37.7201103592604,-43.662455693505,-54.2365122503412,-32.5700040770251
30-Jan-2025 23:08:10,223,57,-0.0223467333863179,0.404665861527125,0.0414114363491535,-0.0526266321539879,-0.00629953859994809,-0.280860131978989,0.958284080028534,-124.326640545015,-74.8142876317961,-40.2720894130458,-98.783866141857,-63.791868021719,-37.9390046912181,-45.607460658758,-55.7462605803071,-32.8676433811783
30-Jan-2025 23:08:50,223,58,-0.0192168451845646,0.402983452876409,0.0396276560922464,-0.0349320041636626,-0.00674664098769426,-0.256613105535507,0.965859206517537,-119.437197200292,-72.660411451347,-39.5067130470176,-98.2537302018298,-63.4874190674878,-37.2967882600922,-47.909001925795,-55.4887738300167,-32.4731705540191
30-Jan-2025 23:09:27,223,59,-0.017077619706591,0.401584462324778,0.0396605879068375,-0.0266325843830903,-0.00882688922186693,-0.233562106887499,0.97193702061971,-115.279051842863,-71.9185327438404,-38.7294425337634,-96.873414840108,-61.6810914393607,-37.8740164474243,-50.163811343724,-54.9476695395981,-32.1826416612036
30-Jan-2025 23:10:04,223,60,-0.0153846708436807,0.400013426939646,0.0358568002780279,-0.0184522980203231,-0.00646575366457303,-0.206957610448201,0.978154544035594,-110.43655547908,-69.7076527728051,-38.0962249468961,-94.993009767539,-63.3238244742858,-38.8359669439856,-52.995254837099,-53.7397564791154,-31.3440847355601
30-Jan-2025 23:10:36,223,61,-0.0144488544513782,0.398740231990814,0.0316313708821932,-0.00776147277404865,-0.00376990499595801,-0.18408301671346,0.982872859636943,-105.62688361212,-51.7622721700052,-37.6100338232223,-93.3125598395464,-66.1660878407368,-40.8902785951614,-55.365015368197,-52.8734390336007,-30.9815137935026
30-Jan-2025 23:11:08,223,62,-0.0145370092863838,0.396989446878433,0.0268994292865197,0.00129375793815901,-0.00157540867415567,-0.15870202978452,0.98732442855835,-100.383623993573,-41.1746412513232,-37.7973559311452,-90.9070874838419,-70.0581163729508,-44.0907708236444,-57.3539344181565,-51.6529193955699,-31.156935843238
30-Jan-2025 23:11:41,223,63,-0.0136008632058899,0.39563090801239,0.0213831341514985,0.00969927528252204,0.00046323449156868,-0.126894873380661,0.991868670781453,-94.7735704992308,-35.5408851747001,-37.3464346548665,-87.9891039142816,-75.8250274880464,-47.1893533407811,-60.5774327275468,-51.3052986612812,-31.9763543888699
30-Jan-2025 23:12:22,223,64,-0.0129076570272446,0.394905622800191,0.0159241575747728,0.016209597264727,0.0020437163921694,-0.0945677205920219,0.995384418964386,-89.3551200669918,-59.5340665191066,-36.126391686487,-85.4148647377933,-82.3043798945826,-50.4619810022445,-64.4932206666524,-52.6691273788634,-32.81777118245
30-Jan-2025 23:12:59,223,65,-0.011763985765477,0.393720481793086,0.00842735891540845,0.0222053933888674,0.00327260770524542,-0.0791888117790222,0.996606953938802,-85.2324711658042,-56.9407165740278,-34.9717878720571,-83.6874977578411,-88.1649529468393,-56.2216312358714,-64.0301534206157,-54.7386808223811,-33.9701871000043
30-Jan-2025 23:13:35,223,66,-0.00672708076114456,0.392977672815323,0.0090470256904761,0.0393030141790708,-0.00132802609199037,-0.0515538886189461,0.997895685831706,-79.4314117650324,-56.4677997880677,-34.4793588366606,-83.4379312858329,-88.0501520450551,-52.7144064172574,-67.1064620400045,-56.423555812112,-35.8569379712962
30-Jan-2025 23:14:11,223,67,-0.00122730464984973,0.391303793589274,0.0106728342051307,0.0697604735692342,-0.00837061007817586,-0.0181829361865918,0.997362943490346,-71.2168027470234,-55.7982501797361,-34.1532895897515,-83.9625828629587,-86.205656304701,-49.8664372416843,-71.3755568631078,-58.1348619833267,-37.8214386235817
30-Jan-2025 23:14:47,223,68,0.00539960047851006,0.390698271989822,0.0119456950575113,0.0761903872092565,-0.0147609123339256,0.0225055277347565,0.996730009714762,-63.9704189203959,-54.8803841602188,-33.2354002370861,-82.0993434646515,-84.6963131450619,-48.0980958876316,-76.5410447880682,-61.5843837452834,-38.174814166364
30-Jan-2025 23:15:23,223,69,0.0114232414091627,0.390563434362411,0.0135636348898212,0.101894833147526,-0.021238699555397,0.0646126339832942,0.992467443148295,-57.4331476894591,-54.2133599351087,-32.3966008315425,-82.8671585786279,-82.5295462757804,-45.9695684443391,-82.0047292639572,-63.8780133026111,-39.2226271543946
30-Jan-2025 23:15:59,223,70,0.0188050375630458,0.390365574757258,0.0153098121285439,0.116245128711065,-0.0239529896527529,0.10492471208175,0.987372358640035,-51.1754327563676,-54.3467566072022,-30.9973463995599,-82.2505009487459,-79.8090675516776,-44.1859479564267,-86.4925120153106,-65.7436967576242,-40.2426588650495
30-Jan-2025 23:16:34,223,71,0.0245640286554893,0.38995615641276,0.0173045177012682,0.132924451430639,-0.022797375669082,0.139247046907743,0.981030933062236,-44.8324959721988,-53.8303637278975,-31.4928644543577,-81.6916069469349,-76.1367329001642,-42.3497809462044,-91.1673439043961,-68.3704071614801,-41.3987999370164
30-Jan-2025 23:17:07,223,72,0.0308023116240899,0.389613769451777,0.0211127024143934,0.139883268872897,-0.0187572441995144,0.170979382594426,0.975113801161448,-38.6719482624914,-54.0390760728937,-30.0107687525458,-80.2615947591593,-69.4384702849456,-40.4873406748271,-95.5607003623476,-71.4526310397573,-42.0979956896394
30-Jan-2025 23:17:41,223,73,0.0340055726468563,0.392045646905899,0.0255357754727205,0.138313067952792,-0.0133194591229161,0.169016121824582,0.975769273440043,-42.3309368558387,-56.4245797745444,-30.1734094191314,-82.7168417889635,-66.4509512320363,-39.7250414194037,-98.0582471103573,-74.0393512936333,-45.1335124762348
30-Jan-2025 23:18:15,223,74,0.0389367339511712,0.395404913028081,0.0308256982515256,0.135078900059064,-0.00771163847918312,0.171283421913783,0.97588742574056,-45.3980227178014,-57.7913597822704,-32.1291466465645,-85.0668092722765,-63.3819501882008,-39.4061738486916,-101.722925000584,-78.6149499161146,-50.8297929329942
30-Jan-2025 23:18:49,223,75,0.0428597129881382,0.398901204268138,0.0348421365022659,0.134160187840462,-0.002485592259715,0.16709705889225,0.976766848564148,-49.2191572140718,-59.8487779430341,-32.5064321544213,-88.3391369823439,-61.022208148902,-39.4590221203351,-104.621168461918,-84.1849877228985,-54.4814552248356
30-Jan-2025 23:19:25,223,76,0.0475503514210383,0.402474737167358,0.0357522880037626,0.136143064498901,0.000631930760573596,0.160800509651502,0.977551992734273,-52.367316027496,-61.0515151803166,-33.8194918024901,-91.8476448057885,-61.8670956118717,-39.9227283131565,-106.611194708807,-89.8022451218338,-57.485808434218
30-Jan-2025 23:20:03,223,77,0.0508369262019793,0.406559801101685,0.036818194637696,0.137885916233063,0.00329649400276442,0.15786890288194,0.977780171235402,-55.7039869994971,-63.7019119558585,-35.0004385206648,-96.2242426859218,-64.2392978259755,-40.9668634665667,-108.897112348472,-96.1181123168447,-60.6915071023709
30-Jan-2025 23:20:41,223,78,0.0542104296386242,0.410511444012324,0.0363061962028344,0.147128076354663,0.00828928382446368,0.142338673273722,0.97878718773524,-59.8849140507866,-63.92613850053,-35.9653287738925,-100.509885594399,-65.0501574156464,-42.0762131002713,-110.055975684526,-102.708284409893,-63.997878499909
30-Jan-2025 23:21:21,223,79,0.0565287843346596,0.414640704790751,0.0365520882109801,0.143300285935402,0.0100141121695439,0.125572635730108,0.981629427274068,-64.4879691417204,-64.5872799297664,-37.2721907946467,-104.825051017049,-68.2303456931009,-43.4431699741232,-111.476311868775,-108.985608951961,-67.6545862621398
30-Jan-2025 23:22:03,223,80,0.0595529374976953,0.418714759747187,0.0354315315683683,0.145693088571231,0.0132954764490326,0.114902061223984,0.982544831434886,-68.4770882524763,-66.7418788012852,-38.6750386991641,-109.154977696785,-72.4451983144471,-45.0139304680487,-112.87738447712,-115.481509718538,-71.0364622067169
30-Jan-2025 23:22:46,223,81,0.061902475108703,0.422416428724925,0.0377558725575606,0.144412838419278,0.0163868191341559,0.101036342481772,0.984209374586741,-73.0592393731433,-68.6682063939453,-40.8758795455631,-113.267285005064,-72.3023831077393,-46.0865927720111,-114.268825297515,-121.63669859737,-74.8059222424671
30-Jan-2025 23:23:25,223,82,0.0648444126049677,0.426574303706487,0.0384289619823297,0.141716162363688,0.016134729112188,0.0839094738165538,0.986212674776713,-77.3379064987657,-71.530398347176,-40.550716862903,-117.570782627614,-56.9307339870046,-47.1352059809918,-115.580450223933,-128.221531532329,-78.619174323804
30-Jan-2025 23:24:14,223,83,0.0695295423269272,0.428873880704244,0.0371844105422497,0.144938650727272,0.0208028115332127,0.111349406838417,0.982935090859731,-76.2310891159025,-70.7877327585104,-42.1061631881255,-117.898104314111,-76.1360572987989,-47.597494970756,-121.03735548561,-129.875534404759,-80.7865020161406
30-Jan-2025 23:25:00,223,84,0.074957911670208,0.43045842051506,0.0383452119926612,0.14636313021183,0.0259260376294454,0.150565933187803,0.977361551920573,-73.0609007342781,-73.1290332599875,-41.4176086310833,-116.398223579175,-75.2591721320866,-48.5412716867748,-128.199306773793,-132.611948291221,-81.8397777198739
30-Jan-2025 23:25:47,223,85,0.0806694780786832,0.432376211881638,0.0401671131451925,0.140581380327543,0.0305548653006554,0.193442715207736,0.970506687959035,-69.9840268532732,-73.4123168065357,-41.1820536329087,-113.384741633524,-74.7661827261208,-48.3757922659209,-135.83878107523,-134.764567684699,-82.9360274293056
30-Jan-2025 23:26:34,223,86,0.0861060708761215,0.434520981709162,0.043096662312746,0.127891197800636,0.0343386352062225,0.239017028609912,0.961943642298381,-66.653810222578,-73.9415918756197,-41.3229984141679,-109.914459082514,-73.0401412005283,-48.0306847766307,-143.717016883293,-137.225289831685,-83.4537641415864
30-Jan-2025 23:27:23,223,87,0.0910252307852109,0.437476583321889,0.0450217040876547,0.115909294287364,0.0335072758297126,0.2753060678641,0.953755132357279,-65.2969222170377,-73.8438627059714,-40.5271930851439,-107.115776228825,-71.7475736151224,-48.4957632531224,-151.414633444669,-139.540063355425,-86.7572443552917
30-Jan-2025 23:28:20,223,88,0.0969397698839505,0.440580763419469,0.0482077144086361,0.0943591266870499,0.028841857239604,0.314292464653651,0.944184712568919,-65.0016985240747,-74.857631416957,-39.1880127009785,-103.002893223797,-71.4967429998099,-49.6659347125051,-160.221940382701,-141.406862567541,-84.5535963197094
30-Jan-2025 23:29:10,223,89,0.0965830559531848,0.442780027786891,0.0503646306693554,0.0787526215116183,0.0280692978451649,0.349242824316025,0.933295031388601,-64.8623069874005,-76.4271490682597,-40.1271447892422,-99.7329101430996,-70.716780869544,-49.7636526633332,-168.459092509063,-142.674674623846,-83.8713841594833
30-Jan-2025 23:30:01,223,90,0.0991206596295039,0.446174236138662,0.0516700625419617,0.0514305415252845,0.0129991667345166,0.379082270463308,0.923841202259064,-66.6758315288706,-77.0745411897207,-38.9804331137206,-97.0343770245669,-70.4972529818015,-51.5751438598841,-176.036167229588,-145.817993102246,-84.3998899369352
30-Jan-2025 23:30:41,223,91,0.100166390836239,0.449439491828283,0.0536068263153235,0.0300637799004714,0.00181392785937836,0.408411737283071,0.912300801277161,-66.1658141094129,-60.0108705462609,-38.6657995563063,-93.7965688871167,-68.6079422153206,-40.8185216792959,-184.408203247195,-147.874064791692,-75.6337546832262
30-Jan-2025 23:31:35,223,92,0.0908621788024902,0.446998598178228,0.0496529258787632,0.0404226238528887,0.00246743342528741,0.397199986378352,0.916838109493256,-66.327260273965,-77.4554020377797,-38.7570182598271,-95.2559454521141,-68.3888755087881,-55.08835700296,-180.360195671884,-145.728406456144,-79.5741920418397
30-Jan-2025 23:32:22,223,93,0.0861216296752294,0.443526476621628,0.0460470760862033,0.0538403198122978,0.00161248014774173,0.383771495024363,0.921855779488881,-64.7078209482851,-75.3971678380685,-37.3312564928749,-97.2555032623821,-69.4773630825709,-54.6286639823393,-175.160928420844,-142.110936423358,-79.0909691426629
30-Jan-2025 23:33:14,223,94,0.0790315926074982,0.439613409837087,0.0438308879733086,0.0693766211469968,0.0100988067065676,0.362063153584798,0.929513422648112,-65.0479388774893,-75.2125507927421,-38.897004490686,-99.1501516952854,-72.0446277965114,-51.9042067895759,-169.311031331939,-138.807560541953,-76.0209161145911
30-Jan-2025 23:34:00,223,95,0.0737627307573954,0.436657158533732,0.0419673293828964,0.0891503537694613,0.0181639701128006,0.341035256783168,0.935637370745341,-64.0428354341354,-74.7647423246082,-39.3335073708788,-100.917345439506,-71.3762810805308,-51.4223675107415,-164.185819324102,-135.286231736238,-73.3824480220717
30-Jan-2025 23:34:42,223,96,0.0715153247117996,0.433463207880656,0.0396669636170069,0.111254979670048,0.0248596212516228,0.324821136395136,0.938879974683126,-61.1651213045026,-73.5853381450705,-39.1303876922624,-102.620811839386,-72.0151286495897,-49.9618371888716,-158.672949856798,-130.905926468368,-70.5847723973285
30-Jan-2025 23:35:28,223,97,0.0660643041133881,0.431260359287262,0.0365253813564777,0.120947604378064,0.0243359096348286,0.302815614144007,0.945030252138774,-62.0011018317303,-72.8651361098309,-39.2824567342415,-104.592414567095,-73.3075733611685,-50.2619613454839,-154.541251659762,-127.446132969421,-69.2074930064735
30-Jan-2025 23:36:11,223,98,0.0580214234689872,0.42809444864591,0.0318216490248839,0.131450123588244,0.0187853364894787,0.278834187984467,0.951114869117737,-61.6939296873882,-71.5495351467403,-39.1621201365184,-106.173085458719,-76.2768166440071,-50.0174127413374,-147.425139097858,-124.296595354935,-65.9904117325625
30-Jan-2025 23:36:54,223,99,0.055590682476759,0.425750994682312,0.0271814025938511,0.145463758707047,0.0159320720781883,0.257144890228907,0.95522928237915,-60.7401812072613,-70.6112347197243,-39.280580718944,-107.558290432301,-80.5344592124758,-50.3255277568114,-143.316819353522,-119.50218568268,-64.2534295171235
30-Jan-2025 23:37:37,223,100,0.0504547004898389,0.423739629983902,0.0216162872811159,0.157182697455088,0.00893992284933726,0.231792832414309,0.959940524895986,-60.6631445592419,-69.4115845607455,-39.5184398914441,-109.520762446861,-85.9613014237594,-51.6599745820957,-137.937396017969,-116.21033998154,-62.8814968309205
30-Jan-2025 23:39:08,356,1,0.000562326482031494,0.32050590912501,0.0416382799545924,0.0025149541751792,-0.00830913347502549,-0.0090542974571387,0.999921361605326,-5.70000000000001,-12.225,-5.10000000000001,-5.25000000000001,-11.55,-5.02500000000001,-5.02500000000001,-7.65000000000001,-5.25000000000001
30-Jan-2025 23:39:39,356,2,0.00424152677878737,0.325460296869278,0.0449530817568302,-0.0287353881945213,-0.00509265040357908,-0.000647150232301404,0.999573902289073,-13.2733113393656,-15.0604723731545,-7.59838610999478,-5.71662650286302,-13.4690189306164,-6.40891135836987,-11.1263106095634,-12.394441065575,-10.0716188052557
30-Jan-2025 23:40:11,356,3,0.00908005423843861,0.329306834936142,0.0508713610470295,-0.0530853127439817,-0.00600715205073357,0.0110109377031525,0.998511238892873,-18.5966226787312,-20.3896947463089,-8.52177221998954,-5.20825300572602,-12.8380378612328,-6.61157271673974,-16.9088712191268,-18.0013821311501,-13.6932376105114
30-Jan-2025 23:40:43,356,4,0.0154639882345994,0.332901360591253,0.0513106880088647,-0.0798777977625529,-0.0082245884463191,0.0373948427538077,0.996069073677063,-23.1699340180967,-20.2907921194634,-9.1076583299843,-3.53737950858903,-14.8320567918492,-8.17360907510957,-24.4820568286902,-24.5645731967251,-17.6898564157671
30-Jan-2025 23:41:16,356,5,0.020934800679485,0.335640013217926,0.0528290085494518,-0.102741432686647,-0.0130061443895102,0.044475793838501,0.993628180027008,-28.9432453574623,-22.8778269926179,-9.74979443997906,-2.18525601145202,-17.0885757224655,-10.1903329334794,-28.9755549382536,-30.0308892623001,-21.3489752210227
30-Jan-2025 23:41:53,356,6,0.0252712116887172,0.339306569099426,0.0547710433602333,-0.128219610452652,-0.0193015120923519,0.0439060807228088,0.990585442384084,-35.3915566968279,-24.4828306157725,-10.8700555499738,-1.14250751431502,-20.1513446530819,-11.3844005418492,-33.579209297817,-35.6237678278751,-24.9143440262784
30-Jan-2025 23:42:20,356,7,0.034576211621364,0.342974861462911,0.0566191253562768,-0.140637761354446,-0.0284882167975108,0.0599075965583324,0.987836309274038,-38.5023680361935,-16.2968186139271,-7.42937915996858,-0.629446517178005,-7.26723858369846,-4.9671400252191,-40.4129417823803,-41.4299276434502,-28.9578378315341
30-Jan-2025 23:43:03,356,8,0.0326194060345491,0.347997182607651,0.0560756849745909,-0.134063872694969,-0.0283743583907684,0.0478279151022434,0.98941109975179,-43.3194293755591,-30.6652987995815,-12.2832340199633,-8.03122927004092,-23.0096950143148,-14.9942154460889,-43.2617133294437,-47.0427280840252,-33.6153941367897
30-Jan-2025 23:43:26,356,9,0.0371375873684883,0.350648562113444,0.0585919578870138,-0.154570158322652,-0.036595489581426,0.0464246352513631,0.986211740970612,-47.8646157149246,-19.9360250789861,-8.4593545049581,2.80956610209602,-7.01543269493133,-5.2684588357088,-45.5430044077571,-52.1838488371002,-31.5299816920454
30-Jan-2025 23:44:17,356,10,0.0361425856749217,0.356634443998337,0.0574933802088102,-0.151054150859515,-0.0365783587098122,0.0426141306757927,0.986928955713908,-53.9988645542902,-34.4578744052655,-16.3466078024528,-13.0033494632668,-27.9528110005479,-18.7412862097035,-50.5405552516955,-59.0391297464252,-34.4730848723012
30-Jan-2025 23:44:42,356,11,0.0396843952437242,0.357209040721258,0.0595190445582072,-0.168048634131749,-0.0447710524002711,0.0385333684583505,0.984007342656453,-56.1350590631637,-23.7963385387915,-11.5884095460444,-7.48882229236781,-9.51554390164702,-6.9341261456756,-50.3435242439208,-61.1679567690167,-33.9046359315193
30-Jan-2025 23:45:31,356,12,0.0317329669992129,0.358432030677795,0.0580755104621251,-0.158021667599678,-0.0395995187262694,0.0181957284609477,0.986473512649536,-59.2685191970371,-36.435083434036,-16.245494492761,-15.2377228558437,-28.1361869589963,-19.5641120777412,-48.6505581775523,-60.9503238306706,-32.7183158969874
30-Jan-2025 23:46:11,356,13,0.0252483118325472,0.358977369467417,0.0581540261705716,-0.154346410433451,-0.0363950051367283,-0.00858459441612164,0.987308951218923,-62.9006121434105,-36.94896871014,-17.9602210410401,-18.7433372865071,-29.3607850944706,-19.1376710078538,-43.8846245818869,-59.4844609118558,-30.9980603155806
30-Jan-2025 23:46:52,356,14,0.0178443392117818,0.359623954693476,0.0558963817854722,-0.144152479370435,-0.0312637197474639,-0.0394053394595782,0.988276223341624,-65.732021496034,-37.7004241766736,-19.3287683901004,-22.8273086507643,-30.9623607690073,-19.6830164369898,-40.5072072215732,-56.6444830028066,-29.1608369607362
30-Jan-2025 23:47:33,356,15,0.00979576868315538,0.36072931488355,0.0544058337807655,-0.12923753062884,-0.0282299555838108,-0.0794975603620211,0.988018675645192,-68.4630890517824,-39.9206647384222,-19.9242261395513,-28.8504584818183,-32.8274252130754,-20.0392551156375,-35.6490479789352,-53.1174475986403,-26.8901297191731
30-Jan-2025 23:48:14,356,16,0.0025833096044759,0.362269790967305,0.0515296690165997,-0.118019010623296,-0.0244307169069846,-0.120833026866118,0.985329417387644,-73.7689857090934,-39.8752978477781,-20.0581390891976,-35.0931975462708,-35.724234041909,-20.3759404190412,-31.1005177951351,-49.0218834469153,-24.9276805342507
30-Jan-2025 23:48:55,356,17,-0.00415840301041802,0.363650675614675,0.0504612217346827,-0.0988537232081095,-0.0215304351101319,-0.155080314477285,0.982707754770915,-76.1622969171856,-42.7471272309377,-20.5612796389415,-41.9707312274224,-36.7369150631255,-20.8528490348227,-26.9318021407539,-45.1670549214111,-23.7943603776485
30-Jan-2025 23:49:37,356,18,-0.0111689477538069,0.365593840678533,0.0490025776127974,-0.0829542597134908,-0.0195232940216859,-0.189638390143712,0.978148639202118,-79.1993154006684,-44.9025547509992,-21.2490339887343,-49.3906622169237,-37.4825321805333,-21.6998693067932,-22.9529937510822,-39.0325942090172,-22.7756047352065
30-Jan-2025 23:50:20,356,19,-0.0173437284926573,0.36846919854482,0.0459986579914888,-0.0627991214394569,-0.0175243556499481,-0.21638674736023,0.974128313859304,-82.2581875218465,-46.0247813395117,-21.7290952385515,-56.7817918605998,-40.0446173460369,-21.9819454068582,-21.1691389937652,-33.7083174031786,-21.9641313498445
30-Jan-2025 23:51:00,356,20,-0.0172659426927567,0.36947762966156,0.0477682016789913,-0.0741456856330236,-0.0173082479586204,-0.203775796294212,0.976052423318227,-84.1183380086195,-45.6107215399363,-23.818886892906,-55.9414352084494,-41.5300840367678,-21.937543087242,-24.3341378909572,-33.658946815108,-20.8521261409497
30-Jan-2025 23:51:39,356,21,-0.0178486509869496,0.369861294825872,0.0510693569978078,-0.0802037929495176,-0.0174422492583593,-0.184839023152987,0.979335335890452,-83.6214519048163,-49.8133615074736,-26.7192552722666,-53.9688782198428,-40.8446677395226,-22.0519047246494,-27.2228751962378,-33.4746222036763,-20.6544414963248
30-Jan-2025 23:52:19,356,22,-0.0192096830656131,0.370300110181173,0.0556240320205688,-0.092018416027228,-0.0168919465194146,-0.168939391771952,0.981176245212555,-83.821047505725,-53.3243513585673,-31.0749120141302,-51.580221063008,-41.0988099482893,-22.5456483405687,-30.4984817055628,-33.2228205805639,-20.838917133835
30-Jan-2025 23:53:00,356,23,-0.0206403943399588,0.371921173731486,0.0608582675457001,-0.112616107861201,-0.0155185516923666,-0.159363149603208,0.980652968088786,-86.3938839589896,-58.3645161514392,-33.4582129372454,-48.5335138220591,-41.297731410062,-23.7540829457438,-33.36752281691,-33.9122804516113,-21.1394729124127
30-Jan-2025 23:53:40,356,24,-0.0235621448606253,0.371831071376801,0.0671742955843608,-0.112259468436241,-0.0135934195791682,-0.133335165182749,0.984598807493846,-84.0033408384323,-63.4942684152002,-37.7053359509863,-45.8327815390532,-40.6440424983376,-23.2948630455469,-36.6332812292682,-33.7223710697385,-20.7480687615241
30-Jan-2025 23:54:22,356,25,-0.0251918825010459,0.373157900571823,0.0718765139579773,-0.125021742781003,-0.0109708088139693,-0.11995848317941,0.984814318021139,-85.1311079309639,-70.7688144144057,-42.8843700100401,-43.7550367350188,-41.2140483998647,-24.551815892664,-39.422398292132,-34.4427770614056,-21.1356846459024
30-Jan-2025 23:55:04,356,26,-0.0282094890872637,0.373923621575038,0.0772071729103724,-0.139791343609492,-0.00535996065785488,-0.0992163678010305,0.985183147589366,-85.2430301300401,-77.4657572813334,-45.3793595917503,-40.5637856704701,-41.7959017080176,-25.541855113438,-42.7231946802486,-33.8933407398427,-21.7628105479142
30-Jan-2025 23:55:46,356,27,-0.0319388767083486,0.375006481011709,0.083557798465093,-0.149654938777288,0.00312464108380179,-0.075193660457929,0.985869983832041,-84.4720298823885,-84.1738985821223,-49.6823269347888,-37.9407814756643,-42.1586787194833,-26.3234375210406,-45.8298307309915,-33.3089832616649,-20.9346914587426
30-Jan-2025 23:56:29,356,28,-0.0346605904400349,0.376020634174347,0.0909956152240435,-0.160357028245926,0.0157547934601704,-0.0462983866532644,0.985846801598867,-83.034568411373,-91.3376390998418,-53.6142831584913,-35.30190071573,-42.0369175826055,-27.2257915220574,-49.4393866130477,-33.9071652051796,-21.3289498739795
30-Jan-2025 23:57:11,356,29,-0.0380781384805838,0.377539692322413,0.0972464799880981,-0.161215265591939,0.030107385913531,-0.0209822454800208,0.986236759026845,-80.5138763286756,-98.6541792260265,-57.210733822526,-32.6550816732313,-41.4478873715559,-28.8635313197813,-53.2254024107604,-33.8216168595407,-21.4343970414205
30-Jan-2025 23:57:53,356,30,-0.0367309704422951,0.378636844952901,0.0950296963254611,-0.148884980877241,0.0308038527766864,-0.0070256692978243,0.988349664211273,-79.2686987010292,-101.265678981617,-56.5374129584467,-34.8140588061421,-43.5405630989835,-29.9778355927739,-58.1613710940966,-34.0632477658693,-23.7686621223693
30-Jan-2025 23:58:32,356,31,-0.03236996854345,0.378825565179189,0.0908254101872444,-0.137356489896774,0.0280907111863295,0.00296113498819371,0.990118873119354,-77.9402134204623,-99.9778786393239,-54.8802157044504,-36.8960513684119,-43.4914215578684,-30.2259863149433,-61.303954756347,-35.1464460999094,-24.7182243913693
30-Jan-2025 23:59:12,356,32,-0.0288054823875427,0.379583257436752,0.0851073756814003,-0.126607420047124,0.0242809948821863,0.0074942900488774,0.991627399126689,-78.2200743134352,-97.4904282480889,-52.8810802554957,-39.6145516453611,-45.2213713824818,-30.8660602617011,-64.2248459080545,-36.8754281478053,-24.7504352543947
30-Jan-2025 23:59:50,356,33,-0.0235048174858093,0.379916071891785,0.0761868874231974,-0.115132081508636,0.0193697532018026,0.0164621671040853,0.993024905522664,-77.5791082931779,-93.278152832383,-49.5109757090617,-41.82630577965,-48.0658668899595,-32.227095820753,-67.0348908044905,-37.652302052629,-26.2739704144329
31-Jan-2025 00:00:27,356,34,-0.0201276243974765,0.381469754378001,0.0691666796803474,0.571929383277893,-0.0767852435509364,-0.813312669595083,0.0743189960718155,-77.9027288163056,-89.0284649044417,-46.6553866138881,-47.0096868426088,-50.0426352388693,-33.4236121859521,-70.0895125732908,-39.6781218859167,-26.6681677229775
31-Jan-2025 00:01:03,356,35,-0.0167391780763865,0.382021538416545,0.060640578965346,0.574819425741831,-0.065057077507178,-0.81171856323878,0.080394106109937,-77.6586426111258,-83.5600707203826,-44.1320552443447,-48.2038813699026,-54.4355400084952,-34.9878689542247,-73.1914227782732,-40.9784146834364,-27.1726961057753
31-Jan-2025 00:01:40,356,36,-0.012987793982029,0.385155369838079,0.0525963341196378,0.577719664573669,-0.0569341490666072,-0.810440949598948,0.0786381418506304,-80.2057030417921,-77.0323234082647,-41.9248527376164,-52.4284826293638,-59.2865129884792,-37.5609959240341,-76.9169772013467,-43.2659439630721,-28.1073900256997
31-Jan-2025 00:02:17,356,37,-0.00919125781704982,0.38680073817571,0.0410945472617944,0.582921508948008,-0.03548507442077,-0.808279351393382,0.0750190332531929,-79.1983367903817,-70.3498995321174,-39.4257146622956,-58.6932872549087,-64.5165200736421,-40.4135579946118,-80.4293537334657,-45.5970914837659,-28.3571667141874
31-Jan-2025 00:02:55,356,38,-0.0119160470863183,0.387877941131592,0.0377800203859806,0.585525878270467,-0.0477288790047169,-0.807870038350423,0.0471954668561618,-82.3505704886619,-68.6795582010804,-38.3345819212048,-61.7783619636364,-67.098831106876,-40.6214937682781,-76.6694898684474,-44.9426751746248,-27.8700610167384
31-Jan-2025 00:03:34,356,39,-0.0166608070333799,0.387426783641179,0.034442450106144,0.580788028240204,-0.0919484267632167,-0.808650434017181,0.0177556611597538,-87.8016975164228,-66.7080477290361,-37.9579652879658,-61.6609875138851,-70.2634006664047,-42.2867883171366,-69.5938315306905,-44.1866634257481,-27.9242260114302
31-Jan-2025 00:04:11,356,40,-0.0217601156483094,0.386278088887533,0.0322278040150801,0.574581507841746,-0.119319437940915,-0.809699551264445,-0.00237563018066188,-90.5772712089242,-65.3359526864881,-37.3386067086528,-60.6173884848943,-75.0690994890808,-43.330762253591,-61.4602759565643,-41.8798539570037,-27.1990263521925
31-Jan-2025 00:04:48,356,41,-0.0262553283323844,0.386050087213516,0.0297021354238192,0.567767651875814,-0.143734387556712,-0.80949901342392,-0.0411300296584765,-93.8900682337957,-65.0885653586882,-36.8228771563028,-63.2356771662837,-77.7703629433306,-44.8140758838435,-52.7977717642535,-41.1226456283254,-26.9841443659899
31-Jan-2025 00:05:26,356,42,-0.0308568852643172,0.386200354496638,0.0265000209212303,0.557057428359985,-0.172691095868746,-0.808229021231333,-0.0814290816585223,-97.8464769248524,-64.7285318882625,-36.4339621174342,-66.1099097028633,-80.5444087133672,-45.992059360995,-44.5457932628503,-39.7902378696802,-26.874421216305
31-Jan-2025 00:06:05,356,43,-0.0358229644596577,0.387242043018341,0.0239959007749955,0.543631287415822,-0.20102540353934,-0.809388701121012,-0.0945715695619583,-101.899691449002,-63.6371753465237,-36.1084543353064,-66.3371141670378,-83.6548456412972,-47.617377761596,-40.1740776069009,-38.0952303960514,-26.7422774848789
31-Jan-2025 00:06:42,356,44,-0.0358399185041587,0.391529323657354,0.0265671987086534,0.544398665428162,-0.207778888940811,-0.806697988510132,-0.0984702721238136,-107.137879393341,-65.8843374603302,-38.473227258161,-70.9827714663939,-85.6998801412551,-49.1310516014736,-43.435959564942,-42.0337928750434,-27.7628453486495
31-Jan-2025 00:07:19,356,45,-0.0364356234669685,0.395512455701828,0.0283227593948444,0.543705888589223,-0.214010394612948,-0.805091766516368,-0.102032859623432,-112.325268795953,-70.6861688063085,-40.4038519952009,-74.9291717476486,-87.8665124306864,-50.5315591722135,-46.2054072343465,-44.5692054252895,-29.3778080669849
31-Jan-2025 00:07:55,356,46,-0.0366753600537777,0.398777621984482,0.0315630679329236,0.5430446545283,-0.224967889984449,-0.804477695624034,-0.0854847903052966,-117.037258927702,-73.6153347683726,-42.5674026393333,-75.6759435198528,-90.0189436148544,-52.0254836083847,-50.8286377594327,-46.4030430111626,-30.3899682126027
31-Jan-2025 00:08:31,356,47,-0.0360886752605438,0.403368743260701,0.0321861649552981,0.540668408075968,-0.237831048170726,-0.803370861212413,-0.0755600810050964,-123.386549424019,-76.7331680384797,-44.472416237012,-78.0479010375317,-91.8642742463906,-54.0911164772714,-56.3787597123598,-49.1610931148492,-31.9257270718616
31-Jan-2025 00:09:06,356,48,-0.0365199411908785,0.407281219959259,0.0354929864406586,0.541582183043162,-0.243026158213615,-0.802250067392985,-0.0634186546007792,-128.00449010262,-80.3953349626082,-46.4731613114639,-80.107451427948,-94.4560546016111,-54.9426035625159,-62.0173273792073,-51.6312494774426,-33.1232852879411
31-Jan-2025 00:09:43,356,49,-0.035631054888169,0.411937220891317,0.0369314735134443,0.542645442485809,-0.242428551117579,-0.801890861988068,-0.0611176659663518,-133.331755872363,-83.9546687137475,-48.8967721243023,-84.7107982547329,-96.8960598186736,-55.7870177559394,-67.400117903015,-55.2324589694894,-35.5017431824309
31-Jan-2025 00:10:18,356,50,-0.035073243578275,0.415500269333522,0.0394758224487305,0.543948292732239,-0.244856672485669,-0.801289848486582,-0.0458265808721383,-138.263684187678,-87.9125858783921,-51.306815806334,-86.5360432997021,-99.3351774666572,-57.2278955034522,-72.8800198553028,-57.5241950262629,-36.5206509161259
31-Jan-2025 00:10:57,356,51,-0.0343800783157349,0.415784124533335,0.0450877020756404,0.55018470287323,-0.23205589056015,-0.801717098553975,-0.0263929990430673,-136.625535277369,-92.8842227009393,-53.7528987601744,-85.0695790155283,-99.2601907708454,-54.9457836100189,-77.8605975133669,-57.6172829817699,-37.5234367392455
31-Jan-2025 00:11:36,356,52,-0.0351502068340778,0.416119448343913,0.052753974745671,0.552782567342122,-0.224731937050819,-0.802428026994069,-0.00602271960427364,-135.526052003454,-96.868005376863,-56.6830899313131,-83.3210892859005,-96.5224821827637,-52.5877876051079,-81.927953028551,-56.5955025784585,-37.9238350221665
31-Jan-2025 00:12:14,356,53,-0.0333307839930057,0.415716942151388,0.0592900748054187,0.55560572942098,-0.213238872090975,-0.80353223880132,0.0129371939226985,-133.420901547735,-101.032860979475,-58.8053352111009,-81.2815868335458,-92.8284126485472,-50.9418495444581,-84.338697472295,-56.8912879957379,-38.173039534988
31-Jan-2025 00:12:51,356,54,-0.034250004341205,0.415243101119995,0.0697398528456688,0.553546245892843,-0.210114731391271,-0.804633553822835,0.0447571101288001,-131.862917501113,-105.738253045431,-63.5236075452133,-75.7215780198276,-85.4311626412633,-48.9769404559388,-86.8211363803191,-56.4958563233128,-37.89664716276
31-Jan-2025 00:13:28,356,55,-0.0340733309586843,0.41458105246226,0.0792883574962616,0.551134737332662,-0.204640086491903,-0.806066691875458,0.068040157854557,-129.828516659041,-109.813913343058,-67.589893406488,-71.9263160254277,-79.1823223974457,-46.7025458534849,-89.5644225204832,-57.3298161060353,-36.0074563480071
31-Jan-2025 00:14:02,356,56,-0.0341165286799272,0.41370142698288,0.0854235072930654,0.550372624397278,-0.176104561487834,-0.811808037757874,0.0839338565866152,-124.330907419244,-113.874707756522,-70.2051860313439,-68.4884274406869,-73.4326870353612,-45.0234084940636,-92.4381322767173,-56.3784716163317,-35.3368663119917
31-Jan-2025 00:14:38,356,57,-0.0342741844554742,0.413082981109619,0.0923305163780848,0.543925857543945,-0.149116303523382,-0.819051682949066,0.105182370046775,-119.201693980584,-117.778069227904,-73.7449820379903,-65.4542255607757,-69.6576541141433,-43.9418997561586,-95.6020538409865,-56.934474990415,-35.1255766653452
31-Jan-2025 00:15:13,356,58,-0.0346693359315395,0.412614230314891,0.0960555717349052,0.536248910427094,-0.124660516281923,-0.825666403770447,0.123174085716407,-114.706678442492,-121.752714228245,-75.272029735532,-63.2218670332792,-67.2449224133586,-43.6842053290118,-98.686081309273,-56.1441522963917,-34.168937213383
31-Jan-2025 00:15:52,356,59,-0.0306397589544455,0.410453027486801,0.0933559571703275,0.537394801775614,-0.0979990214109421,-0.827302944660187,0.131045364340146,-108.607166589394,-122.469673651548,-71.975844626187,-62.1137865484476,-65.1134317461862,-43.3432682873665,-99.9445689183462,-55.1228106613249,-35.5404999236925
31-Jan-2025 00:16:31,356,60,-0.0279544338583946,0.407342334588369,0.0904305294156074,0.538259140650431,-0.0770370051264763,-0.827614625295003,0.139271214604378,-102.666204211437,-119.52945395709,-68.5889724395658,-60.1561669017197,-63.5475163841222,-42.4582848234107,-99.8705830034238,-53.4648875092314,-34.738225182673
31-Jan-2025 00:17:10,356,61,-0.0236125645538171,0.403627556562424,0.0850356961290042,0.54132270415624,-0.0568395232160886,-0.826516660054525,0.143559223413467,-97.3295165710514,-114.985644703752,-64.1817567143065,-58.4487776740436,-61.6643886746123,-41.1512781482997,-99.2053603265035,-51.9386735986247,-33.5990317159892
31-Jan-2025 00:17:46,356,62,-0.0186521412183841,0.400040197372437,0.0793672412633896,0.546543745199839,-0.0415298201143742,-0.824440821011861,0.140934524933497,-92.3699662994514,-107.390040670974,-60.3893692197282,-57.9165036558935,-58.1226547913796,-39.8582598676111,-97.7945192685844,-50.2533143087614,-32.441378886473
31-Jan-2025 00:18:22,356,63,-0.0133907689402501,0.396451983849208,0.0724672466516495,0.553156018257141,-0.0252878104647001,-0.82023884455363,0.1434824436903,-86.5489847122441,-98.8685392484761,-56.0793958404904,-56.6967872425063,-58.7016178212853,-37.5972357841337,-96.7608690201657,-49.2383823292697,-31.1994963755408
31-Jan-2025 00:18:57,356,64,-0.0102536288400491,0.392920235792796,0.0671546970804532,0.557542177041372,-0.0141246690725287,-0.816526663303375,0.149102114637693,-82.9222874672332,-90.7840891311181,-53.0106295189228,-53.9333496315006,-57.9659293077603,-35.6772087992619,-95.6908141764974,-46.6836640049639,-29.6904990239005
31-Jan-2025 00:19:32,356,65,-0.00506295906379819,0.390411070982615,0.0592517192165057,0.564553344249725,0.000291893093769128,-0.811899471282959,0.14865640103817,-78.2177323933205,-81.5681646663301,-48.0874667261903,-53.1730514216856,-56.57291502252,-34.7526803636929,-94.6025570352042,-48.0090525082511,-28.7229442519062
31-Jan-2025 00:20:06,356,66,-0.00239770280507704,0.387780644496282,0.0537710227072239,0.56949622631073,0.0161700201531251,-0.808432237307231,0.147817215323448,-73.7242484049569,-73.3615030278272,-42.6121056978754,-51.989322912466,-55.5262378514219,-33.5759012027753,-93.2051987450985,-46.0244944253347,-27.2761107697349
31-Jan-2025 00:20:39,356,67,0.000672613798330228,0.385169212023417,0.0490362678964933,0.573649938901265,0.026035680125157,-0.804458463191986,0.151968760291735,-69.1862999593678,-65.8844728024667,-39.2606455517693,-50.2188792535441,-54.2777292373951,-33.0979966791834,-92.0282898805867,-45.2349630493165,-25.8146379324751
31-Jan-2025 00:21:11,356,68,0.00418028188869357,0.382009162505468,0.0435725169877211,0.578521184126536,0.0408844031393528,-0.79969314734141,0.155346765120824,-64.401119285166,-57.4972582836775,-35.7711358467675,-48.0050780197711,-52.8533049019038,-32.9695294742543,-90.5866057288717,-43.6179450267474,-24.570845417671
31-Jan-2025 00:21:47,356,69,0.00600158404558897,0.380247273047765,0.0396287856002649,0.581503136952718,0.0527014650404453,-0.797185671329498,0.153530829151471,-60.3173224966579,-54.8049516181738,-31.987601362318,-47.2945979985724,-52.6159227056803,-32.5657809286566,-89.4625339335552,-42.1121836809029,-24.8608930640948
31-Jan-2025 00:22:20,356,70,0.00848222325245539,0.377985141674678,0.0373768294850985,0.583195312817891,0.0692822222908338,-0.79466837644577,0.153575412432353,-52.6842176509966,-52.785098879313,-27.4570544881445,-45.760778583661,-51.7720615790906,-31.8743917127247,-87.8972683164379,-40.9620506734207,-24.2678607911325
31-Jan-2025 00:22:55,356,71,0.00959144309163094,0.374997385342916,0.0336225288609664,0.585538419087728,0.0924360583225886,-0.790731545289358,0.152787297964096,-45.9764587767587,-50.5764731037735,-23.7530014191091,-44.7152894718932,-51.824960987318,-31.1141821616256,-86.7114057884202,-38.9397318351196,-23.6832885584772
31-Jan-2025 00:23:28,356,72,0.0110760822892189,0.372104698419571,0.0310848899185657,0.586966411272685,0.114142203827699,-0.786419208844503,0.154876839121183,-39.7313728882325,-46.7734608098948,-21.2121952526427,-43.2389655116971,-50.8262406629538,-30.394562442943,-85.7902448049524,-36.1813200814091,-23.8529463459754
31-Jan-2025 00:24:03,356,73,0.0122882258767883,0.369762263695399,0.0297475984940926,0.587134186426798,0.131705752015114,-0.783211700121562,0.156545413533847,-34.5426234925622,-44.8732552568464,-20.0030125374608,-41.472224127287,-49.6767104722938,-29.6202376404685,-84.6264345937594,-34.0298618699939,-23.0497191435503
31-Jan-2025 00:24:40,356,74,0.0127170215050379,0.366727872689565,0.0283500767002503,0.587691779931386,0.142990098396937,-0.781263466676076,0.154271245996157,-29.4320423433198,-43.0994530742135,-19.2346415479212,-39.7102740307698,-48.826775348486,-29.2685602960982,-82.8912997687039,-33.9818804297263,-22.3600494461636
31-Jan-2025 00:25:15,356,75,0.0192696892966827,0.368125768502553,0.0283427931368351,0.58414298693339,0.169571418563525,-0.778348398208618,0.155551620324453,-25.7386708534078,-43.5823323017294,-20.3318842327339,-42.2500553191337,-49.2526083172108,-29.1521599093939,-85.427989189533,-37.7752834910008,-25.7704495083409
31-Jan-2025 00:25:52,356,76,0.0267776090651751,0.37001264890035,0.0280739547063907,0.580398190021515,0.185819198687871,-0.776180752118429,0.161717841029167,-23.1523414251027,-43.084312371849,-20.3018298489573,-44.1535344294707,-49.8283400526487,-29.0289213872157,-88.7218474568965,-46.4070557450622,-28.8717389467778
31-Jan-2025 00:26:15,356,77,0.0379538170993328,0.371459567546845,0.0313930111626784,0.572331198056539,0.202047813932101,-0.775057351589203,0.175783462325732,-15.5695330276012,-22.6708428632701,-11.3831269308861,-44.3138624507944,-45.6040211714431,-25.7522637973004,-92.8442901475271,-53.0330125955171,-28.8934730733445
31-Jan-2025 00:26:58,356,78,0.0377539351582527,0.375123264392217,0.03382689828674,0.572667423884074,0.18842585682869,-0.777472591400146,0.179120433330536,-26.9384851455013,-43.3746485653426,-22.0200997456673,-46.4526149276113,-48.4296769819157,-28.2488966735167,-96.5560250497914,-58.4310617441687,-33.3754295439761
31-Jan-2025 00:27:42,356,79,0.0431119317809741,0.379090235630671,0.0365007142225901,0.570241077740987,0.186775522430738,-0.7794629017512,0.179937831560771,-30.6083175211023,-45.7120918727407,-23.9099104268749,-49.430579632175,-49.0053201382275,-30.1821747827987,-100.287406057872,-64.2651570419187,-37.9874971866402
31-Jan-2025 00:28:08,356,80,0.0544388112922509,0.38154869278272,0.0376596512893836,0.560314011573791,0.208669560154279,-0.779241522153219,0.187850750486056,-14.2285900255539,-22.2913539828009,-12.0511400412958,-50.8031504506119,-45.5309569674589,-26.2087755086136,-103.728610118862,-70.5422754142178,-38.6896204153204
31-Jan-2025 00:28:58,356,81,0.0572939686477184,0.386633449792862,0.0411275987823804,0.561769994099935,0.195010855793953,-0.780278563499451,0.193779863913854,-33.7240825944308,-48.9165254941933,-24.968079122323,-53.5480243259855,-48.35659063315,-31.7320375426949,-107.924725706305,-78.8409053237916,-44.8617714370088
31-Jan-2025 00:29:49,356,82,0.0605281949043274,0.39151752392451,0.0409887234369914,0.561532807350159,0.197855082154274,-0.774755012989044,0.212812006473541,-37.7944710183089,-51.5921411193069,-25.419366584487,-56.1870836149667,-51.9551768733701,-34.5228562503646,-114.471491740213,-83.1256041750119,-50.6268418830114
31-Jan-2025 00:30:40,356,83,0.0630936056375504,0.39590972661972,0.040798158198595,0.560301613807678,0.204043383399645,-0.771902386347453,0.220443019270897,-40.0711644582934,-54.7417340947534,-27.1520814133026,-58.7942186681821,-55.1412623227051,-36.3503402851008,-120.756985655734,-87.0906809105509,-54.3844192772661
31-Jan-2025 00:31:25,356,84,0.0668741295735041,0.400150487820307,0.0401805348694324,0.557865305741628,0.217119068900744,-0.767638293902079,0.228860354423523,-40.8510104063309,-24.978315745365,-28.9255099254442,-61.8353916035145,-57.8960973765977,-37.9961569833704,-126.686843512063,-90.9709465882493,-57.5882501456467
31-Jan-2025 00:32:24,356,85,0.0656660720705986,0.404165089130402,0.0401424566904704,0.559662055969238,0.214450957377752,-0.762895083427429,0.24244639078776,-45.6074326083952,-59.7583917335614,-29.5942952792487,-64.4935834799055,-60.8853072327689,-40.7511400134066,-132.963883338794,-94.9588067370273,-58.5652077510904
31-Jan-2025 00:33:21,356,86,0.0686901594201724,0.408482088645299,0.0397984070082506,0.558880488077799,0.220599322517713,-0.755612254142761,0.260842307408651,-47.9271429374727,-61.4102148905492,-30.1607590538846,-66.5852848268258,-64.0667044900795,-42.3357062093261,-139.639514150727,-98.1754641213451,-60.5287287250656
31-Jan-2025 00:34:06,356,87,0.0664115980267525,0.408298939466476,0.0366018958389759,0.561517131328583,0.224350017309189,-0.761515657107035,0.233365645011266,-47.3419144738631,-60.0467810203656,-15.8103836719962,-70.8512803885658,-62.8930712364803,-42.1193888212909,-136.768439424843,-100.536329819415,-58.0603231701411
31-Jan-2025 00:34:51,356,88,0.0642930587132772,0.407654764254888,0.0361034529904525,0.560410761833191,0.22507932583491,-0.768548202514648,0.211217301090558,-47.0475080420066,-59.1387839423799,-9.75942789531561,-74.2631533179382,-61.5049848331659,-41.9854672247265,-133.43451244526,-101.01689482637,-55.5385584573495
31-Jan-2025 00:35:41,356,89,0.0601021955410639,0.406831260522207,0.0374891442557176,0.552383490403493,0.234898048639297,-0.778429822127024,0.183691125114759,-45.9985126260267,-59.8835052604931,-30.3581819212388,-78.8979649311268,-58.6596718549939,-41.0677435238975,-130.094159338826,-98.7573094877679,-53.5901141656243
31-Jan-2025 00:36:29,356,90,0.0549680471420288,0.406502252817154,0.0364222273230553,0.547004453341166,0.244860439499219,-0.785497005780538,0.15435033539931,-45.172222717985,-60.4795857766556,-32.1817908484641,-83.7692458862234,-57.9357455893932,-40.8081187709363,-127.425593168968,-97.0026489763866,-52.5283300844324
31-Jan-2025 00:37:17,356,91,0.0503626967469851,0.406295428673426,0.0335289108256499,0.54569802681605,0.250217465559642,-0.789617045720418,0.126924605170886,-44.5322855639125,-59.0513458918428,-32.4178272263404,-87.7837615122741,-60.297512680078,-40.6525434919089,-124.267920467397,-96.025450878616,-50.634876108507
31-Jan-2025 00:38:04,356,92,0.0454810708761215,0.405653391281764,0.0326195793847243,0.543872058391571,0.256891852617264,-0.793246527512868,0.0947085753083229,-44.0605247868245,-61.1109458065424,-31.4850773295422,-92.4198944738017,-58.6521264489056,-40.2489929498484,-120.79069449997,-93.2619839876508,-49.225587185215
31-Jan-2025 00:38:50,356,93,0.0402013413608074,0.404583410422007,0.030705047522982,0.542875468730927,0.262241979440053,-0.79536683956782,0.0625055556495984,-42.847852198229,-60.1144656209982,-32.7429342954068,-96.7668361030679,-59.1281635568047,-39.9464547762714,-116.853691899615,-90.2053827000882,-47.7583807882396
31-Jan-2025 00:39:34,356,94,0.0360756081839403,0.404167075951894,0.0261845976114273,0.5413654088974,0.275375328461329,-0.7939830382665,0.0261325934280952,-40.6647237038797,-59.989945385332,-31.5710946926027,-101.119182066203,-60.9649123342396,-39.6944227869361,-112.761800982796,-87.3022142142269,-46.5622156544225
31-Jan-2025 00:40:17,356,95,0.0428847556312879,0.402076343695323,0.0312454818437497,0.539440834522247,0.255073469877243,-0.802074023087819,0.0248672336339951,-41.1924106627977,-58.373287930656,-30.5925364890949,-98.0788480973811,-57.4640257872877,-37.7808365907495,-109.034135077676,-89.8040352184607,-48.8878959774119
31-Jan-2025 00:41:00,356,96,0.0490768149495125,0.399403315782547,0.0334299770494302,0.539154843489329,0.23678432504336,-0.807745695114136,0.0281449257085721,-40.3524836452772,-55.4371204634496,-29.00655414342,-92.8648652120262,-55.6908171577197,-35.6548769406235,-105.11774709344,-92.6067144231199,-51.1688366161909
31-Jan-2025 00:41:42,356,97,0.0546080368260543,0.396618405977885,0.0370264900227388,0.541072726249695,0.216791913906733,-0.811655755837758,0.0381644576787949,-39.5787496395375,-54.391197989978,-28.5418597266614,-86.5640578684049,-53.6564474868438,-34.6227305635276,-101.481998069645,-94.9598227279917,-55.1524074128646
31-Jan-2025 00:42:20,356,98,0.0623278235395749,0.394324904680252,0.0392750357588132,0.54778067668279,0.193951159715652,-0.812389671802521,0.0483977623283863,-39.5131121396882,-53.0153980133739,-15.5128092743612,-80.5448382956504,-51.0414972953138,-33.6124908229468,-97.6865685260719,-97.3131455829699,-57.7372932884858
31-Jan-2025 00:43:05,356,99,0.067022143304348,0.394115147988002,0.0421608539919058,0.552620295683543,0.170612406730652,-0.813291688760122,0.0637092635035515,-41.6015228927841,-51.3996592852034,-25.7515808042899,-76.1664126083294,-50.0862568434568,-32.6132044006235,-96.661298722609,-101.166575713001,-61.1978367035806
31-Jan-2025 00:43:47,356,100,0.0734013085563978,0.392691719532013,0.0465935274958611,0.56007217168808,0.137694190939267,-0.813306415081024,0.0767604182163874,-44.0169577723526,-51.3889511812499,-26.3992633253332,-68.783383863725,-48.8358712614363,-32.2943946374291,-92.0711087892014,-105.995059480559,-63.7462088884123
31-Jan-2025 00:45:17,337,1,6.46130487439223e-05,0.320966895421346,0.0410943577686946,0.591426678498586,-0.0129991165051858,-0.806225959459941,-0.00672524363423387,-6.60000000000001,-12.525,-4.80000000000001,-4.95000000000001,-12.525,-5.02500000000001,-5.32500000000001,-6.97500000000001,-5.25000000000001
31-Jan-2025 00:45:46,337,2,0.0012254189622278,0.327728780110677,0.0425158262252808,0.589654862880707,-0.0316318012773991,-0.807027407487233,-0.00365559382674595,-15.8826581819558,-14.3931352947152,-6.97838117682916,-9.54752938172418,-15.1939809908064,-7.71630655727436,-10.6719910944086,-11.1452892667507,-10.0794560401977
31-Jan-2025 00:46:18,337,3,0.00428724183390538,0.332095175981522,0.0425702330966791,0.59037964741389,-0.0254647959023714,-0.806708304087321,0.00501520469163855,-19.4278163639116,-20.6675205894303,-7.95676235365828,-13.6950587634484,-18.7442119816127,-9.67636311454871,-16.3752321888171,-15.7468285335014,-13.3339120803955
31-Jan-2025 00:46:50,337,4,0.00631003134573499,0.337083013852437,0.0428955972194672,0.59043687582016,-0.0408562429249287,-0.80604780515035,0.00144002862119426,-26.7042245458674,-22.1700308841455,-9.16014353048739,-17.2425881451725,-21.3100679724191,-11.5707946718231,-19.7065982832257,-20.7889928002521,-16.6258681205932
31-Jan-2025 00:47:24,337,5,0.00850330758839846,0.341396198670069,0.0449844680726528,0.590672373771667,-0.0471928919355075,-0.805517951647441,0.00445946219066779,-33.8212577278232,-24.2866036788607,-10.9260247073165,-20.5651175268967,-22.6337364632256,-12.9074137290974,-23.7270268776342,-25.5264695670028,-19.1865741607909
31-Jan-2025 00:47:59,337,6,0.00922992980728547,0.344443885485331,0.0465132996439934,0.592643411954244,-0.0533028423786163,-0.803662490844727,-0.00769757529099782,-37.933603409779,-30.5352077235761,-12.8981558841456,-24.3001469086209,-23.786311204032,-14.7151265363717,-24.5669867220428,-30.4116025837534,-22.2816552009887
31-Jan-2025 00:48:34,337,7,0.0109078336507082,0.348530598481496,0.0467499442398548,0.592539807160695,-0.0584557046492894,-0.80341641108195,0.00126807918616881,-42.1936053417348,-31.9498273932916,-14.2234120609747,-26.816426290345,-26.2033390698384,-16.3083862186461,-29.5167121914513,-34.9955637255041,-24.5189237411864
31-Jan-2025 00:49:12,337,8,0.0114216282342871,0.35308797955513,0.0470123273630937,0.592931660016378,-0.0774492641290029,-0.801508033275604,-0.00430709278831879,-49.5274353986906,-33.9474548755072,-15.6752307378038,-30.8233306720692,-28.8025934981448,-17.8694193384204,-31.7213204733599,-39.5039389297548,-27.0772860313841
31-Jan-2025 00:49:51,337,9,0.0175596162676811,0.355630948146184,0.0504703303178151,0.594223046302795,-0.0799124335249265,-0.799954732259115,0.0241956178098917,-52.3742109502003,-35.3052415887597,-17.0665238595052,-28.8568510765625,-29.0258578679264,-17.9226505071364,-37.9073348137061,-44.4058661798408,-29.4537353590024
31-Jan-2025 00:50:31,337,10,0.0230994946012894,0.357139811913172,0.0517645344138145,0.596778992811839,-0.0880277122060458,-0.795375315348307,0.0590263624986013,-54.41444353296,-34.8962802551372,-17.2894576062065,-25.6880277310558,-30.2321788783331,-19.0928250352275,-44.7945698571774,-48.8763969455519,-31.9479581241206
31-Jan-2025 00:51:11,337,11,0.0290619574487209,0.358636844158173,0.0540715865790844,0.600266822179158,-0.0991614649693171,-0.78873294989268,0.0880177716414134,-56.7264046313447,-35.7039448980772,-17.4532116654079,-21.768032510549,-31.1050282090522,-19.996471243006,-48.6574152522112,-53.5812294690754,-34.5760676079888
31-Jan-2025 00:51:53,337,12,0.036042091747125,0.360263725121816,0.0569049261510372,0.604430639743805,-0.100804470976194,-0.781314154465993,0.11853386759758,-57.8992299875419,-36.8949225292984,-17.5873758808593,-18.2224513525423,-30.5361416999275,-20.5418532906283,-53.8580658230263,-58.2532128715052,-39.3711204512321
31-Jan-2025 00:52:20,337,13,0.044163383046786,0.361008195082347,0.0593996269007524,0.608838975429535,-0.0959950899084409,-0.77308425505956,0.149802553653717,-55.8774874726453,-11.6525566546595,-5.03174517443582,-10.5140772257856,-21.6713872708811,-13.4081032581725,-58.002618981732,-62.2337717133881,-36.2496449741628
31-Jan-2025 00:53:14,337,14,0.0449846886098385,0.366228638092677,0.0563115733365218,0.608082163333893,-0.0758194426695506,-0.775997463862101,0.149383745590846,-59.0084610222019,-38.2185190270919,-18.6812170070746,-20.1493066146538,-34.4586988818736,-22.7597871856775,-65.444123434383,-67.2936182749976,-42.1449053369373
31-Jan-2025 00:53:39,337,15,0.0521845241387685,0.368500353892644,0.0588753034671148,0.611970408757528,-0.0684464916586876,-0.768067367871602,0.175726543863614,-57.8907926039851,-11.4136455230585,-5.00824010924484,-7.33133776133462,-22.6720435128858,-14.1791880931632,-70.7091035340066,-71.5431086964703,-39.8735336196337
31-Jan-2025 00:54:00,337,16,0.0529136563340823,0.367655201752981,0.0549061807493369,0.609649582703908,-0.034829850991567,-0.768559690316518,0.190867180625598,-51.0989733323122,-0.0572138551724741,0.588712173153414,-9.53952067058671,-15.9953733746032,-9.48875094446294,-73.9723709777536,-70.2166607008102,-37.191284782235
31-Jan-2025 00:54:58,337,17,0.0527554000417391,0.370068424940109,0.0540075113375982,0.602356056372325,0.00115934025961906,-0.774826661745707,0.191858105858167,-48.3824935686959,-39.933073218171,-20.6212233618309,-23.0469040192918,-35.8377114913252,-24.6902430407577,-78.0415073332437,-73.9751236701159,-39.4798779248167
31-Jan-2025 00:55:42,337,18,0.0558237204949061,0.371535591284434,0.0512717361251513,0.596112541357676,0.0383744383851687,-0.776697830359141,0.199794222911199,-43.878683559108,-40.7000780966112,-20.5096028055068,-26.0038875877236,-38.0395537355499,-25.23769975955,-82.7385781446054,-76.7510421219045,-40.2788920573887
31-Jan-2025 00:56:27,337,19,0.0587227943042914,0.373554899295171,0.0499286644160748,0.585467517375946,0.0828295975923538,-0.77980998357137,0.205580754081408,-38.7812084265342,-41.9376557327723,-21.2872042035284,-30.1356712660186,-38.2461480435258,-26.2581387895912,-87.2996161839029,-79.1106883149345,-40.9331166849557
31-Jan-2025 00:57:12,337,20,0.0592714967827002,0.374665512641271,0.0468837770322959,0.574591096242269,0.123019028206666,-0.784090518951416,0.199783515930176,-33.5369007324674,-41.9855197477936,-21.4594165787229,-35.6798549992453,-38.8801183833774,-26.6900689752567,-90.9676378371683,-79.1621983785853,-41.1399465600203
31-Jan-2025 00:57:57,337,21,0.0573909935851892,0.376566235224406,0.0435265926023324,0.562303940455119,0.16451750199,-0.78861354192098,0.186646619439125,-29.0441767576543,-43.3885269522452,-22.1539344425037,-41.2552387599378,-40.5527767391668,-27.4277447387345,-94.7891512974176,-78.5846403775464,-41.0480790588337
31-Jan-2025 00:58:21,337,22,0.0539566658437252,0.377455763022105,0.0404766286412875,0.553195869922638,0.200430873036385,-0.788548640410105,0.178865466515223,-19.7522446424679,-20.5691057514111,-10.8096050505779,-46.6212225343632,-21.3697791029249,-14.6682932911184,-98.2374106611589,-70.4925483441628,-36.3818628695215
31-Jan-2025 00:59:12,337,23,0.0446864840885003,0.3815474152565,0.0397350785632928,0.549519701798757,0.212819826602936,-0.792123699188232,0.158983928958575,-28.8357084570947,-45.4884703479355,-24.1208520307985,-57.807506315655,-11.1089534706675,-29.5852782379552,-102.174042976646,-72.0681892946068,-38.0534723361465
31-Jan-2025 00:59:36,337,24,0.0439473917086919,0.383218701680501,0.0365165293216705,0.541677780946096,0.243133830030759,-0.78909364938736,0.157487578193347,-14.2568702366285,-23.1772278431381,-12.6348871970926,-61.4039401003801,-5.45921384040241,-15.2904813820188,-106.054861768007,-66.2526967369645,-34.5689946307401
31-Jan-2025 01:00:42,337,25,0.0363570101559162,0.387649925549825,0.0357856226464113,0.542595096429189,0.247982002298037,-0.787581638495127,0.15430703262488,-30.5218809986154,-50.5256817876809,-25.9503164564232,-67.4304488868218,-46.9650172111339,-31.3147936246954,-110.657773797303,-65.8916374252792,-37.2814733393179
31-Jan-2025 01:01:37,337,26,0.0403985838095347,0.391280974944433,0.0371686081091563,0.538507767518361,0.255906079212824,-0.785172895590464,0.167406769593557,-32.2582698664458,-54.1667214271468,-27.1166244898118,-70.0667409935984,-49.7028571890295,-32.7696059624247,-116.224364857156,-69.9617886714434,-40.4757402147364
31-Jan-2025 01:02:35,337,27,0.0442796756823858,0.395353368918101,0.0377169581751029,0.536398935317993,0.257146934668223,-0.783115510145823,0.181333285570145,-35.9306209798895,-56.6476851789475,-27.9582810464596,-72.2980518508041,-52.979582917174,-34.3416955748074,-122.271479226492,-75.1330482290967,-44.019246193651
31-Jan-2025 01:03:26,337,28,0.0513107153276602,0.39920009970665,0.0381124834219615,0.534232926368713,0.261931290229162,-0.781452035903931,0.187936001022657,-37.57095321614,-32.2236109869146,-29.8376118647369,-74.2518720832245,-55.025751520443,-35.2224238245168,-127.133855250571,-80.7048619424947,-50.2123717243135
31-Jan-2025 01:03:51,337,29,0.0592140458524227,0.402541420857112,0.0391566244264444,0.523595674832662,0.27844838698705,-0.779411673545837,0.202068142096202,-21.6202760137936,-20.5970178229658,-17.6107798138292,-75.5419470032521,-27.506641561273,-18.2074713928893,-132.978862102021,-86.1019527337651,-48.7303070308501
31-Jan-2025 01:04:58,337,30,0.0525217329462369,0.402527530988057,0.0389511545499166,0.535203353563945,0.250913137197495,-0.78660915295283,0.178454741835594,-41.8338983534344,-59.7192510944862,-30.7267234591502,-77.847553444655,-55.7490532012224,-37.5500732308704,-128.067174766054,-88.5618573105134,-50.406549018703
31-Jan-2025 01:05:47,337,31,0.0552780508995056,0.402648870150248,0.038552371164163,0.535032959779104,0.245265335838,-0.793377129236857,0.155362156033516,-41.9372683334259,-59.2533546230274,-30.903626387175,-79.9497235579596,-55.600145200562,-37.8312548985172,-123.738645136931,-92.2155811567298,-51.8889934505243
31-Jan-2025 01:06:24,337,32,0.0591718236605326,0.402249215046565,0.033565399547418,0.538062961896261,0.245436631639798,-0.795416061083476,0.132523284355799,-40.6105121335929,-31.8683932800781,-17.1110089565517,-82.2501755072153,-55.3555773795967,-38.5567264809969,-120.076694361229,-95.4162146376802,-52.67453910433
31-Jan-2025 01:07:16,337,33,0.0573524326086044,0.401943689584732,0.037228753666083,0.534263869126638,0.235720522205035,-0.804843815167745,0.105945092936357,-41.7186928438476,-57.623899501385,-29.9336313466042,-83.9747683744463,-53.7881796484789,-38.9793430208932,-115.623033012237,-97.4153029359977,-55.8116353691277
31-Jan-2025 01:08:02,337,34,0.0584937172631423,0.401475272576014,0.037110959738493,0.535800643761953,0.222024229168892,-0.810903318723043,0.0778380200266838,-43.3693420091462,-56.4746395048195,-30.5638736469947,-85.7864317006651,-54.859366962285,-38.7255320394977,-110.473516376601,-99.7136186429986,-57.4245069394214
31-Jan-2025 01:08:28,337,35,0.0689528271555901,0.399763369560242,0.0366511933505535,0.524347444375356,0.229944742719332,-0.81829533179601,0.050773678223292,-35.1662254019668,-28.7479963993167,-16.0229259025543,-86.3666302563777,-48.2498467985533,-30.2585072974564,-105.051072097643,-103.211548054341,-59.7002661624633
31-Jan-2025 01:09:18,337,36,0.0630411078532537,0.399311377604802,0.036331845074892,0.531022679805756,0.201496801773707,-0.822768847147624,0.0215733791391055,-42.2112259085483,-54.7076617393469,-28.8463831356982,-87.9810964268373,-54.6749728960525,-36.5098756750921,-99.7171639970231,-105.284284317855,-60.0574692118791
31-Jan-2025 01:09:58,337,37,0.0613437307377656,0.398602857192357,0.0311163693666458,0.531888802846273,0.193468232949575,-0.824414233366648,-0.00235457206144929,-42.1802849720103,-53.510481302143,-28.6520428576345,-89.8876964046703,-57.5674221241672,-38.7954406125663,-94.877523985573,-107.544424007454,-59.6053941744819
31-Jan-2025 01:10:38,337,38,0.0612486310303211,0.398295708497365,0.0287987360109886,0.528422021865845,0.180042605598768,-0.829086256027222,-0.0311584406842788,-42.9613733139125,-52.9848779763219,-29.5988038239668,-91.9403632861901,-60.1935329175897,-39.1731038299598,-88.7100180187075,-109.823265410096,-61.1486800936783
31-Jan-2025 01:11:19,337,39,0.0606060077746709,0.398429902394613,0.025600731993715,0.525818498929342,0.166889909903208,-0.832338770230611,-0.053617928425471,-45.1984762950349,-52.2700632061923,-31.5661154124973,-94.4410636195532,-63.6614744936661,-40.3968161873129,-84.5785790741344,-112.186457669259,-62.3396464911714
31-Jan-2025 01:11:59,337,40,0.0495166669289271,0.395675724744797,0.0219740562140942,0.532276693979899,0.149211998780568,-0.830080711841583,-0.0733710706233978,-46.764254530881,-53.3334091049237,-29.9870842073445,-94.2325056829698,-67.2519804825949,-40.8763763251186,-77.7779222934983,-108.119543061978,-57.9378106801708
31-Jan-2025 01:12:38,337,41,0.0386428539951642,0.393305677175522,0.01729440142711,0.538181753953298,0.131117210785548,-0.828171519438426,-0.0854438811540604,-49.4065364265321,-51.5744521425778,-32.4881906577413,-93.3484561093473,-72.852944167187,-42.1674487479143,-73.3987822684354,-101.936216168828,-54.1978949887443
31-Jan-2025 01:13:18,337,42,0.0292086223761241,0.391815465688705,0.0152433595930537,0.548070708910624,0.112459701796373,-0.824153033892314,-0.0879949405789375,-52.2120701520858,-51.4793437496934,-31.6293659359128,-91.9016607172051,-76.8341366996109,-43.2642773132049,-71.205400621159,-95.1446831327426,-50.788939357105
31-Jan-2025 01:13:56,337,43,0.0203898297001918,0.390723027785619,0.0136532581100861,0.55455987850825,0.0896144474546115,-0.821903077761332,-0.0943820069233576,-55.9242297925907,-51.5411596415396,-32.3905756279717,-90.1734924158032,-80.2304436559506,-44.3389839497429,-68.1548981627759,-88.79904702519,-47.2454637553591
31-Jan-2025 01:14:33,337,44,0.0110265430063009,0.388978743553162,0.0119580087562402,0.558051347732544,0.0621636832753817,-0.820516407489777,-0.107085128128529,-59.6397023905712,-51.4564376757513,-33.7368025269743,-88.3046376597713,-83.3343078242483,-45.5526296219047,-62.8758352988394,-83.2013593819038,-44.0847281685601
31-Jan-2025 01:15:11,337,45,0.00288430469421049,0.388849574327469,0.0105175051217278,0.560191877683004,0.0275534135599931,-0.820791868368785,-0.10828937292099,-64.2568314672895,-51.0734467811456,-34.2505380294487,-86.6654396764245,-85.766950598525,-47.8107448118784,-60.4574922321263,-76.0276459707507,-40.8903625892344
31-Jan-2025 01:15:49,337,46,-0.00902674831449985,0.38841208020846,0.00812846465657155,0.557185347874959,0.00374253098852932,-0.82042859395345,-0.128169646859169,-67.5907581122368,-51.4587238793293,-34.5234693079779,-86.9380272596025,-88.3843587926876,-48.055523064926,-54.5346365298285,-68.3410075004974,-36.9334661717819
31-Jan-2025 01:16:27,337,47,-0.0183785938968261,0.387844793001811,0.00412002621839444,0.547230505943298,-0.0217972335716089,-0.821641743183136,-0.158014304439227,-72.2000988768685,-52.1444337453088,-32.600777737375,-87.6430290359517,-90.4964616383449,-49.1614186974266,-47.6769607768365,-61.2353625882774,-34.1681622561978
31-Jan-2025 01:17:06,337,48,-0.0276542293528716,0.389051222801209,0.0029833503998816,0.537962500254313,-0.0482614904642105,-0.823027487595876,-0.175763919949532,-76.7721467013425,-52.6053599951862,-33.5552747422061,-88.8642379088865,-92.8059118097497,-50.3228730196537,-43.0518749984974,-50.5952144550741,-32.1486545915477
31-Jan-2025 01:17:46,337,49,-0.0213523051391045,0.389174922307332,-0.00360013317937652,0.542268856366475,-0.0138217512518167,-0.82323792775472,-0.167429881294568,-72.0679703783154,-52.1029828130302,-30.8478190603649,-90.1103946218495,-96.0042246541379,-52.4071100294007,-46.3973169976849,-54.7672116386004,-34.3416523535772
31-Jan-2025 01:18:22,337,50,-0.0200661441932122,0.39004269639651,-0.00885111099729935,0.545894400278727,0.0113642780731122,-0.822082324822744,-0.161402770876884,-65.8544708202487,-50.2694097268485,-29.8346605223822,-91.223103108959,-98.7268743299629,-56.4552367115793,-49.4759064905357,-53.0305830168809,-35.9710991783403
31-Jan-2025 01:18:58,337,51,-0.0162908237427473,0.389262439807256,-0.0145921802769105,0.553507665793101,0.0534572000304858,-0.817005968093872,-0.152554550766945,-59.6363096446624,-50.5452386886541,-30.3436505563287,-91.2940874831416,-101.661692421506,-59.0103082299737,-52.2710697302181,-59.2146414925384,-36.1937705344701
31-Jan-2025 01:19:34,337,52,-0.0128075364977121,0.389723032712936,-0.019954410319527,0.556775375207265,0.0906755780180295,-0.812309058507284,-0.148098388314247,-53.0408176603162,-49.4757686744532,-31.4637148762398,-92.5692098008608,-104.177594720909,-62.618852166476,-55.3745198433162,-61.6340435168845,-37.7380541562833
31-Jan-2025 01:20:11,337,53,-0.00967007726430893,0.39030579328537,-0.023418993378679,0.561008230845134,0.11877256979545,-0.807602779070536,-0.137624968091647,-48.2816602715901,-50.9586491722493,-30.7143163391332,-93.6214010903484,-106.784039124241,-65.3291323120323,-58.8571133931223,-63.2961173155748,-39.1181439109382
31-Jan-2025 01:20:49,337,54,-0.0131622396409512,0.391745388507843,-0.0209435351192951,0.568375396728516,0.128734393914541,-0.800823819637299,-0.138051178057988,-48.2500866534631,-51.7194418328281,-31.5556884178403,-96.2102852186071,-107.57872733414,-62.2739005303464,-61.7358680423446,-61.7166188008559,-37.2593162226535
31-Jan-2025 01:21:25,337,55,-0.0137891188263893,0.392644111315409,-0.0167942579835653,0.572406180699666,0.139651852846146,-0.796362376213074,-0.136585332949956,-48.6025966842411,-52.555822121406,-30.6546947822929,-98.4059365898078,-104.796051070021,-58.8816028009241,-64.184408550744,-56.8352882297231,-36.4844400675792
31-Jan-2025 01:22:00,337,56,-0.0175851207226515,0.393428697188695,-0.0126506138592958,0.578241916497548,0.146861969431241,-0.791015382607778,-0.135508349537849,-49.5221485394717,-54.4049962239836,-30.7575182896183,-99.9549715824796,-101.649692568893,-55.5457720976335,-66.7928419887318,-51.7280416303833,-35.0515396791101
31-Jan-2025 01:22:35,337,57,-0.0168482265124718,0.394488326708476,-0.0069181718553106,0.580159020423889,0.156394174695015,-0.787429972489675,-0.137515340248744,-50.2002213069285,-55.2605672335611,-32.0372503683801,-102.605698385887,-99.0714929492605,-52.7631749074089,-70.6062218915138,-49.58283701694,-34.0396271739436
31-Jan-2025 01:23:11,337,58,-0.0148803307985266,0.395827102661133,-0.00198119479076316,0.578997246424357,0.165583311518033,-0.78496425151825,-0.145518053571383,-50.9075545304985,-56.5943366966385,-32.9304367328601,-106.857271094662,-94.602372770376,-50.7071944737171,-73.372075026693,-50.718653396445,-33.7632086104284
31-Jan-2025 01:23:47,337,59,-0.0116532900681098,0.397729275623957,0.00325991216426094,0.57749613126119,0.177911275625229,-0.783250594139099,-0.146165410677592,-51.929517982125,-56.5172053864659,-33.3303502401993,-111.309266756121,-89.0377923118654,-48.6395224182918,-76.5141647780707,-51.769980272424,-33.7045370177388
31-Jan-2025 01:24:24,337,60,-0.00881624942024549,0.399332666397095,0.00898534953594208,0.574917415777842,0.192861019571622,-0.77977073987325,-0.155667155981064,-51.8337965477798,-59.7096236896683,-33.9336273189679,-115.486473893922,-82.8504817135418,-46.4910045519997,-79.1693728375477,-54.1290623966402,-34.2797389104621
31-Jan-2025 01:25:02,337,61,-0.00603967066854239,0.40104541182518,0.0161362918714682,0.571985483169556,0.20408015747865,-0.778646918137868,-0.157774815956751,-52.9042326704487,-61.7618167995582,-35.0135861834513,-119.526286769894,-77.1768060453117,-44.4520637802742,-82.1811400510744,-55.4170221449751,-33.8218775458918
31-Jan-2025 01:25:39,337,62,-0.00317388940602541,0.403278674681981,0.0194262644896905,0.568351030349731,0.220403089125951,-0.775976582368215,-0.162049140532811,-52.8327475716247,-63.0188973127919,-35.6568859407922,-123.722402514951,-73.1099478421282,-42.1679115558321,-85.3711868416258,-57.0694207053695,-35.0974845526747
31-Jan-2025 01:26:20,337,63,-0.00123264960323771,0.405957160393397,0.0224686910708745,0.565685606002808,0.233480343222618,-0.773132109642029,-0.166593930125237,-53.4653018620542,-64.4034215276974,-37.8068561445617,-127.321669694551,-71.6464983714682,-41.5611536050316,-88.4253734206897,-60.6290386717937,-36.1148257451342
31-Jan-2025 01:27:02,337,64,0.000996832716433952,0.404144968589147,0.0223712121446927,0.565264308452606,0.241283894578616,-0.772711737950643,-0.158666064341863,-50.6765220152145,-64.4724657501363,-35.7373909261126,-125.631682999293,-69.5941774887647,-40.0146351781177,-88.5974178557979,-58.5252986500573,-36.4238804610628
31-Jan-2025 01:27:45,337,65,0.00198980579152703,0.401894422372182,0.0237175289541483,0.564800834655762,0.246802215774854,-0.772631255785624,-0.152084602912267,-47.3887520156881,-63.2608708979931,-34.2320933192707,-123.192484162671,-65.9802087891921,-38.2499653196142,-87.6104972380343,-56.8983634798282,-34.8683687234106
31-Jan-2025 01:28:28,337,66,0.00328367810385923,0.399483690659205,0.0240538276731968,0.565508611996969,0.243713334202766,-0.774657229582469,-0.143909776210785,-45.5764869398184,-60.433956508559,-33.0838795182323,-119.853679255366,-64.5104161811849,-36.2262197453159,-86.1190940938346,-55.3598307353527,-33.955573758968
31-Jan-2025 01:29:11,337,67,0.00182321559016903,0.396916997432709,0.0241624617328246,0.569211169083913,0.237183331449827,-0.775048259894053,-0.137996020913124,-43.601974325777,-59.4993823504793,-30.9892076200958,-115.990071312721,-64.2627116189603,-34.5229363131202,-83.850449686417,-51.8404992037539,-31.9391371811302
31-Jan-2025 01:29:55,337,68,0.00324988608869414,0.394161065419515,0.0243131827563047,0.567234889666239,0.241430994868279,-0.775353634357452,-0.13704904516538,-40.4213379426498,-57.7109783080769,-29.1713066734101,-113.514061852405,-59.5260510796272,-32.8298839519759,-82.0931846473904,-50.6307682785935,-30.8708797965947
31-Jan-2025 01:30:40,337,69,0.00261373175308108,0.391707781950633,0.0228308487683535,0.566632052262624,0.244426167011261,-0.773773105939229,-0.143035304546356,-37.9126396749797,-55.7206593235131,-27.3417912024499,-111.806851633253,-57.86991255174,-31.8919471263572,-79.2416092925593,-48.8508376566524,-29.2267120087105
31-Jan-2025 01:31:22,337,70,0.00118586455937475,0.391258066892624,0.0250787687798341,0.570264200369517,0.213564374049505,-0.780544165770213,-0.141208345691363,-41.7775733134329,-55.3911767738688,-26.816983995086,-108.812540477167,-57.4659887641377,-31.9171635085159,-76.7931911658154,-49.1483950692034,-29.3555015333267
31-Jan-2025 01:32:04,337,71,-0.00176385610830039,0.390408231814702,0.0281788187722365,0.575425326824188,0.17731330593427,-0.786801691850026,-0.135605228940646,-47.1604914807504,-56.023715488684,-27.4142731566534,-105.222929131373,-57.1946954793967,-31.643658774556,-74.6711954601202,-47.9909025575592,-29.1153134571057
31-Jan-2025 01:32:42,337,72,-0.00306344626781841,0.389224235216777,0.0303167290985584,0.577922097841899,0.142585295438766,-0.792536612351735,-0.132518282532692,-51.6524019125,-55.7122648357292,-27.3726105026866,-101.185667690724,-56.8397174460865,-31.2207934825368,-71.2874109649496,-48.3558850838176,-28.8406365804661
31-Jan-2025 01:33:20,337,73,-0.00288383383303881,0.387479559580485,0.033514387657245,0.580389169851939,0.113421796262264,-0.797349150975545,-0.120491855343183,-55.0238084764657,-55.8288194988892,-27.9864719409525,-96.9245812026475,-56.2928970384916,-30.8732479114879,-68.5477320750411,-48.7321051290272,-29.9737153036172
31-Jan-2025 01:33:59,337,74,0.000354359198051194,0.387231492996216,0.0351704592506091,0.579961156845093,0.0803736766179403,-0.803346415360769,-0.10871830334266,-61.3599631065394,-54.4343768201067,-28.7780954253349,-92.8515821908577,-55.2001554437544,-31.6133622009243,-67.0301059877637,-51.8889439337125,-31.7356718266636
31-Jan-2025 01:34:36,337,75,0.0049135385081172,0.386444459358851,0.0384683991471926,0.579561408360799,0.0482092750569185,-0.807688117027283,-0.0970792482296626,-64.9784917696672,-53.7094354703529,-29.4335999327755,-87.972626917211,-54.959453255446,-30.4973064206032,-64.998506301802,-57.2610921181356,-34.1870672496577
31-Jan-2025 01:35:13,337,76,0.00804079752415419,0.385080627600352,0.0430287577211857,0.579966123898824,0.0146593164031704,-0.809681117534637,-0.0885488713781039,-67.5382074493219,-53.9192447851135,-31.0710449517451,-83.290693512636,-53.719770770352,-30.3281656054034,-60.5349198164979,-61.1908949924276,-36.9831821226257
31-Jan-2025 01:35:51,337,77,0.00643128752708435,0.383383653561274,0.0440762259066105,0.58070855140686,-0.0115685725584626,-0.808060089747111,-0.0984004532297452,-70.2930110565562,-52.8086583297922,-29.669221973838,-80.6117707201473,-51.9267893126395,-29.5442251591795,-54.7737014065338,-61.3409272932707,-34.998505059917
31-Jan-2025 01:36:29,337,78,0.0045417120680213,0.381229168176651,0.0448280699551106,0.581501734256744,-0.0456419962147872,-0.804926280180613,-0.108932393292586,-73.4581114179223,-51.7067595405995,-28.9253841238131,-77.5696033949264,-50.6340627807307,-28.509513454236,-48.966986296734,-60.6428732665811,-33.0625078597018
31-Jan-2025 01:37:07,337,79,0.00162889009031157,0.379749039808909,0.0456457378963629,0.580305147171021,-0.0786370093623797,-0.801469528675079,-0.121279847621918,-77.0533601563542,-50.9092045844711,-27.7605388377294,-74.6458138033395,-48.9914637117237,-27.7244161199326,-43.7375228370165,-58.320776076125,-31.6008505907334
31-Jan-2025 01:37:48,337,80,-0.00155848057474941,0.378418109814326,0.0474096032480399,0.579038647810618,-0.115642508864403,-0.797370147705078,-0.124667283395926,-81.088683083319,-49.7388215448748,-27.2851898336162,-71.5562130785696,-48.6739283741678,-26.4641259709493,-39.1716852023401,-56.5366573037858,-29.8513632873882
31-Jan-2025 01:38:29,337,81,-0.00586742116138339,0.37697514295578,0.0491802883644899,0.577141320705414,-0.146569565931956,-0.792110486825307,-0.1341129809618,-85.0440431045503,-49.2070244635446,-26.8545889704883,-68.8337067872081,-47.2939249023372,-25.416239414626,-33.6626604801843,-53.371527740505,-27.9579609668548
31-Jan-2025 01:39:11,337,82,-0.00980540942400694,0.376131582260132,0.0505547153453032,0.574108759562174,-0.178185021877289,-0.786804481347402,-0.139957070350647,-88.5844216729149,-48.8445203613475,-25.9963621778531,-65.6947477125509,-45.6826873633694,-24.9995546546327,-29.0320422142887,-48.5408927817534,-26.2926011377272
31-Jan-2025 01:39:55,337,83,-0.0145507853478193,0.376468249162038,0.0523989051580429,0.57200958331426,-0.200396443406741,-0.783898917833964,-0.13471744954586,-93.192309514846,-49.9916627487168,-25.4493224204641,-63.7725622462458,-45.0808327908329,-24.3734707928046,-27.5406271765233,-43.7025051252664,-25.0412625543026
31-Jan-2025 01:40:38,337,84,-0.020098469654719,0.376635787884394,0.0483443637688955,0.565939851601919,-0.205239914854368,-0.783134853839874,-0.155847489833832,-94.1665807883262,-50.0532434449812,-25.0275575102774,-65.9610799424948,-47.8827669245851,-25.1571097891185,-23.7464284014321,-38.384821072857,-24.0490983677251
31-Jan-2025 01:41:20,337,85,-0.0218114467958609,0.376891340812047,0.0474890016019344,0.564864945411682,-0.196470817923546,-0.784246389071147,-0.165179920196533,-93.3077293801981,-49.6672357636373,-24.6835893589023,-68.5287910408317,-47.1120467999448,-24.7258990099737,-23.9995304333735,-36.5901988460137,-22.8604394925734
31-Jan-2025 01:42:04,337,86,-0.0212747031201919,0.377523130178452,0.0442077008386453,0.563889571030935,-0.182669401168823,-0.785615599155426,-0.177393963932991,-91.9073166312657,-48.8324338934891,-25.2035195869329,-72.1110988402127,-47.5549995461083,-25.0372633430995,-23.8762828688312,-37.0821075319535,-22.6985332731345
31-Jan-2025 01:42:49,337,87,-0.0202595569193363,0.378447192907333,0.041303555915753,0.563142927487691,-0.167440769076347,-0.786465919017792,-0.190538769960403,-89.8611232119313,-48.7482349289389,-25.1803990046664,-76.4257049901157,-48.9047887276738,-25.6449152323606,-24.314860506047,-37.5922816742848,-23.3500033815521
31-Jan-2025 01:43:33,337,88,-0.0190288248161475,0.378843184312185,0.0376001665989558,0.561964007218679,-0.138990829388301,-0.789272753397624,-0.204759749770164,-86.3670394573958,-39.2143374171877,-24.8857530172514,-80.6564603152796,-49.8079961269403,-25.3507108996894,-25.3343507441418,-37.361588544812,-22.9831616538979
31-Jan-2025 01:44:14,337,89,-0.0198128655552864,0.378761702775955,0.037637023627758,0.562406214078267,-0.135652448733648,-0.788418463865916,-0.209031190474828,-86.0971106373619,-39.8763465023318,-26.3330101081461,-81.6296795440888,-50.8507920000505,-25.6543059841848,-24.5553635675007,-37.4861670062008,-22.9248044672257
31-Jan-2025 01:44:57,337,90,-0.0207938279956579,0.378972705205282,0.0403555768231551,0.566386012236277,-0.131556617220243,-0.78790115515391,-0.202759874860446,-85.5027092335278,-50.4009309506756,-28.4248858477537,-80.8569360667132,-49.8319424275858,-25.9574370131971,-25.6091045410793,-37.6130286496387,-22.4993693215356
31-Jan-2025 01:45:35,337,91,-0.0222363320489724,0.37831102013588,0.0453065683444341,0.57280232111613,-0.135038137435913,-0.786315453052521,-0.188069730997086,-85.7210715377935,-53.4818030806192,-30.1640709117176,-78.2362112362453,-48.382270132334,-26.1103360144678,-26.5292095897678,-36.3910318841009,-22.4903951963365
31-Jan-2025 01:46:13,337,92,-0.0246282699207465,0.377808543046316,0.0488225042819977,0.575254611174266,-0.140646581848462,-0.785659730434418,-0.17899575928847,-85.8208156961092,-56.7408190513628,-32.9269106378599,-75.3664957292311,-48.2171864756886,-27.1631190018678,-26.4074966760113,-35.8446059140754,-22.239651581383
31-Jan-2025 01:46:49,337,93,-0.0276451797535022,0.378127620617549,0.0494096937278906,0.57665593624115,-0.136498985687892,-0.788456483681997,-0.164840399225553,-85.1862507814498,-60.3139069425064,-35.4515776950912,-73.5722848839439,-51.5443971383464,-28.8158439823324,-29.2148747810322,-35.335965341806,-22.6180232215521
31-Jan-2025 01:47:27,337,94,-0.0301680242021879,0.378145227829615,0.0500802204012871,0.577699506282806,-0.131437588731448,-0.792139291763306,-0.146638427178065,-84.184531330303,-63.6690307938499,-37.707158417867,-71.79082636952,-54.3677549606559,-31.5185399593293,-31.3117983954418,-35.4462174684146,-22.8609524892827
31-Jan-2025 01:48:07,337,95,-0.0338459598521392,0.379004834095637,0.0502736056844393,0.578903071085612,-0.129523647824923,-0.793268247445424,-0.137187299132347,-84.3492346109123,-71.9401726252935,-40.0531959734152,-70.990744020528,-59.0391863627911,-34.3712214345923,-32.9784947645458,-35.3409159444624,-24.011160570794
31-Jan-2025 01:48:46,337,96,-0.0380094960331917,0.379509909947713,0.0496006764471531,0.576806362469991,-0.128344359993935,-0.796950443585714,-0.125268547733625,-84.0471492573998,-75.769323446787,-42.6694619453495,-69.4063497542517,-65.0846545548393,-37.5988956589884,-34.505077510997,-35.3528375952296,-24.6400080591956
31-Jan-2025 01:49:27,337,97,-0.0409915784994761,0.380257598559062,0.0479204090933005,0.573104548454285,-0.127959743142128,-0.802822951475779,-0.103212430576483,-84.5616695868264,-80.0024787633055,-46.0958421254768,-66.3047995293335,-70.3921411418439,-40.564066257951,-37.7616034461218,-34.8983708333566,-24.9331752510424
31-Jan-2025 01:50:08,337,98,-0.0468517631292343,0.38056765794754,0.0483491907517115,0.566645348072052,-0.133867407838504,-0.808465238412221,-0.0858869031071663,-84.6594927577224,-85.0376363273365,-49.1772794097007,-62.5196713250942,-76.6056369263267,-44.2979850441969,-38.5081009755834,-34.5857098651634,-25.0585022946119
31-Jan-2025 01:50:50,337,99,-0.050579521805048,0.382100387414296,0.0479646806915601,0.564116191864014,-0.129458365837733,-0.812258986632029,-0.0724486465255419,-84.6989673493533,-89.9487950151238,-52.6112452459728,-60.2677541311944,-82.4471373095486,-47.9662779240845,-41.2245843022133,-35.3189517938103,-25.3249092640426
31-Jan-2025 01:51:37,337,100,-0.0501793138682842,0.385616159439087,0.0445328789452712,0.560492364565531,-0.13605539004008,-0.813383007049561,-0.0757981861631076,-88.6372977243038,-91.4971336277473,-52.7031212267228,-65.187788227183,-85.9322420091882,-50.0736150462915,-43.8788370858648,-36.8707070406235,-26.9041933182519
31-Jan-2025 01:53:06,98,1,0.00141181248861055,0.320547302563985,0.0413767849405607,0.591784946123759,-0.00777592845261097,-0.806027162075043,-0.00709557750572761,-6.37500000000001,-12.675,-5.17500000000001,-5.62500000000001,-12.675,-4.95000000000001,-4.80000000000001,-7.12500000000001,-5.25000000000001
31-Jan-2025 01:53:34,98,2,-0.000812808598857373,0.32642271121343,0.0396618309120337,0.592754169305166,-0.00051593582611531,-0.805006814002991,-0.0246238458901644,-11.1534951915285,-16.9339188238645,-8.81742957710617,-14.362057758774,-17.0389873386613,-8.11996678897074,-8.14013612992221,-9.72967688749869,-8.29030613249922
31-Jan-2025 01:54:03,98,3,-0.00358988060615957,0.331199196974436,0.0383379372457663,0.594040107727051,0.00817622983207305,-0.803240732351939,-0.0430569047729174,-14.638240383057,-22.2990876477291,-11.9536091542123,-22.405365517548,-21.7217246773225,-11.3649335779415,-10.9552722598444,-13.1031037749973,-10.0931122649984
31-Jan-2025 01:54:34,98,4,-0.00679156659170985,0.336539010206858,0.0362435484925906,0.592541595300039,0.00342283685070773,-0.803006259600321,-0.0637473960717519,-20.7761105745855,-24.9923814715937,-14.6866637313185,-30.1767982763221,-25.4388370159838,-14.7974003669122,-13.5079083897666,-14.385905662496,-10.9771683974976
31-Jan-2025 01:55:03,98,5,-0.00833506385485331,0.340324999888738,0.0341332828005155,0.593348407745361,0.0197929598391056,-0.800634165604909,-0.0808140238126119,-22.390543266114,-26.0497377954583,-17.4431558084246,-38.1122935350961,-27.6981368546451,-17.5736171558829,-16.3792945196888,-15.6733950499946,-11.5518495299968
31-Jan-2025 01:55:33,98,6,-0.0111565730224053,0.346379866202672,0.0330314740538597,0.592635190486908,0.0230560421943665,-0.799148221810659,-0.0980514883995056,-27.9682572076424,-29.3641253693229,-18.9363666355307,-45.6048200438701,-31.1785304433065,-20.0967089448536,-20.010055649611,-17.3382281874933,-11.596843162496
31-Jan-2025 01:56:03,98,7,-0.0128025176003575,0.350241603453954,0.0312098721663157,0.591716476281484,0.0400872250398,-0.796024060249329,-0.120873272418976,-29.4526117741709,-33.5070285681875,-20.7729368376369,-53.6258621776441,-33.8444709069678,-22.7932382338243,-22.3705042795331,-19.791733199992,-12.3519930449952
31-Jan-2025 01:56:35,98,8,-0.0177978499482075,0.348309377829234,0.0300241825481256,0.586305507024129,-0.00254017328843474,-0.798529624938965,-0.136344740788142,-32.8730526735502,-33.5937861654015,-21.1903518013419,-50.4016700256042,-36.4740804661449,-24.1187979285109,-15.3392450472699,-18.1332667259725,-11.5534365980836
31-Jan-2025 01:57:08,98,9,-0.0225501256684462,0.346342557668686,0.0299978123356899,0.583930162588755,-0.024486240123709,-0.800603262583415,-0.132138014833132,-33.3951537291795,-36.4751726688654,-21.431106608797,-45.3971067798143,-40.475076744072,-24.6627169981975,-10.4279076900067,-15.3594682207031,-11.7574192136719
31-Jan-2025 01:57:36,98,10,-0.0264169799784819,0.342640471458435,0.0305485501885414,0.581075461705526,-0.0516823343932629,-0.803950854142507,-0.115513170262178,-32.9930848629338,-33.0288736254544,-18.058531338127,-35.9773579871493,-39.2367663813741,-22.1158157553842,-6.50153127024339,-4.07800369980877,-4.28767136051028
31-Jan-2025 01:57:58,98,11,-0.0284933702399333,0.339678045113881,0.0318748662869136,0.575419632593791,-0.0802240550518036,-0.807996745904287,-0.0979678307970365,-34.3789310357506,-32.4187318086059,-16.8542910283946,-28.0250164210469,-39.9538026983638,-21.0235043563208,-3.36763531923011,3.50729382889808,0.568941727026334
31-Jan-2025 01:58:34,98,12,-0.0231795900811752,0.343482734759649,0.025260408098499,0.574748929341634,-0.0700053632259369,-0.809311175346375,-0.0988855039079984,-39.4049316057784,-30.8388196331368,-17.9685360794373,-35.382398584795,-45.1910371561464,-25.4954926458644,-8.46578629794129,-10.5912902498767,-10.2146539902007
31-Jan-2025 01:59:06,98,13,-0.0217103748271863,0.346720492839813,0.0173762656748295,0.575460509459178,-0.0430358901619911,-0.806718357404073,-0.127273814876874,-37.0404109355719,-28.8804467643083,-18.7248648707143,-43.3691325551837,-50.317108283851,-29.0186283963455,-9.33705739384001,-15.9389160766983,-11.7515333988341
31-Jan-2025 01:59:39,98,14,-0.0227337936560313,0.349830341339111,0.0119087606047591,0.574501566092173,-0.0338889730473359,-0.807444945971171,-0.129739060997963,-37.5056296452481,-31.3078435488001,-18.5522355321085,-47.2455424288926,-55.0875977465165,-32.8923378772953,-12.7448885483325,-18.0360627775434,-13.6900546531706
31-Jan-2025 02:00:13,98,15,-0.0232806136210759,0.35251362323761,0.00608397818480929,0.57526798248291,-0.00634880922734737,-0.806019977728526,-0.139133972922961,-35.8607180448658,-32.253125159952,-18.8151271285613,-52.3667902542618,-59.8302963766625,-38.5163342234794,-15.8459997321218,-19.5579699154002,-14.7793968303586
31-Jan-2025 02:00:48,98,16,-0.0247588568677505,0.355219678084056,-0.00163782246721288,0.574411316712697,0.0178532852480809,-0.803560109933217,-0.15499712228775,-33.7607412894542,-34.107349184434,-19.1457791925434,-57.885457055461,-64.5590995905487,-42.0904740022808,-16.9937509305596,-21.017257271763,-16.1191494689725
31-Jan-2025 02:01:24,98,17,-0.0250918969511986,0.359052836894989,-0.00739131585384409,0.577434285481771,0.0462899781763554,-0.799605214595795,-0.158298547069232,-33.0082319565279,-34.316044415581,-19.7353114902901,-62.9278333445753,-70.330955096305,-46.0646854973907,-21.8898221363216,-22.9702347373786,-17.5841073382992
31-Jan-2025 02:01:59,98,18,-0.0261767602215211,0.361873133977254,-0.0123541414737701,0.577956597010295,0.0650734583536784,-0.796530914306641,-0.165136782328288,-31.8794563348443,-37.2269752500606,-20.9042839049192,-67.132064377647,-75.1993367479963,-48.813932850655,-23.4100533457457,-25.2450572576207,-18.8116678229824
31-Jan-2025 02:02:34,98,19,-0.0242811189343532,0.364020631710688,-0.0119716037064791,0.57986056804657,0.07352408071359,-0.794960383574168,-0.162462118268013,-32.7997937750499,-38.3341279849962,-22.4045261684391,-70.0023153701319,-77.8174038407646,-49.6079070581059,-26.5673386507545,-28.482787341039,-20.5155198743302
31-Jan-2025 02:03:10,98,20,-0.0196031644940376,0.366355955600739,-0.0120182914659381,0.5793106396993,0.0843190317352613,-0.794540313879649,-0.161230350534121,-33.7010646430662,-38.954339620765,-22.9246284611795,-73.2630300486061,-80.4346024700166,-49.8331402300954,-30.1931639566788,-33.113478688114,-23.060022579517
31-Jan-2025 02:03:46,98,21,-0.0144451844816407,0.368933631976446,-0.0105540223419666,0.579114659627279,0.0944427644213041,-0.793635253111521,-0.160779157280922,-34.5928022249878,-40.7560807069504,-24.4546607685303,-76.643976570075,-82.7513668675105,-49.0990028843542,-33.9032592630609,-38.7406506670173,-25.7998506116235
31-Jan-2025 02:04:22,98,22,-0.0102677517260114,0.371667804320653,-0.0112726530681054,0.579611202081045,0.105271257956823,-0.793292729059855,-0.153803419073423,-35.179773163862,-41.123586518344,-24.9146580831862,-79.1100390130413,-85.9679141491253,-47.8101802797477,-38.3304895696719,-45.2410629618347,-29.2373413071896
31-Jan-2025 02:05:00,98,23,-0.00552703908955057,0.374811089038849,-0.0104619137321909,0.576020117600759,0.120169293383757,-0.792282919088999,-0.161393822232882,-35.9143607812126,-42.0489746923418,-25.5146379014947,-84.4186594167562,-87.5343528728006,-47.6690150457084,-41.5412873763973,-51.0530954146091,-33.0986633344857
31-Jan-2025 02:05:39,98,24,0.000280028521471346,0.377666201194127,-0.00931080846736828,0.573941330115,0.129255590836207,-0.793744830290476,-0.154445910453796,-36.7977567378013,-43.8533040476417,-26.1846089716295,-87.0235588008455,-88.6507373175062,-48.2516784969528,-46.0938689331799,-57.0459379463621,-37.0219010276467
31-Jan-2025 02:06:19,98,25,0.00764814559370279,0.380853841702143,-0.00531037235632539,0.570291574796041,0.128336598475774,-0.797986912727356,-0.1466771453619,-40.0055568640092,-46.0221039935927,-27.0395756676774,-89.1765976751219,-88.9420946227268,-48.0712562908391,-50.5673423649911,-63.7291855176044,-40.2260965537402
31-Jan-2025 02:07:00,98,26,0.0150162710497777,0.384607422351837,-0.00266921663035949,0.569279543558757,0.134752243757248,-0.800108786424001,-0.132622003555298,-42.3505590750265,-46.3481392348691,-28.4370401766819,-92.0037062944919,-89.4209383582051,-48.1092912560463,-57.3262617343166,-70.6076356085913,-43.9707709962999
31-Jan-2025 02:07:40,98,27,0.0193457345167796,0.387125567595164,0.00239589524765809,0.576280804475149,0.143463118871053,-0.798197380701701,-0.100993777314822,-44.3680970894876,-48.5990220879405,-29.098491570644,-91.5009597564795,-89.1643285794361,-46.5365794386391,-65.0275633600565,-74.416406729746,-44.9841677786537
31-Jan-2025 02:08:22,98,28,0.0229008976370096,0.389023655653,0.00904682464897633,0.582257850964864,0.138970859845479,-0.797934329509735,-0.0704539239406586,-47.669935625151,-51.2142137648433,-31.1330674178453,-89.5542306547403,-87.9045904082316,-45.7309819140622,-73.225226470175,-77.4864784808369,-46.9201842901241
31-Jan-2025 02:09:01,98,29,0.0273678857833147,0.390307293335597,0.01472579476734,0.586791249116262,0.122233393291632,-0.799608461062113,-0.0368966100116571,-52.1389244214157,-51.6115598536617,-30.8542054916661,-86.0605102711379,-86.0682880408092,-44.5589415359005,-77.6210703224828,-81.1622005468959,-48.3425106661527
31-Jan-2025 02:09:41,98,30,0.0326019987463951,0.391659361124039,0.0214525308459997,0.591083971659342,0.111237836877505,-0.798893511295319,0.00388031365970771,-54.8664883479809,-51.4999831484379,-33.4686246787968,-81.8682942466039,-83.868703575278,-43.5786797309462,-82.9660045458852,-84.3907477704389,-51.5329919744605
31-Jan-2025 02:10:21,98,31,0.0377261355519295,0.393817673126857,0.0258629289766153,0.594268135229747,0.108134660621484,-0.796148749192556,0.0360492741068204,-57.6983398396964,-53.6089450461931,-31.9796844225823,-79.651830401604,-81.7124780606923,-42.3943072125958,-88.785483954835,-87.4707075727239,-54.7825507489078
31-Jan-2025 02:10:59,98,32,0.044451791793108,0.394982043902079,0.0310003992170095,0.598671730359395,0.0967273021737734,-0.790962553024292,0.0813282137115796,-60.1323351139872,-54.2031762454377,-31.9640644446952,-73.6232426463712,-79.2779320215794,-41.9328793375472,-94.9172359565584,-90.40137366438,-56.4116482564249
31-Jan-2025 02:11:38,98,33,0.0497970332702001,0.397243078549703,0.0366436769564946,0.601949715614319,0.088639123737812,-0.783721339702606,0.124821902314822,-62.8924022795654,-55.015042095427,-32.9851046059719,-68.988592936022,-74.4542257202029,-41.4579237841496,-102.030124254669,-93.5573929007215,-58.955515130477
31-Jan-2025 02:12:17,98,34,0.0545401990413666,0.400270541508992,0.0424820090333621,0.603763365745544,0.0801155383388201,-0.77772258122762,0.155560047427813,-65.8155053907875,-57.7357252707888,-33.4744748368305,-65.1259122481145,-70.7609392876946,-41.3512043915775,-107.758580700972,-97.2760887094058,-60.8317666877964
31-Jan-2025 02:12:57,98,35,0.0594110605617364,0.403212708234787,0.0458611100912094,0.607494250933329,0.074830029408137,-0.766077363491058,0.196154914299647,-69.1201264748314,-59.8358171088367,-33.7730101024799,-61.499216071428,-69.5828627896203,-41.653603079418,-114.519821221373,-100.151122804262,-63.5742105867496
31-Jan-2025 02:13:36,98,36,0.0652290845910708,0.405643675724665,0.0510579598446687,0.612489732106527,0.057389901826779,-0.753360406557719,0.232402375340462,-72.9155065452863,-59.9006132782277,-34.0511278855249,-57.5405121503518,-67.3373912587632,-41.560560807465,-119.997453778821,-104.254326042203,-64.9497506565197
31-Jan-2025 02:14:17,98,37,0.0712558468182882,0.409264687697093,0.0540661829213301,0.618373807271322,0.0469508849084377,-0.736455337206523,0.270264703035355,-77.5562661089467,-61.1977616132902,-34.3190369272676,-53.7158043570809,-65.7582222115145,-42.3947980556151,-127.533282354794,-106.496613851687,-67.6668388116981
31-Jan-2025 02:15:00,98,38,0.0732356324791908,0.413780099153519,0.0560185390214125,0.622116124629974,0.0454038048783938,-0.72758401632309,0.285537242889404,-81.1197154192098,-64.0860860311886,-34.3568415983591,-54.8330946277125,-65.2622044060701,-43.7676750638168,-134.673208940029,-109.008443946943,-70.7547010095808
31-Jan-2025 02:15:43,98,39,0.0772197688619296,0.414268855253855,0.0525517178078493,0.621181766192118,0.0671063537398974,-0.728589177131653,0.280691645542781,-75.8978615680648,-61.8904230740699,-33.8182126607645,-57.6176502634295,-65.2361963909772,-43.4649953216258,-135.474438975795,-111.627425135719,-71.0550464889901
31-Jan-2025 02:16:26,98,40,0.0805342093110085,0.414545979102453,0.0498236094911893,0.61523365577062,0.101021226743857,-0.733314164479574,0.271169020732244,-70.7441801535705,-62.5300541376602,-32.5845576305072,-60.0252054151222,-64.9559761863355,-43.4094755194478,-136.026693513876,-113.938791895939,-71.6730854790753
31-Jan-2025 02:17:09,98,41,0.0844650814930598,0.414978138605754,0.0487221804757913,0.60525985956192,0.132553006211917,-0.739376604557037,0.263462483882904,-65.1745849574015,-61.8873322116049,-32.5783895539185,-62.9192603248027,-64.3986498869192,-42.8025356872762,-136.604460303115,-116.546351441879,-71.9249712244986
31-Jan-2025 02:17:54,98,42,0.0900828465819359,0.415576481819153,0.0471457441647848,0.595911010106405,0.166315061847369,-0.741689479351044,0.259087030092875,-59.2470328703953,-62.1784337907268,-30.6359649541641,-65.4565651134771,-62.8777705401158,-43.1198858401079,-137.644983217932,-119.752007380681,-73.9437803475909
31-Jan-2025 02:18:40,98,43,0.0897471706072489,0.416320039828618,0.0477104554573695,0.585180608431498,0.185480188330015,-0.749257361888885,0.248544147610664,-49.9155023379703,-63.7614471224374,-32.0004120928268,-68.4904948416485,-62.5251146696189,-44.1243809854411,-138.16688419554,-122.656711515913,-74.1460511595177
31-Jan-2025 02:19:08,98,44,0.0939905648430188,0.418557769060135,0.0450046037634214,0.579450070858002,0.201060508688291,-0.752776102224986,0.239040722449621,-41.731982582836,-43.7154163304418,-22.9432951006983,-71.6227370395683,-40.4065705372751,-27.8474486270253,-138.354474204542,-128.03593974936,-67.5150528158619
31-Jan-2025 02:20:10,98,45,0.0902454579869906,0.420637613534927,0.045082892725865,0.578128238519033,0.196398798624674,-0.759268633524577,0.22518082857132,-57.1474682163469,-62.6548634765939,-32.9753960431738,-76.1541354723624,-62.9050822740083,-46.8798025167349,-139.199908729241,-130.527430031914,-72.3174198944146
31-Jan-2025 02:20:43,98,46,0.0975447967648506,0.422811911503474,0.0446142134567102,0.575770231088003,0.208079947034518,-0.758866695562998,0.222064725557963,-38.8374565441807,-45.7370495918194,-24.9521059529516,-79.9601120225935,-35.3371219452791,-26.5667995305071,-140.449265511789,-133.975051339023,-74.1364696840715
31-Jan-2025 02:21:44,98,47,0.083019079764684,0.419180603822072,0.0418015867471695,0.573284677664439,0.204130900899569,-0.766285105546315,0.206112665931384,-56.6478325389008,-61.4941668299163,-32.2115467229107,-80.0836090343313,-63.4453769009431,-46.2694893222354,-137.550151027689,-127.470337741406,-69.0823061781426
31-Jan-2025 02:22:33,98,48,0.072899574538072,0.415077316761017,0.0419537807504336,0.564847866694132,0.211906698346138,-0.773512323697408,0.194219382603963,-54.1393342072017,-61.9119688102817,-33.7946397346954,-80.8132505754284,-63.5870138402415,-43.2733398949793,-134.639517108051,-119.854656899927,-63.3948133499898
31-Jan-2025 02:23:18,98,49,0.0661066840092341,0.411427193880081,0.0409317965308825,0.56224510272344,0.21929670671622,-0.77567549943924,0.184707708160083,-50.9963987122929,-61.5601131617814,-32.3145588673928,-80.4959643812051,-62.045341771357,-42.427770858231,-132.248123470644,-112.358492436518,-58.740655860725
31-Jan-2025 02:24:00,98,50,0.0583986389140288,0.407555093367894,0.0392659815649192,0.560569572448731,0.227017054955165,-0.776992015043894,0.174666651089986,-48.6612446357794,-60.4484286988482,-32.0028910605467,-81.2302143193216,-60.2620151983809,-40.8574920167366,-128.916349974353,-102.597086162143,-54.3031660409043
31-Jan-2025 02:24:42,98,51,0.0488009102642536,0.405150117476781,0.0392664136985938,0.558857524394989,0.232145673036575,-0.778093953927358,0.168393754959106,-47.1799812684634,-61.5818298286986,-32.9504297839287,-81.365232323608,-58.6578613733592,-39.5248582728691,-127.064386548619,-95.8280589822861,-50.0490100558055
31-Jan-2025 02:25:24,98,52,0.0390816370646159,0.402782426277796,0.0410856793324153,0.559702467918396,0.225709097584089,-0.780895026524862,0.161218944191933,-47.7006632557462,-63.1627737549408,-34.4525717724249,-80.9756343609793,-58.1932939223146,-38.5360470778151,-124.452328158165,-88.3052213496875,-46.2615209880678
31-Jan-2025 02:26:07,98,53,0.0294233746826649,0.401568156480789,0.0423450517157714,0.562044163544973,0.22250503997008,-0.780172967910767,0.161021842559179,-49.2973179203283,-65.4924890793788,-36.457015393478,-80.9237284148932,-58.8985196582586,-38.0941471571678,-123.635222285349,-80.4804784907182,-42.3323653790105
31-Jan-2025 02:26:51,98,54,0.0181699529290199,0.400553663571676,0.0442639246582985,0.567403701941172,0.199091277519862,-0.78424281279246,0.152901924649874,-53.2319589235602,-68.5715901029148,-38.1126098308097,-80.4406684770782,-60.113641987697,-37.850702873724,-120.865592671354,-69.2797830185635,-38.7073764992935
31-Jan-2025 02:27:34,98,55,0.00848999818166097,0.399145797888438,0.0466347773869832,0.571223453680674,0.189770511786143,-0.784770766894023,0.147735569874446,-53.9855930961169,-71.6503839759997,-39.3687796762807,-79.6670315433989,-61.4337126138825,-36.5064864088818,-118.544701186768,-60.4411112398162,-37.4844709842466
31-Jan-2025 02:28:21,98,56,0.00375934575373928,0.399109017848969,0.0498105640212695,0.571617253621419,0.170960655808449,-0.789284133911133,0.145109492540359,-57.648723853336,-74.0540242738592,-42.3752372258212,-78.5981061117874,-61.8312573884416,-36.7118838533405,-116.598178766888,-59.3834513077725,-35.5876071515348
31-Jan-2025 02:29:06,98,57,-0.000759578996803612,0.399992634852727,0.0547482666869958,0.575331672032674,0.138527361551921,-0.796590530872345,0.123479655385017,-63.4956623487836,-79.7577900446416,-44.6988871038945,-79.4770376048491,-61.5245126994881,-37.6062723298301,-112.187462276659,-60.0520428973367,-37.3698343053485
31-Jan-2025 02:29:48,98,58,-0.00319123733788729,0.399025789896647,0.0587358420093854,0.576330971717834,0.124939598143101,-0.801145748297374,0.101971623301506,-65.1574749903968,-83.3802674216175,-47.3476089079852,-80.2071469734277,-59.3371365476279,-37.3880642836448,-107.720338052606,-61.6533874485768,-37.3710718797461
31-Jan-2025 02:30:31,98,59,-0.00378568361823758,0.399709566434224,0.0614948170880477,0.579480806986491,0.0937528823812803,-0.805966134866079,0.0763608773549398,-71.0267247050928,-86.4871006016903,-51.2838666750846,-81.0128452797648,-58.9844446643144,-38.3385579761222,-103.300009961641,-64.2461084806548,-38.2818146644356
31-Jan-2025 02:31:13,98,60,-0.00546711205194394,0.401250763734182,0.0665047233303388,0.58367041349411,0.0565567736824354,-0.807769207159678,0.0603252535065015,-77.4996929563302,-90.2361116833115,-54.2138924236884,-81.6313380549811,-58.3490949152742,-37.7734025379308,-99.7280799372207,-65.8345177531519,-39.347310054271
31-Jan-2025 02:31:49,98,61,-0.00785848510762056,0.402156710624695,0.0703499525785446,0.586304116249085,0.0256531079610189,-0.808543825149536,0.0429690480232239,-83.0745204758383,-94.1562117157069,-57.6908021630443,-82.0812280646371,-33.4974162333698,-38.6254225344051,-95.6803489460722,-70.1457711458584,-40.5651817466793
31-Jan-2025 02:32:34,98,62,-0.00855682014177243,0.403561427195867,0.0743030965328217,0.58722387154897,0.000485342193860561,-0.808703768253326,0.0341487385332584,-87.4502776294818,-98.1618562234894,-60.4661538977763,-82.3718166915128,-56.9875730850349,-39.0610302482123,-93.3447174715596,-72.2934465986696,-42.3092415903742
31-Jan-2025 02:33:17,98,63,-0.0118561496337255,0.400426187117895,0.0794856001933416,0.584108555316925,-0.0217069027324518,-0.809991399447123,0.047539446502924,-86.681583239475,-101.406394109625,-59.7646918966752,-74.1067867805321,-55.9576946649719,-38.2438599975784,-89.0944752141198,-70.4571542626898,-39.8787107964393
31-Jan-2025 02:33:59,98,64,-0.0146043324222167,0.397809606790543,0.0818270857135455,0.580451293786367,-0.0448361669977506,-0.811124515533447,0.0560629879434903,-87.300621258002,-102.722318114608,-58.400340394418,-66.9644315238563,-54.2632751283007,-37.5475866762776,-85.1597578358389,-67.3674674417361,-38.0297270403261
31-Jan-2025 02:34:40,98,65,-0.0167414426803589,0.394595770041148,0.0843329141537348,0.578102374076843,-0.0666184797883034,-0.810804382960002,0.0628959481914838,-86.5135254807959,-102.398935179014,-57.5295441415828,-60.533413594333,-51.7865850333254,-35.6367618196435,-81.3828028971376,-64.4010833782955,-35.9465168031236
31-Jan-2025 02:35:20,98,66,-0.0178287868698438,0.391139793395996,0.0849529380599658,0.573396710554759,-0.0890706777572632,-0.810579053560893,0.0790205771724383,-86.7483628057234,-100.130898773132,-55.7805255134587,-53.7830643283859,-50.7187596591982,-34.1686611953427,-78.584729178226,-60.7463506936115,-33.5211933253766
31-Jan-2025 02:35:58,98,67,-0.0208310222874085,0.387492418289185,0.0872627208630244,0.569942367076874,-0.117288537323475,-0.808823982874552,0.084928867717584,-87.1941666817175,-98.0155356321056,-54.4173956976901,-47.398049394227,-46.6053666454948,-32.6969226872085,-73.8760960692093,-54.4974436983058,-31.5248132273573
31-Jan-2025 02:36:36,98,68,-0.0241365383068721,0.384585881233215,0.0879006033142408,0.565381646156311,-0.14559651017189,-0.807062395413717,0.0882929464181264,-88.570453833245,-95.3015091235073,-53.7722102880992,-41.3457016259621,-46.3691898120035,-30.9983652371578,-68.0621832651401,-48.0014495476892,-29.2929048192018
31-Jan-2025 02:37:14,98,69,-0.027079310019811,0.38206049601237,0.0906461204091708,0.558632043997447,-0.169992053508759,-0.805359848340352,0.102119888861974,-90.1119826225392,-93.2631509311228,-53.4109970815972,-34.9346874406442,-44.9966210686183,-29.1113983161487,-63.7206306135446,-42.7319118194172,-27.1682322559782
31-Jan-2025 02:37:50,98,70,-0.0291456172863642,0.379721208413442,0.0897554874420166,0.55816201766332,-0.187019268671672,-0.80304522116979,0.0927215690414111,-90.3861322307167,-90.5876268968454,-51.4667699766396,-31.9443400467998,-42.980856370286,-27.3552266596605,-58.0902580381859,-39.0506023023175,-24.8721776152206
31-Jan-2025 02:38:29,98,71,-0.0215622962762912,0.377048639456431,0.0818546682596207,0.566544171174367,-0.199026853839556,-0.795767056941986,0.0785545726617177,-90.8858438691647,-83.4743291841398,-46.6393940043188,-32.0088726653699,-43.5480283005341,-26.8221733990648,-54.1122839088836,-40.7209786992566,-25.7496713005277
31-Jan-2025 02:39:07,98,72,-0.016158435990413,0.375471299886703,0.0750531435012817,0.574844797452291,-0.213382802406947,-0.787854127089183,0.0575075782835484,-92.7187107123336,-73.8767400109611,-42.2412645573842,-33.3035719818085,-43.3169012420455,-25.6468189545994,-50.1496047986405,-42.6759121489888,-26.2093194664514
31-Jan-2025 02:39:44,98,73,-0.0103783064211408,0.373515522480011,0.069540748000145,0.581484305858612,-0.214427847663562,-0.784048473834991,0.0341273119052251,-91.0931551578629,-63.7120051075457,-37.3077583731426,-34.9883546471812,-41.8616246891887,-24.075313918199,-45.969573197927,-44.7731241251175,-26.6100448726832
31-Jan-2025 02:40:22,98,74,-0.00475787067164977,0.372198309501012,0.0628156503041585,0.586888615290324,-0.216645164291064,-0.780066422621409,0.0110913449898362,-90.4383884045724,-56.563697339012,-33.5315638202475,-36.793178987021,-41.1442733891476,-23.0557335858312,-42.5058653519783,-49.6414753644445,-27.4313088990692
31-Jan-2025 02:41:02,98,75,-0.00121888100014379,0.371134849389394,0.0597783463696639,0.591533335049947,-0.214437105258306,-0.776945690313975,-0.0214591002712647,-88.919016051872,-52.873603137919,-29.6590250830257,-39.1830241640943,-40.1958847155145,-22.8371156054797,-37.450319383412,-53.2703962353706,-28.3878422355322
31-Jan-2025 02:41:42,98,76,-0.000374436176692446,0.368302065134048,0.0652744899193446,0.591756959756215,-0.204273029168447,-0.779521795113881,0.0210249663641055,-84.7187251216766,-54.9987962627787,-30.9354298489701,-32.6799129037646,-37.4472305972209,-21.9181307464178,-40.8204223291616,-50.709401667805,-26.9684354241017
31-Jan-2025 02:42:21,98,77,-0.00334249028625588,0.365790768464406,0.0700759833057722,0.585700841744741,-0.201435125867526,-0.783287155628204,0.0532885919014613,-80.6022827916288,-57.5760427794986,-32.4877485688329,-25.6855568527432,-35.7658171355293,-21.4243864753599,-41.9550657442568,-47.0885495081391,-25.2453459401904
31-Jan-2025 02:43:01,98,78,-0.0058913662408789,0.364166390895844,0.0735710034767787,0.579755512873332,-0.182385089993477,-0.790407955646515,0.0766455958286921,-76.5277647616547,-60.6793159921485,-34.7030242656548,-22.045578406376,-34.3930240021387,-20.9932624983041,-44.0719793940248,-43.6127685524231,-23.8954151200388
31-Jan-2025 02:43:25,98,79,-0.00518627449249228,0.359630636374156,0.0785320277015368,0.575043837229411,-0.162814975778262,-0.795340939362844,0.101235775152842,-66.9992088817175,-59.3206025527636,-31.9997784509563,-10.4077887623359,-13.5995410328982,-8.89344866824936,-43.5300281611292,-40.6595231986821,-18.682063631767
31-Jan-2025 02:44:12,98,80,-0.0111856555566192,0.360791788498561,0.0756646389762561,0.572218267122904,-0.136525924007098,-0.803355419635773,0.0924500346183777,-66.2186340767988,-66.1558957873611,-35.7622718804976,-19.8960935194592,-30.4957131457333,-20.059289911695,-45.1836444869018,-35.0425456459286,-20.3870018094351
31-Jan-2025 02:44:34,98,81,-0.016965140402317,0.356653408209483,0.0823346023758253,0.562412758668264,-0.124531750877698,-0.809232691923777,0.115438828368982,-57.5870498093892,-65.23819235895,-33.8326349321588,-2.37244547716455,-10.4367127996059,-7.60795869189101,-43.9600445920085,-26.8937019936688,-14.9760848200731
31-Jan-2025 02:45:24,98,82,-0.0186500658591588,0.357553984721502,0.078436079621315,0.562509135405223,-0.100334671636422,-0.813620050748189,0.10741915901502,-56.9549608107343,-69.0689905990344,-39.6319327948799,-17.0928210351606,-30.3251262239976,-18.898041240462,-46.6978365867823,-26.1789252916559,-16.8072402471961
31-Jan-2025 02:45:57,98,83,-0.0211571332067251,0.356537236769994,0.0851266587773959,0.562639343738556,-0.125590812166532,-0.810897545019786,0.100544256965319,-59.2042403225834,-70.2031253823577,-37.2740323205116,-14.1883738198804,-9.82516056249996,-6.81657909053168,-41.7075629231149,-25.4654504929251,-16.2028574995261
31-Jan-2025 02:46:42,98,84,-0.0264750072111686,0.359129716952642,0.0822949310143789,0.567090670267741,-0.167808698614438,-0.80360689163208,0.0668161789576213,-67.5408936516212,-72.6368855828048,-37.1108655489084,-18.032432504673,-29.3495483436324,-19.8704703826949,-36.7326372318642,-25.110492431756,-17.1464928559774
31-Jan-2025 02:47:09,98,85,-0.0329634994268417,0.357922542095184,0.0930064648389816,0.5657231092453,-0.203756499290466,-0.797602828343709,0.0476479982336362,-69.9962338892533,-75.2704584918139,-37.5950656286876,-4.25074413950195,-8.7361128460793,-7.16703839590533,-28.4653855268219,-24.8597927393678,-12.8641372644893
31-Jan-2025 02:47:35,98,86,-0.0356636707981427,0.359102610747019,0.0940831507245699,0.566509934266408,-0.225137501955032,-0.791914868354797,0.0353622580567996,-74.5359175811826,-78.153937755104,-38.6279491341581,1.76881775065093,1.79623429081627,-0.559944769639106,-24.8519708148838,-24.06122223137,-15.2687861990315
31-Jan-2025 02:48:00,98,87,-0.0446916326880455,0.361336412032445,0.0985563183824221,0.56195848385493,-0.252303169171015,-0.787514201800029,0.0191624980419874,-79.4427730002604,-81.6873701955345,-40.0851743524742,4.35731640329471,7.36303724738307,2.5489796763654,-15.9154745994978,-19.7637163155674,-11.5669373965889
31-Jan-2025 02:49:03,98,88,-0.0407241500914097,0.369310969114304,0.0946520070234935,0.565557686487834,-0.2565558274587,-0.783618684609731,0.0162922030935685,-88.8832142829125,-87.1957792245353,-45.4295704272131,-23.7197165628159,-33.952931886215,-22.6411804677607,-28.9174376323878,-27.6667426958624,-18.5368397256537
31-Jan-2025 02:49:53,98,89,-0.0417798849443595,0.373147924741109,0.0943489228685697,0.559735230604808,-0.282557926575343,-0.778820343812307,0.0172167180726926,-97.7404484973518,-89.1916765478213,-45.6675519301634,-25.3545153383039,-35.9352870648952,-24.1058829069525,-30.5386302894158,-28.6950352242062,-19.5176176204724
31-Jan-2025 02:50:17,98,90,-0.0440980086723963,0.37259329756101,0.0997991671164831,0.557349797089895,-0.291186410188675,-0.777222919464111,0.0222762861599525,-97.5725117931258,-89.1031823058463,-44.5697196319648,-9.49056091381715,-11.6654486755866,-8.87162453935966,-28.5216977525194,-27.1472335888969,-16.1284310202764
31-Jan-2025 02:51:10,98,91,-0.0422521501779556,0.376669915517171,0.0959334601958593,0.55985541343689,-0.287420604626338,-0.777001305421193,0.0148436386759082,-101.908773321847,-91.5865601374427,-49.0952836908191,-28.5660479416747,-38.8372067975495,-26.5185017455331,-32.8470726216575,-31.4182484905998,-20.9169633115188
31-Jan-2025 02:51:38,98,92,-0.0383993913729986,0.377088771263758,0.0998966629306475,0.558668959140778,-0.289498732487361,-0.776487251122793,0.0338680289685726,-102.647133967041,-90.9308740058247,-46.9075459281998,-10.9612556957044,-13.2797631751468,-10.5059467385897,-35.6936011938129,-35.6736716608087,-19.2943550484804
31-Jan-2025 02:52:32,98,93,-0.0378543734550476,0.380970329046249,0.0966294457515081,0.560820257663727,-0.283911176522573,-0.777320635318756,0.0254518148799737,-105.786544170472,-94.1056558925996,-53.2131572548437,-32.0163238128203,-42.2827186805627,-29.413675625088,-39.975706617477,-39.2462989652708,-24.0661765083016
31-Jan-2025 02:52:57,98,94,-0.0330590046942234,0.382516835133235,0.0988961641987165,0.55814075867335,-0.286475010712942,-0.777052446206411,0.0509941957890987,-107.876479153021,-92.8206717885708,-49.2904431261192,-12.251322111479,-15.4658737498863,-11.931546458307,-44.3756004668953,-42.2525283368593,-23.3352128295527
31-Jan-2025 02:53:54,98,95,-0.0300858659048875,0.387411465247472,0.0931913867592812,0.559305508931478,-0.273087201515834,-0.781206913789113,0.0481301387151082,-111.916676525129,-96.5808046891402,-53.7535662697105,-37.4762855009097,-44.9641286011655,-33.3294882648866,-51.4593885291908,-48.2005587420111,-27.2778565815186
31-Jan-2025 02:54:27,98,96,-0.0211092955122391,0.390086255470912,0.0984063406785329,0.559428878625234,-0.271597089370092,-0.778525686264038,0.0846884280443192,-114.457005092017,-95.1384960920088,-56.4846080494597,-14.6962314357255,-17.4949333434207,-14.4674655581461,-59.7351236979249,-55.7694896639445,-31.307304048842
31-Jan-2025 02:55:26,98,97,-0.019949442272385,0.394846381743749,0.0932276909550031,0.558672340710958,-0.258635640144348,-0.783035484949748,0.0885908265908559,-117.897399256295,-98.8199667460269,-58.3496091472878,-41.1136686432349,-50.9420130311659,-35.550460594746,-67.0318324198782,-59.4238708442688,-35.3801533738441
31-Jan-2025 02:55:59,98,98,-0.0107995636761189,0.396836340427399,0.0946090221405029,0.561898386478424,-0.261318576335907,-0.777028862635295,0.110494151214759,-120.437826219268,-96.5883270256198,-52.6565899041555,-39.3298514870906,-20.872230191654,-15.6309645030156,-74.4390279184412,-63.5209771537884,-38.1247036276855
31-Jan-2025 02:56:58,98,99,-0.008765809237957,0.401824223995209,0.0897544587651889,0.560034386316935,-0.254787627855937,-0.778795786698659,0.122155110538006,-124.478269581588,-100.925132118,-56.9095604905429,-44.0704071491195,-54.9690160885157,-39.1102228471206,-81.751466805309,-68.3644460279058,-40.7301043459466
31-Jan-2025 02:57:49,98,100,-0.00156191320468982,0.405794916550318,0.0891496295730273,0.563069160779317,-0.243560587366422,-0.776490565141042,0.143853296836217,-127.168721143582,-98.496159616774,-56.6855259916901,-46.898149220235,-56.6490863535631,-18.1388584091427,-89.5415273863292,-73.581096184322,-43.4159302964176
31-Jan-2025 02:59:20,175,1,0.0015231849392876,0.320752557118734,0.0406130251785119,0.594332762559255,-0.00327549930661917,-0.80419948498408,-0.00458808674787482,-6.67500000000001,-13.125,-4.95000000000001,-5.17500000000001,-12.225,-5.02500000000001,-5.55000000000001,-7.20000000000001,-5.25000000000001
31-Jan-2025 02:59:51,175,2,0.000736245571170002,0.324914405743281,0.0415643247465293,0.594334598382314,0.0132152467345198,-0.803484034538269,0.031704572836558,-7.70254099123416,-18.3308208313684,-8.17053335986179,-5.80892766882741,-15.8174739824493,-7.73886348076168,-15.297016939609,-8.23869972468732,-5.61821983481242
31-Jan-2025 03:00:22,175,3,0.00171129411707322,0.328318550189336,0.0436657617489497,0.592381954193115,0.0325617156922817,-0.802300584316254,0.0658571362495422,-8.6738319824683,-20.8928916627369,-10.2285667197236,-6.5366053376548,-15.7536979648987,-9.60897696152334,-23.9940338792179,-9.3898994493746,-4.56143966962482
31-Jan-2025 03:00:55,175,4,0.00208368860185146,0.331186499198278,0.044023676464955,0.593122982978821,0.0314954549074173,-0.799573663870494,0.0888546059528987,-11.7169979737024,-23.0330874941054,-11.8553500795853,-6.63615800648218,-18.961796947348,-10.532215442285,-31.6410508188269,-11.2723491740618,-5.49215950443719
31-Jan-2025 03:01:31,175,5,0.00500346127276619,0.334199595451355,0.0458553120493889,0.590891202290853,0.036947434147199,-0.796435177326202,0.123180915911992,-14.2211014649365,-25.1873458254739,-12.8915084394471,-5.37164817530956,-20.7308334297973,-10.8320164230466,-39.2130677584359,-13.3704238987491,-6.51662933924954
31-Jan-2025 03:02:07,175,6,0.00886204106112321,0.336452639102936,0.0474930644035339,0.586290872097015,0.058408722281456,-0.792551449934642,0.157205855846405,-13.0056737061706,-27.7986354068424,-13.7073542993089,-4.40010709413695,-21.4053386622467,-11.1200986538083,-46.8225846980448,-14.9763111234364,-7.51297417406189
31-Jan-2025 03:02:40,175,7,0.00673238498469194,0.339650466044744,0.0432293069859346,0.590264352162679,0.0488243790964286,-0.79084879954656,0.154150533676147,-17.5364057202888,-28.2960212141387,-15.0001774039098,-7.57518296474104,-26.3521447481279,-14.4829443977017,-49.5903697810847,-16.1445662579643,-9.59533350477861
31-Jan-2025 03:03:13,175,8,0.00582120595499873,0.344010841846466,0.0408452806373437,0.592884322007497,0.0385799835125605,-0.790817022323608,0.146997425953547,-23.5747549219069,-27.220164833935,-16.0879223835107,-11.7235010228451,-30.0503180215092,-17.6928604540951,-52.2175298641245,-18.6897745174922,-10.9581615854954
31-Jan-2025 03:03:47,175,9,0.00450290100028118,0.349562217791875,0.0397018780310949,0.59415043592453,0.0384901439150174,-0.792812085151672,0.130202868580818,-29.316912717275,-27.3826873599813,-17.7481283006116,-19.0584401746992,-33.7991748886405,-21.0513116667385,-55.6743774471644,-22.4484593395202,-13.6862240412121
31-Jan-2025 03:04:24,175,10,0.00282186168866853,0.354095923900604,0.0397286506990592,0.595099286238353,0.0253793485462666,-0.794050586223602,0.121228959659735,-35.9609748095181,-34.8393993391526,-19.0195646864626,-23.6366898734283,-37.3483735526467,-24.1090304575069,-58.4210687802042,-25.6138824427982,-15.3719036844288
31-Jan-2025 03:04:58,175,11,0.00194930482345323,0.357653325796127,0.0369004828234514,0.596609667936961,0.0266854239006837,-0.793915696938833,0.114204576611519,-38.7809890501987,-36.1182060448863,-19.7216163066885,-28.0365948455948,-41.3227431150905,-27.0163830373378,-61.262681988244,-27.5076746867012,-16.6863919213956
31-Jan-2025 03:05:34,175,12,0.00190891968862464,0.362212938070297,0.0340864392618338,0.598152303695679,0.0295711160947879,-0.795337891578674,0.0936859592795372,-42.3889793650981,-38.8080601139013,-20.8139755441019,-35.7223274544802,-45.734698126753,-29.7735525117,-64.0767561337838,-31.4656515009168,-18.7152844552373
31-Jan-2025 03:06:11,175,13,-0.00153248751691232,0.366867385307948,0.0307998858392239,0.597771036624908,0.0309569639464219,-0.797767066955566,0.0726576561729113,-48.8659577171068,-42.4284378645569,-21.9514885901091,-42.5009738817248,-50.1404458630248,-32.4556304333277,-66.0520607480737,-33.7557206002885,-20.1263791375166
31-Jan-2025 03:06:49,175,14,-0.00240610218606889,0.371062608559926,0.0291934305181106,0.597036759058634,0.0262538099040588,-0.799067970116933,0.0659412994980812,-54.0024300876702,-45.1640774560329,-23.6365785404131,-48.9760772181492,-55.6680899616014,-35.2501625785883,-68.8829805967385,-35.2868358422383,-22.8035748940146
31-Jan-2025 03:07:24,175,15,-0.00584073572730025,0.373853764931361,0.0257941737771034,0.596927873293559,0.0129692717765768,-0.800438062349955,0.052989153812329,-58.768649467511,-47.232347967919,-24.3204569428656,-51.6994090091634,-60.8566822413302,-38.1009218356653,-68.9917080625908,-36.5134741554772,-23.4888211876219
31-Jan-2025 03:08:01,175,16,-0.00664756751308839,0.377409392595291,0.0230028163641691,0.596826628843943,0.00296823734727999,-0.801261858145396,0.0420549546678861,-64.0247423519905,-49.1919339400102,-25.9287295713923,-55.6968550274726,-67.0757486116353,-41.1297946486506,-70.2893393370369,-39.3878740043606,-25.578092749784
31-Jan-2025 03:08:37,175,17,-0.00763800082107385,0.379589692751567,0.0184074021875858,0.597495925426483,0.0286758966743946,-0.800979479153951,0.0246621719251076,-61.9737336886605,-50.0942342439881,-26.2560497493152,-61.8501609718927,-71.1718489418042,-42.9619448323447,-71.9391413279674,-40.344375975736,-26.2443097590253
31-Jan-2025 03:09:14,175,18,-0.00858557429164648,0.381979423761368,0.013376963386933,0.600460561116536,0.0660608028372129,-0.79691766500473,0.00231242668814957,-55.9576934014902,-51.3068634130174,-27.1144684837567,-69.8969954731365,-73.9130677946171,-45.3636234050159,-74.1486692710463,-41.0378183310224,-26.7365330854052
31-Jan-2025 03:09:51,175,19,-0.00883774862935146,0.38445961078008,0.0100475929677486,0.602906390031179,0.111910080413024,-0.789720435937246,-0.0179365263630946,-51.4841373023997,-53.1246570145722,-28.0134364964574,-78.2155942527921,-76.576845908752,-47.2250661721756,-75.9630601901994,-42.4997308782644,-27.6667595703545
31-Jan-2025 03:10:27,175,20,-0.00895331371575594,0.38662274479866,0.00530946621050437,0.603835332393646,0.154510522882144,-0.780874260266622,-0.0417710572481155,-46.7318232973491,-54.5700328323899,-29.1576791482878,-85.7700751716537,-79.351903653548,-49.3413910365796,-77.7298825973896,-44.0458785214842,-28.7409876345884
31-Jan-2025 03:11:02,175,21,-0.00942988668878873,0.389088477691015,0.000596887024585158,0.604440180460612,0.194879804054896,-0.76978745063146,-0.0640408908327421,-42.2151303393185,-55.229199758339,-29.374559119683,-93.9174971601183,-81.7326012136744,-50.5351569496057,-79.9229207485984,-44.5091437126929,-28.9872164884647
31-Jan-2025 03:11:39,175,22,-0.00963796234379212,0.392307680845261,-0.00490678443262974,0.604750144481659,0.234902035196622,-0.75626874367396,-0.0845925057927767,-38.1162479047979,-55.7202622383538,-31.4527577508606,-101.536389683384,-84.9661186814661,-51.9426433869429,-81.8790667718164,-45.0309676778961,-31.2944457371621
31-Jan-2025 03:12:17,175,23,-0.0084216671064496,0.393987953662872,-0.0036887071095407,0.604399391015371,0.244844462474187,-0.753796541690826,-0.0808910618225733,-38.1763445250612,-56.0446400941061,-30.8232239538894,-103.756458228508,-85.7837276079573,-50.3512552814769,-84.0037348209842,-45.448137572981,-31.3056328973202
31-Jan-2025 03:12:57,175,24,-0.00535550868759553,0.394782280921936,-0.00103552003856748,0.602336418628693,0.255872684717178,-0.752056213219961,-0.0783039246996244,-37.2533937762019,-56.5519918383748,-30.9215198218639,-105.544394407331,-84.6020415113647,-48.1007973070886,-86.0691798381544,-46.4424471615644,-32.8445701561836
31-Jan-2025 03:13:41,175,25,-0.00224682178037862,0.395832385619481,0.00208317291301986,0.598805359999339,0.263942708571752,-0.752000359694163,-0.0791323115428289,-37.2639193427813,-58.0508305269019,-30.3337305223112,-107.866264403005,-82.6457079032304,-45.8958043982393,-88.2550133393257,-48.6253265968972,-34.3223824643996
31-Jan-2025 03:14:22,175,26,0.00250974025887748,0.39658438762029,0.00560828391462564,0.593114697933197,0.273479761679967,-0.753177666664124,-0.0784040714303652,-36.3161830670801,-58.245412687558,-30.1528986389949,-109.630101307104,-77.9020505393251,-44.0135440221593,-90.6510410824975,-51.3274909556047,-35.3196322972919
31-Jan-2025 03:15:06,175,27,0.00593571414550145,0.397552162408829,0.0109901368618011,0.586838535467784,0.279624940951665,-0.756083861986796,-0.0759451429049174,-37.3643158702387,-58.9128665842788,-31.9755454637968,-111.714921665415,-73.2647312975343,-42.2926499124641,-93.2271659466697,-54.4392977759994,-36.0016008925224
31-Jan-2025 03:15:50,175,28,0.012471307379504,0.398842785755793,0.0146980710327625,0.575958029429118,0.28714738090833,-0.761344095071157,-0.0785744672020276,-37.235383212827,-60.4167563490318,-30.9749316426578,-113.285233750833,-69.3555811168009,-40.8024389359613,-95.968339371342,-59.0309258272379,-38.175928868922
31-Jan-2025 03:16:33,175,29,0.0118506959949931,0.39869539141655,0.0137653068949779,0.581313037872314,0.276427614688873,-0.763586052258809,-0.0509833169480165,-38.7728607139606,-59.8978909769052,-32.2811735027618,-108.975311339824,-72.8676050541397,-42.4200868594878,-98.2223161315929,-58.9198048249733,-38.176579241105
31-Jan-2025 03:17:08,175,30,0.0139324779932698,0.397713190317154,0.0086564394334952,0.587437391281128,0.274323666095734,-0.761054142316182,-0.021457476913929,-36.9410718499516,-32.1756345717857,-30.3316002013806,-103.711761860592,-78.2491712567429,-44.4704055663124,-100.217555031969,-58.2036391304195,-38.5503194585803
31-Jan-2025 03:17:36,175,31,0.0159597809116046,0.396015574534734,0.00616893398885926,0.593969051043193,0.270605456829071,-0.757504880428314,0.0126431004454692,-31.8496498033714,-16.5016826501706,-15.954119319257,-98.1213988472489,-78.1905085919782,-46.512059664786,-101.858425002407,-58.3099510897213,-37.0106045987017
31-Jan-2025 03:18:27,175,32,0.0112891165539622,0.395434480905533,0.00917533170431852,0.601210232575734,0.243059655030568,-0.759956018129985,0.043990171700716,-40.0534111655054,-55.6768829703085,-31.1376846467617,-91.9926290668496,-82.6867314935296,-48.0993814590841,-103.622110507877,-57.1775018759507,-36.8391622001461
31-Jan-2025 03:19:08,175,33,0.00889768035461505,0.394834850231806,0.00735956076532602,0.60840106010437,0.223265512784322,-0.757702497641246,0.0767308687170347,-41.7047642319967,-55.6016594113223,-30.201773079081,-85.8196559029223,-85.7103971782391,-49.4595371012945,-105.522203780863,-55.650672075644,-36.0768560322521
31-Jan-2025 03:19:49,175,34,0.00684418035671115,0.394232430060705,0.00586158282433947,0.615104536215464,0.20078976949056,-0.754917057355245,0.106911868353685,-43.6799131506665,-55.476223912774,-30.9561230638075,-79.699581047231,-89.1977842545275,-50.9311096674611,-106.815500937606,-54.3016519820693,-35.3941179796889
31-Jan-2025 03:20:32,175,35,0.00430713916818301,0.394923402865728,0.00368384423976143,0.620783225695292,0.181973728537559,-0.751955362161001,0.126794729630152,-46.7919599954257,-55.7756824444446,-31.2806038247376,-76.4559553456578,-93.2170320266055,-53.0583906956057,-108.255400036228,-52.9665367418605,-35.126163984791
31-Jan-2025 03:21:13,175,36,0.00818829418470462,0.395722144842148,0.0112831153596441,0.617008384068807,0.163844678799311,-0.756580460071564,0.141568437218666,-51.4134717441493,-56.3599658307768,-32.2435766775008,-73.9211206111098,-91.2834551208093,-50.9338862258101,-109.933559008374,-54.9592767649159,-36.8307912209716
31-Jan-2025 03:21:54,175,37,0.0099719962105155,0.395470776160558,0.0190341199437777,0.612259920438131,0.143427117665609,-0.762886714935303,0.150234273076057,-55.8692079743953,-58.1004727246636,-33.7740822243149,-72.2178981650913,-88.0953433889605,-48.6733088715091,-110.148368465989,-56.9929930013127,-37.5891144715686
31-Jan-2025 03:22:34,175,38,0.0105616034939885,0.39581789970398,0.0254681127766768,0.608847057819366,0.118190303941568,-0.768324951330821,0.158155409495036,-61.1420564454025,-58.3190913723277,-35.3633541181544,-69.7304818633376,-84.5799642440853,-46.3446950749553,-109.93150316634,-58.7471973443803,-37.3492857293738
31-Jan-2025 03:23:09,175,39,0.0124362313499053,0.396760761737823,0.0325838762025038,0.603587977091471,0.081765486796697,-0.77706423997879,0.158641522129377,-70.1984610367901,-46.6767658968799,-35.1820091855066,-68.0509686337162,-78.2759513926971,-43.6820630572751,-108.898800488058,-60.8866457407833,-38.1103809907831
31-Jan-2025 03:23:49,175,40,0.015068365757664,0.397662810484568,0.0397513285279274,0.597964954376221,0.0619923546910286,-0.782747475306193,0.160938828190168,-74.6216436883681,-62.0289683598772,-33.9653558396153,-66.9254069401611,-72.1526216880522,-41.6774219290317,-108.958179120459,-63.143716163854,-38.9219382539944
31-Jan-2025 03:24:29,175,41,0.0187071513384581,0.3943252881368,0.0340310846765836,0.601172920068105,0.0675230438510577,-0.784788143634796,0.134682346383731,-69.2112648970968,-57.6634288539087,-30.9620447241893,-66.7084933458757,-72.0218984962836,-41.8664081214402,-103.122255525563,-67.8828562818757,-39.7338552650965
31-Jan-2025 03:25:07,175,42,0.0221141707152128,0.391194705168406,0.0306886564940214,0.601679189999898,0.0687551851073901,-0.787693683306376,0.113108680148919,-63.5050806208731,-54.4590213325512,-29.0874065054523,-65.2800676356069,-72.0488460912008,-41.3573920362079,-97.2593522583369,-70.2139019065643,-40.9333877766492
31-Jan-2025 03:25:48,175,43,0.0269809678196907,0.388166137536367,0.0288046774764856,0.600910178820292,0.0825532297293345,-0.78732788960139,0.110484099884828,-58.0259936021731,-52.2851798034994,-28.7521047350599,-63.3958858673464,-73.654629079461,-41.0243748121552,-93.7079591549466,-72.7659002845864,-42.0267280384271
31-Jan-2025 03:26:29,175,44,0.029463096956412,0.385967522859573,0.0233599159866571,0.597764762242635,0.0964894538124402,-0.791609525680542,0.0819846813877424,-52.735455212235,-49.3516212706003,-27.9114711888398,-64.43382607009,-75.6748297643926,-40.6293570186923,-88.087321133474,-75.7283750392752,-42.5419721753176
31-Jan-2025 03:27:11,175,45,0.032097319016854,0.382633789380391,0.0186766073107719,0.592966218789419,0.103045322497686,-0.797352794806163,0.0447354666888714,-47.4641911366779,-45.5132042357776,-27.3431717547058,-65.9578272583357,-77.4522392976599,-40.2033389405243,-80.5320606529603,-78.5960879822974,-43.7431682497644
31-Jan-2025 03:27:51,175,46,0.0345101572573185,0.378247479597727,0.015343866062661,0.585989081859589,0.10164978603522,-0.803821531931559,0.0124551108727853,-41.8275642183112,-42.947357949993,-26.4610393766149,-63.2998589393324,-77.6832532550951,-39.9868207200038,-70.4344889429261,-81.4164200194863,-45.3623402929894
31-Jan-2025 03:28:33,175,47,0.0391273153324922,0.375976228713989,0.013657248703142,0.58116127649943,0.102062866091728,-0.807360414663951,0.00198246385746946,-38.6332558785398,-40.1927970387276,-25.1969905265455,-61.0259058667046,-77.1410694246143,-40.175052428307,-64.4657616181315,-84.6630616037585,-48.3905003206034
31-Jan-2025 03:29:13,175,48,0.0408226119975249,0.374935203790665,0.0119978441546361,0.575685326258341,0.0958289196093877,-0.811913148562113,-0.0141533543666204,-37.7851068280659,-10.5688788147209,-25.4669834404871,-60.8939604172646,-78.3872867001754,-40.265659101022,-60.1114564859568,-86.7728579615724,-50.098154340412
31-Jan-2025 03:29:40,175,49,0.0384555786848068,0.370890430609385,0.0106105260550976,0.567983857790629,0.116461106638114,-0.813691552480062,-0.041677787899971,-26.1065456862296,1.74094565544284,-8.92326068256154,-63.4084822616246,-69.118174464561,-34.985065464866,-52.9806980084736,-77.9361803336666,-42.2514069110939
31-Jan-2025 03:30:31,175,50,0.032380336523056,0.371692349513372,0.0146494706471761,0.564866789182027,0.122931710879008,-0.814102506637573,-0.055230708916982,-31.5145243667176,-37.3943905462091,-23.7005483656385,-68.2210060117815,-69.746162505457,-35.4925655698129,-54.4285450791452,-77.9277913991461,-40.7120329798244
31-Jan-2025 03:30:57,175,51,0.030843723192811,0.370385412375132,0.0130348534633716,0.556124754746755,0.152829149365425,-0.813196794191996,-0.0779707084099452,-18.0907729583679,-12.3273070837676,-8.46334126921709,-72.5325307148369,-61.4477006846083,-31.0941125453113,-52.7406949238943,-75.7335468113183,-35.5763457975792
31-Jan-2025 03:31:41,175,52,0.0254994463175535,0.371611074606578,0.0122147765010595,0.551087892055511,0.153260138630867,-0.813043800989787,-0.108504822353522,-27.2011565055992,-36.3840137892806,-2.66888678304626,-78.2435558943415,-62.8610139328872,-31.6676829560855,-51.0599961556822,-71.6963743968368,-34.9425019898461
31-Jan-2025 03:32:30,175,53,0.0170330602675676,0.371953656276067,0.0139347402999798,0.547360837459564,0.154346509774526,-0.810308221975962,-0.141329019268354,-28.003607530621,-39.1776155787705,-22.9708086020006,-83.5293313120707,-59.1552147157299,-31.2772650844975,-47.8078730809895,-66.9627380690286,-32.9595798693692
31-Jan-2025 03:33:13,175,54,0.012873244844377,0.372251965602239,0.0124010685210427,0.542246989409129,0.168527927994728,-0.805723122755686,-0.168454293409983,-26.0770922945383,-38.8396649102486,-21.0709185735177,-88.6024818489123,-55.2148592658545,-30.6298530717284,-46.2450378530564,-61.5808697845569,-30.8271185925202
31-Jan-2025 03:33:57,175,55,0.00807088123013576,0.372354821364085,0.0123194392770529,0.53778555393219,0.183190401395162,-0.797997371355693,-0.201067740718524,-23.9860939279033,-39.7859380127208,-20.3701226213162,-94.09431994531,-51.6822256996201,-29.7789439883689,-43.9518465485032,-56.2498855217536,-28.3948877374853
31-Jan-2025 03:34:29,175,56,0.00585236068194111,0.372472729285558,0.00892120891561111,0.531057095527649,0.206644309560458,-0.788982443014781,-0.229745985070864,-19.487853995992,-15.6493230006893,-8.19387370725544,-99.4205018214857,-49.4034530752061,-27.851286369714,-42.4934772056399,-48.9943432697844,-26.2627720933574
31-Jan-2025 03:35:16,175,57,-0.00278504214559992,0.370238455136617,0.00638163465385636,0.536150018374125,0.185483592748642,-0.784916162490845,-0.249089686075846,-20.8936130195417,-37.1656542812522,-18.3265325221717,-98.2084582845555,-52.4073077889105,-29.6625419520001,-34.8119711723213,-42.7758969089722,-23.7798405325375
31-Jan-2025 03:35:55,175,58,-0.00969545636326075,0.368596895535787,-0.00116861500622084,0.537458109855652,0.17463290989399,-0.782636932531993,-0.261001165707906,-20.0100616517721,-35.5737635331893,-6.12782809662344,-97.0675006925699,-56.96212773807,-31.1671104004623,-29.3641706294251,-36.5638110508685,-22.3469377744442
31-Jan-2025 03:36:26,175,59,-0.0133431650698185,0.368078571557999,-0.00619269957145055,0.539980113506317,0.184346943100293,-0.777865699927012,-0.263367933034897,-7.25685508834321,-12.3777617708129,-0.538442050842654,-96.7120860730564,-64.692430304957,-29.7433352820127,-27.2832228317401,-30.5799054441191,-21.7390494177144
31-Jan-2025 03:37:00,175,60,-0.0217432302733262,0.365242266654968,-0.00912702406446139,0.545504864056905,0.171495312452316,-0.774904123942057,-0.269327555100123,-2.29382092708451,0.3202954987197,2.12128480505435,-89.7744429397791,-61.4854741807079,-29.4803883801071,-14.0607014066608,-22.0850899630469,-14.3436682616663
31-Jan-2025 03:37:40,175,61,-0.0170242913067341,0.365284812450409,-0.00676868039493759,0.547059416770935,0.164094930887222,-0.782786003748576,-0.247072736422221,-17.8008729669108,6.34438052183037,3.31618206600947,-89.9706855496199,-61.1348887108907,-31.4478555864735,-25.4173931678841,-26.8848195448132,-19.9795407059589
31-Jan-2025 03:38:31,175,62,-0.0187188244114319,0.363065359989802,-0.00319738887871305,0.552439546585083,0.153094919522603,-0.783777586619059,-0.238883252938588,-18.1675157513338,-34.9233747938269,-16.8406119596279,-86.7445035552378,-61.7065700342879,-32.6569199613186,-23.7195452044474,-26.2598235892171,-17.9493902973746
31-Jan-2025 03:39:12,175,63,-0.0183954464892546,0.362426737944285,0.000428510170119504,0.554640750090281,0.121546620130539,-0.792274479071299,-0.223385857542356,-23.8016800860281,-35.0346231710895,-16.4386133840008,-82.7142929966352,-60.329844021293,-32.3610878632316,-23.5915005375863,-26.1459638993307,-18.0145532888755
31-Jan-2025 03:39:52,175,64,-0.0179820297906796,0.360959629217784,0.00825602921346823,0.555542786916097,0.0845310032367706,-0.798177123069763,-0.217117587725321,-29.2196051958581,-34.7426180791545,-17.8322185077414,-78.5070681559224,-55.7289143401021,-31.1628075286786,-21.023357519013,-26.8876723422992,-18.077372980419
31-Jan-2025 03:40:29,175,65,-0.0171556901186705,0.359507441520691,0.014483752536277,0.558061250050863,0.048040521889925,-0.804883905251821,-0.196014486749967,-33.7794106932558,-34.9239862526209,-17.573625481166,-72.7113361741545,-52.6658828248133,-30.1883030758926,-20.2351653245837,-25.732164851695,-17.2390210219839
31-Jan-2025 03:41:06,175,66,-0.0160698972642422,0.359375733137131,0.0215326935052872,0.561095535755157,0.00960350011785825,-0.808643201986949,-0.176566615700722,-40.2351563844375,-36.0170410587878,-17.9889333794325,-67.396350621859,-49.9968003924754,-28.9506865639902,-21.0119485422264,-26.4780493943046,-16.7000832385593
31-Jan-2025 03:41:43,175,67,-0.0137861660992106,0.359322472413381,0.0276595382640759,0.564168532689412,-0.0173165670285622,-0.811279944578807,-0.15244316359361,-46.3638721725112,-36.5909391813052,-17.5411917401199,-62.7717382842998,-46.474692501613,-27.2065140225295,-22.796219465905,-26.749629953521,-17.2108525426401
31-Jan-2025 03:42:19,175,68,-0.0120830810939272,0.359279404083888,0.0351373896002769,0.569975737730662,-0.0489820383489132,-0.811166902383169,-0.121394919852416,-52.2540730090307,-37.3552589619978,-18.2369253320179,-57.5923125541086,-43.1260718814884,-25.6590634662896,-24.7842342426016,-26.7840585210409,-16.6714753904736
31-Jan-2025 03:42:56,175,69,-0.0109499424075087,0.360260917743047,0.0407443510989348,0.575565179189046,-0.0836844250559807,-0.807906651496887,-0.0949133078257243,-59.1500163697734,-39.264789571778,-19.1293965395211,-52.7354801276015,-40.0891948967326,-24.1349739026602,-26.8741209458072,-27.8999110927124,-16.9570250101834
31-Jan-2025 03:43:32,175,70,-0.0100154758741458,0.361962620417277,0.0447331155339877,0.575142697493235,-0.123366254071395,-0.80552591085434,-0.071552034219106,-66.5488309926274,-39.7219255961021,-19.1452365548269,-48.6399443529365,-39.9831897296613,-22.0225648353361,-28.8649436122673,-29.1064756664598,-18.1800380158313
31-Jan-2025 03:44:10,175,71,-0.0099616510172685,0.363860801855723,0.0483415002624194,0.573915934562683,-0.152992684642474,-0.803091263771057,-0.0475206489364306,-73.2990812465373,-41.9278643276981,-19.472760974034,-45.1500569041924,-39.3176204714321,-21.4159960161645,-31.4062342603547,-30.5083962412452,-18.6717827144483
31-Jan-2025 03:44:46,175,72,-0.0118109943966071,0.364848260084788,0.0518056780099869,0.570017870267232,-0.186454846461614,-0.799819413820902,-0.0245595353345076,-79.1250493159749,-43.65820441293,-20.4811275951918,-38.6629936184089,-39.5722691676241,-21.1123473210692,-32.5727588992557,-29.9829948165495,-18.1228932595499
31-Jan-2025 03:45:24,175,73,-0.0118327362462878,0.365819809834162,0.0563159589966138,0.565481066703796,-0.212415541211764,-0.796836133797963,0.0127673692380389,-84.6388762931766,-44.3257451749799,-22.2049153173249,-33.0023424141056,-39.9120268410266,-21.4101586880121,-35.9019005335635,-30.5189323921133,-18.4786867278938
31-Jan-2025 03:46:02,175,74,-0.0136469737937053,0.367241676648458,0.0603242931266626,0.556155550479889,-0.254393396774928,-0.790409032503764,0.035050934056441,-92.0966327242602,-45.7368862754388,-24.3614135899457,-27.8298972505424,-40.5193390030344,-21.483700085974,-37.0123506655747,-30.7605394678068,-18.1618216578587
31-Jan-2025 03:46:40,175,75,-0.0136733157560229,0.368351753552755,0.0652281959851583,0.550093392531077,-0.274446235100428,-0.786403258641561,0.0603858942786853,-96.4763538822848,-47.8948275451022,-25.3842671378102,-23.6515551073493,-39.8354284093448,-21.5201064994455,-39.5634550464376,-31.1549812935652,-18.6336273186343
31-Jan-2025 03:47:21,175,76,-0.0137379302332799,0.370768070220947,0.0695234750707944,0.544900763034821,-0.293573908011119,-0.781649478276571,0.0769523019591967,-101.19205740378,-50.2761688993678,-27.6402983232967,-21.0202644743412,-39.3309064378066,-21.7629454206717,-42.0848865517263,-32.600840494356,-19.0497683448151
31-Jan-2025 03:47:55,175,77,-0.0124627453585466,0.372946258385976,0.0683155392607053,0.539711773395538,-0.314133155345917,-0.77511530717214,0.0960614909728368,-106.07575210701,-48.4192102959346,-26.0129183275942,-12.1124995964257,-41.7660787773443,-12.9590005957754,-44.741481619228,-32.5474083826631,-20.2630770536986
31-Jan-2025 03:48:36,175,78,-0.0110358700156212,0.375935616095861,0.0690618087848028,0.538475215435028,-0.328042244911194,-0.769895382722219,0.098457241555055,-111.793442401108,-49.618101713652,-26.1188327412971,-20.1664975960563,-40.4210982724198,-7.58166389781783,-47.4656584678361,-34.5193306147284,-21.2749696039334
31-Jan-2025 03:49:21,175,79,-0.0174716987957557,0.379057147105535,0.0710547025005023,0.531358881791433,-0.343371983369192,-0.770064393679301,0.0821842874089877,-117.194459059286,-54.1047256970156,-29.5573742058853,-23.7164580287712,-43.6357264072815,-25.1160498629851,-46.3740149990462,-35.010795166064,-21.3631627171865
31-Jan-2025 03:50:03,175,80,-0.0235584555814664,0.382263878981272,0.0736388663450877,0.525183701515198,-0.361450241009394,-0.767666526635488,0.064992185930411,-122.128974615182,-58.2303121856669,-34.2167392728249,-26.8943591808726,-46.9928163310277,-26.4070878598871,-44.5867669755329,-35.896098303339,-21.7760017907774
31-Jan-2025 03:50:43,175,81,-0.0288731212417285,0.385183588663737,0.0785106807947159,0.5208624680837,-0.380756338437398,-0.762574656804403,0.0469766353567441,-126.980239619935,-62.400379926962,-37.7615161409401,-30.0362306926673,-48.246137149216,-27.7514518726564,-42.9767166746579,-37.8033207335838,-22.2011638445372
31-Jan-2025 03:51:22,175,82,-0.0319339406987031,0.388502568006516,0.0787228604157766,0.517824578285217,-0.397035201390584,-0.757272620995839,0.0275491884599129,-132.089879349118,-66.2176882945791,-39.7739989096432,-34.8100873843087,-50.7725734146254,-29.8724788933594,-41.380265235102,-39.2465028103135,-23.0824873883815
31-Jan-2025 03:52:02,175,83,-0.0345727051297824,0.391615740458171,0.0789668396115303,0.519355905056,-0.403959319988887,-0.75305054585139,0.00108774049052348,-136.503706440516,-69.708616975357,-42.1453346286402,-40.0249366658734,-51.2355674036454,-31.3318374180293,-40.1656132262058,-40.8326647102856,-23.8918916772681
31-Jan-2025 03:52:42,175,84,-0.0370177691181501,0.395133411884308,0.079415388405323,0.521566752592723,-0.404138441880544,-0.751206545035044,-0.0181384620567163,-140.71962721302,-73.7863558127155,-44.0210968227842,-46.2852822423997,-52.3918402544705,-32.9103616946826,-40.2668609326393,-41.8153165218789,-24.8903363386757
31-Jan-2025 03:53:24,175,85,-0.0377647397418817,0.399108942349752,0.0780178219079971,0.523507058620453,-0.40414896607399,-0.749366207917531,-0.0324702220658461,-144.986594826079,-77.1074997283642,-46.1740722545016,-52.5433759664069,-55.9947525361984,-34.3984688473276,-42.7510584967377,-44.2212132892829,-26.5083011863439
31-Jan-2025 03:54:04,175,86,-0.0390195270379384,0.40320670803388,0.0797288879752159,0.527405567963918,-0.404424516359965,-0.745514623324076,-0.0499209721883138,-149.054085859414,-80.575346183158,-48.6156543050058,-58.5003437641545,-56.9959845333776,-24.7413674379685,-44.1767309896685,-46.8887325345922,-27.8360261271424
31-Jan-2025 03:54:52,175,87,-0.0403237380087376,0.407021834452947,0.0779388238986333,0.525943660736084,-0.408942617972692,-0.742997904618581,-0.064057283103466,-153.546838602888,-83.8165439075243,-51.1265396649033,-65.2067485987722,-60.5963763882825,-38.6866617476072,-44.6981409470155,-50.3620630188543,-28.868631114506
31-Jan-2025 03:55:39,175,88,-0.0415783251325289,0.410687188307444,0.075643419722716,0.524644283453623,-0.407959798971812,-0.743622446060181,-0.073094800611337,-157.202222201431,-87.769417266677,-53.1470766794976,-71.7628719518251,-63.6213481720502,-41.3331539167449,-47.6174196365707,-52.4382991225926,-30.4286761251522
31-Jan-2025 03:56:23,175,89,-0.0419912253816922,0.410893452167511,0.0774395788709323,0.527164038022359,-0.400457259019216,-0.746319929758708,-0.068837962547938,-156.005171878653,-92.5719468639615,-52.7313241541531,-71.795645372027,-63.3541385988528,-41.2524847772774,-48.920395923995,-52.5005310770527,-30.5441880902751
31-Jan-2025 03:57:01,175,90,-0.041104190548261,0.408640509843826,0.0813579837481181,0.530112206935883,-0.399280192454656,-0.745608019828796,-0.0602088866134485,-153.586279269642,-93.0148953699426,-52.1179845424827,-66.0158484218377,-59.268074007871,-39.6596151026846,-47.5228393944713,-51.9134894363821,-29.5540600612187
31-Jan-2025 03:57:40,175,91,-0.0377982060114543,0.406662738323212,0.082840729256471,0.535335230827332,-0.38796626329422,-0.748739874362946,-0.047822588433822,-150.406465517515,-93.9780533302719,-51.1808513876495,-62.1297662864528,-58.147581907997,-38.8106451605292,-48.4500164564736,-51.7518109981459,-30.7111120350726
31-Jan-2025 03:58:18,175,92,-0.0305561474213998,0.404126618305842,0.0854170853892962,0.541803550720215,-0.381141052643458,-0.748805479208628,-0.0216986289868752,-147.14619119383,-93.0263160177754,-50.3818214612348,-57.31554155847,-55.884876053677,-38.4086250845925,-50.3895603142389,-55.3278141611271,-32.6417540103817
31-Jan-2025 03:58:57,175,93,-0.0232620389511188,0.402450239658356,0.0867284536361694,0.54948585430781,-0.36731836994489,-0.750417999426524,0.00391869681576888,-143.770686584366,-92.317131068866,-49.4268431490293,-53.0872455341884,-55.226063322134,-37.5550799417651,-54.2602875698857,-61.3726581247168,-34.5091909864184
31-Jan-2025 03:59:36,175,94,-0.0158502810945114,0.400720461209615,0.0874967157840729,0.555332179864248,-0.358101558685303,-0.74992534716924,0.0313279596467813,-140.862566832013,-90.2292223017501,-48.7688906439285,-48.3269138617573,-54.3941971519794,-36.5507722654924,-57.9716065244733,-63.776922488611,-37.0950254628188
31-Jan-2025 04:00:16,175,95,-0.00775747103616595,0.399854556719462,0.0878481194376945,0.565017910798391,-0.341989181439082,-0.749478352069855,0.045611385256052,-137.588139508214,-89.551951625531,-47.88445104238,-45.6255643652515,-53.6258042625192,-36.0710833224971,-61.3782213285312,-66.3108970526573,-40.0400586894011
31-Jan-2025 04:00:55,175,96,0.000484823152267685,0.400094733635585,0.0840564539035161,0.573181275526683,-0.324392145872116,-0.750044496854146,0.0605494352678458,-134.805558398693,-82.3799999947603,-46.7367678926077,-45.6787059567082,-54.7641480134061,-35.0287037461404,-66.1324840573243,-70.6347267167796,-42.7146912910744
31-Jan-2025 04:01:37,175,97,0.00888294105728467,0.400181597471237,0.0798653756578763,0.58143212000529,-0.307593856255213,-0.749670608838399,0.0729158461093903,-132.643900396311,-81.4857078867138,-46.0574629687235,-45.4590930921463,-56.0308600844666,-35.879978853103,-70.060570748485,-76.30348393094,-45.6291235802931
31-Jan-2025 04:02:06,175,98,0.0194347469757001,0.400052950779597,0.0815866395831108,0.593732810020447,-0.287932336330414,-0.746511582533518,0.0854213749368986,-125.542703947499,-77.2802455400294,-44.8623471577833,-44.5031029995751,-31.3367563156133,-20.3530813017254,-73.2005694208295,-81.9697049201194,-49.8634557132846
31-Jan-2025 04:02:57,175,99,0.023780932277441,0.400912980238597,0.0775274609525998,0.599079151948293,-0.260547403494517,-0.751324196656545,0.0934408262372017,-125.721738275471,-77.794198074026,-44.4593259033151,-46.1789242929991,-55.0122446268041,-36.0120974211775,-77.8215240837659,-87.7846577968083,-52.8077377681624
31-Jan-2025 04:03:43,175,100,0.0329723159472148,0.402265743414561,0.0755519861976306,0.607321302096049,-0.244231757521629,-0.748804767926534,0.103938311338425,-123.765887991835,-73.3178580483632,-43.8523519270829,-46.995651279421,-55.6975289780167,-35.6890703760446,-81.7579567419983,-92.998976617252,-56.5319947839834
31-Jan-2025 04:05:13,332,1,0.00143854232349743,0.31955730120341,0.0405354032913844,0.591169118881226,0.000583201848591367,-0.80648398399353,-0.0101164537792404,-5.85000000000001,-12.3,-4.95000000000001,-5.10000000000001,-11.7,-4.87500000000001,-4.50000000000001,-6.67500000000001,-5.47500000000001
31-Jan-2025 04:05:44,332,2,-2.31823663246663e-05,0.323655321200689,0.037506864964962,0.593816129366557,0.0249763783067465,-0.804211791356405,-0.00142245411407202,-6.25364496558875,-16.3877098463393,-6.52660301252881,-9.2021415343633,-15.7008748782433,-8.24568996018012,-10.342430512201,-6.83994374723128,-5.48396624833879
31-Jan-2025 04:06:14,332,3,-6.68350017804187e-05,0.326495373249054,0.0332073392967383,0.595888086160024,0.0571562876303991,-0.801030250390371,0.00106912659636388,-4.33228993117747,-16.4254196926786,-6.82820602505761,-14.6542830687266,-18.2017497564866,-11.3726299203602,-16.034861024402,-7.43613749446251,-3.93668249667756
31-Jan-2025 04:06:48,332,4,0.000564355684521919,0.329122273127238,0.0294209307680527,0.596714158852895,0.0946509291728338,-0.796844160556793,-0.00358277526684105,-1.09843489676621,-19.238129539018,-6.71730903758641,-21.0814246030899,-20.70262463473,-13.4026948805403,-20.077291536603,-8.77295624169371,-5.36127374501629
31-Jan-2025 04:07:21,332,5,0.000796419366573294,0.331224224964778,0.0262815417100986,0.59757311741511,0.121397397915522,-0.792564018567403,0.00336774078508218,1.66667013764505,-20.1383393853573,-7.0751620501152,-24.4710661374532,-23.7284995129733,-15.2593223407204,-24.569722048804,-8.75508748892494,-5.87180249335501
31-Jan-2025 04:07:55,332,6,-0.000649789262873431,0.336601595083872,0.0293344587087631,0.597795430819194,0.0804339165488879,-0.797602768739065,-0.000930559274274856,-9.05162689339236,-23.1194356253699,-8.66556688769517,-27.6747149383974,-25.4266066166483,-17.2137013601315,-26.6281788296329,-12.9809984146616,-7.60297404879697
31-Jan-2025 04:08:29,332,7,-0.00218680805216233,0.340413765112559,0.031498609483242,0.595673569043477,0.0496859654784203,-0.801647782325745,-0.00807530445357164,-17.9746114244298,-23.7474068653826,-10.5606592252751,-30.2314887393416,-27.3309637203232,-18.8622210045427,-27.5991356104618,-15.4057374653982,-9.18062997923894
31-Jan-2025 04:09:04,332,8,-0.00394416010628144,0.343570522467295,0.0339973203837872,0.59175618092219,0.0188345738997062,-0.805830709139506,-0.010333607159555,-25.9999397054672,-28.3738156053952,-12.2330953128551,-31.2648250402859,-30.0134458239982,-20.1328109614538,-28.6263423912907,-17.5298905786349,-10.9815280971809
31-Jan-2025 04:09:37,332,9,-0.00481040707478921,0.346265365680059,0.0353284418582916,0.589518773555756,-0.0161716364324093,-0.807525420188904,-0.010432154374818,-35.8264398615046,-29.5244430954078,-13.7192032754351,-31.6114425912301,-32.7099904276731,-21.6644360746149,-28.6316741721196,-19.9537507231215,-12.8190473088729
31-Jan-2025 04:10:09,332,10,-0.00713988222802679,0.349477142095566,0.0373855292797089,0.586747392018636,-0.0486402610937754,-0.808300852775574,0.00337742085879048,-43.7785259550421,-32.4621799604204,-15.4871471755151,-28.9897007671744,-35.0385662813481,-23.1765787659011,-30.9010684529484,-19.3024643832332,-13.3998770674399
31-Jan-2025 04:10:40,332,11,-0.00752499727532268,0.352268465360006,0.0386500060558319,0.587994229793549,-0.0450584429005782,-0.807601829369863,-0.00344360717572272,-46.0879476830053,-34.9546977931431,-18.1127734855016,-34.8835708922159,-36.8984017449845,-24.947753539782,-33.3987434771091,-23.1001178116732,-14.6192699057539
31-Jan-2025 04:11:10,332,12,-0.00665497565641999,0.354273674885432,0.0378661354382833,0.591668355464935,-0.0289746688057979,-0.805653512477875,-0.00338622601702809,-45.7912658953435,-35.7189929696157,-21.9338587798632,-37.9353511735074,-40.0912450211209,-25.9640577081943,-36.4999341262697,-26.0164846190196,-16.4994903807867
31-Jan-2025 04:11:39,332,13,-0.00619845918069283,0.356750257809957,0.0387974413732688,0.592894931634267,-0.0229871263106664,-0.804926101366679,-0.00641642911359668,-47.1915323498692,-38.2441768179633,-24.8526735664122,-40.3910865329239,-41.9255922035073,-27.3529265738721,-39.0028825879304,-29.017208115819,-18.7101246741789
31-Jan-2025 04:12:11,332,14,-0.015750811000665,0.35588325659434,0.0380564818779627,0.588968765735626,-0.040073424577713,-0.806155904134115,-0.0402817651629448,-48.4789222880185,-40.8132115444276,-26.4772077460995,-42.6186265247045,-43.859529229355,-27.6926481093058,-31.8132162374424,-24.3616237168936,-16.21187413248
31-Jan-2025 04:12:44,332,15,-0.0233259331434965,0.35397842725118,0.0402049735188484,0.58364581267039,-0.0749904607733091,-0.805938410758972,-0.0647865131497383,-51.3155492867147,-44.0849684388607,-28.1011742988336,-39.3721552860163,-45.4163422317652,-28.0880108190558,-24.0989893400794,-21.1146284903316,-14.6212270453708
31-Jan-2025 04:13:18,332,16,-0.0296494666486979,0.352131120363871,0.0417433053255081,0.579031685988108,-0.0963866765300433,-0.804976363976797,-0.0862844104568164,-52.0767948156843,-47.6330864172781,-29.7998570380912,-38.8636784320937,-47.3845932224567,-28.5111941159641,-16.5724821692788,-19.3969278499511,-14.7593816855566
31-Jan-2025 04:13:48,332,17,-0.0354070164263248,0.34977899591128,0.0482123044629892,0.580383129914602,-0.099050194521745,-0.805124497413635,-0.0715475032726924,-48.4253496097908,-49.6693849376877,-31.3108978706105,-34.099198770554,-45.2835632072888,-25.7982877064515,-15.2898348617595,-7.04387450266158,-6.38693718938993
31-Jan-2025 04:14:24,332,18,-0.0300038425872723,0.3506518582503,0.0496882195274035,0.583753681182861,-0.0874178985754649,-0.804231731096903,-0.0692900270223618,-47.6675590364655,-52.6747737290934,-32.4281177497606,-35.0817177052057,-45.2728926891912,-24.5173364437284,-17.5041174858807,-17.8731448019173,-14.0091931250468
31-Jan-2025 04:15:04,332,19,-0.0310052930066983,0.35038169225057,0.0486673064529896,0.582973166306814,-0.0906951303283374,-0.804110511144002,-0.0729587097962697,-48.8065957794244,-54.6647076559971,-30.1984271522262,-34.962735937953,-46.0824019196288,-23.8773627544001,-16.5918650758224,-17.1185769244457,-4.35379927661575
31-Jan-2025 04:15:45,332,20,-0.0338879212737083,0.350568439563115,0.0501615447302659,0.580962081750234,-0.102948751548926,-0.803487543265025,-0.0793246154983838,-50.6690461805254,-57.7219141506499,-29.6702813163495,-34.5930038197482,-47.3770010243339,-23.6328778517692,-13.8913451486745,-15.6720899586106,1.56541946385941
31-Jan-2025 04:16:22,332,21,-0.0318152787784735,0.352307717005412,0.0569841427107652,0.578243903319041,-0.117055905858676,-0.80585443576177,-0.0503050794204076,-54.4017727074034,-61.4277164025067,-30.9937034898256,-31.4090592295275,-45.2977442641195,-22.8712528333195,-18.3892618997317,-16.2923813625229,-15.883134198467
31-Jan-2025 04:17:04,332,22,-0.0331748974819978,0.355033373832703,0.0618339687585831,0.579450591405233,-0.125914199153582,-0.803170843919118,-0.0574393349389235,-58.6903526488169,-65.2128367963008,-32.7050118537161,-34.1249270515688,-43.3022599724721,-22.5460000115442,-19.3276117715162,-18.0521929943443,-16.4157316377825
31-Jan-2025 04:17:41,332,23,-0.0343675489226977,0.356501313050588,0.0691887761155764,0.575769547621409,-0.151332197586695,-0.802504122257233,-0.0396883293986321,-63.8568592974982,-68.5126162610635,-34.7602633128139,-31.6157010797411,-41.048661915108,-21.838933288106,-20.7361782036645,-19.3317647401203,-16.4403509655926
31-Jan-2025 04:18:17,332,24,-0.0371791174014409,0.361826427777608,0.0733065083622932,0.568917075792948,-0.181418586770693,-0.801592898368835,-0.0294881733755271,-73.3623292998134,-74.0447252613106,-40.6624863195152,-32.9439282109788,-42.4910069748858,-24.5409596138364,-24.1798529159948,-22.4712165428735,-17.3359812376499
31-Jan-2025 04:18:50,332,25,-0.0387104700009028,0.366040176153183,0.0789124170939128,0.565842453638713,-0.203586490948995,-0.798563762505849,-0.0259002645810445,-80.5372809789454,-78.8929990292998,-43.9881951000184,-34.3158818937493,-42.7063235932343,-25.4225324641511,-26.091081768416,-24.8906083741154,-18.4421169818308
31-Jan-2025 04:19:24,332,26,-0.0401920301218828,0.370155227184296,0.0855794593691826,0.561720522244771,-0.223249178131421,-0.796488237380981,-0.0153741198902329,-86.996973496486,-82.7993551811601,-48.5006467674224,-34.9596988522862,-41.8581259908683,-26.3688785767579,-29.4860876908828,-28.1499702196016,-19.2035054620735
31-Jan-2025 04:19:58,332,27,-0.0419637002050877,0.37359858751297,0.0905874311923981,0.557299602031708,-0.237268606821696,-0.795670831203461,-0.00535999263326327,-93.0240364332308,-86.6847525249559,-52.2564698782769,-35.1644474487063,-42.578171278145,-27.1226113205108,-32.0479821483723,-30.3293170722099,-19.9425203103471
31-Jan-2025 04:20:31,332,28,-0.0431066580116749,0.376360778013865,0.0948232034842173,0.553528702259064,-0.238162510593732,-0.798023513952891,0.00656341447805365,-95.6097845795777,-90.1096704647195,-56.7589787108566,-35.8246618640679,-43.707338010243,-28.0050373798367,-35.5433208733731,-32.2686564283794,-20.3703483426362
31-Jan-2025 04:21:04,332,29,-0.0440274581313133,0.379332989454269,0.0983764633536339,0.548025687535604,-0.235809808969498,-0.802221850554148,0.0223980808009704,-97.9748753307257,-94.1293487024669,-60.9598304042989,-36.4126091889003,-44.7410654647517,-28.5768100969492,-40.8553817321297,-34.4629920363293,-20.642582966933
31-Jan-2025 04:21:38,332,30,-0.0448957592248917,0.383491418759028,0.100526369611422,0.540619126955668,-0.232207238674164,-0.807562617460887,0.0406621595223745,-101.204637384274,-98.3714070892063,-64.5598535281725,-37.1894229684682,-46.1020732804658,-30.6432561429548,-46.700803657764,-36.2598257701696,-21.3620208872337
31-Jan-2025 04:22:13,332,31,-0.0448516815900803,0.387274104356766,0.100511120259762,0.531365807851156,-0.235788349310557,-0.811675842603048,0.0568910238643487,-105.091735089023,-102.124655550442,-65.6844623672618,-37.8356699754037,-48.6767212767825,-33.1570388534072,-52.2879061168373,-38.8329085669549,-22.3050604555363
31-Jan-2025 04:22:50,332,32,-0.0446518940230211,0.39203381339709,0.103010392189026,0.525665652751923,-0.234160222609838,-0.814790383974711,0.0704362014929454,-109.682500619372,-105.783499048925,-68.7963640639589,-40.5166335960231,-51.3331893634005,-34.8444898960828,-58.72084884263,-42.1691158952129,-23.8099008478399
31-Jan-2025 04:23:26,332,33,-0.043265293041865,0.39582600792249,0.100632215539614,0.518643697102865,-0.23761325776577,-0.816346025466919,0.0901546388864517,-114.808703961501,-107.341510440765,-68.626061130185,-41.6000824751634,-54.4045505546425,-36.3567303879656,-64.9896709727802,-43.3394700554311,-25.2728976886148
31-Jan-2025 04:23:59,332,34,-0.0393716521561146,0.399459697802862,0.104332154492537,0.516102321942647,-0.243036732077599,-0.814713887373606,0.103984965384007,-119.435824260029,-109.775920591917,-68.6525814108131,-42.7422105077247,-44.0713667684598,-28.3248879629042,-72.4449531696103,-45.9756053485175,-28.1888447353899
31-Jan-2025 04:24:39,332,35,-0.0470871826012929,0.400773380200068,0.102141144871712,0.513129846254985,-0.262198396523794,-0.813295114040375,0.0806279167532921,-122.766399206851,-112.2902648428,-69.8360413908216,-45.2820900773323,-55.6469493782186,-37.9641842538394,-66.3843300765924,-44.5737125014826,-26.6709682640293
31-Jan-2025 04:25:12,332,36,-0.0543493375182152,0.402779199679693,0.108067702750365,0.515763489405314,-0.293091493844986,-0.803570795059204,0.0485735736787319,-127.584703392773,-114.161208783511,-72.6062071744305,-47.5741394352951,-55.8838957436213,-28.4924598155387,-59.5328220002444,-43.6132649376647,-25.8913293441687
31-Jan-2025 04:25:51,332,37,-0.0602280835310618,0.405025502045949,0.110730141897996,0.519290153185527,-0.317665549119314,-0.793200433254242,0.0161068577319384,-132.021872198245,-116.835452569136,-75.1947258598397,-51.0172736874356,-56.3015239868459,-38.0402250126198,-53.1108714322314,-44.6735400154554,-25.8558092000582
31-Jan-2025 04:26:14,332,38,-0.0652395432194074,0.405751180648804,0.109508087237676,0.523143955071767,-0.330184604724248,-0.785554158687592,-0.0142520949865381,-133.943473313492,-118.186346277218,-68.692420996149,-53.9109503866648,-43.6844931689815,-28.4477350273921,-41.803699618386,-30.9941764140504,-18.6173484438227
31-Jan-2025 04:26:59,332,39,-0.05840720012784,0.409091530243556,0.10846516986688,0.531357276439667,-0.327220022678375,-0.781338946024577,-0.0097976619998614,-139.107290583627,-121.575564946528,-72.7947043579084,-58.1798983094385,-58.0751328205724,-23.3851174510098,-53.4789171816241,-46.6199934730473,-27.9524173815247
31-Jan-2025 04:27:31,332,40,-0.063940974076589,0.411489373445511,0.108334860702356,0.531143947442373,-0.333868316809336,-0.778146958351135,-0.0300898929437002,-141.317215931205,-123.958946096453,-69.2242818323928,-61.2614818439844,-44.3446077068913,-20.6624360790503,-51.2203294334042,-31.8234008622456,-20.0742511661955
31-Jan-2025 04:28:15,332,41,-0.056332004070282,0.414812318483988,0.100346547365189,0.536677082379659,-0.343338471651077,-0.76981866757075,-0.0384145890673002,-147.170953669791,-126.508954122839,-66.0932915842113,-67.3835928123472,-62.9489541909962,-19.8484622024079,-55.064802536817,-49.6257274454905,-31.1355417917183
31-Jan-2025 04:29:04,332,42,-0.057089210053285,0.419508198897044,0.100184753537178,0.53834034204483,-0.358387347062429,-0.760855948925018,-0.0533518200119336,-154.911218427738,-122.620002769378,-71.9191248642109,-73.396362683653,-64.8855094837832,-44.4819723768709,-57.5633243123653,-53.4849516112859,-32.3810236289834
31-Jan-2025 04:29:47,332,43,-0.0586249838272731,0.424127095937729,0.099308251341184,0.54034784634908,-0.369189574321111,-0.752063063780467,-0.0782588198781013,-160.594746695366,-127.586571725994,-74.0483699083012,-82.8794620064304,-47.013169180911,-46.589224576887,-57.3638704239812,-57.1226245683565,-32.9186010721196
31-Jan-2025 04:30:33,332,44,-0.0591895304620266,0.423812311887741,0.101127301653226,0.541253018379211,-0.357462253173192,-0.75790947675705,-0.0695640633503596,-157.778871946169,-129.786493246987,-74.8435658978572,-80.807012572943,-66.2115294656903,-47.1448708411712,-58.3026684203354,-57.5140105085759,-32.2709194706982
31-Jan-2025 04:31:16,332,45,-0.0576119728386402,0.42191143433253,0.0976703484853109,0.543510484695435,-0.336233359575272,-0.766615935166677,-0.0619961649179459,-154.148813074393,-129.662794845499,-73.6646148284359,-79.7896455023235,-66.8826658515549,-47.0189526118436,-60.6669725007064,-56.012508646614,-32.2337617707446
31-Jan-2025 04:31:53,332,46,-0.0534502531091372,0.420600306987762,0.101513324677944,0.5526225010554,-0.318878334760666,-0.768211833635966,-0.0526840013762315,-150.561662141327,-129.052286482771,-73.598590229526,-78.2498196131379,-63.9151902879622,-36.5022521357103,-63.2190296230859,-56.2645628835615,-33.8518660215248
31-Jan-2025 04:32:35,332,47,-0.0520625295738379,0.419492832819621,0.0974904929598173,0.550064035256704,-0.297085044781367,-0.779675356547038,-0.0357270461817582,-146.845965177616,-128.573373139422,-73.1890288658717,-77.4987643146693,-65.7284087496408,-45.3901605361738,-66.6899632664697,-56.1183951699637,-32.472601247672
31-Jan-2025 04:33:16,332,48,-0.047265471269687,0.418750574191411,0.0953776692350705,0.550301293532054,-0.27181626756986,-0.789360884825389,-0.0139120674381653,-143.665995198582,-127.485257305764,-72.9826991198453,-76.5420943115592,-65.8819742239551,-45.3803733749359,-72.4953351703556,-57.8731164810933,-33.4946519615027
31-Jan-2025 04:33:55,332,49,-0.0421669863164425,0.417735296487808,0.0934197599689166,0.548583177725474,-0.244447562098503,-0.799429150422414,0.0146617048730453,-139.703888711887,-125.94254022695,-71.6029851826328,-74.8826169561283,-66.0307132045872,-46.0217384328473,-78.8679262044925,-58.7782823045866,-34.2923604191751
31-Jan-2025 04:34:35,332,50,-0.0380294571320216,0.417686166365941,0.0901297688484192,0.545640087127686,-0.214738643169403,-0.808508638540904,0.0497797444462776,-135.200713971362,-126.347522525559,-70.6115791498272,-72.9467359245371,-68.2770389383782,-46.8386796003334,-86.649126803755,-57.5336703842616,-37.0778977487683
31-Jan-2025 04:35:15,332,51,-0.0320739254355431,0.417125602563222,0.0848086953163147,0.546377372741699,-0.180219175418218,-0.814327454566956,0.0765744879841805,-130.352005103921,-124.12635451288,-69.7393270692251,-72.2976530548656,-70.0721580487487,-47.3684088226067,-94.2346321855802,-57.9891695920276,-38.232349514322
31-Jan-2025 04:35:53,332,52,-0.0286228871593873,0.416471525033315,0.0794923394918442,0.545298067728678,-0.138210562864939,-0.81988445520401,0.106477135916551,-124.805529173022,-123.892111344555,-68.7016519647248,-71.6169692661541,-72.8416738474089,-48.0545320722737,-101.722289958687,-57.494724363839,-39.321258497856
31-Jan-2025 04:36:30,332,53,-0.0252232729146878,0.41752112309138,0.0751767843961716,0.545645646254222,-0.0928097407023112,-0.821968555450439,0.134256907304128,-119.585169710395,-123.601330598409,-68.0312653482753,-73.4704850179225,-75.648387990214,-48.7438523356375,-109.461023927434,-44.675306917673,-40.97739609038
31-Jan-2025 04:37:10,332,54,-0.0233776361991962,0.415794758001963,0.0689808929959933,0.553625929355621,-0.0789986302455266,-0.820607995986938,0.117728889981906,-117.007414240076,-116.407885483386,-65.1131115346212,-77.4320655966383,-76.6886515285612,-48.3480325663374,-108.199252865089,-56.502246831324,-39.7898560705546
31-Jan-2025 04:37:45,332,55,-0.0197442815949519,0.413895513614019,0.0616136079033216,0.562855998675028,-0.0675921594103177,-0.818101807435354,0.0966117113828659,-114.098687886826,-109.912805973907,-59.6992798429798,-79.7771960604741,-76.8757146529446,-47.4280120504614,-105.612750851653,-56.9979436904808,-39.2691232029768
31-Jan-2025 04:38:21,332,56,-0.0161210188021262,0.412755427757899,0.0531288097302119,0.572250123818715,-0.0619410020609697,-0.815044554074605,0.0662984053293864,-112.524476092109,-101.741909267201,-55.5126092123447,-84.0891014668699,-76.7111775703462,-46.6958911612976,-102.288883362673,-58.3530190223904,-38.1817939115228
31-Jan-2025 04:38:55,332,57,-0.0134147862593333,0.411716769138972,0.0442387248078982,0.579698363939921,-0.0530706162254016,-0.812547492980957,0.0299987126141787,-110.567521576659,-92.2831039618802,-51.4145191122129,-88.5593943445457,-76.5208403842568,-46.2077200854898,-98.2963331359206,-58.4127835906765,-37.4861664081306
31-Jan-2025 04:39:28,332,58,-0.00923101113488277,0.411241473754247,0.0370111659169197,0.585323814551036,-0.0411530243853728,-0.809750032424927,-0.0027167784050107,-107.819195700843,-84.2053443572529,-47.8857192773326,-94.2338809578615,-77.1426031464219,-45.0915239163601,-94.7944415402818,-59.2498927771508,-37.8863897987694
31-Jan-2025 04:40:00,332,59,-0.00844135824590921,0.410771667957306,0.031645089884599,0.586680090427399,-0.0244384350876013,-0.80858112970988,-0.0374944028755029,-105.050184144844,-80.9431076029721,-44.7915645750781,-99.2354644389973,-77.1204158827142,-44.7863152005693,-90.7128792601998,-58.1506742727192,-37.7845386364236
31-Jan-2025 04:40:33,332,60,-0.00984468776732683,0.410585101445516,0.0285291781028112,0.586285825570424,-0.00729070544863741,-0.80690534512202,-0.0715514987707138,-102.420829748752,-80.7636322738645,-43.2647324391365,-104.050596354043,-76.8512536060703,-44.7366002114481,-87.2414816378963,-57.2832919228347,-37.6566501975856
31-Jan-2025 04:41:07,332,61,-0.0110184967517853,0.410409510135651,0.0263778363664945,0.58481453259786,0.0101987520853678,-0.804376033941905,-0.104245793322722,-99.7863039326153,-78.9755376573435,-43.1965615863513,-109.297502486044,-77.1336038229581,-44.7396320856616,-84.150166344482,-56.2318276502238,-37.0657431205014
31-Jan-2025 04:41:42,332,62,-0.0109951933845878,0.410370492935181,0.0248097144067287,0.582483796278636,0.0269512140502532,-0.801404535770416,-0.133180419603984,-97.2991924064554,-79.0081333971159,-42.5077213751444,-114.310295726522,-77.2417102866118,-44.7690373915425,-82.0738922155123,-56.5883224162495,-37.2183267242942
31-Jan-2025 04:42:19,332,63,-0.0125069060052435,0.410495954751968,0.0210070674618085,0.577198950449626,0.0407667738695939,-0.797237356503805,-0.172023484110832,-94.660788025284,-78.6010743150352,-42.2585464847265,-119.881032521239,-78.1626948736485,-44.8116294132571,-78.255138668765,-55.6237967015937,-38.4176556685254
31-Jan-2025 04:42:55,332,64,-0.0135213763142625,0.409683380524317,0.0183434680104256,0.567850001653035,0.0494665404160817,-0.791869453589122,-0.219184692700704,-92.021737216607,-76.6991878220279,-41.7042042547032,-125.130741093076,-78.2151185223767,-45.1608147928885,-70.8651454131287,-57.8987607465971,-37.6653572829759
31-Jan-2025 04:43:34,332,65,-0.0129051276793083,0.410085036357244,0.0179637258251508,0.55958510239919,0.0565769962966442,-0.786256527900696,-0.255859845876694,-91.182363194177,-75.5498876235573,-41.6722783548772,-130.369935553472,-78.2832617019506,-45.3632968514783,-66.4145323030481,-58.41846967143,-38.487245232536
31-Jan-2025 04:44:14,332,66,-0.0130976416170597,0.410847330093384,0.0144493855535984,0.550441145896912,0.0716742898027102,-0.779943899313609,-0.289075966676076,-88.3928275648706,-74.5518805723551,-41.5265606201498,-135.753872958148,-78.2842646469474,-45.4924272495474,-63.6586092657453,-60.3855510361778,-38.6712263496509
31-Jan-2025 04:44:53,332,67,-0.0105574615920583,0.407975045839945,0.0162466603020827,0.556112126509349,0.105451783537865,-0.776845109462738,-0.275918324788411,-80.9806835235789,-73.6677230664271,-39.7633499782241,-133.958318848547,-75.5600115978687,-44.1593404033947,-64.8960739577522,-58.5951474994501,-37.453470014259
31-Jan-2025 04:45:30,332,68,-0.00805327358345191,0.405007781585058,0.0151163939386606,0.558631225426992,0.134539556503296,-0.776660497983297,-0.258125452200572,-71.2059990805681,-69.2588888473158,-38.6466913775729,-130.661450475017,-72.4814734901458,-43.0704156421119,-66.4447111679535,-57.3915870727012,-36.3012369707558
31-Jan-2025 04:46:06,332,69,-0.00379220438189805,0.400783040126165,0.014366199200352,0.559631792704264,0.164207184314728,-0.775244108835856,-0.242579573392868,-62.5750444366977,-65.9377162716131,-35.8283087975591,-126.388924969521,-69.7507928531007,-41.4285719232639,-66.7239346372521,-55.7314482009416,-35.1817655731969
31-Jan-2025 04:46:43,332,70,-0.00205637039616704,0.398132495085398,0.0146750802795092,0.56160812775294,0.194380752245585,-0.770835550626119,-0.229401420553525,-54.1409546923976,-64.2103745176146,-33.959064227864,-124.403570898043,-66.6690409513945,-39.5102687256335,-68.0934512360992,-54.2180201066767,-34.1536749986101
31-Jan-2025 04:47:21,332,71,0.00199921717091153,0.395069207747777,0.0147966600333651,0.563452895482381,0.223890316486359,-0.768352917830149,-0.205006787180901,-46.3302973978826,-61.9299481744682,-31.5143886633282,-120.786802543574,-65.1367534173578,-37.8287357886117,-72.8581143997207,-52.5529474011591,-32.9462748355095
31-Jan-2025 04:47:57,332,72,0.00504774516448379,0.392562115192413,0.015297195315361,0.564739322662353,0.251918188730876,-0.765508115291595,-0.17777540286382,-38.6063563282601,-59.1479795367479,-29.6819976013721,-117.629327047609,-62.2041980671558,-36.4905879818943,-75.4203508457292,-50.3620523900151,-31.7992198781519
31-Jan-2025 04:48:36,332,73,0.00607072152197361,0.39125685095787,0.0170435635993878,0.567198900381724,0.264412198464076,-0.763753958543142,-0.158276765545209,-34.3757733710839,-59.2652397517407,-28.2307487907058,-114.401497980896,-60.2965088088712,-34.9491327403291,-77.2563739329314,-48.3582462260581,-31.3573375236659
31-Jan-2025 04:49:13,332,74,0.00920009923477968,0.388652271032333,0.0180907014757395,0.563032146294912,0.248099118471146,-0.7694726506869,-0.171328647931417,-34.4123874716606,-54.9928617029812,-26.7365194916191,-112.563032091751,-55.0418044559295,-32.4498744420212,-72.4929007128366,-51.6444599938005,-32.2773539556578
31-Jan-2025 04:49:53,332,75,0.0135301950698098,0.386295479536057,0.0203381106257439,0.555397276083628,0.240881979465485,-0.775098156929016,-0.180921505888303,-32.3598411003489,-52.3827908674,-25.750075755355,-110.144477809919,-51.8433166259671,-30.3122892850014,-67.9978741530401,-57.7899459733397,-34.1611635383676
31-Jan-2025 04:50:34,332,76,0.0181307632476091,0.384755863746007,0.0226584096749624,0.550223982334137,0.224149080117544,-0.782568291823069,-0.186004526416461,-32.9377144930929,-49.928873638408,-25.917524800502,-107.885879331744,-50.0479370574944,-28.9555406986256,-63.1870709233928,-60.1150680587772,-36.6018696964363
31-Jan-2025 04:51:15,332,77,0.0222966210295757,0.382384035984675,0.0225774665673574,0.543517303466797,0.206774910291036,-0.78789488474528,-0.202619736393293,-32.1307977678649,-47.2530332127105,-24.9369202363546,-106.082258755396,-48.5791116197665,-28.0642103975717,-56.1933793588202,-62.705008197164,-39.3960241421844
31-Jan-2025 04:51:57,332,78,0.0291714535405238,0.381932218869527,0.0254193359365066,0.545740648110708,0.197817291816076,-0.795801405111949,-0.172440205017726,-32.4544844270006,-48.1869853312983,-24.1789297847919,-101.207563862892,-47.8534240734829,-27.7192834981276,-58.5887133384903,-66.5215607284711,-42.075268260908
31-Jan-2025 04:52:38,332,79,0.0322586956123511,0.381495932737986,0.0290524127582709,0.553837287425995,0.171068742871284,-0.803245834509532,-0.137098205089569,-36.7819735566432,-49.0654566507098,-25.3839259309055,-95.5841134458451,-47.9968750598855,-28.878211170014,-60.7008252344292,-71.0043177730154,-45.3303744515515
31-Jan-2025 04:53:20,332,80,0.0398637851079305,0.382601797580719,0.0332518013815085,0.558974313735962,0.157118566830953,-0.807741812864939,-0.102052245040735,-39.4363639215394,-48.491187570533,-25.2454153758573,-90.0362852665265,-48.2748953126312,-28.7640661275656,-66.2713260885023,-75.5951770741785,-49.9984116781549
31-Jan-2025 04:54:02,332,81,0.0453347223500411,0.383769220113754,0.0382449395954609,0.564260450998942,0.139826190471649,-0.811285897095998,-0.0622415321568648,-42.3792049040623,-50.1155482905622,-27.0601514702282,-84.6012682060723,-48.3202001985484,-29.4383847279499,-71.0960214216426,-81.0650875036508,-52.8979144227382
31-Jan-2025 04:54:45,332,82,0.0503552618126074,0.385251426696777,0.0412613662580649,0.569674328962962,0.121829263369242,-0.812318269411723,-0.0277097268650929,-46.5162711953985,-51.5642239106944,-27.3015108893087,-79.4476567050501,-48.3991474010515,-30.8069351497504,-74.7978139943164,-85.7745234972778,-55.4381499263115
31-Jan-2025 04:55:27,332,83,0.0566057247420152,0.387559922536214,0.0440701343119144,0.575770703951518,0.0997199669480324,-0.811489069461823,0.00543648119394978,-50.5004501411414,-52.1750569808781,-26.9811819707439,-75.409747983744,-48.7199157618475,-31.2476014822591,-77.9381551867571,-90.9287222729822,-58.2487518093799
31-Jan-2025 04:56:12,332,84,0.0602596677839756,0.390255306164424,0.0463051356375217,0.585046986738841,0.0837002754211426,-0.805876417954763,0.0357422143220901,-55.0831854140877,-53.7919687760875,-27.2800088833566,-72.1546906522959,-49.38659470179,-32.9493257701219,-82.2977706890812,-95.9303024397252,-60.6695368821957
31-Jan-2025 04:56:56,332,85,0.0647477433085442,0.392313394943873,0.0496451295912266,0.595007765293121,0.0640343462427457,-0.797470152378082,0.076855494081974,-60.2651988506356,-55.0119199338098,-27.8884137115579,-65.5410590157769,-50.3762289313058,-33.8565790356618,-86.6670233463469,-101.005573301988,-63.1204135498853
31-Jan-2025 04:57:42,332,86,0.0682006532947222,0.395163589715958,0.052231016010046,0.605708261330922,0.0379059796531995,-0.788393406073252,0.100580801069736,-65.9718513689843,-56.7083907727886,-29.1016074975536,-60.9981402267223,-51.9023408056082,-34.8915967900401,-90.5160945810835,-105.21768951201,-67.4613360150117
31-Jan-2025 04:58:23,332,87,0.0745313708980878,0.397641245524089,0.0543115769823392,0.620723350842794,-0.00102677635538081,-0.772189565499624,0.135737892985344,-74.7908234282335,-33.8181214523948,-30.3921957624464,-55.3155778614001,-54.296691502304,-35.7654967888378,-93.3550751045556,-109.748228395911,-69.7472813788566
31-Jan-2025 04:59:14,332,88,0.0782706320285797,0.399979458252589,0.0599204217394193,0.634117543697357,-0.0206713902453581,-0.755867727597554,0.161652932564418,-78.0409552579329,-59.7594820523161,-29.9964812667879,-50.6381937079439,-52.1001616101964,-36.8588379098451,-97.4890102723953,-115.187978616753,-71.9807381920607
31-Jan-2025 05:00:05,332,89,0.0820799574255943,0.40422757267952,0.0601516358554363,0.644405663013458,-0.0315450554092725,-0.744716087977091,0.170716771483421,-83.1566669728574,-61.2916576123945,-30.7826153908536,-50.4383986604208,-52.183191423687,-39.0368995919574,-101.070422762419,-119.582334506065,-75.5379507299444
31-Jan-2025 05:00:56,332,90,0.0804020394881566,0.405174557367961,0.0605776739617189,0.646839980284373,-0.0380438320338726,-0.742215530077616,0.1710755387942,-85.036650258068,-62.434134506835,-31.1369083608685,-50.2567650438497,-54.0811624970633,-40.2271898671103,-101.613350074456,-122.067406706358,-74.3835354774862
31-Jan-2025 05:01:45,332,91,0.0843426093459129,0.406279210249583,0.0604403831064701,0.645731782913208,-0.0216524509092172,-0.741524759928385,0.180838885903358,-82.4330285145849,-61.7118151413144,-32.0866634858146,-50.744528703762,-52.6490234968391,-39.6636602825393,-104.193146717039,-124.478630323769,-73.8975591561979
31-Jan-2025 05:02:35,332,92,0.0854240223765373,0.407790313164393,0.0599368122716745,0.646285525957743,-0.0102562536175052,-0.739989312489827,0.18607971072197,-80.7376042567549,-62.0070976458134,-31.1591496882261,-51.9419910019159,-52.5518294598146,-40.7732207681065,-106.516378024894,-126.852929649738,-74.0458023004945
31-Jan-2025 05:03:16,332,93,0.0904095436135928,0.408558515707652,0.0573611316581567,0.643886049588521,0.0040431703440845,-0.73763519525528,0.20319633881251,-76.9462787417515,-55.9111810853225,-31.9180014293705,-50.5693026191906,-54.6971079043902,-20.7443262887424,-108.936326665386,-127.858766829987,-71.9611551775837
31-Jan-2025 05:03:47,332,94,0.0886811723311742,0.408041590452194,0.0599869139492512,0.632471199830373,0.0243903381129106,-0.742894530296326,0.217928983767827,-73.8320025981614,-57.4196649923366,-34.3450359398812,-50.2365388960257,-26.0886225897646,-10.1712043269129,-111.929633972197,-126.530372937375,-70.0350629210691
31-Jan-2025 05:04:15,332,95,0.0846973866224289,0.407025082906087,0.0644385695457459,0.617109978199005,0.0399634624520938,-0.751717007160187,0.229128269354502,-71.7312511402779,-61.3053491331032,-37.3061618350751,-42.3987375026411,-10.6782553955395,-4.70096862385075,-113.484620612167,-125.984863508333,-67.2882480977526
31-Jan-2025 05:05:05,332,96,0.075769630074501,0.407424322764079,0.0667468999822935,0.605291338761648,0.0443013995885849,-0.761892525355021,0.226229083538055,-73.5872620252477,-68.1046333907461,-39.7093334226106,-52.4084172741464,-54.5169472615155,-6.20717605017223,-115.745446918716,-124.705796311077,-66.4560719910351
31-Jan-2025 05:05:34,332,97,0.0723134681582451,0.407174144188563,0.0738888079921405,0.584571619828542,0.0679584150513013,-0.773422169685364,0.235533073544502,-69.9216540816442,-74.7857177068271,-43.6335278563169,-42.691837628097,-23.2801686575902,-1.30160504118556,-118.509193058555,-123.959950229712,-64.4062152426172
31-Jan-2025 05:06:22,332,98,0.0638470128178596,0.408641423781713,0.0747961605588595,0.571401127179464,0.0787211567163467,-0.785731744766235,0.223448910315832,-71.5952367237541,-82.6077020521271,-49.5182337131085,-57.6871282732698,-6.85565481871508,-39.6901448145451,-120.624399115038,-122.880714706294,-64.522518173349
31-Jan-2025 05:07:30,332,99,0.0607287637889385,0.408774022261302,0.0743384699026744,0.557281919320424,0.104757502178351,-0.793796992301941,0.219884252548218,-67.9884146587206,-88.9001364120367,-48.7331952814429,-59.4633540640541,-55.3622733623663,-41.6007399790777,-122.265335129845,-122.159784461849,-64.1469009436557
31-Jan-2025 05:08:11,332,100,0.0579084523022175,0.409344873825709,0.087712650001049,0.528179721037547,0.117350195348263,-0.809207240740458,0.22899517416954,-64.8163902401154,-97.352795779251,-54.0632847055487,-57.630047427644,-21.3594580972785,-17.322362839196,-124.569136123812,-121.093006856891,-62.1753236337499
31-Jan-2025 05:09:43,62,1,0.000159782364304798,0.320099566380183,0.0414746947586536,0.591721292336782,-0.00209436373164256,-0.80611606836319,-0.00619775718078017,-5.55000000000001,-14.8499999999999,-4.57500000000001,-5.17500000000001,-11.7,-4.72500000000001,-5.10000000000001,-7.35000000000001,-5.17500000000001
31-Jan-2025 05:10:13,62,2,0.00346990637481213,0.325200106700261,0.044567842533191,0.590302276611328,-0.026537187770009,-0.806512729326884,0.0193967152386904,-13.9665824104778,-14.4808972155354,-7.59113759119754,-5.62218122161156,-13.1819151582939,-6.11664909497639,-11.4319034078844,-11.4232167702942,-9.62479524592774
31-Jan-2025 05:10:42,62,3,0.00909137322256962,0.329614641269048,0.0494385542968909,0.58901385863622,-0.0240069867422183,-0.805906573931376,0.0547811503211657,-17.6956648209555,-11.411794431071,-9.87602518239508,-5.71311244322309,-13.0138303165878,-6.62704818995277,-20.0513068157688,-16.5839335405883,-13.0058404918555
31-Jan-2025 05:11:16,62,4,0.013306215715905,0.333299279212952,0.0516913900772731,0.5901953180631,-0.0399281526605288,-0.802271234989166,0.080225416024526,-23.5059972314333,-21.6176916466064,-11.0452877735926,-4.35091866483462,-15.0957454748817,-8.27182228492912,-25.9894602236532,-21.9884003108825,-16.6025107377832
31-Jan-2025 05:11:49,62,5,0.0184104623893897,0.336272259553274,0.0525959941248099,0.5905934770902,-0.0465973461667697,-0.798049521446228,0.110204533735911,-29.3819546419111,-16.711088862142,-12.3317378647901,-2.63716238644616,-18.6776606331756,-10.0337838799055,-33.4369886315375,-27.8897420811767,-20.3069934837109
31-Jan-2025 05:12:24,62,6,0.0236315780629714,0.339617389440536,0.0547398852805297,0.59247895081838,-0.0575566497941812,-0.792632492383321,0.131869908173879,-33.3407245523889,-16.3232360776775,-13.5267817059877,-1.42262485805769,-20.4595757914696,-11.1043392248818,-39.2392045394219,-32.9895213514708,-23.6153824796386
31-Jan-2025 05:12:49,62,7,0.031653351833423,0.340684135754903,0.0584181246658166,0.597284392515818,-0.0695606951912244,-0.787415655454,0.135607070724169,-35.3659007128666,-16.019758293213,-10.6261224221852,3.96730329533074,-7.46649094976362,-4.5541914448582,-38.1437641973063,-38.138519371765,-26.6507246005663
31-Jan-2025 05:13:31,62,8,0.0311131219069163,0.346285575628281,0.0557617676754793,0.598622008164724,-0.0606287255883217,-0.787745292981466,0.132034932573636,-39.6492799983444,-30.0084680087485,-13.4776115758827,-7.1550732387807,-21.4359061080574,-13.9936921023345,-45.4494957301907,-43.0871267670591,-30.9745432839941
31-Jan-2025 05:14:08,62,9,0.0286503827820222,0.348886519670486,0.0551872762540976,0.596341594060262,-0.0497149564325809,-0.789663044611613,0.135415761669477,-39.4496582470638,-32.6526841551953,-15.2079470526024,-9.60484785729003,-24.5672035805193,-15.4413963670616,-48.7261012218488,-45.2079058128773,-29.5893516166493
31-Jan-2025 05:14:44,62,10,0.0278670205424229,0.349739493926366,0.0532726613183816,0.595312404632568,-0.0354414780934652,-0.793289383252462,0.122633769114812,-37.8270872770332,-32.0449471766423,-16.538819638697,-13.8201986476744,-26.1891260529813,-15.4490127411636,-48.7029996822568,-47.4660872024454,-28.4137790899296
31-Jan-2025 05:15:20,62,11,0.0244277187933524,0.3509093105793,0.0509579849739869,0.595857711633046,-0.0315794291595618,-0.798591276009878,0.0787929087877274,-38.7180416976276,-32.3612336355892,-18.1199607794792,-20.1183375239962,-27.3563610254432,-16.4615851699532,-43.2050446270399,-49.7179697638885,-27.6430161335223
31-Jan-2025 05:15:57,62,12,0.0190918767203887,0.352386715014776,0.0495289507011573,0.594758482774099,-0.0216280192136765,-0.802382910251617,0.0444556708137194,-39.0657588135344,-35.6895318132862,-19.8262361976051,-26.9328704432868,-28.5962522479051,-17.4516356260866,-41.1946628140105,-49.5667029112691,-27.0746579622713
31-Jan-2025 05:16:32,62,13,0.0154472418129444,0.352726725737254,0.0479588116208712,0.591970165570577,0.00506273377686739,-0.805937190850576,0.0033141595001022,-36.1418572770975,-37.5988358503581,-21.0700787544028,-35.2056003840617,-27.847471595367,-17.7554250958918,-38.1530676220748,-49.1888613516184,-26.3825021835984
31-Jan-2025 05:17:10,62,14,0.0100452493255337,0.354943382740021,0.0462085343897343,0.591373101870219,0.0204488322138786,-0.805672709147135,-0.0274082459509373,-36.5321464144888,-40.7486428171176,-22.5327048805366,-43.4574288355789,-31.0543550053289,-19.2160840725329,-37.6708657406861,-48.1727324384522,-25.7784476012146
31-Jan-2025 05:17:47,62,15,0.00547963390126824,0.357173703114192,0.0458310358226299,0.590325431029002,0.0411016364892324,-0.80393017133077,-0.0593538363774617,-35.9545308887941,-43.3937012487207,-24.4797227913382,-52.0738065424671,-32.4140704465409,-19.455177802592,-37.4933605145707,-46.6124598485281,-25.2184436169754
31-Jan-2025 05:18:25,62,16,0.00140615286460767,0.358316067854563,0.0434156931936741,0.589977145195007,0.0681152512629827,-0.798833827177683,-0.0956651538610458,-33.0929630315564,-46.6863854127458,-25.9939365944739,-60.1974588770408,-34.5752019033778,-20.0584889093602,-35.893203616092,-45.6051154202252,-24.6804649318084
31-Jan-2025 05:19:01,62,17,0.00837631846467654,0.36010645031929,0.0366158646841844,0.582576541105906,0.0955209741989771,-0.800255731741587,-0.105219306051731,-30.7983818205524,-42.7715183319315,-24.4677705078017,-64.211647655868,-37.0450896322341,-20.6896370561365,-38.8184567915876,-49.2282897217468,-27.4972304402348
31-Jan-2025 05:19:35,62,18,0.0150182951241732,0.36256138086319,0.0327869899570942,0.57703134616216,0.116898530224959,-0.801444307963053,-0.105150437355042,-29.5828125266627,-40.8560576842226,-22.533403394213,-68.2901550916165,-37.9528313649964,-21.1493395470901,-42.4755470489923,-51.6021960636737,-30.3570022734292
31-Jan-2025 05:20:10,62,19,0.0201904036104679,0.36584687034289,0.0301327715317408,0.573180719216665,0.140253247817357,-0.801696368058523,-0.0952673008044561,-28.9817491913301,-39.5653002530665,-21.519935767166,-72.2508218558257,-39.5045000997119,-22.0483192101322,-50.1735558473516,-54.8514684258032,-33.3882772690077
31-Jan-2025 05:20:46,62,20,0.0253273718059063,0.368617933988571,0.0288661450147629,0.566904064019521,0.162049292524656,-0.801918121178945,-0.096369776626428,-27.4129388352761,-42.2618944301866,-21.9419178833899,-76.0025682842653,-41.6031323354039,-23.6169374592187,-53.1420239161882,-59.213423798034,-36.6553038457782
31-Jan-2025 05:21:22,62,21,0.0313402375827233,0.371689987182617,0.0279787906756004,0.559993573029836,0.178407861789068,-0.803086745738983,-0.0981302494804064,-26.3352549688613,-42.677164411445,-22.0316248712492,-80.17485454482,-42.5502463215842,-24.7703750013274,-57.7957216202634,-63.8317206753155,-40.2652062131448
31-Jan-2025 05:22:01,62,22,0.0365021574000518,0.375280545155207,0.0264397903035084,0.552872784932454,0.188108298182487,-0.805617662270864,-0.0996351813276609,-26.3281343472662,-43.8267722947725,-21.8051942949262,-83.8824107214324,-44.3466011830086,-26.6162221899471,-62.317034141958,-69.3281883051223,-45.0965464758093
31-Jan-2025 05:22:25,62,23,0.0439606850345929,0.379293980201085,0.0283004445334276,0.543218620618184,0.212341500322024,-0.807808570067088,-0.0852639382084211,-21.8312953480809,-28.3935491291347,-15.2706949365122,-87.3576018560735,-31.7925764820551,-19.3582742018225,-70.1471540724622,-74.8887413111918,-44.0886056861228
31-Jan-2025 05:23:08,62,24,0.0403511921564738,0.384468682607015,0.0283455015470584,0.547358965873718,0.198661937316259,-0.807911384105682,-0.0906134078900019,-33.3145971601004,-46.893910439014,-25.9071611870524,-92.591610469729,-30.2133619999127,-31.5484286253255,-73.9316777073713,-80.1813370053926,-48.1860243702609
31-Jan-2025 05:23:53,62,25,0.0428963561852773,0.387353845437368,0.0302784002075593,0.546847335497538,0.202798587083817,-0.808486406008402,-0.078616123398145,-35.5261543941011,-50.3821530257071,-27.284699277246,-93.5999566690627,-49.8042426245606,-31.5865237689835,-77.7609336900793,-83.5692710309682,-51.6833258006144
31-Jan-2025 05:24:36,62,26,0.0462719351053238,0.389134319623311,0.0319926075637341,0.54931788444519,0.185417525966962,-0.81120681365331,-0.0762479985753695,-39.3327468309029,-51.2537917312795,-27.5549787696781,-93.92300723815,-51.1013258039114,-32.3616445155485,-78.3287905988886,-87.0027157285766,-55.106967099424
31-Jan-2025 05:25:19,62,27,0.0475395984947681,0.390482157468796,0.0348835403720538,0.552624853452047,0.170058475931485,-0.812634817759196,-0.0728734115759532,-42.6618568691054,-53.5921284962917,-28.6966289632296,-93.4534099921141,-51.1265102606136,-33.6552780635669,-78.3909479707485,-90.5339157622015,-56.6187783324617
31-Jan-2025 05:26:03,62,28,0.0490527138113976,0.391574243704478,0.0373388444383939,0.558949502309163,0.143029810984929,-0.814075672626495,-0.0663233305017153,-48.0022257080082,-53.8138142910236,-29.3739645073407,-91.6874888385166,-51.7907453559915,-33.7081680123121,-77.6752555741336,-94.2639934638346,-58.3746745326134
31-Jan-2025 05:26:48,62,29,0.0495702140033245,0.393303952614466,0.040092362711827,0.566693059603373,0.113182233770688,-0.813929907480876,-0.0597236817081769,-54.4982239472611,-55.1521746006155,-30.3441427267318,-90.1734057311383,-53.0745057707072,-34.7156861614206,-77.7706382932815,-97.7935099994718,-59.6526132163222
31-Jan-2025 05:27:33,62,30,0.0513999549051126,0.394655146201452,0.0409607589244843,0.570178401470184,0.084731646378835,-0.81541295448939,-0.0530934368570646,-60.522036886689,-55.5488721676372,-31.460742283763,-88.1852416468696,-54.2180288450919,-34.8505184107109,-76.8465585703107,-101.597745952111,-61.5915731418095
31-Jan-2025 05:28:11,62,31,0.0499945829312007,0.396616653601329,0.0447266755004724,0.582232729593913,0.0352067028482755,-0.811734366416931,-0.0292045960823695,-72.3044077636611,-26.1536862353581,-33.6729212328053,-84.282650459893,-55.0983227708091,-35.9978472580396,-78.6998298988822,-103.375654716714,-60.237095027116
31-Jan-2025 05:28:57,62,32,0.045129253466924,0.396391115585963,0.048433838536342,0.588373001416524,0.00804177174965541,-0.808083887894948,-0.0274406652897596,-76.3937323156769,-58.6605846174381,-33.7467055162575,-82.0615390286938,-54.0685573614435,-36.5145046304137,-75.7607356169241,-104.209743335568,-58.5228722228672
31-Jan-2025 05:29:39,62,33,0.0411402399341265,0.397271883487701,0.050043165187041,0.595046766599019,-0.0195041737208764,-0.803332543373108,-0.0139924800023437,-82.9365337052146,-59.3435251566966,-34.2512924669146,-79.3311674753833,-53.8837622845366,-37.0908262653105,-77.2504585297011,-102.396921881547,-56.1787770738407
31-Jan-2025 05:30:19,62,34,0.0350443877279758,0.396960367759069,0.0530393977959951,0.603036367893219,-0.0611983564992746,-0.795361236731211,-0.00155917433245728,-89.5060735135133,-60.7644867745443,-35.0462807511742,-74.1711658610171,-55.4714523738589,-37.6969800314687,-74.9545900398458,-100.310645391088,-53.3697457524253
31-Jan-2025 05:30:57,62,35,0.0320780118306478,0.397176080942154,0.0556173133353392,0.60615074634552,-0.09201946357886,-0.789764706293742,0.0196328962842623,-95.8639825311924,-60.0044589316864,-35.8364697022351,-70.2713492161232,-54.795385046296,-37.1930498632575,-77.7409258486742,-97.4876413824111,-53.0282463448156
31-Jan-2025 05:31:40,62,36,0.0393288413683573,0.397277770439784,0.0583792701363564,0.610300068060557,-0.104377147058646,-0.783974019686381,0.0449889962871869,-96.7262494178803,-60.0719158489006,-36.0500466809514,-63.4192724681203,-54.1738884350907,-36.2441003893044,-80.152238619834,-98.8208578069092,-56.2621029392933
31-Jan-2025 05:32:24,62,37,0.0478234149515629,0.397338076432546,0.0602623015642166,0.617159648736318,-0.106417729457219,-0.775489850838979,0.0800295581420263,-95.5481086069132,-61.0566254009387,-33.9374238263682,-57.7072419624856,-51.973952469664,-36.2926299317589,-82.9341024656647,-101.469892351853,-59.5878425122224
31-Jan-2025 05:33:08,62,38,0.0563315053780874,0.396946287155151,0.0609787424405416,0.625526543458303,-0.110080478092035,-0.764027551809947,0.113405177990596,-93.9497639471187,-60.0999612703886,-30.8867010551351,-51.3652345780348,-51.7597968271267,-35.7148989824173,-85.451241848831,-104.326835957019,-62.1345235743773
31-Jan-2025 05:33:53,62,39,0.0640021766225497,0.397376751899719,0.060679700722297,0.63148713906606,-0.105445628861586,-0.755995074907939,0.136296259363492,-92.2913173629105,-58.0226102985444,-28.566928325577,-46.883238754176,-51.638531346034,-35.3490377871775,-88.2860190006649,-106.537734092296,-64.8166753811449
31-Jan-2025 05:34:35,62,40,0.0688923175136248,0.398057103157043,0.0590198874473572,0.635320361455282,-0.099079892039299,-0.751971566677094,0.14522396226724,-90.5278198164954,-33.1099159060524,-28.4876306168565,-45.1312487106132,-51.5637109456639,-35.7641114689887,-90.3796150368327,-108.800609492629,-67.341562560219
31-Jan-2025 05:35:29,62,41,0.072309831281503,0.399281271298726,0.0591769802073638,0.635901685555776,-0.0852839807669322,-0.751290734608968,0.154654261469841,-88.4867967889769,-54.9045498032378,-28.6285704185548,-45.1942615571983,-52.1871130856551,-35.7446525893254,-93.0776205151675,-111.08947352549,-68.8878174254464
31-Jan-2025 05:36:21,62,42,0.0778417845567067,0.400478021303813,0.0587368369102478,0.639909585316976,-0.0728669469555219,-0.747201164563497,0.164001835385958,-86.6820110209067,-54.5278478452615,-27.3796289754624,-45.0397758488575,-51.3596264958269,-36.4079274289249,-95.6278307145857,-113.766331874615,-71.2197561337503
31-Jan-2025 05:36:49,62,43,0.0729604562123616,0.399260606368383,0.0618964309493701,0.640671594937642,-0.0789110059539477,-0.743175335725148,0.176077710588773,-85.1667395772859,-34.6975829110714,-17.9048615488562,-26.5785086630839,-26.8404238281216,-19.5449954348698,-94.7813439992141,-108.568884471343,-62.2134474715254
31-Jan-2025 05:37:57,62,44,0.0644212350249291,0.400026228030523,0.0606942643721898,0.632986688613892,-0.0760336448748906,-0.750226823488871,0.175232566396395,-88.5855274485271,-60.3244840130917,-29.3451238110521,-44.5128668385789,-50.520998977962,-38.4027468706304,-98.1729084641133,-112.243435647136,-61.7660597700697
31-Jan-2025 05:38:22,62,45,0.0643145799636841,0.399186205863953,0.0618907414376736,0.633844888210297,-0.0834180911382039,-0.743042349815369,0.197914442420006,-87.9463449771993,-41.9299681332162,-20.7929009176494,-20.420037694708,-23.7514630365743,-18.7958400212986,-99.633498519148,-104.003986112463,-55.2481325489985
31-Jan-2025 05:39:30,62,46,0.0558026862641176,0.399832691748937,0.0608319399257501,0.621079691251119,-0.0725621238350868,-0.754120381673177,0.2007418602705,-90.6781773345871,-60.2497437623933,-32.3944354464471,-43.7886148911547,-51.1818715495738,-37.856604029421,-103.12860136925,-104.807536222556,-54.9199355681196
31-Jan-2025 05:40:25,62,47,0.0536122255027294,0.400516188144684,0.060097711533308,0.619104540348053,-0.076491334537665,-0.750543344020844,0.218044355511665,-92.7705171063326,-60.3266651460966,-33.4478486863451,-42.2128952577601,-52.8372522897665,-38.3762034662704,-106.290960616887,-103.232586155033,-53.7866037073368
31-Jan-2025 05:41:14,62,48,0.0534336862464746,0.400995981693268,0.0601075522601604,0.622761984666189,-0.0815255661805471,-0.749592208862305,0.208884293834368,-93.6224457428751,-62.2433632276119,-27.7094916556047,-43.3291382823623,-50.9492346303741,-38.8114668244295,-105.027053712692,-104.131945181946,-53.6466724617618
31-Jan-2025 05:42:00,62,49,0.0557912677526474,0.399196187655131,0.0597491738696893,0.622829922040304,-0.0840597654382388,-0.75163156191508,0.200167078773181,-91.0520012330069,-55.5493477477588,-32.7216043026393,-42.3718070995039,-51.7299600277799,-36.3739390397701,-101.654960907881,-104.549179164456,-53.7179574962107
31-Jan-2025 05:42:46,62,50,0.0525981180369854,0.398034940163294,0.0631783654292424,0.620482830206553,-0.0902659629782041,-0.75674698750178,0.18489759961764,-92.3953701499335,-59.3999754872215,-34.1089517885614,-42.4776888129152,-50.4700569535847,-35.7250156837015,-98.653775152762,-104.875350624763,-53.6698506706717
31-Jan-2025 05:43:31,62,51,0.0474995866417885,0.39655566016833,0.0658293460806211,0.618446942170461,-0.100005376835664,-0.762413092454274,0.162014296650887,-92.9206457802574,-62.1479248363422,-35.7089166939273,-43.9401769744614,-51.1148396435891,-35.5203945419284,-93.2130429224886,-104.405990823969,-53.7120479151387
31-Jan-2025 05:44:17,62,52,0.0419531623522441,0.396470791101456,0.0703949282566706,0.615519706408183,-0.114716124037902,-0.765827198823293,0.146575778722763,-95.96187476728,-65.8445349902918,-38.6901903090151,-45.105968360075,-51.1369652156932,-35.612924507303,-89.8525374546381,-104.138865392625,-53.3493971946087
31-Jan-2025 05:45:01,62,53,0.0378712708751361,0.395591239134471,0.0757145911455154,0.612323260307312,-0.114723941683769,-0.770075349013011,0.137414125601451,-94.861080432652,-73.8404755466558,-41.5371182789638,-45.1484113577224,-49.6477622288471,-35.7790300262515,-86.7071453679991,-104.047857146005,-53.9843224915802
31-Jan-2025 05:45:46,62,54,0.0342909815410773,0.393804274002711,0.0808968211213748,0.611366267999013,-0.122129388153553,-0.773180826505025,0.116220254202684,-94.2392744371986,-77.9860813042271,-47.316873426343,-45.3041801613868,-48.602894962526,-34.4819233219868,-81.9443099719659,-104.419907491748,-54.0680357973025
31-Jan-2025 05:46:21,62,55,0.0337491502364477,0.39195233186086,0.0852216586470604,0.611520135402679,-0.119061781466007,-0.775241963068644,0.104246564209461,-89.6569626113326,-81.931519662402,-45.7880421624374,-44.7666118680597,-43.9551955564672,-18.6532105061157,-76.2977529212355,-103.823487133672,-54.3261431074001
31-Jan-2025 05:46:50,62,56,0.0262080779920022,0.389868527650833,0.0868687614798546,0.603760294119517,-0.123113118112087,-0.777135300636292,0.12797417541345,-89.486248338956,-80.4949669023244,-47.7001851545797,-32.7188906079108,-24.318291790213,-11.3760216602454,-80.3204672655322,-95.7526992583539,-50.7126025079862
31-Jan-2025 05:47:38,62,57,0.0199859040478865,0.389895961682002,0.0790628497799238,0.596709064642588,-0.113448793192705,-0.782067700227102,0.139419544736544,-90.2379076089762,-79.6833722923977,-44.4476815439007,-41.1603350735139,-47.205679989025,-34.6659312864734,-83.1472511961545,-88.3397937070808,-46.5051604096663
31-Jan-2025 05:48:03,62,58,0.00844997533907493,0.38764363527298,0.0838229179382324,0.58254785935084,-0.128222145636876,-0.785916026433309,0.162889705101649,-91.3007536501948,-78.9592567575464,-42.5878546318112,-27.6713624019933,-27.1552141703694,-20.0643901487509,-81.5510699199398,-72.9308293178304,-38.7007675618932
31-Jan-2025 05:48:51,62,59,-0.00279936079556743,0.39014590382576,0.0802800660332044,0.567631789048513,-0.136077371239662,-0.79494221607844,0.165360263983409,-96.9441930770127,-84.8038807602329,-48.3243660690164,-38.3171811619105,-46.8358213429806,-33.6921236290527,-85.6184060403065,-67.4738355095913,-36.5978993393936
31-Jan-2025 05:49:32,62,60,-0.0101043551539381,0.39192890326182,0.082213960091273,0.556901796658834,-0.143694184223811,-0.798955019315084,0.175736519694328,-100.00292919663,-87.5578745316882,-50.8090466808688,-38.1553956375468,-28.4069650112248,-34.1344944183669,-87.4925008589639,-58.5178269918579,-33.2957934295308
31-Jan-2025 05:50:14,62,61,-0.014459666920205,0.388709155718486,0.0859947482744853,0.556096307436625,-0.155852912863096,-0.799950206279755,0.162930873036385,-96.1741905354146,-87.4201258938116,-54.0257558958368,-35.3867572862162,-48.9849535537861,-30.1961298380874,-81.9859220445859,-55.0603739221011,-32.1867577399982
31-Jan-2025 05:50:54,62,62,-0.0218397285789251,0.38797074953715,0.0884152839581172,0.552894683678945,-0.175417045752207,-0.801951368649801,0.1428647706906,-99.799276047399,-91.0472196981272,-56.2045074044666,-35.3912178638153,-48.5230762202557,-31.511424585061,-76.8685329047806,-51.1781671749709,-30.6279126286249
31-Jan-2025 05:51:32,62,63,-0.0292368106544018,0.386468122402827,0.0914271503686905,0.553783786296844,-0.194758208592733,-0.802102454503377,0.109656091531118,-100.401273645983,-94.0817347235388,-56.7392800599274,-35.9572279058793,-46.3912659486793,-31.4035489956611,-68.2707386022617,-47.4585835891538,-29.3691628063311
31-Jan-2025 05:52:10,62,64,-0.0338444615403811,0.384692953030268,0.0952456399798393,0.55687966744105,-0.204623041550318,-0.800207531452179,0.0876493235429128,-98.9667272878677,-95.3199603594986,-59.9020632888035,-35.7540126801758,-45.4494892080799,-29.6090882380746,-60.7077417183859,-44.4953115839933,-27.8104606285771
31-Jan-2025 05:52:48,62,65,-0.0408138784269492,0.384248236815135,0.0996244102716446,0.557598121960958,-0.225746835271517,-0.796443025271098,0.0616541589299838,-100.863908951402,-98.2850413007323,-62.5788518043875,-35.6161848205884,-45.402729232969,-29.0713348963946,-53.1371435438317,-41.3851953691611,-26.0267822730931
31-Jan-2025 05:53:26,62,66,-0.0485869161784649,0.383721659580867,0.10461340645949,0.558717274665833,-0.244689226150513,-0.791722806294759,0.0337230635186036,-101.651954625761,-101.513549894603,-65.8376429633253,-35.2110506440592,-44.2284776406024,-29.0119352626679,-44.8877447239383,-39.401657049493,-24.205615828744
31-Jan-2025 05:53:53,62,67,-0.0438294673959414,0.383281135559082,0.104897433519363,0.553070310751597,-0.245806876818339,-0.793880506356557,0.0587020878990491,-99.5866141694376,-99.8888638145068,-58.5873817019344,-26.6658704229789,-29.0894853209793,-19.3211155317408,-48.0983977788875,-39.25511044198,-23.2074572303859
31-Jan-2025 05:54:34,62,68,-0.0402154684066772,0.387164807319641,0.100540569921335,0.555687002340953,-0.230550025900205,-0.796712732315063,0.0575105955203374,-103.91898971582,-103.76753464757,-61.4951211013819,-37.666363622663,-45.4686200970421,-31.1998842278018,-54.2143506725019,-43.365208308258,-27.1124266098116
31-Jan-2025 05:55:02,62,69,-0.034379235903422,0.388229769468308,0.102219472825527,0.548430367310842,-0.236581829190254,-0.796859844525655,0.0909260302782059,-105.825223263556,-101.322883937212,-56.5068608312488,-28.7396935327295,-30.1318184209482,-20.6384471373572,-59.7579534854489,-45.6286284114315,-27.0189599781292
31-Jan-2025 05:55:45,62,70,-0.0305365274349848,0.392740674813588,0.0967567160725594,0.55021177927653,-0.226008866230647,-0.79850617647171,0.0926008994380633,-110.493385811968,-105.541572455145,-60.3956007263251,-39.774441797987,-49.6370485187758,-34.7819071536594,-66.7403812580622,-50.4187096330528,-31.6762753408926
31-Jan-2025 05:56:16,62,71,-0.0228308555980523,0.395046856005987,0.099660920103391,0.547865529855092,-0.235581804315249,-0.793904213110606,0.11857771674792,-113.917512860718,-102.366930587222,-56.2728407040064,-30.4898992408401,-32.9382945035641,-22.8028157233354,-74.2172215105087,-59.3971214138979,-31.7339817008791
31-Jan-2025 05:57:01,62,72,-0.0207003417114417,0.40044167637825,0.095026721060276,0.549604368209839,-0.227702523271243,-0.795011925697327,0.118501811722914,-119.194622159638,-108.095623526372,-60.81933072299,-44.7207112724909,-52.2875484318329,-38.3374485696979,-80.6662680028717,-62.444698474355,-37.366883559477
31-Jan-2025 05:57:33,62,73,-0.0116317530473073,0.404067122936249,0.0970175758004189,0.549562644958496,-0.234619598587354,-0.787451159954071,0.151179565985998,-123.223222583642,-103.800983869058,-56.7254457626248,-42.7342005985407,-34.7608063318417,-24.9539435544041,-87.576417615193,-66.576858174618,-40.5373831673807
31-Jan-2025 05:58:11,62,74,-0.0119004597266515,0.409222815434138,0.0935428261756897,0.548698492844899,-0.235514708360036,-0.787643663088481,0.151921971638997,-129.102568570189,-109.719677913512,-61.6613733125852,-49.4390285717899,-26.0210662177206,-41.3613696082817,-93.6671187874934,-70.5013091947841,-43.7516816499372
31-Jan-2025 05:58:42,62,75,-0.0085637891665101,0.411542558670044,0.0955995177229245,0.543019497394562,-0.24687920709451,-0.782312297821045,0.179354142149289,-133.282287338006,-104.92003880885,-57.1622071177084,-36.414525868639,-21.9748270965346,-26.6892611967454,-99.0480957397834,-73.1969058749016,-42.4878795698202
31-Jan-2025 05:59:35,62,76,-0.00560603753353159,0.416430161396662,0.0909532229105632,0.544388747215271,-0.242340796192487,-0.781595611572266,0.184445549050967,-138.862192496459,-111.33623312963,-62.120494050413,-52.0003578272876,-62.8753384718165,-43.6523855525019,-105.574210582068,-77.9780753849949,-49.1100272083664
31-Jan-2025 06:00:12,62,77,-0.00191596014580379,0.419713813066483,0.0930006499091784,0.540248187383016,-0.26634548107783,-0.769767745335897,0.211304458975792,-145.190104433144,-102.344627814732,-60.0264854834852,-41.267062667707,-42.7175862030963,-29.9441429565637,-109.887455496128,-81.8272375500519,-45.2645889370086
31-Jan-2025 06:01:01,62,78,0.00375441135838628,0.422316793600718,0.0830104048053424,0.547142521540324,-0.285257707039515,-0.757341575622559,0.213768274585406,-151.943062967487,-96.6444808561948,-59.6968401984527,-50.8488511735762,-69.2340215584935,-43.9072085524486,-113.474484882686,-84.3602929226029,-47.5906380953167
31-Jan-2025 06:01:29,62,79,0.00374463965805868,0.424298258622487,0.0816491996248563,0.542399791876475,-0.32086935043335,-0.740320980548859,0.234029659628868,-158.308544800659,-91.0900630758376,-53.049376554368,-43.8881815121705,-48.2875507259485,-30.3809282442453,-116.548406505494,-78.8852948989009,-44.0774309684576
31-Jan-2025 06:01:58,62,80,0.0125002502774199,0.42191858291626,0.076899062593778,0.556994640827179,-0.299324150880178,-0.735809342066447,0.242377136150996,-152.101860557169,-85.9987385341343,-51.7438433970582,-41.3466858441117,-41.1722112755789,-25.3594925635901,-117.823092791685,-85.0307000751425,-42.2875359895693
31-Jan-2025 06:02:35,62,81,0.0200825265298287,0.420239506165187,0.0697033991416295,0.573305249214172,-0.266619535287221,-0.736163957913717,0.241449258724848,-146.060807138387,-81.5063462869761,-49.9088556499852,-47.3445756342341,-67.941145278224,-24.1157204069127,-119.719502136939,-87.2615919023209,-45.1128269393893
31-Jan-2025 06:03:14,62,82,0.0221547488123178,0.420157768328985,0.0640391851464907,0.579593348503113,-0.247563992937406,-0.737741458415985,0.241911562283834,-143.627569131958,-79.6384201870904,-47.6591406080308,-48.912158153447,-70.3272160073765,-43.1357800122241,-121.251773011723,-86.8602270549678,-47.2457108535633
31-Jan-2025 06:03:49,62,83,0.0233627986162901,0.419351085027059,0.0610093310475349,0.583876498540242,-0.223463345567385,-0.741666567325592,0.243070131540298,-139.923238831706,-78.7077271608409,-45.6520619186355,-50.6645870372054,-69.9718550997826,-43.2627554985301,-122.676974651273,-86.2677338703487,-47.9073912499144
31-Jan-2025 06:04:24,62,84,0.0223677042871714,0.418809070189794,0.0594757601618767,0.58555866877238,-0.195462642113368,-0.748034242788951,0.243639441331228,-135.358362384543,-79.6706506714096,-45.4163014055199,-52.9594391032363,-69.4457783738155,-43.3931889253333,-124.198641673206,-85.1296765170969,-47.4584698873541
31-Jan-2025 06:05:00,62,85,0.0226688016206026,0.418043464422226,0.056912961602211,0.58841966787974,-0.163531167308489,-0.753496205806732,0.243440655867259,-130.063212863923,-78.9553824503872,-45.391199980544,-55.0755027604036,-70.5593437386619,-43.6003513223852,-125.468541386331,-85.8188370795285,-46.904247645338
31-Jan-2025 06:05:36,62,86,0.024083070581158,0.417170645793279,0.054576171686252,0.592056055863698,-0.126473995049795,-0.758114834626516,0.242354900638262,-124.102926806576,-78.5260183635695,-44.796428099638,-57.777172213139,-69.192730148915,-43.7708782045614,-126.987557445051,-84.946606599802,-47.497374963594
31-Jan-2025 06:06:12,62,87,0.0243770827849706,0.416134303808212,0.0493329984446367,0.5964732726415,-0.0846464931964874,-0.762882399559021,0.234659511844317,-117.360072480865,-77.414606343854,-43.4668209907671,-60.2466445636585,-71.3860270818715,-43.7730873292997,-127.656131676569,-85.4686805989963,-47.0141770619861
31-Jan-2025 06:06:48,62,88,0.0244861197968324,0.415381753444672,0.0436611530681451,0.599962536493937,-0.0486170719067256,-0.765469268957774,0.227460278073947,-111.200934020972,-74.6871703576896,-43.2697962679135,-63.5000183630701,-74.3842792761797,-44.5161375753192,-128.649484994486,-85.937906837651,-46.8178165504463
31-Jan-2025 06:07:27,62,89,0.0249850748727719,0.414449656009674,0.0392304892341296,0.601471710205078,-0.00898164169241985,-0.765680011113485,0.227783329288165,-104.208653493988,-73.176722388301,-43.7140627380687,-66.0953428869277,-77.7850091011637,-45.4046083819791,-129.880227855602,-85.930709196036,-46.7648747339404
31-Jan-2025 06:08:06,62,90,0.0244833881656329,0.414028157790502,0.0339282527565956,0.603595908482869,0.0234421664228042,-0.764796427885691,0.224073484539986,-98.524801933458,-72.4997684273002,-43.8039748047283,-68.0616427730083,-81.7619777414856,-46.6657894689594,-131.379665488318,-85.8352996142861,-46.1836422649516
31-Jan-2025 06:08:47,62,91,0.0251184246192376,0.414330140749613,0.0268348560978969,0.606687251726786,0.0538714841008186,-0.764686501026154,0.210435332854589,-94.0951648561556,-70.2895614704934,-42.8917096696401,-72.9384303402003,-87.4520657894764,-48.3383256960997,-132.038450506834,-85.3957840624687,-47.2132644697213
31-Jan-2025 06:09:27,62,92,0.0246508027116458,0.41349204381307,0.0222745412339767,0.60856138865153,0.0836848810315132,-0.76150058110555,0.206801251570384,-85.9426350204669,-68.3627280157835,-43.203355933678,-74.2454617479482,-90.6987135413017,-50.5165394933202,-132.27690921825,-85.1592155256177,-46.6483140113702
31-Jan-2025 06:10:06,62,93,0.0254298447320859,0.412698497374852,0.0172912602623304,0.610019632180532,0.113991024096807,-0.757447914282481,0.202866305907567,-79.228658805585,-66.1275813121221,-42.0269578972789,-76.5426150759739,-93.5486411450443,-52.4975920755806,-132.755204776116,-85.0241204962497,-46.4860772214587
31-Jan-2025 06:10:48,62,94,0.0252989775190751,0.412710630893707,0.01215915158391,0.610226472218831,0.152024227380753,-0.751200270652771,0.200525399049123,-72.3339594011065,-65.0882779839849,-41.3815377106614,-80.9848293641386,-95.7502086747456,-54.8300640503611,-134.103418757207,-84.4897622206234,-46.3001972657671
31-Jan-2025 06:11:30,62,95,0.0237332244714101,0.412855245669683,0.00690401084721088,0.611411007245382,0.180314914385478,-0.747221179803212,0.187945881485939,-66.6988984018297,-64.4218963436099,-41.9016064489348,-84.0995741323727,-98.9025961674261,-57.1132457214015,-134.31159194991,-84.7307723218678,-45.8774957271854
31-Jan-2025 06:12:14,62,96,0.0240395976851384,0.412806298335393,0.000368237419752404,0.614104155699412,0.211383204658826,-0.737489036719004,0.185211054484049,-60.1936566051537,-62.966975547116,-41.4294196496536,-86.2505841406415,-102.755393641596,-58.846782240572,-135.149744748419,-84.9094666115476,-45.4113833971586
31-Jan-2025 06:13:05,62,97,0.0205617975443602,0.414292953411738,-0.00320279450776676,0.618286176522573,0.211734026670456,-0.736418000857035,0.174869821468989,-60.9783244097781,-63.8177851725627,-41.6611050815951,-88.5197267689278,-106.883396106511,-61.3554961838075,-135.402887349832,-84.3070029954451,-45.8235656714093
31-Jan-2025 06:13:31,62,98,0.0298396117985249,0.414399594068527,-0.00432102295259635,0.611993825435638,0.239408651987712,-0.739372766017914,0.146543610095978,-48.8177984885417,-32.9017647438591,-22.5662758353442,-94.4270978696885,-103.598469557734,-56.5079299232996,-133.132196272438,-86.965349501906,-48.4319866242822
31-Jan-2025 06:14:26,62,99,0.0262862046559652,0.41484245856603,-0.000153330182850671,0.606346571445465,0.229454406102498,-0.751400359471639,0.12284965167443,-59.6297499676303,-61.6246769206422,-41.5224146468992,-97.2890021254536,-105.594844256644,-57.704158018808,-130.377752645769,-89.5409065319213,-50.2099812282244
31-Jan-2025 06:15:20,62,100,0.0264611942072709,0.415528643131256,0.000847579635834942,0.600188287099202,0.2353838711977,-0.758532702922821,0.0948504860202471,-59.7279401468815,-64.3670554001678,-42.2290374873572,-101.253172958721,-105.731869579396,-57.4222832923244,-127.756432744463,-91.9250688237139,-51.1977626577014
31-Jan-2025 06:16:51,304,1,0.000595322612207383,0.319522082805634,0.0413987879951795,0.59181702931722,-0.0023974171684434,-0.80603316227595,-0.00757629489526153,-5.25000000000001,-12.6,-4.80000000000001,-4.87500000000001,-11.325,-4.95000000000001,-4.95000000000001,-6.82500000000001,-5.32500000000001
31-Jan-2025 06:17:20,304,2,0.00361256781034172,0.325868088006973,0.0411311089992523,0.590466356277466,-0.0102287825817863,-0.80688400665919,-0.0135309196387728,-12.5088574144179,-14.0813263641666,-6.36729996353557,-10.7149100853602,-13.7788973591843,-6.38483841551063,-9.81053789271107,-12.7040532133701,-9.29741091171328
31-Jan-2025 06:17:51,304,3,0.00771853666131695,0.330307851235072,0.0419569437702497,0.592904965082804,-0.00192660454971095,-0.805105412006378,-0.0162885818630457,-15.6802148288358,-19.8376527283332,-6.92209992707114,-16.3110701707204,-15.3890447183686,-7.78217683102124,-14.2960757854221,-18.9768564267401,-13.2510718234265
31-Jan-2025 06:18:23,304,4,0.0119288018594186,0.334864872694015,0.0423629201948643,0.592549236615499,0.00921036998430888,-0.805270783106486,-0.0184267039100329,-18.4578222432537,-20.8314790924998,-8.84564989060667,-23.0603552560806,-17.7023170775529,-7.66076524653184,-18.8191136781332,-24.0965346401102,-16.7453577351398
31-Jan-2025 06:18:58,304,5,0.0138539645199974,0.339790610472361,0.0403056750694911,0.592156155904134,0.0145414964606365,-0.805562527974447,-0.0144464513286948,-22.7635546576717,-22.7440554566665,-10.2535748541422,-27.8362028414408,-22.3921519367372,-11.2799786620424,-24.4859015708442,-30.5896503534803,-20.0099561468531
31-Jan-2025 06:19:36,304,6,0.0165773570537567,0.344575564066569,0.040828488022089,0.592124565442403,0.0198005893578132,-0.805533230304718,-0.0106142741938432,-26.4833495720896,-27.5160068208331,-12.2286873176777,-32.375331676801,-24.5952680459215,-13.994504577553,-30.7995644635552,-37.0944848168504,-22.8597108085663
31-Jan-2025 06:20:16,304,7,0.0197905422498782,0.348739715417226,0.0418087671200434,0.591954120000203,0.0261886359502872,-0.805487279097239,-0.00973276266207298,-29.5351757365075,-31.542645685,-14.1123935312132,-37.0211011371612,-26.830024780106,-15.5066867430635,-35.4116648562663,-43.0051786552204,-26.1770435952796
31-Jan-2025 06:20:56,304,8,0.0273513618856668,0.350784776608149,0.0431532035271327,0.591946025689443,0.0388044791917006,-0.804706271489461,0.0232799454281727,-29.0381893296685,-32.2812972168415,-14.2158652325465,-33.4101201379351,-27.2119138217317,-16.5564842305389,-43.5176789467438,-47.307795580445,-29.9582987745545
31-Jan-2025 06:21:35,304,9,0.0361610238750776,0.351258049408595,0.0453529829780261,0.592674875259399,0.0437886640429497,-0.802464560667674,0.0535699032247067,-27.9992107353295,-31.8961206236829,-14.3339853713797,-28.8507992949589,-26.8142130196074,-16.8181957805143,-46.6983024122215,-51.8368773494197,-35.7314484850793
31-Jan-2025 06:22:14,304,10,0.0443392992019653,0.352158419291178,0.047786221653223,0.595667564868927,0.0477802557249864,-0.79576301574707,0.0982773989439011,-27.4392360472405,-31.8490299680243,-14.384429728963,-23.8173085301078,-27.226717295608,-17.2108643617397,-53.4162305651991,-55.5791915402693,-39.6505454612291
31-Jan-2025 06:22:52,304,11,0.0522177378336589,0.352680883804957,0.0494783821205298,0.598667073249817,0.0515487472216288,-0.786736925443014,0.141370065013568,-25.8437633122765,-32.3459822811156,-13.4260361959213,-18.4717328043191,-26.6943241106711,-17.9690114585901,-58.8278110619267,-59.6031219420564,-42.1176160701915
31-Jan-2025 06:23:17,304,12,0.0633777717749278,0.353331488370895,0.0509156435728073,0.597595806916555,0.0694296648104986,-0.779505054155985,0.174443992972374,-22.005541553875,-17.7399560785821,-7.76322371756712,-14.1701145980617,-14.9644821952657,-10.5848978132531,-64.1862177305293,-64.5928604493122,-39.9586734955601
31-Jan-2025 06:24:00,304,13,0.0651683509349823,0.357531613111496,0.0487686177094777,0.595500493049622,0.0899178013205528,-0.777270567417145,0.182056146860123,-22.2209452837548,-32.9324406182358,-5.82320176655668,-17.9654751515699,-26.5859159146256,-19.4546537968222,-70.8680374850695,-68.2655030093025,-45.1617243291319
31-Jan-2025 06:24:36,304,14,0.0652995218833288,0.362459689378738,0.0495693023006121,0.596275917689006,0.0852360248565674,-0.773490083217621,0.197238319118818,-27.6264877909416,-17.9854670116405,-4.07755766775937,-20.5215297284423,-30.4813809234966,-11.4903806781215,-77.2365434643277,-70.4157563466108,-46.3786905894935
31-Jan-2025 06:25:03,304,15,0.0634749218821526,0.366486446062724,0.0532645203173161,0.599861375490824,0.0654413084189097,-0.763996227582296,0.228459105889002,-34.0454366701986,-10.600621090592,-3.26261120079799,-10.5893289952564,-16.0646648410591,-7.28957496664725,-83.3734027150703,-73.8117356971028,-41.2611552019059
31-Jan-2025 06:26:03,304,16,0.0554623365402222,0.373581031958262,0.0512826773027579,0.600713368256887,0.0524381123483181,-0.763001783688863,0.232856137553851,-44.4210887354909,-40.3718390123169,-20.0130135497545,-25.3130006070409,-39.0668582129675,-25.7455029587861,-91.1944386015551,-76.0305780541865,-42.7263689903436
31-Jan-2025 06:26:29,304,17,0.0566625672082106,0.377538400888443,0.0539454388121764,0.602667264143626,0.0387899036208789,-0.754177681605021,0.257882873217265,-49.9500923938007,-22.1960888554285,-11.4210903066701,-12.164608391311,-19.9535063120484,-13.8297978027319,-97.457562805911,-79.2358519145661,-39.4579573667941
31-Jan-2025 06:27:32,304,18,0.0502567710975806,0.383982036511103,0.0537527181208134,0.599883468945821,0.0356416600445906,-0.756579871972402,0.257791433731715,-60.3307718486193,-46.7218546592338,-25.483004267565,-31.5051842618237,-44.2073817747162,-30.3032760725807,-104.516731169202,-80.9843415265937,-41.9227330372509
31-Jan-2025 06:28:20,304,19,0.0501262669761976,0.389606638749441,0.0558156741162141,0.600141060352325,0.0231841004143159,-0.749943363666534,0.277269148826599,-67.1372892016923,-26.2983784433853,-28.0718368304497,-34.0152441754579,-46.4198709191772,-31.7213460553814,-111.598921611962,-82.9044390144452,-43.9541023547109
31-Jan-2025 06:29:03,304,20,0.0528873319427172,0.391743562618891,0.0556536609927813,0.605122435092926,0.0170130552103122,-0.744086527824402,0.282617537180583,-69.4435122879301,-54.0183465995638,-16.8848807116395,-33.6927777945441,-30.5904083210666,-35.3028019293076,-113.256321833691,-85.7130586282256,-45.3468469160643
31-Jan-2025 06:29:38,304,21,0.0569338046014309,0.393044545253118,0.0515522795418898,0.608814835548401,0.0226205538958311,-0.741158588727315,0.281987218062083,-68.4936948487315,-31.2760042508283,-11.9796542433266,-35.5751824244106,-49.6005991434047,-23.3079057314717,-114.694477575287,-88.339580210962,-46.3312398891685
31-Jan-2025 06:30:02,304,22,0.0558457468946775,0.392626210053762,0.0551113295058409,0.606932095686595,0.0183368510256211,-0.739868628978729,0.289640388886134,-68.5408571468146,-20.1275066496362,-9.01529260026244,-28.7350225596675,-37.2056166759668,-18.8248334977548,-113.623011076817,-83.1500527781764,-43.6614570681481
31-Jan-2025 06:30:55,304,23,0.0522621038059394,0.394538766145706,0.0545323794086774,0.60328727165858,0.0275917592147986,-0.748994851112366,0.272561768690745,-71.6365093135387,-54.6009314222163,-28.7713633698225,-38.6835804476193,-50.4330475636409,-35.1226732460972,-115.646733458314,-88.7525008376298,-47.4145863500654
31-Jan-2025 06:31:34,304,24,0.0542565149565538,0.396287608146667,0.0552701346576214,0.605798808733622,0.0179319351911545,-0.746690630912781,0.274115683635076,-74.3064064145832,-56.0853173816822,-29.8126503456948,-39.4014972119187,-52.1716851288712,-36.3109689854695,-117.193050279794,-91.3509366432027,-49.5791716834515
31-Jan-2025 06:32:14,304,25,0.0537114091217518,0.398434589306513,0.0547681252161662,0.606741996606191,0.0161572322249413,-0.747426478068034,0.270105141401291,-76.8384259827879,-58.100183934591,-31.3965454247232,-41.654093414392,-54.0909260328796,-37.9694927203566,-118.650664321266,-93.7973663218353,-51.4744850425721
31-Jan-2025 06:32:53,304,26,0.054273646324873,0.400657816727956,0.0534420651694139,0.609553877512614,0.014716797756652,-0.746460866928101,0.266502741972605,-78.6265067845727,-59.705290784221,-31.3767445553296,-44.4490293359521,-55.200468606277,-40.3131304530012,-120.288926972733,-96.4677929369978,-54.7351624145598
31-Jan-2025 06:33:32,304,27,0.0547431570788225,0.403753032286962,0.0509921193122864,0.611018506685893,0.0230865356822809,-0.750236368179321,0.251532977819443,-80.7176182031476,-60.4305177822118,-32.0550957117251,-50.8901351170556,-58.005162014369,-42.0243251845245,-121.867513929198,-98.2002180204253,-56.8785217929812
31-Jan-2025 06:34:10,304,28,0.0529901154339314,0.405632398525874,0.048887944718202,0.609868601957957,0.0308033924549818,-0.755059130986532,0.238740826646487,-82.6602449301175,-61.8408048543829,-33.3075228810151,-55.2543258279309,-61.9574308398082,-42.4442984154872,-122.966263038163,-100.888642337985,-57.9382221746193
31-Jan-2025 06:34:49,304,29,0.0596384319166342,0.40487912495931,0.0456617400050163,0.609026424090068,0.0568395835657914,-0.757282495498657,0.228865327437719,-76.8257613222958,-60.7103864844762,-33.2827518748779,-57.0400618393508,-64.0678509879832,-41.9757242609102,-121.589747813123,-103.861930005559,-60.9744064820491
31-Jan-2025 06:35:26,304,30,0.0644282465179761,0.404422322909037,0.0406547618408998,0.610596068700155,0.0737747301657995,-0.758994483947754,0.213675299286842,-70.7291565415729,-58.4762331331145,-30.9639998719644,-58.4565690832135,-66.652664990495,-41.971844731193,-120.205773126208,-106.661717481665,-64.827176040283
31-Jan-2025 06:36:04,304,31,0.0722645406921705,0.404151610533396,0.0389544161657492,0.610183024406433,0.0855012133717537,-0.760164952278137,0.206192926565806,-66.3764911743994,-56.8152122910254,-30.8732573706626,-58.7884619432978,-68.5746759201752,-42.4253125139057,-118.218068708355,-110.274754862038,-70.288238223919
31-Jan-2025 06:36:41,304,32,0.078501333296299,0.403243271509806,0.0365384762485822,0.605144119262695,0.109482234716415,-0.763505260149638,0.197164869308472,-61.0957955140005,-56.2657577035725,-29.7965196201668,-59.2530476114927,-69.7902853134396,-41.8324539528334,-116.228499425034,-115.119417194544,-72.2784467202561
31-Jan-2025 06:37:19,304,33,0.0865677714347839,0.403804057836533,0.0326870655020078,0.604305942853292,0.124314383665721,-0.763788060347239,0.189705245693525,-56.326084706989,-54.4720862434378,-25.151784245074,-59.6339796837431,-73.1276939384961,-42.3664322198686,-114.537997708978,-120.654892003117,-75.6832283729437
31-Jan-2025 06:37:58,304,34,0.082706585029761,0.404722551504771,0.0354939279456933,0.589415339628855,0.139727281530698,-0.779000691572825,0.161937632163366,-55.3010973713316,-56.0442774479716,-30.7158327182882,-65.8069360024579,-69.8339381987502,-42.4165940207092,-112.987954257245,-123.378852604682,-73.2906334913867
31-Jan-2025 06:38:38,304,35,0.0801618287960688,0.405592888593674,0.0375645771622658,0.575500245889028,0.152420296271642,-0.793847715854645,0.123989257216454,-54.5163562490211,-57.0804144343348,-32.1628817853532,-74.8089789221866,-65.2706322669523,-42.5984650285767,-110.087677697328,-125.225516325263,-71.5141818989174
31-Jan-2025 06:39:17,304,36,0.0743176763256391,0.405711700518926,0.0363596563537916,0.560659074783325,0.171164349714915,-0.805249698956807,0.0890904312332471,-52.7267382333841,-56.7235243116127,-32.5264311493435,-82.3005651424222,-63.4475512391284,-41.2711906399576,-108.68728458332,-123.033531605353,-69.4458019509919
31-Jan-2025 06:39:57,304,37,0.0717093641559283,0.406168365478516,0.0340831582744916,0.549321087201436,0.190425601601601,-0.811985448996226,0.05161488900582,-50.8846817710837,-58.5201206343481,-31.6732306617965,-88.8869230129112,-62.3195826632916,-41.6643435530952,-107.136833192265,-121.147222665197,-68.1314578253382
31-Jan-2025 06:40:35,304,38,0.0655132432778676,0.406688338518143,0.032772604872783,0.538422282536825,0.201409436265628,-0.818147814273834,0.013032928109169,-50.4414060854517,-57.7934601798121,-32.5366552484809,-96.670666708527,-60.7891703134482,-40.9677101171112,-105.286352662688,-118.288751614918,-66.8191316108206
31-Jan-2025 06:41:13,304,39,0.0591368839144707,0.407885311047236,0.0297620152433713,0.525487903753916,0.216190413633982,-0.822293225924174,-0.0309520142773787,-49.5725207881539,-58.4301713366404,-33.883392372281,-104.828103316706,-52.9075360766016,-41.0011835065664,-103.210857563849,-115.994199509577,-63.6328143518709
31-Jan-2025 06:41:56,304,40,0.0522143763800462,0.408967874447505,0.0246647627403339,0.517859331766764,0.230396670103073,-0.821328973770142,-0.0644812266031901,-48.9408306850231,-59.073568299151,-33.2967857646389,-112.347386381167,-64.8752908962533,-41.0247103087411,-102.447855180379,-111.356606876706,-61.9845015707052
31-Jan-2025 06:42:32,304,41,0.0501716271042824,0.411455512046814,0.0243034900476535,0.514994370937347,0.228030461072922,-0.822548560301463,-0.0787194599707921,-51.6507896109366,-60.613025788955,-35.489137865947,-117.191352665103,-65.9987554341105,-41.8705431746991,-103.174500092664,-113.535078945207,-62.6607552734458
31-Jan-2025 06:43:09,304,42,0.0496847135325273,0.415323877334595,0.0236511595547199,0.514016362031301,0.219707216819127,-0.824551546573639,-0.0873538826902707,-57.6075473353918,-60.8416547301795,-37.5356540343945,-121.61328056311,-70.2845672360923,-42.9388893938369,-105.054268183791,-115.427790881826,-65.1465100956323
31-Jan-2025 06:43:47,304,43,0.0454924697677294,0.418861506382624,0.0248303880294164,0.518746236960093,0.209805007775625,-0.823100423812866,-0.0969016283750534,-63.6127044591179,-65.2898693971146,-39.5092522364119,-126.124189268152,-73.0765526701364,-44.6434922895647,-107.210597864339,-117.477622752503,-65.8370154775418
31-Jan-2025 06:44:26,304,44,0.0429313908020655,0.422256880998611,0.0255362133185069,0.524037226041158,0.19159895280997,-0.823021717866262,-0.106349117557208,-71.0670612824795,-68.4728769269048,-40.696391455214,-130.379588376712,-75.4216249202117,-46.2912235235874,-108.005208339598,-120.13101459021,-65.4798961393129
31-Jan-2025 06:45:04,304,45,0.0395366745690505,0.425634541114171,0.0266876714924971,0.529939031600952,0.167867205540339,-0.822333939870199,-0.121458485225836,-79.0210179556587,-71.2482808881226,-42.7653011824086,-134.80723268703,-77.5432405783026,-48.2855189267577,-108.193959212213,-122.336186411432,-66.9989644410147
31-Jan-2025 06:45:44,304,46,0.0382913226882617,0.429623659451803,0.026641022413969,0.533498922983805,0.15566030840079,-0.820713917414347,-0.132580063740412,-87.1497745537468,-74.4948830650542,-44.3750961637995,-138.945999598228,-82.6281279404012,-49.7780964145016,-109.654780283504,-124.24224822441,-69.6811265626818
31-Jan-2025 06:46:25,304,47,0.0358284088472525,0.433410447835922,0.0280464821805557,0.538596872488658,0.139153325557709,-0.818853930632273,-0.14152031938235,-95.3659311142894,-77.9770843498427,-46.7303337722885,-143.540327809865,-85.1446511545037,-52.2948149445325,-111.151636454135,-126.148755033268,-71.8948355943317
31-Jan-2025 06:47:10,304,48,0.0263728058586518,0.431626733144124,0.028358880802989,0.543994255860647,0.119856251776218,-0.814334066708883,-0.162987071275711,-97.5064997573279,-77.3234360104646,-47.0261031874696,-143.713037880783,-85.3870608291679,-51.7107733451771,-106.324102871301,-121.370246771832,-68.3513343790472
31-Jan-2025 06:47:52,304,49,0.0193061299622059,0.428444580237071,0.0264510724693537,0.543911906083425,0.100504739085833,-0.810053594907125,-0.194606823722521,-97.7564183909799,-77.5161874480508,-44.4707332594252,-143.399638276811,-84.6123794668331,-51.1202670063935,-97.2305780633018,-114.754349759366,-64.5032198912585
31-Jan-2025 06:48:35,304,50,0.0135263633603851,0.426411392291387,0.028087933982412,0.544328184922536,0.0810158381859461,-0.807927775382996,-0.210703589518865,-99.6860120199388,-76.707138774119,-45.4397936597681,-142.768183835393,-82.9541525859987,-49.7765282978957,-90.8040576427199,-109.094758371385,-59.7527987672176
31-Jan-2025 06:49:16,304,51,0.00725924546519915,0.423235396544139,0.0264805338035027,0.544800122578939,0.0741859709223111,-0.803029576937358,-0.229853921135267,-98.1054431465511,-75.3221900444282,-43.2960692243046,-142.127701975253,-81.6791529459146,-49.0311734045409,-84.1360394158468,-101.813319795647,-55.3762243250506
31-Jan-2025 06:49:58,304,52,0.000703347357921302,0.420051948229472,0.0258975992600123,0.542170592149099,0.062985793252786,-0.798006506760915,-0.255478908618291,-97.0947930219901,-74.774291286858,-42.5209523709379,-141.407706405752,-80.5957669262056,-47.3100104187575,-78.1722722858279,-96.5709576260291,-51.9365732238206
31-Jan-2025 06:50:40,304,53,-0.00289471857249737,0.417947485049566,0.0246723818282286,0.540277536710103,0.0605203300714493,-0.795334605375926,-0.268105073769887,-95.9191022718424,-73.819917515348,-42.5051393086197,-140.42295398157,-80.9581877166842,-45.4759433867599,-73.8356307042362,-89.9481336594723,-48.890383793059
31-Jan-2025 06:51:23,304,54,-0.0110726857557893,0.4153950492541,0.0242469437420368,0.540126327673594,0.0474122822284698,-0.789620113372803,-0.287255374590556,-95.3358912089015,-72.8873062368681,-42.1189781418257,-139.455823130048,-79.8685119122566,-44.4104243316552,-67.7625518968581,-83.9850787944458,-45.2909251975317
31-Jan-2025 06:52:04,304,55,-0.0157590512186289,0.413498002290726,0.0238750815391541,0.539180302619934,0.036498482276996,-0.786379917462667,-0.299264246225357,-95.4239199895638,-70.8405762049033,-41.6226429227937,-138.947503064855,-77.7527878103758,-43.9541792649968,-63.5212544765867,-74.9769084801844,-41.8648320196215
31-Jan-2025 06:52:46,304,56,-0.0216076114525398,0.411464373270671,0.0231364786624908,0.538431620597839,0.0246024373918772,-0.780773814519246,-0.316035401821136,-95.0975686920278,-69.661786796196,-40.0212206776428,-138.068588392828,-77.2240395597685,-43.0525711925617,-57.3458477498688,-65.8711804413057,-40.4754215505198
31-Jan-2025 06:53:28,304,57,-0.0246048358579477,0.409773782889048,0.0212269900987546,0.533008436361949,0.0113328037162622,-0.777661315600077,-0.333191349109014,-95.2390273553927,-66.5919676991174,-39.3672549194324,-137.079376417383,-75.9887792347979,-42.4532816172382,-50.5783863699276,-63.0166735401182,-38.4543524358224
31-Jan-2025 06:54:13,304,58,-0.025345491990447,0.408120552698771,0.0213490897168716,0.530481624603272,0.0022656523467352,-0.777608780066172,-0.337503675619761,-95.0143909992079,-63.5516337578531,-38.2870174046923,-136.035015790229,-74.4002628726457,-41.7801512904705,-46.8148976633747,-61.5627772077763,-36.1924539983272
31-Jan-2025 06:54:45,304,59,-0.0218674771487713,0.406005692481995,0.0180816888809204,0.523843101660411,0.00323672803739707,-0.778180400530497,-0.346429234743118,-90.5567071332484,-34.3510423944951,-21.3936440116872,-135.263080837221,-73.6851184919026,-38.0701005879807,-43.503395293516,-59.0841861598572,-36.960140899433
31-Jan-2025 06:55:33,304,60,-0.023858213921388,0.403551892439524,0.0129781575252612,0.528876876831055,0.0193978529423475,-0.783228874206543,-0.326290520032247,-85.8295942665227,-59.1839515731666,-34.5623360138848,-131.573554876664,-77.9476715690208,-41.9614141390059,-44.606503649611,-56.3729056046383,-35.0567681028815
31-Jan-2025 06:56:16,304,61,-0.0251535141219695,0.401662969589233,0.00478261848911643,0.529732855161031,0.0421880553166072,-0.786614727973938,-0.314389191071192,-79.3692195223534,-57.7892963963147,-32.8277440465163,-128.814635334643,-84.0785676414913,-45.0184975961007,-45.4101085898795,-53.4054513705252,-34.6232916409804
31-Jan-2025 06:56:57,304,62,-0.0252447016537189,0.399286635716756,-0.00437218037744363,0.526389575004578,0.0663898731271426,-0.788248312473297,-0.311722707748413,-70.0172138394622,-56.1808590417011,-30.8415100943647,-126.671019001891,-87.9936352116379,-48.0334660062302,-44.0389618222348,-51.5099102969648,-33.8747633464044
31-Jan-2025 06:57:37,304,63,-0.0261909586687883,0.397991933425268,-0.0118461965272824,0.529157741864522,0.102747589846452,-0.784648911158244,-0.306204422314962,-62.3693926872101,-54.5405305982066,-30.4544551498215,-126.335054273772,-91.4007885306226,-50.802376892877,-44.9554392006335,-48.950325803681,-32.5187091354909
31-Jan-2025 06:58:18,304,64,-0.0275925554335117,0.396330203612645,-0.0170651455720266,0.534896953900655,0.131591894229253,-0.7791077931722,-0.299265549580256,-54.3736638002775,-53.5592566102716,-29.3669897090826,-124.802915347971,-94.8539847240263,-52.8482590177825,-45.0657286520539,-46.3587196005353,-31.8338919664087
31-Jan-2025 06:58:59,304,65,-0.0286155511935552,0.394870694478353,-0.0250416979193687,0.541547107696533,0.163823905587196,-0.77237301270167,-0.288666655619939,-46.4289810460046,-52.4575098501165,-28.7543190202458,-123.122689323328,-97.9552023546396,-56.7826267618174,-45.7479241399852,-45.4011025424587,-30.8096933182422
31-Jan-2025 06:59:41,304,66,-0.0287543267011642,0.395158406098684,-0.0306265442321698,0.539479200045268,0.16147145430247,-0.777743252118429,-0.279293102025986,-45.4848213580616,-50.4705267038512,-21.1790457073601,-121.668419749264,-101.030430703858,-59.7862373154169,-46.8660726461718,-44.5104800569167,-31.4908039305335
31-Jan-2025 07:00:23,304,67,-0.031766136487325,0.394641341765722,-0.0325642195840677,0.549402304490407,0.167758009831111,-0.775104733308156,-0.263110278050105,-31.5409232032836,-52.615925364531,-28.1224710824498,-119.35212840049,-104.092664412378,-63.4494692737988,-47.5271976614862,-44.028354857642,-30.7745691730537
31-Jan-2025 07:01:08,304,68,-0.0299349265793959,0.391581052541733,-0.0292578625182311,0.562337982654572,0.149151176214218,-0.782589666048686,-0.221547610561053,-43.8662858735855,-51.1259124314577,-27.7129169557209,-109.718717552693,-104.843240961104,-62.1034044176557,-49.8354642792938,-43.7434202905506,-30.6071051280196
31-Jan-2025 07:01:50,304,69,-0.0267768646279971,0.387801873683929,-0.0256150060643752,0.576537990570068,0.147513209780057,-0.783625781536102,-0.178253932793935,-41.5417139271786,-49.3939949501207,-26.9955375009858,-100.732301261218,-103.640568849657,-60.5472449127082,-52.2169750243832,-42.398110045026,-29.5653047405427
31-Jan-2025 07:02:32,304,70,-0.0237078958501418,0.384249760707219,-0.021083819369475,0.586826825141907,0.13656198879083,-0.786882134278615,-0.133422801891963,-41.1921746724174,-48.0661251946519,-26.1992453822477,-91.6943822479046,-101.461272408121,-59.1110380833584,-54.7851078331137,-41.7226119602848,-28.0863361818444
31-Jan-2025 07:03:14,304,71,-0.0199983458966017,0.381768721342087,-0.014163536267976,0.59086377620697,0.121747403840224,-0.791200379530589,-0.10029752155145,-42.1301517634789,-47.0902793021171,-25.7384969315081,-84.8807118736718,-98.5686638015427,-56.9848075918076,-57.4465516736646,-41.3070199559353,-28.1887835375354
31-Jan-2025 07:03:56,304,72,-0.0190269313752651,0.381897068023682,-0.0184595096856356,0.598721428712209,0.155064443747203,-0.779862984021505,-0.0964440320928892,-36.7362307410906,-45.4759460261191,-25.7577322907902,-86.1787021983287,-99.1916876519508,-57.0566711723982,-59.5854974312521,-40.5519310966323,-27.9541755363341
31-Jan-2025 07:04:23,304,73,-0.0127436376487215,0.38020177880923,-0.0192687179893255,0.598316876093547,0.170030839244525,-0.777375121911367,-0.0937783723076185,-23.339188805158,-23.3996187158543,-13.7108535670719,-83.4952546827558,-93.8988834610981,-51.4810288374386,-59.7977709467946,-40.1243187574272,-28.78992151373
31-Jan-2025 07:04:45,304,74,-0.0188044290989637,0.379142187039057,-0.0178981319069862,0.601404770215352,0.171928064028422,-0.773979647954305,-0.0985316892464956,-12.6155864124533,-10.4422943884564,-6.43091780185351,-83.321088247068,-91.3481652496149,-48.4816335447038,-57.9967083413147,-33.1104446782711,-21.4608444804247
31-Jan-2025 07:05:44,304,75,-0.0167707353830338,0.381464030345281,-0.0143882663920522,0.59975434144338,0.165449153383573,-0.776551409562429,-0.0994446784257889,-34.8787037913624,-45.0944715524923,-25.4594535158848,-87.7765623513227,-95.8684900278164,-50.7453617730814,-60.5139776753236,-40.1284397291394,-28.1243559417686
31-Jan-2025 07:06:35,304,76,-0.0180055456856887,0.383080238103867,-0.0160012287398179,0.598418907324473,0.167809856931369,-0.775765383243561,-0.109191346665223,-35.8351810560789,-46.7013994622451,-26.2172249695411,-90.4218567255487,-99.0493363008604,-51.5156517620153,-60.7654129790769,-40.8873693450199,-29.0341616504373
31-Jan-2025 07:07:28,304,77,-0.0182502310723066,0.384439982970556,-0.0168392051011324,0.597657438119253,0.169593040148417,-0.774708235263824,-0.11777509500583,-36.7883382636991,-46.260702744856,-27.58961429301,-92.9870612347603,-100.585443321325,-51.9142226312272,-61.0089312677023,-41.6667662434067,-29.6921144827682
31-Jan-2025 07:08:15,304,78,-0.0155170657361547,0.382812058925629,-0.0109803651769956,0.594337864716848,0.176756499210993,-0.774959325790405,-0.122301778197289,-34.9747574517697,-48.2225035950087,-26.0900984800528,-93.5914762943604,-93.9058096572222,-49.12537939955,-60.538930074638,-41.6679039830641,-29.7375254650505
31-Jan-2025 07:08:56,304,79,-0.011993339471519,0.38070279955864,-0.00656457248454293,0.592699384689331,0.178064647316933,-0.776405203342438,-0.119144698480765,-33.6103466255658,-46.2223982883757,-24.9317371345487,-92.2633688877068,-88.6524911799743,-46.8061063879424,-59.5419496277917,-41.9741585433482,-28.5949732282484
31-Jan-2025 07:09:34,304,80,-0.00623117343833049,0.37906165321668,-0.00249631128584345,0.588373454411825,0.180576399962107,-0.779438881079356,-0.116978297630946,-32.7705207922248,-45.0913399033499,-15.0939530227712,-91.2440002479265,-82.9873302961541,-44.1216184863695,-59.7814795540544,-43.2579715139454,-28.433439381904
31-Jan-2025 07:10:12,304,81,-0.00319026474220057,0.377352313200633,0.00387177936111887,0.58787415822347,0.180102490385373,-0.781076804796855,-0.10902342547973,-31.6679874553155,-44.6948049791276,-23.4914575278569,-89.2540009915828,-77.0412482090477,-41.779523139814,-59.6642646668717,-43.9055636896994,-28.8374147307886
31-Jan-2025 07:10:47,304,82,0.000810522271785885,0.375264688332876,0.0105688782408834,0.584933098157247,0.172183628877004,-0.785672565301259,-0.104521335661411,-31.709100366622,-45.3405317853073,-22.6316063413743,-86.7786864269574,-68.2547055202982,-39.0086240707671,-59.2936773729662,-45.3600454680316,-29.3741446772876
31-Jan-2025 07:11:22,304,83,0.00326105561107397,0.374662313858668,0.0186127983033657,0.583421456813812,0.152223464846611,-0.79213361342748,-0.0947197953859965,-35.3220364020364,-46.5073894566878,-22.8430773091076,-84.1357142081911,-62.1729325307271,-36.7733231404747,-58.3464038756993,-47.067972047653,-29.2272519225938
31-Jan-2025 07:11:57,304,84,0.00551399346441031,0.375079150994619,0.0259257465600967,0.582452817757924,0.129737019538879,-0.797919468084971,-0.0850974703828494,-39.3708839995048,-47.4098125606688,-22.7652093539487,-82.2339131623545,-57.3685443907453,-34.0558212795594,-60.7107872767517,-48.8276210279189,-29.5635478173037
31-Jan-2025 07:12:30,304,85,0.00793223859121402,0.374973376592,0.033170107503732,0.582743680477142,0.104554137090842,-0.802179570992788,-0.0773705512285233,-43.5626873780002,-48.2550183809501,-23.0676719373438,-79.6526977029826,-51.1028486755581,-31.2472189533326,-60.1559991269638,-50.5381312085071,-30.5164380367153
31-Jan-2025 07:13:03,304,86,0.00855572422345479,0.375413713852565,0.0365581206977367,0.582927548885345,0.0796444570024808,-0.805441292126973,-0.0715305705865224,-47.6009686470091,-47.5716155593816,-24.2352997900159,-77.7817750368431,-49.7314991727681,-28.1680663944502,-59.1916252017557,-52.0740719892565,-31.3276254184779
31-Jan-2025 07:13:41,304,87,0.00917376124610503,0.377649428447088,0.0390357464551926,0.584787086645762,0.0470804045597712,-0.807871532440186,-0.0561352300147216,-56.6624888612747,-48.1489084168883,-24.9355102773265,-75.8159987673198,-50.8823227761768,-29.0036387192399,-61.3224583888375,-55.8477280700865,-32.6679613814158
31-Jan-2025 07:14:17,304,88,0.0080416642750303,0.379748199383418,0.0394243900974592,0.5830952723821,0.0206100883583228,-0.808958005905151,-0.0718480944633484,-63.7971008202318,-48.847565971054,-26.4055081059536,-78.0652515095313,-52.404748781186,-30.2098190055528,-57.6533219671778,-59.1696773738724,-33.5080770168359
31-Jan-2025 07:14:53,304,89,0.00804012616475423,0.382525557279587,0.0409435510635376,0.583435475826263,0.0075281446489195,-0.808542958895365,-0.0761887649695079,-67.875022515503,-51.5863974449886,-27.6461515932403,-80.2157908508968,-52.4577180627449,-31.1946805127837,-58.7329873235905,-62.0385555026785,-34.5929797975499
31-Jan-2025 07:15:30,304,90,0.00602854810034235,0.384654307365418,0.0411860639850299,0.582447131474813,-0.0112054960181316,-0.806977911790212,-0.0970384801427523,-73.4245990789314,-53.6953158788075,-29.4471179098568,-83.5169734918393,-53.7259589825789,-32.8938826304736,-56.7870535690395,-64.6058980439947,-35.3502761509108
31-Jan-2025 07:16:09,304,91,0.00452442616224289,0.387894397974014,0.0406278267502785,0.580715397993724,-0.0316424250602722,-0.804929459095001,-0.117715737223625,-79.7100030764383,-55.2642777925686,-31.0032456411383,-87.8434777825704,-56.5768357215505,-34.1252550533931,-55.7283202590066,-66.5724727915659,-36.3937692905951
31-Jan-2025 07:16:49,304,92,0.00347915929742157,0.391652711232503,0.0409175073107084,0.578826145331065,-0.0529319296280543,-0.802475678920746,-0.134875193238258,-86.7383207909845,-56.3382614463008,-32.5869540797522,-92.5326428981957,-59.0940303700908,-35.1977126289273,-55.8631871712328,-68.4636636422646,-37.1303608234412
31-Jan-2025 07:17:28,304,93,0.000359225461337095,0.392173608144124,0.0447038871546586,0.584368662039439,-0.0690245116750399,-0.801029141743978,-0.110005784034729,-90.2556629863988,-59.1178926544827,-34.4821712091606,-88.6118604626611,-59.5402358552165,-34.9347887165657,-58.8953478077799,-66.3261593128193,-36.4641499319106
31-Jan-2025 07:18:07,304,94,-0.00211655568952362,0.391907264788945,0.0490948801239332,0.588769912719727,-0.0827879622578621,-0.800479996204376,-0.0756830568114917,-92.758733611073,-60.7612792976573,-35.9717835154022,-83.3567432333501,-59.1905208177342,-34.2196360923579,-63.4259084998919,-62.182309009156,-35.5712136386704
31-Jan-2025 07:18:44,304,95,-0.00494362078607082,0.391505720218023,0.0539211042225361,0.589180473486582,-0.101128275692463,-0.800548807779948,-0.0419653003414472,-95.2796684503771,-62.8865436583284,-37.7835934100603,-77.4344586071508,-58.2178455189478,-34.1033691122269,-66.4556692197862,-59.1352857183835,-33.9649146445754
31-Jan-2025 07:19:22,304,96,-0.0090873450661699,0.392027097940445,0.0569890201091766,0.584081276257833,-0.132263546188672,-0.800794792175293,-0.00911854915320873,-100.809535396996,-64.7277468777476,-39.3065020989267,-71.2535902825075,-59.3336900895095,-34.5865449541343,-69.1100299535718,-56.3366759340566,-33.051934300053
31-Jan-2025 07:20:01,304,97,-0.0121752195060253,0.392861219247182,0.0615444312493006,0.577577185630798,-0.164584050575892,-0.799178365866343,0.0251126573731502,-105.518868397273,-68.0769195265409,-41.2849601848972,-64.7934301086421,-59.9937945947453,-34.9194422070609,-71.8766906943029,-54.3372729029523,-32.4106132803169
31-Jan-2025 07:20:39,304,98,-0.0145012201120456,0.393655425310135,0.0674441580971082,0.568927148977915,-0.188401799400647,-0.797686191399892,0.0672561412056287,-110.117934424378,-71.2050768900213,-44.0161929694198,-56.6936240101657,-58.926029067318,-34.9522001654971,-75.5245014385067,-52.9624732484595,-30.7801219229739
31-Jan-2025 07:21:17,304,99,-0.0157172357042631,0.394204892714818,0.0724433680375417,0.557045125961304,-0.203209094206492,-0.797937599817912,0.108177858094374,-112.711866964897,-74.7477266108451,-45.4738131032184,-49.6489949493837,-57.5943285235591,-35.5848884766881,-79.762887184447,-52.0499752822722,-30.0050453968276
31-Jan-2025 07:21:55,304,100,-0.0164370759079854,0.39468261996905,0.0783616264661153,0.543932449817657,-0.210109662016233,-0.798466515541077,0.149808848897616,-114.003232762124,-78.7226225103408,-48.2446269116551,-42.1569544074491,-56.8806604716345,-35.3175419642566,-83.2465604312555,-50.7686281602379,-29.5076762862795
31-Jan-2025 07:23:24,351,1,0.00166648773786922,0.318952697515488,0.0417373185356458,0.592412086327871,-0.000937535132591923,-0.805632396539052,-0.001875566978318,-5.32500000000001,-11.925,-4.80000000000001,-5.10000000000001,-10.875,-4.95000000000001,-5.02500000000001,-6.52500000000001,-5.47500000000001
31-Jan-2025 07:23:58,351,2,-0.00362312484843036,0.322751881678899,0.0405992845694224,0.588240679105123,-0.0350321476658185,-0.807423504193624,-0.0285124270866315,-13.829872513312,-16.7182589237046,-4.83345535422287,-9.04319258272807,-13.6319018131482,-7.49028270787705,-3.40931490217734,-7.65163839370807,-5.70014013637656
31-Jan-2025 07:24:30,351,3,-0.008176630611221,0.324221636851629,0.0406265695889791,0.585419929027557,-0.0582282781600952,-0.806851994991302,-0.0536921759446462,-18.3409950266239,-18.8677678474093,-4.04191070844571,-12.4988851654561,-14.7950536262964,-9.01806541575407,0.400120195645354,-4.74702678741613,-5.19403027275309
31-Jan-2025 07:25:06,351,4,-0.0127253647893667,0.325580237309138,0.0402381678422292,0.582126899560293,-0.0796660522619883,-0.805671075979869,-0.075337374707063,-25.2052425399359,-19.920401771114,-4.33786606266853,-15.8608277481842,-16.3613304394446,-9.66459812363109,3.88143029346805,-2.4517901811242,-3.57229540912962
31-Jan-2025 07:25:42,351,5,-0.0116933075090249,0.329939456780752,0.0436151752869288,0.579233419895172,-0.109662215411663,-0.805087021986644,-0.065557236969471,-34.3653966404244,-21.3593636773997,-7.2234307064399,-16.3672031933007,-16.5645349923374,-11.341659090706,0.420648775764679,-8.22898629638405,-4.49260215738814
31-Jan-2025 07:26:17,351,6,-0.0115390941500664,0.333430357774099,0.0461468435823917,0.575879915555318,-0.139970636367798,-0.80364408493042,-0.0540995848675569,-42.201331990913,-23.2741068336854,-8.16837035021128,-15.9501411384172,-17.2435207952301,-12.273407557781,-2.3721639919387,-9.77102616164393,-6.78400265564664
31-Jan-2025 07:26:54,351,7,-0.0129577524339159,0.337245661020279,0.0498363154629866,0.571499689420064,-0.173547671238581,-0.801166176795959,-0.0374447296063105,-50.8751579664015,-25.9517406149712,-9.64299749398267,-15.4463603335336,-18.7603972231229,-13.2074997748559,-5.13099238464209,-11.8954879019038,-7.28595002890515
31-Jan-2025 07:27:31,351,8,-0.0142442767197887,0.339886935551961,0.0528423994779587,0.566668848196665,-0.204017088810603,-0.798037151495616,-0.020004465803504,-58.3179292543901,-28.710819708757,-11.3824683877541,-13.6242201536501,-20.1712189635157,-13.6927638669309,-7.42282858984548,-12.4361605796637,-7.86817083966366
31-Jan-2025 07:28:08,351,9,-0.01433825896432,0.34346621632576,0.0561543196439743,0.561350417137146,-0.232928665479024,-0.794102934996287,-0.00552650578320026,-66.7201731986286,-31.3606214587929,-12.2043611565255,-12.4929002862666,-21.6040133601585,-14.4786138965058,-9.63116870129887,-14.6599387261736,-9.24052836917217
31-Jan-2025 07:28:46,351,10,-0.0179043438285589,0.345700271924337,0.0521081261336803,0.55765099922816,-0.239666844407717,-0.794384511311849,-0.0232038831959168,-69.1644272336152,-32.5419879139108,-12.689015612097,-16.1064345492205,-26.6377832483005,-17.7007005373395,-8.55502736019475,-15.129120729908,-9.93832888030209
31-Jan-2025 07:29:27,351,11,-0.0191500157117844,0.348413097858429,0.0465634542206923,0.556190474828084,-0.229560309648514,-0.797969981034597,-0.0346150435507298,-70.4610494326643,-34.5210350330912,-13.2817755364186,-20.5301738902994,-33.364546300505,-20.6229336625483,-10.3455119956531,-16.4690791008299,-11.5461635711195
31-Jan-2025 07:30:04,351,12,-0.0213191575060288,0.35033810933431,0.0404435999691486,0.555167289574941,-0.215813460946083,-0.801285493373871,-0.0561731497446696,-70.4338557137446,-15.0739224843024,-15.6535881951152,-26.1840157704407,-38.2378059347407,-22.7202400299445,-10.6443096193927,-17.3444256553456,-11.1340153517807
31-Jan-2025 07:30:51,351,13,-0.0213705647736788,0.353429414828618,0.0337246788044771,0.554708619912465,-0.19563535451889,-0.806334280967712,-0.0620501230160395,-70.1197540358406,-34.7137301015297,-15.6899272209993,-31.9279089201134,-46.0843138599921,-26.7300830184345,-14.3972637372729,-18.6624663016582,-14.3618756773637
31-Jan-2025 07:31:22,351,14,-0.0227373534192642,0.35364885131518,0.0254059959203005,0.554601430892944,-0.174273752172788,-0.810601345698039,-0.0705079928040504,-65.3871983784444,-13.8969978017644,-6.1585294304772,-35.6918277045516,-52.2674459307513,-28.0961943174713,-15.1522961022234,-18.1018539938691,-6.73474027540775
31-Jan-2025 07:31:53,351,15,-0.0246587976813316,0.354934136072795,0.0163016621023417,0.554064722855886,-0.144423353672028,-0.814803477128347,-0.0908267547686895,-62.7204157313021,-3.52699554350312,-1.44326323175197,-40.4157593063726,-59.0438900742644,-30.6154397717816,-14.7083675907091,-18.6269152090294,-2.98010700968228
31-Jan-2025 07:32:26,351,16,-0.0255016497025887,0.357130563259125,0.00919174316028754,0.552877275149028,-0.124392421543598,-0.817253577709198,-0.104641472796599,-61.1615195892867,1.61964169400613,1.01393717107485,-45.2446973168851,-66.1169902541544,-33.7112523037286,-15.3899586409624,-20.9698131856642,-0.936724812072007
31-Jan-2025 07:33:27,351,17,-0.0271174756189187,0.362438623110453,0.0040151895955205,0.553636666138967,-0.10476331114769,-0.818939177195231,-0.108856563766797,-63.6065666998348,-36.0454035788609,-19.4828953240474,-52.1511385317432,-74.0134184522329,-40.1703483744939,-20.9093094720994,-24.8216295430363,-18.7989681485192
31-Jan-2025 07:34:09,351,18,-0.0257433342436949,0.3657375395298,-0.00248601270529131,0.55199179649353,-0.0846301347017288,-0.820998513698578,-0.118761439124743,-60.9285854366647,-14.3412901069155,-8.03174426814443,-57.3963313487742,-80.7465106594057,-42.3110862146684,-23.2975401936785,-26.1279050907772,-21.0390242519953
31-Jan-2025 07:35:04,351,19,-0.0303148221224546,0.370989054441452,-0.00792440058042606,0.553526198863983,-0.0587557656069597,-0.819783286253611,-0.13458057641983,-62.8890899866354,-3.75259726256416,-23.7316014367286,-65.0358999668917,-88.6229348711256,-49.7176449395476,-27.5702108604787,-28.7114102337025,-21.9179867389858
31-Jan-2025 07:35:47,351,20,-0.0279879425962766,0.373896457751592,-0.0144384852300088,0.550110642115275,-0.0400209337472916,-0.822173567612966,-0.140738314390183,-59.8188374431766,1.72838526799012,-10.3319627175566,-69.5976564855523,-95.196025085119,-50.382114106779,-30.0101014998894,-29.9835301742199,-24.8914024177334
31-Jan-2025 07:36:45,351,21,-0.0310665330539147,0.376707071065903,-0.013988175491492,0.553573779265086,-0.0288249660283327,-0.818598699569702,-0.150404020150503,-61.2452193128664,-4.67465427841447,-25.1541666995817,-73.7478005920022,-97.6784483677666,-52.7500457139905,-32.029828439689,-31.3293096403786,-24.5582279408276
31-Jan-2025 07:37:43,351,22,-0.031128873800238,0.37645366191864,-0.0156533471619089,0.553695551554362,-0.025592594842116,-0.82023096481959,-0.141377015908559,-59.9514119091987,-43.0296214032682,-24.5264967096678,-72.6659916735879,-100.097538150983,-55.4574549317901,-32.9913603726411,-32.6472428059354,-24.973666761861
31-Jan-2025 07:38:32,351,23,-0.030721532056729,0.375930525859197,-0.0181141555309296,0.556720324357351,-0.0144154706969857,-0.818507965405782,-0.141065261761347,-56.9975098688524,-37.0605523173467,-25.9988897337844,-71.5182062427415,-103.759961184483,-50.9096029548838,-31.5487948021694,-31.626252821191,-25.0134122318642
31-Jan-2025 07:39:18,351,24,-0.0284907021870216,0.372969317436218,-0.0133545606086651,0.562548637390137,-0.0140345958992839,-0.816989707946777,-0.125975709160169,-54.7885605101667,-39.0044651260375,-26.3463142649162,-64.1124325556791,-97.4690508431252,-48.0591203806244,-31.9041804799858,-31.0108012612962,-23.6653110263521
31-Jan-2025 07:39:44,351,25,-0.0351380683481693,0.370131492614746,-0.0095962926124533,0.554324873288472,-0.0312060471624136,-0.817547885576884,-0.152857877810796,-55.5744212034131,-38.0664301186259,-22.7207622225268,-66.7389053187311,-90.2556197994337,-44.9056225549116,-12.8270283554547,-11.8603894605798,-10.275648811135
31-Jan-2025 07:40:29,351,26,-0.0287103731185198,0.372676934798559,-0.00408294461667538,0.557288718223572,-0.0281445277233919,-0.815990134080251,-0.150987711548805,-58.1215200670747,-40.6816405848674,-26.5014680568912,-71.7008810177291,-92.2913554120277,-45.7014670798604,-29.111864042996,-31.1738622660761,-23.389024927039
31-Jan-2025 07:41:09,351,27,-0.0271792691200972,0.374040188392003,-0.00227496863032381,0.554604466756185,-0.021702095742027,-0.814261090755463,-0.170064134399096,-58.7742380159439,-42.7484737879355,-24.9853028296325,-76.4056081847001,-91.0766743527644,-41.8719827801402,-28.8026936365734,-30.7942773746786,-24.4789202085036
31-Jan-2025 07:41:50,351,28,-0.0240258121242126,0.375922338167826,0.00421196032936374,0.553761247793833,-0.00974378095318874,-0.808100152015686,-0.200568602482478,-60.0547655074168,-45.8161183594167,-25.0957020715622,-84.4317110856576,-81.1117849575726,-39.3298340680854,-29.1215201831687,-32.1931636348342,-25.0320750727486
31-Jan-2025 07:42:33,351,29,-0.0251346656431754,0.377809443076452,0.0118691900124152,0.558127538363139,-0.0122770524894198,-0.803661119937897,-0.20608678261439,-65.2491977701917,-50.9591686151047,-26.3193835480861,-88.1185018536084,-79.2217913944164,-40.5813531498633,-31.5543452062731,-33.8812854707663,-25.1668597283837
31-Jan-2025 07:43:15,351,30,-0.0264483717580636,0.381142954031626,0.0197752722849449,0.562812999884288,-0.0149288459370534,-0.796322866280874,-0.221107613046964,-69.2505824186175,-55.5649217128959,-31.6997061419072,-93.5356365550557,-74.6192457472781,-40.8047061285576,-33.244169467632,-36.2390250945867,-25.3924592797139
31-Jan-2025 07:43:44,351,31,-0.0265877501418193,0.383259266614914,0.0211992241442204,0.556713330745697,-0.0257054799546798,-0.792460151513418,-0.247823374470075,-73.6030711290609,-55.140431684106,-30.4280116237619,-98.5689928284466,-70.8835209879333,-38.0509841238039,-30.7854046697189,-37.1611696443668,-16.216223898101
31-Jan-2025 07:44:19,351,32,-0.0277376503994067,0.387681063016256,0.0217688115934531,0.550905374685923,-0.0379578962922096,-0.788729071617126,-0.270127648115158,-79.757297935917,-56.156617365842,-33.757977384941,-104.672435085212,-73.6696582075929,-37.4777205932793,-30.2033896813693,-39.338218641119,-12.1626922404119
31-Jan-2025 07:45:02,351,33,-0.0267516316225131,0.393224233388901,0.0229534671952327,0.550627903143565,-0.0436722939213117,-0.788739860057831,-0.269798252979914,-86.5123937909795,-58.0431409028409,-37.2887732857822,-110.635920333664,-75.7417264167548,-41.3696862998692,-36.5597495978015,-44.6177198613574,-27.3955124446845
31-Jan-2025 07:45:39,351,34,-0.0272403867294391,0.397557236750921,0.0224185975889365,0.544262405236562,-0.0533748636643092,-0.786028627554576,-0.288250913222631,-93.4929241701452,-59.0148333674712,-37.9949842564544,-116.97942707796,-76.6317601206677,-43.9692666250164,-38.0602969666247,-47.8484471933389,-28.7965085799382
31-Jan-2025 07:46:02,351,35,-0.034762700398763,0.401656297842662,0.0278607436766227,0.539874676863352,-0.0823482116063436,-0.774338289101918,-0.319615876674652,-101.786171811363,-59.0041102959173,-39.8389027620422,-122.837944570177,-72.9557765719563,-42.8476542594422,-29.2579380616434,-31.7547875811916,-19.3065926806824
31-Jan-2025 07:46:46,351,36,-0.0276764780282974,0.408118110895157,0.0309169534593821,0.539093299706777,-0.0862452884515126,-0.772939201196035,-0.323272569974264,-109.910778083606,-67.7271794562712,-40.2266750350878,-129.653967436355,-76.8217843969326,-43.6154455485074,-41.3291260197596,-54.5239344969803,-32.8712207641716
31-Jan-2025 07:47:26,351,37,-0.0287976672252019,0.414099528392156,0.0315035991370678,0.535677643616994,-0.0989423274993897,-0.768729472160339,-0.33513413866361,-117.726063671362,-72.717144732579,-40.6363741918622,-135.673742989514,-80.1087879087527,-45.1779386648922,-44.2620874094248,-57.799484676737,-36.5131208390336
31-Jan-2025 07:48:05,351,38,-0.0308450751006603,0.41601241628329,0.0328653606275717,0.539614208539327,-0.0976170818010966,-0.765508055686951,-0.336578124761581,-119.308264482547,-78.5501760156126,-42.1199686147342,-137.431564140912,-80.3223135290879,-47.028917677342,-45.372472368559,-58.159464987064,-37.4173940087337
31-Jan-2025 07:48:37,351,39,-0.0337308965623379,0.417372435331345,0.0380068975190322,0.548141193389893,-0.0965446551640829,-0.760616517066956,-0.33418989777565,-120.400635122611,-83.3749313276348,-44.6215447585383,-138.315323464054,-80.6910880711341,-47.3535721466217,-47.0483006855804,-41.5710461133824,-38.128485176277
31-Jan-2025 07:49:17,351,40,-0.0371786579489708,0.418355892101924,0.0460821121931076,0.563233681519826,-0.0875998372832934,-0.755180927117666,-0.323721913496653,-120.423090677113,-92.4205486541512,-50.0321117628086,-138.012051873069,-80.4624870740358,-47.5900643443164,-49.6068506815455,-58.5084276476974,-38.0679853427419
31-Jan-2025 07:49:52,351,41,-0.0382458945115407,0.419323227802912,0.0513015997906526,0.574124844868978,-0.0760094215472539,-0.753450326124827,-0.311313110589981,-119.910588688836,-98.1765969879147,-53.897174197312,-137.790264825021,-79.8601983073653,-47.8574754062186,-52.4567615169823,-59.4337093860103,-38.2216900086676
31-Jan-2025 07:50:29,351,42,-0.0418899690111478,0.420246686538061,0.0565080501139164,0.584869666894277,-0.0667720134059588,-0.751622295379639,-0.297544805208842,-119.355607929168,-105.062860825302,-60.2894843469318,-136.93422004844,-79.6710656559086,-48.7403459002245,-55.077352772155,-59.4029412263221,-37.9574969243236
31-Jan-2025 07:51:04,351,43,-0.0465851982434591,0.421061821778615,0.0599888642628988,0.59377205769221,-0.0529462310175101,-0.749710321426392,-0.287342822551727,-117.729387783805,-112.589232414501,-65.6954183541099,-136.811046407594,-79.4635110620588,-48.9559461102823,-57.3582842371957,-58.2191481176334,-37.5593549648449
31-Jan-2025 07:51:39,351,44,-0.0497714926799138,0.422616110245387,0.0665560434261958,0.6051917552948,-0.0448461127777894,-0.747705586751302,-0.269570312897364,-116.917547945594,-120.210657879605,-69.5581642900672,-136.004308334615,-80.0717454970125,-49.737911178366,-60.8943858071704,-57.3588425344443,-37.9192385677988
31-Jan-2025 07:52:15,351,45,-0.0541730411350727,0.424618099133174,0.0718973259131114,0.614783171812693,-0.0258901373793681,-0.74719881216685,-0.251128087441127,-114.26289826096,-127.729610282663,-73.624316190414,-135.905788045569,-80.5628744463679,-50.9530586754627,-64.833072429612,-56.2102807140051,-37.8331349519689
31-Jan-2025 07:52:53,351,46,-0.053651650249958,0.423898788293203,0.0822719474633535,0.616933802763621,-0.0539858341217041,-0.755390159289042,-0.214158599575361,-116.892513240126,-130.374296709969,-78.1752031769362,-128.506370740589,-76.5006695298102,-47.9819536518534,-66.8682123356208,-58.6380590383868,-36.9663186848148
31-Jan-2025 07:53:32,351,47,-0.0527764583627383,0.42312952876091,0.0919795239965121,0.615529799461365,-0.0806242302060127,-0.764100428422292,-0.175423211852709,-118.873925757685,-133.593364871764,-80.6019416545557,-119.634007881592,-73.0091882418528,-46.2816442354974,-69.0039985047463,-58.8562733034559,-36.8505056129647
31-Jan-2025 07:54:10,351,48,-0.0545348092913628,0.42239022453626,0.0974247545003891,0.609440771738688,-0.108430323998133,-0.773409291108449,-0.136612194776535,-120.456237044442,-136.199623900802,-82.941605877724,-111.225172245586,-70.4780687681957,-44.991732622768,-71.0401078054303,-57.5197055388687,-36.2851941387666
31-Jan-2025 07:54:49,351,49,-0.0553247538705667,0.421932909886042,0.100399713714918,0.598712690671285,-0.138124530514081,-0.782853186130524,-0.0980084155996641,-122.963997715797,-138.649478363463,-82.6127329736667,-102.373100221077,-70.3771302016886,-45.3320199118519,-73.1763786718934,-57.0557467594533,-35.8701334633946
31-Jan-2025 07:55:28,351,50,-0.0558551393449307,0.421095051368078,0.108101809024811,0.585444808006287,-0.161565471688906,-0.793080218633016,-0.0466342933475971,-124.284483079452,-141.621130542934,-84.0245915059965,-92.4744100023156,-68.3412820887566,-45.2874066518424,-75.0627303212461,-56.3530924726238,-35.3051981874356
31-Jan-2025 07:56:06,351,51,-0.0612204040090243,0.421358625094096,0.114850428203742,0.560815989971161,-0.184708928068479,-0.80703356663386,-0.00805689878761768,-126.211330789256,-144.178681580812,-87.2818157565199,-82.4274106864281,-68.0379792026121,-45.8003431172862,-76.6741223620435,-55.8310904320874,-31.8903256111831
31-Jan-2025 07:56:45,351,52,-0.0647556290030479,0.421006069580714,0.116986611982187,0.556637271245321,-0.214278353254,-0.802421180407206,-0.0189740495135387,-129.331480267952,-145.171849010252,-87.0137573917049,-79.7041300587892,-65.8377134562129,-45.641137753017,-71.6886972412651,-54.0064249585426,-31.0596906510909
31-Jan-2025 07:57:24,351,53,-0.0674797813097636,0.4212306757768,0.118657512962818,0.550591337680817,-0.247300503651301,-0.796907595793406,-0.0250989095618327,-134.103220333186,-145.948991154294,-86.0070404564383,-76.2312721568688,-65.0830840165106,-45.6963198201111,-66.1095322183479,-52.6394225465711,-30.1915713659254
31-Jan-2025 07:58:05,351,54,-0.0677503377199173,0.421430472532908,0.119210910797119,0.538816865285238,-0.279465069373449,-0.794556391239166,-0.0159946765750647,-139.475755691688,-145.868120655636,-84.2559942359459,-72.8336256178076,-64.5262727301567,-45.7836956028869,-64.0584972443613,-51.9512516653863,-29.9047099182231
31-Jan-2025 07:58:48,351,55,-0.067980095744133,0.423120470841726,0.120745842158794,0.521268796920776,-0.308439540863037,-0.795701996485392,0.00149870436483373,-146.048688696824,-145.658243835629,-83.6327833728406,-69.4735847601761,-64.068370520477,-46.0371682435035,-64.8215272948399,-52.2024965495948,-29.5334773892525
31-Jan-2025 07:59:34,351,56,-0.0682921558618546,0.424773999055227,0.119254722694556,0.502300266424815,-0.339703247944514,-0.795101555188497,0.0104724534476797,-152.921820525278,-145.833863854947,-80.7234901884289,-67.1073467432593,-64.4099228491345,-47.5736893130405,-64.2915898575512,-52.6234493165,-29.3450593196477
31-Jan-2025 08:00:19,351,57,-0.0656597688794136,0.425358865658442,0.116699738800526,0.48996241291364,-0.369638321797053,-0.789223726590474,0.0207425182064374,-159.27005176539,-135.402232293928,-81.7711558433639,-64.4130101467,-64.2512024469605,-47.2767345970378,-64.3151686763788,-54.1792560247536,-28.3480484797259
31-Jan-2025 08:01:07,351,58,-0.0655567343036334,0.426687182982763,0.115323743224144,0.477967967589696,-0.399156498908997,-0.781945037841797,0.0279764427493016,-165.430832711332,-139.69197494274,-79.8473009179723,-62.4546242603193,-64.5173456793707,-48.2380419882651,-63.7905056232648,-54.5024897036814,-28.2967412546455
31-Jan-2025 08:01:57,351,59,-0.0646652524669965,0.428407742579778,0.1147024701039,0.467720520496368,-0.419505280256271,-0.776954893271128,0.0399241382877032,-171.872888510188,-140.017404696468,-72.0126857024175,-60.489213729028,-63.4959207290731,-37.0034804331076,-64.3417216341801,-53.7594368679462,-28.5682858369858
31-Jan-2025 08:02:46,351,60,-0.0633783370256424,0.430141172806422,0.112158064544201,0.464239784081777,-0.444314541419347,-0.765604547659556,0.0302607166270415,-177.780581735501,-139.860678002653,-67.822690341781,-61.3702908752813,-62.9557116874216,-31.6709844047576,-61.6808771771098,-54.8082407748796,-30.2762563230365
31-Jan-2025 08:03:26,351,61,-0.0647929032643636,0.431313685576121,0.110880404214064,0.460947833458583,-0.44779207110405,-0.76563473145167,0.0285100632657607,-180.143154819898,-132.114906507402,-70.3654301153113,-63.1066535170334,-65.4069861764329,-31.4493674235217,-62.6848104992631,-55.0720580085522,-29.4588907341854
31-Jan-2025 08:04:12,351,62,-0.0668014054497083,0.433133097489675,0.109561738371849,0.453670018911362,-0.448286211490631,-0.769534579912821,0.0322417587041855,-182.409637260909,-139.436095900265,-74.0443248525711,-64.9921380781716,-67.9410646426057,-52.8782668239875,-64.5357287044198,-56.608839427892,-28.9631316212619
31-Jan-2025 08:04:46,351,63,-0.0740508317947388,0.433410489559174,0.1069227779905,0.445688424507777,-0.448656457662582,-0.774395171801249,0.0195287511994441,-181.478074380228,-133.290765737185,-77.7662970716956,-67.402183599003,-70.9665450973592,-44.8574244153045,-61.1101393510782,-37.332102940065,-20.6031757463023
31-Jan-2025 08:05:32,351,64,-0.0702903474370638,0.435466146469116,0.106261126200358,0.45244410832723,-0.43953689734141,-0.775650870800018,0.0216195814311504,-184.1224888387,-140.737175796134,-80.1598080317525,-70.8245095996808,-73.5627265464032,-54.6617111020468,-66.1462962184877,-58.1986074986552,-28.7111214903245
31-Jan-2025 08:06:16,351,65,-0.0731056238214175,0.437543892860413,0.105112273991108,0.452442487080892,-0.438895986477534,-0.776235620180766,0.0111535121997197,-185.779891966748,-143.129455966097,-82.4140883622757,-74.827975840282,-77.3692584925923,-55.8285623365018,-66.6383261962727,-59.2367325804538,-29.8280180438377
31-Jan-2025 08:06:56,351,66,-0.0755235219995181,0.439538975556691,0.100775873661041,0.447348692019781,-0.436977104345957,-0.78030412197113,0.00746322677781185,-188.068789429586,-146.069671191567,-80.398753378032,-77.1720122008447,-82.155965687354,-58.7516958448133,-67.7082927292455,-59.0606679238565,-32.3243900020963
31-Jan-2025 08:07:37,351,67,-0.0779351244370143,0.441765685876211,0.0978102311491966,0.445960237582525,-0.430471915006638,-0.784716761112213,0.00574779333546758,-190.223434059817,-149.058853944791,-82.7736107364048,-80.3363336213883,-89.832760506402,-60.1529704900529,-71.1672275398121,-59.9275083980613,-34.0854996627276
31-Jan-2025 08:08:16,351,68,-0.0797983209292094,0.44441292087237,0.0954442888498306,0.444194122155507,-0.423680569728216,-0.789419607321421,0.00175796618374685,-191.485952273745,-150.872520461891,-85.3185642660859,-84.1357975719223,-94.3795991375931,-62.5933157037567,-73.4956464891757,-61.8408014376672,-34.5039781745454
31-Jan-2025 08:08:56,351,69,-0.0805476292967796,0.446756329139074,0.0914290542403857,0.445324077208837,-0.416523331403732,-0.792567551136017,-0.00560897011309862,-193.577407279522,-152.24842886093,-86.1485658814211,-88.4778327874515,-98.6364596748558,-64.8031962016924,-75.4838075079379,-63.4523207599736,-35.6761411119563
31-Jan-2025 08:09:33,351,70,-0.0809734751780828,0.448560543855031,0.0897727449735006,0.45070152481397,-0.40989984869957,-0.792940624554952,-0.0097713057572643,-194.883330681224,-153.630458200938,-87.1710915395835,-92.2661536354782,-104.473331165154,-60.8978443417443,-79.4018395613992,-62.5879532236302,-38.7251462621638
31-Jan-2025 08:10:07,351,71,-0.0784941951433818,0.4509075264136,0.0822587157289187,0.451382482051849,-0.39358101884524,-0.80084054072698,-0.00151861040697743,-196.921488280887,-153.665548011431,-86.7898792191593,-97.8776172997539,-109.300208131971,-68.7098763028541,-84.4348071322101,-44.8856422579615,-40.5375725187696
31-Jan-2025 08:10:49,351,72,-0.0765688727299372,0.45300772190094,0.0754297738273939,0.453317417701085,-0.381552352507909,-0.805556333065033,-0.000257611185952555,-198.125762979532,-155.202168057166,-86.3067979094419,-100.875652372154,-114.672087837046,-71.1306001744929,-89.4252424616958,-66.989359577631,-42.8567093285746
31-Jan-2025 08:11:28,351,73,-0.0763614311814308,0.455611288547516,0.0705468734105428,0.453936435778936,-0.368086443344752,-0.811442975203196,0.00379322624454896,-199.963096227667,-155.614553220523,-86.3727821050779,-104.816973148616,-119.866468911251,-74.0056700013962,-94.9944116705189,-68.2710910399693,-44.2292014149791
31-Jan-2025 08:12:09,351,74,-0.078283037741979,0.455698402722677,0.06360747863849,0.456718742847443,-0.360084940989812,-0.812641112009684,-0.0368951270977656,-196.769615619985,-155.849052021257,-85.6395917856522,-112.187937653064,-122.1959302657,-74.1915047967493,-90.3071281534426,-67.9336015034202,-43.7584342975505
31-Jan-2025 08:12:49,351,75,-0.0811183959245682,0.456000125408173,0.0572680910428365,0.459066557884216,-0.34882200161616,-0.81300460100174,-0.0812691077589989,-193.546899649676,-155.352492101396,-86.2436678425648,-119.494723583528,-124.593516962431,-74.6034260809185,-84.8270281062007,-66.2906155025383,-43.8385059992717
31-Jan-2025 08:13:30,351,76,-0.0821900968750318,0.456414671738942,0.0509963023165862,0.464428289731344,-0.33260334332784,-0.811493062973022,-0.123127663135529,-190.534565998054,-154.790402821239,-86.3163770876466,-126.769420226999,-126.950166330303,-75.5033906094957,-80.675519793876,-65.1198812694898,-43.9689971105679
31-Jan-2025 08:14:21,351,77,-0.0783533155918121,0.456865960359573,0.0470459848642349,0.478558599948883,-0.309768271446228,-0.806482831637065,-0.156878075997035,-184.102423505775,-154.645548860932,-86.3484029268129,-134.178072226974,-131.536347033746,-69.147376760277,-80.4883073490098,-65.5352729203582,-47.2746979266516
31-Jan-2025 08:15:17,351,78,-0.0783898323774338,0.458285226424535,0.0390830757717292,0.480112818876902,-0.2797940214475,-0.810024658838908,-0.187261966864268,-178.810376593167,-148.184312560551,-86.7350870630216,-141.953701905201,-132.287293404974,-75.5133737221603,-80.4082428378728,-67.5687275131851,-44.668003595129
31-Jan-2025 08:16:02,351,79,-0.0791250695784887,0.458493041992187,0.0402557887136936,0.495355828603109,-0.250865817070007,-0.800676492849986,-0.224957969784737,-180.088377470395,-152.439885090133,-87.0741003477514,-148.862820422554,-130.895622610095,-74.8153760895946,-78.5817522936005,-68.0112135769912,-45.1801116898033
31-Jan-2025 08:16:43,351,80,-0.0723294352491697,0.45829783876737,0.0391288213431835,0.505178805192312,-0.231594463189443,-0.790780142943064,-0.256564146280289,-173.401402242541,-146.453862034697,-81.6892782067418,-155.11368335947,-124.532643232162,-68.5603811598044,-76.7820487327607,-68.4832153762869,-46.651620997576
31-Jan-2025 08:17:40,351,81,-0.0743415012955666,0.45969601670901,0.0386308235426744,0.521820628643036,-0.193231081962585,-0.78068710565567,-0.284416361649831,-174.281938962146,-151.922041186751,-83.6425383528625,-161.935418506168,-128.734009562703,-73.176887581402,-77.9957386636373,-70.1699750433274,-47.627830911898
31-Jan-2025 08:18:30,351,82,-0.0770521452029546,0.462520627180735,0.0361075066030025,0.526491582393646,-0.16847995420297,-0.773525985081991,-0.3099655965964,-172.42123165548,-154.71732144255,-85.2898396425482,-170.317589757756,-129.44254874748,-74.9791446786934,-78.6161253403721,-70.7391136442403,-48.0563911294946
31-Jan-2025 08:19:16,351,83,-0.070312936604023,0.46010716954867,0.033866008122762,0.533963632583618,-0.134084310134252,-0.766290764013926,-0.331214038530986,-161.489218866863,-152.117574848862,-83.5955459077856,-174.094681550694,-123.484134940569,-68.6421805088779,-76.145527069687,-68.3517696438322,-48.5529635690493
31-Jan-2025 08:20:01,351,84,-0.0676715220014254,0.456609785556793,0.0301923759281635,0.546558483441671,-0.103193719188372,-0.760703996817271,-0.33459575176239,-157.971895071677,-146.86210353111,-78.2997624589143,-172.411882369855,-127.977514347216,-71.2391540079858,-76.1891029854663,-68.6475203768922,-47.7876235844227
31-Jan-2025 08:20:45,351,85,-0.0643448357780774,0.453965320189794,0.0205563778678576,0.53692938486735,-0.0892722869912783,-0.769132630030314,-0.334921346108119,-153.436915773208,-140.803769851326,-74.5782341529887,-171.374137702127,-129.296790360644,-74.7780963415554,-75.0897659944777,-68.7098184766863,-47.0663273877053
31-Jan-2025 08:21:27,351,86,-0.0604647507270177,0.451288199424744,0.0132273238152266,0.534507664044698,-0.0672028318047524,-0.774579858779907,-0.33137807448705,-147.643108723097,-134.494004990526,-71.5688334185359,-170.358920290955,-129.329014677461,-75.7130230923559,-76.1189725501052,-67.3053902598473,-46.2170530849427
31-Jan-2025 08:22:06,351,87,-0.0561388865113258,0.448029178380966,0.00558586694921056,0.52785226504008,-0.0473420292139053,-0.778973400592804,-0.3351584593455,-141.144887797165,-126.708524539218,-68.6154964698195,-169.50496650806,-129.767713145973,-75.7959420517718,-74.537450879041,-66.5175988846918,-45.5287897291574
31-Jan-2025 08:22:43,351,88,-0.0535193478067716,0.444934223095576,-0.000417832054275398,0.523266530036926,-0.0304605395843585,-0.780853418509165,-0.339900368452072,-134.594459933323,-122.010186292656,-64.9401914139713,-168.281644539305,-130.559648690332,-75.4528571154955,-72.7755650946309,-65.288125930378,-45.4460318468608
31-Jan-2025 08:23:19,351,89,-0.0502021225790183,0.442117895682653,-0.00504917716607451,0.523819311459859,-0.00890991849203904,-0.781071817874908,-0.339795190095901,-128.017928600525,-115.330419148467,-61.8039023045572,-166.948638477619,-129.728202772615,-75.271770231373,-72.1984972535478,-65.2628121864852,-45.2160267013085
31-Jan-2025 08:23:54,351,90,-0.0447337525586287,0.439489610989889,-0.00913324933499098,0.52541561126709,0.0204878711452087,-0.783604530493418,-0.330881649255753,-121.57834553325,-107.209937555464,-59.3871211683601,-164.885790369467,-129.81006612386,-74.8716823733274,-74.0138383841283,-65.389578047803,-43.8623979241284
31-Jan-2025 08:24:28,351,91,-0.0399477822085222,0.437102113167445,-0.0131574622665842,0.530317107836405,0.0551402725279331,-0.783049873510997,-0.320244053999583,-113.932236598736,-101.369098738055,-57.0300940187715,-163.733021238083,-129.673584109586,-73.9870940283204,-75.9003840005405,-65.142383711726,-43.6719573311344
31-Jan-2025 08:25:02,351,92,-0.0359286355475585,0.435269671678543,-0.0175232868641615,0.533770064512889,0.082562496761481,-0.781406060854594,-0.312534072001775,-107.257864730602,-95.8430813084428,-55.3779438624872,-162.510291595083,-129.352929412553,-73.4602554398325,-77.9725318598686,-64.7832092769517,-43.5381108302334
31-Jan-2025 08:25:35,351,93,-0.031516404201587,0.433488551775614,-0.0192450830092033,0.541156049569448,0.111560329794884,-0.778687870502472,-0.297236494223277,-100.544361395659,-90.3994745727286,-53.1032322028551,-161.402581696274,-128.265188374139,-72.5872917296043,-80.2124808406546,-64.6680447928286,-43.282561375379
31-Jan-2025 08:26:09,351,94,-0.0285966844608386,0.43260733683904,-0.0212315077582995,0.548676804701487,0.142209404706955,-0.774765996138255,-0.280121266841888,-94.7862923273111,-87.3970731839635,-52.467239791549,-159.827381669562,-128.068904165036,-73.0412654585059,-83.0613303821696,-64.9748852840312,-42.5161604435478
31-Jan-2025 08:26:43,351,95,-0.0262642643103997,0.431627887487411,-0.0224370444814364,0.558247482776642,0.173564796646436,-0.767786681652069,-0.262180576721827,-89.1309403922607,-85.165274468673,-52.2756070044059,-158.768436578897,-127.868348370588,-72.5087079069724,-86.739630204049,-64.6677282628966,-42.6193337732282
31-Jan-2025 08:27:18,351,96,-0.0246869793782632,0.430204711357752,-0.0217460614939531,0.567694330215454,0.194645363092422,-0.761666901906331,-0.24433563152949,-83.601947023859,-84.2187770901198,-51.2561540293443,-157.292618956256,-126.315656783467,-72.7578847152213,-91.7326551661107,-63.4535724855935,-42.7072942336645
31-Jan-2025 08:27:54,351,97,-0.0237859157224496,0.429129036267598,-0.0224881384521723,0.577418398857117,0.224408415953318,-0.751204339663188,-0.227861567338308,-77.5361329387817,-83.3899303799352,-51.1727909603235,-156.208365067628,-125.811897300011,-72.4979287033615,-95.2830426982635,-62.7609173302061,-42.7876482594786
31-Jan-2025 08:28:30,351,98,-0.0187864306072394,0.427937624851863,-0.0235035164902608,0.582272366682688,0.255279443661372,-0.743021500110626,-0.209070147077243,-71.0519084953666,-82.5449090039349,-49.5324728443231,-154.644893046005,-125.082603868386,-71.9834062814472,-98.9371115154619,-64.3540124857765,-43.1641990679817
31-Jan-2025 08:29:09,351,99,-0.0146380898853143,0.427678096294403,-0.0221732215334972,0.58736537694931,0.267564517259598,-0.740744976202647,-0.186300952235858,-67.7334788727826,-80.491800295027,-49.4386772048329,-152.616811957886,-124.990543462677,-71.4916006545058,-102.793020975183,-65.6649827968258,-43.7638482678293
31-Jan-2025 08:29:51,351,100,-0.0114397514611483,0.428199503819148,-0.0203432722638051,0.590968684355418,0.274409679571788,-0.740164693196615,-0.166167392333349,-66.8979466606141,-81.4346479196653,-49.2181428035977,-151.631426336517,-124.392099569926,-70.6361534250508,-107.124850756166,-66.7598906856146,-45.3000466633491
31-Jan-2025 08:31:24,201,1,0.00298939094257851,0.31897706190745,0.0428512277702491,0.591944702466329,-0.0125967494522532,-0.805863253275553,0.00522058398152391,-7.80000000000001,-13.125,-4.57500000000001,-5.25000000000001,-11.85,-4.95000000000001,-4.65000000000001,-6.75000000000001,-5.25000000000001
31-Jan-2025 08:31:56,201,2,0.00242355773225427,0.324990514914195,0.0420977699259917,0.593023041884104,0.00174624371187141,-0.804959893226624,-0.0189808732519547,-11.8790916441779,-18.5861456293513,-7.51785125498167,-15.086532986718,-16.1103139477218,-5.88618836863315,-8.41377621796009,-10.3911432703029,-9.36409759903345
31-Jan-2025 08:32:28,201,3,0.00178538030789544,0.329681479930878,0.0418795598049959,0.592917418479919,0.00141162866881738,-0.804301774501801,-0.039314612497886,-16.8581832883557,-21.4410412587026,-10.2919525099633,-23.5730659734359,-18.7956278954436,-7.72237673726625,-10.0775524359202,-14.2197865406058,-12.2406951980669
31-Jan-2025 08:33:03,201,4,0.00248973776275913,0.334420307477315,0.0394523397088051,0.592334675788879,0.0206269010901451,-0.803574323654175,-0.0546123810112476,-18.8372749325335,-23.667811888054,-12.006678764945,-31.8345989601539,-21.9684418431654,-9.25856510589934,-14.3663286538802,-17.1671798109087,-14.2735427971003
31-Jan-2025 08:33:38,201,5,0.00211409614421427,0.33805116613706,0.0372699116667112,0.590436677138011,0.0318789591391881,-0.802140168348948,-0.0833036253849665,-20.6663665767114,-25.5805200174054,-13.7917175199266,-39.6836319468719,-24.7100057908874,-10.9447534745324,-15.4676048718402,-20.1989480812116,-16.3345153961337
31-Jan-2025 08:34:15,201,6,0.00165106543960671,0.34212283094724,0.0357392176985741,0.588382335503896,0.0470566362142563,-0.799959723154704,-0.107964613040288,-22.7954582208892,-27.8611968967568,-15.3869125249083,-47.7014149335898,-26.8609447386096,-12.7059418431655,-17.1501310898003,-23.7229038515145,-17.6595504951672
31-Jan-2025 08:34:53,201,7,0.0012351995256419,0.346049996217092,0.0340466573834419,0.583712895711263,0.0500493677953879,-0.798412509759267,-0.138966947793961,-26.0495498650671,-28.5258581511082,-16.9621856548899,-55.8785729203078,-28.7915711863319,-14.4296302117986,-17.1732823077604,-27.6429533718175,-18.8416168442006
31-Jan-2025 08:35:31,201,8,0.00526913997406761,0.34777841369311,0.0370824898282687,0.585608426729838,0.0512829653918743,-0.800021330515544,-0.11999467809995,-27.5143248615244,-31.8684054905954,-18.8175423135247,-54.811206232529,-29.5829870127432,-15.8171359576452,-21.5276780942345,-33.6528770150853,-22.4452124359756
31-Jan-2025 08:36:10,201,9,0.00936127007007599,0.350223779678345,0.0423635045687358,0.589149483044942,0.0411392775674661,-0.803058234850566,-0.0794225603342056,-31.1728498579817,-34.9194489238327,-21.1179185034094,-51.8336832947501,-30.2818247141545,-15.9577667034919,-27.2297301307087,-37.6243240958531,-24.8880658402507
31-Jan-2025 08:36:48,201,10,0.0113262419278423,0.351789196332296,0.0472694324950377,0.590966820716858,0.0328081058959166,-0.804304134845734,-0.0526950038969517,-33.228249854439,-38.424740403945,-23.7908044589191,-49.1760822319712,-30.1843733530657,-16.9749599493386,-31.5806102921828,-41.551532895371,-27.0505481507757
31-Jan-2025 08:37:27,201,11,0.0135408272966743,0.353081639607747,0.051455499480168,0.592352298895518,0.0274935462822517,-0.804739987850189,-0.0275036169836919,-35.6070873508964,-42.3821559074947,-26.0499452972414,-46.3034421066924,-30.8137774607269,-18.2054344451853,-35.630904516157,-46.0566225542638,-29.1478449144257
31-Jan-2025 08:38:05,201,12,0.0159370106955369,0.354201008876165,0.0563587779800097,0.591564548015594,0.0273217175155878,-0.805764468510946,-0.00697157150134444,-36.1976435973537,-48.1406334227632,-28.7772135769698,-41.4482824501635,-29.181609302763,-18.867549566032,-39.2309057713812,-50.1756526428441,-31.9625489046382
31-Jan-2025 08:38:44,201,13,0.0182744362701972,0.355788624286652,0.0624346400300662,0.591015191872915,0.0127779974912604,-0.806107227007548,0.026998391499122,-38.894059218811,-53.2246419438911,-31.2885455774015,-37.1018630280097,-30.1686550119867,-19.7704849993786,-43.5057605422303,-54.1766529462682,-36.860956508132
31-Jan-2025 08:39:23,201,14,0.0221589503188928,0.355720714728038,0.0677750046054522,0.593940587838491,-0.0108700163662434,-0.802885786692301,0.0499086869259675,-41.0684045277684,-59.1714159679486,-34.2919094381846,-32.3348137230434,-30.9653076548041,-20.8688305889753,-43.918042070892,-58.2686383571142,-39.8012159182664
31-Jan-2025 08:40:04,201,15,0.024139658237497,0.358146756887436,0.0738887165983518,0.590319434801737,-0.021136903266112,-0.801997892061869,0.0887446736296018,-44.6317146804757,-62.624572743471,-39.2662892291435,-27.5824494766708,-32.9417637644185,-21.089881256697,-49.29903697846,-62.8561163216711,-42.2124012317211
31-Jan-2025 08:40:32,201,16,0.028095155954361,0.357684659957886,0.0826089312632879,0.586573878924052,-0.0176931132872899,-0.803689376513163,0.0984957093993823,-42.139507255058,-65.1309208947258,-36.4511769851904,-20.2874277595951,-10.0081216074306,-7.52228446348133,-47.7143885754811,-67.0163405630835,-38.809049496836
31-Jan-2025 08:40:58,201,17,0.0278622439752022,0.358008756240209,0.0788617129127185,0.592504473527273,-0.0496188019712766,-0.798804807662964,0.0915822356939316,-47.2078869169374,-60.1522765515621,-35.5160818535558,-16.5352495559512,1.42499747368871,-0.893707265298243,-46.336815776705,-69.954343951299,-36.8871894628856
31-Jan-2025 08:41:35,201,18,0.0356495410203934,0.361927459637324,0.0689244051774343,0.60347752571106,-0.0632618928949038,-0.788935621579488,0.0969198808073997,-53.5373871842855,-54.4869300523316,-29.9336137131931,-25.4224069846315,-30.039358878542,2.35703179811923,-50.8303321502922,-72.2230339087284,-40.2241951668502
31-Jan-2025 08:42:20,201,19,0.0380211504797141,0.364306737979253,0.0668893362085024,0.608643782138824,-0.077012600004673,-0.783205711841583,0.101047680278619,-60.6474477543679,-53.8032324750675,-29.6024590684664,-25.7042322294739,-33.2274529474478,-23.4561482058459,-52.934393110061,-74.8320671507647,-43.4156337397723
31-Jan-2025 08:42:47,201,20,0.0458317513267199,0.366951457659403,0.0637937664985657,0.621363806724548,-0.11196251064539,-0.767971690495809,0.10766111065944,-67.3227884758176,-46.4603593587868,-24.1719611715577,-23.3333913823974,-10.2774158746901,-8.60128774350268,-55.7937263629206,-77.3112720351044,-45.8592887471732
31-Jan-2025 08:43:36,201,21,0.0423325233161449,0.370233517885208,0.0629810934265455,0.624414559205373,-0.135577815771103,-0.762539168198903,0.101287540793419,-75.3557692729508,-47.7128984729976,-25.7167916485579,-25.6362174893614,-36.808313231102,-24.937407048005,-56.7056957623256,-79.4255627405959,-46.4290519718134
31-Jan-2025 08:44:13,201,22,0.0458876927693685,0.373781313498815,0.0607016625503699,0.631646104653676,-0.155223279198011,-0.753811566034953,0.093258203069369,-81.7425701079258,-38.8631437024544,-20.8492863125127,-28.0258770733457,-36.7796778020982,-10.2190162359303,-57.5439832350034,-81.6573963566633,-48.0118693050734
31-Jan-2025 08:44:39,201,23,0.0374098646144072,0.371015836795171,0.065484231710434,0.628040242195129,-0.169149014353752,-0.751754558086395,0.108715976277987,-79.8052685180461,-40.9957405633162,-21.1740062825033,-16.8385899691626,-14.7627152370601,-3.63823391957179,-55.2071853203859,-71.2528891404443,-39.4103014745235
31-Jan-2025 08:45:27,201,24,0.0275296021252871,0.371256055434545,0.0628121420741081,0.61412832736969,-0.157547211647034,-0.76409752368927,0.119080876807372,-82.331421937627,-47.6527639529895,-25.8581422992326,-24.7230112342344,-37.743369475669,-24.0563240740688,-61.4394669240866,-68.8277676518693,-37.5119971711285
31-Jan-2025 08:45:51,201,25,0.0178897339850664,0.368618388970693,0.0686700135469437,0.604384509722392,-0.159948772192001,-0.767514276504517,0.141624684135119,-78.389302861938,-49.8220006070686,-26.4219863393311,-16.0432866839339,-18.2728321161003,-12.3738504639939,-60.7062882869463,-58.2423390271162,-31.315324631311
31-Jan-2025 08:46:28,201,26,0.0116030338530739,0.370312807957331,0.0673276022076607,0.594237367312113,-0.146094248692195,-0.777900234858195,0.142862585186958,-80.3630475386141,-54.3223438933505,-29.8006843911143,-23.006489225947,-37.1266989574435,-8.19109497163282,-65.2653795293856,-57.3017568342741,-30.0194679732823
31-Jan-2025 08:47:02,201,27,0.00592596751327316,0.369908022880554,0.0700565392772357,0.583382872740428,-0.124314717948437,-0.786982242266337,0.157699805498123,-76.3697240914728,-58.9382404957338,-34.6618094487399,-22.7161553141171,-38.1677678992425,-6.63319853812876,-67.7456057116147,-52.4085978573875,-27.7990192561478
31-Jan-2025 08:47:35,201,28,-0.00143566795935233,0.36998006105423,0.0728391319513321,0.571280177434285,-0.101006637513638,-0.797108928362528,0.167493353287379,-73.4428665824227,-62.9369137561679,-39.0641480092865,-23.3740531753656,-39.0774378912693,-7.06273163405315,-70.7613993637386,-44.1141504884787,-25.4162745094606
31-Jan-2025 08:48:11,201,29,-0.00668507932374875,0.369778259595235,0.0739638636509577,0.56180241505305,-0.0857159664233526,-0.803122099240621,0.178957370917002,-71.7992420424183,-68.2019753456273,-42.5620933212938,-22.4810669231533,-39.5464084084099,-24.4609794946917,-73.06997675081,-38.6940589235587,-23.8523817479969
31-Jan-2025 08:48:34,201,30,-0.00641740700230002,0.369959962368011,0.0756096010406812,0.553518903255463,-0.0832765012979508,-0.80050132671992,0.214194918672244,-72.2434195646533,-63.1882952957372,-36.2206894155794,-11.6845027577482,-20.508182272899,-13.3314765885622,-77.3592363314774,-27.6753139637316,-16.7863146391734
31-Jan-2025 08:49:25,201,31,-0.00264272809339066,0.371032740672429,0.0689210255940755,0.56133572657903,-0.0914807354410489,-0.798524526755015,0.19721079270045,-75.1459053291496,-62.3162123281034,-35.8031871977302,-21.3127175639778,-39.8722812686667,-24.1066523736112,-76.5966918458817,-38.2626579549015,-23.0124605266556
31-Jan-2025 08:50:12,201,32,-0.00127664049311231,0.37174663345019,0.0675376027822494,0.562608627478282,-0.112983001271884,-0.794462867577871,0.198834405342738,-78.9775452147767,-60.4399279015978,-34.2226358238135,-20.6033218560248,-39.0625428300737,-23.6341675042495,-76.3082453271544,-37.9030464215701,-23.2847129122908
31-Jan-2025 08:51:02,201,33,-0.000417040950075413,0.372108829021454,0.0648052498698235,0.564964719613393,-0.128175568580627,-0.790744817256927,0.197758829593658,-82.2237621609691,-57.0865427456563,-32.8855598718631,-19.6751208909805,-40.1658856743005,-23.3878523076824,-75.9568477918613,-38.0699571259882,-22.9050185470025
31-Jan-2025 08:51:55,201,34,0.00133936275572826,0.37215874393781,0.062161881228288,0.567710224787394,-0.140659272670746,-0.786609351634979,0.197903525829315,-84.6522676374442,-53.5946072249968,-30.0952216308958,-19.0875172973908,-40.800769159937,-23.2546219475127,-75.5739747482853,-38.2001289492811,-22.7243508062525
31-Jan-2025 08:52:43,201,35,0.00416913271571199,0.369568381706874,0.0595950658122698,0.570546015103658,-0.128655442595482,-0.786122783025106,0.199840026100477,-79.9510494176781,-48.9662129417975,-27.8055950143166,-17.8232962153441,-39.9107685561469,-21.8935413594628,-74.9046905643457,-37.3375428231987,-22.3044366823523
31-Jan-2025 08:53:29,201,36,0.00645728033656875,0.367248479525248,0.0571444422006607,0.573078493277232,-0.109780845046043,-0.786449094613393,0.20255134999752,-74.8954033304828,-45.2031810674187,-25.0026528254831,-16.869224476161,-38.3786531127091,-20.9357319805123,-74.6775375033353,-36.4282719768348,-20.9217792145868
31-Jan-2025 08:54:13,201,37,0.00856312035272519,0.364735402663549,0.056892699499925,0.573527149359385,-0.0962893947958946,-0.784778289000193,0.214284852147102,-69.6625433095727,-43.2978303974501,-22.3180528505225,-13.7452274084095,-34.9504802494474,-19.5795582061114,-74.8964500037895,-34.7456587703304,-19.6577500748885
31-Jan-2025 08:54:58,201,38,0.0126834767560164,0.362734431028366,0.0540820730229219,0.57768220504125,-0.0682933653394381,-0.78298389116923,0.220353263616562,-64.1160763218054,-41.3463203296867,-19.0176239824984,-12.986267676374,-33.7242786762738,-19.2242022339853,-75.3383952849761,-33.1263743837557,-21.2280350992238
31-Jan-2025 08:55:44,201,39,0.0152242042745153,0.361502554019292,0.0538226554791133,0.579604816436768,-0.0539877618352572,-0.782906460762024,0.219547473390897,-60.2878058506094,-40.9467305630258,-18.5592806679425,-12.7348266121965,-32.8490627481443,-18.7692551629966,-74.9918569565288,-34.6887544071458,-22.0404772055759
31-Jan-2025 08:56:31,201,40,0.0203304324299097,0.359937093655268,0.052605992803971,0.584124112129211,-0.0379058135052522,-0.781989602247874,0.214136623342832,-55.368633637699,-37.7981009469163,-18.2469801301207,-12.812144881948,-32.7493396425368,-18.4145125425767,-73.6510768232646,-38.1419666355184,-23.2989978529365
31-Jan-2025 08:57:12,201,41,0.0153076286738118,0.359564491113027,0.0534022192160288,0.580421570936839,-0.0357945546507835,-0.784128685792287,0.216729833682378,-55.0984777375761,-39.6347632419672,-18.4750169897794,-12.7893385182913,-30.5679902931039,-18.475095911069,-74.2123206557089,-33.9286598152588,-21.8120002864106
31-Jan-2025 08:57:49,201,42,0.0115662906939785,0.359587426980337,0.0544591225683689,0.577566754817963,-0.0424987241625786,-0.786186369260152,0.215688519676526,-56.3930964020246,-40.184165574656,-19.8645645436217,-12.2112219881168,-30.9430141493014,-18.2982303922035,-73.700004036949,-32.0630610462449,-19.3490223551369
31-Jan-2025 08:58:26,201,43,0.00971929437170426,0.359185888369878,0.0533614906171958,0.577533225218455,-0.0372027618189653,-0.787912865479787,0.210391752918561,-55.3951023487588,-40.3149379261637,-21.4598674445558,-13.4554503746835,-33.7212246083143,-18.8276404296591,-72.950907192587,-31.6713163028536,-17.6730542414891
31-Jan-2025 08:59:02,201,44,0.00651720402141412,0.360318001111348,0.0541668636103471,0.576615651448568,-0.0351351675887903,-0.791969577471415,0.197646529475848,-56.2508019366359,-42.1113952870809,-24.2080480190357,-16.5858512196207,-35.5260283687348,-19.4101882452752,-72.4584202354239,-31.9414985722738,-18.0405910366544
31-Jan-2025 08:59:39,201,45,0.00428279756257931,0.361606806516647,0.0541075331469377,0.577565892537435,-0.0249407577017943,-0.796078642209371,0.179037485520045,-56.3833483450844,-44.6656951527028,-26.8576674302886,-20.5093382937432,-36.7691287798592,-19.8693049499716,-72.0192382218602,-33.0676443480997,-18.5298802862262
31-Jan-2025 09:00:19,201,46,0.00164573529424767,0.363931751251221,0.0540769544740518,0.578856885433197,-0.0261965022732814,-0.798838706811269,0.161540062228839,-59.0043181638186,-48.348916270677,-28.7080062599279,-25.7293684824584,-38.7813775163354,-21.0917060992081,-71.9817086800963,-34.4717718771284,-19.6800457630012
31-Jan-2025 09:00:57,201,47,-0.0022420346736908,0.366256640354792,0.0543996252119541,0.578853638966878,-0.0172369616727034,-0.803015621503194,0.140703040361404,-60.0194996876956,-52.6715980148274,-31.1337047987605,-31.2226702284699,-39.9782004154876,-22.0957494707148,-72.4450053742323,-33.3898902827586,-20.3356493533779
31-Jan-2025 09:01:37,201,48,-0.00474924637625615,0.368493233124415,0.0558141740659873,0.578931434949239,-0.0128180938462416,-0.806303334236145,0.120619436105092,-61.6567870641441,-57.2390100720659,-33.4720831921896,-36.2526077531295,-40.6173103959779,-23.6656139533564,-72.4087151863182,-34.5150041266897,-21.1939720005554
31-Jan-2025 09:02:18,201,49,-0.00766525619352857,0.370965747038523,0.056333793203036,0.581139341990153,0.00211153143706421,-0.80831849972407,0.0943071857094765,-61.8051273668783,-61.5537872858484,-35.5418015129171,-42.4008631671132,-42.5525639171372,-24.9183889915655,-72.3476315573791,-35.8436156897713,-22.3786541761333
31-Jan-2025 09:03:01,201,50,-0.0122220580776532,0.373256309827169,0.0595737186570962,0.581963117917379,0.00749055556952953,-0.80980163415273,0.0740552658836047,-63.0839941327554,-68.742247077903,-38.9021897972938,-49.6332775257589,-44.010889208631,-26.8376193075584,-72.1991512079274,-37.048976112428,-22.3765161159114
31-Jan-2025 09:03:45,201,51,-0.0147725783288479,0.374620978037516,0.0633098065853119,0.581556328137716,-0.0339880573252837,-0.809823000431061,0.0694533750414848,-69.8873916832994,-73.01732986694,-40.1665744858312,-47.1260693922686,-44.3364076350572,-27.3266764557387,-69.3781942356157,-37.0231779953951,-24.117472021464
31-Jan-2025 09:04:28,201,52,-0.0173729716489712,0.375886883338292,0.0671467329065005,0.579896438121796,-0.0761425912380218,-0.808310317993164,0.067504986623923,-77.4609208496291,-75.7608333005449,-40.9661266652808,-44.7399009949439,-44.0176940040669,-27.9073474233649,-66.4603880831758,-36.4790670932559,-24.1742228680666
31-Jan-2025 09:05:11,201,53,-0.0204444546252489,0.376508263746897,0.069667974114418,0.576421988010406,-0.126219498117765,-0.805020606517792,0.0612227027614911,-85.4195158238516,-77.2885470564339,-40.4082625901866,-42.1142524657019,-44.2768643443685,-28.2338253007141,-62.2191573406719,-36.1257997985635,-24.2138711851943
31-Jan-2025 09:05:54,201,54,-0.0240091991921266,0.376990161339442,0.0739193066954613,0.570122675100962,-0.172856783866882,-0.801218831539154,0.0559381018082301,-92.8206437020206,-79.7083659734649,-40.5966903878205,-39.3688638705013,-44.0749766703159,-28.2082066329247,-55.441214303136,-35.7179543075945,-23.8699682375845
31-Jan-2025 09:06:36,201,55,-0.0270158765216668,0.377441344658534,0.0780536000927289,0.563057657082876,-0.222608548402786,-0.793950752417247,0.0552604178587596,-100.543038032163,-80.5492374710669,-40.6332641218185,-36.3386052423214,-43.4175599890864,-28.3815396925661,-51.219915118084,-35.2828197184873,-23.3342896576059
31-Jan-2025 09:07:17,201,56,-0.0303537238389254,0.377873331308365,0.0825806880990664,0.557540810108185,-0.258071951071421,-0.787399665514628,0.0504866259793441,-105.426065588292,-81.9506352589544,-40.8939108239984,-33.4659115976518,-42.8323788042683,-28.2793486159229,-47.1519378592741,-34.9090405803109,-23.152723261443
31-Jan-2025 09:07:57,201,57,-0.0351904568572839,0.37728457848231,0.087440250813961,0.552138070265452,-0.282820157210032,-0.783001371224721,0.0454446623722712,-107.839409757414,-83.1072961919847,-45.1665940102693,-29.3970004447374,-42.0583153676559,-27.2893954711373,-43.0106215635851,-32.6909391675998,-21.6482129571879
31-Jan-2025 09:08:39,201,58,-0.0377142958343029,0.37813675403595,0.0897662257154783,0.550041910012563,-0.306835871934891,-0.776116232077281,0.0308100881675879,-112.317912233033,-84.0665886975864,-46.2702954385858,-28.9299805377005,-41.7898108051464,-27.0555612922806,-38.9826357494566,-32.7756766176215,-21.4322306988867
31-Jan-2025 09:09:18,201,59,-0.038321394721667,0.379773038625717,0.0902609964211782,0.546114035447439,-0.340071684122086,-0.76532347202301,0.0197658222168684,-118.5039938619,-85.1521969894737,-40.839505987925,-28.6139062536024,-41.1740856796884,-20.9747865963884,-34.8613151761084,-32.8118334990096,-21.8605124635625
31-Jan-2025 09:10:00,201,60,-0.0396498543520768,0.381699140866598,0.0892376432816187,0.549082938830058,-0.326006652911504,-0.769476652145386,0.0115465985611081,-118.75860417303,-88.1896078423763,-43.7156492060357,-33.2336084424852,-42.8497240336473,-29.3078842967478,-36.6850204811806,-34.0472578393197,-22.8650608856699
31-Jan-2025 09:10:42,201,61,-0.0417783103883266,0.384517314036687,0.0884966234366099,0.549654444058736,-0.322254560391108,-0.770730845133464,0.00244275876320899,-120.865109272471,-90.5460976418504,-49.0456697044021,-37.7785470371027,-46.051057246869,-31.5667468678483,-38.7103920964478,-36.7705370374714,-22.7556753135216
31-Jan-2025 09:11:21,201,62,-0.0440520624319712,0.384595714012782,0.0875390484929085,0.553752287228902,-0.300824369986852,-0.776429522037506,-0.00450688283890486,-118.047561766069,-92.7871269146102,-52.6776288428963,-40.6361038345876,-48.5902378897222,-32.8884918743193,-39.3365968668126,-37.5377436645438,-23.2893227442454
31-Jan-2025 09:11:59,201,63,-0.0449140794575214,0.386035736401876,0.0868814920385679,0.557664819558461,-0.287666205565135,-0.778502722581228,-0.0138450795163711,-117.717987956745,-95.4954259240129,-56.0605573014544,-43.8499697335062,-52.1483422473911,-34.1166780984757,-40.1632182147262,-38.6019140060767,-24.3694866764053
31-Jan-2025 09:12:38,201,64,-0.0470493438343207,0.386540065209071,0.0833767597874006,0.564488768577576,-0.255380294720332,-0.784493013223012,-0.0265344959994157,-113.15740099596,-98.137359801737,-59.6189704200445,-49.1169901831416,-56.5909084624678,-36.0480849314747,-41.3900478514141,-39.2895662048398,-24.6729088592831
31-Jan-2025 09:13:16,201,65,-0.0493787586688995,0.388159966468811,0.0806712369124095,0.571536680062612,-0.224194209774335,-0.78817709684372,-0.0431238584220409,-110.231307459445,-102.321111113622,-63.2651258686505,-55.2605879081353,-60.8007056062485,-38.181102068895,-43.4169816324892,-39.8639593322179,-25.56296016752
31-Jan-2025 09:13:53,201,66,-0.0511650654176871,0.38950398961703,0.0775913208723068,0.578270117441813,-0.190062595407168,-0.791488409042358,-0.0550090896586577,-105.947460635064,-105.550771142587,-66.2051524822646,-60.1174742708083,-64.6691182143811,-40.4899243585259,-45.393967485758,-40.8317229239036,-25.9213260384365
31-Jan-2025 09:14:31,201,67,-0.0544984166820844,0.391187596321106,0.0759531935056051,0.582618983586629,-0.172190757592519,-0.791477874914805,-0.0668452069163323,-104.209737166751,-110.178385530092,-68.6421146783827,-65.3060049523209,-70.9168385546897,-43.1116492242622,-46.0709793751235,-41.246171747743,-27.2138491906926
31-Jan-2025 09:15:11,201,68,-0.0577366001904011,0.393728828430176,0.0732296049594879,0.587498990694682,-0.152611471215884,-0.790562963485718,-0.0810240695873896,-103.445075376471,-115.279977096868,-70.1525446657527,-72.1603577932533,-75.6542127610862,-45.8148253780511,-47.5230042825374,-41.7589631876594,-27.9234509836187
31-Jan-2025 09:15:50,201,69,-0.0613313424090544,0.39630345304807,0.0709241603811582,0.596643924713135,-0.119296089311441,-0.788195852438609,-0.0923675656318665,-100.466944425208,-120.168557253278,-73.4497085487488,-77.7476217138956,-80.8364139005268,-48.5587271758664,-50.0375356989755,-43.0709259356142,-28.3415920968797
31-Jan-2025 09:16:31,201,70,-0.0591161417464415,0.396323215961456,0.0672991280754407,0.59434932867686,-0.118048091232777,-0.790933593114217,-0.0850740879774094,-100.329877595634,-121.040384092893,-69.2403102007654,-77.2237370358765,-83.4669562705388,-48.9661503047336,-51.8301919321764,-42.187284740593,-30.2466026988247
31-Jan-2025 09:17:09,201,71,-0.0556018044551214,0.396142182747523,0.0638189961512883,0.592321062088013,-0.111281464000543,-0.794587616125743,-0.0735033015410105,-99.489443475814,-119.721458079917,-66.3025953266885,-75.8205801277849,-85.3462053738118,-48.4837548446075,-54.6009747926334,-42.0659363725813,-31.3287481308535
31-Jan-2025 09:17:48,201,72,-0.0488040308157603,0.394764135281245,0.0565993058184783,0.591493034362793,-0.094202912847201,-0.797758460044861,-0.0695934360225995,-97.0223257108712,-115.507155640644,-62.1257221895649,-77.5027871046569,-86.8498078437153,-47.8564500899846,-57.1858209667183,-42.7007344180745,-32.7494609779242
31-Jan-2025 09:18:25,201,73,-0.0437013534208139,0.394222819805145,0.0511007572213809,0.591309980551402,-0.0814949562152227,-0.799716293811798,-0.0645365834236145,-95.6168661233668,-110.145164988225,-57.3292699209179,-78.1776760240109,-86.515586996934,-47.7566906881134,-59.7526987976173,-43.2636056703202,-32.2394575325158
31-Jan-2025 09:19:00,201,74,-0.037428130209446,0.393411882718404,0.0450656063854694,0.59010839064916,-0.075722381969293,-0.801802623271942,-0.0561318479478359,-94.8172356245818,-102.859330229231,-53.1230280865092,-77.9739059146058,-86.4624544918104,-47.5457039626179,-62.3855924569233,-44.0155135259422,-32.3390959408678
31-Jan-2025 09:19:33,201,75,-0.0307904588679473,0.392780671517054,0.0384678483009338,0.590343920389811,-0.0635662799080213,-0.803587281703949,-0.0412416738768419,-93.3455196701564,-95.6615734169504,-49.5868914692197,-77.1808062908212,-86.7748661575156,-46.9041035753104,-65.0514940304328,-45.3119396832523,-32.4435552761001
31-Jan-2025 09:20:06,201,76,-0.023157953719298,0.392218337456385,0.0335218732555707,0.590465068817139,-0.0576580899457137,-0.80452975432078,-0.0275396270056566,-92.4377609879108,-88.2078555780263,-45.1858074604897,-76.1680419098468,-86.2950499086352,-46.5721963570969,-68.4088995610441,-47.4806249914065,-33.5254250747726
31-Jan-2025 09:20:38,201,77,-0.0143489315484961,0.391912327210108,0.0289489739884933,0.591728583971659,-0.0474328840772311,-0.804542334874471,-0.0178635574877262,-90.9119809417552,-79.1261572257804,-41.2522497560395,-75.7204451502775,-86.094119702462,-46.3201357234303,-72.7870570702062,-50.5354398749828,-35.246000105165
31-Jan-2025 09:21:09,201,78,-0.0066366051013271,0.39256903330485,0.0249198533594608,0.592592616875966,-0.0315872756143411,-0.8048806031545,0.00186246262552838,-88.8521902136444,-70.5054686168737,-38.7524552037293,-75.5554322014108,-86.4076325176424,-45.8829983820372,-77.0005905686437,-53.28331954627,-35.8609277514175
31-Jan-2025 09:21:41,201,79,-0.00100685593982538,0.392691465218862,0.0235989299913247,0.595337986946106,-0.0193189060936371,-0.803179407119751,0.0101165716225902,-87.1253941445562,-63.8402848796366,-37.5695422274889,-75.5317111578953,-86.3783668434996,-45.7283226867809,-79.706812061719,-57.2277316114128,-36.8230317056001
31-Jan-2025 09:22:15,201,80,0.00405655273546775,0.393698034683863,0.0255448251962662,0.597406117121379,-0.0114506828909119,-0.801167404651642,0.0332507687310378,-86.8400954049792,-61.9778535782342,-38.0200700392835,-73.7036360670555,-86.2527119246952,-45.6398778145929,-83.6093775521131,-61.6204098734833,-38.9337238137476
31-Jan-2025 09:22:46,201,81,0.0099054753780365,0.394009846448898,0.0262601328392824,0.60113654534022,-0.00310256335263451,-0.797083032131195,0.0573054979244868,-85.7005453301578,-48.8667984947492,-37.9373182450955,-71.8733839525535,-86.07886238356,-45.5845483539392,-87.5101150411667,-65.4872212340176,-41.0937099988776
31-Jan-2025 09:23:18,201,82,0.0160876382142305,0.394735310475032,0.0265947047621012,0.604824511210124,0.00162581355155756,-0.792928671836853,0.073815963168939,-85.4838695877143,-41.531431520223,-37.2879266479164,-70.1920433262205,-85.5809155312594,-45.4707765990525,-90.8849385295499,-70.0660991437839,-43.1283432224989
31-Jan-2025 09:23:57,201,83,0.0216203379134337,0.394791213671366,0.0278293630729119,0.607794964313507,0.00726616683726509,-0.788495469093323,0.0938480004668236,-84.3036310114596,-57.4839086001759,-38.0052151492416,-66.7101584439719,-85.7459200233761,-45.4027836970493,-93.546805017598,-75.3010103281662,-45.3252999653658
31-Jan-2025 09:24:36,201,84,0.0271238911896944,0.395988961060842,0.0300377485652765,0.608649782339732,0.00963342661658923,-0.785843364397685,0.10910040785869,-84.6666110182993,-58.5303077073688,-37.9058436998189,-64.5030014337656,-85.4924001877015,-44.532680221488,-97.3521930054786,-79.5889381498564,-47.6034184678555
31-Jan-2025 09:25:08,201,85,0.0355827110509078,0.396540518601735,0.0300591066479683,0.610083099206289,0.0269553528477748,-0.780925714969635,0.131251973907153,-81.8262003166864,-36.5986678281813,-37.7731422750224,-62.4832083595803,-85.0296181881312,-44.0865214591475,-101.129341743275,-84.3783742902007,-52.3971178501566
31-Jan-2025 09:25:41,201,86,0.0427564529081186,0.39774586558342,0.0318730731805166,0.610760736465454,0.0373425337175528,-0.777002561092377,0.147796742121379,-79.409094260847,-22.8280084558038,-37.398775862539,-61.3820972534056,-84.687205106613,-44.3773350534175,-104.74237085603,-88.4435645898719,-58.0736076723634
31-Jan-2025 09:26:27,201,87,0.0488179417947928,0.399707500139872,0.0331990912556648,0.614358413219452,0.0429520040750504,-0.768917735417684,0.171710391839345,-78.4036405278944,-56.187839336832,-37.2785769562123,-60.2903271312362,-84.7049764841209,-44.0616348259927,-108.948340156264,-93.7966319692066,-60.066492714523
31-Jan-2025 09:27:06,201,88,0.0529113632937272,0.399831583102544,0.0289226323366165,0.610657445589701,0.0835889041423798,-0.768841962019602,0.170271732409795,-70.6834500640004,-56.0108359542787,-36.5594382496233,-62.8589906492394,-85.8861867563534,-44.7593671621277,-111.137125292287,-96.9541192180777,-61.3853321733129
31-Jan-2025 09:27:45,201,89,0.0589933010439078,0.400901484489441,0.0257803951700528,0.60364453792572,0.129951180020968,-0.767553047339122,0.172012550632159,-63.2411726808281,-56.3289551350763,-35.6788414195733,-66.8174894132439,-86.7449431433425,-44.930471042839,-114.299145475181,-99.6835757368646,-63.5082704370909
31-Jan-2025 09:28:25,201,90,0.061454659452041,0.401958531141281,0.0232917424291372,0.601276234785716,0.151191206773122,-0.764276405175527,0.177453461289406,-59.1628518380166,-56.8196355975495,-35.6925155277929,-68.0959058002491,-87.7424725877097,-45.8882606958385,-117.872783181508,-102.424016890609,-65.2832581033631
31-Jan-2025 09:29:10,201,91,0.0640581667423248,0.404218816757202,0.0232602008928855,0.599558166662852,0.160098643104235,-0.763389245669047,0.179263254006704,-58.8665092653855,-57.7715967008604,-35.3283251051474,-70.4342809987546,-88.3593885607661,-46.8643932349821,-120.752229649554,-104.869950361833,-67.5592704708823
31-Jan-2025 09:29:46,201,92,0.0668400590618451,0.405755684773127,0.0249161637077729,0.593212823073069,0.177037412921588,-0.764531222979228,0.179578138391177,-42.3861558278448,-40.1291981245896,-37.0252024170692,-72.6276356030103,-87.0609977981671,-47.6246972171977,-123.284580498458,-107.168629991797,-68.735795189025
31-Jan-2025 09:30:35,201,93,0.0685265516241391,0.408087398608526,0.0247039021303256,0.597684788703919,0.166618537902832,-0.760899213949839,0.18985153734684,-60.5637969578491,-59.689619708529,-35.4026135962748,-73.248479910141,-88.6299536677404,-48.3520869209493,-126.693383537791,-109.39368270113,-70.7875760824795
31-Jan-2025 09:31:21,201,94,0.0750845616062482,0.411189577976863,0.0284287696083387,0.596045398712158,0.172418467203776,-0.755518209934235,0.210223736365636,-60.7692904276601,-61.7189804385145,-35.8808091486869,-72.8731919766431,-88.0375548734957,-47.867258402111,-132.551831282725,-114.202495757695,-74.3640248739576
31-Jan-2025 09:32:09,201,95,0.0827811792492867,0.415009868144989,0.0329117745161056,0.596560402711232,0.173152513305346,-0.746783892313639,0.237587334712346,-62.1767825393572,-63.5240462085523,-36.20413816792,-71.6922764688639,-86.5119927372941,-47.5242013136568,-139.641892075266,-119.217902084102,-77.8967877092636
31-Jan-2025 09:32:53,201,96,0.0896211802959442,0.418943820397059,0.0366980296870073,0.599907759825389,0.171455649534861,-0.732704536120097,0.271767818927765,-63.3602739719976,-65.0669644986163,-36.0750339205635,-70.1835471739441,-83.9198489301141,-48.2270299403945,-146.747759391611,-123.811605045431,-80.6577075664836
31-Jan-2025 09:33:35,201,97,0.0950692921876907,0.4232732574145,0.0407490347822507,0.606200714906057,0.166773323218028,-0.719294925530752,0.295503282546997,-65.8567650651095,-66.4038090486933,-35.6447130399123,-69.635910985454,-81.3194142874448,-49.1528014247282,-153.861529969858,-128.79445632422,-82.9577059346606
31-Jan-2025 09:34:07,201,98,0.0997563242912292,0.42557311852773,0.0399282413224379,0.616147665182749,0.169329290588697,-0.7021377881368,0.314153182506561,-64.9327511273174,-42.4115744077181,-23.948158449979,-68.5458147279704,-77.4233954090033,-48.9417206967403,-158.164080191586,-131.691925205142,-80.5846610479114
31-Jan-2025 09:34:53,201,99,0.096114810804526,0.426435973246892,0.0464980940024058,0.603695893287659,0.172488475839297,-0.702376894156138,0.335359138250351,-65.5369871046431,-65.505321331747,-35.0137997017218,-66.9834917470942,-74.1628038216895,-48.3363756831514,-161.83110622879,-131.874181165429,-78.2088857889015
31-Jan-2025 09:35:36,201,100,0.0913899550835292,0.426797568798065,0.0484242670238018,0.601123893260956,0.168355769912402,-0.698988421758016,0.348886301120122,-67.4303480395278,-67.7420590382776,-34.6605388743029,-65.5600554045218,-71.2949258799396,-48.5838985267621,-165.555370173732,-130.473830665399,-76.4317453437611
