date and time,Trajectory,Waypoint,x_end_avg,y_end_avg,z_end_avg,qx_end_avg,qy_end_avg,qz_end_avg,qw_end_avg,l0,l1,l2,l3,l4,l5,l6,l7,l8
19-Nov-2024 18:42:10,1,1,0.00375130629787842,0.322599403063456,0.0440939081211885,-0.0161558333784342,-0.0344730784495672,0.00789326733599107,0.999243871370951,-8.02500000000001,-0.075,-5.02500000000001,-6.60000000000001,-7.35000000000001,-5.62500000000001,-9.75,-5.10000000000001,-6.82500000000001
19-Nov-2024 18:42:21,1,2,0.00217958277401825,0.326155348618825,0.0519644806782405,-0.0383705678085486,-0.0351178556680679,0.0234726868569851,0.998370440800985,-12.5413297032551,-5.25720183321922,-7.61175353035402,-6.53916761431686,-7.30654829594062,-5.59892897756437,-16.3071808703127,-5.18623921658478,-6.8637703647188
19-Nov-2024 18:42:51,1,3,0.00390586455663045,0.330839278300603,0.0540840432047844,-0.0563803926110268,-0.0350927325586478,0.0279701629032691,0.997400379180908,-19.1951594065101,-13.4769036664384,-10.536007060708,-8.5033352286337,-11.4630965918812,-9.43535795512873,-21.3643617406255,-9.54747843316955,-10.0150407294376
19-Nov-2024 18:43:01,1,4,0.00516526748736699,0.334788660208384,0.0611079218486945,-0.0761571198701858,-0.0347653359174728,0.0512503124773502,0.995170819759369,-23.7114891097651,-18.6591054996577,-13.122760591062,-8.44250284295055,-11.4196448878218,-9.40928693269309,-27.9215426109382,-9.63371764975432,-10.0538110941564
19-Nov-2024 18:43:32,1,5,0.00546468993028005,0.338958984613419,0.0661775315801303,-0.0955533514420191,-0.0323370988170306,0.0553924309710662,0.99335572719574,-29.1465688130202,-24.3850573328769,-16.703264121416,-9.46917045726738,-15.3511931837623,-12.2894659102574,-32.6037234812509,-15.982456866339,-11.1238314588752
19-Nov-2024 18:43:43,1,6,0.00349260357518991,0.343122637271881,0.0753079091509183,-0.116362218558788,-0.0295348388453325,0.0734876175721486,0.990044009685516,-33.6628985162752,-29.5672591660961,-19.2900176517701,-9.40833807158423,-15.3077414797029,-12.2633948878218,-39.1609043515636,-16.0686960829238,-11.1626018235939
19-Nov-2024 18:44:13,1,7,0.00346671494965752,0.347896788517634,0.0810015161832174,-0.134368427594503,-0.0246230125427246,0.0828717231750488,0.987153077125549,-39.0886032195302,-35.5463359993154,-22.5236461821241,-10.4162556859011,-7.57678977564359,-15.3404488653861,-44.8555852218764,-19.8111852995085,-13.6669971883127
19-Nov-2024 18:44:24,1,8,0.00236689154990017,0.353181407848994,0.0912000492215157,-0.156216284632683,-0.0203570389499267,0.103391028940678,0.982085732618968,-43.6049329227853,-40.7285378325346,-25.1103997124781,-10.3554233002179,-7.53333807158419,-15.3143778429505,-51.4127660921891,-19.8974245160933,-13.7057675530315
19-Nov-2024 18:44:57,1,9,0.00335412076674402,0.357856486241023,0.0960958396395048,-0.159533486763636,-0.0142129498223464,0.116168687740962,0.980230573813121,-47.0009501260403,-45.6341771657538,-30.3455907428321,-13.0039659145347,-3.64613636752482,-17.3648693205148,-57.3136969625018,-25.561788732678,-16.3273504177502
19-Nov-2024 18:45:07,1,10,-0.0042796630722781,0.358596173922221,0.090258734424909,-0.162709437807401,-0.0163847574343284,0.0841659530997276,0.98294114669164,-51.6195610896998,-43.429218226116,-29.3118811898596,-16.6292502685497,-7.88384289354268,-19.5524925003701,-52.2167957931101,-26.0765123647143,-16.6534821506148
19-Nov-2024 18:45:39,1,11,-0.00799160512785117,0.358826249837875,0.0839866588513056,-0.172667403022448,-0.021538608148694,0.0362493271629016,0.984077294667562,-58.0030158033593,-40.8609780364783,-28.5523903868871,-19.0592221225646,-11.3246744195606,-19.7783969302254,-49.4167696237184,-25.5552984967506,-16.9210201334793
19-Nov-2024 18:45:50,1,12,-0.015870539098978,0.360584010680517,0.0807262346148491,-0.174835714697838,-0.0218486317743858,0.00182256662131598,0.984353526433309,-62.6216267670188,-38.6560190968405,-27.5186808339146,-22.6845064765795,-15.5623809455784,-21.9660201100807,-44.3198684543267,-26.0700221287869,-17.2471518663438
19-Nov-2024 18:46:22,1,13,-0.0204346021016439,0.360593956708908,0.0753620237112045,-0.173327791690826,-0.0239739463975032,-0.0408213846385479,0.983725758393606,-65.6476596056783,-35.8194195322027,-26.5470806559421,-25.4871345805945,-26.9016499715963,-21.8227839149361,-41.496404784935,-24.7917770108232,-17.3189867242084
19-Nov-2024 18:46:32,1,14,-0.0292503409087658,0.362898552417755,0.0709148868918419,-0.174732743700345,-0.0220004117737214,-0.0738440468907356,0.981596418221792,-70.2662705693378,-33.6144605925649,-25.5133711029696,-29.1124189346094,-31.1393564976142,-24.0104070947914,-36.3995036155433,-25.3065006428595,-17.6451184570729
19-Nov-2024 18:47:03,1,15,-0.0361816418667634,0.363540524244308,0.0643139943480492,-0.164374958475431,-0.0218796790887912,-0.129579118887583,0.977604941527049,-73.4135924704973,-31.6186813404271,-24.8857162374971,-33.9763751636244,-33.677844273632,-25.4076005871467,-31.1643211961515,-23.7997398998958,-18.2191017524374
19-Nov-2024 18:47:14,1,16,-0.0444568661351999,0.365587862332662,0.0522162077327569,-0.134197806318601,-0.0187308800717195,-0.147096303105354,0.97979736328125,-71.4063777176627,-35.9709844632434,-27.0028777401279,-39.9144217447285,-39.3005491350128,-28.1599629590599,-27.9689629145131,-23.2098393121232,-17.8651613997739
19-Nov-2024 18:47:42,1,17,-0.0534539553026358,0.364961123466492,0.0441665835678577,-0.109545786182086,-0.0170334155360858,-0.160076372822126,0.980859394868215,-70.238518433578,-40.5028774298097,-28.6480665865088,-42.1218042633327,-42.7986446213936,-31.417110487223,-26.5044640078747,-14.7091965368507,-16.5101468283603
19-Nov-2024 18:47:53,1,18,-0.0641768073042234,0.367978109916051,0.0331030065814654,-0.084216995537281,-0.0142017257710298,-0.174847391247749,0.980884420871735,-68.2313036807433,-44.855180552626,-30.7652280891397,-48.0598508444368,-48.4213494827744,-34.1694728591362,-23.3091057262363,-14.119295949078,-16.1562064756968
19-Nov-2024 18:48:21,1,19,-0.0711012015740077,0.368866531054179,0.0262088526040316,-0.0366174099346002,-0.0172675383587678,-0.178031119704247,0.983191736539205,-65.0687666622836,-49.7472785973173,-32.5714032636456,-53.182565394291,-52.6067496566553,-36.8742278091743,-23.9041771320979,-7.54902426755548,-16.0517290136582
19-Nov-2024 18:48:32,1,20,-0.0853407621383667,0.37379252910614,0.0179192043840885,-0.00949108749628067,-0.0169952339182297,-0.193150567015012,0.980976045131683,-63.0615519094489,-54.0995817201336,-34.6885647662765,-59.1206119753951,-58.2294545180361,-39.6265901810875,-20.7088188504595,-6.95912367978287,-15.6977886609946
19-Nov-2024 18:49:04,1,21,-0.0804934829473496,0.375318406025569,0.0124788729473948,0.0294245202094316,-0.0264425362149874,-0.159600025415421,0.98638881444931,-60.7016760238018,-58.4217823038875,-36.6502331048449,-63.1509925408743,-62.9835070356669,-42.5801488420631,-29.533675412571,-3.37903754513528,-17.7185797536435
19-Nov-2024 18:49:14,1,22,-0.0943154742320379,0.380418090025584,0.00624545828128854,0.0537745289504528,-0.0299554895609617,-0.174316594998042,0.982763814926148,-58.6944612709671,-62.7740854267037,-38.7673946074758,-69.0890391219784,-68.6062118970477,-45.3325112139762,-26.3383171309326,-2.78913695736267,-17.36463940098
19-Nov-2024 18:49:46,1,23,-0.0848258763551712,0.382428745428721,-0.0056323042139411,0.101272085805734,-0.0361861668527126,-0.163077821334203,0.980734531084696,-56.3569814044288,-62.6674178486177,-37.0507571932896,-76.505066391675,-72.7265041766807,-46.454835906384,-32.3750219236606,-3.73821740514963,-20.3935090563709
19-Nov-2024 18:49:57,1,24,-0.0810426125923793,0.387432068586349,-0.0164401623109976,0.138603383302689,-0.0394886076450348,-0.163005685806274,0.976042497158051,-54.5708321042967,-59.5008015400629,-35.7118663611346,-85.0249266691841,-74.1311226281888,-47.4015624542604,-36.3766192945137,-6.18239062637407,-21.8600129891055
19-Nov-2024 18:50:26,1,25,-0.0797156194845835,0.390679283936818,-0.0318075152734915,0.18946179052194,-0.0393732306857904,-0.187515395879745,0.96301193634669,-52.8090175209615,-57.8641595967425,-34.8591022379641,-93.442870442787,-76.2185779937594,-49.1110880744025,-32.9207703763043,-9.00401746087977,-22.6826997831683
19-Nov-2024 18:50:37,1,26,-0.0736866866548856,0.395596343278885,-0.0396823319296042,0.224108555912971,-0.040407300243775,-0.186136186122894,0.955769821008046,-51.0228682208294,-54.6975432881877,-33.5202114058091,-101.962730720296,-77.6231964452674,-50.057814622279,-36.9223677471574,-11.4481906821042,-24.149203715903
19-Nov-2024 18:51:10,1,27,-0.0665770426392555,0.400691924492518,-0.0544713591535886,0.284166232744853,-0.0335860987504323,-0.206628546118736,0.935642139116923,-49.4738862790958,-52.2959141622501,-32.7243839281463,-112.981632745852,-76.8192333538067,-51.0109407062883,-34.4952419734793,-31.6310907099692,-25.0687990793017
19-Nov-2024 18:51:21,1,28,-0.0609899322191874,0.405336858828863,-0.0595682752629121,0.318534435828527,-0.0319795111815135,-0.207754439115524,0.924311224619548,-47.6877369789637,-49.1292978536953,-31.3854930959914,-121.501493023361,-78.2238518053148,-51.9576672541647,-38.4968393443324,-34.0752639311936,-26.5353030120364
19-Nov-2024 18:51:54,1,29,-0.0630269745985667,0.406856735547384,-0.0633961260318756,0.32802348335584,-0.0277258244653543,-0.225448176264763,0.916954203446706,-49.2479865789223,-48.5359166259966,-29.8391027960939,-123.1867783655,-79.4185110443179,-52.042857459835,-35.7803308472803,-33.587572132167,-27.190836558555
19-Nov-2024 18:52:04,1,30,-0.0579648432632287,0.408329550425212,-0.0699804604053497,0.324843396743139,-0.0175060187776883,-0.231398890415827,0.916855982939402,-50.6146524996816,-41.0350418069894,-25.8461808189504,-123.772542833615,-81.8674610548053,-53.0248478974388,-35.8281839224938,-36.68051692982,-28.4948243897416
19-Nov-2024 18:52:41,1,31,-0.0613796624044577,0.407409753402074,-0.0644958312312762,0.3104372382164,-0.0203124452382326,-0.234238403042157,0.92105838060379,-52.3781102600406,-49.2129137836363,-29.9765246804298,-122.058067738743,-84.2142656795506,-53.2584382190758,-34.9438562115746,-36.5581434291332,-29.5495850785942
19-Nov-2024 18:52:52,1,32,-0.0561477815111478,0.408585081497828,-0.0713661402463913,0.306282444794973,-0.010575098109742,-0.237966399391492,0.921656775474548,-53.7447761807999,-41.7120389646291,-25.9836027032862,-122.643832206858,-86.6632156900381,-54.2404286566796,-34.9917092867881,-39.6510882267862,-30.8535729097808
19-Nov-2024 18:53:29,1,33,-0.062849615017573,0.411383473873138,-0.0703414539496104,0.312063612540563,-0.011790793761611,-0.249670653541883,0.916592538356781,-55.1598380213591,-48.5005375434496,-31.3023136454541,-125.079476893479,-87.7860930076545,-54.7732190363,-30.6734719689353,-42.7113738752694,-25.1329471698004
19-Nov-2024 18:53:40,1,34,-0.0601733672122161,0.408580209811529,-0.0633745158712069,0.288946334520976,-0.0157966941595078,-0.231432600816091,0.928816155592601,-57.4227532995478,-49.3630894433018,-31.8198447853654,-118.363799712984,-87.9173183661481,-54.925086905532,-37.3599323928204,-40.4231974925521,-24.075114168427
19-Nov-2024 18:54:18,1,35,-0.061073570450147,0.405917465686798,-0.0559978740910689,0.245958602428436,-0.0216750162343184,-0.201578018069267,0.947840122381846,-60.0098665376363,-50.395328042068,-32.1181923849325,-114.823062641742,-87.9105073782062,-54.4023547457724,-43.4383476201723,-38.4936915352499,-29.4799743814701
19-Nov-2024 18:54:29,1,36,-0.0538096549610297,0.404160292943319,-0.0488614728053411,0.221912727753321,-0.0261217479904493,-0.16580121020476,0.960511521498362,-62.272781815825,-51.2578799419202,-32.6357235248439,-108.107385461247,-88.0417327366998,-54.5542226150044,-50.1248080440574,-36.2055151525327,-28.4221413800967
19-Nov-2024 18:55:08,1,37,-0.0466652065515518,0.401079785823822,-0.0448216694096724,0.181763337055842,-0.0284704007208347,-0.130277582009633,0.97425833940506,-63.7977960739636,-50.1052751912293,-32.5186628945831,-103.504178335378,-88.5539399219757,-55.1937904697406,-55.2322458696759,-40.8466739825229,-29.9206549859315
19-Nov-2024 18:55:19,1,38,-0.0418054667611917,0.399749734004339,-0.0367513380944729,0.148527777194977,-0.03234465594093,-0.100905364751816,0.983214867115021,-66.0607113521522,-50.9678270910815,-33.0361940344944,-96.7885011548828,-88.6851652804693,-55.3456583389726,-61.918706293561,-38.5584975998056,-28.8628219845581
19-Nov-2024 18:56:00,1,39,-0.0339194570978483,0.398033052682877,-0.0305135384202003,0.0966433003544807,-0.033021292835474,-0.0653623729944229,0.992621525128682,-69.6046761203159,-49.3978006656621,-33.2364292893197,-91.5790590017008,-89.5318815523541,-55.6663762009568,-67.9656554183128,-43.4849888234421,-31.2581622867888
19-Nov-2024 18:56:10,1,40,-0.0277998529374599,0.397289472818375,-0.0236488511164983,0.0622793858249982,-0.0378490115205447,-0.0259459145367146,0.997003297011057,-71.8675913985045,-50.2603525655143,-33.753960429231,-84.8633818212057,-89.6631069108477,-55.8182440701888,-74.6521158421979,-41.1968124407248,-30.2003292854154
19-Nov-2024 18:56:46,1,41,-0.0227187572667996,0.398704169193904,-0.0309091101090113,0.0896242156624794,-0.0417276491721471,-0.0132911250616113,0.995012414455414,-67.4822740841716,-31.8213644565681,-33.7207565282447,-87.5552598118038,-92.3834847854407,-54.1957787902253,-76.0099275638622,-44.6936959517913,-32.6209843058739
19-Nov-2024 18:56:56,1,42,-0.0252165974428256,0.402371152242025,-0.0433391985793908,0.136627723773321,-0.0452295442422231,-0.0161844874421755,0.989457050959269,-62.9064320248511,-33.723665510258,-34.5212005698014,-94.9690202887453,-94.821117203338,-55.2638885138856,-75.5124949350932,-42.6332456596809,-31.4400526745304
19-Nov-2024 18:57:37,1,43,-0.0272542984535297,0.404882063468297,-0.0570597959061464,0.180887774626414,-0.0530923483272394,-0.0102599507818619,0.982016082604726,-57.7508523380244,-48.4803219826298,-33.7048206400866,-98.2218395225152,-96.5001223495831,-58.8117107357341,-75.7176844815409,-44.251462269159,-32.1349143690879
19-Nov-2024 18:57:48,1,44,-0.0307740385333697,0.408680395285288,-0.0669617503881454,0.218932097156843,-0.0569077024857203,-0.0149115780368447,0.973965068658193,-53.175010278704,-50.3826230363198,-34.5052646816433,-105.635599999457,-98.9377547674805,-59.8798204593945,-75.2202518527718,-42.1910119770486,-30.9539827377444
19-Nov-2024 18:58:28,1,45,-0.0302533730864525,0.412845285733541,-0.0794946183760961,0.270345781246821,-0.0644670421878497,-0.0128714757661025,0.960516270001729,-48.2342994056304,-48.0621017993506,-33.5972967375642,-111.868889854812,-101.671073549552,-61.9627864321488,-75.8241303116112,-44.7448951357327,-31.9859477693514
19-Nov-2024 18:58:38,1,46,-0.0349508916338285,0.418698406219482,-0.0904647464553515,0.312752117713292,-0.0705124606688817,-0.0188061575094859,0.947027166684469,-43.65845734631,-49.9644028530406,-34.3977407791209,-119.282650331754,-104.108705967449,-63.0308961558092,-75.3266976828422,-42.6844448436222,-30.8050161380079
19-Nov-2024 18:59:18,1,47,-0.0341423727571964,0.424875698486964,-0.103314369916916,0.369966777165731,-0.0817927117149035,-0.0159264080226421,0.925300435225169,-39.200180880113,-47.355292761401,-33.9689788278597,-126.106175497903,-106.394181567433,-65.7314340040166,-75.2299205978773,-43.6811612769092,-32.5305328381397
19-Nov-2024 18:59:29,1,48,-0.0391120170553525,0.432018061478933,-0.11469268600146,0.407945877313614,-0.0884268735845884,-0.0229241774727901,0.908424655596415,-34.6243388207925,-49.2575938150909,-34.7694228694164,-133.519935974844,-108.831813985331,-66.799543727677,-74.7324879691083,-41.6207109847988,-31.3496012067962
19-Nov-2024 19:00:10,1,49,-0.0383543516198794,0.438595962524414,-0.122732903560003,0.457592717806498,-0.0946767096718152,-0.0302211112032334,0.883590372403463,-31.2322795580338,-46.5791892961161,-34.5802639145642,-140.413578796389,-111.418367994272,-68.6088675136109,-74.8853831122414,-43.6388440553872,-32.9718937411905
19-Nov-2024 19:00:21,1,50,-0.0424966655671597,0.445596390962601,-0.131282884875933,0.493697019418081,-0.0998017713427544,-0.0376963078975677,0.863065381844838,-26.6564374987133,-48.4814903498061,-35.3807079561209,-147.827339273331,-113.856000412169,-69.6769772372713,-74.3879504834723,-41.5783937632768,-31.790962109847
19-Nov-2024 19:01:04,1,51,-0.0375761638085047,0.450246747334798,-0.133847285310427,0.510833299160004,-0.0966490417718887,-0.0398932039737701,0.853297646840413,-29.2886327798115,-46.9790862808114,-34.8105488696335,-152.826935010541,-116.280843160447,-72.0284432978344,-76.3926505810855,-46.4249822614052,-34.6893906541537
19-Nov-2024 19:01:14,1,52,-0.0316689655184746,0.456536469856898,-0.143088417251905,0.529221733411153,-0.0880760451157888,-0.0414287912348906,0.842882339159648,-28.1039366626289,-42.967034998149,-33.0851912813507,-157.86158957545,-118.331225113203,-73.3343023272608,-78.2971867927477,-51.4072790781841,-37.4612071155915
19-Nov-2024 19:01:57,1,53,-0.0351894713938236,0.461144955952962,-0.143702879548073,0.550359642505646,-0.0981314818064372,-0.0419444759686788,0.828079191843669,-28.6026862445866,-48.0098073223205,-34.4874329439656,-162.353714726509,-120.11883746372,-75.2379648722555,-80.1768049473854,-49.5717217356376,-38.0463296184637
19-Nov-2024 19:02:07,1,54,-0.0276708759367466,0.467440470059713,-0.151159049073855,0.569465720653534,-0.0867490882674853,-0.0433244206011295,0.816275934378306,-27.417990127404,-43.9977560396582,-32.7620753556828,-167.388369291418,-122.169219416476,-76.5438239016819,-82.0813411590475,-54.5540185524165,-40.8181460799015
19-Nov-2024 19:02:46,1,55,-0.0322689853608608,0.472344024976095,-0.154255052407583,0.592019387086232,-0.0995553806424141,-0.0397765301167965,0.798761304219564,-26.7000168597916,-51.2631165604132,-17.750517392849,-172.451759149402,-124.463216568113,-77.8485846888925,-83.6734183421975,-52.0773882895324,-38.8966155620564
19-Nov-2024 19:02:56,1,56,-0.0233156544466813,0.47000158627828,-0.147802922129631,0.579638159275055,-0.0801173135638237,-0.0450819119811058,0.809671811262767,-31.5051318196376,-52.2582709245881,-18.3476100113539,-169.450098940106,-124.070219084851,-77.7516013836791,-85.4641637158331,-59.0202832483168,-42.4675784778661
19-Nov-2024 19:03:36,1,57,-0.0318063865105311,0.466470396518707,-0.140411273638407,0.562722396850586,-0.104646134376526,-0.0234380129724741,0.819660512606303,-32.6436082042687,-53.0421311904718,-38.1016024425832,-169.462806377347,-126.799029201029,-76.8290689573579,-86.4986795752127,-58.4087146672696,-32.1418679040345
19-Nov-2024 19:03:46,1,58,-0.026671423514684,0.464312907059987,-0.133673001329104,0.547694361209869,-0.0905566324790319,-0.0304443554331859,0.831206079324087,-37.4487231641148,-54.0372855546467,-38.6986950610881,-166.461146168051,-126.406031717768,-76.7320856521445,-88.2894249488483,-65.3516096260541,-35.7128308198442
19-Nov-2024 19:04:19,1,59,-0.0159302071978649,0.460171794891357,-0.122867501278718,0.517244299252828,-0.0743655706445376,-0.0299871367712816,0.852073283990224,-40.2705188363534,-33.7767928696756,-39.9492375859553,-164.591669782023,-129.748938034226,-68.9473277863773,-89.3270555653559,-64.8422728149228,-44.1854569908331
19-Nov-2024 19:04:30,1,60,-0.0095722454910477,0.458705971638362,-0.115706663827101,0.500761047999064,-0.0589499175548553,-0.0352965394655863,0.862854226430257,-45.0756337961994,-34.7719472338506,-40.5463302044603,-161.590009572727,-129.355940550964,-68.8503444811639,-91.1178009389916,-71.7851677737072,-47.7564199066429
19-Nov-2024 19:05:07,1,61,-0.00643931115046144,0.455629986524582,-0.114234856764476,0.462322719891866,-0.0578467672069867,-0.0199696103731791,0.884597460428874,-47.6140891122417,-50.3392780734525,-41.1701477761464,-159.304441275065,-128.880894967563,-70.2344738956736,-93.2819889340632,-76.9519468475337,-41.3282144500423
19-Nov-2024 19:05:18,1,62,0.0019147036364302,0.454861803849538,-0.108265415330728,0.448288190364838,-0.0445268390079339,-0.0234641173233589,0.892471023400625,-52.4192040720878,-51.3344324376274,-41.7672403946513,-156.302781065769,-128.487897484301,-70.1374905904602,-95.0727343076989,-83.8948418063182,-44.899177365852
19-Nov-2024 19:05:56,1,63,0.0109910699228446,0.453015611569087,-0.103649759292603,0.4153415620327,-0.0272347185760736,-0.0262021685640017,0.908880146344503,-56.3159892100319,-49.8656750395158,-42.1526954897469,-155.984166812289,-129.478875950969,-71.8310636451084,-96.9002009920525,-86.4246788226237,-55.4705560954565
19-Nov-2024 19:06:06,1,64,0.0207155290991068,0.45285386244456,-0.0974421362082163,0.39983301560084,-0.0119321888312697,-0.0278949645658334,0.916085739930471,-61.121104169878,-50.8608294036908,-42.7497881082518,-152.982506602993,-129.085878467708,-71.734080339895,-98.6909463656882,-93.3675737814082,-59.0415190112662
19-Nov-2024 19:06:39,1,65,0.0307419231782357,0.450013003746668,-0.0905182917912801,0.353164678812027,0.000442469222859169,-0.0181619089096785,0.935384790102641,-65.2470542187731,-36.8240278867224,-41.066061965052,-150.122369371605,-127.509868959411,-71.7073752146124,-102.000052394683,-96.9039397689532,-66.5626898339733
19-Nov-2024 19:06:50,1,66,0.0413690494994322,0.450580710172653,-0.0823548177878062,0.332438427209854,0.0124226154138645,-0.0193368802467982,0.942844887574514,-70.0521691786191,-37.8191822508974,-41.663154583557,-147.120709162309,-127.116871476149,-71.6103919093991,-103.790797768319,-103.846834727738,-70.133652749783
19-Nov-2024 19:07:22,1,67,0.052547204742829,0.447631851832072,-0.0755996430913607,0.275043624639511,0.00990632890413205,-0.00371434323800107,0.961373559633891,-74.4427016829897,-30.6233586745007,-41.4198378212096,-141.864810441967,-127.63236798037,-72.2235476941511,-105.665723469634,-108.261465200902,-73.2797196190414
19-Nov-2024 19:07:32,1,68,0.0640057027339935,0.449115312099457,-0.0669756586352984,0.251502335071564,0.0174679386119048,-0.00300997269029419,0.967694389820099,-79.2478166428357,-31.6185130386756,-42.0169304397145,-138.86315023267,-127.239370497108,-72.1265643889377,-107.456468843269,-115.204360159687,-76.8506825348511
19-Nov-2024 19:08:05,1,69,0.07566081037124,0.449558212359746,-0.0613634166618188,0.203923956553141,0.0123413784429431,0.0131384385749698,0.978820765018463,-84.145640374944,-28.2181784325647,-41.4438183677933,-135.784370767851,-127.375620007588,-72.159650628707,-110.564304380745,-121.108122875661,-80.5091974273852
19-Nov-2024 19:08:16,1,70,0.0863813037673632,0.45418180624644,-0.0726096302270889,0.230935699741046,0.0133849338317911,0.0498815953731537,0.971597341696421,-75.8704767654036,-27.1814884971804,-40.8218044065627,-136.126547013023,-129.996285284837,-73.3663142737932,-114.051409883855,-123.046725444291,-81.3748297181618
19-Nov-2024 19:08:48,1,71,0.0968053524692853,0.460453428824743,-0.0896629040439924,0.259071735541026,0.0148807515079776,0.0736134340365728,0.962933794657389,-69.2916675419944,-24.8470540766531,-37.814688100119,-135.680163630434,-132.506574058957,-74.9380126913708,-115.647060468884,-125.440761891517,-84.4592379973006
19-Nov-2024 19:08:59,1,72,0.107198085387548,0.465895092487335,-0.0986545190215111,0.288669256369273,0.0161292787641287,0.113199631373088,0.950576531887054,-61.016503932454,-23.8103641412687,-37.1926741388883,-136.022339875606,-135.127239336206,-76.144676336457,-119.134165971994,-127.379364460147,-85.3248702880772
19-Nov-2024 19:09:36,1,73,0.115319642424583,0.472284770011902,-0.111482060452302,0.298210151990255,0.00891769739488761,0.133229223887126,0.945114398002625,-57.3395175159792,-40.5748019633128,-33.4281090050512,-133.870236306897,-137.242716361891,-80.9838573677888,-121.450544016064,-129.695683968074,-87.2998905730349
19-Nov-2024 19:09:47,1,74,0.121644779046377,0.477182207504908,-0.116431644558907,0.302023981014887,0.0068487450790902,0.151649835705757,0.94113597869873,-49.0643539064388,-39.5381120279284,-32.8060950438206,-134.212412552069,-139.86338163914,-82.190521012875,-124.937649519174,-131.634286536705,-88.1655228638115
19-Nov-2024 19:10:14,1,75,0.133580314119657,0.48720495502154,-0.132164558768272,0.315210042397181,-0.0037982367289563,0.174455017844836,0.932841726144155,-34.3132788934313,-26.7769859712584,-20.7878054962868,-134.507448890301,-142.381452790607,-81.088443351084,-127.314391292764,-134.586747574983,-88.3858491516787
19-Nov-2024 19:10:25,1,76,0.138364213705063,0.491518062353134,-0.135958016912142,0.319627145926158,-0.00614939760416746,0.188136822978655,0.928657627105713,-26.0381152838909,-25.740296035874,-20.1657915350562,-134.849625135473,-145.002118067856,-82.2951069961702,-130.801496795874,-136.525350143614,-89.2514814424553
19-Nov-2024 19:11:01,1,77,0.139892601966858,0.484414811929067,-0.12296055406332,0.27732400894165,-0.0115247659385204,0.184237412611643,0.942876021067301,-53.5273152344089,-22.7060522914382,-14.3215094975208,-126.784236430975,-140.377674277258,-81.0065315763908,-128.093876295699,-138.586612034836,-86.7958633667122
19-Nov-2024 19:11:12,1,78,0.142035648226738,0.480281231800715,-0.114292833209038,0.253385623296102,-0.0124167478953799,0.189507392048836,0.948540206750234,-53.4294708866607,-22.8340266076452,-14.325365253137,-121.292417679946,-134.079527549551,-77.79732681005,-124.816437660284,-135.940944691234,-85.4128982924238
19-Nov-2024 19:11:34,1,79,0.142631978789965,0.467922580242157,-0.0881429488460223,0.243020259340604,-0.0109530150269469,0.219497267405192,0.944797412554423,-38.9251486880456,-18.6808918935308,-11.4051521121774,-114.513813952182,-121.268232290399,-66.6234367169899,-126.323908092489,-127.173741965044,-76.0686067174082
19-Nov-2024 19:11:45,1,80,0.143358300129573,0.46056938568751,-0.0754845733443896,0.220573316017787,-0.0130104982604583,0.220966078837713,0.949922017256419,-38.8273043402974,-18.8088662097379,-11.4090078677936,-109.021995201154,-114.970085562691,-63.4142319506491,-123.046469457074,-124.528074621442,-74.6856416431198
19-Nov-2024 19:12:30,1,81,0.132675688465436,0.447750131289164,-0.0586480816205343,0.195215861996015,-0.0128451700011889,0.194043406844139,0.961287132898967,-51.9262210671156,-37.271286010784,-29.2258291751218,-107.086783961758,-113.140364569262,-62.8226845209487,-118.48648535547,-127.371639586546,-77.1220133184677
19-Nov-2024 19:12:40,1,82,0.136147301395734,0.445499014854431,-0.0513776751856009,0.175916040937106,-0.0117861794307828,0.196815593043963,0.964457507928212,-51.8283767193673,-37.3992603269911,-29.229684930738,-101.594965210729,-106.842217841555,-59.6134797546079,-115.209046720055,-124.725972242943,-75.7390482441794
19-Nov-2024 19:13:18,1,83,0.135613310337067,0.437478268146515,-0.0367242852846781,0.168719526131948,0.0011293996591121,0.169035808245341,0.971060975392659,-51.9539129089023,-35.2194573856177,-28.7650234622102,-100.056450215517,-97.3032839809863,-57.5631036565872,-109.940335351545,-124.974921053694,-76.8657515447091
19-Nov-2024 19:13:28,1,84,0.140397480130196,0.434725473324458,-0.0247706325103839,0.146876895427704,0.00324846698592107,0.174052615960439,0.973715746402741,-51.8560685611541,-35.3474317018247,-28.7688792178264,-94.5646314644881,-91.0051372532793,-54.3538988902464,-106.66289671613,-122.329253710092,-75.4827864704207
19-Nov-2024 19:14:03,1,85,0.139659959077835,0.427401212851206,-0.0168727760513624,0.129131337006887,-0.0034690847620368,0.176885604858398,0.975717480977376,-49.0199144820474,-25.6965173892416,-26.6634763613707,-88.5744645913676,-85.9365969591416,-51.6491084580657,-105.014821714168,-120.905894443667,-74.3796555835415
19-Nov-2024 19:14:13,1,86,0.144914636015892,0.425775100787481,-0.00544632974391182,0.109220271309217,-0.00296823938066761,0.182771880427996,0.977065245310465,-48.9220701342992,-25.8244917054487,-26.6673321169869,-83.0826458403391,-79.6384502314346,-48.4399036917249,-101.737383078753,-118.260227100064,-72.9966905092531
19-Nov-2024 19:14:45,1,87,0.141409914692243,0.417039289077123,0.00339262915464739,0.0800886337955793,-0.015786778802673,0.185557489593824,0.979236988226573,-46.0300709208717,-20.6880217072606,-24.4165585665671,-75.3916530282645,-73.5801067205122,-44.0579060924641,-99.4996262600645,-115.025713795051,-70.1036425286693
19-Nov-2024 19:14:56,1,88,0.145096352696419,0.41588621934255,0.014045604194204,0.067560388147831,-0.0135864161575834,0.186383506655693,0.980057259400686,-45.9322265731235,-20.8159960234676,-24.4204143221833,-69.899834277236,-67.2819599928052,-40.8487013261233,-96.2221876246496,-112.380046451448,-68.7206774543809
19-Nov-2024 19:15:31,1,89,0.143250980973244,0.409275764226913,0.0215422408034404,0.0560290197531382,-0.0168267743041118,0.178255775570869,0.982243613402049,-43.2373047925356,-31.3617481824771,-22.6219554247815,-65.4084284956844,-61.7037148734905,-37.8781001433225,-91.814589897598,-110.48995612714,-67.1826709269448
19-Nov-2024 19:15:42,1,90,0.148164996504784,0.409047323465347,0.0321494191884995,0.039147911965847,-0.0168306807676951,0.184741194049517,0.981862962245941,-43.1394604447873,-31.4897224986841,-22.6258111803977,-59.9166097446558,-55.4055681457835,-34.6688953769817,-88.5371512621831,-107.844288783538,-65.7997058526564
19-Nov-2024 19:16:13,1,91,0.144407047828039,0.401436221599579,0.0392465169231097,0.0231708627194166,-0.0234378731499116,0.178617494304975,0.983366469542185,-40.3180773806193,-23.7765857362924,-20.6035096095049,-54.6249974783657,-48.7923722222726,-31.8789924024109,-84.6196330809499,-104.826409949583,-63.4392200517942
19-Nov-2024 19:16:23,1,92,0.148687200744947,0.401542474826177,0.0498742255071799,0.00826269139846166,-0.0236198643843333,0.182615564266841,0.982865925629934,-40.220233032871,-23.9045600524994,-20.6073653651211,-49.1331787273372,-42.4942254945657,-28.6697876360701,-81.3421944455351,-102.180742605981,-62.0562549775058
19-Nov-2024 19:16:54,1,93,0.143209603428841,0.393881054719289,0.0548174152771632,-0.00445542807380358,-0.0293890123565992,0.173379482825597,0.984406431516012,-37.4856193269129,-20.111978829407,-19.1481424574829,-43.8914632186778,-36.7885541689567,-25.6702337656143,-78.3447160372111,-99.1989695172025,-59.5845295399306
19-Nov-2024 19:17:05,1,94,0.147292986512184,0.394285541772842,0.0649331053098043,-0.020619914556543,-0.0305342638244232,0.179198039571444,0.983122865358988,-37.3877749791646,-20.2399531456141,-19.1519982130991,-38.3996444676492,-30.4904074412497,-22.4610289992734,-75.0672774017963,-96.5533021736004,-58.2015644656422
19-Nov-2024 19:17:28,1,95,0.139464272061984,0.387224368254344,0.0670485978325208,-0.0178725955386957,-0.0238259844481945,0.175638050834338,0.984004147847493,-27.4965459523115,-18.4076496921714,-19.324314637088,-29.9578773378053,-19.0884984145918,-13.2816496808752,-71.7048188799269,-95.0895819574101,-48.3242192097104
19-Nov-2024 19:17:39,1,96,0.138027411699295,0.386768742402395,0.0659543032447497,-0.0169818540414174,-0.0239270988851786,0.172835027178129,0.984513640403748,-27.3987016045632,-18.5356240083784,-19.3281703927042,-24.4660585867767,-12.7903516868847,-10.0724449145344,-68.4273802445121,-92.4439146138079,-46.9412541354221
19-Nov-2024 19:18:13,1,97,0.134096874793371,0.381245744228363,0.0498965320487817,0.00638851085677743,-0.0289382502436638,0.145545297861099,0.988907659053803,-22.5541649172625,-18.3584594397606,-14.1662564825068,-37.6742656463403,-3.94032380970226,-20.9781528721647,-64.80743166587,-90.0142208339117,-51.5110989703119
19-Nov-2024 19:18:24,1,98,0.129927837848663,0.381463865439097,0.0549108942349752,0.00450948188081384,-0.0253752391785383,0.15118120710055,0.988170059521993,-27.542607392139,-25.0074857730852,-17.5819634674268,-38.2408223521471,-4.85226199227913,-21.5253157817108,-66.7295932238452,-88.0445075987866,-50.6174361710071
19-Nov-2024 19:18:55,1,99,0.113748676578204,0.378659371534983,0.0684727787971497,-0.0219135212401549,-0.0259852467725674,0.14827872912089,0.988361275196075,-34.4327036972393,-32.4039426639974,-22.83978561944,-36.53239196325,-4.48825960011826,-20.9549350532425,-68.3304998102068,-85.8827811455144,-50.6001783262913
19-Nov-2024 19:19:05,1,100,0.104311732451121,0.379536930720011,0.079774176577727,-0.0371292218565941,-0.0258871169139942,0.143783710400263,0.988573503494263,-39.4211461721158,-39.052968997322,-26.25549260436,-37.0989486690568,-5.40019778269513,-21.5020979627887,-70.252661368182,-83.9130679103893,-49.7065155269865
19-Nov-2024 19:20:06,2,1,0.00294519922075172,0.322340422868729,0.0437619037926197,-0.0136463173354665,-0.0340636397401492,0.00603574200843771,0.999308307965597,-7.35000000000001,-0.075,-4.35,-6.90000000000001,-8.25000000000001,-5.32500000000001,-9.6,-5.02500000000001,-6.75000000000001
19-Nov-2024 19:20:17,2,2,0.00230909152887762,0.326533216238022,0.0427887961268425,-0.00644750231876969,-0.0348639391362667,0.0218422344575326,0.999132565657298,-9.50312163736703,-3.53401100194645,-6.01163832957433,-11.0092172660532,-9.03858665989484,-5.65142970390799,-16.7664286077636,-4.34629856892322,-6.34277914135394
19-Nov-2024 19:20:51,2,3,0.00354981975009044,0.331891665856044,0.0416874463359515,-0.0124557191506028,-0.0360927167038123,0.0230050589889288,0.999005989233653,-15.931243274734,-16.6305220038929,-8.94827665914867,-15.7934345321065,-16.1271733197896,-10.215359407816,-21.9078572155272,-10.9800971378464,-9.76055828270785
19-Nov-2024 19:21:02,2,4,0.00383733507866661,0.336342455943425,0.0431490490833918,-0.00443603775153557,-0.0368117064237595,0.0442292561133703,0.998333140214284,-18.084364912101,-20.0895330058393,-10.609914988723,-19.9026517981597,-16.9157599796845,-10.541789111724,-29.0742858232908,-10.3013957067696,-9.35333742406178
19-Nov-2024 19:21:37,2,5,0.00824135864774386,0.340957164764404,0.0417584332327048,-0.00399628272280097,-0.0370928384363651,0.0587223495046298,0.997577019532522,-21.324986549468,-24.6172940077858,-13.9590533182973,-22.999369064213,-21.8293466395792,-14.4869688156319,-35.7532144310545,-17.7039442756927,-13.0336165654157
19-Nov-2024 19:21:47,2,6,0.00921148434281349,0.34553554058075,0.0433347004155318,0.00405819726487001,-0.0366098329424858,0.0807454923788706,0.996053942044576,-23.4781081868351,-28.0763050097322,-15.6206916478717,-27.1085863302662,-22.617933299474,-14.8133985195399,-42.9196430388181,-17.025242844616,-12.6263957067696
19-Nov-2024 19:22:22,2,7,0.00629264041781425,0.349072215954463,0.0380799248814583,0.0247599733372529,-0.0373646440605323,0.0585210678478082,0.997279393672943,-26.268251241846,-28.6622087433994,-18.5779362462069,-34.6693444430407,-26.0400342315165,-18.0778042170627,-43.2973192143558,-23.4181701596322,-15.4215270957793
19-Nov-2024 19:22:33,2,8,-0.00502312115083138,0.352520122130712,0.0339506886899471,0.0459273248910904,-0.0388949279983838,0.0344905356566111,0.997591265042623,-28.964644296857,-32.6887374770666,-20.5414308445421,-41.5363525558151,-30.2496351635589,-20.1328349145856,-41.8937453898935,-22.9204724746485,-15.1229084847891
19-Nov-2024 19:23:08,2,9,-0.00853006665905317,0.355758055051168,0.0328284489611785,0.0619181943436464,-0.0388773523271084,0.00416744984686375,0.997315076986949,-32.757912351868,-34.7699537107338,-22.9268004428773,-48.9002356685896,-32.1904860956014,-21.5925531121084,-42.2807965654312,-24.5180872896648,-17.6461648737989
19-Nov-2024 19:23:19,2,10,-0.0197210226207972,0.359745220343272,0.0279834823062023,0.0828839068611463,-0.0404060075680415,-0.0183705540994803,0.995570282141368,-35.454305406879,-38.7964824444009,-24.8902950412125,-55.7672437813641,-36.4000870276439,-23.6475838096313,-40.8772227409689,-24.0203896046812,-17.3475462628087
19-Nov-2024 19:23:52,2,11,-0.0256700024008751,0.361665372053782,0.0264496610810359,0.108150385320187,-0.0416575948397319,-0.050641089429458,0.991969605286916,-36.74913596189,-41.6253549280681,-27.5147271395478,-61.0826893941385,-37.9753129596863,-25.1799582571541,-39.0189614165066,-25.9203481696975,-18.2348651518185
19-Nov-2024 19:24:03,2,12,-0.0363029512266318,0.365928004185359,0.0224843319505453,0.125716456770897,-0.0446074115733306,-0.0722340524196625,0.988426939646403,-39.445529016901,-45.6518836617353,-29.478221737883,-67.949697506913,-42.1849138917288,-27.234988954677,-37.6153875920444,-25.4226504847138,-17.9362465408283
19-Nov-2024 19:24:37,2,13,-0.0439533782502015,0.369394588470459,0.0193387779096762,0.147113345066706,-0.0492777585983276,-0.105232128997644,0.982270673910777,-41.366140821912,-49.6045842704025,-32.0721850862182,-74.8659243696874,-45.6023273237713,-29.6286915271999,-35.9094700175821,-25.1487809247302,-18.9805966798381
19-Nov-2024 19:24:48,2,14,-0.0552663418153922,0.374328782161077,0.0158065042148034,0.163607423504194,-0.0533781747023265,-0.125486592451731,0.977055044968923,-44.0625338769231,-53.6311130040696,-34.0356796845534,-81.7329324824619,-49.8119282558137,-31.6837222247227,-34.5058961931198,-24.6510832397465,-18.6819780688479
19-Nov-2024 19:25:21,2,15,-0.0615083701908588,0.377365481853485,0.0156172574187318,0.181992706656456,-0.0596961451073488,-0.15331721107165,0.969437416394552,-45.8460363069341,-57.2457276752368,-36.2394086578886,-88.0245499702363,-50.9254354378562,-33.6830888597456,-33.1761504936575,-25.2402996172629,-20.5548438328577
19-Nov-2024 19:25:32,2,16,-0.0728352139393489,0.383270247777303,0.01183262852331,0.199865834911664,-0.0650085141261419,-0.17221828798453,0.962376443545024,-48.5424293619451,-61.272256408904,-38.2029032562238,-94.8915580830108,-55.1350363698987,-35.7381195572685,-31.7725766691952,-24.7426019322792,-20.2562252218675
19-Nov-2024 19:26:04,2,17,-0.0634901627898216,0.381611559788386,0.0251605908075968,0.178124725818634,-0.0618556367854277,-0.17821671962738,0.965755812327067,-52.3745036830385,-61.1339005107261,-38.624487535349,-93.2479490805376,-47.9681991044893,-33.3185588559029,-33.5956862918092,-28.738073885724,-22.173141395554
19-Nov-2024 19:26:15,2,18,-0.0514649858077367,0.381705673535665,0.0328416901330153,0.157572902242343,-0.0579158013065656,-0.177891116340955,0.969624324639638,-56.588023316632,-61.3515016437983,-38.9259546269742,-90.0170353905643,-43.8494087140799,-31.4518301857873,-35.9068818519231,-35.1150888079189,-25.5543153817406
19-Nov-2024 19:26:47,2,19,-0.0535404175519943,0.380919903516769,0.0421706639230251,0.116625933349133,-0.0561152261992296,-0.172078880667686,0.97654412984848,-61.4358202939754,-60.1911242612454,-39.5874803123494,-87.129774044341,-49.1565948861704,-31.1086855000467,-37.8240344432871,-32.4263322457387,-24.6783604616771
19-Nov-2024 19:26:58,2,20,-0.0412161288162073,0.38160345753034,0.0498099823792775,0.0933383733034134,-0.0533803182343642,-0.169881598154704,0.979580895105998,-65.6493399275689,-60.4087253943176,-39.8889474039747,-83.8988603543677,-45.037804495761,-29.2419568299312,-40.135230003401,-38.8033471679335,-28.0595344478637
19-Nov-2024 19:27:30,2,21,-0.040238252778848,0.381624563535055,0.0534963155786196,0.0511210824052493,-0.0487014912068844,-0.164175066351891,0.983901111284892,-70.2549982330374,-59.9373372695772,-40.2204437924749,-80.0897728362695,-49.0820023866015,-30.612020152003,-42.2494040791399,-39.6724763479409,-28.6371439809252
19-Nov-2024 19:27:41,2,22,-0.027589504296581,0.382547448078791,0.0625083873669306,0.0294184224059184,-0.049203818043073,-0.159985318779945,0.985453343391418,-74.4685178666308,-60.1549384026493,-40.5219108841001,-76.8588591462962,-44.9632119961921,-28.7452914818875,-44.5605996392539,-46.0494912701357,-32.0183179671118
19-Nov-2024 19:28:16,2,23,-0.0222389750182629,0.383262409766515,0.0689728672305743,-0.00996269304305315,-0.0473280308147271,-0.144061664740245,0.988386106491089,-78.1281068361618,-62.7280449068152,-41.1383926241628,-74.3138585422604,-46.5759157464076,-30.6719588078656,-47.6732844571803,-48.0225633212368,-34.0727097267358
19-Nov-2024 19:28:27,2,24,-0.010347576191028,0.384880218903224,0.0779652714729309,-0.0343904696404934,-0.0497443037728469,-0.138308736681938,0.988541122277578,-82.3416264697552,-62.9456460398874,-41.439859715788,-71.0829448522872,-42.4571253559982,-28.80523013775,-49.9844800172942,-54.3995782434316,-37.4538837129224
19-Nov-2024 19:28:56,2,25,-0.00589142808069785,0.384998097022374,0.08067836612463,-0.056523384898901,-0.0510155933598677,-0.138297524054845,0.987459536393483,-84.0281807713175,-64.4909998585064,-41.5988341316319,-69.0199877052826,-23.7290820359014,-31.3101994656813,-49.2464202063144,-56.9996217300796,-40.4716665858277
19-Nov-2024 19:29:07,2,26,0.00692738071084023,0.387387339274089,0.0861518537004789,-0.078434452911218,-0.0535547576844692,-0.114396154880524,0.98888498544693,-86.3420650829608,-62.48411198672,-40.6629752667659,-65.2081603497086,-24.4049327461736,-31.7157098918446,-55.4421154654619,-62.0555931268631,-43.0672373552466
19-Nov-2024 19:29:42,2,27,0.0186386956522862,0.387664063771566,0.0829806601007779,-0.114986984928449,-0.0552317442993323,-0.085142375032107,0.988169157505035,-88.5924667285884,-58.516100457707,-39.8058700640093,-61.305311265619,-44.551156991602,-31.2320693170314,-61.3131830390626,-66.2730788058731,-44.356112568025
19-Nov-2024 19:29:52,2,28,0.0328013780216376,0.390519134203593,0.0875044330954552,-0.137103868524234,-0.0601710379123688,-0.0539031699299812,0.987257051467896,-90.9063510402317,-56.5092125859206,-38.8700111991433,-57.4934839100449,-45.2270077018743,-31.6375797431948,-67.5088782982101,-71.3290502026566,-46.9516833374439
19-Nov-2024 19:30:25,2,29,0.0455750033259392,0.392317346731822,0.0896619225541751,-0.165392901500066,-0.0675919771194458,-0.0273286948601405,0.983529210090637,-92.2134940188672,-54.1967628855209,-38.048529165332,-54.0111456902131,-43.3380451797246,-32.5735146688698,-72.6422597145842,-75.1407787405534,-52.0439063285426
19-Nov-2024 19:30:36,2,30,0.0584227251509825,0.396343417962392,0.0940314422051112,-0.184285195668538,-0.0739639550447464,0.0078750878572464,0.980054259300232,-94.5273783305105,-52.1898750137345,-37.1126703004661,-50.199318334639,-44.0138958899969,-32.9790250950332,-78.8379549737317,-80.1967501373369,-54.6394770979615
19-Nov-2024 19:31:04,2,31,0.0727716892957687,0.400327082475026,0.0947919875383377,-0.216521808505058,-0.0903649151325226,0.0389572483797868,0.971305751800537,-95.6628919756499,-50.8552062276414,-35.9339998511274,-46.1772355469361,-29.3073399840583,-34.5497477709524,-84.0524933114925,-84.030600104677,-58.1833739782203
19-Nov-2024 19:31:15,2,32,0.0843867575128873,0.406121921539307,0.103247237702211,-0.23690318663915,-0.101437639693419,0.0646838997801145,0.96405565738678,-97.9767762872932,-48.848318355855,-34.9981409862614,-42.3654081913621,-29.9831906943306,-34.9552581971157,-90.2481885706401,-89.0865715014605,-60.7789447476393
19-Nov-2024 19:31:50,2,33,0.093108602364858,0.410504410664241,0.105708188315233,-0.268950182199478,-0.119231693446636,0.0915392145514488,0.951351789633433,-99.4764752656845,-56.7025400269152,-34.3908763291591,-38.8984531197236,-40.8178380964972,-35.418374748157,-95.9533053690942,-96.3814821835223,-56.8736785724782
19-Nov-2024 19:32:00,2,34,0.105919635295868,0.416812123854955,0.110568459828695,-0.282673287391663,-0.129865192373594,0.123985545833906,0.94226241906484,-101.790359577328,-54.6956521551288,-33.4550174642931,-35.0866257641496,-41.4936888067695,-35.8238851743204,-102.149000628242,-101.437453580306,-59.4692493418972
19-Nov-2024 19:32:33,2,35,0.117354999482632,0.423771673440933,0.116626786192258,-0.307275905211767,-0.150808200240135,0.149407493074735,0.927639917532603,-102.497151222345,-59.0443190547656,-34.033455703309,-33.0222345505433,-29.0239378629891,-36.8581986629227,-108.399406657043,-105.137894619728,-67.0644016390261
19-Nov-2024 19:32:44,2,36,0.123912994066874,0.423193097114563,0.111870784560839,-0.296863987048467,-0.15538511077563,0.162025889754295,0.928156701723735,-96.6626704512487,-53.9829295796054,-31.2547217929516,-29.549686131662,-26.5435461352167,-35.3699636262593,-108.453399732264,-102.168209017762,-65.3315196652658
19-Nov-2024 19:33:17,2,37,0.127276052037875,0.422415105501811,0.112145790954431,-0.297495452562968,-0.16056110560894,0.187048616011937,0.922349965572357,-94.2996433468393,-39.1993174901569,-28.7831364345352,-23.2008557837646,-38.0403535804179,-22.8711301208154,-110.334748192312,-104.670758237116,-63.5484284553604
19-Nov-2024 19:33:27,2,38,0.135472709933917,0.421750571330388,0.103655969103177,-0.277643974622091,-0.164800484975179,0.199308593074481,0.925219249725342,-88.4651625757429,-34.1379280149967,-26.0044025241778,-19.7283073648833,-35.5599618526455,-21.382895084152,-110.388741267533,-101.701072635149,-61.8155464816001
19-Nov-2024 19:34:10,2,39,0.127957940101624,0.417044005791346,0.0970806534091632,-0.252937070528666,-0.147288475433985,0.219478192925453,0.930676257610321,-83.24140863799,-47.6904272326921,-25.9292428897909,-28.9176179814938,-19.5181697113601,-34.3393608130982,-110.756412035167,-101.392504443843,-61.0325598897672
19-Nov-2024 19:34:21,2,40,0.13565965294838,0.417079832156499,0.0928133244315783,-0.242066485683123,-0.151830054322879,0.233793382843335,0.929350368181864,-77.4069278668936,-42.6290377575319,-23.1505089794336,-25.4450695626125,-17.0377779835877,-32.8511257764348,-110.810405110389,-98.4228188418768,-59.2996779160069
19-Nov-2024 19:35:03,2,41,0.12935094833374,0.412791049480438,0.0899353295564651,-0.224663038055102,-0.133111952741941,0.269796484708786,0.926832048098246,-72.4028105124689,-45.5245926287997,-24.2735622070614,-26.4284506614771,-7.77668604905885,-33.1852411225762,-112.296237031817,-95.8836919452404,-57.8167436332103
19-Nov-2024 19:35:13,2,42,0.136525042851766,0.412919741868973,0.086147452890873,-0.215546450018883,-0.137107500433922,0.282801363865534,0.924534833431244,-66.5683297413725,-40.4632031536395,-21.494828296704,-22.9559022425958,-5.29629432128648,-31.6970060859128,-112.350230107038,-92.9140063432743,-56.08386165945
19-Nov-2024 19:36:05,2,43,0.131258626778921,0.40731322367986,0.0838932047287623,-0.18548203309377,-0.117056628068288,0.299536110957464,0.928532350063324,-61.299030678612,-42.0052858516936,-22.6919879553393,-25.2363185825874,-34.0005524901359,-30.5199462406519,-111.170142605362,-90.909600093973,-53.7259535311715
19-Nov-2024 19:36:16,2,44,0.135734134912491,0.410172535975774,0.0766298363606135,-0.155005297064781,-0.114475227395693,0.293040730555852,0.936480633417765,-59.0546466824122,-43.3456682254013,-23.5198614788418,-33.2756851180514,-36.3828843166856,-31.8687944905754,-111.714925999034,-95.2451945548761,-56.0514330982717
19-Nov-2024 19:36:52,2,45,0.145096542437871,0.412047795454661,0.077807775636514,-0.152699693044027,-0.115785457690557,0.307641152540843,0.93200509150823,-57.8428535403803,-25.4877866857158,-23.1106817868406,-30.841534032952,-34.6325410915462,-31.9482303362001,-112.167669104257,-97.4384286921116,-59.0393995881128
19-Nov-2024 19:37:03,2,46,0.14713870882988,0.414476050933202,0.0687911510467529,-0.117317303021749,-0.11000951329867,0.297737077871958,0.941003318627675,-55.5984695441805,-26.8281690594236,-23.9385553103431,-38.8809005684161,-37.014872918096,-33.2970785861236,-112.712452497929,-101.774023153015,-61.364879155213
19-Nov-2024 19:37:39,2,47,0.156061102946599,0.417051200071971,0.0651663864652316,-0.0906498402357101,-0.103138014177481,0.310925149917603,0.940463050206502,-53.0453809750647,-16.6194194764347,-23.4729022260937,-41.1585082935984,-38.1558672188011,-34.0112206338978,-114.411215747376,-104.288437452084,-65.3716021836836
19-Nov-2024 19:37:50,2,48,0.161031984289487,0.4204296986262,0.0572681598365307,-0.0561372302472591,-0.093753811220328,0.303618297974269,0.946506611506144,-50.8009969788649,-17.9598018501424,-24.3007757495962,-49.1978748290625,-40.5381990453508,-35.3600688838213,-114.955999141047,-108.624031912987,-67.6970817507838
19-Nov-2024 19:38:31,2,49,0.168070464332898,0.422506558895111,0.0554738613466422,-0.0248769927769899,-0.0778862431645393,0.310216188430786,0.947143487135569,-47.8772606962071,-40.7506182455017,-24.2568859692228,-51.8813619593857,-41.6248621089783,-35.2665640326701,-115.477772462607,-110.399036292973,-71.0881830485692
19-Nov-2024 19:38:41,2,50,0.1719771027565,0.426148082812627,0.0460501901805401,0.0123106204594175,-0.066135185956955,0.300622260570526,0.951367886861165,-45.6328767000074,-42.0910006192094,-25.0847594927253,-59.9207284948497,-44.007193935528,-36.6154122825936,-116.022555856278,-114.734630753876,-73.4136626156693
19-Nov-2024 19:39:16,2,51,0.175876215100288,0.428797103961309,0.0415764361619949,0.0497928082942963,-0.0447974242269993,0.297151223818461,0.952478365103404,-43.7988165605786,-28.9566000037431,-25.0267513642899,-65.4321553277434,-46.2666913806166,-36.5680839819798,-116.180834213894,-116.514930174321,-76.2719530481121
19-Nov-2024 19:39:27,2,52,0.177762820323308,0.432620898882548,0.0324204800029596,0.0848457043369611,-0.03259124259154,0.286071801185608,0.95388781229655,-41.5544325643788,-30.2969823774508,-25.8546248877924,-73.4715218632075,-48.6490232071664,-37.9169322319033,-116.725617607565,-120.850524635224,-78.5974326152123
19-Nov-2024 19:40:01,2,53,0.182666221261024,0.436751506725947,0.0279695459951957,0.122893108427525,-0.00474438834935427,0.282531146208445,0.951341660817464,-39.8152104965645,-23.5749732565715,-26.0895575853259,-80.4719185473863,-49.1699378429855,-38.8676922065582,-117.752148483209,-123.758471575898,-82.2393176149837
19-Nov-2024 19:40:12,2,54,0.184342193603516,0.441554927825928,0.0171863896151384,0.160086792707443,0.0112679553528627,0.268159554402033,0.949913545449575,-37.5708265003647,-24.9153556302792,-26.9174311088284,-88.5112850828504,-51.5522696695353,-40.2165404564817,-118.296931876881,-128.094066036801,-84.5647971820839
19-Nov-2024 19:40:46,2,55,0.183296490708987,0.444214783112208,0.0132474318146706,0.182591802875201,0.0344556202491124,0.23934311568737,0.952988954385122,-38.8790234683576,-20.7245422566934,-27.5238342193464,-95.5061666926718,-55.0288929007198,-41.5913445687709,-116.007589011538,-132.015836737589,-88.9734794655197
19-Nov-2024 19:40:57,2,56,0.185613893469175,0.449006706476212,0.00236539027343194,0.216307231783867,0.0526831092933814,0.224053873618444,0.948807414372762,-36.6346394721579,-22.0649246304011,-28.3517077428489,-103.545533228136,-57.4112247272695,-42.9401928186944,-116.55237240521,-136.351431198492,-91.2989590326199
19-Nov-2024 19:41:35,2,57,0.179315159718196,0.449876703818639,0.00556580116972327,0.208460655808449,0.0584088201324145,0.225857374072075,0.949800539016724,-40.4722471737211,-43.1476263487594,-29.2749522915598,-103.200761985286,-57.9877887038594,-43.252709846214,-118.243904056066,-139.935621669772,-80.3084415256565
19-Nov-2024 19:41:45,2,58,0.174779623746872,0.449958056211472,0.00533161942536632,0.186001820365588,0.0414268724620342,0.229233987132708,0.954535992940267,-46.058564393188,-42.9959259407647,-29.1839320467629,-101.278233205258,-64.6172069781318,-46.5522489425508,-120.527498836429,-137.951724021108,-79.3013226605252
19-Nov-2024 19:42:20,2,59,0.167435471216838,0.448894832531611,0.0134016640484333,0.160331156849861,0.0355480345586936,0.239314275979996,0.956952941417694,-48.8205268537031,-46.2614265959465,-33.7250441987199,-99.0945831938184,-64.020198103563,-44.983277004479,-122.215062052039,-143.101870432416,-72.5525044744779
19-Nov-2024 19:42:31,2,60,0.162972851594289,0.449106659491857,0.0100011254350344,0.142259267965953,0.0179896937062343,0.239901659886042,0.960148894786835,-54.40684407317,-46.1097261879517,-33.634023953923,-97.1720544137899,-70.6496163778355,-48.2828161008157,-124.498656832402,-141.117972783752,-71.5453856093466
19-Nov-2024 19:43:08,2,61,0.158228485782941,0.446649032831192,0.0135990196838975,0.111400159696738,-0.00275977916705112,0.249773562947909,0.961870876948039,-58.730983913161,-46.2416263115452,-36.9090699075031,-95.7939650180561,-72.9158210776873,-50.1980996799482,-126.634235830389,-140.451097165074,-77.5674170837572
19-Nov-2024 19:43:19,2,62,0.151920957366625,0.446527155240377,0.0099284569422404,0.0943841367959976,-0.0181681198378404,0.243663457036018,0.965085331598918,-64.3173011326279,-46.0899259035505,-36.8180496627062,-93.8714362380276,-79.5452393519598,-53.4976387762849,-128.917830610752,-138.46719951641,-76.560298218626
19-Nov-2024 19:43:50,2,63,0.143232901891073,0.443894896904627,0.0115231054524581,0.0636824727058411,-0.0394008152186871,0.248145285248756,0.965824035803477,-68.0725296623568,-32.20502576135,-38.9350625170978,-92.7461271501465,-82.0430508390219,-54.5300501140196,-131.202417499927,-136.541812882739,-77.4927545232656
19-Nov-2024 19:44:01,2,64,0.136223871509234,0.444168031215668,0.00716752413039406,0.0470971740782261,-0.0545292064547539,0.244165218869845,0.967053159077962,-73.6588468818237,-32.0533253533552,-38.844042272301,-90.823598370118,-88.6724691132944,-57.8295892103563,-133.48601228029,-134.557915234076,-76.4856356581343
19-Nov-2024 19:44:34,2,65,0.124142716328303,0.441258549690247,0.0061788493146499,0.0133416272078951,-0.0755963961283366,0.240743131438891,0.967548445860545,-78.7796197564216,-24.9600250782576,-41.2070385770983,-89.6746794361631,-92.7110839939617,-59.845564427392,-137.045103115059,-132.003273092909,-76.6733043778885
19-Nov-2024 19:44:44,2,66,0.116823192934195,0.442109610637029,0.00144491431613763,-0.004893100541085,-0.0868653650085131,0.234807480374972,0.968140443166097,-84.3659369758885,-24.8083246702629,-41.1160183323015,-87.7521506561346,-99.3405022682341,-63.1451035237287,-139.328697895422,-130.019375444245,-75.6661855127572
19-Nov-2024 19:45:16,2,67,0.112372041245302,0.441490852832794,-0.00795725254962842,0.0201744524141153,-0.0911984120806058,0.251291221380234,0.963394304116567,-79.3861525898777,-21.1239428307122,-40.144877463499,-91.8232923621833,-100.89208389549,-63.3729550555075,-140.914640114021,-126.405307205801,-73.2953731185041
19-Nov-2024 19:45:27,2,68,0.11221543053786,0.444046654303869,-0.0217883634070555,0.0692536408702532,-0.085677074889342,0.253293341398239,0.961096187432607,-73.0641403763015,-21.2103609247129,-40.1967283198995,-98.1326291451951,-102.914067219549,-64.3925885269369,-140.962834305417,-123.001611213609,-71.6021669318082
19-Nov-2024 19:45:58,2,69,0.100580016771952,0.442636666695277,-0.0304816567649444,0.114197422067324,-0.0843418290217717,0.266672426462173,0.953273971875509,-67.638242076508,-19.3363790519379,-40.1120833136985,-102.497868389725,-104.175849695206,-64.4913310285409,-142.454902510415,-118.517729098292,-70.1701576413337
19-Nov-2024 19:46:09,2,70,0.10170947710673,0.445510182778041,-0.0412614134450754,0.158603765567144,-0.0815047850211461,0.273982300360998,0.945058484872182,-61.3162298629318,-19.4227971459387,-40.1639341700989,-108.807205172737,-106.197833019264,-65.5109644999702,-142.503096701811,-115.1140331061,-68.4769514546378
19-Nov-2024 19:46:41,2,71,0.0920856758952141,0.445813129345576,-0.0500268012285233,0.205481045444806,-0.085628301401933,0.288728026549021,0.931172104676565,-55.2922746062469,-17.4790152565515,-40.4475370951986,-113.919493186508,-107.314715919122,-66.5201524864869,-144.098227900008,-111.845244052345,-67.9643437160526
19-Nov-2024 19:46:52,2,72,0.0919745082656542,0.449270608027776,-0.060918836047252,0.2474751551946,-0.0849227786064148,0.293213999271393,0.919548658529917,-48.9702623926706,-17.5654333505523,-40.4993879515991,-120.22882996952,-109.336699243181,-67.5397859579162,-144.146422091404,-108.441548060153,-66.2711375293568
19-Nov-2024 19:47:23,2,73,0.0832892884810766,0.452690710624059,-0.0721805910269419,0.304309930404027,-0.0957863261302312,0.305649747451146,0.897105729579926,-42.5722786575401,-17.1617514528591,-40.0671148423492,-126.914642367911,-111.206132355139,-68.3291966868892,-145.7180847862,-104.05530553718,-65.3182305667162
19-Nov-2024 19:47:34,2,74,0.0833289802074432,0.457536059617996,-0.082268858452638,0.348205079634984,-0.0943338240186373,0.306666437784831,0.880800811449687,-36.2502664439638,-17.2481695468598,-40.1189656987496,-133.223979150923,-113.228115679197,-69.3488301583186,-145.766278977597,-100.651609544988,-63.6250243800204
19-Nov-2024 19:48:07,2,75,0.0763941884040833,0.463184787829717,-0.0945622801780701,0.395587315162023,-0.108896838128567,0.304655971129735,0.859556198120117,-30.1902684696104,-16.5645376450136,-39.6287545723249,-139.721553741625,-116.073823897206,-72.4283522585197,-145.676207420693,-97.4316402874051,-63.2769678053521
19-Nov-2024 19:48:18,2,76,0.070087776084741,0.464856338500977,-0.0987976645429929,0.424062081178029,-0.104393462340037,0.28350084622701,0.853756793340047,-30.5824477693088,-16.8446657162267,-39.7968314150528,-146.126747240411,-113.0786241613,-70.9587651976882,-140.252825357743,-95.3361473032596,-62.2572341204007
19-Nov-2024 19:48:50,2,77,0.0489002093672752,0.460905051231384,-0.0997464030981064,0.463334149122238,-0.0970642253756523,0.217849620183309,0.853487896919251,-31.4056341886186,-17.7147687895164,-40.893877266368,-153.076059643042,-112.370286872369,-68.7941224512426,-132.735310420644,-90.7825176864186,-59.8100752414631
19-Nov-2024 19:49:00,2,78,0.0428508616983891,0.462233193715413,-0.101859681804975,0.490133579572042,-0.0899678577979406,0.188309077421824,0.846294569969177,-31.797813488317,-17.9948968607295,-41.0619541090959,-159.481253141827,-109.375087136463,-67.324535390411,-127.311928357694,-88.6870247022731,-58.7903415565116
19-Nov-2024 19:49:40,2,79,0.0312366526573896,0.458203480641047,-0.0893202508489291,0.531796173254649,-0.0677218735218048,0.136420422792435,0.833064270019531,-32.8554963478211,-53.0700124329809,-42.0695154561175,-166.983506092536,-105.348318624045,-65.6574204867725,-121.66647985767,-85.2124634017798,-56.531895274567
19-Nov-2024 19:49:51,2,80,0.0309918787330389,0.460770481824875,-0.0933056354522705,0.527268548806508,-0.0639646326502164,0.120006959140301,0.838745907942454,-37.6666634629016,-53.2145025493182,-42.1562095259199,-169.13293704519,-109.580698963175,-67.788059667971,-120.275454443973,-91.1904070376832,-59.5353161041524
19-Nov-2024 19:50:26,2,81,0.0292376441260179,0.464061212539673,-0.101467894017696,0.523195334275564,-0.0567994078000387,0.0978669101993243,0.844667148590088,-41.2355823578849,-54.6314864161748,-42.8876458478692,-171.230897723805,-114.647294914048,-70.4199349277659,-119.59839581174,-97.1538165154127,-53.5193806352414
19-Nov-2024 19:50:37,2,82,0.0306734928240379,0.466739586989085,-0.10301263431708,0.514673936367035,-0.0493934551874797,0.0793693318963051,0.852274334430695,-46.0467494729653,-54.7759765325121,-42.9743399176716,-173.380328676459,-118.879675253177,-72.5505741089644,-118.207370398044,-103.131760151316,-56.5228014648268
19-Nov-2024 19:51:13,2,83,0.0356935399274031,0.468291872739792,-0.10456608235836,0.512786889076233,-0.0258076683928569,0.0486385921637217,0.856748429934184,-49.1117924779972,-55.7817135241091,-44.4334051135475,-175.354024492093,-121.729163398179,-75.9818313294611,-116.423328375079,-105.952436708132,-64.9915441451639
19-Nov-2024 19:51:23,2,84,0.0380316679676374,0.471967083215714,-0.108716911574205,0.508327881495158,-0.0166124327729146,0.0296114972482125,0.860494017601013,-53.9229595930777,-55.9262036404464,-44.5200991833499,-177.503455444747,-125.961543737308,-78.1124705106596,-115.032302961382,-111.930380344036,-67.9949649747493
19-Nov-2024 19:51:59,2,85,0.0439695579310258,0.474559555451075,-0.111521059771379,0.49340885480245,0.00372123555280268,0.00226868716999888,0.869786604245504,-59.1360646531338,-53.7263171944135,-44.092978816189,-179.340018828891,-129.277477979374,-82.0934187115072,-114.044769243052,-115.654690440396,-75.2310467297105
19-Nov-2024 19:52:10,2,86,0.0464297041296959,0.478420635064443,-0.115217774609725,0.48715765674909,0.0116162446017067,-0.0135290037840605,0.873131974538167,-63.9472317682143,-53.8708073107508,-44.1796728859914,-181.489449781545,-133.509858318503,-84.2240578927057,-112.653743829356,-121.632634076299,-78.2344675592959
19-Nov-2024 19:52:41,2,87,0.0517613110442956,0.482033572594325,-0.11961568047603,0.470478429396947,0.0344206889470418,-0.0444137255350749,0.88062063852946,-67.9843678557826,-37.4681091459029,-43.3344597373121,-183.107446949944,-137.959015609101,-87.5048515837287,-111.164464263342,-126.333760942431,-82.9042188515692
19-Nov-2024 19:52:52,2,88,0.052847263465325,0.479259542624156,-0.116938682893912,0.456596998373667,0.0329460486769676,-0.040163017064333,0.888155726591746,-67.5356195104801,-35.8756003879802,-42.3789544825585,-176.715670582795,-136.446650956353,-86.5894183815626,-107.957352971362,-120.684493275468,-79.9203341422955
19-Nov-2024 19:53:27,2,89,0.0446421874066194,0.474271192153295,-0.120558342337608,0.414148861169815,0.0230432599782944,-0.0477791724105676,0.908662136395772,-69.0248556514215,-27.5094974894649,-40.957495618564,-169.083177323518,-140.367674779339,-85.2740624343087,-104.776114603224,-121.896817223619,-76.7946146643658
19-Nov-2024 19:53:38,2,90,0.045501663784186,0.471951520442963,-0.119206015765667,0.39705726703008,0.0208395867298047,-0.0405103298525016,0.91666251818339,-68.576107306119,-25.9169887315422,-40.0019903638104,-162.691400956369,-138.855310126591,-84.3586292321425,-101.569003311244,-116.247549556656,-73.8107299550922
19-Nov-2024 19:54:12,2,91,0.032918260494868,0.464169440666835,-0.119460206727187,0.367156330744425,0.00751127023249865,-0.0524415522813797,0.928649405638377,-68.1213512039385,-18.0126829033233,-40.5385083044364,-156.729266143157,-139.384639711711,-82.4182346574325,-97.6248284811842,-113.654077697251,-70.2309278614905
19-Nov-2024 19:54:22,2,92,0.0344387650489807,0.461374805370967,-0.117882625758648,0.348441477616628,0.00361377345398068,-0.0459936286012332,0.936194455623627,-67.672602858636,-16.4201741454006,-39.5830030496828,-150.337489776008,-137.872275058963,-81.5028014552663,-94.4177171892042,-108.004810030288,-67.2470431522169
19-Nov-2024 19:54:55,2,93,0.0218095611780882,0.452439544598262,-0.108799176414808,0.321972684065501,-0.00963725956777732,-0.0520813827713331,0.945266234874725,-67.8208506348945,-12.1967668523298,-39.673509392619,-144.160534185827,-138.280757525148,-73.6998875668283,-91.4420741281844,-103.508440267104,-63.0651997507792
19-Nov-2024 19:55:06,2,94,0.0230354300389687,0.449868647257487,-0.106986803313096,0.302790041764577,-0.0138539319237073,-0.0436530080934366,0.951956252257029,-67.372102289592,-10.6042580944071,-38.7180041378654,-137.768757818678,-136.768392872401,-72.7844543646621,-88.2349628362044,-97.8591726001409,-60.0813150415056
19-Nov-2024 19:55:39,2,95,0.00627544264619549,0.440435085693995,-0.10197477688392,0.274103583892186,-0.0273881677538157,-0.0542581575612227,0.959777669111888,-66.92185200507,-7.92130006891029,-39.7105046819568,-129.759391840013,-134.71645177912,-72.25028081936,-84.8435856597045,-91.6613538850674,-55.9734509861499
19-Nov-2024 19:55:50,2,96,0.00714035456379255,0.43731716076533,-0.0997642194231351,0.249270790815353,-0.0327564902603626,-0.0434374563395977,0.966904513041178,-66.4731036597675,-6.32879131098759,-38.7549994272032,-123.367615472864,-133.204087126372,-71.3348476171939,-81.6364743677244,-86.0120862181047,-52.9895662768763
19-Nov-2024 19:56:24,2,97,-0.0115742698311806,0.431964729229609,-0.100920729835828,0.238451537489891,-0.041987518966198,-0.0610693434874217,0.968322515487671,-65.5736043448552,-4.49105791927786,-38.5484970718721,-119.692044299958,-131.421934253357,-72.7100442434597,-78.7122301334844,-79.7885430270865,-49.4436918945617
19-Nov-2024 19:56:34,2,98,-0.0126406778891881,0.429392027854919,-0.0991886327664057,0.218282904227575,-0.046905001749595,-0.053407072275877,0.97329349120458,-65.1248559995527,-2.89854916135516,-37.5929918171185,-113.300267932809,-129.90956960061,-71.7946110412935,-75.5051188415043,-74.1392753601238,-46.459807185288
19-Nov-2024 19:57:09,2,99,-0.0294231589883566,0.42393520673116,-0.096401143570741,0.197457604606946,-0.0495564686755339,-0.0684713025887807,0.976660839716593,-64.8257321694454,-2.53342808653895,-37.1619880120762,-108.641594162781,-127.887310837728,-71.8744927533434,-73.0394410783943,-65.7278699311334,-42.6699276394939
19-Nov-2024 19:57:19,2,100,-0.0352412062386672,0.421464995543162,-0.0942504112919172,0.17719750503699,-0.0549250903228919,-0.0624995758136113,0.980651867389679,-64.3769838241429,-0.940919328616253,-36.2064827573225,-102.249817795632,-126.374946184981,-70.9590595511772,-69.8323297864142,-60.0786022641706,-39.6860429302202
19-Nov-2024 19:58:23,3,1,0.00381680748735865,0.322361207008362,0.0446784434219201,-0.0141812192897002,-0.0350129840274652,0.0128687265018622,0.999203383922577,-7.42500000000001,-0.075,-4.65000000000001,-7.12500000000001,-8.925,-5.32500000000001,-10.65,-4.275,-7.27500000000001
19-Nov-2024 19:58:33,3,2,-0.00687481214602788,0.325280888875326,0.0374056989947955,-0.02131101389726,-0.0334226878980796,-0.00914542693644762,0.999172246456146,-12.7217955485416,2.61373217366517,-2.97202669285563,-10.0322339478319,-15.6925232957303,-8.37516033648582,-8.58357317273264,-0.93887826840233,-5.27332696104141
19-Nov-2024 19:58:59,3,3,-0.0089123073965311,0.326227094729741,0.0296672124415636,-0.0271532872070869,-0.0312812278668086,-0.0193379281709592,0.998954606056213,-14.8310910970832,4.81496434733033,0.505946614288752,-9.45196789566388,-21.8225465914607,-8.83782067297163,-10.2671463454652,-2.21525653680466,-8.10915392208277
19-Nov-2024 19:59:10,3,4,-0.0209499803682168,0.329908595482508,0.0224493502328793,-0.0334696913758914,-0.0282635468989611,-0.040510992705822,0.998218329747518,-20.1278866456248,7.5036965209955,2.18391992143313,-12.3592018434958,-28.590069887191,-11.8879810094574,-8.20071951819789,1.12086519479302,-6.10748088312416
19-Nov-2024 19:59:47,3,5,-0.0250604141503572,0.334344305594762,0.0181395595272382,-0.00594734518478314,-0.0294778707126776,-0.0537181129058202,0.998103260993958,-22.4300474483892,-16.3800662786164,-8.79666575931581,-21.0245025104976,-31.1640763005991,-17.6136884971044,-12.1359125465102,-5.21468556232642,-8.20146054262683
19-Nov-2024 19:59:58,3,6,-0.0201746643831333,0.338211190700531,0.00985567178577185,0.0270812433212996,-0.0314100747307142,-0.0564393428464731,0.997544332345327,-21.2259582511535,-16.3950790782284,-8.82725144006479,-28.6585531774993,-33.6068327140071,-18.8581459847514,-15.1711055748226,-10.2189863194459,-10.7266902021295
19-Nov-2024 20:00:31,3,7,-0.0193752488742272,0.341645961999893,0.00516603253781796,0.0670691683888435,-0.0333473580578963,-0.0528223370512327,0.995790906747182,-20.7999940539178,-20.3944668778404,-11.9328371208137,-36.958228844501,-35.8902141274152,-22.1182284723984,-18.131298603135,-12.1389120765653,-13.6362948616322
19-Nov-2024 20:00:42,3,8,-0.0122406555960576,0.346340304613113,-0.00251630012256404,0.103860073784987,-0.0326626271009445,-0.0559694074094296,0.992478561401367,-19.5959048566822,-20.4094796774524,-11.9634228015627,-44.5922795115028,-38.3329705408232,-23.3626859600454,-21.1664916314474,-17.1432128336848,-16.1615245211349
19-Nov-2024 20:01:15,3,9,-0.0116359927381078,0.349745007356008,-0.00868660838653644,0.143430102864901,-0.0326512428621451,-0.0622308564682802,0.987162148952484,-18.7058781594465,-22.9416799770644,-13.9815084823116,-52.4091426785045,-40.2460394542313,-26.0649559476924,-22.1391846597598,-21.0553260908043,-19.2539416806376
19-Nov-2024 20:01:26,3,10,-0.00562787565092246,0.355095491806666,-0.0180757721265157,0.177045418818792,-0.0294752733161052,-0.0655031740665436,0.981578067938487,-17.5017889622108,-22.9566927766764,-14.0120941630606,-60.0431933455063,-42.6887958676393,-27.3094134353393,-25.1743776880722,-26.0596268479237,-21.7791713401403
19-Nov-2024 20:01:56,3,11,-0.00330866267904639,0.359461599588394,-0.0215753911683957,0.210822750131289,-0.0236670746157567,-0.0842478781938553,0.973599505424499,-18.5547310149751,-8.1802993262886,-16.4614298438095,-68.368650262508,-44.7917085310474,-29.6577771729863,-23.8033207163846,-30.1428338550432,-25.9379947496429
19-Nov-2024 20:02:06,3,12,0.00233135675080121,0.364555495977402,-0.0298403607060512,0.240032319227854,-0.0177283906688293,-0.0859941174586614,0.96678603887558,-17.3506418177395,-8.19531212590064,-16.4920155245585,-76.0027009295098,-47.2344649444554,-30.9022346606333,-26.838513744697,-35.1471346121626,-28.4632244091456
19-Nov-2024 20:02:37,3,13,0.00555979556714495,0.369053614139557,-0.0292052570730448,0.259011761347453,-0.0119410455226898,-0.097955222427845,0.960820023218791,-20.8750682455037,-0.214621800512744,-18.4819762053075,-83.6824547215115,-49.1322994828635,-32.5486452732803,-28.2705817730094,-39.7658884942821,-32.2552509436483
19-Nov-2024 20:02:48,3,14,0.00338423036349316,0.371470280488332,-0.0249547656625509,0.267206263542175,-0.0164120035866896,-0.0836027552684148,0.959865657488505,-22.536834510223,-3.70975452171019,-20.5790558380259,-87.0298607424253,-46.5038503068575,-31.583933957397,-35.1486622360473,-37.0115691457562,-31.2276045415051
19-Nov-2024 20:03:26,3,15,0.00112789918979009,0.37342810233434,-0.0212981871018807,0.284057545661926,-0.0239251165340344,-0.0549465976655483,0.956932497024536,-20.9378585874422,-32.9070356804075,-21.7808229707444,-89.500118325839,-48.4779401933515,-30.5951992040138,-42.0501801990851,-36.8394763597304,-30.0833565768619
19-Nov-2024 20:03:36,3,16,0.000737995968665928,0.376634196440379,-0.017090430110693,0.286650476853053,-0.0290149414290984,-0.0283684276044369,0.957175477345784,-22.5996248521615,-36.402168401605,-23.8779026034629,-92.8475243467527,-45.8494910173456,-29.6304878881306,-48.928260662123,-34.0851570112045,-29.0557101747187
19-Nov-2024 20:04:10,3,17,0.000475451020368685,0.380281273523966,-0.0206630542874336,0.293199771642685,-0.0339014651874701,-0.00941894513865312,0.955403542518616,-24.1310200231307,-25.2233753415525,-24.2523259861814,-96.0563561489165,-50.3223113725895,-31.8037648534973,-54.8430598751609,-37.2719509439286,-27.8197629913255
19-Nov-2024 20:04:21,3,18,0.000593594318100562,0.384239902098974,-0.0192006380607684,0.300793063640594,-0.0353961698710918,0.00766318362827102,0.953001530965169,-25.79278628785,-28.7185080627499,-26.3494056188998,-99.4037621698302,-47.6938621965836,-30.8390535376141,-61.7211403381988,-34.5176315954027,-26.7921165891823
19-Nov-2024 20:04:57,3,19,-0.00754550037284692,0.383169045050939,-0.0222836393862963,0.302412341038386,-0.0393440070251624,-0.0165636165688435,0.95222084124883,-26.0641350365028,-38.0782025565899,-24.9310719245789,-99.7595784284422,-47.6681572269486,-33.2645435490555,-56.6213996807047,-38.2202715475441,-23.6236735927621
19-Nov-2024 20:05:08,3,20,-0.0138448874776562,0.383238315582275,-0.0275296360254288,0.29929204583168,-0.0413349198798339,-0.0346007391810417,0.95263766447703,-27.4506693320305,-36.024859941055,-23.699066355258,-98.0096817964291,-54.5918174916885,-36.521039419872,-50.6532996482107,-37.6023548590605,-23.1093809869668
19-Nov-2024 20:05:43,3,21,-0.0223956250896056,0.382523520787557,-0.0355153354505698,0.289469383160273,-0.0417063822348913,-0.0717642913262049,0.953581651051839,-29.1796108541208,-36.3030358802077,-22.898896723437,-98.8126416097286,-57.665795139241,-38.312032361001,-45.9443793032166,-33.5197164908895,-25.843013185859
19-Nov-2024 20:05:54,3,22,-0.0296102424462636,0.384180291493734,-0.0485581390559673,0.290392285585403,-0.0411189978321393,-0.0931004852056503,0.951479824384054,-30.5661451496485,-34.2496932646728,-21.6668911541161,-97.0627449777155,-64.589455403981,-41.5685282318175,-39.9762792707226,-32.9017998024059,-25.3287205800638
19-Nov-2024 20:06:28,3,23,-0.0408181416491667,0.382703500986099,-0.0563717064758142,0.273395816485087,-0.0358725214997927,-0.124620221555233,0.953119993209839,-30.5488830584575,-33.9621099264817,-21.8508035535452,-93.3642765683587,-69.0632743601272,-44.1672726377903,-33.6627690819785,-30.1765222740786,-24.7133903766122
19-Nov-2024 20:06:39,3,24,-0.0468119124571482,0.3852596839269,-0.0669846028089523,0.266988674799601,-0.0329993553459644,-0.135884602864583,0.953500648339589,-31.9354173539853,-31.9087673109468,-20.6187979842242,-91.6143799363457,-75.9869346248672,-47.4237685086068,-27.6946690494845,-29.558605585595,-24.199097770817
19-Nov-2024 20:07:17,3,25,-0.0540929704904556,0.386892745892207,-0.0727772628267606,0.250268723567327,-0.0316374100744724,-0.134401499231656,0.958280189832052,-33.2200534561537,-32.763304334084,-21.8197513992783,-89.4151974156607,-82.2106742353103,-50.2013886470014,-31.7538639388653,-26.7620084771896,-24.1592863661936
19-Nov-2024 20:07:28,3,26,-0.060726739714543,0.391539730628332,-0.0857253983616829,0.245792826016744,-0.0289893000076214,-0.140294851859411,0.958677701155345,-34.6065877516814,-30.7099617185491,-20.5877458299573,-87.6653007836477,-89.1343345000502,-53.4578845178179,-25.7857639063713,-26.1440917887061,-23.6449937603983
19-Nov-2024 20:08:06,3,27,-0.0648227860530217,0.391192469994227,-0.0773349056641261,0.205221543709437,-0.0279134144385656,-0.137490712602933,0.968607918421427,-40.1579684735696,-34.1840230673593,-22.7438973815644,-85.9075387782496,-91.1325317863634,-52.5971367530202,-33.355826276446,-18.0233402370138,-22.771139984801
19-Nov-2024 20:08:17,3,28,-0.0709470649560293,0.391446220874786,-0.066883111000061,0.176436208685239,-0.0220319770276546,-0.160166200995445,0.970943705240885,-47.3352982921374,-37.7041445968335,-24.4335694409839,-84.6744197171874,-89.280689399825,-51.6008268544335,-30.4372411855834,-14.7419288952825,-21.0600456086178
19-Nov-2024 20:08:55,3,29,-0.0728884607553482,0.389954485495885,-0.0551147821048895,0.144673784573873,-0.010876227542758,-0.188386738300323,0.971319544315338,-53.8496535623655,-38.3512360359755,-24.9314812464972,-84.3789791839572,-89.1288668497124,-50.8972980227413,-29.6879798251895,-9.04084744857067,-22.9925715327275
19-Nov-2024 20:09:05,3,30,-0.0783513377110163,0.390842616558075,-0.0446002262334029,0.117017556230227,-0.00812771817048391,-0.205915550390879,0.971514097849528,-61.0269833809333,-41.8713575654497,-26.6211533059167,-83.1458601228951,-87.277024463174,-49.9009881241545,-26.7693947343269,-5.75943610683932,-21.2814771565442
19-Nov-2024 20:09:44,3,31,-0.0762189611792564,0.389198184013367,-0.0329801266392072,0.0730113546053568,-0.000486398453358561,-0.217736147840818,0.973272895812988,-66.7478259253313,-42.6799640497577,-26.8899452383832,-81.3315803257489,-86.3501919948485,-49.576068759015,-29.1354715086988,-1.26818971261774,-23.8671929305075
19-Nov-2024 20:09:54,3,32,-0.0824809898932775,0.391000612576803,-0.0228097710758448,0.0470116138458252,0.00204836322615544,-0.236262241005898,0.970549285411835,-73.9251557438991,-46.2000855792319,-28.5796172978027,-80.0984612646867,-84.4983496083102,-48.5797588604283,-26.2168864178362,2.01322162911361,-22.1560985543242
19-Nov-2024 20:10:34,3,33,-0.088593083123366,0.392076243956884,-0.0151560481016835,0.0201562790820996,0.0128084022551775,-0.283647837241491,0.958631110191345,-80.524241925382,-46.714449586123,-28.8088492937457,-81.4247618355825,-82.1340121808782,-47.9941442285652,-7.79063225959089,-25.9754495029097,-10.9684092532143
19-Nov-2024 20:10:44,3,34,-0.0966185415784518,0.394966969887416,-0.00479665088156859,-0.00620338932300607,0.0154492944478989,-0.306972207625707,0.951572787761688,-87.7015717439498,-50.2345711155972,-30.4985213531652,-80.1916427745203,-80.2821697943399,-46.9978343299784,-4.87204716872828,-22.6940381611784,-9.25731487703111
19-Nov-2024 20:11:17,3,35,-0.092527548968792,0.394346523284912,0.00649373944227894,-0.0557984086374442,0.0221814269820849,-0.319816003243128,0.94557511806488,-96.7647797439752,-39.3518138837799,-30.0329733808465,-77.2382335294372,-78.6990798873547,-45.7568720647535,5.7253724558257,-26.4976680563247,-2.50792303838456
19-Nov-2024 20:11:28,3,36,-0.0999782919883728,0.39946583310763,-0.00383464728171627,-0.0272692364950975,0.0284025106579065,-0.341510945558548,0.939052700996399,-97.9202388815675,-44.3323493515441,-32.5419963046185,-83.8064980385247,-82.4843256582925,-47.6682501401123,5.46279979736738,-26.6852199552235,-2.62045417772384
19-Nov-2024 20:12:12,3,37,-0.0954852273066839,0.40261758963267,-0.00656674578785896,-0.0167358079304298,0.0296415397276481,-0.335442733764648,0.941445438067118,-97.5436371098885,-53.7364454386625,-32.7734092125213,-88.1646174556018,-86.4789476690069,-50.507302032152,-23.6603555942454,-7.09029247256101,-26.1638365858313
19-Nov-2024 20:12:23,3,38,-0.103999629616737,0.4076373954614,-0.0134836244707306,0.0089288075764974,0.0313603196293116,-0.345650154352188,0.937796763579051,-98.6990962474808,-58.7169809064267,-35.2824321362933,-94.7328819646893,-90.2641934399446,-52.4186801075107,-23.9229282527037,-7.27784437145981,-26.2763677251706
19-Nov-2024 20:12:59,3,39,-0.102099240819613,0.410765806833903,-0.0153705729171634,0.0286460409561793,0.0301865798731645,-0.352790192763011,0.934776608149211,-99.0135249304375,-60.659296683868,-36.4276500521307,-100.946073927772,-92.6541273307707,-54.2688950912099,-25.8657922777395,2.42584342042204,-28.1293244988941
19-Nov-2024 20:13:10,3,40,-0.114504309991995,0.417125980059306,-0.0172266706824303,0.0527671799063683,0.0256909109652042,-0.365864092111588,0.928815933068593,-100.16898406803,-65.6398321516322,-38.9366729759027,-107.514338436859,-96.4393731017085,-56.1802731665687,-26.1283649361978,2.23829152152325,-28.2418556382334
19-Nov-2024 20:13:46,3,41,-0.113380531966686,0.420411757628123,-0.0189935078223546,0.0680508593718211,0.0238053720444441,-0.373480902115504,0.924832093715668,-102.028927978304,-67.6012577742349,-40.9137933957074,-113.155066672944,-97.9519629325904,-58.4360696960977,-27.9810832779449,6.99635946801478,-28.6245995947648
19-Nov-2024 20:13:56,3,42,-0.123961379627387,0.427239050467809,-0.0226319304356972,0.0917648270726204,0.02042980628709,-0.386800044775009,0.91735901037852,-103.184387115896,-72.5817932419991,-43.4228163194793,-119.723331182032,-101.737208703528,-60.3474477714565,-28.2436559364032,6.80880756911598,-28.7371307341041
19-Nov-2024 20:14:33,3,43,-0.126084760824839,0.432027417421341,-0.0264751361062129,0.120046465098858,0.0170016425351302,-0.399609643220901,0.908631908893585,-104.16708863983,-75.0777737871826,-46.4158879912677,-126.127827554618,-104.311126504438,-63.1810350739003,-29.2263014365059,9.09406559291235,-29.4347682820395
19-Nov-2024 20:14:43,3,44,-0.137357222040494,0.439418123165766,-0.0291227606435617,0.140493816137314,0.0122344837213556,-0.413290194670359,0.899612696965535,-105.322547777422,-80.0583092549468,-48.9249109150396,-132.696092063705,-108.096372275376,-65.0924131492591,-29.4888740949642,8.90651369401355,-29.5472994213788
19-Nov-2024 20:15:21,3,45,-0.144383543729782,0.446498821179072,-0.0345491011937459,0.170461845397949,0.00710592375447353,-0.435220462083817,0.884010986487071,-106.766628108185,-82.5215672614206,-51.5259582128198,-139.032472504542,-111.5759540613,-67.0148958381604,-7.91148317424432,-35.419633243538,-14.802383765016
19-Nov-2024 20:15:32,3,46,-0.142343188325564,0.445963438351949,-0.0229430623352528,0.153892084956169,0.00138104655003796,-0.43685734073321,0.886268031597137,-110.46238503097,-85.3528122921769,-53.1665051948241,-135.892917966546,-106.508840231268,-64.7062633897709,-12.2243067055391,-39.2207192411713,-16.9278512304588
19-Nov-2024 20:16:03,3,47,-0.145467154184977,0.444188471635183,-0.00597999418775241,0.124002870420615,-0.0114823524529735,-0.452669707934062,0.882939187685649,-115.427452550341,-87.6004185922881,-53.3530643638324,-135.412421394424,-105.93889440873,-61.8031832481526,-5.84214844724486,-35.1661027581307,-8.32459529805056
19-Nov-2024 20:16:14,3,48,-0.142185882727305,0.443731411298116,0.00274545998933415,0.112136632204056,-0.0149566390862068,-0.453220518430074,0.884190491835276,-119.123209473126,-90.4316636230444,-54.9936113458367,-132.272866856427,-100.871780578699,-59.4945507997631,-10.1549719785397,-38.967188755764,-10.4500627634933
19-Nov-2024 20:16:42,3,49,-0.144065774480502,0.441798452536265,0.0266943058619897,0.0790166815121969,-0.0422424177328746,-0.46510128180186,0.880711515744527,-121.653621694204,-93.4210892884781,-55.4571644213431,-130.012841301368,-98.0532507524138,-52.3136945047592,-8.89530461503997,-34.3404235130601,-7.4361685300106
19-Nov-2024 20:16:53,3,50,-0.140362206101418,0.441694126526515,0.0374030406276385,0.0635742088158925,-0.0483457006514072,-0.468824678659439,0.879672928651174,-125.34937861699,-96.2523343192344,-57.0977114033473,-126.873286763371,-92.9861369223824,-50.0050620563697,-13.2081281463348,-38.1415095106933,-9.56163599545336
19-Nov-2024 20:17:27,3,51,-0.141268520553907,0.440424172083537,0.0536651281019052,0.0242259722203016,-0.0655897205074628,-0.466228520870209,0.881896869341532,-128.387463188921,-99.5376696673294,-57.7747614321027,-123.798496716843,-87.7683150942243,-49.910317684673,-24.8597062302323,-27.9036698881581,-31.0924226114332
19-Nov-2024 20:17:38,3,52,-0.133820199966431,0.439759848515193,0.067133355140686,0.00736161802584926,-0.0739314357439677,-0.45243775844574,0.888695669174194,-132.083220111707,-102.368914698086,-59.4153084141069,-120.658942178846,-82.7012012641929,-47.6016852362834,-29.1725297615271,-31.7047558857914,-33.217890076876
19-Nov-2024 20:18:09,3,53,-0.133891784151395,0.439261903365453,0.078919484714667,-0.0121203045671185,-0.0858829056223234,-0.452842460076014,0.887361804644267,-133.725140859065,-104.452204887511,-61.7741069194867,-119.951769886584,-78.3087334350982,-46.9999968262403,-27.6297305691233,-41.6863790733402,-24.6460171175874
19-Nov-2024 20:18:19,3,54,-0.127249782284101,0.439642534653346,0.0895021637280782,-0.0243939034640789,-0.0924447193741798,-0.44585883418719,0.889982489744822,-137.420897781851,-107.283449918268,-63.414653901491,-116.812215348587,-73.2416196050669,-44.6913643778507,-31.9425541004181,-45.4874650709735,-26.7714845830302
19-Nov-2024 20:18:51,3,55,-0.129547649621963,0.441489084561666,0.100105904042721,-0.0672378361225128,-0.0988062381744385,-0.441723322868347,0.88915513753891,-141.814736616923,-109.140717528359,-66.614326645183,-114.588851933457,-73.0118287755038,-45.5612039486344,-33.4025662698637,-45.1788196635646,-23.6232818361073
19-Nov-2024 20:19:01,3,56,-0.122435923417409,0.442590647935867,0.112906964123249,-0.0856854622562726,-0.104771234591802,-0.429728657007217,0.892756565411886,-145.510493539708,-111.971962559115,-68.2548736271873,-111.449297395461,-67.9447149454724,-43.2525715002448,-37.7153898011585,-48.9799056611979,-25.7487493015501
19-Nov-2024 20:19:36,3,57,-0.121600577235222,0.443662810325623,0.12320148597161,-0.136986338098844,-0.103428954879443,-0.413505691289902,0.894175755977631,-149.330291418637,-114.466218879538,-70.6749834900355,-106.667838418898,-69.7962626156751,-46.1331750614418,-41.0518076515287,-49.8261259563101,-35.28738166081
19-Nov-2024 20:19:47,3,58,-0.115032765765985,0.446246123313904,0.134885054826736,-0.153882013758024,-0.109538408617179,-0.401328221956889,0.896246222654978,-153.026048341422,-117.297463910295,-72.3155304720397,-103.528283880901,-64.7291487856438,-43.8245426130523,-45.3646311828235,-53.6272119539434,-37.4128491262527
19-Nov-2024 20:20:23,3,59,-0.11280309309562,0.44750625093778,0.14024363954862,-0.199464410543442,-0.101087815562884,-0.379321622848511,0.897836482524872,-156.483825742279,-119.060214585885,-74.4208588944659,-99.792777123621,-67.6213657057295,-47.035528169456,-50.464251873656,-54.0758651003161,-39.419899038604
19-Nov-2024 20:20:34,3,60,-0.10391069004933,0.450133216381073,0.151414474844933,-0.222106193502744,-0.106510225435098,-0.366896335283915,0.897057108084361,-160.179582665064,-121.891459616641,-76.0614058764702,-96.6532225856243,-62.5542518756981,-44.7268957210665,-54.7770754049508,-57.8769510979494,-41.5453665040468
19-Nov-2024 20:21:12,3,61,-0.104256281256676,0.451942123969396,0.154995490113894,-0.260083685318629,-0.092939268052578,-0.353021923700968,0.893920759359995,-164.056349826886,-124.563457469814,-78.9843435786855,-93.590691937986,-67.0918034207257,-47.5030722750735,-58.7332975160145,-59.4768206699524,-42.4116251929439
19-Nov-2024 20:21:22,3,62,-0.0909931480884552,0.447542583942413,0.156931579113007,-0.269952245553335,-0.0916550949215889,-0.324613753954569,0.901859780152639,-157.62986632018,-123.656202963604,-78.3969767203301,-86.3427652673722,-65.754407368222,-46.7006346435713,-60.818183893455,-63.415745752043,-44.2473481287388
19-Nov-2024 20:21:53,3,63,-0.079132816195488,0.443135009209315,0.171825295686722,-0.272039067745209,-0.091272845864296,-0.272156753142675,0.918474149703979,-150.993887932992,-127.469324868603,-76.9508052220802,-79.8083505419375,-43.2693440032476,-43.2656015132675,-63.17476956078,-69.0290626213184,-41.4034666762609
19-Nov-2024 20:22:04,3,64,-0.0650573968887329,0.441786237557729,0.180780470371246,-0.287423924605052,-0.093883261581262,-0.240557634830475,0.922336916128794,-144.567404426286,-126.562070362393,-76.3634383637249,-72.5604238713237,-41.9319479507439,-42.4631638817653,-65.2596559382205,-72.967987703409,-43.2391896120558
19-Nov-2024 20:22:36,3,65,-0.0522508809963862,0.439275640249252,0.188129499554634,-0.301800155639648,-0.0912405595183372,-0.200770007570585,0.927514557043711,-143.211173479339,-122.990004061787,-75.6466691854223,-65.9692531732995,-31.6707182420048,-40.2694285008622,-67.6303919606032,-75.344108679092,-47.5351103537143
19-Nov-2024 20:22:47,3,66,-0.0409453203280767,0.438971275091171,0.195108936230342,-0.313968622684479,-0.0917259097099304,-0.173916800816854,0.928850301106771,-136.784689972633,-122.082749555577,-75.0593023270669,-58.7213265026856,-30.3333221895011,-39.46699086936,-69.7152783380438,-79.2830337611825,-49.3708332895092
19-Nov-2024 20:23:24,3,67,-0.0221899726738532,0.430902347962062,0.185089742143949,-0.304452576239904,-0.0928971861799558,-0.142413068811099,0.937228528658549,-133.764077243517,-116.415868733844,-72.3078499930277,-58.6651066044418,-46.3262682434026,-37.7542597238712,-73.1116391887551,-82.1782999158618,-53.9072525845844
19-Nov-2024 20:23:35,3,68,-0.00801846372584502,0.428422369559606,0.180063685774803,-0.28101319471995,-0.0914125392834346,-0.116392703354359,0.948223674297333,-126.783338234522,-111.631393809309,-69.8460988189621,-59.8555087199031,-45.6311311254219,-37.3371774530828,-75.9900752169953,-85.9299681237448,-55.7135729767278
19-Nov-2024 20:24:11,3,69,0.0114503586043914,0.420008184512456,0.162489925821622,-0.241291529933612,-0.0895073379079501,-0.0794742941856384,0.9630424340566,-118.557662365466,-111.280715936175,-67.3144970649097,-60.4225998285118,-46.3800355933823,-36.4222707449442,-78.527473656471,-87.7534353050259,-59.3349428203371
19-Nov-2024 20:24:21,3,70,0.0239457772423824,0.419033207496007,0.159294828772545,-0.2111950725317,-0.0854229256510735,-0.0489947204788526,0.972470617294312,-111.576923356471,-106.49624101164,-64.8527458908441,-61.6130019439731,-45.6848984754017,-36.0051884741558,-81.4059096847112,-91.5051035129089,-61.1412632124805
19-Nov-2024 20:24:54,3,71,0.0419067725539207,0.414162508646647,0.141797724366188,-0.166000629464785,-0.0752873579661051,-0.00477709739158551,0.98323591152827,-102.848715917446,-103.628664612805,-61.7560694267851,-63.7667485560081,-31.3117821503917,-35.4141939846923,-85.2388269185692,-93.992671207491,-63.6301083303569
19-Nov-2024 20:25:04,3,72,0.052735098451376,0.414604437351227,0.141337445378304,-0.142222275336583,-0.0696467652916908,0.0210968426118294,0.987156069278717,-95.8679769084502,-98.8441896882701,-59.2943182527195,-64.9571506714694,-30.616645032411,-34.9971117139039,-88.1172629468094,-97.744339415374,-65.4364287225003
19-Nov-2024 20:25:41,3,73,0.0726141835252444,0.410408610105515,0.122203147411346,-0.0919822071989377,-0.0564812158544858,0.0625210911035538,0.992189673582713,-84.3385036844398,-95.2431640265854,-55.6901044336572,-66.0292250352176,-43.7075183109155,-35.5430733337779,-90.6479395778585,-100.788957366606,-68.9340114775102
19-Nov-2024 20:25:52,3,74,0.0848489572604497,0.411278905471166,0.120127302904924,-0.0644102325042089,-0.0471318162977695,0.0910836055874824,0.992639799912771,-77.3577646754445,-90.4586891020503,-53.2283532595916,-67.2196271506789,-43.0123811929348,-35.1259910629895,-93.5263756060987,-104.540625574489,-70.7403318696537
19-Nov-2024 20:26:25,3,75,0.102756093939145,0.410942657788595,0.100947207709153,-0.0331935539841652,-0.037924687564373,0.114711073537668,0.992119618256887,-72.9776585589416,-80.0409388089404,-49.4453707630277,-69.0258653902836,-43.1352492731968,-34.0654307375324,-95.6309319357433,-107.263768654047,-72.7922834432303
19-Nov-2024 20:26:36,3,76,0.118490974108378,0.413691705465317,0.0927310968438784,-0.0133706701298555,-0.0304091045012077,0.1380021383365,0.989874716599782,-65.9969195499463,-75.2564638844053,-46.9836195889621,-70.216267505745,-42.4401121552161,-33.648348466744,-98.5093679639835,-111.01543686193,-74.5986038353738
19-Nov-2024 20:27:12,3,77,0.113044279317061,0.414844944079717,0.0856408322850863,-0.0026841018969814,-0.0235159207135439,0.145979354778926,0.989004492759705,-68.6495946864949,-75.9101867463075,-47.0754285516785,-73.3336801055737,-46.4465582630455,-35.6050755446343,-102.081842300031,-111.8253527308,-71.7757529934775
19-Nov-2024 20:27:23,3,78,0.110886227091153,0.417494746049245,0.0804022421439489,0.0144737567131718,-0.0188229132443666,0.155914715925852,0.987485114733378,-70.0019533767972,-77.1305472924971,-47.7528531756441,-79.2181746433306,-47.1190017717535,-36.0085416498591,-107.016256485377,-107.449531163833,-69.6550865608646
19-Nov-2024 20:27:55,3,79,0.0923525209228198,0.416858514149984,0.0686238999168078,0.0307611728707949,-0.0152012887100379,0.169467245539029,0.984938367207845,-72.0794702902226,-76.2675889965429,-48.3624699689851,-84.0941282121235,-31.9834465800221,-39.6636382414166,-112.319700746073,-105.741578314784,-66.7333279236101
19-Nov-2024 20:28:06,3,80,0.0902851750453313,0.419209108750025,0.0627265314261119,0.0465956216057142,-0.0121725797653198,0.17552229364713,0.983296831448873,-73.431828980525,-77.4879495427325,-49.0398945929507,-89.9786227498805,-32.6558900887301,-40.0671043466414,-117.254114931418,-101.365756747817,-64.6126614909972
19-Nov-2024 20:28:46,3,81,0.0715953563650449,0.418010377883911,0.0529387650390466,0.065105827152729,-0.0111616663013895,0.182105643550555,0.981057691574097,-73.4967667823889,-78.4916506678502,-49.683415301604,-94.9838468031554,-58.6493342472187,-43.9713856950327,-121.773044154439,-98.5488695398089,-61.0414489560635
19-Nov-2024 20:28:57,3,82,0.0676825155814489,0.420931363105774,0.0472150973975658,0.0857143302758535,-0.0102715916931629,0.185260726014773,0.978890220324198,-74.8491254726912,-79.7120112140398,-50.3608399255696,-100.868341340912,-59.3217777559266,-44.3748518002575,-126.707458339785,-94.1730479728416,-58.9207825234506
19-Nov-2024 20:29:33,3,83,0.0613374322652817,0.417527238527934,0.0487193482617537,0.0606660661598047,-0.0160377188275258,0.182291980584462,0.981240101655324,-75.7011349592244,-75.4118687993782,-48.1568278519904,-96.3978130375828,-63.2466440979465,-43.4287886665451,-124.110570523983,-89.6034920615248,-56.8173441630317
19-Nov-2024 20:29:44,3,84,0.0608991260329882,0.416242259740829,0.0422494548062483,0.0458929471671581,-0.022427723929286,0.178904294967651,0.982539637883504,-76.5968548899768,-69.6450560952526,-45.2947677360673,-91.7669199764944,-66.8110101150759,-45.2323179112496,-119.621425189344,-88.0044689707283,-56.0391788537733
19-Nov-2024 20:30:17,3,85,0.057035073141257,0.411687461535136,0.0485402097304662,0.0264023322612047,-0.0268909677863121,0.152008468906085,0.987660503387451,-77.3207195986197,-67.686578535859,-42.8367316413162,-88.6412092942854,-59.0056262946501,-42.6610509667457,-114.203408614123,-85.3701794696717,-55.1983770189346
19-Nov-2024 20:30:28,3,86,0.0563402819136779,0.410437514384588,0.0434963295857112,0.0125419416775306,-0.0318930832048257,0.147353221972783,0.988490056991577,-78.2164395293721,-61.9197658317334,-39.9746715253932,-84.010316233197,-62.5699923117795,-44.4645802114502,-109.714263279484,-83.7711563788753,-54.4202117096762
19-Nov-2024 20:30:58,3,87,0.0552633129060268,0.406270267566045,0.0589546742538611,-0.0210246622562408,-0.0323814240594705,0.138077521324158,0.989668667316437,-78.8012318490697,-52.1321206999737,-39.4896234200561,-78.0320143615483,-57.3744834101313,-33.0557113615506,-109.035682324554,-81.8045000829487,-52.7107281376276
19-Nov-2024 20:31:08,3,88,0.0553700101872285,0.404753830035528,0.0539450444281101,-0.0432657361030579,-0.0373046683768431,0.136551535129547,0.988984421888987,-79.6969517798221,-46.3653079958481,-36.627563304133,-73.4011213004598,-60.9388494272607,-34.8592406062551,-104.546536989915,-80.2054769921523,-51.9325628283692
19-Nov-2024 20:31:46,3,89,0.0511978916823864,0.401625396807988,0.0543827593326569,-0.063382925093174,-0.0424226805567741,0.118022598822912,0.990077598889669,-80.9622079050471,-61.2380790779053,-36.4540091935029,-69.4465238340912,-56.8982779850013,-40.1065708036574,-102.03767384513,-78.9476372987908,-51.3637383877157
19-Nov-2024 20:31:56,3,90,0.049949816117684,0.400106875101725,0.0459926903247833,-0.0763893579443296,-0.0473293647170067,0.107882046202819,0.990093998114268,-81.8579278357995,-55.4712663737797,-33.5919490775799,-64.8156307730028,-60.4626440021307,-41.9101000483619,-97.5485285104908,-77.3486142079943,-50.5855730784573
19-Nov-2024 20:32:34,3,91,0.0436308560272058,0.396532626946767,0.0489092605809371,-0.0992023269335429,-0.047760912279288,0.0889623502890269,0.989931082725525,-82.9384158637882,-56.6492455627455,-34.9241419643033,-61.9478855092743,-60.5995412895658,-41.3855297694153,-93.8245242707788,-75.8451828159154,-49.9870782035013
19-Nov-2024 20:32:45,3,92,0.0451003521680832,0.395720946788788,0.0411976051827272,-0.116396469374498,-0.0537744984030724,0.0819830154379209,0.988351655006409,-83.8341357945406,-50.8824328586199,-32.0620818483803,-57.3169924481858,-64.1639073066952,-43.1890590141198,-89.3353789361394,-74.2461597251189,-49.2089128942428
19-Nov-2024 20:33:22,3,93,0.0451685679455598,0.397382853428523,0.0409206710755825,-0.10316459586223,-0.0517984010279179,0.0716034531593323,0.990730535984039,-84.7522236230237,-55.8281069296461,-34.8781752243916,-62.5386632483364,-65.8901277692594,-43.652314478448,-92.1087406295172,-80.3767379480155,-51.609967110611
19-Nov-2024 20:33:32,3,94,0.0521092660725117,0.401145664850871,0.0329560421407223,-0.0921260063846906,-0.0536149288217227,0.0769002765417099,0.991324694951375,-86.0279274028886,-55.6513850541263,-34.7721420990797,-66.3537601498071,-71.1300825966707,-46.2546197046017,-95.7745317754314,-85.6345203215534,-54.221186109828
19-Nov-2024 20:34:02,3,95,0.0519157499074936,0.402293082078298,0.0319655850529671,-0.0869488164782524,-0.0536792653302352,0.0692147662242254,0.992354683081309,-87.2748232070626,-38.3858611518793,-37.2521722244295,-68.9221440006177,-73.3381702416585,-48.3124000498427,-94.9441081950774,-87.2787006197706,-58.0023227176205
19-Nov-2024 20:34:13,3,96,0.0581196866929531,0.406292484203974,0.0212147357563178,-0.0741305450598399,-0.0559043943881989,0.0710984369119008,0.993138678868612,-88.5505269869275,-38.2091392763596,-37.1461390991176,-72.7372409020883,-78.5781250690699,-50.9147052759963,-98.6098993409916,-92.5364829933085,-60.6135417168375
19-Nov-2024 20:34:44,3,97,0.0644955605268478,0.409577029943466,0.0199325355390708,-0.0668703565994899,-0.0563079379498959,0.0830214326580365,0.99270605246226,-89.211826778947,-28.8880163874762,-38.1831375991365,-76.078981278229,-82.5271463052694,-53.0197480616937,-102.427583123772,-96.2124643291861,-64.7847195203422
19-Nov-2024 20:34:54,3,98,0.0708752974867821,0.414206153154373,0.0109965623045961,-0.0540940376619498,-0.0582485243678093,0.0897462099790573,0.992787285645803,-90.4875305588119,-28.7112945119564,-38.0771044738246,-79.8940781796997,-87.7671011326808,-55.6220532878474,-106.093374269686,-101.470246702724,-67.3959385195592
19-Nov-2024 20:35:24,3,99,0.0766936163107554,0.417295847336451,0.00806182865053415,-0.0519217183192571,-0.0610301201542219,0.09807953586181,0.991947531700134,-91.0810323447541,-23.9623721297549,-39.8175871611782,-81.2224968185053,-91.9115891644862,-57.6007272937729,-107.810111734033,-105.862128557432,-69.96213692092
19-Nov-2024 20:35:34,3,100,0.0835179805755615,0.422617103656133,1.87717668571471e-05,-0.0404406748712063,-0.0630450874567032,0.105632468561331,0.99158038298289,-92.356736124619,-23.7856502542351,-39.7115540358663,-85.037593719976,-97.1515439918976,-60.2030325199266,-111.475902879947,-111.119910930969,-72.573355920137
19-Nov-2024 20:36:39,4,1,0.00291737462393939,0.321973989407221,0.0436701543629169,-0.0103702791656057,-0.0334961031874021,0.00436488368238012,0.999375530083974,-7.12500000000001,-11.1,-4.275,-7.50000000000001,-7.87500000000001,-5.77500000000001,-9.075,-5.92500000000001,-6.22500000000001
19-Nov-2024 20:36:50,4,2,0.0155176098148028,0.323038254181544,0.0495216906070709,-0.0218255364646514,-0.0336765088140965,0.0257247866441806,0.998863263924917,-6.20192067722574,-11.5728156250109,-4.19955320453789,-3.13408512348636,-4.75648937391883,-3.9038936243513,-12.1884016726487,-11.5990354256402,-8.75016013314375
19-Nov-2024 20:37:23,4,3,0.0239910911768675,0.326627145210902,0.0507003123561541,-0.024427147085468,-0.0350084995230039,0.0193304143846035,0.998901462554932,-10.8663413544514,-6.57063125002187,-7.23660640907579,-8.06817024697263,-8.65047874783759,-6.27028724870258,-14.1393033452974,-16.4105708512804,-14.9878202662875
19-Nov-2024 20:37:34,4,4,0.0374817217389743,0.328556797901789,0.0530265137553215,-0.0279352080076933,-0.0360853125651677,0.0336448661983013,0.998391505082448,-9.94326203167717,-7.0434468750328,-7.16115961361368,-3.70225537045897,-5.53196812175641,-4.39918087305387,-17.2527050179462,-22.0846062769207,-17.5129803994312
19-Nov-2024 20:38:02,4,5,0.0494038268923759,0.331067367394765,0.0502953417599201,-0.0174428589642048,-0.0369016130765279,0.0324576586484909,0.998639372984568,-11.2139327089029,-5.15376250004374,-4.14196281815156,-10.4363404939452,4.95529250432475,2.40317550259484,-17.0848566905949,-25.8273917025609,-23.2443905325749
19-Nov-2024 20:38:12,4,6,0.0614310815930367,0.333379437526067,0.0542945365111033,-0.0240836393088102,-0.0383750495811303,0.0486372883121173,0.997788369655609,-10.2908533861286,-5.62657812505468,-4.06651602268945,-6.07042561743151,8.07380313040593,4.27428187824354,-20.1982583632436,-31.5014271282011,-25.7695506657187
19-Nov-2024 20:38:44,4,7,0.0497070237994194,0.333904667695363,0.0473996842900912,-0.00559331796442469,-0.0357484673460325,0.0393569720288118,0.998569909731547,-8.35262296646471,-9.83870432646444,-8.51637128074716,-13.938987916374,11.3827565568776,-9.31034606587338,-16.2199328339718,-30.0559605348765,-25.4077970264092
19-Nov-2024 20:38:55,4,8,0.0376144550740719,0.333982624610265,0.0510456298788389,-0.003660649061203,-0.0343554372588793,0.0243668294201295,0.99910591840744,-13.1925175468008,-15.6070805278742,-11.4381015388049,-16.8575502153165,11.0073349833492,-9.53559900999039,-12.6822323046999,-25.751118941552,-23.2929183870997
19-Nov-2024 20:39:29,4,9,0.0221363955487808,0.332481477657954,0.0627937808632851,-0.0451084531843662,-0.0380827796955903,0.0101774556562305,0.998204096158345,-19.2933496271369,-20.5973317292839,-11.4488942968626,-11.301112514259,-11.450899090179,-0.615539454107443,-19.1242192754281,-23.3259648482274,-19.7296022477903
19-Nov-2024 20:39:39,4,10,0.00953995417803526,0.334255667527517,0.0669494355718295,-0.0502613333364328,-0.0383666776120663,-0.0135056683172782,0.997907523314158,-24.133244207473,-26.3657079306937,-14.3706245549203,-14.2196748132015,-11.8263206637073,-0.840792398224453,-15.5865187461562,-19.0211232549028,-17.6147236084808
19-Nov-2024 20:40:11,4,11,-0.0155112698674202,0.335539237658183,0.0774962107340495,-0.0628058443466822,-0.0350913256406784,-0.0310373029361169,0.996925667921702,-27.2786075378091,-34.0700216321034,-20.261886062978,-14.1757371121441,0.68185151276424,-9.99338909234139,-16.0636619668844,-14.4561254115783,-14.2506262191714
19-Nov-2024 20:40:22,4,12,-0.031423211718599,0.338890377680461,0.0848892276485761,-0.0688536370793978,-0.0355774658421675,-0.0553226602574189,0.995456119378408,-32.1185021181452,-39.8383978335132,-23.1836163210357,-17.0942994110866,0.30642993923589,-10.2186420364584,-12.5259614376125,-10.1512838182537,-12.135747579862
19-Nov-2024 20:40:59,4,13,-0.0456458802024523,0.343089226881663,0.094749083618323,-0.115790449579557,-0.0293052858362595,-0.0761558348933856,0.989916217327118,-40.6861310734812,-44.2497427849229,-27.2151122040934,-14.5566117100291,-15.9771947592923,-12.2075668555754,-14.0706827833406,-8.64136409992913,-9.09625956555252
19-Nov-2024 20:41:10,4,14,-0.0581266259153684,0.347813987731934,0.102936398983002,-0.123233573138714,-0.0300341648360093,-0.10049667408069,0.986819088459015,-45.5260256538173,-50.0181189863327,-30.1368424621511,-17.4751740089716,-16.3526163328207,-12.4328197996924,-10.5329822540688,-4.33652250660457,-6.98138092624308
19-Nov-2024 20:41:44,4,15,-0.055188654611508,0.350105476379395,0.106331084171931,-0.119181576371193,-0.0288756114741166,-0.0764345323046049,0.989504818121592,-43.4308543481665,-53.6685500515732,-33.2641370887535,-18.3501284240848,-18.0016819592793,-13.8325762381538,-18.7821891407387,2.5158220215137,-10.114611974916
19-Nov-2024 20:41:55,4,16,-0.0651684130231539,0.352258731921514,0.0968823447823524,-0.107543229063352,-0.0274949440111717,-0.0879089862108231,0.989924502372742,-46.9718158550156,-56.3474967418138,-34.5615489028559,-21.353207839198,-24.671646023238,-17.1254967391152,-17.2151850899086,4.24062748713196,-9.21014771108897
19-Nov-2024 20:42:29,4,17,-0.0620486316581567,0.354411917924881,0.10408243983984,-0.107184776167075,-0.0269170057028532,-0.0740480681260427,0.991112430890401,-47.6947109556148,-61.6871856195544,-37.1489021232082,-22.6922247543113,-23.7311608684467,-18.6468352088266,-22.4312865078287,8.52920248400023,-10.9245311035119
19-Nov-2024 20:42:40,4,18,-0.0733656416336695,0.357546271880468,0.0964122051994006,-0.106666002174218,-0.0248731927325328,-0.0892540837327639,0.989968411127726,-51.2356724624639,-64.3661323097949,-38.4463139373106,-25.6953041694245,-30.4011249324053,-21.9397557097881,-20.8642824569987,10.2540079496185,-10.0200668396848
19-Nov-2024 20:43:14,4,19,-0.0711662958065669,0.359924980004629,0.0969500492016474,-0.107484670976798,-0.0243678313990434,-0.0817813351750374,0.990537770589193,-53.3676007661881,-67.3254500937855,-40.4636964545379,-27.7913523345377,-33.040864386989,-24.0468851951245,-25.763831140544,13.2606981808618,-12.6750264039828
19-Nov-2024 20:43:25,4,20,-0.0757977013786634,0.364168188969294,0.0897044961651166,-0.104650128384431,-0.0246043924242258,-0.099903966486454,0.989172494411468,-58.9761767982572,-69.6984344896544,-41.7696650463178,-33.5424416224773,-38.064296001972,-26.6780773964613,-27.4365006543788,12.0659342424083,-13.3918847670548
19-Nov-2024 20:43:58,4,21,-0.0793054694930712,0.367817495266596,0.0918027018507322,-0.113470441599687,-0.0252642763157686,-0.117391850550969,0.986258284250895,-64.4802362287638,-71.8366044323984,-44.1856189896601,-36.515015285417,-40.1726153122676,-28.1913740899857,-27.5424465354013,10.1621126867674,-14.5384550441894
19-Nov-2024 20:44:09,4,22,-0.0861815889676412,0.373192232847214,0.0861296574274699,-0.110531470179558,-0.0260234932104746,-0.14053825934728,0.983541882038116,-70.0888122608329,-74.2095888282673,-45.4915875814399,-42.2661045733566,-45.1960469272506,-30.8225662913225,-29.2151160492361,8.96734874831393,-15.2553134072614
19-Nov-2024 20:44:41,4,23,-0.0882844145099322,0.377572307984034,0.0852466374635696,-0.114538563291232,-0.0279344897717237,-0.171928533911705,0.97802924712499,-76.4701299921207,-76.8401659975738,-45.552548849001,-47.4529360487962,-47.4869223898899,-32.7448107387531,-28.4544237466647,8.76805600126673,-17.3120277273647
19-Nov-2024 20:44:51,4,24,-0.0959662755330404,0.382900949319204,0.0792107885082563,-0.109266644219557,-0.0261249151080847,-0.193626832962036,0.97462146282196,-82.0787060241898,-79.2131503934427,-46.8585174407808,-53.2040253367358,-52.5103540048729,-35.37600294009,-30.1270932604995,7.57329206281329,-18.0288860904368
19-Nov-2024 20:45:24,4,25,-0.0991055478652318,0.387427578369776,0.0757026895880699,-0.110362309714158,-0.0242780720194181,-0.217257076501846,0.969551527500153,-87.3986529058683,-81.5649311760305,-48.7419823704512,-58.2979857184254,-55.642507543684,-39.3777212644737,-30.2080818661311,6.87626372006297,-19.1906724320245
19-Nov-2024 20:45:35,4,26,-0.104620899756749,0.3925896803538,0.0677285835146904,-0.100412488480409,-0.022551034639279,-0.236611970265706,0.966138497988383,-93.0072289379373,-83.9379155718994,-50.0479509622311,-64.049075006365,-60.665939158667,-42.0089134658106,-31.880751379966,5.68149978160952,-19.9075307950966
19-Nov-2024 20:46:06,4,27,-0.111926659444968,0.398577372233073,0.0665010665853818,-0.0981108779708544,-0.0225680769731601,-0.271779823303223,0.957079259554545,-98.5464903948111,-86.3752981611277,-51.2676677229562,-69.9965998411795,-65.1937317355641,-44.0503687286708,-29.832580439699,4.73560364100764,-21.2968531474264
19-Nov-2024 20:46:17,4,28,-0.118485501905282,0.40441601673762,0.0616722077131271,-0.0949513758222262,-0.0189617265015841,-0.289449332157771,0.952283465862274,-104.15506642688,-88.7482825569967,-52.573636314736,-75.7476891291192,-70.2171633505471,-46.6815609300077,-31.5052499535338,3.54083970255419,-22.0137115104985
19-Nov-2024 20:46:49,4,29,-0.122061082224051,0.407350452740987,0.054406309624513,-0.0789960741996765,-0.0184647705405951,-0.287664123376211,0.95428930123647,-103.62072061566,-91.7805664408021,-55.7850641235368,-79.413443024965,-75.9416045162082,-50.0773341338867,-32.9971509124505,1.1201602938276,-22.5270114897188
19-Nov-2024 20:46:59,4,30,-0.122918346027533,0.409343657890956,0.0499633486072222,-0.0662733823060989,-0.0178327261159817,-0.26894567211469,0.960707096258799,-100.796032092037,-95.2306512279279,-57.7646178478649,-82.0809791473732,-81.1638652009122,-52.9429758070039,-38.4494720984182,-1.42495301382478,-24.0540794743103
19-Nov-2024 20:47:28,4,31,-0.130277247230212,0.409853219985962,0.0421843774616718,-0.0443614199757576,-0.0192601177841425,-0.243139629562696,0.968784964084625,-95.9665149246158,-98.5468355633935,-60.5851086144293,-80.5976241565003,-85.8122161260947,-57.123683245502,-40.3465831708604,-5.63284937201426,-21.6242634562162
19-Nov-2024 20:47:39,4,32,-0.133069275816282,0.411773310105006,0.0371384526292483,-0.0270283798376719,-0.0208694692701101,-0.210428368051847,0.977012729644775,-93.1418264009932,-101.996920350519,-62.5646623387575,-83.2651602789086,-91.0344768107987,-59.9893249186192,-45.7989043568281,-8.17796267966664,-23.1513314408076
19-Nov-2024 20:48:08,4,33,-0.14076899488767,0.414433318376541,0.0322012198468049,-0.0141806521763404,-0.0237709031750758,-0.195876910289129,0.98023780186971,-92.6897235554711,-104.705054911815,-65.4146845842037,-83.8572508446763,-97.319782615742,-62.9874994744269,-46.6236204860331,-10.5794675125876,-21.6499574240563
19-Nov-2024 20:48:18,4,34,-0.143330080310504,0.41791965564092,0.025456394876043,0.000103077338159589,-0.0251432546724876,-0.176360882321994,0.984004426002502,-89.8650350318484,-108.155139698941,-67.3942383085319,-86.5247869670846,-102.542043300446,-65.8531411475442,-52.0759416720008,-13.1245808202399,-23.1770254086477
19-Nov-2024 20:48:50,4,35,-0.141628543535868,0.417541631062826,0.0229730149110158,0.010980974137783,-0.029135675355792,-0.175824110706647,0.983929109573364,-89.4115573248914,-108.516760255646,-65.782044665713,-87.2329945231514,-104.18796488627,-66.7628813635536,-51.522799438642,-12.6905192009933,-23.8304499788477
19-Nov-2024 20:49:00,4,36,-0.137670386830966,0.417615773280462,0.0163732358564933,0.0258804907401403,-0.0316854571302732,-0.149053447445234,0.987982467810313,-84.7717867788841,-103.099355925267,-62.9846167623351,-88.9039248575386,-105.302363911975,-67.2313551382178,-56.7334597336645,-11.8032618191123,-23.2980955497192
19-Nov-2024 20:49:35,4,37,-0.116062348087629,0.412702429294586,-0.0039472951553762,0.054434759914875,-0.0348067740599314,-0.137429443995158,0.988402016957601,-82.450162652402,-94.2714640384295,-57.7048059892368,-91.4434938027657,-106.607524217739,-67.1704621335546,-58.6122187644964,-29.5176023185484,-26.1336306202549
19-Nov-2024 20:49:45,4,38,-0.105734142164389,0.411948198080063,-0.0150161275019248,0.0721698522567749,-0.0384627223014832,-0.108529950181643,0.990723677476247,-77.8103921063946,-88.8540597080499,-54.9073780858589,-93.1144241371529,-107.721923243444,-67.6389359082189,-63.8228790595189,-28.6303449366674,-25.6012761911263
19-Nov-2024 20:50:20,4,39,-0.089295619726181,0.409793641169866,-0.030801372602582,0.107077755530675,-0.0472947078446547,-0.090197059015433,0.9890207807223,-73.1296947701499,-83.8314115994416,-51.0937587476208,-95.29467377696,-109.081702909179,-68.5927262932194,-65.8675887224461,-34.8688864954449,-28.3278665118298
19-Nov-2024 20:50:30,4,40,-0.0806946232914925,0.411017088095347,-0.0408544468382994,0.124880028764407,-0.0517098888754845,-0.0611824239293734,0.988932673136393,-68.4899242241426,-78.414007269062,-48.296330844243,-96.9656041113472,-110.196101934883,-69.0612000678836,-71.0782490174687,-33.981629113564,-27.7955120827013
19-Nov-2024 20:51:04,4,41,-0.06405940502882,0.411715400218964,-0.0574660028020541,0.191394204894702,-0.0682745382189751,-0.035580683251222,0.97848908106486,-59.4046902830166,-73.8689810495681,-44.465807223435,-102.116194098444,-110.533191280603,-67.747332147716,-73.9559339964435,-37.7822712020123,-29.7176300284887
19-Nov-2024 20:51:15,4,42,-0.0542617057760557,0.414088541269302,-0.0690530339876811,0.209724260369937,-0.0754987850785255,-0.000890002958476543,0.974840950965881,-54.7649197370093,-68.4515767191885,-41.6683793200571,-103.787124432832,-111.647590306307,-68.2158059223802,-79.1665942914661,-36.8950138201313,-29.1852755993602
19-Nov-2024 20:51:49,4,43,-0.0644918595751127,0.415456223487854,-0.0705991079409917,0.240494660536448,-0.0747568642099698,-0.0548206741611163,0.966213464736938,-55.3554859489018,-68.3973531232244,-41.0495499272501,-111.401296800535,-107.904777166146,-66.0529807164913,-70.4081303212074,-37.2182114714107,-29.0200605364871
19-Nov-2024 20:52:00,4,44,-0.0683141574263573,0.41669507821401,-0.0732802306612333,0.262956376870473,-0.0692879070838292,-0.0924453084667524,0.95786585410436,-55.3187838583536,-67.0069404718174,-40.4972683931581,-115.850639341884,-104.325618865977,-64.4063263580184,-61.9161540089725,-38.6474593875254,-29.8776092861559
19-Nov-2024 20:52:33,4,45,-0.0755791082978249,0.415405833721161,-0.0676097924510638,0.263878303766251,-0.0549894385039806,-0.156829749544462,0.950130983193715,-59.2707159190257,-63.6596223481319,-40.2867129297086,-118.357396796411,-104.489633145812,-63.2515865758375,-53.3659338677257,-35.7736821712226,-27.4487761295538
19-Nov-2024 20:52:44,4,46,-0.0799251491824786,0.417988367875417,-0.0718144858876864,0.285787610212962,-0.0491033474604289,-0.19358571767807,0.937250709533691,-59.2340138284775,-62.269209696725,-39.7344313956166,-122.806739337759,-100.910474845643,-61.6049322173645,-44.8739575554908,-37.2029300873373,-28.3063248792227
19-Nov-2024 20:53:13,4,47,-0.0885084097584089,0.417048903306325,-0.0654895802338918,0.30182887117068,-0.0413587821026643,-0.252953453858693,0.918261055151621,-59.9166288135395,-58.5503443091787,-39.5780128968458,-125.834789335697,-95.0029028354762,-59.1542351470376,-35.82785932875,-33.0306654372433,-24.3706826757561
19-Nov-2024 20:53:24,4,48,-0.089296060303847,0.419214407602946,-0.067340628306071,0.319321848948797,-0.0368014146884282,-0.276135859886805,0.905774927139282,-59.8799267229913,-57.1599316577718,-39.0257313627538,-130.284131877046,-91.4237445353074,-57.5075807885647,-27.3358830165151,-34.4599133533581,-25.228231425425
19-Nov-2024 20:53:52,4,49,-0.0976423804958661,0.424556132157644,-0.0751584296425184,0.325954180955887,-0.034412977596124,-0.291043609380722,0.898812135060628,-61.8893085412382,-58.1248190251621,-40.137944389413,-132.948197620149,-98.7899035752845,-62.1579670213944,-26.8278555063268,-33.8314034829401,-17.2049837964692
19-Nov-2024 20:54:02,4,50,-0.102633964518706,0.431232823928197,-0.0862119600176811,0.335658210515976,-0.0293702982366085,-0.300737907489141,0.892203843593597,-63.9890318216799,-60.0289327606219,-41.2022258984116,-136.097909634957,-105.370269470261,-65.5603746101512,-30.9468889533915,-34.9536498956265,-17.878331644081
19-Nov-2024 20:54:33,4,51,-0.103924760222435,0.435437385241191,-0.0899560575683912,0.337623029947281,-0.0293674383312464,-0.296445653835932,0.89289878209432,-65.4435843710242,-61.838433312047,-42.1404731662405,-138.854798513913,-109.793531937737,-69.9617715209444,-35.9023919218298,-34.3005181667607,-26.8783817534089
19-Nov-2024 20:54:44,4,52,-0.107202686369419,0.441298609972,-0.0979500109950701,0.340930763880412,-0.0286920624474684,-0.29225802620252,0.893044380346934,-67.543307651466,-63.7425470475069,-43.2047546752391,-142.004510528721,-116.373897832714,-73.3641791097012,-40.0214253688944,-35.4227645794471,-27.5517296010208
19-Nov-2024 20:55:14,4,53,-0.107289004822572,0.44616398413976,-0.104453714688619,0.345753214756648,-0.0288632260014613,-0.278070843219757,0.895711036523183,-68.420445566359,-65.8993541909494,-44.3560190636528,-144.357810975604,-121.95071201394,-78.0910813594761,-44.4086935766459,-38.0573219213574,-28.7884285794907
19-Nov-2024 20:55:25,4,54,-0.110791698098183,0.453995690743128,-0.116363972425461,0.354537709554036,-0.0289209883660078,-0.271009387572606,0.894438672065735,-70.5201688468008,-67.8034679264093,-45.4203005726514,-147.507522990412,-128.531077908916,-81.4934889482329,-48.5277270237106,-39.1795683340438,-29.4617764271025
19-Nov-2024 20:55:56,4,55,-0.111396969854832,0.459177196025848,-0.119550288716952,0.354955267906189,-0.0273489442964395,-0.270295701424281,0.894538454214732,-73.2835994444682,-69.9089283658605,-46.8280735213576,-150.484029221257,-134.534667947018,-86.7581438674988,-51.7308778511187,-42.6329702113421,-30.7167998401434
19-Nov-2024 20:56:07,4,56,-0.115114896496137,0.467140944798787,-0.130195626616478,0.362633409102758,-0.0303387896468242,-0.262329989671707,0.893733501434326,-75.38332272491,-71.8130421013204,-47.8923550303562,-153.633741236066,-141.115033841994,-90.1605514562555,-55.8499112981834,-43.7552166240285,-31.3901476877552
19-Nov-2024 20:56:40,4,57,-0.106748935083548,0.46133829553922,-0.120040751000245,0.345290033022563,-0.033542570968469,-0.245112503568331,0.905300835768382,-74.8765148825109,-71.1385702041586,-46.2107664324942,-150.451347871264,-140.410879213123,-86.6805300781562,-58.1008897149162,-43.6765304865708,-33.4180918424508
19-Nov-2024 20:56:51,4,58,-0.0973218550284704,0.458882228533427,-0.119459016124407,0.341032928228378,-0.0261007055640221,-0.238437447945277,0.908935050169627,-75.012853381499,-67.2134249550012,-44.2074321147785,-145.405557398445,-134.520112512689,-83.6943850348023,-58.7098094414773,-46.9322666168072,-35.005198214432
19-Nov-2024 20:57:23,4,59,-0.0827613949775696,0.44626522064209,-0.100621234873931,0.318267144759496,-0.0284354042261839,-0.218448137243589,0.922050909201304,-74.0776187097936,-65.7386163818416,-42.5899706569896,-143.766465479634,-130.847651848036,-78.4363018240756,-61.0397585131243,-47.3207916131965,-36.3627234777703
19-Nov-2024 20:57:34,4,60,-0.0710697139302889,0.443579147259394,-0.0989812398950259,0.310882506767909,-0.018966194242239,-0.210950917005539,0.926548496882121,-74.2139572087817,-61.8134711326842,-40.5866363392739,-138.720675006814,-124.956885147603,-75.4501567807217,-61.6486782396855,-50.5765277434328,-37.9498298497515
19-Nov-2024 20:58:06,4,61,-0.0611338838934898,0.430154387156169,-0.0762528692682584,0.26284384727478,-0.021988644823432,-0.188674097259839,0.945955467224121,-74.489509122423,-60.5384942215256,-40.6512384515216,-132.978233810999,-120.02527146506,-69.6030426536815,-62.8181126387895,-49.7736583067457,-39.1971456674112
19-Nov-2024 20:58:17,4,62,-0.0501362745960553,0.428260858853658,-0.0733056490619977,0.256106962760289,-0.0146089281265934,-0.183812353014946,0.948898748556773,-74.6258476214112,-56.6133489723682,-38.6479041338058,-127.932443338179,-114.134504764626,-66.6168976103275,-63.4270323653507,-53.029394436982,-40.7842520393924
19-Nov-2024 20:58:50,4,63,-0.0381543067594369,0.418538310130437,-0.0490537342925866,0.232038838664691,-0.0182624551157157,-0.161827411254247,0.958976717789968,-74.4567928277259,-56.5632878922102,-39.0285380310718,-126.288327503861,-105.273314573137,-62.5752680251305,-65.9662094281833,-54.3308277837566,-42.3514631342128
19-Nov-2024 20:59:01,4,64,-0.026720617339015,0.415631143252055,-0.0411528863012791,0.221429782112439,-0.0150873410825928,-0.153205749392509,0.962948203086853,-74.593131326714,-52.6381426430528,-37.025203713356,-121.242537031042,-99.3825478727036,-59.5891229817766,-66.5751291547444,-57.586563913993,-43.9385695061939
19-Nov-2024 20:59:32,4,65,-0.015795050188899,0.407752744356791,-0.0218051221221685,0.183660850922267,-0.0186131206651529,-0.134745474656423,0.973532708485921,-74.7267731793654,-43.8255394783951,-37.4888535031311,-116.847583877473,-90.8065694267425,-56.1502356675011,-67.1741775494413,-60.3151486524985,-43.8657282395947
19-Nov-2024 20:59:43,4,66,-0.00402764749402801,0.405764011542002,-0.0139875267321865,0.17142727971077,-0.0168196853250265,-0.124710784852505,0.977126920223236,-74.8631116783536,-39.9003942292377,-35.4855191854153,-111.801793404653,-84.9158027263088,-53.1640906241472,-67.7830972760024,-63.5708847827348,-45.4528346115759
19-Nov-2024 21:00:20,4,67,0.00858085701862971,0.400345975160599,0.00138926832005382,0.13029847741127,-0.018171596651276,-0.107257871329784,0.985488680998484,-75.0731018541733,-56.1065200223299,-35.765676921445,-103.781421591459,-81.0574301531114,-49.2015744453325,-68.1620813366314,-68.7380452171057,-46.5849671642668
19-Nov-2024 21:00:31,4,68,0.0220460043599208,0.399073950449626,0.00989012190451225,0.108607462048531,-0.0191784409185251,-0.0938927829265594,0.989454797903697,-75.2094403531614,-52.1813747731725,-33.7623426037293,-98.7356311186388,-75.1666634526776,-46.2154294019786,-68.7710010631926,-71.993781347342,-48.172073536248
19-Nov-2024 21:01:07,4,69,0.0324668472011884,0.396208200852076,0.024825877075394,0.0836651513973872,-0.0232513733208179,-0.0744578341643016,0.99343626499176,-74.4076046905654,-53.2968650451402,-33.5007543128862,-95.5025499756318,-67.442093815862,-43.4160987908943,-69.7899529567877,-74.9302296296456,-49.006692998584
19-Nov-2024 21:01:18,4,70,0.0332554382582506,0.396032583713532,0.033505513270696,0.0835278501113256,-0.0239153937747081,-0.0742161651452382,0.993450125058492,-73.070536341201,-57.0546973041959,-35.3418549962957,-93.6072853653184,-59.6771705138048,-39.4958216937473,-67.7844398721241,-72.5839460497866,-47.7957357625361
19-Nov-2024 21:01:52,4,71,0.0305836616704861,0.392502111196518,0.0332244329154491,0.0783656905094783,-0.0258024322489897,-0.0780924205978712,0.993526387214661,-72.1643809110446,-53.507847323814,-31.8288286931416,-90.0683754199115,-57.6703457435568,-38.0689518127352,-66.1339428709775,-71.8030185459612,-45.8335350716658
19-Nov-2024 21:02:03,4,72,0.0308447226881981,0.391832528511683,0.0456592363615831,0.0695863991975784,-0.0273453019559383,-0.0738551075259844,0.994462402661641,-70.8273125616802,-57.2656795828696,-33.6699293765511,-88.1731108095981,-49.9054224414996,-34.1486747155882,-64.1284297863139,-69.4567349661022,-44.6225778356179
19-Nov-2024 21:02:38,4,73,0.024873627225558,0.388425242900848,0.0381142569084962,0.0661062955856323,-0.0292443456749121,-0.0711184690395991,0.994845191637675,-69.2557006719198,-52.7211707222066,-31.1839665666788,-84.931023531738,-53.8695484053468,-34.4751012265087,-63.8004247434088,-66.0931294242599,-42.5859988721588
19-Nov-2024 21:02:49,4,74,0.0248822850485643,0.388423049449921,0.0488514569898446,0.0621867043276628,-0.0294794057806333,-0.0690247456232707,0.9952383796374,-67.9186323225554,-56.4790029812622,-33.0250672500883,-83.0357589214246,-46.1046251032897,-30.5548241293617,-61.7949116587453,-63.7468458444009,-41.3750416361109
19-Nov-2024 21:03:20,4,75,0.0141554753606518,0.384864006439845,0.0447645525137583,0.0535813664396604,-0.0329732336103916,-0.0719817643364271,0.995419736703237,-67.439292202993,-54.5106646804586,-32.5526361868569,-80.6170829773379,-27.4792264341849,-32.0578988362484,-60.7031525949609,-58.8669012835503,-39.3762735363574
19-Nov-2024 21:03:31,4,76,0.00502846511080861,0.386856446663539,0.0563599248727163,0.0283796528975169,-0.0369760533173879,-0.0882246012489001,0.995009462038676,-74.6068349631917,-59.7560216604596,-35.2091304830351,-79.3017839998458,-27.8173844959623,-32.2607936733149,-60.7083302942915,-58.5807345624507,-39.2670059819853
19-Nov-2024 21:04:09,4,77,-0.00178939847586056,0.388215436538061,0.0583354326585929,-0.00309703655851384,-0.0389782545467218,-0.0976844603816668,0.99444903532664,-79.7282418382915,-60.1882933605309,-37.5338589058929,-78.924779355467,-52.1253048742159,-33.0003644123982,-61.6953850040617,-56.6527373508552,-39.5138329957604
19-Nov-2024 21:04:19,4,78,-0.0129020553703109,0.391188138723373,0.071091682712237,-0.0310263284792503,-0.0427179954946041,-0.115400693317254,0.991914967695872,-86.8957845984903,-65.4336503405319,-40.1903532020712,-77.6094803779749,-52.4634629359933,-33.2032592494646,-61.7005627033922,-56.3665706297555,-39.4045654413883
19-Nov-2024 21:04:55,4,79,-0.0188555356115103,0.392955178022385,0.075247356792291,-0.0758473436037699,-0.0436270450552305,-0.134910782178243,0.986986835797628,-95.5902594161395,-67.5224646805681,-42.2309645615892,-75.9383285670395,-55.711502156009,-35.3994920375395,-60.3216789079426,-56.009488663408,-39.5483451710898
19-Nov-2024 21:05:06,4,80,-0.0276380943755309,0.396149881680807,0.086840928097566,-0.103821342190107,-0.0463831350207329,-0.148818000157674,0.982304950555166,-102.757802176338,-72.7678216605691,-44.8874588577675,-74.6230295895475,-56.0496602177864,-35.6023868746059,-60.3268566072732,-55.7233219423083,-39.4390776167177
19-Nov-2024 21:05:42,4,81,-0.0350210219621658,0.39932245016098,0.0913641646504402,-0.141630013783773,-0.0449422749380271,-0.167839453617732,0.974551745255788,-110.463810965262,-74.6349073205877,-48.5110116856156,-73.1298041953337,-56.867758858683,-36.3519506871766,-60.5400035592137,-54.3516975985847,-39.6063337043824
19-Nov-2024 21:05:52,4,82,-0.0445817671716213,0.404067728916804,0.104714441796144,-0.173649288217227,-0.0470092619458834,-0.184320597847303,0.966261875629425,-117.631353725461,-79.8802643005887,-51.1675059817938,-71.8145052178416,-57.2059169204604,-36.554845524243,-60.5451812585442,-54.065530877485,-39.4970661500103
19-Nov-2024 21:06:27,4,83,-0.0513831769426664,0.407664189736048,0.111256248255571,-0.203708969553312,-0.0454706547160943,-0.19362374941508,0.958616165320079,-122.518129500022,-85.0114856205986,-54.007529543807,-70.4852430319887,-56.8090452717974,-38.1560748490616,-60.8043435841797,-53.2366353450734,-39.4510604166566
19-Nov-2024 21:06:38,4,84,-0.0406406869490941,0.405967785914739,0.109940252204736,-0.228313925862312,-0.0456068215270837,-0.166595244407654,0.958143424987793,-120.511627544623,-79.2269639146942,-51.0005388676776,-63.3965029306897,-55.6617470400254,-37.4676959099984,-64.3407197758927,-53.9788128472088,-39.7074193445471
19-Nov-2024 21:07:13,4,85,-0.0228500590970119,0.40114803314209,0.10975554138422,-0.256990766525269,-0.0475569533805052,-0.135255409280459,0.955719645818075,-119.689742096404,-75.4853743787942,-47.0353128244657,-56.3007812252102,-52.7219339530332,-35.6784842148113,-65.6040882807581,-55.3496259436882,-39.9954091829468
19-Nov-2024 21:07:24,4,86,-0.013724379055202,0.400173658132553,0.108060875535011,-0.284247883160909,-0.0489070040484269,-0.106705321868261,0.951538348197937,-117.683240141004,-69.7008526728898,-44.0283221483364,-49.2120411239111,-51.5746357212613,-34.9901052757482,-69.140464472471,-56.0918034458235,-40.2517681108373
19-Nov-2024 21:07:54,4,87,-0.00138897168605278,0.397465199232101,0.107338420053323,-0.301963494221369,-0.053783185283343,-0.0777787670493126,0.948617899417877,-117.094046439195,-62.7627970519876,-40.8422137886657,-43.0198102205218,-32.3560800618791,-34.051309958623,-70.6403368207602,-61.0482987451309,-35.8739424939824
19-Nov-2024 21:08:04,4,88,0.00871500416348378,0.398170938094457,0.111563104391098,-0.330997735261917,-0.062204298377037,-0.0487170668939749,0.940317900975545,-115.087544483795,-56.9782753460833,-37.8352231125363,-35.9310701192227,-31.2087818301072,-33.3629310195599,-74.1767130124732,-61.7904762472663,-36.1303014218729
19-Nov-2024 21:08:40,4,89,0.0268775499115388,0.39672442873319,0.11152403006951,-0.35385042031606,-0.0749564031759898,-0.0147599258149664,0.932176808516184,-113.489696655191,-51.06698668268,-34.2136735946363,-28.8405846168785,-41.2008548845299,-32.8493438914657,-76.4698372824742,-61.8648126479876,-39.9945680773907
19-Nov-2024 21:08:51,4,90,0.0340466645856698,0.398081574837367,0.113120386004448,-0.376029429833094,-0.0826557179292043,0.00978684425354004,0.922861933708191,-111.483194699791,-45.2824649767756,-31.2066829185069,-21.7518445155794,-40.053556652758,-32.1609649524026,-80.0062134741872,-62.606990150123,-40.2509270052812
19-Nov-2024 21:09:24,4,91,0.0423810156683127,0.400248072544734,0.116795409222444,-0.369032243887583,-0.0903519903620084,0.0133340463663141,0.924918345610301,-113.978453862339,-59.0194743795768,-33.3318496378826,-24.827467607855,-25.9957392907114,-32.4418590548006,-81.8804366382167,-68.8855104942579,-43.6308510160014
19-Nov-2024 21:09:34,4,92,0.0483246279259523,0.405824512243271,0.128820310036341,-0.381555243333181,-0.0981116836269697,0.0212576306114594,0.918878535429637,-116.794385961489,-64.4198672611275,-36.0642957781435,-25.2789634006531,-26.3182362855672,-32.6353572517141,-84.4512857631022,-75.5729513890997,-47.0068211629079
19-Nov-2024 21:10:05,4,93,0.0496738322079182,0.409091214338938,0.132499733567238,-0.38097530802091,-0.0993125254909197,0.0132010711356997,0.919141225020091,-120.124981592338,-63.4135684033035,-40.7431022079618,-28.2425228431899,-19.0755761019717,-32.6475534013698,-85.9238219075597,-79.5059320085881,-51.7347682417212
19-Nov-2024 21:10:15,4,94,0.0557530609269937,0.41451061964035,0.143400607506434,-0.390439367294312,-0.105807320276896,0.0168361236651738,0.91437326669693,-122.940913691488,-68.8139612848542,-43.4755483482227,-28.6940186359881,-19.3980730968275,-32.8410515982833,-88.4946710324452,-86.19337290343,-55.1107383886277
19-Nov-2024 21:10:46,4,95,0.0598020357390245,0.417649231354396,0.145305237174034,-0.377991261084874,-0.111445562541485,0.00652322179327408,0.91905384461085,-124.364177556487,-73.7110082967176,-46.8061746332623,-32.8015462536555,-15.1879915024577,-34.0688987715679,-89.6913636671166,-91.4285836605951,-59.6876970014876
19-Nov-2024 21:10:57,4,96,0.0655641973018646,0.423837379614512,0.156846146782239,-0.384733798106511,-0.11879681845506,0.00958477351814508,0.91530069510142,-127.180109655638,-79.1114011782683,-49.5386207735232,-33.2530420464536,-15.5104884973136,-34.2623969684814,-92.2622127920021,-98.116024555437,-63.0636671483941
19-Nov-2024 21:11:29,4,97,0.0690458660324415,0.427355317274729,0.160231071710587,-0.355030926068624,-0.120073099434376,0.00654085219527284,0.927088316281637,-126.149707637712,-83.9601211249753,-56.0201569861735,-40.1075537516864,-13.5666961975566,-34.0730696535804,-93.6959836717806,-104.60235038144,-68.4651315282773
19-Nov-2024 21:11:40,4,98,0.0767857909202576,0.433850119511286,0.170918756723404,-0.358552028735479,-0.127425379554431,0.0112412064025799,0.924703661600749,-128.965639736862,-89.360514006526,-58.7526031264344,-40.5590495444845,-13.8891931924124,-34.2665678504939,-96.2668327966661,-111.289791276282,-71.8411016751839
19-Nov-2024 21:12:13,4,99,0.080768728752931,0.438983700672785,0.17552725871404,-0.342399688561757,-0.131031131744385,0.00668208748102188,0.930348686377207,-129.558404777475,-94.6350704206549,-63.7345943028899,-46.0120532934999,-13.0785455399618,-34.0436532915002,-98.269142798998,-117.726674636705,-77.1298189385787
19-Nov-2024 21:12:24,4,100,0.0844974180062612,0.43836403687795,0.166090786457062,-0.317370160420736,-0.117028873662154,0.0400288797914982,0.940201147397359,-124.192033142355,-94.786393514069,-63.7777601164611,-50.986075267731,-12.7535882086026,-33.8486788926847,-104.336796727175,-117.534364021838,-77.0011678980095
19-Nov-2024 21:13:27,5,1,0.00205962335069974,0.32268212834994,0.0444113003710906,-0.0226658628632625,-0.0366992679735025,0.00115677912253886,0.999068645636241,-9.3,-0.075,-4.72500000000001,-6.45000000000001,-8.25000000000001,-6.00000000000001,-9.525,-4.80000000000001,-7.12500000000001
19-Nov-2024 21:13:38,5,2,0.00692459180330237,0.326568476359049,0.0479326292872429,-0.0373810830215613,-0.037454517185688,0.0359756670892239,0.997950724760691,-12.5173533645517,1.84334871341127,-3.57399077195324,-4.79462236748583,-7.70537310289698,-5.53585463457358,-18.9428532953394,-3.85830595763276,-6.46231563105127
19-Nov-2024 21:14:15,5,3,0.0129420547435681,0.331210945049922,0.0520204002658526,-0.061299075682958,-0.0375818719466527,0.0617756307125092,0.995496781667074,-17.6847067291035,-17.5008025731774,-7.63548154390648,-6.43924473497165,-10.7607462057939,-9.27170926914715,-26.5982065906788,-11.9166119152655,-9.36213126210252
19-Nov-2024 21:14:26,5,4,0.0188708287974199,0.335924855868022,0.0554281865557035,-0.0776986161867777,-0.0382387757301331,0.10059975584348,0.991151082515717,-20.9020600936552,-15.5824538597661,-6.48447231585971,-4.78386710245747,-10.2161193086909,-8.80756390372072,-36.0160598860182,-10.9749178728982,-8.69944689315378
19-Nov-2024 21:15:04,5,5,0.0290240911146005,0.340032351016998,0.0563096821308136,-0.0848231678207715,-0.0389251622060935,0.135001940528552,0.986440261205037,-22.244413458207,-22.7203551463547,-0.439713087812954,-6.57848946994325,-13.7214924115878,-12.0934185382942,-44.5526631813576,-16.6332238305309,-13.418012524205
19-Nov-2024 21:15:15,5,6,0.0348809416095416,0.345482132832209,0.0598955641190211,-0.100901967783769,-0.040603844076395,0.17387193441391,0.978743461767832,-25.4617668227587,-20.8020064329434,0.711296140233806,-4.92311183742907,-13.1768655144848,-11.6292731728678,-53.970516476697,-15.6915297881636,-12.7553281552562
19-Nov-2024 21:15:59,5,7,0.0399351817866166,0.351202380657196,0.0651406009991964,-0.119399034480254,-0.0393368631601334,0.20258228679498,0.971162684758504,-30.0666201873104,-27.6117827195324,-13.6158196317193,-7.01773420491484,-4.75723861738176,-15.2901278074413,-63.5477447720364,-24.2748357457963,-16.8832687863074
19-Nov-2024 21:16:10,5,8,0.0280559256672859,0.352238488197327,0.0617623746395111,-0.110297352572282,-0.038436637322108,0.156321918964386,0.980775531133016,-35.3556676931383,-29.1034720274462,-14.5108332164676,-14.0335060140895,-5.955108059854,-16.0382314594688,-58.5452663979138,-25.4089204501779,-17.5994800692896
19-Nov-2024 21:16:50,5,9,0.0168912234405677,0.353245649735133,0.0599013417959213,-0.109475996096929,-0.0366696000099182,0.113286472856998,0.986831577618917,-40.4384651989661,-11.1842238353601,-16.8449093012159,-18.5742778232641,-23.2404775023261,-18.9238351114963,-55.4224755237911,-24.8555051545595,-18.0110038522718
19-Nov-2024 21:17:00,5,10,0.00587654275198778,0.355765374501546,0.0573501129945119,-0.0993746404846509,-0.0358285667995612,0.0693667888641357,0.991982519626617,-45.7275127047939,-12.6759131432739,-17.7399228859642,-25.5900496324387,-24.4383469447984,-19.6719387635238,-50.4199971496685,-25.9895898589411,-18.727215135254
19-Nov-2024 21:17:37,5,11,-0.00290019408178826,0.356008017063141,0.0554339741667112,-0.094489345451196,-0.0358893811702728,0.0246407027045886,0.994573589166005,-49.4134352106217,-4.46213370118774,-19.0544677207125,-29.0433214416134,-28.2049663872705,-20.7387924155513,-46.7323625255458,-24.6299245633227,-18.4660826682361
19-Nov-2024 21:17:47,5,12,-0.0129010810827216,0.358856308460236,0.0536715919772784,-0.0851529146234194,-0.0343303109208743,-0.0201127684364716,0.995573167006175,-54.7024827164495,-5.95382300910159,-19.9494813054608,-36.059093250788,-29.4028358297428,-21.4868960675788,-41.7298841514232,-25.7640092677043,-19.1822939512183
19-Nov-2024 21:18:25,5,13,-0.0217001167436441,0.360852018992106,0.0505449312428633,-0.0803698559602102,-0.0321944097677867,-0.0830685302615166,0.992775857448578,-60.8399677222774,-3.64277794201543,-20.7542605152091,-40.9186150599627,-34.285080272215,-22.9193747196063,-36.8598276523005,-25.6512189720859,-19.7848333592005
19-Nov-2024 21:18:35,5,14,-0.0308361222346624,0.365002709627151,0.0498415177067121,-0.0735076616207759,-0.0306052272518476,-0.127732363343239,0.988607319196065,-66.1290152281051,-5.13446724992927,-21.6492740999574,-47.9343868691373,-35.4829497146872,-23.6674783716338,-31.8573492781779,-26.7853036764675,-20.5010446421827
19-Nov-2024 21:19:12,5,15,-0.0411094484229883,0.367214916149775,0.0473402584592501,-0.0690075601140658,-0.0284933519860109,-0.184962160388629,0.979905676841736,-71.317281483933,-5.24978937034312,-22.8741704972057,-52.4470336783119,-38.5230066571594,-25.6577695236613,-26.6210818415552,-24.6709508808491,-20.8604199876649
19-Nov-2024 21:19:23,5,16,-0.0505499775211016,0.371994409958522,0.0454608619213104,-0.0558184407651424,-0.0270338808496793,-0.228525817394257,0.97156031926473,-76.6063289897608,-6.74147867825696,-23.769184081954,-59.4628054874865,-39.7208760996317,-26.4058731756888,-21.6186034674326,-25.8050355852307,-21.5766312706471
19-Nov-2024 21:19:59,5,17,-0.0616512993971507,0.375786312421163,0.0425750387211641,-0.0442730337381363,-0.0252190905312697,-0.286940922339757,0.956592317422231,-81.3949858705886,-8.2199843924208,-25.2791390729523,-65.5270147966612,-42.514839292104,-28.0750705777163,-16.4992305620599,-24.9399015396124,-21.5894245848793
19-Nov-2024 21:20:10,5,18,-0.0639171476165454,0.377914869785309,0.0425882828732332,-0.0374209428826968,-0.0256040461361408,-0.284388281901677,0.957636352380117,-82.5454716439297,-15.5122525657805,-29.089679977629,-68.3933330657713,-45.2581386844052,-29.6111270918638,-18.6296237207882,-26.3555666619435,-22.4616639640417
19-Nov-2024 21:20:46,5,19,-0.0566383098562558,0.378610926866531,0.0390028553704421,-0.0285734644780556,-0.0247411942730347,-0.276774301131566,0.96019135316213,-83.7457621047707,-20.6979289422653,-27.5826915854309,-72.7338700848814,-45.8744849517065,-30.4077304810114,-20.7765696138915,-28.6466224092746,-24.4821943588292
19-Nov-2024 21:20:56,5,20,-0.0608522459864616,0.381875888506571,0.038374974578619,-0.022326946631074,-0.0247144656876723,-0.282852075497309,0.958585103352865,-84.8962478781118,-27.990197115625,-31.3932324901077,-75.6001883539915,-48.6177843440078,-31.943786995159,-22.9069627726198,-30.0622875316057,-25.3544337379917
19-Nov-2024 21:21:31,5,21,-0.0569479875266552,0.383530129988988,0.03878152196606,-0.0167372450232506,-0.0260595002522071,-0.281869540611903,0.958952736854553,-87.4966359952029,-35.8791693905472,-31.195008746347,-79.3536159981016,-47.8976071738091,-32.5851169468065,-24.8956322985356,-32.5156479664367,-26.1258186249666
19-Nov-2024 21:21:42,5,22,-0.0585314015547434,0.385810921589534,0.036561481654644,-0.00838874684025844,-0.0250443143149217,-0.277939289808273,0.960235484441121,-88.6471217685439,-43.171437563907,-35.0055496510238,-82.2199342672118,-50.6409065661103,-34.1211734609541,-27.0260254572639,-33.9313130887678,-26.9980580041291
19-Nov-2024 21:22:16,5,23,-0.0602517979840438,0.388079309463501,0.0405806687970956,-0.00532715482016404,-0.0280677414188782,-0.281271922588348,0.9592027703921,-91.2725587137599,-50.537057788048,-36.9617082314818,-84.6298072238219,-51.7274676771616,-33.8598666938517,-29.010556799586,-34.8158258673489,-27.2198701371978
19-Nov-2024 21:22:27,5,24,-0.0646495039264361,0.390518337488174,0.0425071271757285,0.000335854597506113,-0.0297385906179746,-0.279191305239995,0.959774843851725,-92.423044487101,-57.8293259614077,-40.7722491361586,-87.496125492932,-54.4707670694629,-35.3959232079992,-31.1409499583143,-36.23149098968,-28.0921095163603
19-Nov-2024 21:22:59,5,25,-0.069631490111351,0.39301314552625,0.0485652017096678,0.00993422946582238,-0.0375279381871223,-0.272590498129527,0.961346666018168,-91.6110058463796,-65.608270160158,-43.8805988787261,-89.3092211057921,-55.4106973211392,-35.8082980815218,-33.7234122088394,-35.7315799401362,-27.2141352724759
19-Nov-2024 21:23:10,5,26,-0.0764834413925807,0.396194126208623,0.0535271691779296,0.0148343061407407,-0.0425137087702751,-0.269737950960795,0.961880453427633,-92.7614916197206,-72.9005383335178,-47.6911397834028,-92.1755393749022,-58.1539967134405,-37.3443545956693,-35.8538053675677,-37.1472450624672,-28.0863746516384
19-Nov-2024 21:23:40,5,27,-0.0830237552523613,0.398541287581126,0.063101734717687,0.0302328884601593,-0.0569876621166865,-0.260757517814636,0.963246560096741,-91.2807151860305,-80.2111445195728,-51.8255851070249,-94.2902463158873,-57.5956115354293,-37.0435702895044,-37.7602330721945,-35.3551220988609,-27.4085072192774
19-Nov-2024 21:23:51,5,28,-0.0844348902503649,0.396615415811539,0.0643410687645276,0.0116271431247393,-0.0540252516667048,-0.238578285773595,0.969549655914307,-88.4342151937806,-81.3643851650532,-52.2481846608132,-86.1431067268998,-60.5863403311619,-38.3849139184188,-39.4632183001929,-33.8149144093413,-26.4843826055657
19-Nov-2024 21:24:21,5,29,-0.0870664353171984,0.392937010526657,0.0739537239074707,-0.0136112402503689,-0.0521471463143826,-0.204150695602099,0.977454833189646,-84.9470840980151,-85.6017948168813,-52.7577364240741,-78.4451614738498,-57.5762268417384,-38.3578371371769,-40.7542208011406,-32.170812676853,-24.2602045860922
19-Nov-2024 21:24:32,5,30,-0.0868190472324689,0.39079135855039,0.0745032404859861,-0.0364846251904964,-0.0470876728494962,-0.176479075352351,0.982500294844309,-82.1005841057651,-86.7550354623616,-53.1803359778623,-70.2980218848624,-60.5669556374711,-39.6991807660913,-42.457206029139,-30.6306049873334,-23.3360799723805
19-Nov-2024 21:25:03,5,31,-0.0879697407285372,0.388328872124354,0.079721063375473,-0.0462354354560375,-0.0422606741388639,-0.143176578481992,0.987712939580282,-78.9337685617574,-89.0003606110159,-54.5464116363869,-65.6754794638436,-57.9322632906257,-39.6813141899276,-44.329199893612,-29.3384502763294,-22.8119286557879
19-Nov-2024 21:25:14,5,32,-0.0879369139671326,0.386545143524806,0.0815442288915316,-0.0711343621214231,-0.0343384593725204,-0.116212616364161,0.990078508853912,-76.0872685695075,-90.1536012564962,-54.9690111901751,-57.5283398748561,-60.9229920863583,-41.0226578188419,-46.0321851216105,-27.7982425868099,-21.8878040420761
19-Nov-2024 21:25:45,5,33,-0.104646408557892,0.388478225469589,0.0788608243068059,-0.0665507738788923,-0.0352425197760264,-0.153614267706871,0.985257156689962,-78.2955835737798,-92.0881124702542,-55.5660429864749,-60.3808735590622,-62.2131965323416,-41.2255694877851,-38.5354557919213,-23.9578617045285,-20.5491462677121
19-Nov-2024 21:25:56,5,34,-0.114632388452689,0.39127178589503,0.068959196905295,-0.0518019636472066,-0.0349204999705156,-0.181253241499265,0.981450172265371,-79.314056353931,-91.4515814324253,-54.9413367304065,-63.5711086592838,-65.9411115496139,-42.7830862592673,-31.0292221439949,-20.8934543329892,-18.7105018447886
19-Nov-2024 21:26:32,5,35,-0.111285768946012,0.392867890993754,0.0644879266619682,-0.0480400212109089,-0.0352754841248194,-0.189724323153496,0.980026785532633,-82.4274502461428,-88.4255715203899,-53.6524995005222,-67.1924930514976,-68.0001712812417,-44.48830047948,-36.052740655187,-23.6660602060789,-20.6468507461448
19-Nov-2024 21:26:43,5,36,-0.119550105929375,0.395360521475474,0.0550923566023509,-0.0374866113066673,-0.0328009334703286,-0.209235695004463,0.976595747470856,-83.445923026294,-87.789040482561,-53.0277932444539,-70.3827281517193,-71.728086298514,-46.0458172509623,-28.5465070072605,-20.6016528345396,-18.8082063232213
19-Nov-2024 21:27:19,5,37,-0.113424181938171,0.396454354127248,0.0457415456573168,-0.0298500037441651,-0.0317779270311197,-0.205388462543488,0.977708947658539,-84.8368563624755,-84.0077700076288,-53.7210215014775,-73.8635378979371,-74.996573672964,-48.5021827468097,-37.2801494388935,-9.05575208531496,-21.1820585624376
19-Nov-2024 21:27:30,5,38,-0.124019408226013,0.399661089976629,0.0381294801831245,-0.0184825037916501,-0.0299286713202794,-0.23426095644633,0.971537168820699,-85.8553291426267,-83.3712389697999,-53.0963152454091,-77.0537729981587,-78.7244886902363,-50.0596995182919,-29.7739157909671,-5.99134471377573,-19.3434141395141
19-Nov-2024 21:28:03,5,39,-0.107139764726162,0.395572340488434,0.0201909622798363,0.00281410873867571,-0.0265051564822594,-0.214446726441383,0.976371947924296,-82.6032984251855,-75.8343831656519,-49.2620443012966,-78.3530049717289,-81.3955173291002,-51.6484999527517,-35.9718484599726,-1.26564644632935,-21.4586915234218
19-Nov-2024 21:28:14,5,40,-0.0953151906530062,0.395044493675232,0.00536615559831262,0.0162226690600316,-0.0249076865613461,-0.183524443705877,0.982565641403198,-79.4650374297291,-70.7698970800554,-46.793806100638,-79.656949622301,-84.7462597893751,-53.3878760250288,-42.7498430891983,-1.90569486772568,-21.8427205762596
19-Nov-2024 21:28:44,5,41,-0.0974597712357839,0.394292010863622,-0.00961788340161244,0.0408597807089488,-0.0206964189807574,-0.195494561394056,0.979634662469228,-75.3698915732804,-69.6442261351832,-43.4175515282524,-80.0585379343721,-87.9071453389446,-54.7519642783973,-37.1628067383137,0.812130055299342,-22.3423737946324
19-Nov-2024 21:28:54,5,42,-0.089310643573602,0.395751808087031,-0.0223852748672167,0.049683224906524,-0.0213250540196896,-0.16269454061985,0.98519408305486,-72.231630577824,-64.5797400495867,-40.9493133275938,-81.3624825849442,-91.2578877992196,-56.4913403506744,-43.9408013675394,0.172081633903009,-22.7264028474702
19-Nov-2024 21:29:31,5,43,-0.0794522066911062,0.394358770052592,-0.03678071697553,0.0601635793844859,-0.0171558598677317,-0.160091384251912,0.985117661952972,-70.4149271518714,-57.9596615343524,-38.1020669410718,-78.9152490662658,-94.1387018041418,-58.4930725134972,-42.58628050671,-29.9140301152825,-23.9182439830755
19-Nov-2024 21:29:42,5,44,-0.0702407921353976,0.396115553379059,-0.0473147615790367,0.0643424600362778,-0.0208435848355293,-0.123559700946013,0.990029613176982,-67.2766661564151,-52.8951754487559,-35.6338287404132,-80.2191937168379,-97.4894442644168,-60.2324485857743,-49.3642751359357,-30.5540785366788,-24.3022730359133
19-Nov-2024 21:30:17,5,45,-0.0597327284514904,0.397745682795842,-0.0626596177617709,0.0994979227582614,-0.0252881762882074,-0.105494930346807,0.989106436570485,-63.8991839457106,-50.2028931483405,-33.2760864468228,-82.7225492827848,-100.530222497015,-63.3030027033243,-51.4010120201338,-32.1921586219698,-26.2902081301348
19-Nov-2024 21:30:27,5,46,-0.0531615036229293,0.40161018371582,-0.0743392224113146,0.111504814525445,-0.0332064266006152,-0.0728487864136696,0.990533753236135,-60.7609229502542,-45.1384070627441,-30.8078482461642,-84.0264939333569,-103.88096495729,-65.0423787756014,-58.1790066493595,-32.8322070433661,-26.6742371829726
19-Nov-2024 21:31:03,5,47,-0.0500530076523622,0.402831339836121,-0.0812936668594678,0.129043073455493,-0.0437580436468124,-0.050065799554189,0.98940718571345,-57.2780513471738,-47.2600228697381,-31.3948579990398,-83.0051440416164,-106.851725303727,-67.3723438705149,-60.6363724060715,-34.7962712967099,-27.4852192565022
19-Nov-2024 21:31:14,5,48,-0.0445797388752302,0.406641819079717,-0.0913877243796984,0.13416113058726,-0.0529268505672614,-0.0186631881942352,0.989369130134582,-54.1397903517175,-42.1955367841416,-28.9266197983812,-84.3090886921885,-110.202467764002,-69.111719942792,-67.4143670352972,-35.4363197181062,-27.86924830934
19-Nov-2024 21:31:51,5,49,-0.0406778189043204,0.405603438615799,-0.0778185799717903,0.143444572885831,-0.0574103981256485,-0.0166167815526326,0.9878520210584,-56.6223694916377,-47.086359848704,-31.7142236195027,-88.0632464495484,-107.222070606524,-66.2979051890515,-70.066757076863,-37.3379364361034,-29.8011230059187
19-Nov-2024 21:32:02,5,50,-0.0296950557579597,0.405064684152603,-0.0712981397906939,0.129136676589648,-0.0532402264575164,-0.0115495650097728,0.990129212538401,-59.8772539353699,-46.5841319669713,-31.6242034638572,-85.5550514780646,-102.481664505965,-64.0887959239927,-72.6294615546857,-43.152545238127,-32.8695211921513
19-Nov-2024 21:32:36,5,51,-0.0287950026492278,0.39945387840271,-0.046604685485363,0.0964912712574005,-0.0542615761359533,-0.00225681019946933,0.993851121266683,-63.6459857271961,-49.3784295583861,-33.7229952965951,-84.6780328710026,-96.7462628769458,-60.0773339145931,-74.41200881438,-41.9106579981374,-30.419657633557
19-Nov-2024 21:32:47,5,52,-0.0179325268914302,0.398127700885137,-0.0344646493593852,0.0724739770094554,-0.0504389733076096,0.00388061200889448,0.996086565653483,-66.9008701709283,-48.8762016766533,-33.6329751409496,-82.1698378995189,-92.0058567763865,-57.8682246495343,-76.9747132922027,-47.725266800161,-33.4880558197897
19-Nov-2024 21:33:20,5,53,-0.0151719545945525,0.394592829545339,-0.0146325095867117,0.0425787831346194,-0.0488820488254229,0.0165944854418437,0.997758630911509,-69.1376782887075,-52.7972365314943,-35.1623609794959,-79.202231110246,-87.1429529115975,-55.2079390123052,-79.0723391609612,-46.186627581178,-33.7973231336089
19-Nov-2024 21:33:31,5,54,-0.00316256520648797,0.39441065788269,-0.0040981808056434,0.0233710726102193,-0.0466996255020301,0.026695263509949,0.998278697331746,-72.3925627324397,-52.2950086497615,-35.0723408238504,-76.6940361387622,-82.4025468110382,-52.9988297472464,-81.6350436387839,-52.0012363832016,-36.8657213198415
19-Nov-2024 21:34:06,5,55,0.00461853832627336,0.393231825033824,0.0134524801125129,-0.0128964710359772,-0.0447631113231182,0.0449754466613134,0.997901407877604,-75.2134090131954,-54.0044121363157,-36.4670236653007,-72.9811352583839,-80.5258918283641,-50.3391322961024,-84.3402088120745,-53.6892211747219,-38.9295540698674
19-Nov-2024 21:34:16,5,56,0.017151403427124,0.394554446140925,0.0232714171210925,-0.0345293037593365,-0.0447009203334649,0.0523544249435266,0.997029908498128,-78.4682934569277,-53.5021842545829,-36.3770035096552,-70.4729402869002,-75.7854857278048,-48.1300230310437,-86.9029132898972,-59.5038299767455,-41.9979522561001
19-Nov-2024 21:34:51,5,57,0.0239120331903299,0.394590562582016,0.0359889360765616,-0.068367005387942,-0.0465334892272949,0.0693824778000514,0.994156285127004,-81.1311588191716,-57.4807720569936,-36.2043348525576,-66.7623923609691,-73.2269551861881,-45.6206196729423,-90.6618481154539,-61.1551267735175,-43.3640677242294
19-Nov-2024 21:35:02,5,58,0.0363684197266897,0.397171682119369,0.0457789495587349,-0.0846779694159826,-0.0486456590394179,0.074756812552611,0.992408541838328,-84.3860432629038,-56.9785441752609,-36.1143146969121,-64.2541973894854,-68.4865490856289,-43.4115104078836,-93.2245525932766,-66.9697355755411,-46.4324659104621
19-Nov-2024 21:35:36,5,59,0.0436866807440917,0.399152417977651,0.0571341834962368,-0.111624716718992,-0.0518008460601171,0.0882736360033353,0.988465690612793,-86.9699181658919,-57.3667241355999,-35.7579702905406,-62.869825940778,-62.2870807645409,-42.0272540963035,-96.7603722449663,-73.1776883749389,-44.7497227376431
19-Nov-2024 21:35:46,5,60,0.0541687878469626,0.401717803875605,0.06641862342755,-0.126220562060674,-0.0538683749735355,0.0959164122740428,0.98588369290034,-90.2248026096241,-56.8644962538672,-35.6679501348951,-60.3616309692942,-57.5466746639816,-39.8181448312447,-99.323076722789,-78.9922971769625,-47.8181209238758
19-Nov-2024 21:36:17,5,61,0.0670741870999336,0.403947355349859,0.0762876803676287,-0.161058369278908,-0.0631056641538938,0.10941367050012,0.978829177220662,-91.9441822829843,-39.5574722931703,-36.0447678538865,-57.0653477591986,-50.276737453158,-40.5714620429253,-101.547338787545,-82.9785779776732,-54.3609484305826
19-Nov-2024 21:36:27,5,62,0.0829173212250074,0.408139870564143,0.0732655321558317,-0.144712658723195,-0.0684861982862155,0.105911509195964,0.981402413050334,-91.7707578018663,-40.0738102202169,-36.3545706101145,-60.1661488812684,-52.4680590888229,-41.7187566534624,-101.240428928558,-91.8239012660326,-58.835243867467
19-Nov-2024 21:37:03,5,63,0.0931276922424634,0.412128525972366,0.070476521551609,-0.134576508402824,-0.0742293844620387,0.0911767264207204,0.983903459707896,-93.1545809355623,-56.5627501077814,-34.272792303661,-63.3979058840323,-53.2446151693556,-42.0222645023692,-101.139297863038,-99.3800605537356,-64.6717539645884
19-Nov-2024 21:37:14,5,64,0.105793560047944,0.41629292567571,0.0681043123205503,-0.122028003136317,-0.0768925309181213,0.0863367939988772,0.985770114262899,-92.9811564544443,-57.079088034828,-34.582595059889,-66.4987070061021,-55.4359368050204,-43.1695591129062,-100.832388004052,-108.225383842095,-69.1460494014728
19-Nov-2024 21:37:47,5,65,0.106177282830079,0.416768656174342,0.0570489977796872,-0.0960136363903681,-0.0734306946396828,0.0745121007164319,0.98986732562383,-92.2041339617011,-55.9797002210511,-33.7703912521267,-71.663109181104,-62.0428399942783,-44.9562398360995,-100.600445981054,-109.738623570289,-71.1824987164489
19-Nov-2024 21:37:58,5,66,0.103129050632318,0.418230326970418,0.0419263049960136,-0.0694140911102295,-0.0680985257029533,0.0684908762574196,0.992901456356049,-90.723487661551,-55.7440114270153,-33.6289779757052,-78.1120334157588,-67.7071259611023,-47.7648139401079,-101.615614561322,-111.296445298812,-71.9378407013066
19-Nov-2024 21:38:32,5,67,0.101700387398402,0.419571681817373,0.0322153064111869,-0.0336348876357079,-0.055130057533582,0.0620861095686754,0.995979313055674,-89.9696532651044,-53.5014731231088,-36.6771694336133,-83.8436966205871,-72.7927205391433,-50.2124413537088,-101.782227839957,-113.13197602717,-73.6337363512235
19-Nov-2024 21:38:43,5,68,0.0983543386061986,0.421904404958089,0.0170967843383551,-0.00748393327618639,-0.0496013772984346,0.0561696430047353,0.997160319487254,-88.4890069649543,-53.2657843290729,-36.5357561571917,-90.292620855242,-78.4570065059673,-53.0210154577172,-102.797396420226,-114.689797755692,-74.3890783360811
19-Nov-2024 21:39:13,5,69,0.102663385371367,0.425144513448079,0.00794204734265804,0.0203455330183109,-0.0330048325161139,0.0642322356502215,0.997181526819865,-86.6967666166559,-40.7766707801019,-37.539145247935,-94.8829145749835,-87.5819467783998,-50.2491162165218,-104.138287349678,-116.986473984133,-75.5396971534684
19-Nov-2024 21:39:23,5,70,0.0979320541024208,0.428758146365484,-0.00823015874872605,0.0520584357281526,-0.0252077055474122,0.053090663254261,0.996913190682729,-85.2161203165058,-40.540981986066,-37.3977319715135,-101.331838809638,-93.2462327452238,-53.0576903205302,-105.153455929946,-118.544295712655,-76.295039138326
19-Nov-2024 21:40:00,5,71,0.108346756299337,0.431509973605474,-0.017467599734664,0.0963936135172844,-0.0167725761731466,0.087199346224467,0.99137442111969,-76.6210425670577,-46.4950840032061,-36.2786217918606,-102.978113847558,-93.6509658724939,-55.0727380746221,-107.220822560277,-121.060405796645,-76.4341004110668
19-Nov-2024 21:40:11,5,72,0.114582422375679,0.43308491508166,-0.0259313754737377,0.133808001875877,-0.01189344227314,0.114217353860537,0.984331440925598,-67.6567618416837,-44.9258983978138,-35.3371104286252,-104.428704142935,-90.9753718469598,-53.5780225013158,-108.600328016016,-119.007088630675,-75.2505232675428
19-Nov-2024 21:40:47,5,73,0.119622517625491,0.433494406938553,-0.02440002510945,0.177322476108869,0.000998329429421574,0.149082251389821,0.972795085112254,-59.1770826042726,-45.3933566036878,-34.6817996571811,-105.902136809584,-88.0399413978279,-53.0881885917086,-111.14876405905,-119.388485089685,-73.8282653321512
19-Nov-2024 21:40:58,5,74,0.12587143778801,0.435633248090744,-0.0309584834923347,0.209995062152545,0.00717742688332995,0.174066237608592,0.962055889765422,-50.2128018788986,-43.8241709982956,-33.7402882939458,-107.35272710496,-85.3643473722938,-51.5934730184024,-112.528269514789,-117.335167923715,-72.6446881886272
19-Nov-2024 21:41:34,5,75,0.126077953974406,0.43442557255427,-0.0304301617046197,0.245573190848033,0.0210213014235099,0.191377105315526,0.950066701571147,-42.2408218975061,-43.7983072985364,-32.0418772266061,-108.814738585973,-83.0838351349608,-51.1261982769456,-113.217240264176,-117.024207570236,-71.4167706491694
19-Nov-2024 21:41:45,5,76,0.130046087503433,0.436094685395559,-0.0328323336939017,0.254621416330338,0.0238944205145041,0.201329583923022,0.945549233754476,-33.2765411721321,-42.2291216931442,-31.1003658633707,-110.26532888135,-80.4082411094267,-49.6314827036394,-114.596745719915,-114.970890404266,-70.2331935056454
19-Nov-2024 21:42:25,5,77,0.125235898296038,0.433963869015376,-0.0284354986002048,0.279987702767054,0.0340723449985186,0.207991821567218,0.936581742763519,-35.6084108187487,-44.7315970405686,-30.9804046480832,-112.546629769544,-78.1551879779932,-48.6504875462578,-115.480983822478,-112.963751644541,-69.1774461641545
19-Nov-2024 21:42:36,5,78,0.127888820568721,0.433148789405823,-0.0205354263385137,0.244408043225606,0.0248986702412367,0.22697186867396,0.94240570863088,-40.3348383953897,-44.8689812896109,-31.0628351975085,-104.60301372512,-76.7454546721452,-47.9593593182381,-118.67623143049,-110.513485156063,-67.9660513448198
19-Nov-2024 21:43:13,5,79,0.125090260306994,0.427695113420486,-0.01048649456352,0.210049006342888,0.00952962320297956,0.261369190613429,0.942058797677358,-39.234341158026,-45.9921960150615,-31.4060408209078,-97.074752977105,-75.6969918133474,-45.8750912981807,-120.498845361915,-107.786307870708,-66.8185714265016
19-Nov-2024 21:43:23,5,80,0.127311256527901,0.426230744520823,-0.00112739923254897,0.159341024359067,-0.00262225818199416,0.276385653018951,0.947741798559825,-43.960768734667,-46.1295802641037,-31.4884713703331,-89.1311369326809,-74.2872585074994,-45.1839630701609,-123.694092969927,-105.33604138223,-65.6071766071669
19-Nov-2024 21:44:00,5,81,0.120209706823031,0.420873973766963,0.0124547341217597,0.10682970037063,-0.0209007686624924,0.301607749859492,0.947197639942169,-46.2237339043057,-48.7098797513503,-32.8262894567454,-80.9451985364614,-72.6831604251766,-44.0212649461223,-126.653023739645,-103.047319495313,-62.6277392383405
19-Nov-2024 21:44:11,5,82,0.122247941792011,0.421197990576426,0.0198357215772072,0.0610577317575614,-0.0308626127739747,0.320609939098358,0.944737394650777,-50.9501614809467,-48.8472640003925,-32.9087200061708,-73.0015824920373,-71.2734271193285,-43.3301367181026,-129.848271347658,-100.597053006836,-61.4163444190058
19-Nov-2024 21:44:47,5,83,0.113579498231411,0.418461318810781,0.0338377537826697,0.0123782999813557,-0.0410631313920021,0.348831264177958,0.936203714211782,-53.8448578540865,-49.831105868537,-34.5938443240896,-65.6868052717154,-68.8665114252431,-42.6282235420734,-135.175360536523,-93.8025588191384,-59.4709283249252
19-Nov-2024 21:44:58,5,84,0.115278646349907,0.419517229000727,0.0424718695382277,-0.0368525244295597,-0.048849626382192,0.367368264993032,0.928060448169708,-58.5712854307275,-49.9684901175792,-34.6762748735149,-57.7431892272913,-67.4567781193951,-41.9370953140536,-138.370608144536,-91.3522923306606,-58.2595335055905
19-Nov-2024 21:45:34,5,85,0.119862166047096,0.42212309439977,0.0474928577740987,-0.0272569432854652,-0.0433684875567754,0.365169920523961,0.929530636469523,-59.4894836817544,-52.4521967259424,-34.5615583905416,-61.9686996931914,-62.504757829332,-42.5586860254504,-140.039861416015,-98.1506528098947,-60.5439577660133
19-Nov-2024 21:45:44,5,86,0.126310802499453,0.427005793650945,0.0526241252819697,-0.0125639302656055,-0.0337877362966537,0.371684670448303,0.927658871809642,-60.4985475345319,-57.2876745247546,-37.0204950233214,-66.2547907470403,-58.7263287333875,-40.710669210852,-143.043193897069,-102.771127138739,-62.895392663809
19-Nov-2024 21:46:20,5,87,0.131561125318209,0.429717977841695,0.0482925231258074,0.000653473109317323,-0.0345069358746211,0.372853406270345,0.927248199780782,-60.1121785864341,-55.9972667283421,-36.1676050982247,-69.3855915069148,-60.9611040403836,-43.4724561592511,-144.854486773335,-104.805544542778,-66.6383222429182
19-Nov-2024 21:46:30,5,88,0.135676775376002,0.434114776055018,0.0518979472418626,0.0138494231427709,-0.0255138150105874,0.376418485244115,0.925994825363159,-61.1212424392115,-60.8327445271543,-38.6265417310046,-73.6716825607638,-57.1826749444392,-41.6244393446526,-147.857819254389,-109.426018871621,-68.9897571407138
19-Nov-2024 21:47:06,5,89,0.141986466447512,0.437154183785121,0.0439832992851734,0.0239461606989304,-0.030413223306338,0.373350636164347,0.926882374286652,-61.7325898915514,-55.3302795283543,-37.2545650848461,-77.0051284676255,-64.1358480499649,-44.8563244115529,-149.515131933049,-111.553464738063,-72.7119393791663
19-Nov-2024 21:47:16,5,90,0.1466644992431,0.441686977942785,0.0463809554775556,0.0367031852404277,-0.0209957861651977,0.377344516913096,0.925107149283091,-62.7416537443288,-60.1657573271664,-39.713501717626,-81.2912195214744,-60.3574189540204,-43.0083075969545,-152.518464414102,-116.173939066907,-75.0633742769619
19-Nov-2024 21:47:50,5,91,0.15232179860274,0.445833033323288,0.0460249808927377,0.0518130759398142,-0.01279671266675,0.377439266443253,0.924495140711466,-63.4018593968875,-56.3822637271725,-39.8069817109367,-85.1009880018297,-67.8697909588113,-36.0502417231055,-154.998786993959,-118.722899164549,-77.500182845086
19-Nov-2024 21:48:00,5,92,0.1587250461181,0.450417131185532,0.0479298161963622,0.0573442759613196,-0.00643009167785446,0.383796258767446,0.9216131011645,-64.4109232496649,-61.2177415259847,-42.2659183437166,-89.3870790556787,-64.0913618628668,-34.202224908507,-158.002119475012,-123.343373493393,-79.8516177428817
19-Nov-2024 21:48:34,5,93,0.159365213910739,0.454379584391912,0.0425005286931992,0.0745447754859924,-0.00495687397196889,0.379821187257767,0.922038193543752,-65.470558002333,-62.2687336253939,-43.2421266567619,-95.0850088227808,-45.3333333172899,-47.3491835642832,-160.443947005467,-126.778090706636,-84.3457394758415
19-Nov-2024 21:48:45,5,94,0.162075724204381,0.458500365416209,0.0441234062115351,0.0876455048720042,0.00443570368612806,0.380266098181407,0.920704253514608,-66.4796218551105,-67.1042114242061,-45.7010632895418,-99.3710998766298,-41.5549042213455,-45.5011667496847,-163.44727948652,-131.39856503548,-86.6971743736372
19-Nov-2024 21:49:18,5,95,0.162913606564204,0.462806536753972,0.0436030964056651,0.097597328821818,0.0114444795995951,0.373639446496964,0.922354273001353,-67.9639711578332,-69.7474463733167,-47.1936357624543,-103.538110287105,-28.0366754005848,-50.1006376702739,-165.719859492274,-137.076160806524,-89.744952689015
19-Nov-2024 21:49:28,5,96,0.152419797579447,0.459976025422414,0.052553087969621,0.0709207544724147,0.00702365624407927,0.346021459499995,0.93551595211029,-75.5766285485124,-71.7076092649327,-48.2191626837645,-102.838267090447,-28.4911301556069,-50.3733105232872,-159.892559763558,-136.133085440003,-89.3188604812569
19-Nov-2024 21:50:13,5,97,0.143798005580902,0.45616007844607,0.0562224355836709,0.0548047763605913,0.00276330822768311,0.299554349978765,0.952499894301097,-80.0519286641642,-72.3466507316979,-49.3615075251411,-102.603883572103,-71.9256850482216,-49.8197272438943,-156.399883797192,-139.393570794582,-87.1409399822899
19-Nov-2024 21:50:24,5,98,0.136579119165738,0.454411379496256,0.062111896276474,0.0309789794186751,-0.00361282528998951,0.269464194774628,0.962505249182383,-87.6645860548434,-74.3068136233139,-50.3870344464513,-101.904040375445,-72.3801398032438,-50.0924000969076,-150.572584068476,-138.450495428062,-86.7148477745318
19-Nov-2024 21:50:58,5,99,0.122033707797527,0.450829436381658,0.0705504700541496,0.00793967631955942,-0.0075608575095733,0.217285469174385,0.976046562194824,-94.3085648080089,-76.4314158025045,-51.3959703277947,-102.786927017943,-52.0996446270616,-50.5519448837178,-144.787596220935,-141.559200422091,-79.2628414211693
19-Nov-2024 21:51:08,5,100,0.115665337443352,0.449940236409505,0.075695659716924,-0.0115405643979708,-0.0139682365581393,0.191178264220556,0.981388123830159,-101.921222198688,-78.3915786941204,-52.4214972491049,-102.087083821286,-52.5540993820837,-50.824617736731,-138.960296492219,-140.61612505557,-78.8367492134112
19-Nov-2024 21:52:13,6,1,0.00265985075384378,0.322344096501668,0.0436326811710993,-0.0160816474507252,-0.0335419128338496,0.00908467664072911,0.99926666021347,-7.95000000000001,-0.075,-4.57500000000001,-6.67500000000001,-8.40000000000001,-6.00000000000001,-10.5,-4.275,-7.35000000000001
19-Nov-2024 21:52:23,6,2,0.000565268464076022,0.326897782087326,0.0406490137179693,-0.012604011533161,-0.033877103527387,0.0135264569272598,0.999255033334096,-11.7172608647262,-3.72413425063533,-6.55809176789454,-11.0229104931283,-12.178522430449,-8.04778746932839,-16.2437898605399,-5.86023291800148,-8.3011397508009
19-Nov-2024 21:52:53,6,3,0.00168676065125813,0.330959777037303,0.0413957255582015,-0.0167523259917895,-0.0343439891934395,0.0220308415591717,0.999026815096537,-15.8595217294523,-18.7357685012706,-9.55368353578908,-14.2083209862566,-18.432044860898,-11.3705749386568,-20.8625797210798,-8.68296583600297,-11.6522795016018
19-Nov-2024 21:53:04,6,4,-0.000743502106827994,0.335706545909246,0.0406656836469968,-0.0136702456821998,-0.0353824190795422,0.0302805993705988,0.998821500937144,-19.6267825941784,-22.384902751906,-11.5367753036836,-18.5562314793849,-22.2105672913469,-13.4183624079852,-26.6063695816198,-10.2681987540045,-12.6034192524027
19-Nov-2024 21:53:32,6,5,-0.00071378576491649,0.340414390961329,0.0411215456823508,-0.0168638737251361,-0.0358571618795395,0.0326801394422849,0.998680110772451,-24.5565434589046,-23.3152870025413,-16.5761170715781,-22.6228919725132,-24.8265897217959,-17.3786498773136,-32.0126594421597,-14.6471816720059,-13.7795590032035
19-Nov-2024 21:53:43,6,6,-0.0032825806333373,0.345135770241419,0.0392207659780979,-0.0136441110943755,-0.0373287719984849,0.040422185510397,0.998391981919607,-28.3238043236307,-26.9644212531766,-18.5592088394727,-26.9708024656415,-28.6051121522449,-19.4264373466419,-37.7564493026996,-16.2324145900074,-14.7306987540044
19-Nov-2024 21:54:12,6,7,-0.00178224220871925,0.349585457642873,0.0391212694346905,-0.0163561804840962,-0.0378935923178991,0.0386337106426557,0.998400747776031,-32.8973151883568,-28.204180503812,-20.7954256073672,-31.6280879587699,-32.2523845826939,-22.6554748159703,-41.9814891632396,-21.9145225080089,-16.0193385048053
19-Nov-2024 21:54:22,6,8,-0.0033892133894066,0.354213136434555,0.0376560466984908,-0.0130715378870567,-0.0388459237913291,0.0521593709786733,0.997797385851542,-36.664576053083,-31.8533147544473,-22.7785173752617,-35.9759984518981,-36.0309070131429,-24.7032622852987,-47.7252790237795,-23.4997554260103,-16.9704782556062
19-Nov-2024 21:54:51,6,9,-0.00103708386110763,0.358312745889028,0.0371117127438386,-0.00528876539319754,-0.0384207263588905,0.0521586768329143,0.997885477542877,-39.6349619178091,-33.9977615050827,-24.6631716431563,-40.1785964450265,-38.9938044435918,-26.8166747546271,-52.2596938843194,-28.1834258440118,-18.9153680064071
19-Nov-2024 21:55:02,6,10,-0.00355963703865806,0.363237235943476,0.0338561897476514,-0.0043667854120334,-0.0401941647132238,0.059498456120491,0.997409323851267,-43.4022227825353,-37.646895755718,-26.6462634110508,-44.5265069381548,-42.7723268740408,-28.8644622239555,-58.0034837448593,-29.7686587620132,-19.866507757208
19-Nov-2024 21:55:32,6,11,0.000373279580768819,0.368810472885768,0.0353760562837124,0.00309809199534357,-0.0396709024906158,0.0641629328330358,0.997145807743072,-48.1210461472614,-40.5436862563533,-29.0301364289453,-51.2017611812831,-44.8680368044898,-31.3950621932838,-65.0175861053993,-35.1531104300147,-22.5145225080088
19-Nov-2024 21:55:43,6,12,-0.00158975490679344,0.373077034950256,0.0330970272421837,0.0064675801123182,-0.0408247224986553,0.0708653767903646,0.99662914276123,-51.8883070119875,-44.1928205069887,-31.0132281968399,-55.5496716744114,-48.6465592349388,-33.4428496626122,-70.7613759659392,-36.7383433480161,-23.4656622588097
19-Nov-2024 21:56:17,6,13,0.00286510152121385,0.376592489083608,0.0265776763359706,0.0537613041698933,-0.0404442330201467,0.0522500142455101,0.996365368366241,-51.1582538898361,-45.0511619091272,-30.1413801788698,-66.0102063750797,-46.9230172332471,-34.2161927552271,-70.8741418496776,-41.2429999076233,-26.552128069574
19-Nov-2024 21:56:28,6,14,-0.000481533414373795,0.379033589363098,0.0170339375734329,0.0971190179387728,-0.0412780503431956,0.0420154151817163,0.99352844953537,-48.5274195176847,-43.5106751862657,-29.1441415358998,-74.4820692007481,-46.6408814815553,-33.8481295978419,-70.426751483416,-38.9730470922305,-25.1901563803383
19-Nov-2024 21:57:01,6,15,0.00209400933235884,0.379971998929977,0.010034581584235,0.141918976108233,-0.0398766698936621,0.0307678525646528,0.988596109549205,-44.5219757705332,-39.8696025259042,-28.8845982054298,-81.1732679639164,-46.6130426048636,-34.5757695654568,-69.0594392421544,-41.6653989643377,-27.8524034411026
19-Nov-2024 21:57:12,6,16,-0.00161241975923379,0.38355975151062,-2.5058543663666e-05,0.188421182831128,-0.0404210972289244,0.0170832816511393,0.981107457478841,-41.8911413983818,-38.3291158030427,-27.8873595624598,-89.6451307895848,-46.3309068531719,-34.2077064080716,-68.6120488758929,-39.3954461489449,-26.4904317518669
19-Nov-2024 21:57:52,6,17,0.00112637134734541,0.385639470815659,-0.00836232174187899,0.237828809022903,-0.0403253346681595,0.0222875287135442,0.970213719209035,-37.7480023387304,-45.3383361114312,-28.7589685757397,-96.1016615840031,-54.8759195389801,-35.4374948131864,-69.4296975721313,-42.3066456773023,-29.0905694376312
19-Nov-2024 21:58:03,6,18,-0.00418957943717639,0.390900095303853,-0.0191035100569328,0.282442351182302,-0.0421373362342517,0.005170572300752,0.958344435691833,-35.117167966579,-43.7978493885697,-27.7617299327697,-104.573524409671,-54.5937837872884,-35.0694316558013,-68.9823072058697,-40.0366928619095,-27.7285977483956
19-Nov-2024 21:58:44,6,19,-0.00310214902274311,0.394592366615931,-0.0265806753188372,0.337082739671071,-0.0412291770180066,-0.00237731264593701,0.940568852424622,-31.9551812506776,-45.4822161813331,-29.4239151179246,-112.862721219715,-57.9002222543466,-37.0002942796661,-69.1674363708581,-43.582316218392,-29.6976807466598
19-Nov-2024 21:58:55,6,20,-0.00576183550680677,0.394964466492335,-0.0294582154601812,0.322674884398778,-0.0403299835820993,-0.0278367141882579,0.945240481694539,-36.1437504981211,-43.0701690631838,-28.4401706590559,-112.803747218254,-62.8596471340584,-39.702285819728,-63.7983412200154,-47.3599719389803,-31.8087877071599
19-Nov-2024 21:59:31,6,21,-0.0242065699150165,0.395022775729497,-0.0276345353573561,0.322262221574783,-0.0477686196565628,-0.0791454136371613,0.942125944296519,-40.1417435736896,-47.8955487028468,-30.4361381142496,-115.728440208981,-60.5383591231453,-40.4787402504148,-58.2955058347977,-41.7454157455058,-28.38542201141
19-Nov-2024 21:59:41,6,22,-0.0251717772334814,0.395639439423879,-0.029558905462424,0.304379485050837,-0.0427979444464048,-0.105944086114566,0.94567297299703,-44.3303128211332,-45.4835015846974,-29.4523936553808,-115.669466207521,-65.4977840028571,-43.1807317904767,-52.926410683955,-45.523071466094,-30.49652897191
19-Nov-2024 22:00:16,6,23,-0.0420985812942187,0.396026426553726,-0.0312581224987904,0.296090424060822,-0.0448644156257312,-0.151241501172384,0.942042291164398,-47.8235939826392,-48.9401678454543,-29.8085051535433,-116.202325702154,-67.6418524372565,-44.394954775851,-47.4154454159249,-39.204621229651,-28.4903996042851
19-Nov-2024 22:00:27,6,24,-0.0424397560457389,0.397623429695765,-0.0385603641470273,0.281418093045553,-0.0359011297424634,-0.178386306762695,0.942174792289734,-52.0121632300827,-46.5281207273049,-28.8247606946746,-116.143351700693,-72.6012773169683,-47.0969463159129,-42.0463502650822,-42.9822769502392,-30.6015065647852
19-Nov-2024 22:01:01,6,25,-0.0543628508845965,0.399320292472839,-0.0435475677251816,0.272547527154287,-0.0266214411705732,-0.227684785922368,0.934435033798218,-54.9530884345575,-48.7754302986087,-29.2609442143214,-116.755294447279,-75.028023974024,-49.505053578631,-35.9313200556458,-40.4368796923118,-31.1039953612227
19-Nov-2024 22:01:12,6,26,-0.0640167807539304,0.403464430570602,-0.047480484098196,0.289340029160182,-0.0307192075997591,-0.231408368547757,0.928325851758321,-53.0697443552406,-54.0440052032166,-31.6980032323091,-120.553338229715,-78.7190106637734,-51.1533184891894,-36.4972652338435,-36.9097306306199,-29.1431923960605
19-Nov-2024 22:01:45,6,27,-0.0635862027605375,0.406482136249542,-0.0596023201942444,0.309858353932699,-0.0283613288154205,-0.224762540062269,0.923398756980896,-52.5875782544393,-49.4172584525512,-30.4200262395546,-122.886840386174,-80.9936582421947,-53.179641261076,-37.7402428827443,-36.7460550796702,-28.703080348867
19-Nov-2024 22:01:55,6,28,-0.0752121160427729,0.411742188533147,-0.0640633796652158,0.32876097758611,-0.0360449691613515,-0.231159448623657,0.91497665643692,-50.7042341751223,-54.6858333571591,-32.8570852575423,-126.68488416861,-84.6846449319442,-54.8279061716344,-38.306188060942,-33.2189060179784,-26.7422773837048
19-Nov-2024 22:02:29,6,29,-0.0702986553311348,0.413360889752706,-0.0739317094286283,0.349186394611994,-0.0366010350485643,-0.216488122940063,0.910967687765757,-48.8464790850632,-52.5317474341304,-33.0616262701589,-127.950657138057,-87.6674620660296,-56.4402000128569,-39.8856494744913,-35.4984937116575,-28.241819877527
19-Nov-2024 22:02:39,6,30,-0.0816712255279223,0.418193823099136,-0.0764527415235837,0.36499261657397,-0.0467223423222701,-0.221046448747317,0.903180996576945,-46.9631350057462,-57.8003223387383,-35.4986852881466,-131.748700920493,-91.358448755779,-58.0884649234154,-40.451594652689,-31.9713446499657,-26.2810169123647
19-Nov-2024 22:03:14,6,31,-0.0831215451161067,0.419700070222219,-0.0794042706489563,0.381726125876109,-0.0565103945632776,-0.211956484119097,0.897867588202159,-45.4675854210582,-60.2575668295279,-36.4444853034487,-133.005609296435,-95.1453506676965,-60.3187442993058,-40.9242979485625,-33.4475639659594,-28.0753866766947
19-Nov-2024 22:03:25,6,32,-0.0756844530502955,0.419932196537654,-0.0886251106858253,0.396719529231389,-0.0516655636330446,-0.201036747296651,0.894163584709167,-39.7577547701707,-53.2975499292709,-32.8891202416749,-131.996557586695,-94.6218427995205,-59.9816337535725,-39.9765518799188,-34.5518570333831,-28.5521765987612
19-Nov-2024 22:03:58,6,33,-0.0655674199263255,0.423345545927684,-0.106191462775071,0.431694048643112,-0.0413822410007318,-0.194391274452209,0.879852159818013,-34.5418213665977,-43.3568678221047,-28.8131256785583,-134.891938173708,-95.4962925424285,-59.2605304405052,-38.9071848701131,-34.0328342896497,-27.3065528855739
19-Nov-2024 22:04:09,6,34,-0.0580959476530552,0.424696644147237,-0.116295138994853,0.445005404949188,-0.0348481463889281,-0.18480677207311,0.875558265050252,-28.8319907157102,-36.3968509218477,-25.2577606167844,-133.882886463969,-94.9727846742525,-58.9234198947718,-37.9594388014694,-35.1371273570734,-27.7833428076404
19-Nov-2024 22:04:47,6,35,-0.0654207388559977,0.42393178542455,-0.110308768848578,0.439864601691564,-0.038406519840161,-0.199046080311139,0.874885563055674,-32.1441086884799,-40.171501418136,-26.6920808043391,-134.751050902605,-91.9982556116185,-58.0943129653715,-36.5758822622447,-32.2047625189186,-26.49892591208
19-Nov-2024 22:04:58,6,36,-0.0585190206766129,0.424904028574626,-0.118142166733742,0.449624331792196,-0.0322089567780495,-0.191486200690269,0.871856387456258,-26.4342780375924,-33.211484517879,-23.1367157425653,-133.741999192866,-91.4747477434425,-57.7572024196382,-35.6281361936011,-33.3090555863424,-26.9757158341466
19-Nov-2024 22:05:33,6,37,-0.0658072685201963,0.420964906613032,-0.10644354224205,0.432414285341899,-0.0403247555096944,-0.194797071814537,0.879457739988963,-32.1354216985334,-17.0688013158948,-25.7511933054557,-132.846555557314,-91.0007292780375,-57.0240936820714,-36.4124848896669,-24.1450197009769,-25.5969023473996
19-Nov-2024 22:05:44,6,38,-0.0614586825172106,0.422085907061895,-0.114282428721587,0.443805466095607,-0.0372525818645954,-0.186838186780612,0.875637177626292,-26.4255910476459,-10.1087844156378,-22.1958282436818,-131.837503847575,-90.4772214098615,-56.686983136338,-35.4647388210232,-25.2493127684007,-26.0736922694662
19-Nov-2024 22:06:20,6,39,-0.0611669612427553,0.420487203200658,-0.107215676208337,0.431746512651443,-0.0379378125071526,-0.186245010296504,0.881741746266683,-31.4717365794944,-2.98689662231177,-25.9374167705365,-132.302184054294,-91.7792605119113,-57.5870757765072,-37.9394659603289,-32.670987913161,-26.1832549113907
19-Nov-2024 22:06:31,6,40,-0.0457396104931831,0.419445572296778,-0.1058684065938,0.429294027884801,-0.0257101692259312,-0.174671614170074,0.885740069548289,-30.8123949554284,-1.95634197984937,-25.3190839850591,-131.13506022392,-93.1315549125756,-58.1601675125931,-40.8981457172798,-40.5018275343159,-29.9956192577219
19-Nov-2024 22:07:06,6,41,-0.0385690140227477,0.415404679377874,-0.0994466414054235,0.397604664166768,-0.0230822082608938,-0.155705257256826,0.903954450289408,-34.3557969093198,0.394879238044821,-27.1807118557477,-125.383838412092,-96.1837216639327,-58.6717597007206,-43.7648491654081,-43.2530849172736,-32.7815827518498
19-Nov-2024 22:07:17,6,42,-0.0252821041891972,0.415678157409032,-0.099399205048879,0.394698095321655,-0.0148422198370099,-0.139877586563428,0.907979846000671,-33.6964552852539,1.42543388050722,-26.5623790702702,-124.216714581718,-97.536016064597,-59.2448514368065,-46.7235289223591,-51.0839245384285,-36.593947098181
19-Nov-2024 22:07:52,6,43,-0.0167180842409531,0.413971755901972,-0.0963541333874067,0.364920808871587,-0.00537533337871234,-0.131205018361409,0.921731619040171,-37.0884854501668,4.54132181068551,-27.1840266128758,-123.457541760616,-98.6882466406076,-59.7121933989133,-48.8862205248987,-56.5999730404848,-39.8931110184106
19-Nov-2024 22:08:03,6,44,-0.000214368776990644,0.415176985661189,-0.0963630969325701,0.35952711502711,0.00776529296611746,-0.117156801621119,0.925718176364899,-36.4291438261009,5.57187645314791,-26.5656938273984,-122.290417930242,-100.040541041272,-60.2852851349992,-51.8449002818496,-64.4308126616398,-43.7054753647418
19-Nov-2024 22:08:40,6,45,0.0114215759560466,0.415520586570104,-0.0935876553257306,0.332801598310471,0.017179744814833,-0.105892813205719,0.936874969800313,-41.0954880965246,6.82009773946826,-26.7173512059625,-121.477269604504,-102.117803529609,-61.0305019840955,-51.4055859615949,-71.4042567232454,-47.4112394980222
19-Nov-2024 22:08:50,6,46,0.0281419740368923,0.418039095401764,-0.0929346601168315,0.327841313680013,0.0244919369618098,-0.0842106143633525,0.940653395652771,-40.4361464724586,7.85065238193065,-26.099018420485,-120.310145774129,-103.470097930274,-61.6035937201814,-54.3642657185458,-79.2350963444003,-51.2236038443534
19-Nov-2024 22:09:28,6,47,0.0339619326094786,0.417565351724625,-0.086674065887928,0.300213116407394,0.0271324635793765,-0.0744449322422345,0.950575574239095,-43.7882702950213,8.81029948303138,-27.3235252350028,-117.450848704249,-104.41078222902,-60.9561750262243,-61.6390545908196,-83.531780018817,-57.1979130870065
19-Nov-2024 22:09:39,6,48,0.0521544091403484,0.419510457913081,-0.0819339474042257,0.290746440490087,0.0278032795836528,-0.0385543922583262,0.955618691444397,-43.127551170339,8.53611326220313,-27.4880369674997,-114.264563882049,-102.58898248393,-60.072693775762,-70.1628405016962,-88.3321614730083,-59.6255224361849
19-Nov-2024 22:10:22,6,49,0.0682588502764702,0.420816326141357,-0.0796172355612119,0.282424678405126,0.0171797219663858,0.0185703090081612,0.958955844243368,-42.0732535192791,-36.5711562976609,-11.0075462410072,-112.291772936009,-97.048424760758,-58.7072438035524,-79.4871278932714,-92.5806940373123,-60.2264817321007
19-Nov-2024 22:10:33,6,50,0.0860091328620911,0.424110374848048,-0.0720804383357366,0.270431377490362,0.0134785069773595,0.0673772638042768,0.960284094015757,-41.4125343945968,-36.8453425184892,-11.1720579735041,-109.10548811381,-95.2266250156678,-57.8237625530901,-88.0109138041481,-97.3810754915037,-62.6540910812792
19-Nov-2024 22:11:14,6,51,0.0982184678316116,0.423297699292501,-0.0532686449587345,0.241175371408463,0.00535297403112054,0.116742532451948,0.963419433434804,-42.5050260067258,-14.911070408835,-28.3640684765062,-105.10095022969,-98.0704462815367,-56.3242969417541,-97.009950455374,-101.830532500751,-68.5183754038263
19-Nov-2024 22:11:25,6,52,0.115201634168625,0.428740012645721,-0.0485748405257861,0.227630563577016,0.00253627261457344,0.164873900016149,0.959684558709462,-41.8443068820435,-15.1852566296633,-28.5285802090031,-101.914665407491,-96.2486465364464,-55.4408156912918,-105.533736366251,-106.630913954943,-70.9459847530048
19-Nov-2024 22:12:09,6,53,0.125954936941465,0.429472301403681,-0.0418164648115635,0.210997103651365,-0.000182681944473491,0.19076441526413,0.958691370487213,-41.2806300903579,-37.3440895602776,-27.6602010306819,-98.7805604007135,-95.1911966927791,-53.9365337247801,-107.810907167836,-109.083265023741,-73.8020692738226
19-Nov-2024 22:12:20,6,54,0.12931308845679,0.430479274193446,-0.0312492597848177,0.177883550524712,-0.00603217044845223,0.203140219052633,0.962837020556132,-47.2653479302669,-39.4821516561329,-28.9280724671081,-95.3055819248959,-91.5009363436322,-52.2902439387052,-112.025452599247,-111.411078315011,-75.1648163079561
19-Nov-2024 22:12:54,6,55,0.14100229938825,0.431009793281555,-0.0208190326889356,0.172562018036842,-0.00291704443904261,0.236029894153277,0.956296900908152,-43.2258684543782,-19.6805991693675,-28.8278185961606,-93.5760401835982,-87.1770812472251,-50.0399580624119,-115.646310715746,-113.501160495045,-77.2742320854318
19-Nov-2024 22:13:05,6,56,0.145350023110708,0.433048059542974,-0.00961529053747654,0.143487070004145,-0.00621748169263204,0.247225787242254,0.958254782358805,-49.2105862942872,-21.8186612652227,-30.0956900325868,-90.1010617077807,-83.4868208980783,-48.393668276337,-119.860856147157,-115.828973786315,-78.6369791195653
19-Nov-2024 22:13:43,6,57,0.161577152212461,0.435758864879608,-0.00421689211701353,0.138857282201449,-0.00449436493217945,0.293906035025915,0.945683745543162,-42.0832054762971,-41.4119160697677,-28.8794988153261,-85.473801599223,-80.1547631753013,-46.9703804451529,-123.403557921112,-118.187921521966,-79.3230605253699
19-Nov-2024 22:13:54,6,58,0.164239650964737,0.437216707070669,0.00761019745841622,0.106887242694696,-0.00886681334426006,0.298823724190394,0.948262043793996,-48.0679233162061,-43.549978165623,-30.1473702517523,-81.9988231234055,-76.4645028261544,-45.324090659078,-127.618103352523,-120.515734813236,-80.6858075595034
19-Nov-2024 22:14:28,6,59,0.175506078203519,0.439125867684682,0.0209376413375139,0.0750129376848539,-0.0163099158555269,0.33736625512441,0.938238294919332,-45.9215918271656,-44.9656366158232,-30.5482103613351,-75.9227038312179,-72.5783437901925,-44.3143018504486,-130.446726955206,-122.859115326697,-80.9602217794725
19-Nov-2024 22:14:39,6,60,0.179801593224208,0.442111927270889,0.0313692641754945,0.0466400715212027,-0.0213164372990529,0.33970738252004,0.939132142066956,-51.9063096670746,-47.1036987116785,-31.8160817977613,-72.4477253554003,-68.8880834410456,-42.6680120643737,-134.661272386617,-125.186928617967,-82.322968813606
19-Nov-2024 22:15:15,6,61,0.183304620782534,0.445886860291163,0.0460240053633849,0.0149296525865793,-0.0289079573005438,0.370056430498759,0.928439398606618,-54.6505028425088,-50.5305589847063,-31.6004375707658,-69.8471764713977,-65.2498737484912,-43.5149727670215,-141.407856903664,-126.622525520333,-83.1415494406573
19-Nov-2024 22:15:26,6,62,0.18686298429966,0.450206943353017,0.0567853848139445,-0.0154713941117128,-0.0338799233237902,0.378678995370865,0.924778358141581,-60.6352206824178,-52.6686210805616,-32.868309007192,-66.3721979955802,-61.5596133993443,-41.8686829809466,-145.622402335075,-128.950338811603,-84.5042964747908
19-Nov-2024 22:16:03,6,63,0.192980419596036,0.455417646964391,0.0670359323422114,-0.0442015285293261,-0.0478412153820197,0.398588448762894,0.914814031124115,-62.7496761900895,-54.4760822650031,-32.1944226119073,-64.1594343156701,-58.1953783784937,-43.794018439233,-150.052967309304,-131.50704390842,-87.6949603053832
19-Nov-2024 22:16:14,6,64,0.194800767302513,0.459975938002268,0.0776670515537262,-0.0771175965666771,-0.0556914277374744,0.401595302422841,0.910863633950551,-68.7343940299984,-56.6141443608584,-33.4622940483335,-60.6844558398525,-54.5051180293468,-42.1477286531581,-154.267512740715,-133.83485719969,-89.0577073395167
19-Nov-2024 22:16:50,6,65,0.198317937056224,0.46437059044838,0.0858590339620908,-0.122961218655109,-0.083310222129027,0.41602351864179,0.897142362594604,-72.5589807037888,-57.2369060010067,-32.4842865689043,-56.5655847619887,-54.802870344348,-43.7122514892639,-156.415067943535,-137.177116393734,-90.5094127718796
19-Nov-2024 22:17:01,6,66,0.201724586884181,0.470052456855774,0.0965649828314781,-0.155562138557434,-0.0933104440569878,0.417780184745789,0.89025464852651,-78.5436985436978,-59.374968096862,-33.7521580053305,-53.0906062861711,-51.1126099952011,-42.065961703189,-160.629613374946,-139.504929685004,-91.8721598060131
19-Nov-2024 22:17:40,6,67,0.204222489396731,0.476255597670873,0.10231982866923,-0.200919854640961,-0.132642621795336,0.426581293344498,0.871817394097646,-83.6733508005474,-60.7553799648637,-32.622089983829,-50.0436815093304,-54.8913559781282,-45.1750782282044,-166.210663692062,-142.039965927661,-94.2543860392614
19-Nov-2024 22:17:51,6,68,0.204416746894519,0.482085688908895,0.112963090340296,-0.230462996164958,-0.141654093066851,0.429544013738632,0.8615758061409,-89.6580686404564,-62.893442060719,-33.8899614202552,-46.5687030335129,-51.2010956289813,-43.5287884421295,-170.425209123473,-144.367779218931,-95.6171330733949
19-Nov-2024 22:18:26,6,69,0.200376641750336,0.486213912566503,0.116117266813914,-0.262345439195633,-0.172430308659871,0.428021323680878,0.8474906762441,-94.3152536888358,-65.4776790426476,-32.8338631277176,-44.5827514071837,-37.6703384458716,-43.0602018115998,-174.498006997736,-146.574203985894,-96.8896197070858
19-Nov-2024 22:18:37,6,70,0.193328335881233,0.481585212548574,0.116082412004471,-0.25174400806427,-0.163266883293788,0.411377835273743,0.860660882790883,-94.2521460310751,-68.4715341520245,-34.100355350806,-46.993730679808,-35.365985129871,-41.6775898219994,-166.684805231173,-142.769656656855,-94.7569107109664
19-Nov-2024 22:19:13,6,71,0.180450719594955,0.471742560466131,0.109720820188522,-0.238441584507624,-0.152569340666135,0.370293213923772,0.884732258319855,-95.7002719775497,-64.2634767044378,-34.8048627094124,-49.4742233771765,-28.4413833968889,-42.5338294101716,-158.425729686035,-145.354415065663,-91.5290715146256
19-Nov-2024 22:19:24,6,72,0.175660015145938,0.467064791917801,0.110341774423917,-0.224707391858101,-0.147286025683085,0.335438017050425,0.902936748663584,-95.6371643197891,-67.2573318138147,-36.0713549325008,-51.8852026498008,-26.1370300808883,-41.1512174205713,-150.612527919472,-141.549867736625,-89.3963625185062
19-Nov-2024 22:20:07,6,73,0.162798310319583,0.456341228882472,0.101887928942839,-0.213440520564715,-0.134742704033852,0.296240458885829,0.921156418323517,-96.554673464146,-62.8252306447099,-36.0068547233483,-53.2809386347972,-54.6725525563971,-44.7880312198573,-145.201389263622,-141.314973276509,-85.0660884222762
19-Nov-2024 22:20:18,6,74,0.158818868796031,0.453709129492442,0.102950712541739,-0.20245805879434,-0.130245002110799,0.272469266255697,0.931561851501465,-96.4915658063854,-65.8190857540868,-37.2733469464367,-55.6919179074215,-52.3681992403965,-43.405419230257,-137.388187497058,-137.51042594747,-82.9333794261567
19-Nov-2024 22:20:57,6,75,0.143809428811073,0.443394406636556,0.0978108848134677,-0.193143257498741,-0.117118643224239,0.224163025617599,0.948013647397359,-97.4437665496836,-60.5999627242229,-37.1993429534046,-57.8952755362318,-53.0337838201507,-42.8825201350999,-129.876017285852,-134.215705052893,-79.026887879982
19-Nov-2024 22:21:08,6,76,0.137786317865054,0.439579584201177,0.0967750375469526,-0.178244494398435,-0.11223071316878,0.188744391997655,0.959170826276143,-97.3806588919229,-63.5938178335998,-38.465835176493,-60.3062548088561,-50.7294305041502,-41.4999081454995,-122.062815519288,-130.411157723855,-76.8941788838626
19-Nov-2024 22:21:41,6,77,0.116889134049416,0.429778999090195,0.0903448566794395,-0.158119289080302,-0.0950743585824966,0.145303812623024,0.972031887372335,-97.3752054346917,-60.9061838733563,-39.2120792915212,-63.0634232595735,-27.5600461360267,-41.5221526031208,-114.550129530403,-126.561523612047,-72.9745786127155
19-Nov-2024 22:21:51,6,78,0.111714995404085,0.427098528544108,0.0906877865393956,-0.14751682082812,-0.0917943055431048,0.113547135392825,0.978222731749217,-97.3120977769311,-63.9000389827332,-40.4785715146096,-65.4744025321977,-25.2556928200261,-40.1395406135205,-106.73692776384,-122.756976283008,-70.8418696165961
19-Nov-2024 22:22:26,6,79,0.0938480501373609,0.419676395257314,0.0900104368726413,-0.130804778138796,-0.0789256786306699,0.0684964671730995,0.985884940624237,-97.0528172194352,-64.7281495572999,-41.4849396836679,-68.2084763938686,-13.6438239779641,-40.734356847531,-100.723983886116,-119.754885562585,-68.0407149829629
19-Nov-2024 22:22:36,6,80,0.0875910629828771,0.417667893568675,0.0907374680042267,-0.118905207018057,-0.0763511672616005,0.0378835221131643,0.989240598678589,-96.9897095616745,-67.7220046666769,-42.7514319067563,-70.6194556664929,-11.3394706619635,-39.3517448579307,-92.9107821195523,-115.950338233546,-65.9080059868435
19-Nov-2024 22:23:11,6,81,0.0689355845252673,0.411663013696671,0.0891658167044322,-0.0971159403522809,-0.066930611928304,-0.00445306568096081,0.993010071913401,-96.4535154540463,-69.8579875086487,-43.4378621028296,-73.7919822336404,-5.28135958293224,-40.3828469801359,-86.6727092974085,-112.847019208815,-63.5910741719672
19-Nov-2024 22:23:22,6,82,0.0620157929758231,0.409899723529816,0.0915979926784833,-0.0871410772204399,-0.0661442885796229,-0.0377539684375127,0.993280450503031,-96.3904077962856,-72.8518426180256,-44.704354325918,-76.2029615062647,-2.97700626693164,-39.0002349905355,-78.8595075308451,-109.042471879776,-61.4583651758477
19-Nov-2024 22:24:09,6,83,0.0387098876138528,0.404056396087011,0.0918142502506574,-0.0688742448886236,-0.0596132919192314,-0.0870879337191582,0.992027401924133,-95.8657569135912,-74.1417615936999,-45.8308155354989,-78.0947144261506,-47.9207740694164,-39.349480056838,-71.7588702364916,-104.163538702892,-58.4835447703499
19-Nov-2024 22:24:20,6,84,0.033957784374555,0.404500224192937,0.0988582422335943,-0.0759547173976898,-0.0578006160755952,-0.0764506335059802,0.992494503657023,-94.7127638571912,-80.239312812506,-49.0539947121501,-74.9852123046282,-49.6648097418982,-40.3959014603271,-73.1457677359107,-97.9640274247651,-55.5581926985349
19-Nov-2024 22:24:59,6,85,0.0159728535761436,0.401761951049169,0.112414597471555,-0.0872879793246587,-0.0461103489001592,-0.0546088799834251,0.993615893522898,-92.7289991883243,-85.8598959644608,-53.9321583820475,-72.2160970067365,-46.4579059736227,-37.3582513917675,-74.5139474714347,-91.9023232227157,-51.6867849220306
19-Nov-2024 22:25:09,6,86,0.00890996437519789,0.403202970822652,0.119842019180457,-0.0942741905649503,-0.0414845339953899,-0.0409956199427446,0.993836438655853,-91.5760061319243,-91.9574471832669,-57.1553375586988,-69.1065948852141,-48.2019416461046,-38.4046727952567,-75.9008449708539,-85.7028119445893,-48.7614328502156
19-Nov-2024 22:25:48,6,87,-0.00794789542754491,0.403289677699407,0.133163706461589,-0.114582019050916,-0.0251765740414461,-0.0152131936823328,0.992978207270304,-91.5826272692908,-98.1165143686473,-62.0310089819731,-65.0422861755071,-45.5205075982076,-35.7590584627213,-78.9283835883255,-78.8972042045013,-45.963052926056
19-Nov-2024 22:25:59,6,88,-0.0164733403672775,0.405802873770396,0.141596923271815,-0.121899755795797,-0.0167374268174171,-0.00308230300433934,0.992396525541941,-90.4296342128908,-104.214065587453,-65.2541881586243,-61.9327840539847,-47.2645432706894,-36.8054798662104,-80.3152810877446,-72.6976929263749,-43.037700854241
19-Nov-2024 22:26:35,6,89,-0.0350186092158159,0.40755219856898,0.153359162807465,-0.147716503341993,-0.000384766674445321,0.0183684137960275,0.988859117031097,-91.4314482533741,-110.042374789547,-70.2036134585871,-58.49587863837,-43.1208440829816,-35.7058834016871,-81.99749914619,-59.6701334172678,-40.4008348562537
19-Nov-2024 22:26:46,6,90,-0.031059068068862,0.407535288731257,0.158725901444753,-0.174231461683909,0.00669852544864019,0.0407544280091921,0.983838228384654,-89.8210319595195,-107.428918092127,-68.9506814528326,-50.1200434241614,-43.6588075125358,-36.0286614594196,-83.4034570227202,-60.4010956950824,-40.8201123381164
19-Nov-2024 22:27:19,6,91,-0.0231343495349089,0.407425552606583,0.169967147707939,-0.19508453309536,0.0122176536048452,0.0450260192155838,0.979676194985708,-89.2880192141065,-111.055840386351,-67.285872508734,-44.3555065629066,-25.5029035119948,-32.8784305831459,-80.9070751787636,-61.9180338574065,-41.1586328568929
19-Nov-2024 22:27:30,6,92,-0.0207481594135364,0.407990018526713,0.172191700339317,-0.204163030783335,0.0151289142047366,0.0562503956258297,0.977202383677165,-87.677602920252,-108.442383688931,-66.0329405029795,-35.9796713486981,-26.040866941549,-33.2012086408783,-82.3130330552938,-62.6489961352211,-41.5779103387556
19-Nov-2024 22:28:08,6,93,-0.00996889937669039,0.405553966760635,0.165243269006411,-0.194155859947205,0.0140084036315481,0.0715835134188334,0.978255132834117,-85.9308884006182,-108.574116487333,-64.274070028053,-42.1094853109662,-16.3318966560556,-32.6874822316077,-83.6428210715806,-66.1729463552904,-41.5818093390752
19-Nov-2024 22:28:18,6,94,-0.0172616668045521,0.405044627189636,0.168868846694628,-0.200442644953728,0.00824007485061884,0.0372703457872073,0.978961606820424,-87.7406257748383,-109.116072540846,-64.313286815832,-38.8128125884379,-14.0142842662802,-31.2969147977425,-75.5289787473857,-62.6047017243759,-39.5659257846404
19-Nov-2024 22:28:57,6,95,-0.0358184412121773,0.405130541324615,0.167745894193649,-0.203405211369197,0.00110578096937388,-0.00596475712954998,0.979075880845388,-89.9322140361688,-115.00562334227,-56.449534369025,-42.0189644541479,-7.32320501898102,-32.9380951303756,-70.9020514930689,-57.8079510645889,-38.0923529894341
19-Nov-2024 22:29:07,6,96,-0.0435194743176301,0.406164584557215,0.172887969017029,-0.212888770302137,-0.00217728934561213,-0.0337492880721887,0.976490982373555,-91.7419514103889,-115.547579395783,-56.4887511568039,-38.7222917316195,-5.00559262920562,-31.5475276965104,-62.7882091688739,-54.2397064336744,-36.0764694349993
19-Nov-2024 22:29:55,6,97,-0.059339381257693,0.405456872781118,0.173137745261192,-0.212826878825823,-0.0121025973310073,-0.0728651036818822,0.97429408232371,-92.9926142281643,-116.288332823252,-59.6264833272899,-41.6770313032106,-30.6512468106682,-30.9228341458944,-56.867824379618,-50.2822087883236,-33.7317412601788
19-Nov-2024 22:30:06,6,98,-0.0654164214928945,0.40703227519989,0.177978398402532,-0.223362512389819,-0.0154384025683006,-0.0961976125836372,0.969854064782461,-94.8023516023844,-116.830288876765,-59.6657001150689,-38.3803585806822,-28.3336344208928,-29.5322667120292,-48.753982055423,-46.7139641574091,-31.715857705744
19-Nov-2024 22:30:50,6,99,-0.0814290950695674,0.409041583538055,0.179729720950127,-0.222296763459841,-0.0153435844307144,-0.119700408478578,0.96748157342275,-95.3575516983821,-118.296643617255,-61.7041745942013,-40.6093920052138,-30.0226553167366,-30.2496362197886,-35.5868684986976,-42.6510930192765,-29.5355518411163
19-Nov-2024 22:31:01,6,100,-0.0859210933248202,0.410836748282115,0.182737832268079,-0.235035074750582,-0.0134715523570776,-0.127774282296499,0.963457735379537,-97.1672890726023,-118.838599670768,-61.7433913819803,-37.3127192826854,-27.7050429269612,-28.8590687859234,-27.4730261745026,-39.082848388362,-27.5196682866815
19-Nov-2024 22:32:07,7,1,0.00297839712972442,0.322190715869268,0.0430433834592501,-0.0136045796175798,-0.0364776226381461,0.00893463032941024,0.999201953411102,-7.42500000000001,-12.3,-4.72500000000001,-6.45000000000001,-8.55000000000001,-5.70000000000001,-9.97499999999999,-4.275,-7.27500000000001
19-Nov-2024 22:32:18,7,2,0.0085803418730696,0.326434050003688,0.0383572181065877,0.00882219926764568,-0.0366127535700798,0.0323272183537483,0.998767574628194,-7.29835709982711,-13.1615449943725,-5.03687993627053,-12.004699284129,-7.36109408728408,-4.98665645237045,-17.5399124980647,-6.3917781658973,-8.2144948710836
19-Nov-2024 22:32:51,7,3,0.0122524193798502,0.33150014479955,0.0330390910307566,0.017215288306276,-0.0382501480480035,0.0512980677187443,0.997802142302195,-9.2342141996542,-15.748089988745,-7.48625987254107,-16.9593985682581,-17.1221881745681,-10.6483129047409,-24.6173249961295,-9.5210563317946,-11.8164897421672
19-Nov-2024 22:33:02,7,4,0.0168600328266621,0.33635444243749,0.0303180505832036,0.0426174024740855,-0.0391219655672709,0.0736904412508011,0.995601828893026,-9.10757129948129,-16.6096349831175,-7.79813980881159,-22.5140978523871,-15.9332822618521,-9.93496935711131,-32.1822374941942,-11.6378344976919,-12.7559846132508
19-Nov-2024 22:33:35,7,5,0.0189736399799585,0.341124544541041,0.0237116082261006,0.0656987955172857,-0.03960207204024,0.0862112656235695,0.993319185574849,-9.86217839930837,-11.5086799774901,-10.9787697450821,-28.5937971365161,-22.9943763491361,-14.5841258094817,-38.078399992259,-18.3108626635892,-14.3517294843343
19-Nov-2024 22:33:46,7,6,0.0240057207643986,0.345892993609111,0.0229480113834143,0.0843544403711955,-0.0401382354398568,0.113456732531389,0.989141476154327,-9.73553549913547,-12.3702249718626,-11.2906496813526,-34.1484964206452,-21.8054704364202,-13.8707822618521,-45.6433124903238,-20.4276408294865,-15.2912243554179
19-Nov-2024 22:34:25,7,7,0.0280621595680714,0.351179478565852,0.0169947810471058,0.110574576258659,-0.0404500707983971,0.13549131055673,0.983757702509562,-9.22451759896256,-24.1255199662351,-14.3119046176231,-39.5156957047742,-27.6665645237043,-17.5636887142225,-52.8238499883885,-24.2225439953837,-18.1338442265015
19-Nov-2024 22:34:36,7,8,0.0329245686531067,0.356245124340057,0.0139339052761594,0.130673542618752,-0.0410434690614541,0.158822591106097,0.977760342756907,-9.09787469878966,-24.9870649606076,-14.6237845538936,-45.0703949889032,-26.4776586109883,-16.8503451665929,-60.3887624864533,-26.339322161281,-19.073339097585
19-Nov-2024 22:35:14,7,9,0.0358116808036963,0.360661174853643,0.0107186183333397,0.15212129453818,-0.0396402858197689,0.179834847648939,0.9710546930631,-8.55404429861676,-16.4454849549802,-17.7903519901641,-49.9313442730323,-33.2387526982728,-21.0401266189633,-66.261487484518,-30.3451628271783,-20.8143964686686
19-Nov-2024 22:35:25,7,10,0.0399844865004222,0.365867835283279,0.007258901403596,0.175660317142804,-0.0391352574030558,0.19763149023056,0.96361491282781,-8.42740139844386,-17.3070299493527,-18.1022319264347,-55.4860435571613,-32.0498467855569,-20.3267830713338,-73.8263999825828,-32.4619409930756,-21.7538913397522
19-Nov-2024 22:36:02,7,11,0.0404730307559172,0.366673811276754,0.00631141429767013,0.182644967238108,-0.0376920317610105,0.175697420040766,0.966618124643962,-10.2439591221028,-12.2971518841392,-18.6898622242231,-58.8385884593189,-36.9692900895098,-22.8650115537053,-71.1671493978331,-34.8420052021598,-26.4618833996895
19-Nov-2024 22:36:13,7,12,0.0441488777597745,0.368080441157023,-0.000178398206480779,0.202520374457041,-0.0337717533111572,0.145792482296626,0.967775563398997,-10.9191105957618,-11.9888363189256,-18.6751487720116,-62.4630083614766,-38.3637333934623,-23.7016775360768,-65.0039925630834,-41.077538161244,-29.7190942096269
19-Nov-2024 22:36:49,7,13,0.0444774150848389,0.367354762554169,0.00288397857608894,0.206623377402623,-0.0242128752171993,0.0935512363910675,0.973636853694916,-13.5899651944208,-9.32973950371208,-19.0366071948,-65.7264907636342,-37.095676697415,-23.9641247684484,-59.7677888533337,-44.8603367453282,-32.9516956445642
19-Nov-2024 22:36:59,7,14,0.0481843382120132,0.368554031848907,-0.00144968176415811,0.218343514204025,-0.0195195431510607,0.0694182977080345,0.973204108079274,-14.2651166680798,-9.02142393849852,-19.0218937425885,-69.3509106657919,-38.4901200013675,-24.8007907508199,-53.604632018584,-51.0958697044124,-36.2089064545016
19-Nov-2024 22:37:35,7,15,0.0494052931666374,0.367055694262187,0.010415649227798,0.19150422513485,-0.0177015359203021,0.0700552582740784,0.978828430175781,-17.3753519974604,-13.3459995301793,-19.1926411121781,-65.6263251605788,-35.7356532388598,-22.9847513183153,-56.0951901647584,-50.340235932277,-36.2521467984331
19-Nov-2024 22:37:46,7,16,0.0450111985206604,0.365701880057653,0.020474549010396,0.158574748039246,-0.0205114995439847,0.0684946189324061,0.984754721323649,-21.7377357643411,-18.77096574686,-21.9503025442678,-60.2822084053657,-36.1874364763522,-23.2558212608108,-55.9472717484328,-47.9609693476415,-35.1076918298646
19-Nov-2024 22:38:19,7,17,0.0384701209763686,0.362029558420181,0.0319186064104239,0.111385535697142,-0.0245469806094964,0.0622231041391691,0.991523595650991,-25.6990453124717,-25.2207366510408,-22.4395069451074,-54.9228572751526,-32.7110947138444,-21.2083365158062,-53.6685916133572,-45.868519169256,-33.3570845175461
19-Nov-2024 22:38:30,7,18,0.0337552395959695,0.36132110953331,0.0434844675163428,0.0764792089660962,-0.0264325400193532,0.0607053173085054,0.994870436191559,-30.0614290793523,-30.6457028677216,-25.197168377197,-49.5787405199395,-33.1628779513368,-21.4794064583017,-53.5206731970315,-43.4892525846206,-32.2126295489776
19-Nov-2024 22:39:04,7,19,0.0230369494607051,0.360003411769867,0.051593022296826,0.0375341517229875,-0.0318154106537501,0.0538354746997356,0.997336836655935,-34.748275736858,-36.3580714281523,-27.4956012936617,-46.3270065772264,-31.125598688829,-20.5911990570471,-53.0573739213309,-41.2533942031101,-30.9150984085341
19-Nov-2024 22:39:15,7,20,0.0171209913988908,0.360418695211411,0.0636440113186836,0.0048327598720789,-0.0326718457043171,0.0491632143656413,0.998244571685791,-39.1106595037386,-41.7830376448331,-30.2532627257513,-40.9828898220133,-31.5773819263214,-20.8622689995426,-52.9094555050053,-38.8741276184747,-29.7706434399656
19-Nov-2024 22:39:48,7,21,0.00688037204866608,0.360044054190318,0.0772321472565333,-0.0529015970726808,-0.031044922893246,0.0576344035565853,0.996451679865519,-44.0102747159317,-47.8017050333888,-32.7063099000284,-35.7849644730503,-29.0596339138136,-19.953700270163,-53.9538466589922,-36.4915651354017,-26.8246503854596
19-Nov-2024 22:39:59,7,22,-0.00202006277783463,0.362026478846868,0.0924382309118907,-0.0856326426068942,-0.0284264856328567,0.051966958741347,0.994564473628998,-48.3726584828123,-53.2266712500696,-35.463971332118,-30.4408477178372,-29.5114171513061,-20.2247702126585,-53.8059282426666,-34.1122985507663,-25.6801954168911
19-Nov-2024 22:40:27,7,23,-0.0123614771912495,0.361516950527827,0.108280565341314,-0.115136303007603,-0.0174791232993205,0.0473348451157411,0.992067321141561,-49.3286579723492,-58.9484880526878,-38.3693256353014,-25.6948266657491,-14.5284347637985,-19.3060208192164,-50.6541646114973,-31.7313840169121,-23.4849714053539
19-Nov-2024 22:40:38,7,24,-0.020310012375315,0.36497764190038,0.122324399650097,-0.140043222904205,-0.0138672976444165,0.0391626874605815,0.989273413022359,-53.6910417392299,-64.3734542693686,-41.126987067391,-20.350709910536,-14.9802180012909,-19.5770907617119,-50.5062461951717,-29.3521174322766,-22.3405164367854
19-Nov-2024 22:41:08,7,25,-0.0361173828442891,0.365677473942439,0.11729374974966,-0.130612143874168,-0.00972123611718416,0.0220241129398346,0.991141239802043,-54.8157801033552,-67.9931319236264,-43.7959967961717,-26.188072227815,-5.82050272077816,-21.033051972326,-48.6613271100255,-25.4041074235304,-18.938576010822
19-Nov-2024 22:41:18,7,26,-0.0455948817233245,0.367646390199661,0.112944656610489,-0.106912151972453,-0.0131664243837198,0.00576432176555196,0.994164594014486,-55.4687106061524,-70.1893842849153,-44.7411600894055,-32.3263866935315,-4.3781702527654,-20.1589228509089,-45.9933306323012,-20.4069213893935,-16.2870201063428
19-Nov-2024 22:41:58,7,27,-0.0535478696227074,0.368970990180969,0.110389161109924,-0.0994823892911275,-0.0202223190416892,-0.02701104345421,0.994467095534007,-58.5325450396137,-73.8473492926887,-46.8482466004127,-36.6642250850293,-30.5771463785026,-22.4748388955075,-44.861872850866,-12.784323367952,-18.2102719411215
19-Nov-2024 22:42:09,7,28,-0.0609186227122943,0.371570386489232,0.105948212742805,-0.0687400465210279,-0.026832985257109,-0.0462974771857262,0.996198479334513,-59.1854755424109,-76.0436016539777,-47.7934098936465,-42.8025395507458,-29.1348139104898,-21.6007097740904,-42.1938763731417,-7.78713733381514,-15.5587160366424
19-Nov-2024 22:42:53,7,29,-0.0670951912800471,0.372537297010422,0.102977591256301,-0.0524479754269123,-0.0367361428836981,-0.0866731102267901,0.994176801045736,-60.3688580105401,-77.8457103385089,-49.094534795767,-47.9656159793529,-33.7881357393523,-23.9716032356811,-38.6441492435619,-23.1522453060258,-18.8695640017921
19-Nov-2024 22:43:04,7,30,-0.0753255302707354,0.375381960471471,0.0992460578680038,-0.0267901677638292,-0.0428279732664426,-0.102944251894951,0.993403546015422,-61.0217885133373,-80.0419626997979,-50.0396980890008,-54.1039304450694,-32.3458032713396,-23.097474114264,-35.9761527658376,-18.1550592718889,-16.218008097313
19-Nov-2024 22:43:40,7,31,-0.084717607498169,0.377902444203695,0.099335785706838,-0.015429208924373,-0.0550534670551618,-0.141163519024849,0.988333948453267,-62.8850447087301,-82.9292335900215,-52.5728922833262,-58.3810264327314,-36.7931060664434,-25.6327652546817,-32.4382300244608,-9.0144988122215,-18.3763983262875
19-Nov-2024 22:43:51,7,32,-0.0952231675386429,0.383865521351496,0.100577613711357,-0.00869229684273402,-0.065597481528918,-0.178687037030856,0.981678358713786,-67.4830749214568,-87.2135763186241,-54.9281056732082,-63.4457414389482,-38.7925817131095,-26.8455451035954,-27.8411726090118,-13.2427913493802,-20.7035866204476
19-Nov-2024 22:44:29,7,33,-0.0991116270422936,0.387483835220337,0.100945025185744,-0.0013085067893068,-0.0724842016895612,-0.181873041391373,0.980645994345347,-70.1887181255166,-91.0993831280372,-57.7473094653119,-67.6666469358875,-42.4659709339945,-28.5695805982612,-31.6486825305987,-10.2616573881258,-19.7213758820149
19-Nov-2024 22:44:39,7,34,-0.10843644340833,0.392901068925858,0.100583025316397,0.00447065824021896,-0.0806403125325839,-0.21183087627093,0.973963503042857,-74.7867483382433,-95.3837258566398,-60.1025228551939,-72.7313619421043,-44.4654465806605,-29.7823604471749,-27.0516251151497,-14.4899499252845,-22.048564176175
19-Nov-2024 22:45:16,7,35,-0.108785520493984,0.39710508386294,0.102751360336939,-0.0104643115152915,-0.0822757532199224,-0.232993490497271,0.968935124079386,-82.2272571159739,-97.5456991629669,-60.7569707204355,-76.276573102846,-45.5688652099755,-31.6630512223236,-30.442144090034,-13.4156943400127,-21.6134255230158
19-Nov-2024 22:45:27,7,36,-0.11184820185105,0.401924365758896,0.0984556838870048,-0.0253961107383172,-0.077463639775912,-0.257337681452433,0.962876816590627,-90.538959398038,-98.0319404288887,-61.1794233845663,-79.9436890182264,-49.3603270521812,-33.7381141745963,-32.1053793964002,-14.4461520039474,-22.3079863861531
19-Nov-2024 22:46:02,7,37,-0.114591313898563,0.406698103745778,0.0996306503812472,-0.0326530694961548,-0.0827620858947436,-0.294497793912888,0.95150158405304,-97.3650649279353,-100.181047715013,-61.4928736492526,-83.7748525562874,-48.5827672879413,-35.340991038307,-29.3822565370256,-14.1992530432789,-24.0876974911421
19-Nov-2024 22:46:13,7,38,-0.117248256504536,0.410927112897237,0.0985507965087891,-0.0491425747672717,-0.0789188072085381,-0.313531724611918,0.945015732447306,-105.676767209999,-100.667288980935,-61.9153263133834,-87.4419684716678,-52.3742291301469,-37.4160539905797,-31.0454918433918,-15.2297107072136,-24.7822583542794
19-Nov-2024 22:46:52,7,39,-0.118311161796252,0.415640181303024,0.0989111602306366,-0.0637803465127945,-0.0811803857485453,-0.346268314123154,0.932437717914581,-113.77067111598,-102.659963256958,-62.2082777777919,-90.7411081983886,-55.5311801691297,-38.5050238985714,-29.1655480668876,-32.8714900588466,-27.0693943383425
19-Nov-2024 22:47:03,7,40,-0.123260805010796,0.421300764878591,0.0961161027352015,-0.0836157942811648,-0.0745537479718526,-0.370398594935735,0.922092739741007,-122.082373398044,-103.14620452288,-62.6307304419227,-94.408224113769,-59.3226420113353,-40.5800868508441,-30.8287833732539,-33.9019477227814,-27.7639552014797
19-Nov-2024 22:47:41,7,41,-0.122641212244829,0.426998219887416,0.0982375279068947,-0.0981851766506831,-0.0767069354653358,-0.399326111872991,0.908303030331929,-129.910176492066,-105.060662293852,-63.5134325061923,-98.1913519348196,-59.0468484519294,-42.0871032809762,-30.5704291381849,-38.5880662305652,-29.7048036250799
19-Nov-2024 22:47:52,7,42,-0.127335036794345,0.432988286018372,0.0949892441431681,-0.109839104612668,-0.0705443029602369,-0.419798998037974,0.898180210590363,-138.221878774131,-105.546903559774,-63.9358851703231,-101.8584678502,-62.838310294135,-44.1621662332489,-32.2336644445512,-39.6185238944999,-30.3993644882172
19-Nov-2024 22:48:27,7,43,-0.125383664170901,0.438666095336278,0.0968040441473325,-0.125056670109431,-0.0717093567053477,-0.43736853202184,0.887652734915415,-146.291631462174,-105.397253078221,-64.3634625345233,-105.583589718415,-65.6461444355348,-45.2032059244514,-34.2111049801999,-30.5518119803593,-32.6170691315859
19-Nov-2024 22:48:38,7,44,-0.127931693196297,0.444452708959579,0.0949032172560692,-0.145972707867622,-0.0628727336724599,-0.457176979382833,0.875058976809184,-154.603333744238,-105.883494344143,-64.7859151986541,-109.250705633796,-69.4376062777404,-47.2782688767241,-35.8743402865661,-31.582269644294,-33.3116299947231
19-Nov-2024 22:49:18,7,45,-0.123858052988847,0.448342774311701,0.0902563447753588,-0.166186764836311,-0.0520900182425976,-0.484712982177734,0.857159229119619,-162.794061229292,-104.701789736328,-64.8359302128196,-112.646824525594,-73.4872542695431,-49.7363201984616,-36.1946782075736,-49.8391425191909,-34.9927627479761
19-Nov-2024 22:49:29,7,46,-0.124486313263575,0.447221626838048,0.0769768824179967,-0.149579614400864,-0.0373831488192081,-0.475260623296102,0.866230805714925,-157.32239317678,-106.053827498866,-65.5574362872583,-115.567582405149,-80.1191898861919,-53.0977751999559,-38.4349924381136,-50.2940144508891,-35.2656859069951
19-Nov-2024 22:50:04,7,47,-0.117845990260442,0.444077748060226,0.0764023497700691,-0.114999988675117,-0.0442158018549283,-0.460043557484945,0.879306487242381,-155.540237725764,-106.571892324535,-64.5927235367144,-118.502841772913,-76.5302185776394,-51.4007243861827,-40.3038579759741,-50.6620939880685,-37.0068950110719
19-Nov-2024 22:50:15,7,48,-0.119821773469448,0.44352032939593,0.0611954818169276,-0.0914555763204892,-0.0317935151358445,-0.449178900321325,0.888179814815521,-150.068569673252,-107.923930087072,-65.3142296111531,-121.423599652468,-83.1621541942883,-54.7621793876769,-42.5441722065141,-51.1169659197667,-37.2798181700908
19-Nov-2024 22:50:48,7,49,-0.122021889686584,0.442697823047638,0.0607914373278618,-0.049997732291619,-0.0430708897610505,-0.429672088225683,0.900570400555929,-146.141657921488,-108.183981381176,-65.4926262731005,-124.501608276128,-82.8836363483365,-55.2193814815374,-43.9987620907143,-50.0284416542056,-36.1868843016387
19-Nov-2024 22:50:59,7,50,-0.124747830629349,0.443366595109304,0.0436643769343694,-0.0252866357564926,-0.0296407878398895,-0.419813493887583,0.906773749987284,-140.669989868977,-109.536019143713,-66.2141323475392,-127.422366155683,-89.5155719649854,-58.5808364830317,-46.2390763212543,-50.4833135859038,-36.4598074606576
19-Nov-2024 22:51:32,7,51,-0.125238487124443,0.443453643719355,0.0390363685786724,0.0229606921474139,-0.0397429975370566,-0.401689094305038,0.914625159899394,-136.57069996684,-112.967063672034,-66.2890837157322,-132.82174940729,-89.917280850334,-59.8151650307091,-48.4615283786244,-49.5664874189723,-35.9748021059411
19-Nov-2024 22:51:43,7,52,-0.129275892178218,0.446125700076421,0.0260171666741371,0.0449577420949936,-0.0327334369222323,-0.39505756298701,0.916971552371979,-131.099031914328,-114.319101434572,-67.0105897901709,-135.742507286845,-96.5492164669828,-63.1766200322034,-50.7018426091643,-50.0213593506706,-36.24772526496
19-Nov-2024 22:52:14,7,53,-0.130910243590673,0.444741390148799,0.0199933846791585,0.0932535395026207,-0.0490326086680094,-0.358078012863795,0.927728283405304,-121.663552937004,-116.035642580001,-68.0088185114868,-137.352577852426,-99.3910387179816,-64.4995118067892,-53.6832257531193,-46.340382233054,-36.1416841671112
19-Nov-2024 22:52:25,7,54,-0.135175122817357,0.447113778193792,0.00620385988925894,0.125523179769516,-0.048258213698864,-0.342603713274002,0.929805239041646,-116.191884884493,-117.387680342539,-68.7303245859255,-140.273335731982,-106.02297433463,-67.8609668082835,-55.9235399836593,-46.7952541647522,-36.4146073261301
19-Nov-2024 22:52:54,7,55,-0.140727562705676,0.448753581444422,0.0043637205225726,0.160412187377612,-0.0720703303813934,-0.31959842244784,0.931091125806173,-110.688311369575,-118.996969796522,-71.4651919838027,-142.68874995455,-112.184853268454,-66.5281401963236,-56.9593886709068,-43.2322015717931,-36.1980483567152
19-Nov-2024 22:53:05,7,56,-0.143484645088514,0.452031443516413,-0.0109430632243554,0.188786208629608,-0.0712466835975647,-0.308223378658295,0.929667715231578,-105.216643317063,-120.34900755906,-72.1866980582414,-145.609507834105,-118.816788885103,-69.8895951978178,-59.1997029014467,-43.6870735034913,-36.4709715157341
19-Nov-2024 22:53:35,7,57,-0.140321743488312,0.451303883393606,-0.00824404520293077,0.190016696850459,-0.0837685565153758,-0.260575276613235,0.942855799198151,-102.66840702655,-121.063529050692,-73.5426026515705,-141.818194712989,-120.74337797098,-72.6170392133904,-66.6929644803916,-41.1158723277121,-35.4388871034469
19-Nov-2024 22:53:46,7,58,-0.132470639546712,0.450424887736638,-0.00648081187779705,0.186484544475873,-0.08385967562596,-0.221756307284037,0.95342290798823,-103.286123467239,-122.699424696602,-74.2668265831803,-140.304553420367,-121.77999539827,-73.0416240356902,-75.5384588309827,-40.1786334142616,-34.8765437553766
19-Nov-2024 22:54:15,7,59,-0.12373963346084,0.448299994071325,-0.00075604144949466,0.167729171117147,-0.0826466838518778,-0.173173270622889,0.966978557904561,-104.270863542327,-124.174633265373,-75.2318908456498,-137.502076213499,-123.636598654853,-74.3926384546263,-83.2578367957506,-31.9744133696468,-38.0543298751978
19-Nov-2024 22:54:26,7,60,-0.118846099575361,0.448104461034139,0.00226815454661846,0.158244137962659,-0.0808623140056928,-0.137702848513921,0.974401374657949,-104.888579983016,-125.810528911283,-75.9561147772596,-135.988434920877,-124.673216082143,-74.817223276926,-92.1033311463417,-31.0371744561963,-37.4919865271274
19-Nov-2024 22:54:55,7,61,-0.109052439033985,0.447113492091497,0.00665221999709805,0.140746963024139,-0.0774349947770437,-0.091196263829867,0.982790617148081,-104.489808240905,-127.291081018624,-78.0757588742993,-133.830375671131,-126.344826424079,-75.855022897544,-99.4107673040212,-24.5164449771636,-40.6747079130029
19-Nov-2024 22:55:06,7,62,-0.104527785380681,0.44740305741628,0.0107794285441438,0.128031396865845,-0.0747409254312515,-0.0535163986186186,0.987500794728597,-105.107524681594,-128.926976664533,-78.7999828059091,-132.316734378509,-127.381443851369,-76.2796077198437,-108.256261654612,-23.5792060637131,-40.1123645649326
19-Nov-2024 22:55:37,7,63,-0.0988916615645091,0.444654144843419,0.0143262696141998,0.101615136365096,-0.0734654322266579,-0.0440853166083495,0.991127483050029,-106.164358226129,-120.742223532126,-75.0074288018558,-131.071861785385,-127.390484027539,-70.1077635732193,-108.244820230123,-21.3702267288523,-42.8895565006635
19-Nov-2024 22:55:47,7,64,-0.0860458711783091,0.441299217939377,0.0109336464355389,0.0970008338491122,-0.0687071695923805,-0.0248152531683445,0.992599773406982,-103.379435862065,-113.910142169004,-71.6421647150876,-126.399198170823,-124.382027746386,-68.6543120274359,-108.177407902089,-21.8779926767825,-43.1942160694217
19-Nov-2024 22:56:19,7,65,-0.0744259590903918,0.436488060156504,0.0013092638614277,0.0979681953787804,-0.0625683727363745,-0.0265469164897998,0.992865924040476,-103.3403914523,-108.576724921239,-66.7132556696769,-126.51543006698,-118.232319693895,-69.1166641812319,-108.587981025828,-20.9523859833171,-41.9601418216662
19-Nov-2024 22:56:29,7,66,-0.0683446437120438,0.435129682223002,-0.00299817348519961,0.099517393608888,-0.0606003403663635,-0.0210252894709508,0.992966190973918,-100.555469088235,-101.744643558117,-63.3479915829087,-121.842766452418,-115.223863412742,-67.6632126354485,-108.520568697794,-21.4601519312474,-42.2648013904244
19-Nov-2024 22:56:59,7,67,-0.0454069254299005,0.427172293265661,-0.00461421692743897,0.085477377474308,-0.054054285834233,0.0133215446646015,0.994783572355906,-97.3434857013204,-94.5368942526731,-58.2259050168192,-117.839550593216,-108.844781245919,-66.5676629394547,-109.442149095646,-22.6012315584798,-41.3500940509257
19-Nov-2024 22:57:10,7,68,-0.0378920488059521,0.425685807069143,-0.00719366893172264,0.0841653451323509,-0.0518361670275529,0.0190824213127295,0.994919661680857,-94.5585633372557,-87.7048128895507,-54.8606409300511,-113.166886978654,-105.836324964766,-65.1142113936713,-109.374736767612,-23.10899750641,-41.6547536196838
19-Nov-2024 22:57:40,7,69,-0.0232720090697209,0.420847189426422,-0.0077006629978617,0.0789828757445017,-0.0532853983342648,0.0486905341347059,0.994259349505107,-91.410110461766,-78.2848975552677,-50.7669656036223,-110.928947241772,-103.242555740779,-63.3147107727827,-110.701820802522,-25.8084202939913,-40.1497297343136
19-Nov-2024 22:57:51,7,70,-0.0186010436465343,0.420591487487157,-0.0122951770822207,0.0824655229846636,-0.052931871265173,0.0535933412611485,0.99374315738678,-88.6251880977014,-71.4528161921453,-47.4017015168541,-106.25628362721,-100.234099459626,-61.8612592269992,-110.634408474488,-26.3161862419215,-40.4543893030717
19-Nov-2024 22:58:24,7,71,-0.0086845213547349,0.41592359940211,-0.00420149387791753,0.0573994313677152,-0.0514949433505535,0.0824399049083392,0.993608224391937,-86.4835004779242,-73.9018178434425,-44.2722318102556,-101.450981951487,-96.6079867070555,-59.4097831436631,-111.714244327926,-26.9447806096773,-40.6042071447656
19-Nov-2024 22:58:34,7,72,-0.00428664345915119,0.414987862110138,-0.00553013927613695,0.0553121174375216,-0.0510407780607541,0.0892739807566007,0.993159413337708,-83.6985781138595,-67.0697364803201,-40.9069677234874,-96.7783183369254,-93.5995304259025,-57.9563315978797,-111.646831999892,-27.4525465576075,-40.9088667135238
19-Nov-2024 22:59:05,7,73,0.00167852893161277,0.41091671983401,0.00194706866362443,0.0369377811749776,-0.0541901720066865,0.126927524805069,0.989741623401642,-80.9352731219386,-54.3781966244075,-41.259600826804,-91.2143356917833,-90.1322459090409,-56.5288677833199,-113.128043762594,-28.5457267154505,-38.8861054187498
19-Nov-2024 22:59:15,7,74,-0.00609723369901379,0.411906482776006,0.00697680115699768,0.0133044970532258,-0.0490356420477231,0.106232767303785,0.993042369683584,-88.2739588684666,-47.743910451038,-37.9154954224343,-91.0288094148912,-90.1185509597875,-56.4950579910083,-110.43624642684,-28.2761035386012,-38.7243315126402
19-Nov-2024 22:59:49,7,75,-0.0164013867576917,0.412046519915263,0.0155445061003168,-0.0162885380287965,-0.0416833537320296,0.0677430098255475,0.996698606014252,-95.9984533010666,-38.1798950312734,-44.0053386131069,-91.7476236227091,-91.0754418926799,-56.7742420643086,-108.743761136454,-28.9741874667082,-38.6738471747646
19-Nov-2024 23:00:00,7,76,-0.0211219331870476,0.414108884334564,0.0202733128021161,-0.0430308329562346,-0.0358399845659733,0.0480354584753513,0.997274537881215,-103.337139047595,-31.5456088579038,-40.6612332087372,-91.5620973458171,-91.0617469434266,-56.740432271997,-106.0519638007,-28.7045642898589,-38.512073268655
19-Nov-2024 23:00:48,7,77,-0.0198974623034398,0.41283938686053,0.0130429509406288,-0.0274880990386009,-0.037508200854063,0.0504450631638368,0.997643673419952,-97.8173780232247,-74.4263088180947,-42.5299808526037,-92.3482165680225,-90.9160493839883,-59.2729250091987,-107.151764462478,-55.6341535322737,-38.6945769523917
19-Nov-2024 23:00:59,7,78,-0.00374233761491875,0.413841239611308,0.00788427653412024,-0.00630225548520684,-0.042069070537885,0.0682292078932126,0.996762398878733,-93.0047126558187,-73.2468734014828,-41.8567541989491,-93.357165547873,-92.9850588834773,-60.2239208135945,-108.201909101571,-63.2548892222104,-42.4214358520114
19-Nov-2024 23:01:34,7,79,-0.00144589829724282,0.412476579348246,-0.00520806014537811,0.0133974462747574,-0.0465334591766198,0.0746224264303843,0.996035500367482,-88.8134994599308,-67.8475056732722,-41.329514694055,-92.1546996489009,-95.9717148535026,-60.4656650843933,-106.576881752006,-62.3050516883863,-42.9511171436896
19-Nov-2024 23:01:45,7,80,0.0108652713398139,0.412382449706395,-0.00886533123751481,0.0310013819485903,-0.0484174030522505,0.0823429475227992,0.994944401582082,-84.0008340925248,-66.6680702566603,-40.6562880404004,-93.1636486287514,-98.0407243529916,-61.4166608887891,-107.627026391099,-69.925787378323,-46.6779760433094
19-Nov-2024 23:02:15,7,81,0.0236502526948849,0.412325265010198,-0.0203052335729202,0.0550176205734412,-0.0529563441872597,0.0976648941636085,0.992285402615865,-78.7488948108779,-42.9036686842486,-40.056054961126,-92.9168901691906,-100.418557087749,-62.0880309263864,-105.389585035864,-73.5612364563793,-50.4562461389583
19-Nov-2024 23:02:26,7,82,0.0365781990190347,0.414213224252065,-0.0290387416879336,0.0720787430802981,-0.0530314549803734,0.103403708835443,0.990605906645457,-73.9362294434719,-41.7242332676366,-39.3828283074714,-93.925839149041,-102.487566587238,-63.0390267307822,-106.439729674957,-81.1819721463161,-54.183105038578
19-Nov-2024 23:02:54,7,83,0.0505442403256893,0.41568168203036,-0.0370922709504763,0.0891355519493421,-0.0587743592758973,0.137239150206248,0.984766932328542,-68.5289271189455,-29.2523147731248,-37.9960984410069,-92.5819344091859,-104.335987704361,-64.0002096517788,-108.246081316886,-84.0350645303126,-57.5606695362124
19-Nov-2024 23:03:05,7,84,0.0667377094427744,0.419612115621567,-0.0442066470781962,0.107888418932756,-0.0574662588536739,0.148790346582731,0.981284483273824,-63.7162617515395,-28.0728793565128,-37.3228717873523,-93.5908833890363,-106.40499720385,-64.9512054561746,-109.296225955979,-91.6558002202493,-61.2875284358321
19-Nov-2024 23:03:35,7,85,0.0829676975806554,0.424026560783386,-0.0553008161485195,0.128779453039169,-0.060813565303882,0.170577361186345,0.974997945626577,-59.7312779055733,-22.5222024009509,-35.6928935272927,-92.223405509034,-108.888712512156,-66.2072948188708,-110.87447409649,-97.717714257216,-66.1147401344591
19-Nov-2024 23:03:45,7,86,0.0992657159765561,0.428939292828242,-0.059760170429945,0.137562344471614,-0.0584952312211196,0.185537375013034,0.971200720469157,-54.9186125381674,-21.3427669843389,-35.0196668736381,-93.2323544888844,-110.957722011645,-67.1582906232666,-111.924618735583,-105.338449947153,-69.8415990340788
19-Nov-2024 23:04:23,7,87,0.101196433107058,0.427779457966487,-0.0498303105433782,0.123694209754467,-0.0521252403656642,0.176826312144597,0.975046269098918,-59.622135731661,-43.9335854799872,-35.0952007959929,-93.2536981964833,-108.750766222386,-64.2068731485786,-111.931111432083,-107.246093017545,-72.1634924750165
19-Nov-2024 23:04:34,7,88,0.103709549208482,0.427156645059586,-0.0385925352573395,0.101809459427993,-0.0456866376101971,0.169000443816185,0.979278536637624,-63.9118181644347,-46.4350247451106,-36.3991105215501,-90.4132553340086,-102.136457528718,-60.9529088947404,-112.048552377873,-109.183146914422,-73.1852095164505
19-Nov-2024 23:05:07,7,89,0.108418474098047,0.424434288342794,-0.0133392474924525,0.0726092398166656,-0.041084385663271,0.162531925241152,0.983170080184937,-67.6584209775683,-47.2811536254965,-36.4138323455062,-90.2787057565706,-93.150825287255,-57.7002180304774,-112.035519199018,-111.255495398056,-73.2070147576363
19-Nov-2024 23:05:17,7,90,0.112297669549783,0.423964569965998,0.00264644618146122,0.0512816026806831,-0.0370644221703211,0.158378875255585,0.985348959763845,-71.948103410342,-49.7825928906199,-37.7177420710635,-87.4382628940959,-86.5365165935876,-54.4462537766392,-112.152960144809,-113.192549294933,-74.2287317990704
19-Nov-2024 23:05:47,7,91,0.120878643294175,0.423564346631368,0.023139913007617,0.0165539382646481,-0.0394723822673162,0.167124877373377,0.985006201267242,-74.2412460332957,-41.9313769633747,-37.7020578458201,-83.4757666741395,-81.9615461260223,-50.7429262175886,-112.730164028277,-115.347250485189,-75.9504929403803
19-Nov-2024 23:05:58,7,92,0.123701314628124,0.424771533409754,0.038696350902319,-0.00686864697684844,-0.0372688387831052,0.158449242512385,0.986639614899953,-78.5309284660694,-44.4328162284981,-39.0059675713774,-80.6353238116648,-75.3472374323548,-47.4889619637504,-112.847604974067,-117.284304382065,-76.9722099818143
19-Nov-2024 23:06:28,7,93,0.131918319066366,0.426740247011185,0.0539630798002084,-0.0382758336762587,-0.0478683864076932,0.162384525934855,0.984822277228038,-81.3723409939331,-41.4579278974372,-38.1500803215344,-77.8338542704493,-69.3775978517384,-44.160316057306,-113.194927388697,-120.005181925632,-78.5689490731863
19-Nov-2024 23:06:39,7,94,0.133836929003398,0.42898979584376,0.0695041303833326,-0.0632713983456294,-0.0490405244131883,0.154795706272125,0.984697965780894,-85.6620234267068,-43.9593671625606,-39.4539900470917,-74.9934114079746,-62.763289158071,-40.9063518034678,-113.312368334487,-121.942235822509,-79.5906661146203
19-Nov-2024 23:07:07,7,95,0.133803689479828,0.430823173125585,0.0717094684640567,-0.0857154453794162,-0.0664750163753827,0.149016598860423,0.982867248853048,-89.3025709070255,-45.5976426295919,-37.5780012849488,-73.5974552061294,-51.971315020929,-42.5650467233265,-113.019750014697,-125.47120154273,-72.7998941810234
19-Nov-2024 23:07:18,7,96,0.132377956310908,0.432372917731603,0.081854835152626,-0.103918674091498,-0.0662298376361529,0.141340788205465,0.982261335849762,-93.5922533397992,-48.0990818947153,-38.8819110105061,-70.7570123436547,-45.3570063272616,-39.3110824694884,-113.137190960488,-127.408255439607,-73.8216112224574
19-Nov-2024 23:07:50,7,97,0.142113533616066,0.435532120863597,0.09248040219148,-0.148232181866964,-0.0836049199104309,0.143796460827192,0.974864141146342,-97.3323682963454,-46.9439392607927,-39.5708714922133,-65.7888128114948,-57.4288649118568,-29.6634478024987,-113.499602273488,-128.941265248156,-78.5870837763759
19-Nov-2024 23:08:01,7,98,0.142681834101677,0.437853896617889,0.102245525022348,-0.164641733964284,-0.087629900376002,0.139181540409724,0.972544435660044,-101.622050729119,-49.4453785259161,-40.8747812177705,-62.94836994902,-50.8145562181893,-26.4094835486605,-113.617043219279,-130.878319145033,-79.6088008178099
19-Nov-2024 23:08:32,7,99,0.138771369059881,0.439323635896047,0.103533136844635,-0.197131088376045,-0.111576355993748,0.128015664219856,0.965557909011841,-106.161949423779,-49.4435268415165,-40.9712163214028,-60.9190487517027,-33.9683311636533,-41.0336840882464,-113.631969348674,-133.363350997746,-75.2273956154862
19-Nov-2024 23:08:43,7,100,0.12972965935866,0.437465526660283,0.110251631339391,-0.213912032047908,-0.115943433344364,0.105679007371267,0.964173607031504,-109.090272384192,-49.6141212235192,-40.914898452994,-57.6180815588776,-32.5521805695516,-40.1839937317854,-107.823703252616,-126.84632671789,-71.8272684161476
19-Nov-2024 23:09:47,8,1,0.000999143448037406,0.322712590297063,0.0438081738849481,-0.0219452604651451,-0.0355649717152119,-0.000520486338064074,0.999126279354095,-9.15,-0.075,-4.65000000000001,-6.97500000000001,-8.77500000000001,-6.52500000000001,-9.6,-4.65000000000001,-7.05000000000001
19-Nov-2024 23:09:57,8,2,0.00400810223072767,0.324822727839152,0.0332796672979991,0.020187675083677,-0.0353544461230437,-0.00315565873558323,0.999165980021159,-6.03268982369043,2.28708865709735,-3.2327468057416,-14.0881788534652,-10.1065939563517,-6.95459165782556,-10.4245960813094,-7.79663069937304,-8.38710351226801
19-Nov-2024 23:10:24,8,3,0.0118648363277316,0.327925835053126,0.0267511295775572,0.0505939769248168,-0.0353320730229219,-0.00355467251501977,0.998087843259176,-6.06537964738083,4.6116773141947,0.434506388516815,-20.0388577069305,-14.2506879127033,-4.19668331565111,-13.0491921626188,-10.7182613987461,-12.949207024536
19-Nov-2024 23:10:35,8,4,0.0138734747966131,0.330986899137497,0.0170019060373306,0.0904104928175608,-0.0332887247204781,-0.00894868274529775,0.995307858784994,-2.94806947107126,6.97376597129205,1.85175958277522,-27.1520365603957,-15.5822818690549,-4.62627497347667,-13.8737882439282,-13.8648920981191,-14.286310536804
19-Nov-2024 23:11:15,8,5,0.00931881455083688,0.335832784573237,0.0148446001112461,0.106375232835611,-0.0327335459490617,-0.0296580987672011,0.993344509601593,-8.38075929476159,-13.1828953716105,-7.08098722296633,-35.0339654138609,-19.9701258254065,-11.4871166313022,-15.6733843252376,-17.0490227974922,-17.385914049072
19-Nov-2024 23:11:25,8,6,0.0126255663732688,0.339527390400569,0.00444144982223709,0.147675300637881,-0.0290593375762304,-0.0362322556475798,0.987944753964742,-5.26344911845202,-10.8208067145131,-5.66373402870792,-42.1471442673261,-21.3017197817582,-11.9167082891278,-16.497980406547,-20.1956534968652,-18.72301756134
19-Nov-2024 23:11:58,8,7,0.00818016994744539,0.339827688535055,0.0163595179716746,0.115950048466523,-0.0323784242073695,-0.0338413499295711,0.9921502272288,-11.3048383398102,-2.59606958381622,-10.5201663459722,-39.66977542466,-22.2052069897878,-13.4060027757554,-18.7849425163837,-20.3703104713763,-19.3932094312083
19-Nov-2024 23:12:09,8,8,0.00578058222308755,0.340989406903585,0.0285646542906761,0.0752811759710312,-0.0351640370984872,-0.0229374840855598,0.996278154850006,-18.0212275611683,-5.61195745311926,-12.0015986632366,-35.6080315819938,-21.6555691978175,-13.1046722623831,-22.9094046262204,-17.6012174458874,-17.9821513010767
19-Nov-2024 23:12:45,8,9,0.00105082909576595,0.340318538745244,0.0325632085402807,0.0415314396222432,-0.036305811504523,-0.0036098256551971,0.998470858732859,-20.3501167825265,-23.2575328224222,-12.7705309805009,-31.9634752393276,-23.4074939058471,-14.8986542490107,-25.8151167360571,-17.2039994203985,-15.4367181709451
19-Nov-2024 23:12:56,8,10,-0.00155564116624494,0.342740605274836,0.0427500230570634,0.00323013366820912,-0.0369750445087751,0.00218676392299434,0.999308609962463,-27.0665060038847,-26.2734206917252,-14.2519632977653,-27.9017313966614,-22.8578561138767,-14.5973237356384,-29.9395788458939,-14.4349063949097,-14.0256600408136
19-Nov-2024 23:13:33,8,11,0.00138996064973374,0.344353777170181,0.0482925328115622,-0.0419184520840645,-0.0368951044976711,0.00985450893640518,0.998390992482503,-32.8641452252429,-27.4541523110282,-14.3271456150297,-25.2485813039952,-22.3339995719064,-16.168649472266,-32.8546659557306,-19.2267508694207,-15.2724144106819
19-Nov-2024 23:13:43,8,12,-0.00150848373305053,0.347340097030004,0.0590866297483444,-0.0803693637251854,-0.0361073332528273,0.0177538721511761,0.995952773094177,-39.580534446601,-30.4700401803312,-15.808577932294,-21.1868374613291,-21.784361779936,-15.8673189588937,-36.9791280655673,-16.4576578439318,-13.8613562805503
19-Nov-2024 23:14:18,8,13,0.00357860413690408,0.348523634672165,0.0658426960309346,-0.134105317791303,-0.0364172068734964,0.0274119531114896,0.98991828362147,-44.3375486679592,-22.5933499246344,-16.0618852495584,-16.7043904936629,-21.7726146129657,-17.1773165705214,-39.748902675404,-20.9940335684428,-16.3292044004187
19-Nov-2024 23:14:29,8,14,0.00108388494700193,0.351987711588542,0.0765097642938296,-0.171332586805026,-0.0348114202419917,0.0366992726922035,0.983913894494375,-51.0539378893174,-25.6092377939374,-17.5433175668228,-12.6426466509967,-21.2229768209953,-16.875986057149,-43.8733647852407,-18.2249405429539,-14.9181462702871
19-Nov-2024 23:15:03,8,15,0.0075679547774295,0.354043201605479,0.0801207304000855,-0.197929678360621,-0.0351176038384438,0.0574055356283983,0.977903521060944,-53.6406396106756,-22.2038366007405,-18.3356873840872,-10.2455512458305,-11.267284341525,-17.8303196062767,-47.7704831450774,-23.683581892465,-17.0965412651555
19-Nov-2024 23:15:14,8,16,0.00522469865779082,0.358135708173116,0.0917199060320854,-0.237224497397741,-0.0325046733021736,0.0650587767362595,0.96872874101003,-60.3570288320337,-25.2197244700435,-19.8171197013515,-6.18380740316435,-10.7176465495547,-17.5289890929044,-51.8949452549142,-20.9144888669761,-15.6854831350239
19-Nov-2024 23:15:56,8,17,0.00756449174756805,0.362291646003723,0.0911506801843643,-0.256723390022914,-0.033275560537974,0.0589570191999277,0.964110970497131,-65.9835743033919,-39.1999678080965,-20.3540207686159,-9.2543877792481,-5.46498141383439,-20.030490610782,-54.9307354897509,-28.1842630289876,-19.4441515673922
19-Nov-2024 23:16:07,8,18,-0.00197515201289207,0.364523903528849,0.103928028047085,-0.26481463710467,-0.0269432270278533,0.0480816245079041,0.962722937266032,-68.6419483715303,-47.0600847343073,-24.3023906819756,-7.64031588318666,-3.15418631688233,-18.8934045125602,-51.7600453006555,-28.3673775315301,-19.5540202689177
19-Nov-2024 23:16:45,8,19,-0.0143109662458301,0.365002018213272,0.103311693668365,-0.255386519432068,-0.0196832547585169,0.0148345464840531,0.966524839401245,-72.0304005646686,-49.0023793948932,-28.3784949703352,-13.1174060965001,1.50812245194471,-20.3577344299634,-50.5200191740601,-26.3699256278227,-17.9737522516932
19-Nov-2024 23:16:56,8,20,-0.0240493774414062,0.368628088633219,0.117604119578997,-0.265310925245285,-0.0143019732708732,0.00487149329856038,0.96404455502828,-74.6887746328069,-56.862496321104,-32.3268648836949,-11.5033342004387,3.81891754889677,-19.2206483317416,-47.3493289849647,-26.5530401303652,-18.0836209532187
19-Nov-2024 23:17:35,8,21,-0.0358779591818651,0.370160029331843,0.120540579160055,-0.26800389289856,-0.00882584229111671,-0.0298659195502599,0.962914375464122,-77.7121877634453,-61.4637021145024,-34.9891019845546,-15.7598433590647,7.30546948178632,-21.2592702413323,-45.5939708271193,-23.9958714297826,-17.8734212953692
19-Nov-2024 23:17:46,8,22,-0.04767811819911,0.375204463799794,0.137190295259158,-0.275574177503586,-0.00393998922469715,-0.0420600699881713,0.96035117705663,-80.3705618315836,-69.3238190407132,-38.9374718979142,-14.1457714630032,9.61626457873838,-20.1221841431105,-42.423280638024,-24.1789859323251,-17.9832899968947
19-Nov-2024 23:18:26,8,23,-0.0616246121625106,0.377075721820195,0.136190278331439,-0.253066857655843,-0.00412718150764704,-0.0811639696359634,0.96402933994929,-81.8614554309719,-76.0044804005178,-42.0927754050239,-21.1669900942858,12.5149380936592,-22.297952048795,-39.9602564645536,-21.1919588333049,-16.9581245187326
19-Nov-2024 23:18:37,8,24,-0.0703279639283816,0.384339066346486,0.147509628534317,-0.271248561143875,-0.00221656540719171,-0.0988158623377482,0.957420905431112,-87.8130283544387,-82.854744445456,-45.6545487169134,-23.0096480705679,11.2422853002597,-23.0709197349151,-40.6588348186262,-22.580382924638,-17.7889778538196
19-Nov-2024 23:19:27,8,25,-0.0746361474196116,0.38991524775823,0.154267609119415,-0.289378847678502,0.00358694759197533,-0.102623035510381,0.951690904299418,-93.7808610435305,-88.3652807071912,-51.9697888256779,-23.244951310522,-28.8864282841555,-24.3003144229883,-42.4612461805113,-24.0337362151897,-18.0523140990627
19-Nov-2024 23:19:37,8,26,-0.0846517190337181,0.398093531529109,0.166524569193522,-0.304402633508046,0.00671006375923753,-0.118749896685282,0.945088620980581,-99.7324339669973,-95.2155447521295,-55.5315621375675,-25.0876092868041,-30.159081077555,-25.0732821091085,-43.159824534584,-25.4221603065228,-18.8831674341496
19-Nov-2024 23:20:21,8,27,-0.0929473067323367,0.404397708177567,0.173476647337278,-0.310442191362381,0.00943179583797852,-0.135880716641744,0.940783258279165,-103.292136773277,-101.170944905466,-60.6200688478945,-27.2515898949223,-31.8097642664624,-27.0494632962051,-42.8353193925628,-25.8680489974651,-19.1302622243147
19-Nov-2024 23:20:32,8,28,-0.0897399927179019,0.401532220840454,0.160640213886897,-0.280704840024312,0.00530656302968661,-0.131044241786003,0.950791295369466,-99.4372607878877,-99.815864121812,-60.1961833309257,-33.223752619704,-36.0575126707381,-29.4269923732013,-45.1247348549451,-28.3920199191177,-20.6459025599993
19-Nov-2024 23:21:11,8,29,-0.0846154148379962,0.401392330725988,0.169192702571551,-0.27974159916242,0.0123828142881393,-0.100335764388243,0.954737691084544,-97.836449743905,-103.788351392357,-60.8356645131756,-29.4565766604035,-31.8692762727675,-28.2061282006859,-47.8026085692804,-27.7447231405748,-20.369663623223
19-Nov-2024 23:21:22,8,30,-0.0800096188982328,0.398470115661621,0.157190069556236,-0.244720960656802,0.00695133827005823,-0.0918441275755564,0.965208796660105,-93.9815737585161,-102.433270608703,-60.4117789962069,-35.4287393851852,-36.1170246770432,-30.5836572776821,-50.0920240316627,-30.2686940622273,-21.8853039589076
19-Nov-2024 23:21:57,8,31,-0.0764603510499001,0.39726820786794,0.16302076180776,-0.243749301632245,0.0133170553172628,-0.0625566984216372,0.967727029323578,-90.8037302438303,-103.816973852148,-60.7445768288475,-31.8812327679258,-32.6967806801958,-28.4619897299225,-52.2756686200215,-29.1820311337822,-20.6300046583618
19-Nov-2024 23:22:08,8,32,-0.0735119958718618,0.395385924975077,0.150218939781189,-0.212856701016426,0.00722558588410417,-0.0606177449226379,0.975174538294474,-86.9488542584414,-102.461893068494,-60.3206913118787,-37.8533954927076,-36.9445290844715,-30.8395188069187,-54.5650840824037,-31.7060020554347,-22.1456449940464
19-Nov-2024 23:22:42,8,33,-0.0692068606615067,0.392700896660487,0.147839657465617,-0.192714819312096,0.00582685644427935,-0.0409795025984446,0.980381449063619,-83.8074945084041,-101.651204298389,-59.7501474697146,-38.4657235464688,-36.2332812881857,-29.392449571537,-55.9016141077743,-30.6996560520384,-21.9758155116158
19-Nov-2024 23:22:52,8,34,-0.0678357874353727,0.391123733917872,0.133201530575752,-0.152436466018359,-0.00034376939778061,-0.0392630274097125,0.987533016999563,-79.9526185230151,-100.296123514735,-59.3262619527458,-44.4378862712505,-40.4810296924613,-31.7699786485332,-58.1910295701565,-33.2236269736909,-23.4914558473004
19-Nov-2024 23:23:28,8,35,-0.0671603798866272,0.39162097175916,0.131672179698944,-0.141292218367259,-0.00485984602322181,-0.0391937290628751,0.989179865519206,-81.0337972221136,-96.3573365380121,-59.1524655782525,-47.027225162174,-40.1912101038798,-31.1575430280471,-59.3343001303191,-31.633711309699,-23.2788666173623
19-Nov-2024 23:23:39,8,36,-0.0729196354746819,0.392957031726837,0.122232723236084,-0.108545895914237,-0.012286201864481,-0.0541472847263018,0.992539660135905,-78.7582178035363,-97.3963535545142,-59.2019983663568,-54.8464813886078,-41.180888615579,-31.1824065637499,-59.9790134089875,-26.9339541082315,-20.4590122964818
19-Nov-2024 23:24:18,8,37,-0.0689270521203677,0.392732524871826,0.114631389578183,-0.0758301958441734,-0.02118830618759,-0.0637967099746068,0.994852181275686,-79.0610174437968,-97.9714685744038,-58.9148665731623,-60.5757789472864,-34.8558180771379,-33.9636205213583,-59.898005328403,-34.364117675502,-23.9677905210724
19-Nov-2024 23:24:29,8,38,-0.0744968593120575,0.394509615500768,0.103051763772964,-0.0431825257837772,-0.0282921478152275,-0.0747530534863472,0.995864884058634,-76.7854380252195,-99.0104855909059,-58.9643993612666,-68.3950351737202,-35.8454965888371,-33.9884840570611,-60.5427186070715,-29.6643604740345,-21.1479362001919
19-Nov-2024 23:25:06,8,39,-0.0685514951745669,0.393197502692541,0.0968019286791484,0.017588372528553,-0.0414864083131154,-0.0544287058214347,0.997500415643056,-70.8490481360612,-101.767551609102,-58.0205998587215,-74.6443120662764,-47.052800575466,-35.5415228037167,-62.6995712061134,-7.92956365693584,-25.8423981520471
19-Nov-2024 23:25:17,8,40,-0.076825587451458,0.393840897083282,0.0853536650538445,0.0135286970064044,-0.0396885613600413,-0.0659047782421112,0.996944526831309,-72.7875928744071,-99.0664232307554,-56.8141943902184,-75.2924019353865,-54.4838595902101,-39.4012110317588,-59.33914779439,-9.37115086363685,-26.7073504760677
19-Nov-2024 23:25:57,8,41,-0.075724816819032,0.3938782731692,0.0760764792561531,0.0190858303258816,-0.0457321628928185,-0.107563098271688,0.992962499459585,-76.3457323774625,-92.8743193532558,-54.6611227763906,-79.4305021375579,-54.2737313424191,-39.4499868652774,-56.2097940428534,-33.0452182625226,-25.179460936456
19-Nov-2024 23:26:08,8,42,-0.081631759305795,0.394672383864721,0.0640347336729368,0.016360155493021,-0.0429774671792984,-0.120228309432666,0.991680637995402,-78.2842771158084,-90.1731909749095,-53.4547173078875,-80.078592006668,-61.7047903571631,-43.3096750933195,-52.84937063113,-34.4868054692236,-26.0444132604766
19-Nov-2024 23:26:39,8,43,-0.083644500374794,0.394295386473338,0.0532862993578116,0.0112853928158681,-0.0428958194951216,-0.15412489871184,0.987055297692617,-81.182619236509,-86.0265748469865,-51.699978766722,-81.1216870423087,-64.4152557406397,-43.7639071240998,-49.9794820494999,-15.8446327720167,-25.1129446526811
19-Nov-2024 23:26:50,8,44,-0.0916097462177277,0.396321493387222,0.0395117734869321,0.0100334893912077,-0.0372409517566363,-0.165485945343971,0.985457706451416,-83.1211639748549,-83.3254464686401,-50.4935732982189,-81.7697769114188,-71.8463147553837,-47.623595352142,-46.6190586377765,-17.2862199787177,-25.9778969767017
19-Nov-2024 23:27:25,8,45,-0.0945557683706284,0.396307110786438,0.0251620899885893,0.00168389769581457,-0.0274355592827002,-0.209364173809687,0.97745133638382,-85.3896074043782,-80.0515742155054,-48.7880012933847,-81.8653693637942,-76.392076954494,-50.0055554815532,-42.0789026410998,-30.6609272334647,-24.1446388348143
19-Nov-2024 23:27:36,8,46,-0.0995608280102412,0.398704886436462,0.0145723694314559,4.47622144141254e-05,-0.0209960951159398,-0.220396883289019,0.97518428961436,-87.3281521427241,-77.350445837159,-47.5815958248816,-82.5134592329043,-83.823135969238,-53.8652437095953,-38.7184792293764,-32.1025144401657,-25.0095911588349
19-Nov-2024 23:28:06,8,47,-0.108159990608692,0.400713241100311,-0.0009715298578764,-0.00378742567263544,-0.00685517756889264,-0.21816894809405,0.975879613558451,-86.2066462266587,-77.5879455214185,-46.0506070882129,-79.0603003936471,-90.6365465761652,-56.986067888322,-38.7431895251764,-16.4856616708898,-23.6254382499015
19-Nov-2024 23:28:16,8,48,-0.115593943993251,0.404613163073858,-0.0121261834477385,-0.0099956264719367,0.00545566712195675,-0.224252916375796,0.974464444319407,-88.1451909650046,-74.8868171430721,-44.8442016197098,-79.7083902627572,-98.0676055909092,-60.8457561163641,-35.382766113453,-17.9272488775908,-24.4903905739221
19-Nov-2024 23:28:48,8,49,-0.110788493851821,0.40658106803894,-0.0295718433956305,-0.00679287659004331,0.0147265421226621,-0.199889888366063,0.979684166113536,-87.1287103761449,-73.2050027960287,-43.5505045171239,-79.3558557776836,-105.264840401745,-66.8860123197485,-41.8899095554911,-10.0146160963033,-24.1557902814657
19-Nov-2024 23:28:59,8,50,-0.0960433200001717,0.405321009953817,-0.0321903377771378,-0.0142095559587081,0.0127625665316979,-0.178736701607704,0.983711548646291,-88.2788491502734,-67.0264923578799,-40.5557735001633,-78.2868320471734,-103.020265676079,-65.8582491590291,-47.1093456689926,-12.5882536820489,-25.5371332764522
19-Nov-2024 23:29:33,8,51,-0.0878503859043121,0.404259876410166,-0.0364197206993898,-0.019445904592673,0.0178572126974662,-0.190014386177063,0.981426199277242,-89.376475260799,-57.3826389353826,-38.4173966661613,-79.4174961395714,-105.383778848458,-63.2957699859809,-45.412565209375,-30.4347812738,-26.4686999632003
19-Nov-2024 23:29:44,8,52,-0.0757600059111913,0.403894813855489,-0.0377974420785904,-0.0247980693976084,0.0147497417405248,-0.168205075462659,0.985329675674439,-90.5266140349275,-51.2041284972338,-35.4226656492007,-78.3484724090611,-103.139204122792,-62.2680068252616,-50.6320013228765,-33.0084188595455,-27.8500429581868
19-Nov-2024 23:30:18,8,53,-0.0678902700543404,0.402477300167084,-0.0242471164713303,-0.0266064165780942,0.00577544247110685,-0.165667032202085,0.98580588499705,-92.4004964772546,-45.5429465669108,-37.2811117237193,-81.529292590005,-97.8736733461485,-59.7978856583778,-53.6683291498185,-35.7185014482939,-28.931497799054
19-Nov-2024 23:30:29,8,54,-0.0579160528878371,0.402624215682348,-0.0234407552828391,-0.0324757374823093,0.00311447160008053,-0.147555495301882,0.988515567779541,-93.5506352513831,-39.364436128762,-34.2863807067587,-80.4602688594947,-95.6290986204823,-58.7701224976584,-58.88776526332,-38.2921390340394,-30.3128407940406
19-Nov-2024 23:31:02,8,55,-0.0535158750911554,0.40004617969195,-0.00955250263214111,-0.0438174232840538,-0.00520866320778926,-0.138676550984383,0.989354224999746,-94.0876458596109,-32.1695899445261,-37.1682382355376,-79.9411670847115,-92.0240458693275,-56.7211803338569,-60.4656472335418,-40.3339991212863,-30.5692397119675
19-Nov-2024 23:31:13,8,56,-0.043146229783694,0.400299702088038,-0.00813947257896264,-0.050737871726354,-0.00894874210158984,-0.117137530446053,0.991778425375621,-95.2377846337394,-25.9910795063774,-34.173507218577,-78.8721433542013,-89.7794711436612,-55.6934171731375,-65.6850833470433,-42.9076367070319,-31.950582706954
19-Nov-2024 23:31:46,8,57,-0.0425799660384655,0.398451413710912,0.00714978228012721,-0.0644031589229902,-0.0156060574576259,-0.103673414389292,0.992401405175527,-95.5563593249175,-19.1544011951851,-38.0920704744862,-77.3280806015546,-88.2796574052507,-54.080064510877,-67.808742388905,-42.4403855435281,-32.0194536634107
19-Nov-2024 23:31:57,8,58,-0.0323375135660171,0.399213606119156,0.00544015998020768,-0.0685713797807694,-0.018356782818834,-0.083214275042216,0.994000204404195,-96.706498099046,-12.9758907570363,-35.0973394575255,-76.2590568710444,-86.0350826795844,-53.0523013501577,-73.0281785024065,-45.0140231292736,-33.4007966583972
19-Nov-2024 23:32:43,8,59,-0.0297755795220534,0.398914889494578,-0.0048580941123267,-0.0328643950323264,-0.0238712316999833,-0.0608448994656404,0.997320441404978,-88.9095932574986,-58.2662525965352,-36.6906540595726,-79.2718955470148,-89.6955665878136,-54.4430028842898,-74.4643832572731,-44.6930887549691,-33.7962602168944
19-Nov-2024 23:32:54,8,60,-0.0291161013146242,0.400025117397308,-0.0179868621130784,0.0202410238484542,-0.0300381009777387,-0.0438602464894454,0.998380887508392,-80.4034704574264,-58.2856983725555,-36.7023215251848,-84.0972537340535,-91.7086700024149,-55.4514991691925,-75.7234765479596,-43.1925987552892,-33.0479597946565
19-Nov-2024 23:33:34,8,61,-0.0246113644291957,0.401254699627558,-0.0305131408075492,0.0853796159227689,-0.0400296782453855,-0.0221734069287777,0.995297118028005,-72.1019566366165,-54.6156021803152,-35.4798125590144,-91.5413521655579,-91.4704636638301,-56.3510980787099,-77.7461255707362,-45.206886568297,-32.6465413627861
19-Nov-2024 23:33:44,8,62,-0.0246934484690428,0.403752621014913,-0.043195828050375,0.140341204404831,-0.0461756671468417,-0.00781387028594812,0.988995007673899,-63.5958338365443,-54.6350479563354,-35.4914800246266,-96.3667103525966,-93.4835670784314,-57.3595943636126,-79.0052188614227,-43.7063965686171,-31.8982409405482
19-Nov-2024 23:34:24,8,63,-0.0215531660864751,0.405560157696406,-0.0541932284832001,0.200277845064799,-0.0564052740732829,0.0143835469459494,0.978008369604746,-55.3420155261032,-52.2097227482253,-34.8860592743475,-102.276438661868,-93.7710156164397,-58.7636419608226,-80.3460900181542,-44.863295475281,-32.073381513494
19-Nov-2024 23:34:35,8,64,-0.0196393032868703,0.408441879351934,-0.0657287190357844,0.248198314507802,-0.0633787631988525,0.0299799365301927,0.966168689727783,-46.835892726031,-52.2291685242456,-34.8977267399597,-107.101796848907,-95.784119031041,-59.7721382457253,-81.6051833088407,-43.3628054756011,-31.3250810912561
19-Nov-2024 23:35:14,8,65,-0.0169490101436774,0.410980325937271,-0.0802787497639656,0.291031269232432,-0.0794729794065158,0.0517886012792587,0.951999378204346,-39.3559221707744,-49.0012288082005,-33.3258500976262,-109.094340097062,-99.9343950073458,-61.1284101867817,-81.7801655325498,-43.5660099290931,-32.0135011666101
19-Nov-2024 23:35:25,8,66,-0.0152192694445451,0.415502375364304,-0.0914116760094961,0.331177759170532,-0.0880114515622457,0.0660019800066948,0.937133411566416,-30.8497993707021,-49.0206745842208,-33.3375175632384,-113.919698284101,-101.947498421947,-62.1369064716844,-83.0392588232363,-42.0655199294132,-31.2652007443722
19-Nov-2024 23:36:07,8,67,-0.0120994177957376,0.417513159910838,-0.0944818899035454,0.335633244117101,-0.0935053790609042,0.0757537702719371,0.934274291992187,-31.7067526930376,-47.7164276142083,-32.1824129748778,-114.628649001697,-103.9791881174,-63.6942905846639,-84.8812965804341,-44.1168771563193,-33.0352605709302
19-Nov-2024 23:36:18,8,68,-0.0217688562969367,0.415143992503484,-0.0937945241729418,0.326769638061523,-0.0869766240318616,0.0351872108876705,0.940435246626536,-31.3604011197258,-48.8693864773616,-32.5725738340426,-110.846094203893,-104.467110966852,-63.7519334369778,-76.0319940541358,-42.1452316432937,-31.8631192420056
19-Nov-2024 23:36:57,8,69,-0.0412656297286352,0.414080683390299,-0.102633003393809,0.314584702253342,-0.085501184562842,-0.00923044203470151,0.945325791835785,-33.9705876076179,-43.5104989674981,-28.929348666221,-107.930335671368,-106.614326956729,-65.1340202033301,-68.2991637610931,-35.049509743561,-28.5001580374789
19-Nov-2024 23:37:08,8,70,-0.0471707833309968,0.411818899710973,-0.101329406599204,0.300286287069321,-0.0782283624013265,-0.0370092416803042,0.949915146827698,-33.6242360343062,-44.6634578306513,-29.3195095253858,-104.147780873564,-107.10224980618,-65.191663055644,-59.4498612347949,-33.0778642305354,-27.3280167085543
19-Nov-2024 23:37:44,8,71,-0.0605418172975381,0.411760485172272,-0.109714574615161,0.276403637727102,-0.0631256664792697,-0.0752804999550184,0.956006828943888,-37.6811534915963,-40.2354935072963,-26.5679773710575,-99.7486242083991,-109.544819225845,-65.7615278649771,-52.2087948251244,-18.7191805241563,-25.5104654418287
19-Nov-2024 23:37:55,8,72,-0.0700221995512644,0.410188239812851,-0.10856717924277,0.26123503446579,-0.0549973520139853,-0.100427667299906,0.958460112412771,-37.3348019182845,-41.3884523704495,-26.9581382302223,-95.9660694105949,-110.032742075296,-65.819170717291,-43.3594922988261,-16.7475350111307,-24.3383241129041
19-Nov-2024 23:38:24,8,73,-0.0632097209493319,0.410892150799433,-0.120147924125195,0.264450738827388,-0.0480737323562304,-0.0906070331732432,0.958929161230723,-25.0150848602739,-29.7759496403486,-17.6774525826406,-94.2002136791104,-114.122988209854,-58.5579245481145,-43.9393078308417,-6.63237040142834,-24.7934778150789
19-Nov-2024 23:38:35,8,74,-0.071449322005113,0.410204017162323,-0.117933386564255,0.24650913576285,-0.0387160703539848,-0.112046092251937,0.961862508455912,-24.6687332869621,-30.9289085035018,-18.0676134418054,-90.4176588813061,-114.610911059305,-58.6155674004284,-35.0900053045434,-4.66072488840271,-23.6213364861543
19-Nov-2024 23:38:55,8,75,-0.0728209162751834,0.405132315556208,-0.111627836028735,0.216434132059415,-0.0436637769142787,-0.102261616289616,0.969944214820862,-18.3356989713009,-25.324136570028,-13.622351047597,-83.2934536166618,-109.99999555131,-55.0137657419972,-17.6802618074021,1.38268017296128,-10.8878426727796
19-Nov-2024 23:39:06,8,76,-0.072261248032252,0.403244449694951,-0.109656218190988,0.199917875727018,-0.0428415929277738,-0.0957884296774864,0.974177618821462,-17.9893473979892,-26.4770954331812,-14.0125119067618,-79.5108988188575,-110.487918400761,-55.0714085943111,-8.83095928110384,3.35432568598692,-9.71570134385496
19-Nov-2024 23:39:49,8,77,-0.0674869418144226,0.400124722719193,-0.100869908432166,0.198216325044632,-0.0438776036103566,-0.0937254905700684,0.974679744243622,-38.4882156416077,-23.1232209798796,-23.8205213535094,-82.4291916105869,-109.195844868766,-57.7210847632311,-40.7002880483301,-0.237288844759288,-21.8869978550158
19-Nov-2024 23:40:00,8,78,-0.0553106141587098,0.400477304061254,-0.0973394761482875,0.198306780060132,-0.0478269117573897,-0.0663822402556737,0.976719236373901,-39.4054252564012,-23.1482119248915,-23.9712424269437,-83.6433096357363,-105.278190515495,-55.9004831875237,-46.7748373009779,-5.86478314967467,-24.8389706084019
19-Nov-2024 23:40:34,8,79,-0.0594928865631421,0.397698070605596,-0.0921108643213908,0.235903664429983,-0.0437452810506026,-0.104152996838093,0.965188070138295,-36.2384641856072,-22.5337701707466,-23.3256076870347,-88.8595150441757,-98.6983265728614,-57.36502048413,-40.1717763109149,-24.5743375675054,-23.1006052406755
19-Nov-2024 23:40:44,8,80,-0.0419668681919575,0.39765350818634,-0.0895336359739304,0.235531564553579,-0.0438543625175953,-0.0747902363538742,0.967991801102956,-37.1556738004007,-22.5587611157585,-23.4763287604691,-90.0736330693251,-94.7806722195898,-55.5444189084226,-46.2463255635627,-30.2018318724208,-26.0525779940615
19-Nov-2024 23:41:18,8,81,-0.0345549128949642,0.393561093012492,-0.0778685688972473,0.255387802918752,-0.0408721951146921,-0.0812915359934171,0.962547798951467,-34.3057980724005,-34.564035711192,-23.6038719272317,-93.2137947861195,-90.5819130716374,-53.791386768872,-45.4570696948551,-33.3703562337938,-27.7843816868914
19-Nov-2024 23:41:29,8,82,-0.0197111780444781,0.39440792798996,-0.0751324733098348,0.255428139368693,-0.0390125205119451,-0.0565974945823352,0.964381281534831,-35.2230076871939,-34.5890266562038,-23.7545930006661,-94.4279128112689,-86.6642587183659,-51.9707851931646,-51.5316189475029,-38.9978505387092,-30.7363544402774
19-Nov-2024 23:41:59,8,83,-0.00772023210301995,0.389770080645879,-0.0605421769122283,0.254813754558563,-0.0390488075713317,-0.0344893110295137,0.965585656960805,-32.4566746305905,-27.8541594264266,-24.4937251207645,-92.5550526822409,-83.3560519677539,-49.9589683355357,-54.024265639473,-41.3708598718535,-33.6782426633854
19-Nov-2024 23:42:09,8,84,0.00547708620627721,0.391064929962158,-0.0559538240234057,0.25324454108874,-0.0365305870771408,-0.0101626252755523,0.966658906141917,-33.373884245384,-27.8791503714384,-24.6444461941989,-93.7691707073903,-79.4383976144823,-48.1383667598283,-60.0988148921208,-46.9983541767689,-36.6302154167714
19-Nov-2024 23:42:38,8,85,0.0147261151423057,0.38960275053978,-0.0457842124005159,0.262634128332138,-0.0312014664212863,-0.00142945635598153,0.964389852682749,-31.249322524479,-25.1992122290557,-25.6893727909653,-94.489799655451,-76.5004670625405,-47.2721575431601,-61.6074128644297,-50.1736059957987,-39.3521459050185
19-Nov-2024 23:42:49,8,86,0.0289016433060169,0.391876566410065,-0.0425215284029643,0.262066708008448,-0.0270566133161386,0.0249991107732058,0.964346452554067,-32.1665321392725,-25.2242031740676,-25.8400938643996,-95.7039176806004,-72.582812709269,-45.4515559674527,-67.6819621170775,-55.8011003007141,-42.3041186584045
19-Nov-2024 23:43:22,8,87,0.0416111074388027,0.392190160353978,-0.0295053524275621,0.266161519289017,-0.0171158311267694,0.0396199534336726,0.962961781024933,-31.4128560862167,-39.8717295753821,-26.8129176995,-96.8212911672055,-68.7050202566623,-43.8831505712649,-71.3985357295559,-62.4524733626867,-43.4910702792211
19-Nov-2024 23:43:33,8,88,0.0566437512636185,0.395195454359055,-0.0233752507716417,0.261323954661687,-0.0103985681508978,0.0706152056654294,0.962608404954274,-32.3300657010102,-39.896720520394,-26.9636387729343,-98.0354091923549,-64.7873659033907,-42.0625489955575,-77.4730849822037,-68.0799676676021,-46.4430430326072
19-Nov-2024 23:44:05,8,89,0.0650281329949697,0.397472725311915,-0.0109014928961794,0.260683482885361,-0.00315805946787198,0.082639863093694,0.961875673135122,-32.861832481879,-41.5329791935572,-28.7254112272016,-99.8011549482322,-60.2896425004516,-39.7680455096099,-81.9936464147668,-71.9694013510461,-51.5875052197085
19-Nov-2024 23:44:16,8,90,0.0786059007048607,0.402683385213216,-0.00967121987293164,0.263445860147476,0.00405190469076236,0.109807486832142,0.958395648002625,-33.7790420966725,-41.5579701385691,-28.876132300636,-101.015272973382,-56.37198814718,-37.9474439339025,-88.0681956674146,-77.5968956559614,-54.5394779730946
19-Nov-2024 23:44:50,8,91,0.087556429207325,0.406054033835729,-0.00489462489883105,0.264724320173264,0.0118725845590234,0.128382806976636,0.955666259924571,-33.3035302945037,-43.6635949476566,-30.0573790644868,-102.055204863895,-60.6392992690746,-38.364891403075,-93.2907510100201,-81.9053596501411,-58.2126954433382
19-Nov-2024 23:45:01,8,92,0.101674862205982,0.411414064963659,-0.00231164684519172,0.263304543495178,0.0214909344911575,0.150674589474996,0.952631131807963,-34.2207399092971,-43.6885858926685,-30.2081001379211,-103.269322889044,-56.721644915803,-36.5442898273676,-99.3653002626679,-87.5328539550565,-61.1646681967243
19-Nov-2024 23:45:33,8,93,0.105027757585049,0.416042840480804,-0.00325180205206076,0.26325976451238,0.0279473535716534,0.174064017335574,0.948480367660522,-34.5915888156094,-46.1038937697182,-31.2490840565637,-104.846347846876,-46.8464733001146,-39.7427127741001,-104.488852560294,-95.200833104604,-56.4522633085393
19-Nov-2024 23:45:44,8,94,0.118726126352946,0.422480398416519,-0.00162052645658453,0.261924340327581,0.037406879166762,0.199667213360469,0.943466691176097,-35.5087984304028,-46.12888471473,-31.399805129998,-106.060465872025,-42.928818946843,-37.9221111983927,-110.563401812942,-100.828327409519,-59.4042360619254
19-Nov-2024 23:46:17,8,95,0.124771016836166,0.428335320949554,0.000341597447792689,0.258077728748322,0.0457821714381377,0.220577560861905,0.939492118358612,-36.7528276909557,-45.8490341257608,-33.6456576260365,-107.381037363516,-36.5574059623631,-41.3860218839052,-116.687452588079,-108.001064136751,-58.1490199945259
19-Nov-2024 23:46:28,8,96,0.136833077669144,0.434752424558004,0.000886653324899574,0.257173093159993,0.053636800746123,0.239148195584615,0.934769097963969,-37.6700373057492,-45.8740250707727,-33.7963786994708,-108.595155388665,-32.6397516090915,-39.5654203081978,-122.762001840727,-113.628558441666,-61.100992747912
19-Nov-2024 23:47:10,8,97,0.146420473853747,0.436804074048996,0.00536863493422667,0.246364862720172,0.0680831556518873,0.264390917619069,0.929928227265676,-32.2901265600805,-44.5254343013637,-31.6675989377583,-101.860888182224,-56.1156885537943,-39.943324097156,-122.088871885954,-118.746253693698,-59.041674886151
19-Nov-2024 23:47:21,8,98,0.155170839031537,0.437612654765447,0.0095198775952061,0.240612082680066,0.0745079432924589,0.278254991769791,0.926891859372457,-27.2718059915321,-41.0042642989453,-29.5412534647438,-96.8733942426131,-51.8685048141013,-37.4539717555042,-121.540991169936,-118.216327734573,-58.4109514347827
19-Nov-2024 23:48:04,8,99,0.157076160113017,0.436960820357005,0.0129444210479657,0.211342360575994,0.0684563845396042,0.294788312911987,0.929380452632904,-29.9476903344235,-40.3693839130316,-28.2386908473803,-92.4375136695872,-52.7828814166065,-37.0732474791574,-122.205485834541,-120.360212381026,-57.0659307782181
19-Nov-2024 23:48:15,8,100,0.164574007193247,0.437751847505569,0.0175284324834744,0.202462633450826,0.0717170501748721,0.306910008192062,0.927184875806173,-24.9293697658751,-36.8482139106131,-26.1123453743657,-87.4500197299761,-48.5356976769136,-34.5838951375056,-121.657605118523,-119.8302864219,-56.4352073268499
19-Nov-2024 23:49:18,9,1,0.00364690255373716,0.322289003928502,0.0443976941208045,-0.0150255654007196,-0.0344509909550349,0.00860564621786277,0.999256400267283,-7.42500000000001,-0.075,-4.87500000000001,-6.90000000000001,-8.47500000000001,-5.62500000000001,-9.9,-5.25000000000001,-6.60000000000001
19-Nov-2024 23:49:29,9,2,-0.00481380680575967,0.326358421643575,0.034893553207318,0.00215177192973594,-0.034518568466107,-0.0123448442046841,0.999325521787008,-10.9195923209145,-1.56716123231686,-5.72555653752486,-13.5550030027487,-14.4031447462713,-8.69354977173518,-11.362645564162,-6.29474683154429,-7.22684809892658
19-Nov-2024 23:50:00,9,3,-0.00668998140220841,0.331288546323776,0.030348165333271,0.0193400063862403,-0.0349307251473268,-0.0230264304826657,0.998937284946442,-14.526684641829,-17.5718224646337,-9.01361307504972,-20.7350060054973,-18.1937894925426,-14.9495995434704,-14.475291128324,-8.68949366308859,-11.1536961978531
19-Nov-2024 23:50:10,9,4,-0.0141957100480795,0.335632079839706,0.0192552741616964,0.0370997014145056,-0.0341981204847495,-0.0386114212373892,0.997979613145192,-18.0212769627435,-19.0639836969505,-9.86416961257457,-27.390009008246,-24.1219342388139,-18.0181493152055,-15.937936692486,-9.73424049463288,-11.7805442967797
19-Nov-2024 23:50:40,9,5,-0.0189559729148944,0.339909978707631,0.0138699969897668,0.0479442025224368,-0.0325339471300443,-0.0519815300901731,0.996965833504995,-21.422119283658,-22.1123949292673,-12.3834761500994,-33.2575120109946,-29.1313289850852,-22.9054490869407,-17.550582256648,-12.6539873261772,-12.9323923957063
19-Nov-2024 23:50:51,9,6,-0.0262943912297487,0.345035556952159,0.00323202993410329,0.0669203281402588,-0.0317090039451917,-0.0702456514040629,0.994777266184489,-24.9167116045725,-23.6045561615842,-13.2340326876243,-39.9125150137432,-35.0594737313564,-25.9739988586759,-19.01322782081,-13.6987341577215,-13.5592404946328
19-Nov-2024 23:51:21,9,7,-0.0315842973689238,0.349394472440084,-0.00275245288697382,0.073280930519104,-0.029108706737558,-0.0899747063716253,0.992817823092143,-28.889428925487,-27.074842393901,-15.4439642251491,-45.1237680164919,-40.1532434776277,-31.301923630411,-19.200873384972,-15.8309809892657,-14.5985885935594
19-Nov-2024 23:51:31,9,8,-0.0391556593279044,0.354984269539515,-0.013512886253496,0.0885462373495102,-0.027485088010629,-0.105024421711763,0.990138399600983,-32.3840212464015,-28.5670036262179,-16.2945207626739,-51.7787710192405,-46.081388223899,-34.3704734021462,-20.663518949134,-16.87572782081,-15.225436692486
19-Nov-2024 23:51:58,9,9,-0.0444431896011035,0.36107115149498,-0.0174314723660549,0.118617986142635,-0.0275960717350245,-0.122729237874349,0.984939499696096,-34.692676067316,-21.0732273585348,-18.9497648001988,-60.4868990219892,-51.6673454701703,-36.6187106738813,-22.613664513296,-14.8642246523543,-16.3585347914125
19-Nov-2024 23:52:09,9,10,-0.0521306549509366,0.367492341995239,-0.0307540534685055,0.136792869369189,-0.0252811296532551,-0.138178864121437,0.980589207013448,-38.1872683882305,-22.5653885908517,-19.8003213377236,-67.1419020247378,-57.5954902164416,-39.6872604456165,-24.076310077458,-15.9089714838986,-16.9853828903391
19-Nov-2024 23:52:37,9,11,-0.054193423440059,0.37196964820226,-0.0351352714002132,0.143136790394783,-0.022229112436374,-0.150043477614721,0.978010590871175,-40.8638919591449,-19.5645810731685,-21.5532216252484,-71.8984675274865,-63.0525412127129,-43.2456539673517,-25.48270564162,-21.2755933154429,-18.8403559892657
19-Nov-2024 23:52:48,9,12,-0.0610312474270662,0.378461740414302,-0.0439750437935193,0.156622336308161,-0.0201315995305777,-0.165247502923012,0.973528381188711,-44.3584842800594,-21.0567423054854,-22.4037781627733,-78.5534705302351,-68.9806859589842,-46.3142037390869,-26.945351205782,-22.3203401469872,-19.4672040881922
19-Nov-2024 23:53:16,9,13,-0.0646886855363846,0.38510137796402,-0.0480179930726687,0.167208949724833,-0.0162956976642211,-0.181223023931185,0.968986014525096,-48.9440922259739,-21.6524191628023,-24.1555065752981,-85.1592547829838,-74.6732838302555,-49.702675385822,-29.204871769944,-19.6760244785315,-21.8331146871188
19-Nov-2024 23:53:27,9,14,-0.0717932790517807,0.38679771622022,-0.0382241070270538,0.146798164645831,-0.0145488784958919,-0.204913998643557,0.967599582672119,-55.5928297695598,-27.3091602255302,-26.7404439364961,-86.5433972025462,-72.8500747199763,-48.5476376605164,-25.7968073876193,-17.241692776871,-20.3725156661225
19-Nov-2024 23:53:57,9,15,-0.0759380420049032,0.388317535320918,-0.0307483175148567,0.130620128909747,-0.0083927263195316,-0.238886912663778,0.962185541788737,-61.8120751256457,-34.0176591007582,-27.825967235194,-87.8279302471086,-75.0340921721972,-48.0025608727108,-25.1871805052946,-11.6878298252105,-22.3314478951262
19-Nov-2024 23:54:07,9,16,-0.0830272336800893,0.390847013394038,-0.0214356948932012,0.105737067262332,-0.00654189120978117,-0.264297672112783,0.958605039119721,-68.4608126692316,-39.6744001634862,-30.4109045963919,-89.212072666671,-73.2108830619181,-46.8475231474052,-21.77911612297,-9.25349812355003,-20.8708488741299
19-Nov-2024 23:54:40,9,17,-0.0817799364527067,0.39099117120107,-0.0090147881458203,0.0822223986188571,-0.00580113862330715,-0.285092033942541,0.954949422677358,-74.8198041190675,-49.9820201324642,-32.0961349263399,-90.3964103987334,-73.091287232889,-45.9224658908496,-23.0702704906452,-4.88440079688956,-23.2200154781336
19-Nov-2024 23:54:50,9,18,-0.0921615809202194,0.394549041986465,0.00253141762999197,0.0624571599066257,-0.00915219901750485,-0.308487455050151,0.94913162390391,-81.4685416626535,-55.6387611951921,-34.6810722875378,-91.7805528182958,-71.2680781226099,-44.767428165544,-19.6622061083206,-2.45006909522909,-21.7594164571373
19-Nov-2024 23:55:23,9,19,-0.088757103184859,0.395775308211644,0.0167633308718602,0.0476376091440519,-0.0159429824600617,-0.33064309557279,0.942417979240417,-87.6724061593644,-58.7459417110451,-37.1161561331108,-94.1897928941082,-69.6966756529558,-42.8273806746134,-21.3787511009959,0.951645418931385,-24.6787002486409
19-Nov-2024 23:55:33,9,20,-0.100602521995703,0.399958636363347,0.029405241087079,0.0297315580149492,-0.0232957052687804,-0.352451511224111,0.935067550341288,-94.3211437029503,-64.4026827737731,-39.7010934943087,-95.5739353136706,-67.8734665426767,-41.6723429493078,-17.9706867186712,3.38597712059186,-23.2181012276447
19-Nov-2024 23:56:07,9,21,-0.0997391273578008,0.402935844659805,0.040664042532444,0.0182797100394964,-0.0340929644803206,-0.372515116135279,0.927219514052073,-100.747444723099,-69.1596435630635,-42.5111040976941,-97.770626561358,-66.10116075271,-41.2498003411897,-19.9749270238465,6.30400022850233,-25.1474436128983
19-Nov-2024 23:56:18,9,22,-0.104889144003391,0.404892438650131,0.0359741128981113,0.0152222867434223,-0.0308263341585795,-0.356275844573975,0.933748118082682,-99.7793611187106,-73.5646947767793,-44.9552111756954,-95.1081584681161,-72.2415894546084,-44.5615961632823,-24.0335423874638,3.8881855170683,-26.5969324397588
19-Nov-2024 23:56:53,9,23,-0.116615635653337,0.407279954353968,0.0341844985882441,0.00378838138033946,-0.0255685086051623,-0.360193030039469,0.932519662380219,-100.650059252604,-76.1698558537763,-47.4368548747905,-94.7269647889367,-75.6324698166631,-48.3896395439686,-15.1233100948311,-29.8607834912405,-18.0413919697443
19-Nov-2024 23:57:03,9,24,-0.1156579464674,0.40795593659083,0.0330178114275138,-0.00128050670803835,-0.0244682586441437,-0.332180494070053,0.942897566159566,-99.6819756482156,-80.5749070674921,-49.8809619527918,-92.0644966956947,-81.7728985185615,-51.7014353660612,-19.1819254584484,-32.2765982026746,-19.4908807966047
19-Nov-2024 23:57:35,9,25,-0.120196403563023,0.407261377573013,0.0298072177916765,-0.0105451233685017,-0.0206934243440628,-0.283677711089452,0.95863839785258,-95.1332829129681,-84.9800132128485,-53.8438373413399,-88.3676658094841,-86.088553050538,-55.5713549674507,-33.7061169939406,-18.7839900625462,-22.9878549750276
19-Nov-2024 23:57:46,9,26,-0.126753889520963,0.409713059663773,0.0241481343905131,-0.014061123256882,-0.0148479636758566,-0.260064681371053,0.965374648571014,-94.16519930858,-89.3850644265643,-56.2879444193412,-85.7051977162421,-92.2289817524364,-58.8831507895433,-37.7647323575579,-21.1998047739802,-24.437343801888
19-Nov-2024 23:58:15,9,27,-0.128406350811323,0.410841079552968,0.0214660742630561,-0.0400677919387817,-5.3987093148559e-06,-0.244694433609645,0.968772025903066,-97.9318111387622,-91.7651431061004,-52.216435652616,-83.2005482265158,-98.2070233693739,-61.4990085012843,-40.3061358071127,-15.6614080596331,-24.9605753045297
19-Nov-2024 23:58:25,9,28,-0.121868506570657,0.412486815452576,0.023329072445631,-0.0225417517125607,-0.00838378189752499,-0.221277611454328,0.974914280573527,-98.0965957435835,-95.4845257959758,-54.201906757213,-87.3372054846798,-98.2234331322725,-61.6329931423929,-47.5857022194499,-16.9192056562258,-25.7152538624853
19-Nov-2024 23:58:53,9,29,-0.129609568913778,0.414650148153305,0.0293339883287748,-0.00713551783313354,-0.0217246384670337,-0.215601867437363,0.976213602224986,-94.3287280656899,-100.066422218761,-59.7545699394467,-89.0027720446015,-100.258649352691,-61.1940087283258,-47.581662674756,-14.874897539928,-25.5568037583316
19-Nov-2024 23:59:04,9,30,-0.125548139214516,0.41646403670311,0.0344447878499826,0.00654255875075857,-0.0313210630168517,-0.19051171541214,0.981163350741069,-94.4935126705112,-103.785804908637,-61.7400410440436,-93.1394293027655,-100.275059115589,-61.3279933694344,-54.8612290870933,-16.1326951365207,-26.3114823162873
19-Nov-2024 23:59:34,9,31,-0.127197033166885,0.41944979429245,0.0372978096206983,0.0197437899808089,-0.0406890913844109,-0.178980462749799,0.982812611262004,-96.2169711339751,-107.711444464967,-67.6841081874589,-96.4905412118083,-102.350872107248,-61.5504934829551,-58.9489925209149,-18.5894398766682,-27.1345965431882
19-Nov-2024 23:59:45,9,32,-0.123368327816327,0.421959813435872,0.0402814961969852,0.0378554753959179,-0.0496326416730881,-0.157499649127324,0.985544244448344,-96.3817557387963,-111.430827154843,-69.6695792920559,-100.627198469972,-102.367281870147,-61.6844781240637,-66.2285589332522,-19.8472374732609,-27.8892751011439
20-Nov-2024 00:00:15,9,33,-0.124411135911942,0.421720633904139,0.0545941906670729,0.0244899122665326,-0.0543976175288359,-0.174735509355863,0.982806527614594,-97.7225708662546,-113.725544939897,-69.1878190709482,-99.2895747423355,-92.6143475357994,-58.2930649694761,-62.920681126578,-20.0267524419318,-27.1566607176331
20-Nov-2024 00:00:25,9,34,-0.119396886229515,0.419967023531596,0.0692425380150477,-0.00362815791741014,-0.0520341274638971,-0.174364133675893,0.983298746744792,-100.384049064392,-110.967134291724,-67.8517608304314,-95.3447236892592,-85.8067115870723,-54.9323940786824,-60.9087048091615,-20.8067938388254,-27.5898284996497
20-Nov-2024 00:01:00,9,35,-0.112065650026004,0.41720757484436,0.0847124194105466,-0.0510542206466198,-0.0462964157263438,-0.198977014422417,0.977577769756317,-104.635195727189,-111.710287860164,-66.7928515996191,-90.1534862989027,-81.3514264455352,-50.8063520559917,-57.3487777471162,-35.4615720216075,-28.7151051989027
20-Nov-2024 00:01:11,9,36,-0.106860295434793,0.416668758789698,0.0981095979611079,-0.0768696650862694,-0.0471461936831474,-0.198381061355273,0.975967868169149,-107.296673925326,-108.951877211991,-65.4567933591022,-86.2086352458264,-74.5437904968081,-47.445681165198,-55.3368014296998,-36.241613418501,-29.1482729809193
20-Nov-2024 00:01:43,9,37,-0.101297922929128,0.413818126916885,0.104417750239372,-0.101158630351226,-0.0476807760695616,-0.218366906046867,0.969437690575918,-109.552986355793,-107.719248672124,-63.8843096234377,-82.31559102411,-68.387329951676,-44.2273247084558,-52.7008497399689,-36.2340232083389,-28.202495221554
20-Nov-2024 00:01:54,9,38,-0.0980346411466599,0.413894492387772,0.114399287601312,-0.118305404980977,-0.0496215013166269,-0.215492624044418,0.968041582902272,-112.21446455393,-104.960838023951,-62.5482513829209,-78.3707399710338,-61.5796940029489,-40.8666538176621,-50.6888734225525,-37.0140646052324,-28.6356630035706
20-Nov-2024 00:02:25,9,39,-0.094578010837237,0.41114036043485,0.114328683416049,-0.142394038041433,-0.0474995255470276,-0.230939175685247,0.961319327354431,-113.923359868232,-103.115318429931,-61.3939803948302,-75.5017923336374,-57.1226457560193,-40.5771401438941,-48.9649094189789,-30.6502901985982,-27.2543580148963
20-Nov-2024 00:02:36,9,40,-0.0929505750536919,0.412145002683004,0.123948994775613,-0.165424745281537,-0.0492458370824655,-0.229992985725403,0.957764478524526,-116.584838066369,-100.356907781757,-60.0579221543133,-71.5569412805612,-50.3150098072923,-37.2164692531004,-46.9529331015625,-31.4303315954917,-27.6875257969129
20-Nov-2024 00:03:11,9,41,-0.0886035347978274,0.410901474952698,0.120830661058426,-0.214190408587456,-0.0454240766664346,-0.263178398211797,0.939572374025981,-123.570024822589,-93.5549426606609,-58.4377575400095,-67.1750419353249,-56.6076677094638,-28.4913769708196,-44.3349629410674,-35.6884650906213,-27.5134571935841
20-Nov-2024 00:03:21,9,42,-0.086402320365111,0.412306100130081,0.129664172728856,-0.232133283217748,-0.049157007286946,-0.264190451304118,0.934826815128326,-126.231503020726,-90.7965320124876,-57.1016992994927,-63.2301908822486,-49.8000317607367,-25.1307060800259,-42.322986623651,-36.4685064875149,-27.9466249756006
20-Nov-2024 00:03:59,9,43,-0.0881754547357559,0.409279674291611,0.119103744626045,-0.258323218425115,-0.0371360465884209,-0.284380263090134,0.922506324450175,-127.904835497904,-87.4413441278526,-55.1735878720824,-60.3418156830923,-52.917542737459,-35.5128244934885,-39.7830133846953,-35.4625939335265,-24.9261745649446
20-Nov-2024 00:04:10,9,44,-0.0914074366291364,0.405825964609782,0.108715026080608,-0.217097246646881,-0.0355601921677589,-0.275070164601008,0.935917035738627,-119.745622348185,-87.3066914983473,-54.7032550351653,-62.9422747701964,-53.8137805737293,-35.5579368894592,-36.8494945863602,-31.0064980259766,-22.2951200890052
20-Nov-2024 00:04:43,9,45,-0.092024390399456,0.401337200403214,0.103936658302943,-0.167509727676709,-0.0444606294234594,-0.287727749347687,0.94190050760905,-113.192336337986,-85.8236502506111,-52.7368956048014,-65.9209717842604,-39.4975918727244,-34.2994439375581,-32.6769773272556,-31.5824251429858,-23.6372565167294
20-Nov-2024 00:04:54,9,46,-0.0945195774237315,0.399724539120992,0.096818466981252,-0.139727800091108,-0.0449135231475035,-0.279418702920278,0.948885730902354,-105.033123188266,-85.6889976211058,-52.2665627678843,-68.5214308713645,-40.3938297089947,-34.3445563335288,-29.7434585289205,-27.126329235436,-21.0062020407901
20-Nov-2024 00:05:26,9,47,-0.0928949847817421,0.396099795897802,0.0936298231283824,-0.0910198152065277,-0.057052576293548,-0.276887476444244,0.954878914356232,-98.3518736083071,-86.830150682485,-50.6732166342438,-71.3860089219485,-34.1338542766274,-31.9378660555637,-28.6654405002007,-15.6612448401657,-22.2367430166825
20-Nov-2024 00:05:37,9,48,-0.095237347483635,0.394251984357834,0.0867476870616277,-0.052654605358839,-0.0595848716795444,-0.2659765680631,0.960694352785746,-90.1926604585876,-86.6954980529797,-50.2028837973267,-73.9864680090525,-35.0300921128977,-31.9829784515344,-25.7319217018656,-11.2051489326158,-19.6056885407431
20-Nov-2024 00:06:18,9,49,-0.0924033095439275,0.390351816018422,0.0807088673114777,-0.00102215020451695,-0.0691052988171577,-0.247846780220668,0.966330909729004,-81.9474290937483,-83.3737482689166,-49.2460443120479,-76.5689865778966,-47.3482233148491,-31.2521895105371,-26.8011532883381,-23.7195587812056,-20.3304317907196
20-Nov-2024 00:06:29,9,50,-0.0956795593102773,0.389333061377207,0.0737094367543856,0.0348183865348498,-0.0731036255757014,-0.238860147198041,0.967672157287598,-73.7882159440288,-83.2390956394112,-48.7757114751308,-79.1694456650006,-48.2444611511194,-31.2973019065079,-23.8676344900031,-19.2634628736558,-17.6993773147803
20-Nov-2024 00:07:04,9,51,-0.0874002317587535,0.385719172159831,0.0690988823771477,0.0832382236917814,-0.082312199473381,-0.20437558790048,0.971867676575979,-65.4359936867494,-81.510894432627,-48.2121253140328,-81.3859344929747,-46.6766456702303,-29.8294636339946,-28.1854908840718,-0.867619844175954,-19.2962217017988
20-Nov-2024 00:07:14,9,52,-0.0904440432786942,0.3852279484272,0.0607299613455931,0.12290888975064,-0.0882605428496997,-0.192671439051628,0.969526278972626,-57.2767805370299,-81.3762418031217,-47.7417924771157,-83.9863935800787,-47.5728835065006,-29.8745760299653,-25.2519720857367,3.58847606337388,-16.6651672258595
20-Nov-2024 00:07:48,9,53,-0.0827020933230718,0.383262447516123,0.0547001046439012,0.120014662543933,-0.0842117761572202,-0.204801938931147,0.967760841051737,-60.3895105505524,-78.7703474365814,-45.4834322204562,-84.4638395835083,-47.6962404215569,-29.4636189269227,-26.9560468827579,3.24418612010081,-19.7415248538388
20-Nov-2024 00:07:58,9,54,-0.0747729688882828,0.383580813805262,0.0523223568995794,0.108293291429679,-0.0782825882236163,-0.198209083080292,0.971008535226186,-63.1487451178549,-74.4112273586806,-43.4966986258871,-85.8082707165029,-50.2516239951929,-30.934137158122,-30.5844340835772,-2.34497738413727,-22.7289330503391
20-Nov-2024 00:08:34,9,55,-0.0684314807256063,0.383077389001846,0.0395257843037446,0.11226321409146,-0.0672277847925822,-0.213600313663483,0.96811793645223,-64.4347274082674,-70.6287201364601,-41.0741517002728,-86.944209284715,-50.3159942395391,-31.8389177222003,-29.5006650824974,-25.9367041078927,-23.210815962579
20-Nov-2024 00:08:45,9,56,-0.0560011486212413,0.383526762326558,0.0365994739035765,0.10060667693615,-0.0588473804295063,-0.208483982086182,0.971055996417999,-67.1939619755699,-66.2696000585592,-39.0874181057036,-88.2886404177096,-52.8713778131752,-33.3094359533996,-33.1290522833167,-31.5258676121308,-26.1982241590793
20-Nov-2024 00:09:15,9,57,-0.0530484472711881,0.384562899669011,0.0263190032293399,0.105808191994826,-0.0472046030064424,-0.217468197147051,0.969166656335195,-68.9165704044273,-59.0487864084985,-37.7827778456119,-91.1038252683129,-49.4562547221663,-33.7470853510384,-33.2013613831865,-31.7913127261276,-25.0828697134494
20-Nov-2024 00:09:26,9,58,-0.0432175780336062,0.385597256819407,0.0238831618179878,0.100435440738996,-0.0423487834632397,-0.210392810901006,0.971521584192912,-71.6758049717298,-54.6896663305977,-35.7960442510428,-92.4482564013075,-52.0116382958023,-35.2176035822378,-36.8297485840057,-37.3804762303657,-28.0702779099498
20-Nov-2024 00:09:59,9,59,-0.0404604504505793,0.387861076990763,0.0220259666442871,0.0907989859580994,-0.0381387467185656,-0.214965799450874,0.97164333264033,-75.0417264698098,-60.2246994666169,-34.3003573237124,-93.8530643931065,-56.4567685371159,-35.8716873966568,-39.0550967343503,-38.5827805394832,-29.981304785385
20-Nov-2024 00:10:10,9,60,-0.0313382908701897,0.389576168855031,0.0198798450330893,0.0829696625471115,-0.0344682134687901,-0.209714008371035,0.973626240094503,-77.8009610371122,-55.8655793887161,-32.3136237291433,-95.197495526101,-59.0121521107519,-37.3422056278561,-42.6834839351695,-44.1719440437212,-32.9687129818853
20-Nov-2024 00:10:45,9,61,-0.0329038952787717,0.391808579365412,0.0225952992836634,0.0797208284338315,-0.0349388067921003,-0.212855977813403,0.973198982079824,-80.6385390698035,-61.6285359177751,-34.9974134681935,-97.3221150884978,-57.6374090182268,-39.2295066506653,-44.6353516107515,-47.567677950399,-33.6179305178531
20-Nov-2024 00:10:56,9,62,-0.0222641130288442,0.39362319111824,0.020385042950511,0.0748322750131289,-0.0328727275133133,-0.201757939656576,0.976019092400869,-83.3977736371059,-57.2694158398743,-33.0106798736243,-98.6665462214924,-60.1927925918628,-40.7000248818647,-48.2637388115707,-53.1568414546371,-36.6053387143535
20-Nov-2024 00:11:32,9,63,-0.0215953840563695,0.396176419655482,0.0261174608021975,0.0653047074874242,-0.0341038686533769,-0.201082769036293,0.976799873510997,-86.7961799371028,-61.4963340654534,-36.6592079458648,-99.8010715691881,-61.4581128324183,-41.8539345088689,-51.7288662497713,-55.0992901600951,-39.0986515805875
20-Nov-2024 00:11:43,9,64,-0.0101058522239327,0.39806035955747,0.0209216638157765,0.0679485112428665,-0.0319435189167658,-0.189831000566483,0.978941591580709,-89.5554145044053,-57.1372139875526,-34.6724743512957,-101.145502702183,-64.0134964060543,-43.3244527400682,-55.3572534505906,-60.6884536643332,-42.0860597770879
20-Nov-2024 00:12:13,9,65,-0.00943284401049217,0.398804791768392,0.0278085467716058,0.0530307248234749,-0.0337746627628803,-0.176306719581286,0.982325311501821,-90.2342349380549,-38.2461130613919,-38.2033715901314,-100.134980942528,-67.04884831315,-44.26166666917,-59.5040107701005,-63.1042597691812,-42.9514203084551
20-Nov-2024 00:12:24,9,66,0.000863122788723558,0.40070219039917,0.021180568387111,0.0550168325503667,-0.0317377373576164,-0.162820468346278,0.984609262148539,-92.9934695053574,-33.886992983491,-36.2166379955622,-101.479412075522,-69.604231886786,-45.7321849003693,-63.1323979709198,-68.6934232734193,-45.9388285049554
20-Nov-2024 00:12:56,9,67,0.000589771436837812,0.403409294287364,0.0261937913795312,0.0485457095007102,-0.032789408415556,-0.165700748562813,0.984434596697489,-94.9374970058334,-20.9868824814603,-39.9137198176955,-103.596366762192,-71.9495996271519,-47.3860509805199,-65.5949702310844,-72.4709080779623,-49.1402128688892
20-Nov-2024 00:13:06,9,68,0.00738038439303637,0.404046358664831,0.018272053077817,0.0865370770295461,-0.025921830162406,-0.139242068926493,0.986129335562388,-87.1989918879432,-22.7683626073289,-40.9826078932167,-107.311765761002,-71.9502458681261,-47.5645221135939,-69.4895788216576,-73.2109872415352,-49.6884004632625
20-Nov-2024 00:13:37,9,69,0.0191168326884508,0.404199876387914,0.00550038774187366,0.126184116800626,-0.0168248535444339,-0.108009234567483,0.985965812206268,-79.5028832366398,-19.7543475211326,-38.4434036770891,-108.93842653665,-74.0958841924653,-47.0846671711434,-72.0512799419035,-76.2702270552606,-51.0185761413525
20-Nov-2024 00:13:48,9,70,0.0261826924979687,0.405851890643438,-0.00163873590839406,0.165782118837039,-0.0120414696633816,-0.0756605217854182,0.983181997140249,-71.7643781187495,-21.5358276470013,-39.5122917526103,-112.65382553546,-74.0965304334395,-47.2631383042174,-75.9458885324767,-77.0103062188335,-51.5667637357259
20-Nov-2024 00:14:26,9,71,0.0370271975795428,0.407927952210108,-0.0137137504294515,0.210667724410693,-0.00302262188245853,-0.0425993748009205,0.976624441146851,-64.7220712341527,-53.1695601668374,-37.0521336823072,-115.624855422689,-75.5446727160961,-46.9624463995292,-79.6990433878862,-79.3599657074826,-51.3059453719575
20-Nov-2024 00:14:37,9,72,0.0405277870595455,0.410458052158356,-0.0186273264388243,0.250700642665227,-0.000415638762448604,-0.0102198822423816,0.968010652065277,-56.9835661162624,-54.951040292706,-38.1210217578284,-119.3402544215,-75.5453189570703,-47.1409175326032,-83.5936519784594,-80.1000448710555,-51.8541329663308
20-Nov-2024 00:15:10,9,73,0.0494053900241852,0.413417690992355,-0.0295375427852074,0.294851976633072,0.00823841659973065,0.0188092470169067,0.95532230536143,-49.6681601150189,-51.4086466155584,-36.1503867604374,-122.383468864519,-76.2697132188858,-47.9048071467961,-86.9675337014507,-82.5449141971665,-51.6978175816333
20-Nov-2024 00:15:21,9,74,0.0522703682382901,0.416543294986089,-0.0347216087083022,0.33663157025973,0.0109587490558624,0.0435246251523495,0.940566186110179,-41.9296549971287,-53.190126741427,-37.2192748359586,-126.098867863329,-76.27035945986,-48.08327827987,-90.8621422920239,-83.2849933607394,-52.2460051760066
20-Nov-2024 00:15:54,9,75,0.0614057270189126,0.416120700041453,-0.046070534735918,0.351480384667714,0.0233135654280583,0.0451779752969742,0.934813892841339,-35.6587171565852,-44.8371274121569,-32.5998758428453,-123.910977187286,-77.2251080239573,-48.4558185544916,-85.9621483233528,-85.8897413366172,-52.5158238909994
20-Nov-2024 00:16:05,9,76,0.0619739470382531,0.415895162026087,-0.0522836407025655,0.355016191800435,0.0260995108634233,0.0321376852691174,0.933943005402883,-29.4762297577184,-40.4210649843949,-29.9502383861881,-119.884178789137,-78.117982577634,-48.4606495885538,-80.1975177884727,-86.517094231226,-52.3878940955276
20-Nov-2024 00:16:44,9,77,0.0616927658518155,0.410178438822428,-0.0487772690753142,0.310574426253637,0.0281206682324409,0.0097339354455471,0.950083168347677,-37.0495171380131,-37.7865341058788,-28.7907201613028,-115.651834252041,-78.441794136521,-48.0493352428957,-76.2152055366971,-88.1331446664693,-51.7088385552881
20-Nov-2024 00:16:54,9,78,0.063336643576622,0.410212459166845,-0.0556807818512122,0.310497985283534,0.0322323076426983,-0.00317348817673822,0.950022125244141,-30.8670297391463,-33.3704716781167,-26.1410827046456,-111.625035853893,-79.3346686901977,-48.0541662769578,-70.4505750018169,-88.7604975610781,-51.5809087598163
20-Nov-2024 00:17:29,9,79,0.059352857619524,0.410316121578217,-0.0551319415370623,0.293092815081278,0.0328147230048974,-0.0214433557043473,0.955280081431071,-40.4804772138511,-18.7516014689845,-28.8153607302783,-114.029911061514,-82.3254387532009,-51.2927807689211,-71.102592214782,-91.5381378087055,-53.018528027712
20-Nov-2024 00:17:40,9,80,0.058213438342015,0.413503748178482,-0.0619388967752457,0.285850967963537,0.0318326657017072,-0.029924301803112,0.957277635733287,-44.3410372989751,-17.7169654852291,-28.1945791400251,-115.562559338609,-88.9757403135988,-54.5144679507446,-71.7634502861949,-94.1214292860158,-54.2067101679916
20-Nov-2024 00:18:19,9,81,0.057563457886378,0.416416591405869,-0.0695765654246012,0.286812424659729,0.0330557505289714,-0.0309120815247297,0.956917146841685,-44.0280410788896,-36.6652123887851,-29.9713273577148,-116.256321080968,-93.4962761252993,-58.3446187876379,-72.1948879283838,-95.8268951484846,-57.8446108720792
20-Nov-2024 00:18:30,9,82,0.0592783384025097,0.417336376508077,-0.0630560283859571,0.256044167280197,0.0244399479279915,-0.0198913267503182,0.966151360670725,-51.6150553016601,-39.0448665773967,-31.3991198708818,-113.689408474486,-96.0139637075053,-59.8414279976021,-76.6498355673473,-97.1940088051476,-58.7661331192719
20-Nov-2024 00:19:05,9,83,0.0611384637653828,0.417843860387802,-0.0621541979412238,0.245668286085129,0.020741039638718,-0.00959974794338147,0.969084517161051,-51.7902913718259,-42.1159622096641,-32.9756772880203,-112.278052600636,-97.9167684153626,-60.8174690351012,-78.2150729916989,-99.2472096543899,-60.1625146483686
20-Nov-2024 00:19:16,9,84,0.0612633123993874,0.418373119831085,-0.0548568611343702,0.212239211797714,0.0109163134048382,-0.00158387509485086,0.977155502637227,-59.3773055945964,-44.4956163982757,-34.4034698011872,-109.711139994155,-100.434455997569,-62.3142782450654,-82.6700206306624,-100.614323311053,-61.0840368955612
20-Nov-2024 00:19:48,9,85,0.0644388929009438,0.419146311283112,-0.050943129012982,0.177592455347379,-0.00164238488456855,0.0229531326641639,0.983835069338481,-62.8084307410645,-31.7709913087153,-35.6056447663399,-106.597005753989,-102.2697021426,-63.400703368797,-87.2551131623199,-102.474480564006,-63.8929887837059
20-Nov-2024 00:19:59,9,86,0.0625949839750926,0.420424036184947,-0.0454727830986182,0.139722650249799,-0.012267897464335,0.0258309572935104,0.989777692159017,-70.395444963835,-34.1506454973269,-37.0334372795069,-104.030093147508,-104.787389724806,-64.8975125787612,-91.7100608012834,-103.841594220668,-64.8145110308985
20-Nov-2024 00:20:29,9,87,0.0622487423320611,0.419746166467667,-0.0403762156764666,0.0999544009566307,-0.0252751560260852,0.0400326465566953,0.993865056832631,-73.6545146484544,-28.6781600468524,-38.2734210186667,-99.0895697241847,-106.963856588425,-66.5641297456091,-94.7300808865939,-105.530229675476,-64.8797480985672
20-Nov-2024 00:20:39,9,88,0.0603547275066376,0.4215729256471,-0.0348873076339563,0.0648843735456467,-0.0336022655169169,0.0422250300645828,0.996432642141978,-81.2415288712248,-31.0578142354641,-39.7012135318337,-96.5226571177033,-109.481544170631,-68.0609389555732,-99.1850285255574,-106.897343332139,-65.8012703457598
20-Nov-2024 00:21:12,9,89,0.0722861036658287,0.422682974735896,-0.0333516617616018,0.0797772114475568,-0.0362174034118652,0.0764437079429627,0.993217146396637,-76.2260168189535,-27.398242183766,-37.5322078055371,-97.6886018839677,-103.673669345107,-64.5063604776843,-102.576962217341,-107.108478824982,-66.3399648296674
20-Nov-2024 00:21:22,9,90,0.0818992892901103,0.422115705410639,-0.0228941594560941,0.0809627239902814,-0.036774339278539,0.110139973958333,0.989930244286855,-71.4244770357577,-26.6897399516109,-37.1071064662441,-94.4913520586531,-96.9864048788762,-61.0918780213534,-106.46135968595,-106.933853418752,-66.181801903337
20-Nov-2024 00:22:00,9,91,0.0939501906434695,0.421489614248276,-0.0124723680317402,0.0832251270612081,-0.0376939761141936,0.151411645611127,0.984239447116852,-67.4159511180241,-46.5557028096842,-36.3350529334492,-92.5006995291281,-91.9388352329987,-56.2573475542435,-110.324525266147,-106.202108462058,-67.4220676821256
20-Nov-2024 00:22:11,9,92,0.10302865455548,0.422139120101929,-0.00439910879358649,0.0895846997698148,-0.0352622665464878,0.185333076119423,0.977948296070099,-62.6144113348283,-45.8472005775291,-35.9099515941562,-89.3034497038135,-85.251570766768,-52.8428650979127,-114.208922734757,-106.027483055829,-67.2639047557952
20-Nov-2024 00:22:46,9,93,0.115614703297615,0.421909892559052,0.0039032932681342,0.0874210889140765,-0.0333786129951477,0.232255238294601,0.968143061796824,-57.8343784843636,-47.4009308904882,-33.8863741581123,-85.3594985263937,-81.334153710714,-48.8683586361923,-118.75770425916,-105.949297874367,-66.6799561820243
20-Nov-2024 00:22:57,9,94,0.123802162706852,0.423344270388285,0.0119903957471251,0.0911295940478643,-0.0283194107313951,0.264216860135396,0.959730625152588,-53.0328387011678,-46.6924286583331,-33.4612728188193,-82.1622487010791,-74.6468892444833,-45.4538761798615,-122.642101727769,-105.774672468137,-66.5217932556938
20-Nov-2024 00:23:33,9,95,0.132804383834203,0.423295394579569,0.0213006261736155,0.0872936025261879,-0.0219293922185898,0.301827589670817,0.949104356765747,-48.6920523843376,-47.5650426987352,-32.7619334311508,-78.516648199712,-68.5195484833409,-43.1843817208359,-126.933691224276,-105.648267174291,-65.9257375056432
20-Nov-2024 00:23:44,9,96,0.140120951334635,0.425747434298197,0.0271682435025771,0.0944888080159823,-0.014467766135931,0.329145763317744,0.939428353309631,-43.8905126011418,-46.8565404665801,-32.3368320918577,-75.3193983743974,-61.8322840171102,-39.769899264505,-130.818088692886,-105.473641768062,-65.7675745793128
20-Nov-2024 00:24:20,9,97,0.150942619641622,0.427450623114904,0.0301557708531618,0.0989052126804988,-0.00566058590387305,0.368049172560374,0.924513681729635,-39.1693495511287,-45.2135963707036,-29.599611728377,-72.5729732110565,-56.2499814034237,-39.0279108068268,-134.006082175444,-105.173126418024,-65.9904652411222
20-Nov-2024 00:24:31,9,98,0.158090262611707,0.430535491307577,0.035526355355978,0.100587323307991,0.00146153327077627,0.395423328876495,0.912973431746165,-34.367809767933,-44.5050941385485,-29.1745103890839,-69.375723385742,-49.562716937193,-35.6134283504959,-137.890479644053,-104.998501011794,-65.8323023147918
20-Nov-2024 00:25:07,9,99,0.166298218568166,0.433044701814651,0.0338325207432111,0.0911789571245511,6.43795690848492e-05,0.42797663807869,0.899178743362427,-32.4564583513285,-27.8793709745329,-27.893349537697,-65.9538858914143,-53.4779333972343,-36.2351928934913,-141.201675119637,-104.61093063366,-66.6146661825313
20-Nov-2024 00:25:17,9,100,0.172492333253225,0.43633557955424,0.0372579882542292,0.0954464217027028,0.00644230814650655,0.455675299962362,0.884990620613098,-27.6549185681327,-27.1708687423778,-27.468248198404,-62.7566360660997,-46.7906689310037,-32.8207104371605,-145.086072588247,-104.43630522743,-66.4565032562009
20-Nov-2024 00:26:19,10,1,0.00313102258369327,0.322410353024801,0.0429951369762421,-0.00911346767097712,-0.0335667848587036,0.00643753043065468,0.999374226729075,-7.35000000000001,-0.075,-4.50000000000001,-8.02500000000001,-0.525,-5.77500000000001,-9.75,-5.10000000000001,-6.67500000000001
20-Nov-2024 00:26:30,10,2,0.0015438836455966,0.325434746344884,0.0333161679406961,0.010921385884285,-0.0344690059622129,0.016941624507308,0.999202501773834,-5.11643247936491,1.52040537188221,-3.54275677687068,-12.1400714811421,-7.1335121361301,-8.9197190762363,-14.5850518047804,-4.56810843003073,-6.24951070611837
20-Nov-2024 00:27:03,10,3,0.00453008615101377,0.327854617436727,0.0253462637464205,0.0202701018502315,-0.0354254953563213,0.0274056485543648,0.998790848255158,-7.00786495872978,-14.8466892562355,-4.31051355374136,-15.1676429622841,-16.2545242722602,-14.3519381524726,-17.6951036095608,-8.01121686006145,-8.33652141223672
20-Nov-2024 00:27:13,10,4,0.00271308459341526,0.331578940153122,0.010470114958783,0.0454981168111165,-0.0379915749033292,0.0437056216100852,0.997284503777822,-4.77429743809468,-13.2512838843533,-3.35327033061203,-19.2827144434262,-22.8630364083903,-17.4966572287089,-22.5301554143413,-7.47932529009218,-7.91103211835507
20-Nov-2024 00:27:46,10,5,0.00142230292937408,0.337500848372777,0.00652468859528502,0.0510359498361746,-0.0393418262402217,0.0452256423731645,0.9968962987264,-10.7532299174595,-2.7121285124711,-8.05852710748267,-25.3290359245682,-29.9777985445204,-21.1851263049452,-27.5527072191217,-11.9349337201228,-11.0667928244734
20-Nov-2024 00:27:57,10,6,-0.000376860486964385,0.341429086526235,-0.00817525666207075,0.0714618712663651,-0.0444799433151881,0.0588410176336765,0.994712297121684,-8.51966239682439,-1.11672314058889,-7.10128388435334,-29.4441074057103,-36.5863106806505,-24.3298453811815,-32.3877590239021,-11.4030421501536,-10.6413035305917
20-Nov-2024 00:28:28,10,7,0.00539023388798038,0.340734092394511,0.00726414388045669,0.0399211337169011,-0.0419877581298351,0.0729097882906596,0.99565433661143,-12.7144339478574,3.47199280907039,-10.7624293145577,-25.697560119565,-34.3691612897153,-23.2423990907479,-35.4366260680226,-14.851446973856,-12.747571847477
20-Nov-2024 00:28:38,10,8,0.0101825470104814,0.342145637671153,0.0238411026696364,0.00259535093791783,-0.0414749095837275,0.0762971788644791,0.996218796571096,-19.4779554988903,3.58883375872968,-10.6923247447621,-21.8853878334197,-29.57388689878,-20.8330778003144,-38.3917431121431,-17.6061017975585,-14.1132151643623
20-Nov-2024 00:29:17,10,9,0.0155807157978415,0.342808663845062,0.0422715586920579,-0.0456077913443248,-0.0391844044129054,0.0987994939088821,0.993289077281952,-23.9821020499233,-26.0833877916109,-13.1628451749665,-17.5810280472745,-26.5176750078448,-18.7846940098808,-42.5937351562636,-19.4326316212609,-15.0991709812476
20-Nov-2024 00:29:28,10,10,0.0197213025142749,0.345523571968079,0.0563772489627202,-0.0851537371675173,-0.0380225948989391,0.098084269464016,0.990798989931742,-30.7456236009563,-25.9665468419516,-13.0927406051709,-13.7688557611292,-21.7224006169096,-16.3753727194472,-45.5488522003841,-22.1872864449634,-16.4648142981329
20-Nov-2024 00:30:04,10,11,0.0233568714310726,0.347993246714274,0.0659606123963992,-0.121458518008391,-0.0376261639098326,0.108753587305546,0.985903036594391,-35.3294576519893,-29.2692371422925,-14.3679485353753,-11.3605897249839,-14.3466574759743,-16.8465201790137,-48.7524067445046,-22.8278787686659,-18.7656138650182
20-Nov-2024 00:30:14,10,12,0.0273223519325256,0.35143605073293,0.076623838643233,-0.160979410012563,-0.0400231368839741,0.110634808242321,0.979920283953349,-42.0929792030223,-29.1523961926332,-14.2978439655797,-7.54841743883864,-9.55138308503905,-14.4371988885801,-51.7075237886251,-25.5825335923683,-20.1312571819035
20-Nov-2024 00:30:54,10,13,0.0250626031309366,0.354777266581853,0.0763971442977587,-0.169901038209597,-0.0396631963551044,0.108452195922534,0.978671868642171,-46.4166570040553,-32.4703208679741,-17.0753956457841,-10.9631982776933,-2.1908743191038,-17.8181119731465,-55.0118595827456,-27.1301571660708,-22.3394786237888
20-Nov-2024 00:31:04,10,14,0.0320474574963252,0.357355920473735,0.0718203182021777,-0.157798423369726,-0.0434642183283965,0.111010979115963,0.980248518784841,-47.3390270712103,-33.3477268162706,-17.601839214762,-15.3419033340998,-7.26872923912215,-20.4447800279853,-57.8891858046482,-32.6811066939862,-25.2026939825761
20-Nov-2024 00:31:38,10,15,0.0381938971579075,0.359492985407511,0.0733357270558675,-0.156984443465869,-0.0448693749805291,0.124307376146317,0.978718749682109,-47.6414752633654,-13.6675155770671,-18.35211090874,-16.2840849530063,-25.1639669716404,-20.7165652703241,-61.9161214015508,-35.6785405969016,-28.3371984038635
20-Nov-2024 00:31:48,10,16,0.04379634882013,0.362349041302999,0.0651659632722537,-0.137069494525592,-0.0484270753959815,0.124794819454352,0.981474936008453,-48.5638453305204,-14.5449215253636,-18.8785544777179,-20.6627900094129,-30.2418218916588,-23.343233325163,-64.7934476234534,-41.229490124817,-31.2004137626508
20-Nov-2024 00:32:20,10,17,0.0476437975962957,0.365558121601741,0.0648383225003878,-0.135591258605321,-0.0499750559528669,0.132409208019574,0.9806045850118,-50.6012544601754,-5.14351887991012,-20.0419121091958,-22.8732333470694,-33.0283682179271,-24.7924599737518,-68.7705785328561,-44.7536818402324,-33.9742736526882
20-Nov-2024 00:32:30,10,18,0.0537875510752201,0.368667101860046,0.0576755267878373,-0.123659425477187,-0.0529261700809002,0.133970346053441,0.981814213593801,-51.5236245273304,-6.02092482820667,-20.5683556781738,-27.2519384034759,-38.1062231379455,-27.4191280285906,-71.6479047547587,-50.3046313681478,-36.8374890114755
20-Nov-2024 00:33:00,10,19,0.0581594531734784,0.369750861326853,0.0557082633177439,-0.117011331021786,-0.05382258122166,0.123536299665769,0.983946287631989,-52.4035141257354,-3.10892647962819,-21.7132562784017,-29.1215126005075,-40.8384237610888,-28.7070753803045,-69.8251333204114,-55.2922019898132,-39.5810266358879
20-Nov-2024 00:33:10,10,20,0.0629155630866687,0.37250062028567,0.0454821052650611,-0.101018203298251,-0.0552118663986524,0.120211656888326,0.986050812403361,-53.3258841928904,-3.98633242792475,-22.2396998473796,-33.500217656914,-45.9162786811072,-31.3337434351433,-72.702459542314,-60.8431515177286,-42.4442419946752
20-Nov-2024 00:33:40,10,21,0.068888167043527,0.376283278067907,0.045630370080471,-0.0950226202607155,-0.0567600746949514,0.127626936634382,0.985626904169718,-54.6770140256705,-3.56903622778379,-22.7753719319825,-37.299357283633,-47.7213064526881,-32.0160511384196,-75.9297369360916,-65.887411592519,-46.4476184862751
20-Nov-2024 00:33:51,10,22,0.0762463967005412,0.380674894650777,0.0355336760481199,-0.0772650793194771,-0.0588068261742592,0.128816868861516,0.986903301874797,-55.5993840928255,-4.44644217608034,-23.3018155009605,-41.6780623400396,-52.7991613727064,-34.6427191932585,-78.8070631579943,-71.4383611204344,-49.3108338450624
20-Nov-2024 00:34:22,10,23,0.0820942064126333,0.384399354457855,0.0320886261761189,-0.0677874763806661,-0.061284164339304,0.146279338002205,0.985013449192047,-55.761134042793,-8.35149705015814,-24.8828733277509,-43.4419846816023,-56.540602718506,-37.4222070723161,-82.7593649658344,-76.4359659217872,-52.594129770256
20-Nov-2024 00:34:33,10,24,0.0881681144237518,0.388927759726842,0.0230735859523217,-0.0566703610122204,-0.0646303112308184,0.151280416051547,0.984746487935384,-56.683504109948,-9.22890299845469,-25.4093168967288,-47.8206897380089,-61.6184576385244,-40.0488751271549,-85.636691187737,-81.9869154497026,-55.4573451290433
20-Nov-2024 00:35:04,10,25,0.08265281021595,0.389870452880859,0.0107377370198568,-0.0270623462895552,-0.0600796756645044,0.132339555025101,0.989011784394582,-55.8171142918127,-7.48554842363332,-25.9323166030079,-53.1830733942177,-66.916172702273,-42.7075280609221,-83.6193651496686,-84.69165377472,-53.4573728526246
20-Nov-2024 00:35:14,10,26,0.0745961715777715,0.391138350963593,-0.00378847794296841,-0.00294040890100102,-0.0581921068330606,0.11534366607666,0.991615319252014,-54.5060345322713,-8.72836938592132,-26.6780091803807,-58.8028484078484,-73.332094553131,-46.0397710825799,-80.0145513186314,-81.3730644630187,-51.9223602930027
20-Nov-2024 00:35:45,10,27,0.0581504449248314,0.388991105556488,-0.0207536851366361,0.0399804770946503,-0.0446528491874536,0.0705504635969798,0.995705966154734,-52.8172997434329,-8.62810257965463,-26.4123553222066,-63.7689277427682,-79.0389130104344,-50.5352190602924,-75.1034813840787,-80.3911389696766,-50.5298678749824
20-Nov-2024 00:35:56,10,28,0.0492542736232281,0.392241183916728,-0.0372718756397565,0.0650909677147865,-0.0422770120203495,0.0533203907310963,0.995556505521139,-51.5062199838914,-9.87092354194264,-27.1580478995794,-69.3887027563989,-85.4548348612924,-53.8674620819502,-71.4986675530415,-77.0725496579753,-48.9948553153605
20-Nov-2024 00:36:32,10,29,0.0311866316944361,0.392405712604523,-0.0532329974075158,0.0969596748550733,-0.0369083009660244,0.0236130122095346,0.994323452313741,-50.2313127097014,-34.6672006199531,-27.0230672591788,-73.4066299306742,-91.2912050153731,-57.3313075816354,-67.9907256702465,-74.6222922554536,-46.9311028265394
20-Nov-2024 00:36:43,10,30,0.022240940357248,0.396993335088094,-0.0682144636909167,0.120502816140652,-0.0361375165482362,0.00853141949822505,0.992018349965413,-48.9202329501599,-35.9100215822411,-27.7687598365516,-79.0264049443049,-97.7071268662311,-60.6635506032932,-64.3859118392094,-71.3037029437522,-45.3960902669175
20-Nov-2024 00:37:13,10,31,0.00340431580940882,0.400646132230759,-0.084719938536485,0.161160577336947,-0.0328591446081797,-0.0118144966041048,0.986310283342997,-47.0272394332942,-23.5045706023905,-27.4741158050377,-84.0702560382579,-104.4332728687,-66.2365948639646,-63.3795339822933,-65.5692795866407,-43.971707742696
20-Nov-2024 00:37:24,10,32,0.0184740663816532,0.404641483227412,-0.0886500552296638,0.164975520968437,-0.0332051406304042,0.00628599496558309,0.985718524456024,-46.9610076119595,-22.8937444221914,-27.1076200969182,-85.8230346947399,-106.832316819534,-67.3750342213612,-67.656043515478,-72.5050730290368,-47.3785218458742
20-Nov-2024 00:37:53,10,33,0.0240974259873231,0.406821024417877,-0.0893040214975675,0.169684983293215,-0.0284382595370213,0.00760619960104426,0.985058641433716,-47.2788189119627,-15.758782270923,-27.6459560843553,-87.437851391383,-109.011472846172,-68.6588741982647,-69.2567710357233,-75.7579494487279,-52.8656509667525
20-Nov-2024 00:38:04,10,34,0.037711996336778,0.411254564921061,-0.0923968056837718,0.172601637244225,-0.0279959556957086,0.0229891805599133,0.984325341383616,-47.212587090628,-15.1479560907238,-27.2794603762359,-89.190630047865,-111.410516797005,-69.7973135556613,-73.5332805689081,-82.6937428911241,-56.2724650699307
20-Nov-2024 00:38:27,10,35,0.0554429913560549,0.417461224397024,-0.101548777023951,0.191198535760244,-0.0120413009077311,0.0274444812287887,0.981093760331472,-42.0883768299623,-10.90006192499,-15.6653805158948,-92.3744277244275,-114.824616785741,-63.3584532228114,-74.3718990956232,-87.6380778221677,-59.5194366819589
20-Nov-2024 00:38:37,10,36,0.0688393592834473,0.422311456998189,-0.101334901154041,0.188509606321653,-0.0113347496216496,0.0458737790584564,0.980933781464895,-42.0221450086276,-10.2892357447909,-15.2988848077753,-94.1272063809095,-117.223660736574,-64.496892580208,-78.6484086288079,-94.5738712645638,-62.9262507851371
20-Nov-2024 00:39:09,10,37,0.069388281305631,0.422506648302078,-0.0907009368141492,0.161553199092547,-0.0139537430678805,0.0432071375350157,0.985818978150686,-52.4769239676273,-7.85987557182439,-27.1585970235449,-93.9704945474318,-119.380232706359,-69.4966820924813,-81.2059726587578,-100.738935451284,-67.5281436427403
20-Nov-2024 00:39:20,10,38,0.0841740747292836,0.429536964495977,-0.0958282788594564,0.166808369755745,-0.0136537070696553,0.0640023127198219,0.983815149466197,-52.4106921462926,-7.24904939162524,-26.7921013154254,-95.7232732039137,-121.779276657192,-70.635121449878,-85.4824821919426,-107.67472889368,-70.9349577459184
20-Nov-2024 00:39:45,10,39,0.102221536139647,0.439882878462474,-0.105394535760085,0.193351955215136,-0.00177620482475807,0.0824565693736076,0.977656805515289,-44.5549657151252,-5.72895621504243,-17.4637095692506,-99.7463066154159,-124.882084617501,-66.054235884713,-90.5495189735099,-114.525157708238,-75.6893112263091
20-Nov-2024 00:39:56,10,40,0.105751166244348,0.439434808492661,-0.0979325105746587,0.198351871967316,0.00180659093117962,0.0987497826417287,0.975141934553782,-41.9062908837692,-5.62739718069116,-17.4027741486398,-99.8514716611723,-116.875195690658,-62.0406355178565,-93.8301284914611,-112.463041060384,-74.6480969989469
20-Nov-2024 00:40:32,10,41,0.105006427069505,0.433204915126165,-0.0727209185560544,0.19505908091863,0.00538775747021039,0.100349780420462,0.975629488627116,-49.8378687474968,-7.02120464814807,-28.6858907090012,-101.691764084439,-113.345188768553,-62.0673726897192,-95.8560016336035,-116.13324209861,-73.7556524601909
20-Nov-2024 00:40:43,10,42,0.110793922841549,0.433828715483348,-0.0673197517792384,0.202977533141772,0.0092235899840792,0.11844283392032,0.971949776013692,-47.1891939161409,-6.9196456137968,-28.6249552883905,-101.796929130195,-105.33829984171,-58.0537723228627,-99.1366111515546,-114.071125450756,-72.7144382328287
20-Nov-2024 00:41:17,10,43,0.113737411797047,0.429896010955175,-0.0474721764524778,0.218472994367282,0.014707827505966,0.138070450226466,0.965913987159729,-45.1056454323267,-5.61576983034962,-29.9610458582658,-103.669657864707,-97.4698519172366,-55.6103407253658,-102.014852481601,-114.425167645942,-72.2726088497695
20-Nov-2024 00:41:28,10,44,0.120084413389365,0.430681212743123,-0.0394663214683533,0.226754539211591,0.0211905011286338,0.157935257752736,0.960827672481537,-42.4569706009707,-5.51421079599836,-29.9001104376551,-103.774822910463,-89.4629629903939,-51.5967403585093,-105.295461999552,-112.363050998088,-71.2313946224073
20-Nov-2024 00:42:09,10,45,0.124854852259159,0.42928768992424,-0.0285806524256865,0.249275449911753,0.0326921130220095,0.192160977919896,0.948613274097443,-36.9408589433857,-39.086493387099,-29.3376880122874,-103.563769800597,-81.9002945647356,-48.7432243763326,-108.899887423551,-111.359013771754,-70.6398728171966
20-Nov-2024 00:42:20,10,46,0.130769780278206,0.430487807591756,-0.0186228164782127,0.253923497597376,0.0437980425854524,0.208103231588999,0.943555875619252,-34.2921841120297,-38.9849343527478,-29.2767525916766,-103.668934846353,-73.8934056378929,-44.7296240094762,-112.180496941503,-109.2968971239,-69.5986585898344
20-Nov-2024 00:42:57,10,47,0.129875053962072,0.428026328484217,-0.0101373434687654,0.269297877947489,0.0566105199356874,0.233846729000409,0.932517902056376,-29.5347908675592,-40.4952961311226,-29.2650736686874,-102.940990814298,-66.0336269616425,-41.4460658349596,-115.473014412478,-108.363820186806,-67.8822905735479
20-Nov-2024 00:43:08,10,48,0.134581527113914,0.429615501562754,-0.00575017326821884,0.274833953380585,0.0656558513641357,0.243921330571175,0.927716553211212,-26.8861160362033,-40.3937370967713,-29.2041382480766,-103.046155860055,-58.0267380347998,-37.4324654681031,-118.753623930429,-106.301703538951,-66.8410763461857
20-Nov-2024 00:43:47,10,49,0.128936430811882,0.429246077934901,-0.00994996608545383,0.279913133382797,0.0563813433051109,0.268369255463282,0.92002596060435,-26.4080819982901,-22.0481384687831,-29.4678310762766,-103.484766366906,-64.4184042332531,-41.0588861974165,-121.965187424892,-105.254106746477,-64.6372852243613
20-Nov-2024 00:43:58,10,50,0.133373781045278,0.431129602591197,-0.00670964693029722,0.285619948307673,0.0635429521401723,0.281458443403244,0.913873449961344,-23.7594071669341,-21.9465794344318,-29.4068956556659,-103.589931412662,-56.4115153064104,-37.04528583056,-125.245796942843,-103.191990098623,-63.5960709969991
20-Nov-2024 00:44:40,10,51,0.125759321451187,0.430207945903142,-0.0105225016052524,0.293674804766973,0.0523129381239414,0.3041836977005,0.904704793294271,-22.5710527322995,-12.7230006032621,-30.1082743594605,-103.336819188966,-62.5789039422159,-40.6766960117884,-129.09188344905,-100.962133378459,-62.1985683224058
20-Nov-2024 00:44:51,10,52,0.122487755119801,0.428954660892487,0.000540094589814544,0.268885864814123,0.0505386345088482,0.29115022222201,0.916721232732137,-29.8215759733395,-17.4200442181284,-32.6136538239093,-100.873528651101,-62.3382056550592,-40.7132045252257,-126.480322809129,-103.238016408555,-63.4933674944697
20-Nov-2024 00:45:33,10,53,0.121640893816948,0.426990071932475,0.0075758914463222,0.240060422817866,0.0523693243662516,0.274400333563487,0.929695085684458,-32.7772594127403,-45.6810779345852,-32.4251903505609,-98.9060994785094,-60.4096461492266,-38.4222183127056,-124.976500663337,-107.455029402497,-56.8850224429181
20-Nov-2024 00:45:43,10,54,0.119200106461843,0.426048713922501,0.0204899662484725,0.21229220132033,0.0515694327652454,0.254985398054123,0.941942199071248,-40.0277826537803,-50.3781215494515,-34.9305698150097,-96.4428089406445,-60.16894786207,-38.4587268261429,-122.364940023416,-109.730912432593,-58.1798216149819
20-Nov-2024 00:46:16,10,55,0.12025691618522,0.425508807102839,0.0246459210912387,0.173107056816419,0.0430975203712781,0.251552532116572,0.951261226336161,-44.0808859940007,-48.3321602151132,-34.6640278105599,-94.1524490854164,-41.3843189655752,-39.6564879766015,-121.20724863056,-112.002360444612,-55.2980486752381
20-Nov-2024 00:46:27,10,56,0.115315254032612,0.424547829230626,0.0390084164837996,0.143592017889023,0.0411337857445081,0.231614257891973,0.961272172133128,-51.3314092350407,-53.0292038299795,-37.1694072750087,-91.6891585475514,-41.1436206784185,-39.6929964900388,-118.595687990639,-114.278243474708,-56.5928478473019
20-Nov-2024 00:46:58,10,57,0.119016603132089,0.424719635645548,0.0376591056585312,0.111158402264118,0.0288845552752415,0.20485146244367,0.972031593322754,-56.683222525671,-49.9297449702436,-36.1138260050082,-90.4373333510049,-32.1559570865928,-40.7601313219867,-115.886061974251,-117.451908995766,-55.4993609634619
20-Nov-2024 00:47:09,10,58,0.110529705882072,0.42438846429189,0.0517023049294949,0.0858387559652329,0.0271571633716424,0.186035997668902,0.978409373760223,-63.933745766711,-54.6267885851099,-38.619205469457,-87.97404281314,-31.9152587994361,-40.796639835424,-113.27450133433,-119.727792025862,-56.7941601355258
20-Nov-2024 00:47:38,10,59,0.115762569506963,0.423976029952367,0.0564278860886892,0.0369051665067673,0.0118147805954019,0.164554333686829,0.985606602827708,-69.2599140325461,-52.2005809626751,-38.9691045666812,-84.3164849459343,-27.3760778599449,-40.2234615081167,-110.538908006176,-121.852566301439,-56.8948162796377
20-Nov-2024 00:47:49,10,60,0.111658229430517,0.424747129281362,0.0698101724187533,0.00571599323302507,0.00653393904988964,0.144303170839945,0.989495460192362,-76.5104372735862,-56.8976245775414,-41.47448403113,-81.8531944080693,-27.1353795727883,-40.259970021554,-107.927347366255,-124.128449331536,-58.1896154517016
20-Nov-2024 00:48:19,10,61,0.108970348536968,0.424321490526199,0.0743930836518606,-0.0372085484365622,-0.0114074467370907,0.111085467537244,0.993048560619354,-84.1487830270238,-59.6080425737571,-42.1521233119665,-80.292770205534,-23.9954399594643,-41.116635114619,-105.553770382218,-125.728777984372,-59.1873431097895
20-Nov-2024 00:48:30,10,62,0.105198075870673,0.426685766379038,0.087643238902092,-0.0649182493487994,-0.017580421641469,0.0960650404294332,0.993100241820018,-91.3993062680638,-64.3050861886234,-44.6575027764154,-77.8294796676691,-23.7547416723076,-41.1531436280563,-102.942209742297,-128.004661014469,-60.4821422818533
20-Nov-2024 00:49:01,10,63,0.106004711488883,0.426000614960988,0.097345632314682,-0.102991530299187,-0.029354685296615,0.110579667985439,0.988080557187398,-93.4343593542352,-67.8333389344833,-47.5909299946429,-72.7677855997104,-22.570266333636,-39.7573091125173,-107.258360954991,-124.149174413283,-67.3987663510288
20-Nov-2024 00:49:12,10,64,0.105391082664331,0.429231983423233,0.111410478254159,-0.133518160382907,-0.0301801723738511,0.135707316795985,0.981246987978617,-96.4755011842079,-74.0799044896683,-50.6882273046767,-67.3296583640869,-22.3104116580479,-39.6013963071645,-111.455520339744,-121.981465000728,-66.2889261771923
20-Nov-2024 00:49:48,10,65,0.0934541642665863,0.428627862532934,0.123674470186234,-0.16975365181764,-0.0267057529340188,0.151697007815043,0.973374819755554,-99.0135986422799,-79.1923136401908,-54.0785895688073,-62.5297477122957,-49.1882466509179,-38.9755226467186,-113.612175638467,-121.144866993858,-62.2173181248618
20-Nov-2024 00:49:59,10,66,0.0919605622688929,0.432363045215607,0.136382420857747,-0.202867846687635,-0.0257017344236374,0.170532548427582,0.963899759451548,-102.054740472253,-85.4388791953759,-57.1758868788411,-57.0916204766722,-48.9283919753298,-38.8196098413658,-117.809335023219,-118.977157581302,-61.1074779510252
20-Nov-2024 00:50:31,10,67,0.0852413147687912,0.434011828899384,0.149065775672595,-0.248131757974625,-0.0237822104245424,0.188285275300344,0.949954601128896,-105.369360116275,-91.2683665482297,-60.8697166659233,-51.7476015329648,-35.762382133971,-39.6287166084664,-120.911242364957,-116.200003871589,-65.3417538379417
20-Nov-2024 00:50:42,10,68,0.0831217964490255,0.438874926169713,0.163683275381724,-0.275325735410055,-0.0172107684115569,0.202120448152224,0.939705753326416,-108.410501946248,-97.5149321034148,-63.967013975957,-46.3094742973413,-35.5025274583829,-39.4728038031136,-125.10840174971,-114.032294459034,-64.2319136641051
20-Nov-2024 00:51:14,10,69,0.0734431798259417,0.44174711505572,0.173351843158404,-0.298879118760427,-0.00266880334044496,0.214646598696709,0.929833821455638,-111.738382683245,-104.002958557434,-66.312577524515,-44.6684012076758,-27.1395951999095,-39.4994007839875,-128.007935112955,-112.0848628979,-66.6191315206451
20-Nov-2024 00:51:25,10,70,0.0695490966240565,0.447404505809148,0.18687741458416,-0.319346535205841,0.00845092410842578,0.222347841660182,0.92114485502243,-114.779524513218,-110.249524112619,-69.4098748345487,-39.2302739720523,-26.8797405243214,-39.3434879786346,-132.205094497708,-109.917153485344,-65.5092913468085
20-Nov-2024 00:51:55,10,71,0.0446707708140214,0.443538171052933,0.180704839030902,-0.344036229451497,0.0200882907956839,0.200241049130758,0.91713635524114,-122.083624599617,-104.77147697296,-69.4077547090156,-41.4062674457909,-25.3976488361192,-39.4676019731112,-128.953523645159,-103.05753848361,-53.6335789480175
20-Nov-2024 00:52:05,10,72,0.0330696140726407,0.441166130701701,0.172129927078883,-0.343811941146851,0.0198722482969364,0.181474169095357,0.921121927102407,-125.644355232504,-101.797699383884,-67.9815014642204,-43.5587338465505,-27.7420959393597,-40.7004610744744,-124.850765803364,-96.2377845561655,-50.2843375340381
20-Nov-2024 00:52:44,10,73,0.0147753422458967,0.434330234924952,0.159360619386037,-0.357482286294301,0.0157079990332325,0.147777259349823,0.922020371754964,-128.676770592147,-102.521787019516,-66.4423147790562,-43.5479637837996,-51.1982736468787,-44.0039476223943,-121.848601456193,-88.1231000915762,-51.2218606276529
20-Nov-2024 00:52:55,10,74,0.00404010672743122,0.433810490369797,0.155206046501795,-0.360393349329631,0.0171915577103694,0.126003760099411,0.924090985457102,-132.237501225034,-99.5480094304395,-65.016061534261,-45.7004301845592,-53.5427207501192,-45.2368067237575,-117.745843614398,-81.3033461641315,-47.8726192136735
20-Nov-2024 00:53:28,10,75,-0.00853653276960055,0.428265978892644,0.140748972694079,-0.365185954173406,0.0129230735823512,0.0908437788486481,0.92640145222346,-134.4090742213,-97.2981644537174,-60.9083415692813,-46.2462783535636,-57.968033155499,-44.8049795483991,-114.118382519915,-73.0111269681146,-45.2417600534912
20-Nov-2024 00:53:39,10,76,-0.0194879915565252,0.42852667371432,0.136588848630587,-0.366245710849762,0.0180613818267981,0.0732271070281665,0.927456545829773,-137.969804854187,-94.3243868646411,-59.482088324486,-48.3987447543231,-60.3124802587395,-46.0378386497623,-110.01562467812,-66.1913730406699,-41.8925186395118
20-Nov-2024 00:54:12,10,77,-0.0232050746679306,0.426214293638865,0.125416986147563,-0.380975367625554,0.0101010112712781,0.0265924808879693,0.924147510528564,-142.710956668763,-89.8375755817418,-57.4651017195986,-49.8229020392051,-62.0473600130497,-46.3633546127646,-107.500515209981,-53.0103864789392,-40.327468352431
20-Nov-2024 00:54:23,10,78,-0.0328537258009116,0.426847793658574,0.118847668170929,-0.382185701529185,0.0134141298010945,0.00839180617282788,0.92395007610321,-146.27168730165,-86.8637979926654,-56.0388484748033,-51.9753684399647,-64.3918071162902,-47.5962137141279,-103.397757368186,-46.1906325514946,-36.9782269384516
20-Nov-2024 00:54:56,10,79,-0.0272795618822177,0.424819004535675,0.113806299865246,-0.391515137751897,0.00178472902625799,-0.0272468513498704,0.91976645787557,-148.472628525381,-82.6085035566776,-54.467228549962,-52.8636802827855,-63.5814705450655,-47.1754012463107,-102.038823713219,-38.7402623069069,-39.2460810879214
20-Nov-2024 00:55:06,10,80,-0.0355792097747326,0.426513469219208,0.109810558458169,-0.394377881288528,0.00641135865201553,-0.042948056012392,0.917921805381775,-152.033359158268,-79.6347259676013,-53.0409753051668,-55.0161466835451,-65.925917648306,-48.4082603476739,-97.9360658714245,-31.9205083794623,-35.8968396739421
20-Nov-2024 00:55:37,10,81,-0.0342853466669718,0.421740907430649,0.102360777556896,-0.377357693513234,0.00101341715392967,-0.086921434601148,0.921978743871053,-149.365310535614,-76.7002016714481,-50.3865269879467,-56.8723424475413,-64.2768675557128,-47.5732133945551,-90.0772316773073,-27.9813798124078,-39.2460952105769
20-Nov-2024 00:55:48,10,82,-0.0449757732450962,0.419640556971232,0.0895177826285362,-0.356712955236435,0.00767652948076526,-0.110934776067734,0.927572317918142,-145.352156617537,-73.8064357987507,-48.7797620107497,-59.4356154905069,-69.0802093003522,-49.8150022260265,-84.0714853897762,-26.3825594039249,-38.2868029654871
20-Nov-2024 00:56:19,10,83,-0.0439319610595703,0.414256610472997,0.0809418042500814,-0.322331808010737,0.00542445878187815,-0.135890894134839,0.936806523799896,-141.786555347171,-75.1672907143254,-46.4991553635412,-61.5703498939878,-71.3323551263753,-43.9183731652028,-79.239195148952,-26.0135849161562,-38.4317846112597
20-Nov-2024 00:56:30,10,84,-0.0527474616964658,0.413361461957296,0.0680622021357218,-0.302657914161682,0.0138100437199076,-0.151739755272865,0.940841396649679,-137.773401429094,-72.273524841628,-44.8923903863442,-64.1336229369534,-76.1356968710146,-46.1601619966742,-73.2334488614209,-24.4147645076733,-37.4724923661699
20-Nov-2024 00:57:07,10,85,-0.0555453330278397,0.40877061287562,0.0533599446217219,-0.264320949713389,0.018636067584157,-0.186332231760025,0.946080048878988,-133.834023834873,-65.2070693630666,-43.7737045741414,-67.5326266601767,-78.9884406563459,-47.4827418819981,-66.6144305972433,-51.8558670595474,-35.9403370665113
20-Nov-2024 00:57:18,10,86,-0.0594691646595796,0.408620295921961,0.0375571546455224,-0.242544526855151,0.0250856971989075,-0.20351482629776,0.948221810658773,-129.820869916796,-62.3133034903692,-42.1669395969444,-70.0958997031423,-83.7917824009852,-49.7245307134694,-60.6086843097122,-50.2570466510644,-34.9810448214216
20-Nov-2024 00:57:49,10,87,-0.0705279439687729,0.40696928302447,0.025831518198053,-0.208064333597819,0.035104172428449,-0.222053278485934,0.951929279168447,-126.369604160647,-57.3331928147398,-40.1292142022445,-72.1020380862368,-85.7448251659706,-51.5817150718671,-55.5713020338578,-42.92818772276,-32.9103210490474
20-Nov-2024 00:58:00,10,88,-0.077238292992115,0.408835244178772,0.0130317335327466,-0.194288314382235,0.0452919272085031,-0.239858066042264,0.950088874499003,-122.35645024257,-54.4394269420423,-38.5224492250475,-74.6653111292024,-90.5481669106099,-53.8235039033384,-49.5655557463266,-41.3293673142771,-31.9510288039577
20-Nov-2024 00:58:34,10,89,-0.0805427139004072,0.405188512802124,0.00565907744069894,-0.140953832864761,0.0393138845761617,-0.229459232091904,0.962255144119263,-114.670489008918,-60.8199152962084,-40.7698316566547,-76.4013616534145,-93.5335616176109,-54.5125060277581,-49.2800602064392,-41.499670679792,-30.6515066155709
20-Nov-2024 00:58:44,10,90,-0.0852098077535629,0.404636333386103,0.00914149402330319,-0.123543129364649,0.0325797808667024,-0.217098796367645,0.967751944065094,-107.978583694301,-66.8185760518405,-43.6076942970133,-76.4659795075623,-95.0191058144388,-55.0938103887147,-49.4853826607133,-39.8849933052178,-29.6827001908264
20-Nov-2024 00:59:18,10,91,-0.0952103152871132,0.403949395815531,0.010013667990764,-0.0673088555534681,0.0175571780651808,-0.200259373585383,0.977270416418711,-100.864650420167,-73.0081506067396,-47.1253168329962,-79.6163136967422,-93.0545752663533,-56.1789636314028,-50.1952961179066,-36.0128063006882,-28.2485358842607
20-Nov-2024 00:59:28,10,92,-0.101311035454273,0.403406916062037,0.0161641812572877,-0.0477073339124521,0.00707167079672217,-0.187084700663884,0.981159182389577,-94.1727451055508,-79.0068113623717,-49.9631794733548,-79.6809315508899,-94.5401194631813,-56.7602679923594,-50.4006185721808,-34.398128926114,-27.2797294595162
20-Nov-2024 00:59:58,10,93,-0.107152650753657,0.401999839146932,0.016704827422897,0.00180986724638691,-0.0126821682477991,-0.156605771183968,0.987578117847443,-83.6698258111756,-85.7009290176373,-52.9159220615256,-81.3634075725537,-94.3006262875525,-56.9934967941817,-51.4582365279145,-19.9546967365622,-26.4532440938611
20-Nov-2024 01:00:09,10,94,-0.115117948750655,0.401906035343806,0.0194531639417013,0.0285262475411097,-0.0250179568926493,-0.138218211134275,0.98967475493749,-76.9779204965594,-91.6995897732694,-55.7537847018842,-81.4280254267015,-95.7861704843805,-57.5748011551383,-51.6635589821886,-18.340019361988,-25.4844376691166
20-Nov-2024 01:00:39,10,95,-0.109625243147214,0.399993683894475,0.0317322298884392,0.0595750125745932,-0.0478613453606764,-0.132562576731046,0.988224339485168,-72.6276930575444,-93.9882598224653,-55.9694453363011,-83.9909785759889,-86.494101831094,-52.7487382528633,-51.1461760420243,-8.97814056271129,-24.8820973635886
20-Nov-2024 01:00:50,10,96,-0.104666242996852,0.398425320784251,0.0422396260003249,0.0725040872891744,-0.0558958532909552,-0.128204533457756,0.987513279914856,-69.732972608409,-94.5042014218446,-55.9026659968119,-85.7450026415183,-78.1395518640358,-48.2467131301554,-49.6026453511302,-5.73063917092338,-22.9335965285158
20-Nov-2024 01:01:28,10,97,-0.100701300799847,0.395352254311244,0.0567362944285075,0.0810577089587847,-0.0676744451125463,-0.126342344284058,0.986350588003794,-67.5354986643337,-96.8065072461322,-56.8771066442758,-84.3034912489267,-71.5662425538634,-43.507669117664,-48.2721885356011,-26.500949075391,-24.2831759582154
20-Nov-2024 01:01:39,10,98,-0.0963122655948003,0.395312650998433,0.067158438762029,0.0910850803057353,-0.0736484150091807,-0.126846520105998,0.984981954097748,-64.6407782151983,-97.3224488455114,-56.8103273047866,-86.0575153144561,-63.2116925868053,-39.0056439949561,-46.728657844707,-23.2534476836031,-22.3346751231427
20-Nov-2024 01:02:09,10,99,-0.104828127721945,0.397592359781265,0.0626150965690613,0.0963724424441656,-0.0795636529723803,-0.153963487346967,0.980141472816467,-68.1018128537409,-99.4547609638225,-58.3267428983638,-88.3850220568292,-67.2971139814732,-42.6982756803491,-45.0690951016685,-9.99975930345361,-23.8411588385624
20-Nov-2024 01:02:20,10,100,-0.114150854945183,0.402221423387527,0.0505069536467393,0.109337091445923,-0.0816412990291913,-0.170256298780441,0.97590620915095,-70.2392242397533,-100.993890969679,-59.2475484984645,-93.9602965282628,-73.2669150476983,-45.8344168106339,-43.3779954209476,-11.5121652751763,-24.7486024215961
20-Nov-2024 01:03:21,11,1,0.00389847187325358,0.322412550449371,0.048268033315738,-0.0290160818646352,-0.0340155236423016,0.00112921724406381,0.99899940888087,-9.6,-0.075,-4.57500000000001,-5.47500000000001,-9.525,-0.15,-9.45,-4.72500000000001,-7.27500000000001
20-Nov-2024 01:03:32,11,2,-0.00103403206837053,0.325296936432521,0.0539088467756907,-0.0394792308410009,-0.0340861680607001,-0.0156739167869091,0.998515848318736,-15.1040963001938,-7.07935041203635,-7.88607020426333,-8.27311834390977,-7.61397214094815,0.996616715431109,-10.0115961720896,-7.13005434141743,-8.28642031163588
20-Nov-2024 01:04:05,11,3,-0.00280530056916177,0.329883861541748,0.054430049409469,-0.0408627517521381,-0.0349673050145308,-0.0190168676277002,0.998371660709381,-20.0831926003877,-20.2712008240727,-12.0596404085267,-11.9337366878195,-13.3904442818962,-8.50676656913777,-13.7231923441792,-8.67260868283485,-12.2603406232717
20-Nov-2024 01:04:15,11,4,-0.0104715539142489,0.33301494717598,0.0643091241518656,-0.0525040090084076,-0.0351686991751194,-0.0357270220915476,0.997361381848653,-25.5872889005815,-27.2755512361091,-15.37071061279,-14.7318550317293,-11.4794164228444,-7.36014985370666,-14.2847885162688,-11.0776630242523,-13.2717609349076
20-Nov-2024 01:04:47,11,5,-0.0135586105907957,0.336678099632263,0.0691556761662165,-0.0591026638944944,-0.0343521361549695,-0.0379700675606728,0.996937894821167,-29.5538852007753,-33.5486516481454,-19.0380308170533,-17.2112233756391,-17.2371385637924,-11.1635331382755,-17.2463846883584,-13.5014673656697,-15.1644312465435
20-Nov-2024 01:04:58,11,6,-0.0204012041290601,0.341235361496607,0.0804051394263903,-0.0682200094064077,-0.0363514728844166,-0.0579359762370586,0.995323093732198,-35.0579815009692,-40.5530020601818,-22.3491010213166,-20.0093417195488,-15.3261107047406,-10.0169164228444,-17.807980860448,-15.9065217070871,-16.1758515581793
20-Nov-2024 01:05:33,11,7,-0.0245584148913622,0.34605900645256,0.0852269177635511,-0.080887944996357,-0.0344116521378358,-0.0531194937725862,0.994711701075236,-40.318327801163,-46.8167274722181,-26.51329622558,-22.4980850634586,-21.0744578456886,-14.5702997074132,-22.5695770325375,-18.4709510485045,-17.2528968698152
20-Nov-2024 01:05:43,11,8,-0.0328595091899236,0.351511818170547,0.0988192697366079,-0.0925714443127314,-0.0357627468804518,-0.0718225548664729,0.992468214035034,-45.8224241013569,-53.8210778842545,-29.8243664298433,-25.2962034073683,-19.1634299866368,-13.4236829919821,-23.1311732046272,-20.876005389922,-18.2643171814511
20-Nov-2024 01:06:16,11,9,-0.039249092588822,0.357325975100199,0.101903323332469,-0.0948024332523346,-0.0343331053853035,-0.0770811547835668,0.991913465658824,-51.5796454015507,-62.0301157962908,-34.7619991341066,-29.7396342512781,-2.78208962758506,-18.2020662765509,-26.8427693767167,-23.5107472313394,-19.0835499930869
20-Nov-2024 01:06:27,11,10,-0.0498770949741205,0.361845046281815,0.100651296973228,-0.0824192474285761,-0.0358483115832011,-0.0943155353267988,0.991476980845133,-55.3553032273035,-65.6991854790443,-36.9064698368802,-36.9535125252321,-5.88144824155307,-20.0616814449317,-28.4108747658912,-22.9154436181331,-19.0958340478806
20-Nov-2024 01:07:05,11,11,-0.0549393435319265,0.364696598052978,0.0959692567586899,-0.0557846009731293,-0.0423633135855198,-0.115131641427676,0.990877485275269,-57.3075235530564,-69.2955989117978,-40.3892217896537,-43.040047049186,-29.9456506055212,-21.7337966133125,-27.5789801550657,-24.6849837549269,-20.1370243526743
20-Nov-2024 01:07:15,11,12,-0.0636720428864161,0.369118316968282,0.0926346465945244,-0.0417358875274658,-0.0453568647305171,-0.133252946535746,0.989163565635681,-61.0831813788092,-72.9646685945512,-42.5336924924272,-50.25392532314,-33.0450092194892,-23.5934117816933,-29.1470855442402,-24.0896801417206,-20.1493084074679
20-Nov-2024 01:07:50,11,13,-0.0722271000345548,0.373182688156764,0.0911268706123034,-0.023274256909887,-0.0527871700624625,-0.15921782652537,0.985556475321452,-63.4971204545621,-77.1224101523046,-45.7223038202007,-56.3041317220939,-36.9517897084574,-25.3592769500741,-27.4901909334148,-24.9017984035143,-20.8260455872616
20-Nov-2024 01:08:01,11,14,-0.0823690250515938,0.379621956745783,0.0877634510397911,-0.00588260752459367,-0.0578475254277388,-0.180561288197835,0.981843531131744,-67.2727782803149,-80.7914798350581,-47.8667745229742,-63.5180099960479,-40.0511483224254,-27.2188921184549,-29.0582963225893,-24.3064947903081,-20.8383296420552
20-Nov-2024 01:08:35,11,15,-0.0867172405123711,0.383498766024907,0.0832984000444412,0.0108393834903836,-0.0658480967084567,-0.200403694311778,0.977437941233317,-70.6675767310678,-82.9798854553115,-51.5083155382477,-69.9250523325018,-44.3792178738935,-28.6566322868357,-28.8639017117638,-21.7899021146018,-21.5578402593489
20-Nov-2024 01:08:46,11,16,-0.0719670881827672,0.382223683595657,0.0860559115807215,0.00502194035798311,-0.0635510851939519,-0.17834038635095,0.981901641686757,-68.3756369122563,-78.9848463840875,-49.4028269000173,-67.3975472767247,-43.2995268477097,-28.0088176711254,-33.1409414691335,-28.4283540137874,-24.7690971063233
20-Nov-2024 01:09:21,11,17,-0.0586070291697979,0.379166940848033,0.0818632577856382,-0.00821786584953467,-0.0558488709231218,-0.168783375620842,0.984035352865855,-71.2932674059448,-74.0994752816135,-46.8458734180369,-66.4916242521975,-43.059191290276,-27.3750655554151,-34.8867312265032,-37.106161381723,-23.0089672345478
20-Nov-2024 01:09:32,11,18,-0.0393664814531803,0.378019962708155,0.0811067894101143,-0.0139266735563676,-0.0523045698801676,-0.14692967236042,0.987664918104807,-69.0013275871334,-70.1044362103895,-44.7403847798066,-63.9641191964204,-41.9795002640922,-26.7272509397048,-39.1637709838729,-43.7446132809086,-26.2202240815222
20-Nov-2024 01:10:08,11,19,-0.018143709624807,0.375369656085968,0.07710958669583,-0.0237053049107393,-0.0473172068595886,-0.122102550665538,0.991105532646179,-69.0141729245719,-65.6642311235405,-42.4091637197012,-62.2474051562682,-41.4694869722834,-27.3614675739945,-42.1001857412427,-49.8277429144692,-32.1207875691216
20-Nov-2024 01:10:19,11,20,-0.000895391206722707,0.376271239916484,0.0772099127372106,-0.0292464549342791,-0.0460037010411421,-0.0963818550109863,0.993850549062093,-66.7222331057605,-61.6691920523165,-40.3036750814708,-59.7199001004911,-40.3897959460996,-26.7136529582842,-46.3772254986124,-56.4661948136548,-35.332044416096
20-Nov-2024 01:10:53,11,21,0.0225473370403051,0.373502552509308,0.0741457089781761,-0.0246321557710568,-0.0431509114801884,-0.0670942907532056,0.996508737405141,-63.557685865074,-57.37656997328,-37.8603202323029,-58.1227905525264,-38.4699437871033,-25.2818539675739,-46.9089527559821,-61.0269855800279,-40.2629545833829
20-Nov-2024 01:11:03,11,22,0.0406568507353465,0.376071268320084,0.0742266108592351,-0.0276495003451904,-0.0425821507970492,-0.0465245217084885,0.997626094023387,-61.2657460462625,-53.381530902056,-35.7548315940725,-55.5952854967493,-37.3902527609195,-24.6340393518636,-51.1859925133519,-67.6654374792135,-43.4742114303573
20-Nov-2024 01:11:39,11,23,0.0600481408337752,0.376492480436961,0.0687167142828306,-0.0342003318170706,-0.0412240301569303,-0.0183523549387852,0.998395812511444,-60.5625025165136,-50.0627003269257,-33.6304098503734,-53.6829781948784,-37.0154811683294,-25.3942325486533,-53.8903760207216,-73.5650588119928,-48.745294937488
20-Nov-2024 01:11:50,11,24,0.062640380859375,0.375647767384847,0.0768614053726196,-0.0831822092334429,-0.0512823067605495,-0.00841295532882214,0.9951784491539,-63.3416802123542,-47.4061966567378,-32.1827296730567,-43.7790747079499,-35.8211977461021,-24.6776624953169,-53.3749817442429,-73.9129120759517,-48.7997932272446
20-Nov-2024 01:12:26,11,25,0.0755715936422348,0.377171045541763,0.0910146966576576,-0.142467467983564,-0.0669769758979479,0.0173446127523979,0.987378525733948,-65.490206052726,-47.6377972345968,-30.7255829430056,-34.3327700979746,-30.4043740406714,-23.0150963482305,-56.1982593427643,-76.5163500567074,-49.8842048470794
20-Nov-2024 01:12:37,11,26,0.0747412944833438,0.377862801154455,0.0970550070206324,-0.170855328440666,-0.0733339856068293,0.0159507395078739,0.982433791955312,-68.2693837485666,-44.9812935644089,-29.2779027656889,-24.4288666110461,-29.2100906184441,-22.2985262948941,-55.6828650662857,-76.8642033206662,-49.9387031368361
20-Nov-2024 01:13:18,11,27,0.0794698293010394,0.378819934527079,0.0931747471292814,-0.170935918887456,-0.0809902295470238,0.00753193954005837,0.981918946901957,-69.6832355166728,-38.9688420182444,-28.3504893120051,-30.203762562594,-28.4545370546151,-23.5089581946826,-55.486806727307,-79.1648489430235,-50.8831580916319
20-Nov-2024 01:13:28,11,28,0.0792681574821472,0.3797361155351,0.0964817817012469,-0.188918079932531,-0.0868037338058154,0.00464466909567515,0.978137767314911,-72.4624132125134,-36.3123383480565,-26.9028091346884,-20.2998590756656,-27.2602536323877,-22.7923881413462,-54.9714124508284,-79.5127022069824,-50.9376563813885
20-Nov-2024 01:14:15,11,29,0.079099419216315,0.381316270430883,0.0948709895213445,-0.190483997265498,-0.0923621078332265,-0.00707793676604827,0.977310109138489,-74.7839279444868,-43.6028607398803,-26.2402623191881,-29.4853553079757,-27.8603351393596,-24.0143190645723,-55.5906861430997,-81.6619516501404,-50.9121330036647
20-Nov-2024 01:14:26,11,30,0.0710812941193581,0.383821562925975,0.100417784353097,-0.209344410896301,-0.0921982924143473,-0.0100817101697127,0.973433494567871,-80.0582338354193,-46.9823178861187,-28.052586304256,-30.6990946565103,-29.0862892588467,-24.7498915362646,-59.1375065149271,-75.0188258544086,-47.7131655177476
20-Nov-2024 01:15:01,11,31,0.0503894644478957,0.381417165199916,0.103529700140158,-0.25051434636116,-0.0846407189965248,0.00726781111831466,0.964378416538239,-83.5287082444182,-50.3852880633629,-29.2824769702321,-24.732533864664,-10.2094258429333,-25.0297144962381,-63.2516608711295,-69.5763981482765,-42.5991871980902
20-Nov-2024 01:15:12,11,32,0.0407048081358274,0.384604610999425,0.108453419804573,-0.268808853626251,-0.0798402910431226,0.0116895756994685,0.959807439645131,-88.8030141353506,-53.7647452096013,-31.0948009553,-25.9462732131985,-11.4353799624204,-25.7652869679304,-66.7984812429569,-62.9332723525447,-39.400219712173
20-Nov-2024 01:15:44,11,33,0.0201961331069469,0.383419211705526,0.112714688976606,-0.306705603996913,-0.0595760939021905,0.0252202323327462,0.949603259563446,-91.7504042853163,-55.6559588713426,-33.365908280822,-20.1198624915425,-2.6099253142073,-25.6729846837633,-68.9039686069718,-55.9904956016127,-34.8687468093858
20-Nov-2024 01:15:55,11,34,0.00964307176570098,0.385926604270935,0.114915031691392,-0.317403986056646,-0.0513787560164928,0.0302518518020709,0.946414156754812,-97.0247101762488,-59.035416017581,-35.1782322658899,-21.3336018400771,-3.83587943369443,-26.4085571554556,-72.4507889787992,-49.347369805881,-31.6697793234686
20-Nov-2024 01:16:36,11,35,-0.000732671193933735,0.389549758036931,0.123872018853823,-0.368789672851562,-0.0329684788982073,0.0415122531354427,0.928000013033549,-103.085558196698,-59.9457514215708,-36.9949479211849,-14.9772661535164,-34.6111291693315,-27.1051922492182,-74.5269428467204,-46.0794185325491,-28.1795591291164
20-Nov-2024 01:16:47,11,36,-0.00781907492006819,0.394388097524643,0.128638287385305,-0.386303357283274,-0.0263969000428915,0.0442437162001928,0.920931820074717,-108.35986408763,-63.3252085678092,-38.8072719062528,-16.1910055020509,-35.8370832888186,-27.8407647209105,-78.0737632185478,-39.4362927368173,-24.9805916431992
20-Nov-2024 01:17:27,11,37,0.00113136176175127,0.394511733452479,0.127914720773697,-0.384509354829788,-0.0299198094755411,0.0618530248602231,0.920560471216838,-106.929109833283,-63.0220675347448,-39.5968685535874,-15.5274611313971,-36.7286400288059,-29.3014413910929,-81.1649756259058,-48.3659754135928,-28.6277038899607
20-Nov-2024 01:17:37,11,38,0.0123735835775733,0.395684856176376,0.126150856415431,-0.361222080389659,-0.0360749314228694,0.0852919002374013,0.927869892120361,-101.505084514178,-65.4534873728047,-40.6842693658086,-18.9489542782908,-35.445548960718,-28.5315867502401,-85.291521285217,-52.9080708291684,-30.7704424909397
20-Nov-2024 01:18:15,11,39,0.0174950477977594,0.393412770827611,0.123232171436151,-0.325807631015778,-0.0293760596464078,0.123223466177781,0.936911129951477,-94.7026947274521,-67.5676267753024,-41.1727680955865,-19.5029286664108,-35.3247817966677,-29.851997764905,-88.3754003185516,-53.193959875344,-32.9153679148099
20-Nov-2024 01:18:26,11,40,0.0263581853359938,0.394808806975683,0.122877107560635,-0.299037971099218,-0.0303691988190015,0.144562463959058,0.942738405863444,-89.2786694083469,-69.9990466133622,-42.2601689078076,-22.9244218133046,-34.0416907285798,-29.0821431240523,-92.5019459778627,-57.7360552909196,-35.0581065157889
20-Nov-2024 01:19:04,11,41,0.0357452300687631,0.394175136089325,0.124436909457048,-0.267020942767461,-0.021293606236577,0.181261968612671,0.946250784397125,-83.3154618554313,-72.271826233641,-42.9731186788071,-23.6371555808115,-36.3397616125108,-29.6574213109584,-96.0321583241855,-60.0000475217952,-38.1019385282136
20-Nov-2024 01:19:14,11,42,0.0457832333942254,0.39644691546758,0.12542061706384,-0.238760477304459,-0.0193679008632898,0.202960816025734,0.949434181054433,-77.8914365363261,-74.7032460717009,-44.0605194910282,-27.0586487277053,-35.0566705444229,-28.8875666701057,-100.158703983497,-64.5421429373708,-40.2446771291926
20-Nov-2024 01:19:49,11,43,0.0505399602154891,0.397577087084452,0.120346871515115,-0.208595191438993,-0.0100037323931853,0.230675574143728,0.950356125831604,-74.8978201003157,-77.2803458008702,-45.2606947826386,-30.1007621849056,-12.164160452344,-32.8402784431326,-104.887082986314,-67.5701867605965,-41.7879624358944
20-Nov-2024 01:19:59,11,44,0.0602462102969488,0.399869952599208,0.119021517038345,-0.179787094394366,-0.00710004754364491,0.257091071208318,0.949489537874858,-69.4737947812105,-79.71176563893,-46.3480955948597,-33.5222553317994,-10.8810693842561,-32.0704238022798,-109.013628645625,-72.1122821761721,-43.9307010368734
20-Nov-2024 01:20:43,11,45,0.0684314106901487,0.400888425111771,0.117225343982379,-0.139458627502124,0.00621528352300326,0.288906186819077,0.947125081221263,-63.9899739036526,-81.4660254225446,-47.6418836467754,-36.4540586338465,-37.4932688041733,-32.986852368367,-113.066090976689,-74.8473517955727,-47.3487129907138
20-Nov-2024 01:20:53,11,46,0.0761790032188098,0.404256870349248,0.116429039339224,-0.106758840878805,0.0139223655685782,0.308151644468308,0.945225540796916,-58.5659485845474,-83.8974452606044,-48.7292844589965,-39.8755517807402,-36.2101777360854,-32.2169977275142,-117.192636636,-79.3894472111483,-49.4914515916928
20-Nov-2024 01:21:25,11,47,0.075636325776577,0.405986444155375,0.113740467031797,-0.0824033702413241,0.0195837570975224,0.309451683362325,0.947135599454244,-58.6880551420947,-86.3271544008623,-51.2013591950707,-44.3340062457046,-13.1301883049536,-35.293558525904,-120.212295261215,-81.787419945675,-53.4020676169172
20-Nov-2024 01:21:36,11,48,0.0756186351180077,0.409819386402766,0.112264825900396,-0.0713964993755023,0.0180194117128849,0.301676217714945,0.950562616189321,-63.0400594788682,-89.7704435683429,-53.1952403112976,-51.5123056330923,-15.85255362982,-36.9269777208238,-123.268995550553,-85.5389055782892,-55.5500469657109
20-Nov-2024 01:22:18,11,49,0.0705153703689575,0.41228679617246,0.113620700935523,-0.072624217470487,0.0165308690319459,0.283087340990702,0.956197714805603,-67.3021149260285,-92.8569427222121,-56.7782182374482,-56.4306825592684,-46.398741576688,-37.4819677174786,-124.95717500783,-87.1886347618596,-57.75434465272
20-Nov-2024 01:22:28,11,50,0.0672195901473363,0.415788082281748,0.110493963956833,-0.0537205015619596,0.0153587634364764,0.272338163852692,0.960578040281932,-71.654119262802,-96.3002318896926,-58.7720993536751,-63.6089819466561,-49.1211069015543,-39.1153869123984,-128.013875297168,-90.9401203944738,-59.9023240015137
20-Nov-2024 01:23:00,11,51,0.0701700379451116,0.419814570744832,0.111466389894485,-0.055361845344305,0.0164464633911848,0.268489336967468,0.961549842357636,-75.2293002172685,-99.1469316604786,-61.5870927345218,-66.6757000975622,-25.4369940834456,-41.3985578358006,-131.308953424634,-95.4780365316658,-63.6827779385675
20-Nov-2024 01:23:11,11,52,0.0704211299618085,0.424384264151255,0.115020901461442,-0.0618257423241933,0.0170396624753873,0.264052589734395,0.962373884518941,-79.7494556165415,-102.39702643807,-63.5325377104067,-70.7223794790741,-28.6409699543368,-43.3209433583353,-134.913291968132,-100.84183089338,-66.6850727065135
20-Nov-2024 01:23:41,11,53,0.0753939573963483,0.428752774000168,0.117892327407996,-0.0567763105034828,0.0183660345772902,0.260698264837265,0.963574373722076,-82.7471237934112,-105.145423712259,-66.7377568887726,-74.5040782452831,-18.9259014807281,-43.6987215813037,-136.788000303614,-105.492686142833,-71.5014470590134
20-Nov-2024 01:23:52,11,54,0.0776830951372782,0.433260341485341,0.12020491262277,-0.0608505271375179,0.0167039259026448,0.253659701347351,0.965233135223389,-87.2672791926842,-108.395518489851,-68.6832018646575,-78.5507576267949,-22.1298773516193,-45.6211071038384,-140.392338847111,-110.856480504546,-74.5037418269594
20-Nov-2024 01:24:33,11,55,0.0831882561246554,0.43997149070104,0.125721660256386,-0.0622749383250872,0.0208375378201405,0.25554157892863,0.964565289020538,-92.1511909807556,-111.919764515741,-72.2335339417829,-82.4649467006554,-56.5993310502609,-44.6711889765899,-145.081862286601,-115.93880531013,-78.8630763871824
20-Nov-2024 01:24:44,11,56,0.0899173821012179,0.440832869211833,0.127681951721509,-0.0740168109536171,0.0214847810566425,0.269890743494034,0.959801530838013,-88.651362216819,-105.495954452657,-69.1403691008829,-77.0771178181141,-57.7867329566829,-45.3836301204431,-143.577179948351,-118.196455370048,-80.1106416077836
20-Nov-2024 01:25:15,11,57,0.105403693517049,0.441666227579117,0.125814830263456,-0.0763044287761052,0.021434182052811,0.286115715901057,0.954911530017853,-84.5084116472816,-105.059220013722,-64.8996478106032,-73.8730437817471,-37.1068737769797,-41.8849194394045,-143.815090058098,-122.788370651901,-73.9367267245234
20-Nov-2024 01:25:26,11,58,0.114839371542136,0.443276828527451,0.128061161438624,-0.0794957632819811,0.0264862352361282,0.302357983589172,0.949504387378693,-81.008582883345,-98.6354099506372,-61.8064829697032,-68.4852148992058,-38.2942756834018,-42.5973605832577,-142.310407719848,-125.046020711819,-75.1842919451247
20-Nov-2024 01:25:56,11,59,0.129002692302068,0.443506630261739,0.119614657262961,-0.10601863861084,0.00367532193971177,0.301945875088374,0.947404499848684,-82.737193216608,-92.4301376996276,-57.9895399041134,-65.0142634397516,-28.7730470467612,-39.4042258146649,-140.777021605596,-128.245803382704,-71.5961171137952
20-Nov-2024 01:26:07,11,60,0.136968935529391,0.445476458470027,0.121502795318762,-0.114418492217859,0.0040195412778606,0.317798775434494,0.941220581531525,-79.2373644526714,-86.0063276365432,-54.8963750632134,-59.6264345572103,-29.9604489531832,-40.1166669585181,-139.272339267346,-130.503453442622,-72.8436823343964
20-Nov-2024 01:26:43,11,61,0.164067975680033,0.448081707954407,0.118271765112877,-0.132360369960467,-0.0226156873007615,0.338917446136475,0.931184335549672,-75.5767552373346,-79.4667864794962,-50.0913211099686,-53.5470443862125,-44.0185355880738,-36.7763201461484,-138.728305041095,-132.182169808024,-81.4983775290323
20-Nov-2024 01:26:54,11,62,0.172834814588229,0.449674238761266,0.113325175146262,-0.134971441825231,-0.0339691653847694,0.346220709880193,0.927771524588267,-72.0769264733979,-73.0429764164119,-46.9981562690686,-48.1592155036713,-45.2059374944958,-37.4887612900016,-137.223622702846,-134.439819867942,-82.7459427496335
20-Nov-2024 01:27:26,11,63,0.190211297074954,0.452947247028351,0.108909318844477,-0.125541815161705,-0.0473733335733414,0.355480851729711,0.925001827875773,-68.1967074837613,-67.6113008063463,-43.2740468719962,-49.0256059769017,-33.1036817651523,-34.5248084557433,-137.024264420595,-136.558003080602,-88.372072957252
20-Nov-2024 01:27:37,11,64,0.2000019967556,0.455925697088242,0.104011064271132,-0.121919401486715,-0.0562711151937644,0.361407671372096,0.922688309351603,-64.6968787198247,-61.187490743262,-40.1808820310962,-43.6377770943604,-34.2910836715743,-35.2372495995965,-135.519582082345,-138.81565314052,-89.6196381778532
20-Nov-2024 01:28:10,11,65,0.198757714033127,0.452756454547246,0.104256915549437,-0.130975421269735,-0.0629383971293767,0.337559964259466,0.930020153522491,-67.2674477779116,-56.1474662351182,-38.4348743754816,-45.5998737771303,-39.651146615286,-27.7640089811363,-130.942689496105,-138.135843914253,-86.166393259841
20-Nov-2024 01:28:21,11,66,0.194414867957433,0.449706304073334,0.0965739493568738,-0.123467681805293,-0.0695162584384282,0.317692379156748,0.937547234694163,-68.5282119488485,-52.186374500465,-36.4793389979532,-48.1848607820145,-42.8810383768805,-29.4039653517318,-126.088134881864,-132.050768111615,-83.1488658483201
20-Nov-2024 01:28:55,11,67,0.17049987912178,0.435691414276759,0.0840906590223312,-0.126983315745989,-0.0824416210254033,0.284666633605957,0.946595760186513,-69.3938785633605,-53.0108163790665,-34.0285674813817,-47.5334026258415,-44.1760157295336,-35.8623232277993,-120.772411281623,-128.668325597162,-78.7884796835535
20-Nov-2024 01:29:06,11,68,0.166053492824237,0.433005128304164,0.0759530067443848,-0.118136330445608,-0.0871378814180692,0.260321998596191,0.954297268390656,-70.6546427342974,-49.0497246444133,-32.0730321038534,-50.1183896307256,-47.4059074911281,-37.5022795983948,-115.917856667383,-122.583249794524,-75.7709522720326
20-Nov-2024 01:29:41,11,69,0.136241370439529,0.419525200128555,0.0682429085175196,-0.109725409249465,-0.0792192940910657,0.227371872464816,0.964358202616374,-70.8928581270219,-54.3813997163874,-31.8948786568034,-51.5351540550812,-48.243342048252,-39.1514367217263,-111.282717560142,-116.574490635979,-70.5819954838889
20-Nov-2024 01:29:51,11,70,0.129956235488256,0.416875640551249,0.0570016195376714,-0.0968665679295858,-0.0819315214951833,0.197426218787829,0.972073558966319,-72.1536222979589,-50.4203079817343,-29.939343279275,-54.1201410599653,-51.4732338098465,-40.7913930923217,-106.428162945902,-110.48941483334,-67.564468072368
20-Nov-2024 01:30:28,11,71,0.100024554630121,0.406509335835775,0.055178972830375,-0.0911062702536583,-0.0684895371397336,0.158261382579803,0.980796726544698,-73.5031120797896,-55.3055996503947,-32.6974988669858,-56.6460167745852,-53.5068969692057,-40.5609498392852,-101.458316085161,-105.267497352749,-63.6862259725358
20-Nov-2024 01:30:39,11,72,0.102116769552231,0.410140452782313,0.0566714433332284,-0.0572893214722474,-0.0568915610512098,0.179120036959648,0.980508704980214,-70.7181819122976,-58.9521071912241,-34.5279371624468,-62.6747736496747,-50.102324212121,-38.8658479857892,-106.916830489427,-102.207851745839,-62.1635876941273
20-Nov-2024 01:31:12,11,73,0.0936199093858401,0.409509446223577,0.0512252666056156,-0.0271969735622406,-0.0469005599617958,0.20017457306385,0.978259094556173,-68.2776145502525,-57.1218064337103,-35.4152209405274,-67.098974879632,-43.9246371539187,-39.9105463204772,-111.942698770443,-99.1297852999526,-60.2855920715632
20-Nov-2024 01:31:23,11,74,0.0913792923092842,0.412171643972397,0.0460557992259661,0.00183382061465333,-0.0404154735306899,0.215016100804011,0.975772162278493,-65.4926843827605,-60.7683139745396,-37.2456592359885,-73.1277317547215,-40.5200643968339,-38.2154444669811,-117.401213174709,-96.0701396930431,-58.7629537931547
20-Nov-2024 01:31:59,11,75,0.0855818465352058,0.41264214515686,0.0367369703948498,0.0350443022946517,-0.0359900134305159,0.248261031508446,0.967389869689941,-62.954935617992,-53.1264173661975,-37.0295202727593,-77.2292108072449,-56.0539344891902,-42.0152427075771,-122.86840451735,-89.9262836666451,-56.8376368426684
20-Nov-2024 01:32:10,11,76,0.0837189758817355,0.415510161717733,0.0330813740690549,0.0584174061814944,-0.0334476262331009,0.265450141827265,0.961771770318349,-60.1700054505,-56.7729249070268,-38.8599585682203,-83.2579676823343,-52.6493617321055,-40.3201408540811,-128.326918921615,-86.8666380597355,-55.31499856426
20-Nov-2024 01:32:43,11,77,0.071682974199454,0.415172268946966,0.0265835206955671,0.0983105232318242,-0.0318736130992572,0.282859321435293,0.9535773396492,-56.6086659843697,-52.5252303732705,-39.8921082343362,-88.0230856461407,-64.4890103997416,-27.7974890476311,-131.689771795069,-82.8648872430818,-53.2160209498126
20-Nov-2024 01:32:54,11,78,0.0586966464916865,0.412571010986964,0.0247034665197134,0.0899465128779411,-0.0373735437790553,0.267003778616587,0.958760595321655,-58.0567661786864,-52.5296444011131,-39.6651968951281,-84.8359391926795,-67.9154988756496,-29.2816149324557,-126.459056895905,-76.5787140399302,-49.8438159951074
20-Nov-2024 01:33:25,11,79,0.0491062752902508,0.407308852672577,0.0305424962192774,0.0753470698992411,-0.0318418281773726,0.252888188759486,0.964031402269999,-58.0666617236839,-48.6619573916629,-38.7391412412475,-82.8169732835768,-52.4890980639177,-40.7269658408031,-123.630511231336,-70.6464882319065,-45.8084413723827
20-Nov-2024 01:33:36,11,80,0.0407757719357808,0.405884816249212,0.0324183461566766,0.0663535058498383,-0.0319822408258915,0.243015689651171,0.967221677303314,-59.5147619180006,-48.6663714195055,-38.5122299020394,-79.6298268301156,-55.9155865398257,-42.2110917256277,-118.399796332172,-64.3603150287549,-42.4362364176775
20-Nov-2024 01:34:06,11,81,0.0322576443354289,0.401076491673787,0.0359096040328344,0.0454129261275132,-0.0310890997449557,0.214990111192067,0.975064337253571,-61.6687597876578,-48.2347349287017,-37.560746405495,-76.8017706488336,-55.8406303719137,-39.7508301222138,-114.670166050306,-54.4261155231673,-39.1074466289625
20-Nov-2024 01:34:16,11,82,0.0216471695651611,0.398967631657918,0.035670301069816,0.0264924714962641,-0.0331125733753045,0.206736773252487,0.977477176984151,-63.1168599819745,-48.2391489565444,-37.3338350662869,-73.6146241953724,-59.2671188478216,-41.2349560070383,-109.439451151143,-48.1399423200157,-35.7352416742573
20-Nov-2024 01:34:53,11,83,0.0116558536266287,0.395036325852076,0.0327449768781662,0.0266796908030907,-0.0335003440578779,0.143348142504692,0.988745307922363,-65.2929090139614,-58.5255377250637,-35.6946376484107,-74.4320228780008,-54.9428850018196,-40.5968881477436,-102.559278560628,-59.379755965646,-34.1847443025472
20-Nov-2024 01:35:04,11,84,0.00244854994428655,0.394188872973124,0.0312772085269292,0.0131173990666866,-0.034027707328399,0.132368055979411,0.990529561042786,-66.7410092082781,-58.5299517529064,-35.4677263092025,-71.2448764245395,-58.3693734777276,-42.0810140325681,-97.3285636614644,-53.0935827624943,-30.812539347842
20-Nov-2024 01:35:41,11,85,0.00136676884721965,0.391827064752579,0.0334205403923988,-0.00282654298158983,-0.0332263643542926,0.0954781408111254,0.994872848192851,-69.9030838214298,-56.2503531510874,-35.0596719306604,-71.4100025391231,-58.0705007926806,-41.0790430453331,-92.5481199166253,-55.1954029837338,-33.3761881846342
20-Nov-2024 01:35:52,11,86,-0.0105959318578243,0.39090747833252,0.0291058994829655,-0.0090575469036897,-0.0338126160204411,0.0776865993936857,0.996363135178884,-71.3511840157465,-56.25476717893,-34.8327605914523,-68.2228560856619,-61.4969892685885,-42.5631689301576,-87.317405017462,-48.9092297805822,-30.003983229929
20-Nov-2024 01:36:28,11,87,-0.0146641532580058,0.387141156196594,0.0282084335883458,-0.0472769329945246,-0.0307209306706985,0.0504444479942322,0.997134145100911,-73.7312714194807,-55.1171748919419,-33.6152777325771,-62.5868459162231,-63.3607971640189,-42.8042463789524,-81.5618256954607,-47.4920532896263,-30.3497051709725
20-Nov-2024 01:36:39,11,88,-0.0266195744276047,0.386679285764694,0.0239791709929705,-0.0587273550530275,-0.028639152025183,0.0332219816744328,0.997310042381287,-75.1793716137974,-55.1215889197845,-33.388366393369,-59.3996994627618,-66.7872856399269,-44.2883722637769,-76.3311107962974,-41.2058800864747,-26.9775002162673
20-Nov-2024 01:37:18,11,89,-0.028380606820186,0.383812167247136,0.0224734717359145,-0.0918945958216985,-0.0251521571228902,0.00152877255653342,0.995449880758921,-77.8434654128229,-53.2799997902118,-33.2661692943274,-56.1881211513118,-68.9824338255961,-45.3009739305865,-71.9629636857152,-42.0792052394212,-28.3142587094364
20-Nov-2024 01:37:28,11,90,-0.0385206917921702,0.386572446425756,0.0206842493265867,-0.0616338675220807,-0.025753474359711,-0.0128261910751462,0.997684113184611,-75.8139966460218,-59.5738202369718,-36.277430877043,-62.2676762593174,-71.0570463093851,-46.2026315318166,-71.3644848840149,-40.7227188327765,-27.5003668654496
20-Nov-2024 01:38:04,11,91,-0.0413368222614129,0.386176083485285,0.0187262634436289,-0.0237423475831747,-0.0326124779880047,0.00481303057943781,0.99917448759079,-71.4675246815752,-62.4696391050242,-39.4160495798418,-64.8850154383287,-73.7159886480547,-46.3435270240391,-72.7722899766051,-38.5209816041808,-28.0659567453999
20-Nov-2024 01:38:15,11,92,-0.0525332455833753,0.389116789897283,0.0212559560934703,7.831278538409e-05,-0.0347628884017468,-0.00652215716739496,0.999374337991079,-69.4380559147742,-68.7634595517843,-42.4273111625573,-70.9645705463343,-75.7906011318437,-47.2451846252692,-72.1738111749048,-37.164495197536,-27.2520649014131
20-Nov-2024 01:38:46,11,93,-0.0583028194804986,0.39028892715772,0.0206613916903734,0.0394331363340219,-0.0424092287818591,-0.00405325945466757,0.998313649495443,-66.3250855491504,-74.0332792091905,-45.2772513053145,-75.8380176898428,-78.007378543073,-48.5164611719955,-72.7284743203497,-15.2103833799153,-28.3279139193949
20-Nov-2024 01:38:57,11,94,-0.0688503046830495,0.394128467639287,0.0207428985585769,0.0671272272864978,-0.0488723948597908,-0.0173988989243905,0.996394868691762,-64.2956167823493,-80.3270996559506,-48.2885128880301,-81.9175727978484,-80.081991026862,-49.4181187732255,-72.1299955186494,-13.8538969732706,-27.514022075408
20-Nov-2024 01:39:32,11,95,-0.0773740947246551,0.395696133375168,0.0177489341547092,0.124298703173796,-0.0676114489634832,-0.0225864810248216,0.989680973688761,-59.0243972161369,-85.9589197080337,-51.5191137507664,-88.0690739236054,-84.0276859743711,-49.3045858472036,-69.6330876905217,-35.8735978611383,-12.8700006624055
20-Nov-2024 01:39:42,11,96,-0.0770911792914073,0.398172012964884,0.031032619997859,0.10386051684618,-0.0646324187517166,-0.0280903120835622,0.992092029253642,-65.3196573816792,-91.1385009519668,-54.479761946978,-89.314700079731,-82.6831753807895,-49.0031881246578,-72.6118175505293,-39.5821736035882,-15.0951461078755
20-Nov-2024 01:40:21,11,97,-0.0789082701007525,0.402761755386988,0.0432976918915908,0.0782077764471372,-0.0606983847916126,-0.0307213737318913,0.994613250096639,-72.7690421475157,-96.5870819985615,-59.5750797831999,-90.9712992447324,-82.949206019068,-49.3191951384861,-76.2163328973232,-37.9538429932943,-30.0552267688375
20-Nov-2024 01:40:31,11,98,-0.0795864924788475,0.406217690308889,0.0574478362997373,0.0551939475039641,-0.0563601762056351,-0.0366415344178677,0.996210106213888,-79.064302313058,-101.766663242495,-62.5357279794114,-92.216925400858,-81.6046954254864,-49.0177974159403,-79.1950627573308,-41.6624187357442,-32.2803722143074
20-Nov-2024 01:41:03,11,99,-0.0823710396885872,0.410423121849696,0.0685499717791875,0.0385624036192894,-0.0531993694603443,-0.0394799798727036,0.997057751814524,-84.8116247787474,-107.005744387758,-67.3137109956282,-93.7430380614215,-80.8404554478348,-49.5501020615815,-81.7366853607315,-25.9775413018218,-32.0979852675234
20-Nov-2024 01:41:13,11,100,-0.0832020506262779,0.414692791302999,0.0796358038981756,0.0175529647618532,-0.0494389827052752,-0.0394653933743636,0.997842788696289,-91.1068849442897,-112.185325631692,-70.2743591918397,-94.9886642175472,-79.4959448542532,-49.2487043390357,-84.7154152207391,-29.6861170442717,-34.3231307129933
20-Nov-2024 01:42:15,12,1,0.00321665098890662,0.322561814387639,0.0437708511948586,-0.0147517585506042,-0.0344824587305387,0.00755185546974341,0.999267931779226,-7.95000000000001,-0.375,-4.87500000000001,-7.35000000000001,-0.525,-6.07500000000001,-10.275,-5.47500000000001,-6.45000000000001
20-Nov-2024 01:42:25,12,2,-0.00153751915786415,0.326879815260569,0.0399957557519277,-0.00191565830415736,-0.0350176187853018,-0.0234570225079854,0.999109558264414,-13.1938094543069,1.87028444022978,-3.46923237112923,-14.6376425299435,2.30621863396427,-4.37626881962145,-10.5487334311384,-8.29375720554502,-7.57625022230784
20-Nov-2024 01:43:06,12,3,-0.00443787490949035,0.332083465655645,0.035359579573075,0.00654374730462829,-0.0361857978006204,-0.0385578081011772,0.998579518000285,-18.8876189086138,-19.0969311195403,-7.80096474225843,-21.025285059887,-18.4500627320713,-10.7400376392428,-13.3349668622767,-9.72501441109004,-12.8275004446157
20-Nov-2024 01:43:17,12,4,-0.0086705573524038,0.336708647012711,0.0339781892796357,0.0182492041339477,-0.0360590899984042,-0.0669314210613569,0.996938792864482,-24.1314283629208,-16.8516466793105,-6.39519711338765,-28.3129275898305,-15.618844098107,-9.04130645886427,-13.6087002934151,-12.5437716166351,-13.9537506669235
20-Nov-2024 01:43:59,12,5,-0.015610852278769,0.34160290757815,0.0316655817131201,0.0279335286468267,-0.033792769163847,-0.108113171656926,0.993171358108521,-30.2002378172277,-24.4876122390807,-12.2081794845168,-36.125570119774,-23.6813754641428,-15.0488252784856,-10.7886837245535,-15.4937788221801,-17.0675008892313
20-Nov-2024 01:44:09,12,6,-0.0203959173212449,0.346671418348948,0.0287868276238441,0.0416745481391748,-0.0335103869438171,-0.14147468705972,0.988496470451355,-35.4440472715346,-22.2423277988509,-10.802411855646,-43.4132126497176,-20.8501568301785,-13.350094098107,-11.0624171556919,-18.3125360277251,-18.1937511115391
20-Nov-2024 01:44:47,12,7,-0.0257692190508048,0.349641939004262,0.037390973418951,0.0110458567738533,-0.0334360964596272,-0.147935220599174,0.988369985421499,-42.3935309131646,-11.8843394883337,-16.3864802206636,-42.9165381042477,-26.7620320329417,-17.6472192197648,-13.9609883681771,-18.5224224686441,-18.7211318522749
20-Nov-2024 01:44:58,12,8,-0.0358191815515359,0.353342499335607,0.0470016576349735,-0.0222603893528382,-0.034588630994161,-0.169534719983737,0.984665477275848,-50.9555145547946,-16.8357261778163,-19.0361735856812,-41.1823635587778,-28.5020322357047,-18.6912193414226,-13.6814345806623,-16.6416839095632,-17.9547625930107
20-Nov-2024 01:45:32,12,9,-0.0458951743940512,0.355322949091593,0.0532678623994191,-0.0732802917559942,-0.0316856277485689,-0.201291430989901,0.976272408167521,-60.4362481964246,-12.7824253672991,-19.9280544506989,-40.0669390133079,-28.5779699384677,-19.1117819630803,-10.8659432931475,-17.6812578504822,-13.2602683337466
20-Nov-2024 01:45:43,12,10,-0.0560455972949664,0.360478184620539,0.0652533635497093,-0.10937541226546,-0.0322595278422038,-0.225414707263311,0.96756633122762,-68.9982318380546,-17.7338120567818,-22.5777478157165,-38.332764467838,-30.3179701412307,-20.1557820847381,-10.5863895056327,-15.8005192914012,-12.4938990744824
20-Nov-2024 01:46:17,12,11,-0.051432083795468,0.362287098169327,0.0709108680486679,-0.157280882199605,-0.0307869615654151,-0.231165398160617,0.959623646736145,-76.6695904796846,-18.7078549962645,-21.6485349307342,-36.7579649223681,-29.4259390939936,-20.1380634563959,-12.0388669681179,-9.37993698232023,-16.6634673152182
20-Nov-2024 01:46:27,12,12,-0.0608419184883436,0.367001046737035,0.0795243754982948,-0.184202641248703,-0.0298442174990972,-0.249074103434881,0.950337211290995,-85.2315741213146,-23.6592416857471,-24.2982282957518,-35.0237903768982,-31.1659392967566,-21.1820635780537,-11.7593131806032,-7.49919842323926,-15.897098055954
20-Nov-2024 01:47:08,12,13,-0.0567847539981206,0.368795059124629,0.078240109483401,-0.193855064113935,-0.0291165600220362,-0.247390380501747,0.948878538608551,-87.8539116291905,-45.9576700394455,-22.946004760587,-37.4694604534773,-31.8506103444149,-22.9952270148689,-14.7967533891208,-19.0604284002033,-18.0368222074219
20-Nov-2024 01:47:19,12,14,-0.0569460076590379,0.369911128282547,0.063787620762984,-0.179185980558395,-0.0217800869295994,-0.237088663379351,0.954571636517843,-87.7715616370664,-44.4447702681441,-22.4082343504222,-39.9104430300564,-40.1512970170734,-27.364249826684,-18.3931779726384,-20.6665802521674,-19.0585776088899
20-Nov-2024 01:47:56,12,15,-0.0521924264729023,0.370831259091695,0.0654023557901382,-0.176534789800644,-0.0237017044176658,-0.228689541419347,0.95706574122111,-88.8165553949423,-46.1375345593426,-24.3882373777574,-41.9037693566356,-40.5939758772318,-27.8303429509992,-21.2601103686561,-24.1002711666315,-20.2643173853578
20-Nov-2024 01:48:07,12,16,-0.0529252243538698,0.372406490643819,0.050173565497001,-0.165971321860949,-0.0173194839308659,-0.215580328305562,0.962121971448263,-88.7342054028182,-44.6246347880412,-23.8504669675926,-44.3447519332147,-48.8946625498902,-32.1993657628143,-24.8565349521737,-25.7064230185956,-21.2860727868258
20-Nov-2024 01:48:38,12,17,-0.051312384257714,0.373728168010712,0.0469134363035361,-0.151471833388011,-0.0159130733460188,-0.215042719244957,0.96465524037679,-87.6405272856941,-27.8395670479899,-25.4715832761778,-48.4369063847938,-49.8913453162986,-34.2419237308795,-26.4382134419414,-28.2263444018096,-22.2498203757938
20-Nov-2024 01:48:49,12,18,-0.0514738601942857,0.375732725858688,0.030094493056337,-0.139385965466499,-0.0107151454935471,-0.204588316877683,0.968813908100128,-87.55817729357,-26.3266672766885,-24.933812866013,-50.877888961373,-58.1920319889571,-38.6109465426946,-30.034638025459,-29.8324962537737,-23.2715757772617
20-Nov-2024 01:49:27,12,19,-0.0588804639875889,0.37794415752093,0.0251479839285215,-0.109679954250654,-0.00348932899845143,-0.22717512746652,0.967651605606079,-86.4016599030678,-47.1737941910718,-25.5831827646429,-57.2477387224132,-59.173557021154,-39.8302987033564,-27.1919245294133,-28.5125991826861,-23.0950020425313
20-Nov-2024 01:49:37,12,20,-0.0669766624768575,0.383181357383728,0.00896448238442341,-0.0704863935709,0.00485450383275747,-0.250045808156331,0.965652747948964,-87.4758065750655,-45.9570050898299,-24.8531093038978,-65.7170025459534,-64.1820840064759,-42.2128832858932,-24.4565840802425,-27.8608173459736,-22.6474322140508
20-Nov-2024 01:50:11,12,21,-0.0748990684747696,0.386737773815791,0.00529070682823658,-0.0341638907790184,0.00892983917146921,-0.287930198510488,0.957000168164571,-88.7846212158133,-31.0221739964006,-27.5877575228402,-74.0365593382436,-66.6521100152353,-43.4888516574925,-22.3425571076343,-27.8499778920735,-23.7603604324453
20-Nov-2024 01:50:22,12,22,-0.0834002877275149,0.39278103907903,-0.0062433340276281,-0.0101164887969693,0.01662434587876,-0.310299623012543,0.950439608097076,-89.858767887811,-29.8053848951588,-26.8576840620951,-82.5058231617839,-71.6606370005572,-45.8714362400292,-19.6072166584635,-27.1981960553609,-23.3127906039648
20-Nov-2024 01:50:58,12,23,-0.0759605844815572,0.390483399232229,-0.00680650783081849,-0.015246703227361,0.0144484244907896,-0.278683441877365,0.960153293609619,-86.6265453521489,-48.5948026111224,-27.6756051985681,-78.4486333445787,-73.8441709585339,-45.8683612982901,-25.37669118079,-20.1193336376937,-24.8047137634662
20-Nov-2024 01:51:09,12,24,-0.07328210324049,0.389057741562525,0.00117868821447094,-0.0183061504115661,0.0036617013781021,-0.240790669123332,0.970397555828095,-82.7519888321118,-54.5932413231797,-30.6611654951975,-75.6662970429985,-73.9219554047919,-45.8935944620198,-31.8855089648352,-19.3200000286202,-24.3913878995301
20-Nov-2024 01:51:40,12,25,-0.0557173234721025,0.386375711361567,-0.00822533201426268,-0.00506062318260471,-0.000718600582331419,-0.197212080160777,0.980347565809886,-79.1985993042622,-46.96216953719,-28.5129062117487,-74.8715339836058,-75.0526146069092,-45.829673573015,-38.0996551180211,-14.7059020152499,-26.2056865473128
20-Nov-2024 01:51:50,12,26,-0.0530471933384736,0.38518248796463,-0.00273280626473327,0.000983807987843951,-0.0118790736421943,-0.152334529161453,0.98825714190801,-75.3240427842251,-52.9606082492473,-31.498466508378,-72.0891976820256,-75.1303990531671,-45.8549067367447,-44.6084729020663,-13.9065684061764,-25.7923606833767
20-Nov-2024 01:52:27,12,27,-0.0418205740551154,0.383584107955297,-0.00600155740976334,0.0104113311196367,-0.0197473001976808,-0.105951898793379,0.994120673338572,-71.0100697602818,-51.5442917122811,-31.0171170149683,-70.9756480015391,-75.9596208773548,-45.7605628741071,-49.9949548706818,-33.7748525949543,-27.3928470753
20-Nov-2024 01:52:38,12,28,-0.0425371264417966,0.383607357740402,0.00351356758425633,0.0130552954350909,-0.0294034024079641,-0.0678637484709422,0.997175800800324,-67.1355132402447,-57.5427304243384,-34.0026773115976,-68.1933116999589,-76.0374053236127,-45.7857960378368,-56.503772654727,-32.9755189858808,-26.9795212113639
20-Nov-2024 01:53:09,12,29,-0.0403430921336015,0.381738384564718,0.00625960019727548,0.016971056163311,-0.037251420567433,-0.0126315627867977,0.999081985155741,-63.1162484682544,-59.6087915118839,-35.3297827132074,-65.4953687089256,-77.6909084588355,-45.9012406883828,-63.3514225310574,-19.9349942757331,-26.7481014753575
20-Nov-2024 01:53:19,12,30,-0.0421294262011846,0.382670438289642,0.017528339723746,0.0172603569924831,-0.0422946579754353,0.0274372313171625,0.998579239845276,-59.2416919482173,-65.6072302239412,-38.3153430098367,-62.7130324073454,-77.7686929050934,-45.9264738521124,-69.8602403151026,-19.1356606666596,-26.3347756114214
20-Nov-2024 01:53:56,12,31,-0.02019349647065,0.381566999355952,0.0230193944027027,-0.000877345368886987,-0.0396467097103596,0.0384980010489623,0.998471494515737,-63.4075928686826,-59.3190557720859,-36.0279860339465,-62.6872440746342,-68.5494237399623,-43.2083786321332,-73.3589441786236,-38.1186980303155,-27.1179084239022
20-Nov-2024 01:54:07,12,32,-0.0095797556762894,0.382395470142365,0.0297058794647455,-0.0208959059168895,-0.0387093670666218,0.0453000175456206,0.998004488150279,-65.9958479151245,-54.9220701324864,-34.1198565055661,-59.9942590866496,-62.4422952303488,-40.4451776687457,-75.488231996002,-41.0223309445087,-28.8600881724181
20-Nov-2024 01:54:39,12,33,0.000842020377361526,0.380339721838633,0.0432522063453992,-0.0722234462698301,-0.037780989954869,0.0645051275690397,0.994583070278168,-68.397925898578,-53.029490086759,-31.1971132534308,-53.6098724263018,-56.6540963929764,-37.7045295770624,-76.7272278364518,-41.8406660834333,-28.3977444529164
20-Nov-2024 01:54:50,12,34,0.0100354000926018,0.38113494515419,0.0513360281785329,-0.0906538680195808,-0.0380970880389214,0.0717561433712641,0.992563164234161,-70.9861809450199,-48.6325044471595,-29.2889837250504,-50.9168874383172,-50.5469678833629,-34.9413286136749,-78.8565156538302,-44.7442989976265,-30.1399242014323
20-Nov-2024 01:55:25,12,35,0.0104542995492617,0.381608537832896,0.0614125810563564,-0.119001931448778,-0.0370218778649966,0.0840352927645047,0.98863848845164,-72.9563474599676,-53.962721604496,-29.4235473347925,-47.578201614151,-41.59930420987,-34.0644040861395,-81.2156574827443,-43.6802830241854,-29.5798422159394
20-Nov-2024 01:55:36,12,36,0.0162039325882991,0.380897428592046,0.0698401694496473,-0.115729480485121,-0.0364414910475413,0.0808526406685511,0.989313717683156,-70.1070240504385,-56.9615021162521,-30.5809901895113,-45.0629600593839,-36.3552492926741,-31.1004292263823,-77.8791095219191,-48.1933790391531,-31.4944428222639
20-Nov-2024 01:56:08,12,37,0.0167036041617393,0.376458340883255,0.0697892189025879,-0.111628989875317,-0.0356411079565684,0.0814746022224426,0.989762910207113,-66.2736563751625,-53.4238840264763,-30.5847796132913,-42.7498680865259,-42.2159267935384,-28.779592584551,-74.8824885668617,-44.8726506103037,-31.0579125615841
20-Nov-2024 01:56:19,12,38,0.0233668148517609,0.376588128010432,0.0801683858036995,-0.105538074175517,-0.0347574564317862,0.0818270737926165,0.990433255831401,-63.4243329656334,-56.4226645382324,-31.74222246801,-40.2346265317588,-36.9718718763425,-25.8156177247937,-71.5459406060365,-49.3857466252713,-32.9725131679086
20-Nov-2024 01:56:53,12,39,0.025384841238459,0.373125157753626,0.0842986956238747,-0.117360596358776,-0.0338840991258621,0.0831250309944153,0.989024074872335,-61.9579874232308,-56.0782457492226,-32.2478386072594,-37.7454597679463,-36.6801831681767,-26.6232119739994,-70.0293561480952,-49.4569304183305,-33.4115483407309
20-Nov-2024 01:57:04,12,40,0.0303805982073148,0.373588234186172,0.0940910205245018,-0.112837482492129,-0.0331520271797975,0.0826814110080401,0.989612305164337,-59.1086640137018,-59.0770262609787,-33.4052814619782,-35.2302182131792,-31.4361282509808,-23.6592371142422,-66.69280818727,-53.9700264332981,-35.3261489470554
20-Nov-2024 01:57:39,12,41,0.0354164781669776,0.37083123922348,0.0993151515722275,-0.109191171328227,-0.0318472482264042,0.0827404861648877,0.990059149265289,-55.600829537736,-60.5542071223518,-34.3868109589622,-33.1780140538894,-29.8682564382999,-24.0060468089664,-64.9412419778868,-57.0121663373115,-37.0279668366288
20-Nov-2024 01:57:49,12,42,0.0432603826125463,0.372847789525986,0.112547799448172,-0.107071258624395,-0.0312147375196218,0.082928537329038,0.990295048554738,-52.7515061282069,-63.5529876341079,-35.544253813681,-30.6627724991222,-24.6242015211041,-21.0420719492091,-61.6046940170616,-61.5252623522792,-38.9425674429534
20-Nov-2024 01:58:22,12,43,0.0406564806898435,0.369444074233373,0.107902864118417,-0.0893071457743645,-0.0336147554218769,0.0516182209054629,0.994097526868184,-51.8979271854595,-61.3659683206726,-37.1387399895324,-33.9290496420937,-6.8932381561658,-22.8834893666925,-56.5106369319574,-63.2778803117697,-40.9007766909023
20-Nov-2024 01:58:32,12,44,0.0494941972196102,0.371324070294698,0.115972273051739,-0.0843709473808607,-0.0320546674231688,0.0550373015304406,0.99439678589503,-49.0486037759305,-64.3647488324287,-38.2961828442511,-31.4138080873266,-1.64918323896991,-19.9195145069353,-53.1740889711322,-67.7909763267374,-42.8153772972268
20-Nov-2024 01:59:06,12,45,0.0452769085764885,0.3714368780454,0.109684501588345,-0.046830086906751,-0.0227011765042941,0.0528351011375586,0.99724626938502,-41.2721525997923,-67.2456294315891,-39.3721473595362,-38.9143258814287,9.83832590209716,-22.8082357857983,-55.0337864481674,-70.5488333139665,-39.2767822243636
20-Nov-2024 01:59:17,12,46,0.0381920337677002,0.37281815012296,0.112966284652551,-0.0566355009873708,-0.0247050579637289,0.0394008266429106,0.997311246395111,-50.9207970198126,-69.6779701635284,-40.6737890533111,-40.2703240028602,8.98361262404389,-23.3210637526303,-54.5884928998481,-69.699474584887,-38.9375741876292
20-Nov-2024 01:59:59,12,47,0.035850507269303,0.376000507672628,0.121093726654847,-0.111385572950045,-0.0344210570057233,0.0315775240461032,0.992678868770599,-60.5808775565284,-72.0513609391698,-42.0096915773692,-36.5842017987264,-25.9493735420739,-24.3602397887725,-57.1913220704589,-65.3474963419382,-40.8967683113008
20-Nov-2024 02:00:10,12,48,0.024505644912521,0.380169993638992,0.128482534488042,-0.145501282811165,-0.0409920036792755,0.00223013763315976,0.98850599527359,-70.2295219765488,-74.483701671109,-43.3113332711442,-37.9401999201579,-26.8040868201272,-24.8730677556044,-56.7460285221396,-64.4981376128586,-40.5575602745664
20-Nov-2024 02:00:42,12,49,0.0122279430429141,0.382067596912384,0.130806184808413,-0.183362842599551,-0.0482504360377789,-0.0305650578190883,0.981384627024333,-78.5338844549169,-77.2615674248993,-44.5551053800607,-36.9251378788068,-7.49793654221259,-27.4490697570916,-54.9747963332853,-64.5224691268444,-40.842553318035
20-Nov-2024 02:00:53,12,50,0.00173485213890672,0.386956910292308,0.136548057198524,-0.213445704181989,-0.0518617406487465,-0.0603271134197712,0.973710417747498,-88.1825288749372,-79.6939081568386,-45.8567470738357,-38.2811360002383,-8.35264982026586,-27.9618977239236,-54.529502784966,-63.6731103977648,-40.5033452813005
20-Nov-2024 02:01:33,12,51,-0.00550800658141573,0.3907295246919,0.142636813720067,-0.260061643520991,-0.0579247340559959,-0.0868669480085373,0.959930650393168,-97.6090323241314,-82.2240113997034,-47.2044539751814,-35.4516040402785,-32.2019313203354,-29.3563127080832,-53.7212399163792,-62.585596790218,-41.1512377846676
20-Nov-2024 02:01:43,12,52,-0.0154528948788842,0.396499512592951,0.150511388977369,-0.287929664055506,-0.0599075789252917,-0.112055665751298,0.949184469381968,-107.257676744152,-84.6563521316426,-48.5060956689564,-36.80760216171,-33.0566445983887,-29.8691406749151,-53.2759463680599,-61.7362380611384,-40.8120297479332
20-Nov-2024 02:02:21,12,53,-0.0258609133462111,0.400606964031855,0.152574923634529,-0.320532383521398,-0.0639184057712555,-0.14778186182181,0.933452693621318,-116.345250678759,-87.8125741190447,-50.5807699665167,-36.0708352424459,-36.4836419874503,-31.647762150411,-50.8491681596068,-61.4428018928252,-40.8913719812495
20-Nov-2024 02:02:32,12,54,-0.0362272528310617,0.400000600020091,0.143142827351888,-0.319359376033147,-0.0552800007164478,-0.156595733761787,0.932969176769257,-117.8319880212,-87.879178219346,-50.7114919099984,-37.335422885226,-42.3494229241434,-34.6780725120885,-47.7967164544371,-55.8476884052802,-38.1912351308079
20-Nov-2024 02:03:06,12,55,-0.0503780663013458,0.401948744058609,0.151729276776314,-0.32531468073527,-0.0523089612523715,-0.187075639764468,0.925438741842906,-119.338190120934,-89.5077229473788,-51.3037301553727,-37.1786280076583,-37.2013459163403,-32.0412796280977,-43.9785224192005,-53.1555361981183,-34.9503734153917
20-Nov-2024 02:03:17,12,56,-0.0609952325622241,0.402032510439555,0.141357377171516,-0.32508185505867,-0.0425167731940746,-0.197158073385557,0.923927903175354,-120.824927463375,-89.5743270476802,-51.4344520988544,-38.4432156504384,-43.0671268530334,-35.0715899897752,-40.9260707140307,-47.5604227105733,-32.2502365649502
20-Nov-2024 02:03:49,12,57,-0.0770825331409772,0.4055391172568,0.14622841378053,-0.32822630405426,-0.0415616599222024,-0.250402251879374,0.909856494267782,-124.346397184463,-91.6219014618472,-51.3459321932823,-39.8971120330446,-38.9259788174782,-32.9433487286186,-35.4657478438276,-43.1167898632199,-29.0547372820213
20-Nov-2024 02:04:00,12,58,-0.0874177555243174,0.406152208646138,0.136609408259392,-0.328421407938004,-0.0297682909915845,-0.25733513434728,0.908312634627024,-125.833134526904,-91.6885055621485,-51.476654136764,-41.1616996758247,-44.7917597541713,-35.9736590902961,-32.4132961386579,-37.5216763756748,-26.3546004315798
20-Nov-2024 02:04:32,12,59,-0.0989889825383822,0.411014781395594,0.140629631280899,-0.347482528289159,-0.0268361765891314,-0.300292776028315,0.887896394729614,-131.862238058668,-90.4955948193828,-53.0727551557188,-42.2209416885178,-42.6540762047403,-34.0246936405566,-28.8319088509714,-33.7023032082256,-24.6817823648945
20-Nov-2024 02:04:43,12,60,-0.108345456918081,0.412259036302567,0.131560655434926,-0.343714708089829,-0.0151020946602027,-0.308475963274638,0.886834081013997,-133.348975401109,-90.5621989196841,-53.2034770992004,-43.485529331298,-48.5198571414334,-37.0550040022341,-25.7794571458017,-28.1071897206806,-21.981645514453
20-Nov-2024 02:05:15,12,61,-0.108494033416112,0.412777942419052,0.129685784379641,-0.346691334247589,-0.0104237127428253,-0.311230546236038,0.884777971108754,-134.481895838211,-90.2990455984519,-52.2668885804187,-44.3474441590346,-51.8089058350645,-36.3206764582031,-28.9125376493735,-17.0999463931834,-23.8451680558896
20-Nov-2024 02:05:26,12,62,-0.116578475634257,0.41407649119695,0.119519366323948,-0.346238136291504,0.0032794657163322,-0.315193104743958,0.883607228597005,-135.968633180652,-90.3656496987533,-52.3976105239003,-45.6120318018147,-57.6746867717575,-39.3509868198806,-25.8600859442038,-11.5048329056384,-21.145031205448
20-Nov-2024 02:06:06,12,63,-0.114659376442432,0.41468488574028,0.114880913496017,-0.344187768300374,0.00685135948782166,-0.328451200326284,0.879549713929494,-138.403462070424,-87.8673750882879,-52.3696772362502,-48.2502830370731,-59.5521015869196,-40.4989782287038,-27.5504003434048,-30.0536544981171,-22.9767240509455
20-Nov-2024 02:06:16,12,64,-0.116681597133478,0.414388585090637,0.10079463471969,-0.301920314629873,0.00694618622461955,-0.343888193368912,0.889121353626251,-135.042826156152,-87.4898474811898,-52.1022047074538,-57.4798218666032,-61.265472671212,-41.2769550456026,-25.7189723273159,-29.2665672456432,-22.5044716994611
20-Nov-2024 02:06:49,12,65,-0.112970626354218,0.411870539188385,0.091935795545578,-0.253430583079656,-0.00334455017000437,-0.358399736881256,0.898505087693532,-132.156236015545,-85.5298805187084,-51.6804045630916,-63.1961924923725,-62.709660694739,-41.0387723860743,-26.2589273634124,-14.9014475331814,-25.0481341959463
20-Nov-2024 02:07:00,12,66,-0.115304534633954,0.413139577706655,0.078249779343605,-0.212369344631831,-0.00249409065581858,-0.372136328617732,0.903552766640981,-128.795600101272,-85.1523529116104,-51.4129320342951,-72.4257313219027,-64.4230317790314,-41.8167492029731,-24.4274993473235,-14.1143602807075,-24.575881844462
20-Nov-2024 02:07:33,12,67,-0.11333385805289,0.412407131989797,0.0711469704906146,-0.154172512888908,-0.0157503024985393,-0.38919651110967,0.908024700482686,-125.896987073832,-84.0586056268206,-51.0682956977158,-80.8736860495525,-65.401811332941,-42.3116462816584,-23.6317628573274,-5.48825679823967,-25.8365869169624
20-Nov-2024 02:07:44,12,68,-0.115208630760511,0.414965289831161,0.0607943552235762,-0.119324797888597,-0.0142841232940555,-0.404685308535894,0.906524876753489,-122.53635115956,-83.6810780197226,-50.8008231689194,-90.1032248790826,-67.1151824172334,-43.0896230985572,-21.8003348412385,-4.70116954576578,-25.3643345654781
20-Nov-2024 02:08:17,12,69,-0.112097716331482,0.413881919781367,0.0488202350835005,-0.049428080022335,-0.025242834041516,-0.400226416190465,0.914734121163686,-118.356726688704,-82.1204405737787,-50.3447687362315,-98.2669716576726,-69.5862577363344,-43.5010600463492,-23.4117525881959,-0.144574178294913,-27.4085609259861
20-Nov-2024 02:08:28,12,70,-0.114501958588759,0.417718233664831,0.0347588924070199,-0.000945371851169815,-0.0218213054041068,-0.41752069791158,0.908404870827993,-114.996090774431,-81.7429129666806,-50.0772962074351,-107.496510487203,-71.2996288206268,-44.279036863248,-21.580324572107,0.642513074178977,-26.9363085745018
20-Nov-2024 02:09:03,12,71,-0.113838682075342,0.420468175411224,0.0207687841107448,0.0310689922422171,-0.0141226862246792,-0.43612250884374,0.89923992951711,-116.263859309654,-79.6820643722607,-48.8262953940208,-114.028260330908,-76.0119505465853,-47.3779387090016,-21.4428651180489,2.17289737137839,-28.2121697866774
20-Nov-2024 02:09:13,12,72,-0.119862399995327,0.426274482409159,0.00503751672804356,0.0587822829683622,-0.00162965168710798,-0.447827307383219,0.892184249560038,-116.516122123168,-76.8627706972636,-47.2945855325522,-121.242906200082,-82.2204201551394,-50.3601104893086,-19.7339827824676,3.39352761107932,-27.4797916428568
20-Nov-2024 02:09:50,12,73,-0.118016595145067,0.431912771860758,-0.00759600127736727,0.0879346653819084,0.0161283905307452,-0.46682755947113,0.879817763964335,-116.601137797537,-77.7226995625551,-45.9782301951107,-128.191104056522,-87.3808158223957,-53.4006473023389,-20.7608118876479,5.8190348795295,-31.2765331770345
20-Nov-2024 02:10:00,12,74,-0.125272756814957,0.439731472730637,-0.0242169311890999,0.115410087009271,0.0315698330601056,-0.479575095574061,0.869305260976156,-116.853400611051,-74.9034058875581,-44.446520333642,-135.405749925697,-93.5892854309499,-56.3828190826459,-19.0519295520666,7.03966511923043,-30.544155033214
20-Nov-2024 02:10:36,12,75,-0.119967277844747,0.444317624966304,-0.0398742280900478,0.154032197594643,0.056048579265674,-0.486026434103648,0.858435185750326,-113.497039854993,-73.9237234827053,-42.947487734187,-142.862171788505,-97.9237180688551,-59.0191733793145,-21.1859029368663,9.68773387330598,-32.9013367283927
20-Nov-2024 02:10:47,12,76,-0.108914461731911,0.442695468664169,-0.0429567751785119,0.166013100743294,0.0543130839864413,-0.456043686469396,0.872647643089294,-108.406551116447,-71.8232229272948,-42.3214772463202,-144.310984804037,-99.2785784361656,-60.1208433528082,-27.1252599946042,5.44533597492173,-35.4467754674232
20-Nov-2024 02:11:25,12,77,-0.121059940258662,0.44646977186203,-0.0563390135765076,0.209211946527163,0.0593778575460116,-0.466260975599289,0.857499484221141,-102.336750593114,-69.8175280069564,-41.1868053894601,-146.480685816386,-102.621420318152,-60.8246045844827,-21.3360449125325,-37.7583426662753,-20.4119941259532
20-Nov-2024 02:11:35,12,78,-0.110034275054932,0.444837967554728,-0.0637376293540001,0.23318741718928,0.0577892725666364,-0.433396615584691,0.868591630458832,-97.2462618545683,-67.7170274515459,-40.5607949015933,-147.929498831918,-103.976280685462,-61.9262745579763,-27.2754019702705,-42.0007405646596,-22.9574328649838
20-Nov-2024 02:12:07,12,79,-0.10803945461909,0.446856657663981,-0.0737637360890706,0.271207942565282,0.0623095959424973,-0.429787613948186,0.858979872862498,-92.341117223629,-62.5889297136715,-40.1304537292299,-151.463755845859,-105.20013181011,-64.1039901605604,-26.6004729581036,-26.1987788344501,-32.9127615637639
20-Nov-2024 02:12:18,12,80,-0.099069885412852,0.446509285767873,-0.0797302926580111,0.288436430692673,0.0604826621711254,-0.400257988770803,0.867721060911814,-87.250628485083,-60.488429158261,-39.5044432413631,-152.912568861391,-106.554992177421,-65.2056601340541,-32.5398300158416,-30.4411767328343,-35.4582003027945
20-Nov-2024 02:12:54,12,81,-0.0944368158777555,0.445115504662196,-0.0721725692351659,0.316871545712153,0.042968059827884,-0.396186465024948,0.860687204202016,-87.0702671098125,-65.2135998985934,-41.2143604634068,-157.623396513687,-103.461985631474,-64.2600298848012,-34.413752702324,-46.6699759036359,-34.7687326737284
20-Nov-2024 02:13:05,12,82,-0.0858900487422943,0.442810815572739,-0.0662958299120267,0.321035885810852,0.0296483618517717,-0.359963188568751,0.875490403175354,-86.7972336807387,-68.4525692301577,-42.9764430276988,-158.291502166779,-102.159483706858,-63.7513768210031,-43.6448184237587,-48.0959548887344,-35.6243200647875
20-Nov-2024 02:13:36,12,83,-0.0740304003159205,0.439395048220952,-0.055473605543375,0.321668640772502,0.0144708402454853,-0.329512717326482,0.887547886371613,-87.0955362785665,-70.634639266106,-44.1874429208667,-158.130968819473,-102.436729471577,-62.3492351644776,-50.6223126277173,-34.1983439666845,-39.232379945784
20-Nov-2024 02:13:47,12,84,-0.0643585229913394,0.438260676463445,-0.0505884394049644,0.32368759115537,0.00770487474898497,-0.293916257222493,0.899322108427684,-86.8225028494927,-73.8736085976704,-45.9495254851587,-158.799074472566,-101.134227546961,-61.8405821006795,-59.853378349152,-35.624322951783,-40.0879673368431
20-Nov-2024 02:14:17,12,85,-0.0532548626263936,0.434120158354441,-0.0357243088384469,0.318599027395248,-0.00887460187077522,-0.250591977437337,0.91412224372228,-85.7851374338697,-75.6091282814267,-47.1360667138886,-155.752860625459,-101.896599467012,-57.6601847405178,-67.6576583118487,-29.3135069833073,-42.7697909728709
20-Nov-2024 02:14:28,12,86,-0.0458530925214291,0.433624291419983,-0.0284597681214412,0.316606624921163,-0.0135174057135979,-0.215028575062752,0.923764181137085,-85.5121040047958,-78.848097612991,-48.8981492781806,-156.420966278551,-100.594097542396,-57.1515316767197,-76.8887240332835,-30.7394859684058,-43.62537836393
20-Nov-2024 02:14:59,12,87,-0.0373488746583462,0.434685118993123,-0.0238039519637823,0.331386111179988,-0.0177774830410878,-0.174124185244242,0.927118114630381,-85.0819045824474,-80.6603421206513,-50.6724611746916,-159.131912181544,-95.6740325401138,-59.7570064647397,-85.5563968753492,-32.2720674767172,-43.4440838774734
20-Nov-2024 02:15:10,12,88,-0.0296803144117196,0.435662702719371,-0.0173067537446817,0.329472915331523,-0.0187349576503038,-0.13651095032692,0.934056409200033,-84.8088711533735,-83.8993114522156,-52.4345437389836,-159.800017834636,-94.3715306154978,-59.2483534009416,-94.7874625967839,-33.6980464618157,-44.2996712685325
20-Nov-2024 02:15:51,12,89,-0.0207154737164577,0.437247536579768,-0.0116138326004148,0.33931237856547,-0.0182535460839669,-0.100435530642668,0.9351185242335,-84.9072547276624,-86.2749183718279,-54.2777409693851,-161.339543612678,-94.2602471520488,-60.1467642630526,-103.061831878534,-71.7023267085211,-46.2868177208338
20-Nov-2024 02:16:02,12,90,-0.00992759000509977,0.437251657247543,-0.0134726734831929,0.337773660818736,-0.0114678230757515,-0.0996274987856547,0.93586954275767,-85.1086608137884,-81.3004391451378,-51.7529055826349,-158.718470264055,-91.161069785744,-58.5595798064951,-102.90881595758,-78.5023156481104,-49.6492164172234
20-Nov-2024 02:16:33,12,91,-0.00856340173631906,0.433319044113159,-0.0059649171307683,0.315276499589284,-0.011340134156247,-0.0856346502900124,0.945060245196025,-86.5457754015957,-79.2692787124716,-50.5436275289395,-156.458106977906,-85.9575016500226,-57.1509273128921,-103.777451816783,-75.916455218503,-37.5273946442342
20-Nov-2024 02:16:44,12,92,0.00112452368872861,0.433524207274119,-0.00718454004575809,0.314369301001231,-0.00480576648066441,-0.0843987991412481,0.945529329776764,-86.7471814877217,-74.2947994857815,-48.0187921421893,-153.837033629282,-82.8583242837178,-55.5637428563346,-103.624435895829,-82.7164441580923,-40.8897933406238
20-Nov-2024 02:17:15,12,93,-0.00232593223142127,0.430219813187917,0.00386084162940582,0.279966135819753,-0.00994644332677126,-0.074822972714901,0.957037929693858,-88.3914418246884,-68.1669796561033,-49.9017354219664,-150.346315311896,-84.4069515327047,-55.3408243812543,-104.357245864953,-77.923508413083,-36.7350818023239
20-Nov-2024 02:17:26,12,94,0.00837780870497227,0.430704128742218,0.00176257408844928,0.279228303829829,-0.00412901053205132,-0.0727075820167859,0.957459211349487,-88.5928479108144,-63.1925004294132,-47.3769000352163,-147.725241963273,-81.3077741663999,-53.7536399246968,-104.204229943999,-84.7234973526723,-40.0974804987135
20-Nov-2024 02:17:58,12,95,0.00718190607925256,0.427742161353429,0.0104297513142228,0.253224853674571,-0.00539700525502364,-0.0672788962721825,0.965050065517426,-88.8406811223608,-58.241350901229,-48.5559539817297,-145.269346130268,-79.3324991077409,-53.898588458878,-102.469126968084,-86.4770239499623,-40.0013240777584
20-Nov-2024 02:18:09,12,96,0.0204893130809069,0.42848592599233,0.00734758063529929,0.251808204253515,0.00119529323807607,-0.067623815437158,0.965410931905111,-89.0420872084868,-53.2668716745389,-46.0311185949795,-142.648272781644,-76.2333217414361,-52.3114040023205,-102.31611104713,-93.2770128895516,-43.3637227741479
20-Nov-2024 02:18:48,12,97,0.0270650857438644,0.426645596822103,0.0171535449723403,0.22765453060468,0.00477430820465088,-0.0603669740259647,0.971857217947642,-88.216706857323,-74.5540572971015,-47.6832278748611,-139.73478819083,-76.4710955289542,-53.1652860411323,-101.597051598695,-98.0037706579912,-44.7718439118652
20-Nov-2024 02:18:59,12,98,0.0396643184125423,0.42817574540774,0.0134009710823496,0.226312735676765,0.0101934903611739,-0.0589802910884221,0.972213967641195,-88.418112943449,-69.5795780704113,-45.158392488111,-137.113714842206,-73.3719181626494,-51.5781015845748,-101.444035677741,-104.803759597581,-48.1342426082547
20-Nov-2024 02:19:35,12,99,0.0517243519425392,0.427416535218557,0.0247828577955564,0.199476221203804,0.014555110099415,-0.0481990461548169,0.97860834201177,-87.6561258109301,-69.1859312683478,-45.7720294346767,-134.796435872487,-64.9662163732561,-50.6864503757019,-100.932997993046,-109.142132951595,-50.2195025253081
20-Nov-2024 02:19:46,12,100,0.0666255836685499,0.430150097608566,0.0221014725665251,0.196662864089012,0.019307262574633,-0.044602732360363,0.979265840848287,-87.8575318970561,-64.2114520416576,-43.2471940479265,-132.175362523864,-61.8670390069512,-49.0992659191444,-100.779982072092,-115.942121891184,-53.5819012216977
20-Nov-2024 02:20:48,13,1,0.00398557391017675,0.322650647163391,0.048874377210935,-0.0297899064918359,-0.03347445850571,0.00453059036905567,0.998985278606415,-9.9,-0.075,-4.72500000000001,-5.77500000000001,-8.62500000000001,-0.075,-10.05,-4.2,-7.80000000000001
20-Nov-2024 02:20:59,13,2,-0.000178862238438645,0.32646855711937,0.0538033286730448,-0.0609714622298876,-0.0340085287888845,0.00336903262262543,0.997554310162862,-17.8474418371239,-1.52287629205454,-5.27125909593366,-5.77566720629842,-10.1657527617459,-0.667699863178954,-14.6489172127109,-2.42318827257248,-6.7339129635435
20-Nov-2024 02:21:35,13,3,-0.00233246527301768,0.331648766994476,0.0563603567580382,-0.0806342591842016,-0.0335308467348417,-0.00618428314725558,0.996160427729289,-25.9448836742478,-20.858252584109,-8.55501819186732,-8.81383441259682,-13.0190055234918,-9.92289972635791,-18.0478344254217,-10.0213765451449,-8.81782592708696
20-Nov-2024 02:21:45,13,4,-0.00514694315691789,0.336082754532496,0.0629162033398946,-0.114892008900642,-0.03295578956604,-0.00432607935120662,0.99282177289327,-33.8923255113718,-22.3061288761636,-9.10127728780097,-8.81450161889523,-14.5597582852377,-10.5155995895369,-22.6467516381326,-8.24456481771739,-7.75173889063045
20-Nov-2024 02:22:22,13,5,-0.0049538178058962,0.341317576169968,0.0680841291944186,-0.148563672105471,-0.0335934430360794,-0.0212361197918653,0.988103930155436,-42.8147673484957,-27.147755168218,-12.5162863837346,-9.95891882519362,-17.5067610469836,-13.6395494527158,-25.2206688508435,-15.0552530902898,-12.5356518541739
20-Nov-2024 02:22:33,13,6,-0.00906660811354717,0.346060134967168,0.0748487705985705,-0.182288047671318,-0.0323742563525836,-0.0217666236062845,0.982470989227295,-50.7622091856196,-28.5956314602726,-13.0625454796683,-9.95958603149202,-19.0475138087296,-14.2322493158948,-29.8195860635544,-13.2784413628622,-11.4695648177173
20-Nov-2024 02:23:08,13,7,-0.00674685835838318,0.351377769311269,0.0792311921715736,-0.207360989848773,-0.0329383800427119,-0.0171547472476959,0.977559328079224,-58.2221510227436,-21.1653827523272,-16.6931795756019,-10.6821282377904,-16.2663915704755,-17.2155741790737,-35.0560032762652,-19.2453796354346,-14.9034777812608
20-Nov-2024 02:23:19,13,8,-0.0117279102404912,0.357061026493708,0.0874634409944216,-0.240942932168643,-0.0301573041826487,-0.0218778943022092,0.969823908805847,-66.1695928598675,-22.6132590443817,-17.2394386715355,-10.6827954440888,-17.8071443322214,-17.8082740422526,-39.6549204889761,-17.4685679080071,-13.8373907448042
20-Nov-2024 02:23:52,13,9,-0.00318270813052853,0.355581237872442,0.0787796924511592,-0.208062103390694,-0.0335315823554993,-0.00713702421635389,0.977514660358429,-61.969121215234,-14.5540259381179,-18.0153312250098,-14.7454231134905,-15.0378024425709,-19.1806747040336,-41.0820665998324,-23.3210361752676,-17.4464777350407
20-Nov-2024 02:24:03,13,10,0.00996966871122519,0.355465596914291,0.0755441764990489,-0.184037967522939,-0.0406190114716689,-0.00620296653360128,0.982059919834137,-57.6373995706006,-11.983855331854,-16.724036278484,-17.4721132828922,-14.3543980529205,-18.8327628658146,-41.0654627106888,-30.7016294425282,-21.1305647252772
20-Nov-2024 02:24:36,13,11,0.0109938535218438,0.353500616550446,0.0684687147537867,-0.156747112671534,-0.0407076728840669,0.00318379403712849,0.986794380346934,-54.1213029259671,-7.19415347559018,-17.2163350819583,-19.0667722022939,-23.50302491327,-18.5200072775955,-41.3957338215451,-28.7681602097888,-22.0771517155137
20-Nov-2024 02:24:47,13,12,0.0255490059653918,0.353861771027247,0.0651321222384771,-0.12958690126737,-0.0446660583217939,0.00611707555751006,0.990542685985565,-49.7895812813336,-4.6239828693263,-15.9250401354326,-21.7934623716955,-22.8196205236195,-18.1720954393765,-41.3791299324015,-36.1487534770493,-25.7612387057502
20-Nov-2024 02:25:26,13,13,0.0333404245475928,0.352913258473078,0.0587018830080827,-0.0995847736795743,-0.0448462809125582,0.0169477886209885,0.993873453140259,-45.1156721367001,-29.5940466380622,-16.2005420639069,-23.7291369160972,-23.677231758969,-18.8167617261575,-41.1609635432578,-38.5723154943099,-28.0015756959867
20-Nov-2024 02:25:37,13,14,0.0463533461093903,0.35386994878451,0.0559831154843171,-0.0736974169810613,-0.0448662169277668,0.0216943180809418,0.996034689744314,-40.7839504920666,-27.0238760317984,-14.9092471173811,-26.4558270854989,-22.9938273693185,-18.4688498879385,-41.1443596541141,-45.9529087615704,-31.6856626862232
20-Nov-2024 02:26:15,13,15,0.0548255175352097,0.354461661974589,0.0494605265557766,-0.0416729638973872,-0.0411922636131446,0.0401943887273471,0.997472321987152,-37.4061350974332,-27.5738226130346,-15.2263506083554,-29.3120094424006,-24.205930792168,-19.2172271122195,-43.3519745149705,-48.379986403831,-34.2728746764597
20-Nov-2024 02:26:26,13,16,0.0708672295014064,0.357106850544612,0.0477510909239451,-0.0214386504143477,-0.0396579471727212,0.0422965846955776,0.998087521394094,-33.0744134527997,-25.0036520067707,-13.9350556618297,-32.0386996118023,-23.5225264025175,-18.8693152740004,-43.3353706258268,-55.7605796710915,-37.9569616666962
20-Nov-2024 02:27:03,13,17,0.0806311865647634,0.357015905777613,0.0413189940154552,0.0142337466900547,-0.0314379155635834,0.0405203469097614,0.998582585652669,-28.5446449331662,-24.743539994257,-14.422959934054,-35.130135874954,-23.786875919117,-19.2945479670314,-39.1058761116832,-60.3644151258521,-41.9176111569327
20-Nov-2024 02:27:14,13,18,0.0700043618679047,0.358698858817418,0.0310557795067628,0.0529735160370668,-0.0239487037062645,0.022354814906915,0.9980584025383,-28.0073692444944,-27.4706252197554,-16.059211069353,-42.9135588524466,-26.5312064700736,-20.9394217650596,-40.7960495107496,-56.2140034701638,-40.1151138516384
20-Nov-2024 02:27:46,13,19,0.0610403686761856,0.359876356522242,0.0279613302399715,0.0813708166281382,-0.0190988130867481,0.0463518783450127,0.995422327518463,-26.3210701183225,-12.0027397421287,-17.235061814027,-47.7293548768142,-28.6244139741553,-21.0958678287128,-46.154777597316,-53.3752129082255,-38.3008977963441
20-Nov-2024 02:27:57,13,20,0.0516310314337413,0.362428742647171,0.0200302178661029,0.115563618640105,-0.0162739792217811,0.0365019870301088,0.992495771249135,-25.7837944296507,-14.7298249676271,-18.8713129493261,-55.5127778543068,-31.3687445251119,-22.7407416267409,-47.8449509963824,-49.2248012525372,-36.4984004910498
20-Nov-2024 02:28:29,13,21,0.0340450870494048,0.363962821165721,0.0102974128598968,0.159042224287987,-0.0147206407661239,0.0251025545100371,0.986842838923136,-24.6720070222289,-7.75942484156298,-19.9023638893126,-62.5623873552369,-36.112513552631,-23.8664015575816,-48.5194017391989,-46.3302001437239,-34.1650438107555
20-Nov-2024 02:28:40,13,22,0.0259354421248039,0.367260690530141,0.00332730308485528,0.189253417650859,-0.015820329512159,0.0177050612866879,0.981641185283661,-24.1347313335571,-10.4865100670614,-21.5386150246116,-70.3458103327295,-38.8568441035877,-25.5112753556097,-50.2095751382653,-42.1797884880356,-32.3625465054611
20-Nov-2024 02:29:19,13,23,0.0128089301288128,0.369908742109934,-0.00525534180924296,0.224976345896721,-0.021644132087628,0.0170896839350462,0.973973910013835,-23.1601997855102,-34.4648526167783,-22.4222660622544,-77.6123265719409,-43.8008938928256,-27.4215422200441,-52.1418872092067,-38.1322821057849,-30.6696195126668
20-Nov-2024 02:29:30,13,24,0.00452691558748484,0.3742256184419,-0.0127837166190147,0.255717331171036,-0.0250795044004917,0.0107274499411384,0.966366716225942,-22.6229240968384,-37.1919378422767,-24.0585171975534,-85.3957495494335,-46.5452244437822,-29.0664160180723,-53.8320606082732,-33.9818704500966,-28.8671222073725
20-Nov-2024 02:30:06,13,25,0.00159817112920185,0.378644879659017,-0.0187716933588187,0.292248994112015,-0.0281767205645641,0.00775318484132489,0.955895682175954,-22.3170204784791,-36.9696517298844,-24.2684682840244,-93.2207191577855,-47.6894146138795,-30.1689863493036,-56.0183033432771,-36.7829114311269,-27.0444100583282
20-Nov-2024 02:30:17,13,26,-0.00429723343501488,0.381635975837708,-0.0337784784535567,0.309800285100937,-0.0325153787930806,0.00705907866358757,0.950219285488129,-19.052302992566,-34.6377106685179,-22.8693036472045,-95.8405799313591,-54.8124971058464,-33.4973334891504,-54.3737051402692,-33.4566999658558,-25.148110219556
20-Nov-2024 02:30:54,13,27,-0.00831026627371709,0.382818939288457,-0.044741499175628,0.333270504077276,-0.0374437438944976,-0.00766358251372973,0.942056282361348,-16.7282715418092,-34.4310839382061,-22.6319889859705,-98.1062140203624,-55.8105094073838,-34.9795288955988,-52.30214160523,-33.8312148189441,-25.3417029589088
20-Nov-2024 02:31:04,13,28,-0.014873926838239,0.387464904785156,-0.0597258242468039,0.351913583278656,-0.0423180808623632,-0.01261324621737,0.934990334510803,-13.4635540558961,-32.0991428768396,-21.2328243491506,-100.726074793936,-62.9335918993507,-38.3078760354457,-50.6575434022221,-30.505003353673,-23.4454031201366
20-Nov-2024 02:31:37,13,29,-0.0224647056311369,0.388584784666697,-0.0615673373142878,0.347832135359446,-0.045467701057593,-0.0356598481535912,0.935774497191111,-18.6941795875611,-16.4298589810006,-22.8895847001237,-102.343822225224,-64.2941392961029,-41.0881473085933,-49.5494625331986,-18.3791550475817,-24.9190495704269
20-Nov-2024 02:31:48,13,30,-0.028199136381348,0.393682237466176,-0.0773975575963656,0.363832424084346,-0.0498759885629018,-0.0386011816561222,0.929326816399892,-15.429462101648,-14.0979179196341,-21.4904200633038,-104.963682998798,-71.4172217880699,-44.4164944484401,-47.9048643301907,-15.0529435823106,-23.0227497316547
20-Nov-2024 02:32:29,13,31,-0.038335291047891,0.395938992500305,-0.0801113024353981,0.358129249016444,-0.0493523056308428,-0.0778631165623665,0.929109875361125,-22.2624161245239,-4.12230544103141,-23.9442179203804,-107.457487101229,-76.0340367324295,-47.7708036549374,-45.253524794175,-31.2519136966292,-24.6864230374137
20-Nov-2024 02:32:40,13,32,-0.044565054277579,0.401492230097453,-0.0942274173100789,0.373180727163951,-0.0528544388711452,-0.081288472811381,0.922678045431773,-18.9976986386109,-1.79036437966494,-22.5450532835605,-110.077347874803,-83.1571192243964,-51.0991507947842,-43.608926591167,-27.9257022313581,-22.7901231986416
20-Nov-2024 02:33:22,13,33,-0.0542019481460253,0.404491422573725,-0.0980977942546209,0.359227965275447,-0.0483123950660229,-0.11333984186252,0.925081225236257,-26.2568169070926,5.11341239031966,-24.8723698936888,-110.909180312805,-89.4020679425597,-55.2654789679562,-41.9859577216552,-30.0870815558821,-25.223809932135
20-Nov-2024 02:33:33,13,34,-0.0617315630118052,0.412116767962774,-0.114403487245242,0.372293212016424,-0.0515720017254353,-0.118676881988843,0.919050558408101,-22.9920994211795,7.44535345168613,-23.4732052568689,-113.529041086379,-96.5251504345267,-58.5938261078031,-40.3413595186473,-26.760870090611,-23.3275100933628
20-Nov-2024 02:34:13,13,35,-0.0650392631689707,0.413069442907969,-0.11104362209638,0.367863972981771,-0.048748579621315,-0.134669854243596,0.91878383954366,-28.7099365500247,6.53285163425375,-26.2804976833879,-115.404115644557,-98.243869167794,-61.0865514017244,-40.7428738667754,-30.3746217491093,-25.3098234784701
20-Nov-2024 02:34:23,13,36,-0.0618387026091417,0.413990704218547,-0.107343933482965,0.35049658815066,-0.038004769384861,-0.147955996791522,0.924022090435028,-34.9408558016725,3.3344319625123,-28.1995494864328,-116.523204370521,-100.851654787963,-62.7102861789831,-41.2835735481555,-35.0695780127101,-27.9771435774447
20-Nov-2024 02:34:57,13,37,-0.0670612588524818,0.418331444263458,-0.117746886610985,0.367330026626587,-0.0411313086748123,-0.149254028995832,0.917115120093028,-32.3652339919188,1.27897121792539,-26.8127216012147,-118.245286012592,-103.164906964682,-64.8435162145732,-40.7796805629096,-32.6989319737595,-27.3769603194856
20-Nov-2024 02:35:08,13,38,-0.0667912503083547,0.419950465361277,-0.114843278626601,0.35254979133606,-0.0322954095900059,-0.163373376925786,0.920855482419332,-38.5961532435665,-1.91944845381605,-28.7317734042596,-119.364374738555,-105.772692584851,-66.4672509918319,-41.3203802442897,-37.3938882373603,-30.0442804184602
20-Nov-2024 02:35:48,13,39,-0.0713603630661964,0.423015520970027,-0.120854435861111,0.368825187285741,-0.0411840858558814,-0.154556345939636,0.915633233388265,-35.2488019645136,-40.1713886619802,-28.472885363173,-121.609959922573,-107.708211483294,-68.1957333982563,-42.3887835923568,-33.9060433496855,-28.452848838968
20-Nov-2024 02:35:58,13,40,-0.0711975370844205,0.424459894498189,-0.117581842839718,0.35275773803393,-0.0312452619274457,-0.169455225269,0.919712261358897,-41.4797212161614,-43.3698083337216,-30.3919371662179,-122.729048648537,-110.315997103464,-69.8194681755151,-42.9294832737368,-38.6009996132863,-31.1201689379425
20-Nov-2024 02:36:33,13,41,-0.0724539160728455,0.427524852752686,-0.119432158768177,0.359328015645345,-0.0320821670194467,-0.16805773973465,0.917393445968628,-41.6465052024588,-45.4199882736745,-30.472019047197,-124.786385603527,-113.03764936277,-70.5955767673566,-45.0840347884604,-37.7045553012493,-32.7081131976837
20-Nov-2024 02:36:44,13,42,-0.0704272826512655,0.428215291102727,-0.114892010887464,0.340779540936152,-0.0207924886296193,-0.183725699782372,0.921781921386719,-47.8774244541066,-48.6184079454159,-32.3910708502419,-125.905474329491,-115.645434982939,-72.2193115446154,-45.6247344698405,-42.3995115648501,-35.3754332966582
20-Nov-2024 02:37:18,13,43,-0.0690880790352821,0.43062761425972,-0.116622490684191,0.334207693735758,-0.016089391708374,-0.181294166048368,0.92475878794988,-51.2262760730792,-48.2427077512629,-33.0906376922539,-127.493687169968,-117.635153922677,-75.2192332291656,-48.0973600678923,-44.898767540632,-35.9280654760161
20-Nov-2024 02:37:29,13,44,-0.0777680744727453,0.428822527329127,-0.1024181569616,0.315266486008962,-0.0213635068386793,-0.19344099064668,0.928833270072937,-56.0783868720794,-55.1118309997895,-36.4670139687761,-127.099578083536,-116.357643417346,-74.5222926287589,-46.158813293639,-42.8183115220501,-34.8296521189841
20-Nov-2024 02:38:00,13,45,-0.0912637814879417,0.432875887552897,-0.106377284228802,0.319077644745509,-0.0141462176417311,-0.233714544773102,0.918350104490916,-57.7644638547421,-52.6938943153689,-34.808647764782,-130.090031054361,-115.521099571799,-74.0634454819979,-41.9612294777216,-39.7900053595588,-31.9238948021438
20-Nov-2024 02:38:10,13,46,-0.098216779033343,0.431870311498642,-0.0941693589091301,0.303191794951757,-0.0190931809445222,-0.243627138932546,0.921062405904134,-62.6165746537423,-59.5630175638955,-38.1850240413042,-129.695921967929,-114.243589066468,-73.3665048815912,-40.0226827034683,-37.709549340977,-30.8254814451118
20-Nov-2024 02:38:41,13,47,-0.105880081653595,0.433454793691635,-0.0906561806797981,0.288647882143656,-0.0218468263745308,-0.252893821398417,0.923173797130585,-65.4356685445737,-59.3136108459485,-38.8190290775682,-129.944093910126,-118.511561891029,-72.5636110080074,-41.9046174083829,-30.2801682504404,-29.2733961081756
20-Nov-2024 02:38:52,13,48,-0.114558343092601,0.433506534496943,-0.0781300957004229,0.271322514613469,-0.0274047613143921,-0.264311999082565,0.925079600016276,-70.2877793435739,-66.1827340944751,-42.1954053540904,-129.549984823694,-117.234051385698,-71.8666704076007,-39.9660706341296,-28.1997122318586,-28.1749827511436
20-Nov-2024 02:39:24,13,49,-0.116580343743165,0.432934099435806,-0.07006543080012,0.252174735069275,-0.024472068871061,-0.278368407487869,0.926455636819204,-74.6483816884898,-68.0675923597649,-44.2755960104836,-129.627016251576,-117.529282545312,-71.4167531706054,-41.2877645994603,-23.4447936772994,-28.7997334041595
20-Nov-2024 02:39:34,13,50,-0.12613795598348,0.433953311045965,-0.0556930954257647,0.232448008656502,-0.031377724558115,-0.290700242916743,0.927618853251139,-79.50049248749,-74.9367156082915,-47.6519722870058,-129.232907165144,-116.251772039981,-70.7198125701988,-39.349217825207,-21.3643376587175,-27.7013200471276
20-Nov-2024 02:40:06,13,51,-0.129659867286682,0.433372763792674,-0.0450694069266319,0.208716212709745,-0.0335876432557901,-0.300622546672821,0.9300191005071,-83.806849059448,-78.9387063651997,-50.2302557534635,-128.174368335869,-116.660632367123,-69.4713836514978,-40.3907914207456,-17.946650372147,-28.3644886951195
20-Nov-2024 02:40:17,13,52,-0.137472533186277,0.435267740488052,-0.0324139443536599,0.190649731953939,-0.03850987230738,-0.311694604158402,0.930062464872996,-88.6589598584482,-85.8078296137263,-53.6066320299857,-127.780259249437,-115.383121861792,-68.7744430510911,-38.4522446464923,-15.8661943535652,-27.2660753380875
20-Nov-2024 02:40:49,13,53,-0.139873456954956,0.434261989593506,-0.0173823999861876,0.161856728792191,-0.0458042410512765,-0.31043674548467,0.935592567920685,-93.1631935439273,-91.3933866164436,-56.6589619014757,-125.178935291584,-114.723796772697,-67.3517582915373,-41.978758057135,-13.117122700989,-27.7984529835675
20-Nov-2024 02:41:00,13,54,-0.149622876445452,0.437633995215098,-0.00303096786762277,0.141127772132556,-0.0519903061290582,-0.322560163338979,0.934523896376292,-98.0153043429275,-98.2625098649702,-60.0353381779979,-124.784826205152,-113.446286267366,-66.6548176911306,-40.0402112828817,-11.0366666824071,-26.7000396265355
20-Nov-2024 02:41:32,13,55,-0.145426767071088,0.433738178014755,0.0160574980080128,0.105557470520337,-0.0586522474884987,-0.327763509750366,0.937010486920675,-101.531703782524,-100.770902391795,-60.9136205064188,-121.371345537877,-107.856011733231,-62.957479696503,-40.460789260341,-11.3545359261323,-27.9817413642249
20-Nov-2024 02:41:42,13,56,-0.145504717032115,0.43523841102918,0.0274049639701843,0.0791192273298899,-0.058002325395743,-0.335090935230255,0.937064445018768,-106.87204177888,-102.721078041525,-61.9539260373559,-117.936472306313,-101.806644490979,-59.9980137814488,-41.3738371453523,-12.0067129868547,-28.3730476006583
20-Nov-2024 02:42:15,13,57,-0.146495460470517,0.433040221532186,0.047062511742115,0.0489751828213533,-0.0713528747359912,-0.363927594820658,0.927397946516673,-110.400410496856,-105.850362129802,-64.4882199670349,-116.387295356893,-93.811823602785,-55.769611826608,-29.7406500765877,-33.4917361390784,-24.7095515877198
20-Nov-2024 02:42:26,13,58,-0.148669825990995,0.434955275058746,0.059669117629528,0.0341455499331156,-0.079340369005998,-0.380143362283707,0.9208855509758,-115.740748493213,-107.800537779532,-65.528525497972,-112.952422125329,-87.7624563605323,-52.8101459115539,-30.6536979615991,-34.1439131998007,-25.1008578241532
20-Nov-2024 02:42:57,13,59,-0.140269094705582,0.433142749468486,0.0849702581763268,-0.0251026704907417,-0.0968345160285632,-0.38185196518898,0.918793789545695,-122.650101850379,-109.890267648536,-67.46582522828,-107.910397034837,-80.8903622953092,-49.8162119766064,-33.4686283697224,-24.2125133062739,-28.8647629359006
20-Nov-2024 02:43:08,13,60,-0.139000715812047,0.43589713772138,0.0965668842196465,-0.0475083587070306,-0.101226440568765,-0.390057156483332,0.913975703716278,-127.990439846736,-111.840443298265,-68.5061307592171,-104.475523803272,-74.8409950530565,-46.8567460615523,-34.3816762547337,-24.8646903669962,-29.256069172334
20-Nov-2024 02:43:42,13,61,-0.136767268180847,0.437198265393575,0.115571263929208,-0.0987601225574811,-0.110025151570638,-0.398190611600876,0.905309430758158,-133.515285523498,-114.610396057632,-70.0699333898396,-99.8620746422442,-69.6552643993186,-44.3300461365515,-33.020665401301,-37.6250789505939,-29.9086748464244
20-Nov-2024 02:43:53,13,62,-0.137120858828227,0.440882833798726,0.126322997609774,-0.119631871084372,-0.11446401377519,-0.401097891728083,0.900947630405426,-138.855623519854,-116.560571707362,-71.1102389207767,-96.4272014106799,-63.6058971570659,-41.3705802214974,-33.9337132863123,-38.2772560113162,-30.2999810828578
20-Nov-2024 02:44:26,13,63,-0.137287122011185,0.444000363349915,0.13881264825662,-0.183237282435099,-0.111344399054845,-0.415343644221624,0.884034069379171,-147.438215356413,-115.99563591191,-73.0122930015565,-92.4030402143837,-51.8383482090707,-42.7524973014699,-32.9597318021017,-40.2585388334762,-30.2969370381198
20-Nov-2024 02:44:37,13,64,-0.137032448252042,0.448404556512833,0.149733438094457,-0.210005748271942,-0.114764661093553,-0.420938734213511,0.874949824810028,-152.77855335277,-117.945811561639,-74.0525985324936,-88.9681669828194,-45.788980966818,-39.7930313864158,-33.872779687113,-40.9107158941986,-30.6882432745532
20-Nov-2024 02:45:15,13,65,-0.141424836715062,0.450630907217662,0.149499626954397,-0.244147063295046,-0.100673523545265,-0.42934317390124,0.863667484124502,-156.740018269228,-119.313431488778,-75.448778338352,-85.8386497688891,-60.4305228716938,-42.4542569688749,-33.6923128875133,-40.5774458356398,-29.6823743704009
20-Nov-2024 02:45:26,13,66,-0.141617850462596,0.455779073635737,0.161114537715912,-0.275056713819504,-0.103617610534032,-0.43409166932106,0.851570057868958,-162.080356265584,-121.263607138508,-76.4890838692891,-82.4037765373248,-54.3811556294412,-39.4947910538208,-34.6053607725247,-41.2296228963622,-30.0736806068343
20-Nov-2024 02:45:58,13,67,-0.136809965968132,0.452521910270055,0.162128756443659,-0.310323546330134,-0.0804096062978109,-0.402708774805069,0.857355984052022,-161.737142358058,-121.052375108157,-76.5421470409879,-77.2172875368054,-41.6894286684371,-42.1716491540589,-39.0553552327875,-43.1379305243788,-21.9357117491358
20-Nov-2024 02:46:08,13,68,-0.126854985952377,0.451012329260508,0.168521161874135,-0.337005019187927,-0.0722815940777461,-0.360473519563675,0.866753617922465,-158.333364990482,-121.882420939102,-76.8672730752261,-70.8281205274691,-42.0522471338686,-42.2631615055404,-46.5271070353559,-42.2389617120361,-21.3963304617302
20-Nov-2024 02:46:49,13,69,-0.116962356865406,0.44473831653595,0.171885523200035,-0.345263918240865,-0.0493668176233768,-0.295040877660116,0.889554186662038,-154.50986935293,-123.6918278394,-76.8313676781947,-64.7402925225412,-55.7627928860821,-42.7473467314002,-53.0879801667715,-44.843631119873,-28.9826553891781
20-Nov-2024 02:46:59,13,70,-0.10976654291153,0.444173653920492,0.176044807831446,-0.365892986456553,-0.0360039698580901,-0.250314984718959,0.895638577143351,-151.106091985354,-124.521873670344,-77.1564937124328,-58.3511255132048,-56.1256113515136,-42.8388590828816,-60.5597319693399,-43.9446623075302,-28.4432741017724
20-Nov-2024 02:47:35,13,71,-0.100966620445251,0.443593883514404,0.186924226085345,-0.385958840449651,-0.00894007235765457,-0.187843704223633,0.903144844373067,-149.36745548279,-125.916600035966,-77.6761040310362,-52.7126280060726,-44.3372934603362,-42.3767078715523,-67.5010444363319,-45.8475126052773,-28.2917459217935
20-Nov-2024 02:47:45,13,72,-0.0924279446403185,0.444224061568578,0.190966815749804,-0.404903950293859,0.00586890730385979,-0.137156976262728,0.903994663556417,-145.963678115213,-126.74664586691,-78.0012300652744,-46.3234609967362,-44.7001119257677,-42.4682202230337,-74.9727962389002,-44.9485437929346,-27.7523646343879
20-Nov-2024 02:48:18,13,73,-0.0856423785289129,0.443095574776332,0.197453912099202,-0.402615906794866,0.0445503378907839,-0.0664217069745064,0.911868341763814,-139.642471180143,-128.984031965193,-78.2735982416952,-40.6846287385019,-38.9873622128948,-41.9079007931098,-81.6543283736804,-46.8004845356369,-18.1069099006957
20-Nov-2024 02:48:29,13,74,-0.0806255966424942,0.446148784955343,0.202623918652534,-0.42096238732338,0.042313955227534,-0.0733359744151433,0.903117966651916,-145.406729036896,-124.68996095306,-76.1063364910342,-37.6549502006114,-35.1230849488555,-39.9555359164961,-82.0363246665502,-51.013469716359,-20.1931762464628
20-Nov-2024 02:49:02,13,75,-0.0710659598310788,0.44401665131251,0.194469061493874,-0.463251517216365,0.0432051253815492,-0.0625136020282904,0.882962818940481,-150.462272109903,-117.649560074595,-74.0626958114646,-34.6254390382719,-26.871023595664,-41.9522551491797,-84.1982111255259,-48.5019096746036,-29.4264058690865
20-Nov-2024 02:49:13,13,76,-0.065158212184906,0.446240256230036,0.196226584911346,-0.492358509699504,0.0355282671749592,-0.0725260709722837,0.866637639204661,-156.226529966656,-113.355489062461,-71.8954340608036,-31.5957605003814,-23.0067463316247,-39.9998902725661,-84.5802074183957,-52.7148948553258,-31.5126722148536
20-Nov-2024 02:49:46,13,77,-0.0596463143825531,0.444742429256439,0.182617625594139,-0.537399669488271,0.0323093101382256,-0.0783338566621145,0.839059861501058,-163.661430431535,-108.588253117162,-70.0899828456884,-28.7911656502664,-16.9485770230093,-42.7220674506011,-85.9271487943184,-53.1156074248092,-25.322420199049
20-Nov-2024 02:49:56,13,78,-0.0553329313794772,0.448214767376582,0.186419100562731,-0.561936263243357,0.0250208593904972,-0.0848817716042201,0.822433392206828,-169.425688288289,-104.294182105028,-67.9227210950274,-25.7614871123759,-13.08429975897,-40.7697025739875,-86.3091450871882,-57.3285926055313,-27.4086865448161
20-Nov-2024 02:50:36,13,79,-0.0488285750150681,0.446274572610855,0.181389972567558,-0.553491135438283,0.0144481478258967,-0.0912372882167498,0.827716489632924,-169.215579299099,-107.445178792508,-67.3163069304814,-29.6487533879943,-55.351263643177,-25.2203195452088,-87.4874244717956,-58.0372497670421,-34.2467150882448
20-Nov-2024 02:50:46,13,80,-0.0416570243736108,0.444816342989604,0.176079406340917,-0.534459006786346,0.000499430535516391,-0.102736106514931,0.83892707824707,-168.320149005846,-107.382757946572,-67.3539874981625,-36.123477819725,-56.0401735496718,-25.6336654891057,-88.2582313148765,-64.8520432341723,-37.7230028124594
20-Nov-2024 02:51:20,13,81,-0.0367065161466599,0.444404526551565,0.175176845987638,-0.516453357537587,-0.0131603214889765,-0.110491782923539,0.849054964383443,-168.367379364625,-111.477045867343,-65.11962069973,-39.8044731733996,-57.6431104450229,-17.2406469466648,-90.6577744287206,-64.3387685484928,-42.055160946281
20-Nov-2024 02:51:30,13,82,-0.0296415792157253,0.443393299976985,0.167179154356321,-0.494537564118703,-0.0232301294803619,-0.115227493147055,0.861171046892802,-167.471949071373,-111.414625021407,-65.1573012674112,-46.2791976051302,-58.3320203515177,-17.6539928905617,-91.4285812718014,-71.1535620156229,-45.5314486704955
20-Nov-2024 02:52:04,13,83,-0.0240346991767486,0.441028761863708,0.160824572046598,-0.467330763737361,-0.0374866453309854,-0.126792707045873,0.874139785766602,-167.272849104136,-110.580558558824,-63.8339581520355,-51.8070574978328,-61.5029437524408,-15.5391565912897,-91.3637562502639,-74.7543214063482,-49.4356715995136
20-Nov-2024 02:52:15,13,84,-0.0171060159802437,0.440598410367966,0.15274144311746,-0.441426175832748,-0.046834480514129,-0.137941582004229,0.885393484433492,-166.377418810883,-110.518137712888,-63.8716387197166,-58.2817819295635,-62.1918536589356,-15.9525025351866,-92.1345630933448,-81.5691148734784,-52.9119593237282
20-Nov-2024 02:52:57,13,85,-0.00926001897702614,0.438572158416112,0.139140542348226,-0.403776168823242,-0.059737811734279,-0.149259366591771,0.900620822111766,-165.305153680638,-107.519894058628,-63.3788074458694,-64.5830740917801,-65.1717703126446,-48.8517573574991,-92.5625540041165,-86.1768913024061,-58.8522146503445
20-Nov-2024 02:53:07,13,86,-0.000193389834021218,0.439186559120814,0.134351860483487,-0.379151942332586,-0.0695494855443637,-0.158807145555814,0.908948274453481,-164.409723387385,-107.457473212691,-63.4164880135505,-71.0577985235108,-65.8606802191394,-49.265103301396,-93.3333608471974,-92.9916847695362,-62.328502374559
20-Nov-2024 02:53:45,13,87,0.0109753988683224,0.43967986702919,0.126641857624054,-0.341191691160202,-0.0836790959040324,-0.161638334393501,0.922203389803569,-163.650875675636,-104.802140962593,-62.8139126604674,-77.9708068204845,-65.8200934992413,-50.0964036845008,-95.7327597241236,-99.2279697175651,-67.2617738999744
20-Nov-2024 02:53:56,13,88,0.019433880969882,0.440896437565486,0.121437039474646,-0.316607916355133,-0.0883139615257581,-0.16867481470108,0.929251794020335,-162.755445382384,-104.739720116656,-62.8515932281485,-84.4455312522151,-66.5090034057362,-50.5097496283977,-96.5035665672045,-106.042763184695,-70.738061624189
20-Nov-2024 02:54:35,13,89,0.0198444125552972,0.444569575786591,0.137585602204005,-0.333425662914912,-0.100433021287123,-0.162650013963381,0.923193116982778,-165.891862492672,-111.021439763469,-67.871044981644,-81.3575033027541,-65.7491754868478,-48.7716790845865,-97.9243471323744,-108.224557314407,-72.3025697588515
20-Nov-2024 02:54:46,13,90,0.016792153318723,0.450036515792211,0.152457481622696,-0.360631664594014,-0.109957503775756,-0.165738075971603,0.911254660288493,-170.684988312207,-116.649615112363,-70.5106246955216,-77.0003334206716,-64.0040958811558,-47.7246313211713,-98.7558316806215,-110.84560570367,-73.4385859929136
20-Nov-2024 02:55:24,13,91,0.0167698339869579,0.455802754561106,0.171715332070986,-0.385055462519328,-0.121608959635099,-0.158141862352689,0.901074202855428,-173.674759777119,-120.804562610216,-75.2401404292081,-74.8527345048998,-60.0516421188655,-46.632072167558,-100.18196423733,-113.097026963157,-74.1888481772759
20-Nov-2024 02:55:35,13,92,0.0139434582243363,0.462795074780782,0.186367544531822,-0.411355143785477,-0.129885093371073,-0.158650527397792,0.888114178180695,-178.467885596655,-126.43273795911,-77.8797201430857,-70.4955646228173,-58.3065625131735,-45.5850244041429,-101.013448785577,-115.71807535242,-75.324864411338
20-Nov-2024 02:56:14,13,93,0.0189995354662339,0.459949028491974,0.179789738853772,-0.38840071161588,-0.138505830367406,-0.164090619484584,0.896122376124064,-174.4475097832,-120.672527969308,-75.4888102284202,-72.9130849392422,-57.7120765105837,-45.1927893544694,-98.771522458564,-117.956287080259,-74.7444201404224
20-Nov-2024 02:56:25,13,94,0.0231152882178624,0.455206964413325,0.167892976601919,-0.365821423133214,-0.132290873924891,-0.158729045589765,0.907457355658213,-167.728811147058,-115.723931905026,-73.1029323038503,-75.5758197725118,-58.5962775862931,-45.7233099998951,-96.8322721273202,-114.604312372986,-73.1568528943568
20-Nov-2024 02:57:01,13,95,0.0227213120708863,0.446804042657216,0.154488102595011,-0.329849624633789,-0.120339278380076,-0.151724898815155,0.923957403500875,-162.059273922259,-114.044528877984,-69.6645383842327,-77.5159473473591,-60.9161351228529,-29.442452797771,-96.3166837981917,-113.147430883269,-70.3478471358662
20-Nov-2024 02:57:12,13,96,0.0238851455350717,0.443850652376811,0.144969146450361,-0.308161528905233,-0.112803398569425,-0.148611667752266,0.932859269777934,-155.340575286116,-109.095932813703,-67.2786604596628,-80.1786821806286,-61.8003361985623,-29.9729734431967,-94.3774334669479,-109.795456175995,-68.7602798898005
20-Nov-2024 02:57:53,13,97,0.024150342370073,0.433611659208934,0.123376643160979,-0.247251463929812,-0.101352787017822,-0.139987755815188,0.953413760662079,-147.121457355645,-104.581933268041,-62.941524537569,-82.630113384687,-62.2023655046969,-46.5478051648475,-90.9750141367618,-109.1910280775,-67.3119933875224
20-Nov-2024 02:58:04,13,98,0.0280247503270706,0.431140170494715,0.110956820348899,-0.219744004805883,-0.0979688296715418,-0.134477571646372,0.96126503944397,-140.402758719502,-99.6333372037592,-60.5556466129991,-85.2928482179566,-63.0865665804063,-47.0783258102731,-89.035763805518,-105.839053370227,-65.7244261414567
20-Nov-2024 02:58:42,13,99,0.0242943041026592,0.424289443095525,0.0954627032081286,-0.181562854846319,-0.0844863176345825,-0.133529157439868,0.97060135602951,-136.083850436195,-91.9770393987876,-56.9691396896673,-87.0999312366206,-64.8546817713283,-45.5810019938113,-87.489928974803,-103.335851967343,-62.4814992672848
20-Nov-2024 02:58:53,13,100,0.0277616929262877,0.4228209455808,0.0823663925131162,-0.161187590161959,-0.0801096349954605,-0.131491573651632,0.974838976065318,-129.365151800052,-87.0284433345059,-54.5832617650974,-89.7626660698902,-65.7388828470377,-46.111522639237,-85.5506786435592,-99.9838772600696,-60.8939320212192
20-Nov-2024 03:00:00,14,1,0.00360401021316648,0.322248768806458,0.0429003039995829,-0.0136242182304462,-0.0367404239873091,0.00431405423829953,0.999222691853841,-8.17500000000001,-12.9,-4.72500000000001,-7.20000000000001,-9.15,-5.85000000000001,-9.3,-5.25000000000001,-7.12500000000001
20-Nov-2024 03:00:11,14,2,0.0115825432042281,0.326112778981527,0.0469013102352619,-0.0246880268057187,-0.036730132997036,0.0409972789386908,0.998178672790527,-9.95694036568006,-14.4074883214394,-5.50044713372629,-7.50386643960852,-9.36704745686322,-5.98022847411794,-18.2496565058878,-7.59560033015157,-8.31950165222799
20-Nov-2024 03:00:41,14,3,0.0162813184161981,0.331419459978739,0.0482855590681235,-0.0371847393612067,-0.0380559722582499,0.0651313170790672,0.996457203229268,-15.0763807313601,-12.3899766428788,-8.56339426745258,-9.53273287921703,-13.0340949137264,-9.71045694823587,-26.7493130117756,-12.1912006603031,-12.176503304456
20-Nov-2024 03:00:52,14,4,0.0246106427162886,0.335687536001205,0.0520194252332052,-0.0466052855054537,-0.0383535141746203,0.103051314751307,0.992843115329742,-16.8583210970401,-13.8974649643181,-9.33884140117887,-9.83659931882554,-13.2511423705896,-9.8406854223538,-35.6989695176634,-14.5368009904547,-13.3710049566839
20-Nov-2024 03:01:23,14,5,0.0315601987143358,0.340286523103714,0.0516757552822431,-0.0512202886243661,-0.0389352885385354,0.138521487514178,0.988267378012339,-18.6590114627201,-12.8924532857575,-11.4830385349052,-10.627965758434,-17.5931898274528,-12.3709138964717,-44.8736260235512,-17.9324013206062,-16.4217566089119
20-Nov-2024 03:01:34,14,6,0.0390170313417912,0.345077240467072,0.0554076316456,-0.0630075330535571,-0.0398385991652807,0.177471101284027,0.981298637390137,-20.4409518284002,-14.3999416071969,-12.2584856686314,-10.9318321980426,-17.810237284316,-12.5011423705896,-53.823282529439,-20.2780016507578,-17.6162582611399
20-Nov-2024 03:02:09,14,7,0.0438054298361142,0.349639143546422,0.0550563049813112,-0.0685862585902214,-0.0397950778404872,0.206859427690506,0.975152027606964,-22.5322671940802,-25.9011799286363,-14.3183078023577,-11.7044486376511,-19.4147847411792,-15.7813708447075,-62.3604390353268,-24.8736019809093,-18.9138849133678
20-Nov-2024 03:02:20,14,8,0.0519899648924669,0.354878054062525,0.0591190611322721,-0.0782152344783147,-0.0403079576790333,0.245037189126015,0.965512537956238,-24.3142075597603,-27.4086682500756,-15.093754936084,-12.0083150772596,-19.6318321980424,-15.9115993188255,-71.3100955412146,-27.2192023110609,-20.1083865655958
20-Nov-2024 03:02:50,14,9,0.0577931240200996,0.359891092777252,0.0602507447203,-0.0864952772855759,-0.0404033847153187,0.274543072779973,0.956823984781901,-26.4008354254403,-21.7630315715151,-17.0363895698103,-12.4715565168681,-12.5926296549057,-18.9668277929433,-78.7035020471024,-30.6898026412124,-23.1544507178238
20-Nov-2024 03:03:01,14,10,0.0674592023094495,0.365666329860687,0.0637037023901939,-0.0961503610014915,-0.0406892274816831,0.308354155222575,0.945524883270264,-28.1827757911203,-23.2705198929545,-17.8118367035365,-12.7754229564766,-12.8096771117689,-19.0970562670613,-87.6531585529902,-33.035402971364,-24.3489523700517
20-Nov-2024 03:03:35,14,11,0.0727929458022118,0.370326471328735,0.0644603461027145,-0.102649244169394,-0.0409900061786175,0.339220213890076,0.934190889199575,-29.2920599068004,-20.0014457143939,-19.6208775872628,-13.0089768960851,-25.898599568632,-21.1397847411792,-95.824690058878,-36.6935033015155,-27.0692352722797
20-Nov-2024 03:03:46,14,12,0.0607611685991287,0.369887262582779,0.0603090211749077,-0.077895084520181,-0.0396160773932934,0.318669863541921,0.943828618526459,-30.4481237765234,-24.2938624874152,-21.5618070074059,-19.6040343213184,-23.8458099049565,-19.9081109429738,-92.5189843712151,-33.3924324598309,-25.2134208850698
20-Nov-2024 03:04:24,14,13,0.0507167520622412,0.369008338451385,0.0518757591644923,-0.0571516747275988,-0.0414978663126628,0.286375818649928,0.955510612328847,-32.1678595212465,-27.8479980104365,-22.594533302549,-25.0389354965517,-31.8289577412809,-23.4576871447684,-89.8742161835521,-38.0226116181461,-23.2954971228599
20-Nov-2024 03:04:35,14,14,0.0394111648201942,0.369543955723445,0.0495834564169248,-0.0352193139493465,-0.0406645628313224,0.266228012243907,0.962407735983531,-33.3239233909696,-32.1404147834578,-24.5354627226921,-31.633992921785,-29.7761680776053,-22.2260133465631,-86.5685104958892,-34.7215407764614,-21.43968273565
20-Nov-2024 03:05:15,14,15,0.0352592331667741,0.369210517406464,0.0429848643640677,-0.00437521683052182,-0.0415149753292402,0.236256056030591,0.970793735980988,-32.8868231981926,-34.5636909314791,-25.8722905803352,-38.0989722220183,-35.51634716393,-24.4349645483577,-84.1932735582262,-36.8860949347767,-23.6028136609401
20-Nov-2024 03:05:26,14,16,0.0245018094778061,0.370280164480209,0.0384752698242664,0.0237329579889774,-0.0428441661099593,0.213950243592262,0.975615938504537,-34.0428870679157,-38.8561077045005,-27.8132200004783,-44.6940296472517,-33.4635575002545,-23.2032907501523,-80.8875678705633,-33.585024093092,-21.7469992737302
20-Nov-2024 03:06:08,14,17,0.0152065314352512,0.368914790948232,0.037455594787995,0.0452522084116936,-0.0410074690977732,0.166680918137232,0.984117956956228,-34.6273689063888,-43.6389541650218,-29.4520986393714,-49.724048009985,-40.3322522115794,-26.016929451947,-76.7720965579003,-35.2667657514073,-23.2506575427702
20-Nov-2024 03:06:19,14,18,0.00483613004907966,0.370919112364451,0.0361845133205255,0.0703383540113767,-0.0423289559781551,0.144744051496188,0.986057806015015,-35.7834327761118,-47.9313709380431,-31.3930280595145,-56.3191054352183,-38.2794625479038,-24.7852556537416,-73.4663908702374,-31.9656949097226,-21.3948431555604
20-Nov-2024 03:07:00,14,19,0.00231719746564825,0.370416633288066,0.0300171251098315,0.0901993652184804,-0.0433833452562491,0.108437552551428,0.989051727453868,-35.9242029049739,-48.3205734744167,-30.2402956285816,-59.8149169012832,-43.5464226622086,-27.8248199805241,-71.3024419872147,-33.8837305264375,-24.414193280423
20-Nov-2024 03:07:10,14,20,0.00480930854876836,0.37299534479777,0.0187132447957993,0.11397774964571,-0.0451216620703538,0.0963426460822423,0.987770847479502,-36.3507640494609,-45.4645611670403,-29.1635885882737,-64.9182478985981,-47.727640589013,-30.2667280573066,-68.643375916692,-38.2603598931524,-26.9538070771608
20-Nov-2024 03:07:46,14,21,0.00178188604768366,0.372898441553116,0.0159069449951251,0.128065421183904,-0.0439724810421467,0.0679716015855471,0.988456177711487,-37.2344296861354,-40.7061562815389,-28.1988688526533,-70.192819130288,-45.6267296095673,-30.6824642590891,-67.3568684399192,-36.2326923848672,-25.383289037961
20-Nov-2024 03:07:57,14,22,0.0039325434093674,0.37615748445193,0.0033568415325135,0.154676626125971,-0.0443296598891417,0.0550450553496679,0.985433959960938,-37.6609908306224,-37.8501439741625,-27.1221618123453,-75.2961501276029,-49.8079475363717,-33.1243723358716,-64.6978023693965,-40.6093217515821,-27.9229028346987
20-Nov-2024 03:08:33,14,23,-0.0010872966532285,0.375921040773392,0.00526943750058611,0.176271876692772,-0.0419752026597659,0.0184711620211601,0.983272691567739,-37.7161042212032,-43.4929353777235,-27.0014484243812,-80.4101012421053,-48.1481010100509,-31.5531944751541,-61.9750155957488,-38.558802680797,-28.2574507134677
20-Nov-2024 03:08:43,14,24,0.00172094890537361,0.379069487253825,-0.0054962499688069,0.1965463022391,-0.0399032071232796,0.00660148467868567,0.97966001033783,-38.1426653656902,-40.6369230703471,-25.9247413840732,-85.5134322394201,-52.3293189368553,-33.9951025519366,-59.3159495252261,-42.9354320475118,-30.7970645102054
20-Nov-2024 03:09:16,14,25,0.00158752703573555,0.379768381516139,-0.000660649896599352,0.211466796199481,-0.0346944672365983,-0.0301437189181646,0.97630398273468,-39.6585026332241,-33.0303126184395,-27.3510311699372,-90.1720732953288,-49.0150046370967,-33.0054676599691,-56.8500231031409,-43.9484871954767,-32.8341453479587
20-Nov-2024 03:09:27,14,26,0.00395660341406862,0.382932889461517,-0.0107595300922791,0.23034630715847,-0.0309494439512491,-0.0423004011313121,0.97169615427653,-40.0850637777111,-30.1743003110631,-26.2743241296292,-95.2754042926437,-53.1962225639011,-35.4473757367515,-54.1909570326182,-48.3251165621916,-35.3737591446964
20-Nov-2024 03:10:03,14,27,0.00633335169404745,0.384414303302765,-0.00992193470398585,0.250032540162404,-0.0207578818003337,-0.0790718903144201,0.964780044555664,-40.3062629837216,-42.1179889314209,-27.2741155024072,-99.6313903192554,-51.829674377424,-34.0735123291591,-51.7784607863142,-50.4949588195315,-38.3371064619419
20-Nov-2024 03:10:14,14,28,0.00534267754604419,0.385947595040003,-0.0198768991976976,0.247325885295868,-0.0189249457170566,-0.0771777073542277,0.965668364365896,-41.1278657204688,-41.0222787982094,-26.6166894224803,-98.1047555159252,-60.1420731281095,-38.1201406911806,-52.7621207136344,-52.1299892452064,-39.0450506614582
20-Nov-2024 03:10:47,14,29,0.00634748535230756,0.38527513941129,-0.0160208243876696,0.236398077011108,-0.0194766496618589,-0.0639442955454191,0.969354315598806,-41.1717874879778,-43.351419128865,-27.5225125490964,-98.2294482272434,-59.5305888221543,-39.0588833110147,-55.1440655530639,-52.5116261161938,-38.6148616212284
20-Nov-2024 03:10:58,14,30,0.0045848769446214,0.387548772493998,-0.0293455944706996,0.235483414928118,-0.019353003675739,-0.0582456596195698,0.969938409328461,-41.993390224725,-42.2557089956535,-26.8650864691695,-96.7028134239132,-67.8429875728397,-43.1055116730363,-56.127725480384,-54.1466565418687,-39.3228058207447
20-Nov-2024 03:11:31,14,31,0.00669298333426317,0.388394677639008,-0.0324642663200696,0.227200235923131,-0.0174129638820887,-0.056234210729599,0.972067181269328,-42.6511524768531,-41.5224240943756,-27.364284992514,-95.9268423779071,-69.6684447952048,-45.5981971639641,-56.9105278637589,-54.7799901901998,-40.361683400388
20-Nov-2024 03:11:42,14,32,0.0041419777708749,0.391326401631037,-0.0465503573417664,0.224647897481918,-0.0180462311953306,-0.0529824463029702,0.972831209500631,-43.4727552136003,-40.4267139611641,-26.7068589125871,-94.4002075745769,-77.9808435458903,-49.6448255259857,-57.894187791079,-56.4150206158747,-41.0696275999043
20-Nov-2024 03:12:15,14,33,0.00466133672744036,0.391824090480804,-0.0465403330822786,0.201944704850515,-0.0214360571155945,-0.034319627036651,0.978560717900594,-45.0374377080379,-37.7122164439194,-28.3527451342959,-92.4989046499088,-82.7497715324156,-52.7644824524604,-61.5524189464265,-56.7242026528778,-41.7180384894841
20-Nov-2024 03:12:25,14,34,0.00071618909908769,0.396316963434219,-0.0651303326090177,0.19986460407575,-0.0236599026868741,-0.0319101142386595,0.97901793718338,-45.8590404447851,-36.6165063107079,-27.695319054369,-90.9722698465785,-91.062170283101,-56.811110814482,-62.5360788737467,-58.3592330785527,-42.4259826890003
20-Nov-2024 03:12:58,14,35,0.00161037577005724,0.397126036882401,-0.0698720991611481,0.1755485445261,-0.0327665008604527,-0.0100102315967282,0.983874452114105,-46.5271830603776,-37.7864024854798,-28.26454912526,-88.1333009825793,-97.3778336517064,-60.9942534587301,-65.6070244150805,-57.7563393098916,-41.9041602335484
20-Nov-2024 03:13:09,14,36,-0.00324289955509206,0.402201851209005,-0.0857856889565786,0.174164608120918,-0.0377438629666964,-0.00725465261687835,0.983966219425201,-47.3487857971248,-36.6906923522683,-27.6071230453331,-86.6066661792491,-105.690232402392,-65.0408818207517,-66.5906843424006,-59.3913697355665,-42.6121044330647
20-Nov-2024 03:13:41,14,37,0.00857442716757456,0.399770003557205,-0.0814654176433881,0.155021754900614,-0.0408237385253112,0.0164762562761704,0.986929726600647,-44.7873989742994,-19.4274051927469,-26.7827969326341,-82.4752737604201,-105.776509131737,-62.8743521407064,-68.2232137778015,-62.5087360049466,-43.5132762575033
20-Nov-2024 03:13:52,14,38,0.0196045921494563,0.400258519252141,-0.0850361093878746,0.153535782297452,-0.0493842519819736,0.0516162338356177,0.985557552178701,-39.7527422120514,-15.6563148792336,-24.5201427445261,-77.1250483719255,-101.911153552123,-60.5645653195478,-72.5621004061956,-63.4450643714946,-43.6043314094259
20-Nov-2024 03:14:25,14,39,0.0292711747189363,0.393908363580704,-0.0610509745776653,0.127081511418025,-0.0504281222820282,0.0713090692957242,0.988039656480153,-42.1047204195147,-5.13912614271624,-26.3516525941226,-74.7842394682637,-94.7716141269881,-57.5014070689458,-74.572808438093,-65.5469116894587,-43.2004448976066
20-Nov-2024 03:14:36,14,40,0.0412617191672325,0.394518746932348,-0.0612216261525949,0.125010654826959,-0.0579542934894562,0.108610938489437,0.984488348166148,-37.0700636572667,-1.36803582920298,-24.0889984060146,-69.4340140797692,-90.9062585473736,-55.1916202477872,-78.9116950664871,-66.4832400560067,-43.2915000495292
20-Nov-2024 03:15:11,14,41,0.0522447948654493,0.390398997068405,-0.0416632095972697,0.0908444245656331,-0.0612114146351814,0.137235782543818,0.984462730089823,-39.1787243798743,5.77610369581233,-25.2234262367589,-63.863496933691,-90.503811044999,-52.2051477119069,-81.2614923966329,-68.9773278982627,-43.5850843695809
20-Nov-2024 03:15:22,14,42,0.0638092145323753,0.392353918155034,-0.0439018818239371,0.0823639621337255,-0.0718409801522891,0.176701462268829,0.978177738189697,-34.1440676176263,9.5471940093256,-22.9607720486509,-58.5132715451965,-86.6384554653844,-49.8953608907483,-85.6003790250269,-69.9136562648107,-43.6761395215036
20-Nov-2024 03:16:07,14,43,0.0626351550221443,0.388921995957692,-0.0263202196607987,0.0516329993804296,-0.0795771767695745,0.214847618341446,0.972029860814412,-36.1418976246799,-31.9032961438849,-24.0965219134537,-54.4238329791265,-84.5937731298671,-47.700151322215,-91.5560892680507,-65.5056894196661,-41.7776822899649
20-Nov-2024 03:16:18,14,44,0.0632364019751549,0.389893897374471,-0.0192433436711629,0.0251398358494043,-0.0833000083764394,0.226342111825943,0.970153772830963,-40.2680688893057,-31.0903109028461,-23.6087307688305,-50.6695402918484,-80.2926367557299,-45.4682846110425,-95.8813441601986,-61.6688428366674,-39.7779604743616
20-Nov-2024 03:16:58,14,45,0.0575548489888509,0.385453573862712,-0.0073143149415652,0.0193052444607019,-0.0820920079946518,0.254563468694687,0.963372039794922,-36.8800695251455,-35.2090633589322,-24.9827101289203,-48.6226746651743,-74.7947274009027,-43.1047464711896,-97.4968267277844,-57.9214361225957,-38.3538709507907
20-Nov-2024 03:17:08,14,46,0.0555069252848625,0.386048577229182,0.00197097701796641,-0.00750495350609223,-0.0808982491493225,0.262278757492701,0.961565931638082,-41.0062407897712,-34.3960781178934,-24.494918984297,-44.8683819778962,-70.4935910267655,-40.8728797600171,-101.822081619932,-54.084589539597,-36.3541491351874
20-Nov-2024 03:17:41,14,47,0.0523506040374438,0.383090428511302,0.0229774526009957,-0.0379849659899871,-0.0676336333155632,0.250501608848572,0.965003534158071,-44.6394220516798,-14.5353473147055,-27.4647676444265,-42.8854518045116,-65.6183982398907,-38.6334041310598,-98.7970657017092,-55.1487615466482,-37.7164545511452
20-Nov-2024 03:17:52,14,48,0.0482247134049733,0.38370772600174,0.0330368230740229,-0.061856659501791,-0.0617315625150998,0.233387958010038,0.968448801835378,-51.4296886279814,-18.0837476629557,-29.5037310521995,-41.3988081008251,-61.341591943361,-36.7597642164428,-96.0769359457672,-56.468213619236,-38.6409438210869
20-Nov-2024 03:18:23,14,49,0.0525081877907117,0.382249228159587,0.0469529921809832,-0.0982918774088224,-0.0547073036432266,0.217849185069402,0.969478003184001,-55.5164125470864,-9.55258243548685,-27.3581370861506,-38.7640211622895,-56.6905924016588,-34.7032064446556,-95.5293631086846,-55.5600256590555,-39.6343411640366
20-Nov-2024 03:18:34,14,50,0.0490485462049643,0.383579015731812,0.0595613201459249,-0.122534849743048,-0.0510292765994867,0.197724210222562,0.97122931877772,-62.306679123388,-13.1009827837371,-29.3971004939235,-37.2773774586029,-52.413786105129,-32.8295665300385,-92.8092333527425,-56.8794777316432,-40.5588304339783
20-Nov-2024 03:19:13,14,51,0.0495685132841269,0.383991777896881,0.0700599670410156,-0.158118694027265,-0.0511177067955335,0.175221717357636,0.970403456687927,-67.0701743710914,-45.934600344128,-27.5437852147855,-36.1916621374918,-47.1248831860131,-32.8144676868364,-91.5503820562302,-56.8601097878468,-40.617773740424
20-Nov-2024 03:19:24,14,52,0.0443075820803642,0.386019114653269,0.0794952521721522,-0.181912546356519,-0.0498772777616978,0.155768062671026,0.969616647561391,-73.860440947393,-49.4830006923782,-29.5827486225584,-34.7050184338052,-42.8480768894833,-30.9408277722194,-88.8302523002882,-58.1795618604345,-41.5422630103656
20-Nov-2024 03:19:56,14,53,0.0452150883773963,0.386497231324514,0.0844543173909187,-0.223690096537272,-0.0556894697248936,0.12663209438324,0.964793129762014,-80.0123218593954,-32.4240096466985,-28.0255726868759,-32.2938389214064,-43.4652222816604,-31.7214583933097,-87.290761774061,-58.5296039248302,-42.0339792985593
20-Nov-2024 03:20:07,14,54,0.039385286718607,0.38914028207461,0.0944949626922607,-0.248512971401215,-0.0546716714898745,0.103985727330049,0.961477688948313,-86.802588435697,-35.9724099949487,-30.0645360946488,-30.8071952177198,-39.1884159851307,-29.8478184786927,-84.5706320181189,-59.8490559974179,-42.958468568501
20-Nov-2024 03:20:39,14,55,0.0414375886321068,0.38830099105835,0.0960028360287348,-0.280617892742157,-0.0642358501752218,0.0636238843202591,0.955551898479462,-92.298662179849,-27.717114646234,-28.655429830694,-28.1082836096771,-43.2835855329543,-31.5513138319293,-80.8658218770343,-61.6588030659096,-43.0665713475687
20-Nov-2024 03:20:50,14,56,0.0370460048317909,0.391383544603984,0.104885145028432,-0.302233509222666,-0.064317479232947,0.0484669911364714,0.949825855096181,-99.0889287561506,-31.2655149944842,-30.6943932384669,-26.6216399059905,-39.0067792364246,-29.6776739173122,-78.1456921210922,-62.9782551384973,-43.9910606175103
20-Nov-2024 03:21:31,14,57,0.0388592759768168,0.39289727807045,0.10971664985021,-0.333166609207789,-0.0774945100148519,0.0100796181087693,0.939623880386353,-104.782098916377,-53.5120674942518,-29.584321810376,-25.6538622501259,-41.3159608620715,-31.017601636622,-76.0582221725789,-66.642854709037,-44.882356642015
20-Nov-2024 03:21:41,14,58,0.0316734651724497,0.394224766890208,0.120578474799792,-0.337569387753805,-0.0735250035921733,0.00632978783299526,0.938403387864431,-105.664240555147,-61.7614981455131,-33.4124162470173,-24.3694469893072,-38.3497519721781,-29.237876302686,-72.9254469006176,-66.8056206316958,-44.667118714355
20-Nov-2024 03:22:17,14,59,0.0295657341678937,0.393622263272603,0.122295034925143,-0.339870482683182,-0.0800896177689234,-0.0348142767945925,0.936408964792887,-107.947833985879,-60.0100048725332,-34.3159932657267,-25.8944647523994,-36.7265370433732,-30.1149347857134,-69.2090015323706,-69.3409603033305,-43.9852841639766
20-Nov-2024 03:22:28,14,60,0.0190888393670321,0.396374396483103,0.137254538138707,-0.346719648440679,-0.0753288472692172,-0.0413541920483112,0.934024035930634,-108.829975624648,-68.2594355237946,-38.1440877023681,-24.6100494915807,-33.7603281534798,-28.3352094517774,-66.0762262604093,-69.5037262259893,-43.7700462363166
20-Nov-2024 03:23:07,14,61,0.014499793201685,0.395889190832774,0.137255464990934,-0.326049222548803,-0.0787816236416499,-0.0790674428145091,0.938740507761637,-109.812843159398,-70.1584042129353,-40.9599234300435,-30.2803507427174,-35.8906162441308,-30.3588760263231,-62.2016159403052,-71.602779023136,-43.4715099972974
20-Nov-2024 03:23:18,14,62,0.00533115491271019,0.399103248119354,0.150701892375946,-0.329914377133052,-0.0756897206107775,-0.0835378915071487,0.937256101767222,-110.694984798168,-78.4078348641966,-44.7880178666848,-28.9959354818987,-32.9244073542374,-28.5791506923871,-59.0688406683439,-71.7655449457948,-43.2562720696375
20-Nov-2024 03:23:54,14,63,-0.00032659694358396,0.399285986026128,0.150316757957141,-0.308988618850708,-0.077665447195371,-0.112700518965721,0.941165618101756,-110.727489384928,-82.0570345343977,-47.9599829488431,-35.7638784770576,-12.5564469546163,-30.876121312692,-56.3901478723112,-73.1214543056975,-43.2993849862979
20-Nov-2024 03:24:04,14,64,-0.00776671152561903,0.403155477841695,0.163295657436053,-0.312512067953746,-0.0766301984588305,-0.115729454159737,0.939718457063039,-111.609631023697,-90.306465185659,-51.7880773854845,-34.4794632162389,-9.59023806472298,-29.096395978756,-53.2573726003499,-73.2842202283562,-43.084147058638
20-Nov-2024 03:24:51,14,65,-0.0132656485463182,0.406076512734095,0.166292288899422,-0.309153785308202,-0.0669029568632444,-0.103501661121845,0.942992786566416,-112.966954136461,-96.4057803463902,-56.3381071448843,-37.971227083409,-32.1231534199659,-31.7550186219406,-59.8016385663528,-70.518557869637,-42.5480845531382
20-Nov-2024 03:25:02,14,66,-0.0228457104414701,0.411746084690094,0.18205358783404,-0.312644972403844,-0.0634571169813474,-0.107348723212878,0.941648888587952,-113.849095775231,-104.655210997652,-60.1662015815256,-36.6868118225903,-29.1569445300726,-29.9752932880047,-56.6688632943915,-70.6813237922958,-42.3328466254782
20-Nov-2024 03:25:41,14,67,-0.0469887288908164,0.413166097799937,0.178635562459628,-0.326044515768687,-0.0539811419943968,-0.149955882628759,0.931823082764943,-117.67746901706,-107.420936547546,-60.5089056565585,-38.1709431594359,-8.19495431337986,-33.5375358730087,-51.5568314944528,-64.1246779663348,-38.7375632599963
20-Nov-2024 03:25:52,14,68,-0.0555523859957854,0.414327804247538,0.179214152693748,-0.336647470792135,-0.0451289917031924,-0.151489188273748,0.928268770376841,-119.318251521892,-106.836719842705,-60.2656420702121,-35.166984932287,-8.68340197411915,-33.8306044694523,-51.356279075532,-55.9572462810627,-34.7026921834342
20-Nov-2024 03:26:31,14,69,-0.0734003881613414,0.415409119923909,0.180085707704226,-0.348121150334676,-0.0265100464224815,-0.164182768265406,0.922579439481099,-119.877829395223,-109.352474265232,-60.4653623145553,-34.6320714871354,1.02836930385759,-33.2832600601761,-48.3999869661023,-47.0952075254462,-31.1876149624121
20-Nov-2024 03:26:41,14,70,-0.0831671386957169,0.416133010387421,0.178330786029498,-0.353270163138707,-0.0139214105283221,-0.160714370012283,0.921508161226908,-121.518611900055,-108.768257560391,-60.2220987282089,-31.6281132599865,0.539921643118294,-33.5763286566196,-48.1994345471815,-38.9277758401742,-27.15274388585
20-Nov-2024 03:27:31,14,71,-0.0893960530559222,0.416525214910507,0.179539214571317,-0.359274888038635,-0.00152452591961871,-0.162686990698179,0.918940794467926,-121.343792089136,-109.059026419234,-60.2753270572073,-31.1336774238364,-35.1984165482633,-31.9491907502033,-46.8460122830062,-35.2130406197299,-25.027769737058
20-Nov-2024 03:27:42,14,72,-0.0951091771324476,0.418501710891724,0.179927948117256,-0.371454900503159,0.00586178516969085,-0.164824586113294,0.913684729735057,-122.984574593968,-108.474809714394,-60.0320634708609,-28.1297191966875,-35.6868642090026,-32.2422593466468,-46.6454598640854,-27.0456089344578,-20.9928986604959
20-Nov-2024 03:28:33,14,73,-0.0922279422481855,0.419078936179479,0.180039171377818,-0.381605541706085,0.000912071745066593,-0.182411139210065,0.906147102514903,-126.042555940925,-108.253085791395,-60.4620458421869,-30.2805221650381,-35.3502571350632,-32.1752246916604,-45.2684725225374,-34.5295254815995,-24.5129760478187
20-Nov-2024 03:28:44,14,74,-0.0988714143633842,0.417314465840658,0.16466403901577,-0.361591760317485,0.00639177681878209,-0.191861045360565,0.912359507878621,-124.896889249462,-107.641504257728,-60.0828057649791,-35.073515122879,-42.3774751020945,-35.6153843648018,-44.0854879331056,-32.0442827319768,-23.1969053626331
20-Nov-2024 03:29:21,14,75,-0.0893298516670863,0.413253160317739,0.168710559606552,-0.359909417231878,-0.00408239041765531,-0.188902245958646,0.913654486338297,-119.959821979062,-99.4111691149817,-52.2401886666076,-30.7438886784694,-35.4171657017859,-31.825492412228,-42.3892858823603,-32.884714098561,-23.78330890939
20-Nov-2024 03:29:31,14,76,-0.0950445592403412,0.410615825653076,0.151071027914683,-0.338488632440567,0.00254207722221812,-0.195050625999769,0.920529321829478,-118.814155287599,-98.7995875813147,-51.8609485893999,-35.5368816363103,-42.4443836688172,-35.2656520853694,-41.2063012929285,-30.3994713489383,-22.4672382242044
20-Nov-2024 03:30:09,14,77,-0.0912448907891909,0.410784490903219,0.1629453231891,-0.369624084234238,-0.000886114302556962,-0.198153428236643,0.907806412378947,-122.747788306667,-96.2536292431082,-55.4750200016102,-29.0185648930258,-37.7528379521787,-32.3157859456532,-39.7667079728399,-32.3520656574192,-21.87740465499
20-Nov-2024 03:30:20,14,78,-0.0980126639207204,0.409322194258372,0.146738337477048,-0.348998820781708,0.00568798932557305,-0.207442891597748,0.913857181866964,-121.602121615205,-95.6420477094411,-55.0957799244025,-33.8115578508667,-44.78005591921,-35.7559456187946,-38.5837233834082,-29.8668229077965,-20.5613339698044
20-Nov-2024 03:31:00,14,79,-0.098720782995224,0.407862931489944,0.145089928309123,-0.34426813920339,0.00390042954434951,-0.216916763782501,0.913461212317149,-122.396104779007,-97.5882777735044,-56.1131955919038,-34.7488959581449,-46.1728920444063,-35.7760923855073,-36.972434428648,-31.4754986872258,-22.3833818426044
20-Nov-2024 03:31:11,14,80,-0.105665451784929,0.407373984654744,0.12773735721906,-0.320022688309352,0.0100851761177182,-0.227925731738408,0.919529028733571,-121.250438087544,-96.9766962398374,-55.733955514696,-39.5418889159859,-53.2001100114377,-39.2162520586487,-35.7894498392163,-28.990255937603,-21.0673111574187
20-Nov-2024 03:31:50,14,81,-0.109719517330329,0.406016878286997,0.125512457887332,-0.294079450766246,0.00990991648286581,-0.221675377090772,0.929666145642598,-115.224596323715,-100.044020505035,-56.0530433098428,-41.4320544485454,-54.7851370575515,-38.1714052785757,-36.6423130671203,-26.7519724525063,-22.3702997512259
20-Nov-2024 03:32:00,14,82,-0.113592838744322,0.403735123078028,0.110192332665126,-0.255598205327988,0.0116903042420745,-0.214303580919902,0.942659497261047,-108.960078769926,-99.3939984362799,-55.7042675617973,-45.1996071314772,-60.0145014865808,-40.7623227794226,-36.5383860038851,-26.5143253158292,-22.2277114692196
20-Nov-2024 03:32:34,14,83,-0.112564505139987,0.399037579695384,0.102436707913876,-0.222723612189293,0.0110234082986911,-0.180796927213669,0.957906651496887,-102.355473679955,-100.358429266957,-55.5546557499291,-44.5907461017684,-64.0977704551513,-41.5607370536623,-39.7023828493178,-6.15015781141476,-22.0446528267098
20-Nov-2024 03:32:45,14,84,-0.117157265047232,0.39806645711263,0.0890647331873576,-0.187453313668569,0.0114407231410344,-0.174560632308324,0.966570738951365,-96.0909561261666,-99.7084071982014,-55.2058800018836,-48.3582987847002,-69.3271348841805,-44.1516545545092,-39.5984557860826,-5.91251067473765,-21.9020645447035
20-Nov-2024 03:33:18,14,85,-0.113306488593419,0.394365741809209,0.0787850459416707,-0.15462844868501,0.00647698401783903,-0.13765416542689,0.978314602375031,-90.4813948042866,-99.7156115791622,-54.1316862219268,-49.0376446113117,-72.7084515829804,-46.2213204420526,-43.3034906771814,5.73839664580811,-21.2892410824454
20-Nov-2024 03:33:28,14,86,-0.119226391613483,0.394925661881765,0.0636371731758118,-0.119442198177179,0.00558916699762146,-0.134668973088264,0.98364964723587,-84.2168772504985,-99.0655895104067,-53.7829104738813,-52.8051972942435,-77.9378160120096,-48.8122379428995,-43.1995636139462,5.97604378248523,-21.1466528004392
20-Nov-2024 03:34:09,14,87,-0.115349952876568,0.392984688282013,0.0508347014586131,-0.0873399585485458,-0.00270168123145898,-0.123011270662149,0.988550813992818,-81.0548378126645,-94.1691806665093,-52.6964257098802,-56.0036465490151,-81.5681565759242,-51.2925296370946,-44.625117527878,-20.4796789889033,-20.768946928307
20-Nov-2024 03:34:20,14,88,-0.107774958014488,0.390570135911306,0.0385286554694176,-0.0765974774956703,-0.00272472080153724,-0.12047775387764,0.989752785364787,-77.6787993169133,-86.1943346631912,-48.7794398240118,-57.1411501074364,-82.4743729836329,-51.8160749567397,-43.5777709690533,-21.1840501468106,-21.1915696230514
20-Nov-2024 03:34:53,14,89,-0.097969222565492,0.387091529369354,0.0164161873360475,-0.0547577475508054,-0.00556383629639943,-0.141656630237897,0.988384588559469,-76.6789998791391,-78.646295272302,-44.4935994301656,-59.4941019517776,-84.3810774587844,-52.2843073730589,-40.1451648988121,-3.51010625875068,-21.9466335227328
20-Nov-2024 03:35:04,14,90,-0.0935552959640821,0.386837158600489,0.00423000051329533,-0.0389278672635555,-0.00511520194510619,-0.139904243747393,0.989386328061422,-73.302961383388,-70.6714492689839,-40.5766135442972,-60.6316055101989,-85.2872938664931,-52.807852692704,-39.0978183399875,-4.21447741665794,-22.3692562174771
20-Nov-2024 03:35:36,14,91,-0.0829863016804059,0.38432573278745,-0.0169513198236624,-0.0165828353414933,-0.00243125256771843,-0.14603407283624,0.989137613773346,-70.2900424166253,-60.2100065718802,-35.87520040444,-61.0268332115801,-87.2187543079232,-53.2287415606861,-36.5578420254546,3.07030894841841,-21.38309951469
20-Nov-2024 03:35:47,14,92,-0.0776439547538757,0.384746334950129,-0.029849782337745,-0.00266050926099221,-0.0004401617955106,-0.14461797674497,0.989483912785848,-66.9140039208741,-52.235160568562,-31.9582145185716,-62.1643367700014,-88.1249707156319,-53.7522868803312,-35.5104954666299,2.36593779051115,-21.8057222094344
20-Nov-2024 03:36:19,14,93,-0.0719157814979553,0.383888534704844,-0.0464565917849541,0.0224255128453175,-0.00194265282091995,-0.13316908578078,0.99083772500356,-61.9945251896172,-44.6670162183511,-27.8740150057088,-61.7307023999027,-91.0438091402014,-53.5495039741448,-34.6918340299511,7.53114539409568,-20.998955205413
20-Nov-2024 03:36:29,14,94,-0.0696671018997828,0.38532946507136,-0.0571008592844009,0.0382450180749098,9.11110250550943e-05,-0.132398424545924,0.990458488464355,-58.618486693866,-36.6921702150329,-23.9570291198404,-62.8682059583239,-91.9500255479101,-54.07304929379,-33.6444874711265,6.82677423618842,-21.4215779001573
20-Nov-2024 03:37:13,14,95,-0.0690518910686175,0.385704423983892,-0.0656985600789388,0.0638212874531746,-0.00648611644282937,-0.119996755321821,0.990699545542399,-54.395728080362,-40.6956750382683,-24.4564364204748,-63.6701405524852,-94.6125529640492,-55.1334305005193,-34.4364834733747,-19.7428075409727,-20.6295057455188
20-Nov-2024 03:37:24,14,96,-0.0662716453274091,0.387102939685186,-0.0744117150704066,0.0758503963549932,-0.00526839733744661,-0.117494821051757,0.990158581733704,-51.0196895846108,-32.7208290349501,-20.5394505346064,-64.8076441109065,-95.5187693717579,-55.6569758201644,-33.3891369145501,-20.44717869888,-21.0521284402632
20-Nov-2024 03:38:04,14,97,-0.0670364648103714,0.387354103724162,-0.0778561527530352,0.0998461713393529,-0.0158220623930295,-0.104153534273307,0.989410169919332,-47.3702910299832,-37.1101584449086,-23.2556612419893,-65.7773631871978,-97.0031412836818,-57.7239390833516,-35.2864616362619,-5.2841551664144,-20.8674037103161
20-Nov-2024 03:38:15,14,98,-0.0643810580174128,0.388929055134455,-0.0867745697498322,0.112152219812075,-0.0147601952155431,-0.101008779803912,0.988433746496836,-43.994252534232,-29.1353124415904,-19.3386753561209,-66.9148667456191,-97.9093576913906,-58.2474844029967,-34.2391150774372,-5.98852632432166,-21.2900264050605
20-Nov-2024 03:38:52,14,99,-0.0682057743271192,0.391999232769012,-0.086809282998244,0.131161252657572,-0.0222509182989597,-0.100494286914666,0.986003339290619,-45.4313488152021,-37.849795684622,-24.3409739893914,-71.9586283858134,-100.046552014186,-60.6627542285599,-37.6980408512516,-0.749854663617858,-20.7283681034043
20-Nov-2024 03:39:03,14,100,-0.0723577057321866,0.396401198705037,-0.0871160050233205,0.146079781651497,-0.0261742399384578,-0.104944060742855,0.983342480659485,-47.5301251256104,-43.0821912210151,-27.2266743260362,-77.5362822670728,-103.244668584873,-62.5313150823519,-40.6596309847978,-3.44488034810049,-22.3453835140939
20-Nov-2024 03:40:03,15,1,0.0038102091755718,0.322652254501979,0.0436946002145608,-0.0146297289679448,-0.0358373063306014,0.00636517216141025,0.9992303053538,-8.17500000000001,-0.075,-5.10000000000001,-6.90000000000001,-0.45,-6.45000000000001,-9.6,-5.32500000000001,-6.52500000000001
20-Nov-2024 03:40:14,15,2,-0.000747158048519244,0.32729952732722,0.0371980336805185,0.00769050354138017,-0.0371504170199235,0.0104041077196598,0.999225958188375,-9.84544163677148,-4.05362431208433,-6.88723114107421,-13.5920285556736,-3.97104125168275,-8.00844551980586,-15.3061118668408,-3.30414032184061,-5.31248419310437
20-Nov-2024 03:40:48,15,3,-0.00159956795784334,0.332342304786046,0.0339808531105518,0.0146833003809055,-0.0386841915547848,0.00663764734442035,0.999121614297231,-14.4783832735429,-19.0947486241687,-9.94946228214841,-19.5340571113471,-19.9420825033655,-11.4418910396117,-19.2872237336816,-9.42078064368116,-9.1624683862087
20-Nov-2024 03:40:59,15,4,-0.00458026792233189,0.337105792760849,0.0303216310838858,0.0370645018915335,-0.0402588874101639,0.0181318569928408,0.998336990674337,-16.1488249103144,-23.073372936253,-11.7366934232226,-26.2260856670206,-23.4631237550482,-13.0003365594176,-24.9933356005225,-7.39992096552176,-7.94995257931306
20-Nov-2024 03:41:31,15,5,-0.0022994986269623,0.336128360033035,0.0202095596740643,0.0471908785402775,-0.0409510371585687,0.017779636879762,0.997887758413951,-13.2622961271149,-20.215316420779,-10.9705755816441,-26.088984776748,-25.8581376062255,-16.5388789011646,-23.9067164924868,-11.0005859556333,-10.7506954905273
20-Nov-2024 03:41:41,15,6,0.00530259190127254,0.337072465817134,0.00908417558918397,0.0479062601923943,-0.042258237550656,0.0177549790591002,0.997799615065257,-10.8445173439155,-14.5260099053051,-7.91695774006558,-24.6018838864754,-29.9781514574027,-18.3899212429117,-21.2825973844512,-15.2575009457448,-12.6701884017415
20-Nov-2024 03:42:14,15,7,0.00332832622031371,0.336396511395772,0.0112042911350727,0.0289337625106176,-0.0410391109685103,0.00328850909136236,0.998733127117157,-15.542363560716,-3.95232838983118,-10.882089898487,-23.4147829962028,-32.56066530858,-21.1597135846587,-20.4022282764156,-17.1612909358564,-15.5553063129557
20-Nov-2024 03:42:25,15,8,0.0125918919220567,0.337953426440557,-0.000840756297111511,0.0322849065065384,-0.0416255484024684,0.00922293284287055,0.998568971951803,-13.1245847775165,1.73697812564275,-7.82847205690848,-21.9276821059302,-36.6806791597572,-23.0107559264058,-17.7781091683799,-21.418205925968,-17.4747992241699
20-Nov-2024 03:43:01,15,9,0.0101344475522637,0.339803475141525,0.00682842781146367,0.00804307529081901,-0.0429947378734748,0.0152484927947323,0.99892657995224,-19.364618494317,11.8934721411167,-12.2092292153299,-20.2155812156576,-38.9069430109345,-25.3211732681528,-25.0258650603442,-23.8235584160795,-18.9021046353841
20-Nov-2024 03:43:11,15,10,0.00746694228922327,0.343238844474157,-0.00450296774506569,0.0227005753666162,-0.0456543256839116,0.0285425648093224,0.998291416962941,-17.454280969507,11.6215342004829,-12.3723919797101,-25.8611672635913,-44.9092662559327,-28.3495286847154,-29.8290781785993,-23.8089890010622,-18.9220137219388
20-Nov-2024 03:43:49,15,11,0.00406500973428289,0.345981158812841,-0.0191387602438529,0.0449999699989955,-0.0441657746831576,0.0171835863341888,0.997862303256989,-18.7478496946969,-19.4918099901507,-1.62774224409039,-30.269253311525,-48.914714500931,-31.7575716012778,-29.3682287968544,-24.2186383360449,-18.9208290584935
20-Nov-2024 03:44:00,15,12,-4.33511879236903e-05,0.35068451166153,-0.0304591149091721,0.0687693600853284,-0.0488447318474452,0.0316738491257032,0.9959326227506,-16.8375121698869,-19.7637479307844,-1.79090500847062,-35.9148393594587,-54.9170377459293,-34.7859270178404,-34.1714419151095,-24.2040689210275,-18.9407381450482
20-Nov-2024 03:44:41,15,13,-0.00839388916889827,0.354926842451096,-0.0329066892464956,0.0785079593459765,-0.0496967581411203,0.0259449665745099,0.995335952440898,-21.404127770077,-23.6063889964183,-14.8751615228507,-40.4916754073924,-59.6209234909276,-38.6791261844028,-37.1676237833646,-24.2516088810102,-19.2501003566029
20-Nov-2024 03:44:51,15,14,-0.0129542127872507,0.361142307519913,-0.048549139748017,0.102275040745735,-0.055985651910305,0.0347070463001728,0.992572883764903,-19.493790245267,-23.878326937052,-15.038324287231,-46.1372614553261,-65.6232467359258,-41.7074816009654,-41.9708369016197,-24.2370394659929,-19.2700094431576
20-Nov-2024 03:45:27,15,15,-0.0181809982905785,0.365360820293427,-0.0505926484862963,0.111612768967946,-0.0593437522649765,0.028528763478001,0.991568001111348,-23.8969292829573,-4.71061644018567,-18.1370339266111,-50.8734725032598,-71.2013512309241,-44.7182588925279,-44.1455343948748,-25.1535247384755,-19.8846450922123
20-Nov-2024 03:45:37,15,16,-0.0211724404245615,0.372050092617671,-0.0640104273955027,0.134108108282089,-0.0682269180814425,0.0399523911376794,0.987807667255402,-21.9865917581473,-4.98255438081939,-18.3001966909914,-56.5190585511935,-77.2036744759224,-47.7466143090904,-48.9487475131299,-25.1389553234582,-19.904554178767
20-Nov-2024 03:46:13,15,17,-0.0220024800548951,0.375635876258214,-0.0616644710302353,0.168511220812798,-0.0682471349835396,0.0267768532037735,0.982969653606415,-24.4084565765436,2.15503659711191,-21.1673100729826,-64.1130891004383,-79.1161936367938,-47.3708628386079,-49.8081764455599,-26.5422101487747,-22.0540045248821
20-Nov-2024 03:46:23,15,18,-0.0254995087782542,0.379046503702799,-0.0581909969449043,0.187693573037783,-0.065457538763682,0.00942593694974979,0.979998791217804,-28.0235831136899,-0.427196643706814,-22.7166500174738,-71.9368071496832,-78.3158221726651,-47.2289004306255,-51.2318631904898,-28.0799376303411,-23.0810915897472
20-Nov-2024 03:46:56,15,19,-0.02092681179444,0.382838360468547,-0.0656310752034187,0.236076086759567,-0.0664056867361069,0.00904881612708171,0.969420719146729,-23.3170787914608,1.85048222484947,-22.8998766807151,-79.4206814489281,-80.2968960210365,-47.195043491393,-51.7734210291698,-29.9254287837826,-24.3693602952373
20-Nov-2024 03:47:07,15,20,-0.0246655985713005,0.387023744980494,-0.0627694358428319,0.257490835587184,-0.0634207546710968,-0.0119503932073712,0.964123102029165,-26.932205328607,-0.731751015969254,-24.4492166252063,-87.244399498173,-79.4965245569078,-47.0530810834106,-53.1971077740997,-31.4631562653491,-25.3964473601024
20-Nov-2024 03:47:39,15,21,-0.0185651237765948,0.390336380402247,-0.068547235429287,0.303836443026861,-0.0622681997716427,-0.00824867654591799,0.950651415189107,-22.5615164360656,-0.884028202100473,-24.3404999290725,-95.7231956724178,-78.6618757490292,-47.1151714098031,-54.2547300659046,-32.4797655828531,-27.75412524528
20-Nov-2024 03:47:50,15,22,-0.0231374268730481,0.394665640592575,-0.0655547320842743,0.32391361395518,-0.0612537083526452,-0.0258790392428637,0.943746912479401,-26.1766429732118,-3.4662614429192,-25.8898398735638,-103.546913721663,-77.8615042849005,-46.9732090018207,-55.6784168108346,-34.0174930644195,-28.7812123101451
20-Nov-2024 03:48:29,15,23,-0.0192386080821355,0.398338244358699,-0.0675400863091151,0.364777566989263,-0.0609549880027771,-0.0244159334649642,0.928776454925537,-22.9488617955143,-40.0835166563941,-26.7601514977425,-111.023170833408,-77.3439941488969,-46.5582729610257,-57.444071329202,-36.1946614639548,-28.8235947851665
20-Nov-2024 03:48:40,15,24,-0.0241293622801701,0.402623957395554,-0.0649076486627261,0.385834544897079,-0.0603990457952023,-0.0445369705557823,0.919510809580485,-26.5639883326605,-42.6657498972129,-28.3094914422338,-118.846888882652,-76.5436226847683,-46.4163105530433,-58.8677580741319,-37.7323889455212,-29.8506818500316
20-Nov-2024 03:49:15,15,25,-0.00706160177166263,0.400136878093084,-0.0504574152330558,0.403876346349716,-0.0477558001875877,-0.0185616515576839,0.913377678394318,-22.8377079720048,-44.1333848098027,-28.0750516378345,-120.197622137486,-67.6215614459656,-43.6280901778306,-63.6947820850894,-41.5887352224513,-30.8316548567088
20-Nov-2024 03:49:26,15,26,0.00571252380808194,0.40077406167984,-0.0435748303929965,0.400143126646678,-0.038826913634936,0.00988098221520583,0.915576505661011,-23.4328814687711,-44.5585087360643,-28.3301259935914,-118.197085861069,-61.9330695431004,-40.8263566190242,-70.450822209328,-44.9003610403971,-32.5299801583078
20-Nov-2024 03:50:02,15,27,0.0183427358667056,0.399391198158264,-0.031880950431029,0.391238296031952,-0.0280221020181974,0.0461879772444566,0.918702379862467,-21.4923280368264,-45.12988815549,-29.6904432692703,-117.722184350277,-61.3777929722665,-38.2563796520146,-75.9423542769261,-49.234347087835,-34.1696293124459
20-Nov-2024 03:50:13,15,28,0.0294448938220739,0.401664145787557,-0.026631253088514,0.386635545889537,-0.0204519381125768,0.0755930523077647,0.918901725610097,-22.0875015335926,-45.5550120817516,-29.9455176250272,-115.721648073861,-55.6893010694013,-35.4546460932082,-82.6983944011648,-52.5459729057807,-35.8679546140449
20-Nov-2024 03:50:53,15,29,0.0390360919137796,0.401218823591868,-0.0197918862104416,0.366620314121246,-0.0128629329924782,0.109712926050027,0.923789568742116,-21.5648115660034,-46.9532637545953,-30.0032134407451,-113.433929180256,-59.8424168325516,-37.1937908303002,-89.1971804970832,-55.6187788384725,-38.4369418419134
20-Nov-2024 03:51:04,15,30,0.0511954029401143,0.404049428304036,-0.0151026833802462,0.363083404302597,-0.00313752180275818,0.134902359048525,0.92193382581075,-22.1599850627697,-47.3783876808569,-30.2582877965021,-111.43339290384,-54.1539249296864,-34.3920572714937,-95.9532206213218,-58.9304046564182,-40.1352671435125
20-Nov-2024 03:51:46,15,31,0.0567075860997041,0.405620012680689,-0.0108055364340544,0.337869081894557,-0.00220175410310427,0.184356659650803,0.922958445549011,-22.7212268273582,-48.2900754804096,-30.8646728822395,-109.139265318829,-58.5612368598289,-37.4607628606364,-104.9806337314,-58.672620531737,-42.0439234082463
20-Nov-2024 03:51:57,15,32,0.072133639951547,0.408319473266602,-0.00847452220817407,0.327266575892766,0.00697092904398839,0.222740676999092,0.918278046449025,-19.4126327592844,-45.9267940032141,-29.4467039959222,-103.995094724994,-58.228724146204,-37.0581783561044,-109.461647791336,-63.6392225131028,-44.2908962512096
20-Nov-2024 03:52:35,15,33,0.0865954866011937,0.408335590362549,-0.00714255130539338,0.307470128933589,0.0141006787618001,0.261895167827606,0.914698994159698,-16.6870728251218,-43.356794462664,-27.9793904745951,-98.7041284768628,-56.4941133490829,-35.690813425547,-112.603348344191,-66.6711195231551,-46.5680345757403
20-Nov-2024 03:52:46,15,34,0.101216744879882,0.412087915341059,-0.00501042054966092,0.298518033822378,0.0215774770826101,0.292797160148621,0.908125134309133,-13.3784787570481,-40.9935129854685,-26.5614215882778,-93.5599578830281,-56.1616006354579,-35.2882289210149,-117.084362404126,-71.6377215045208,-48.8150074187036
20-Nov-2024 03:53:21,15,35,0.107179521520933,0.412303026517232,0.00251122626165549,0.257536460955938,0.0256188338001569,0.316810836394628,0.912496324380239,-17.6364017559298,-19.1768724765956,-26.9937803844555,-88.192389462045,-51.0030388800849,-34.7032542034702,-120.220719710522,-80.0619710002298,-45.3770630024507
20-Nov-2024 03:53:31,15,36,0.124002472062906,0.417621608575185,0.00650615800792972,0.245654612779617,0.0343577546377977,0.34918258190155,0.903628750642141,-14.3278076878561,-16.8135909994,-25.5758114981382,-83.0482188682102,-50.67052616646,-34.3006696989382,-124.701733770457,-85.0285729815956,-47.624035845414
20-Nov-2024 03:54:05,15,37,0.130495535333951,0.41920099457105,0.0161200964202484,0.205216581622759,0.0363788701593876,0.373764963944753,0.903804473082225,-18.55247215326,-6.1486300063658,-27.2580064530684,-78.0923493608013,-39.5249889319611,-34.4068900878998,-128.210419453622,-90.3739987201329,-46.5035500587692
20-Nov-2024 03:54:16,15,38,0.146726863582929,0.424899240334829,0.0243638812253873,0.188469288746516,0.0475445883969466,0.400213684638341,0.895571211973826,-15.2438780851862,-3.78534852917026,-25.8400375667511,-72.9481787669666,-39.1924762183361,-34.0043055833677,-132.691433513558,-95.3406007014987,-48.7505229017325
20-Nov-2024 03:54:56,15,39,0.158363551894824,0.427008714278539,0.03106198074917,0.143403877814611,0.0351404276986917,0.417175875107447,0.896752365430196,-21.6269132838514,2.95377270594461,-26.4971506010576,-68.3481587163448,-44.3284512442741,-35.2811235255825,-136.236283385108,-97.5716145614503,-58.7637664298917
20-Nov-2024 03:55:07,15,40,0.17219123740991,0.43402331272761,0.034845869988203,0.126270131270091,0.037441265086333,0.444156116247177,0.88621631860733,-18.3183192157777,5.31705418314015,-25.0791817147402,-63.2039881225101,-43.9959385306491,-34.8785390210505,-140.717297445043,-102.538216542816,-61.010739272855
20-Nov-2024 03:55:47,15,41,0.182968530058861,0.435817007223765,0.0495463545123736,0.0511445169647535,0.0113898453613122,0.463474535942078,0.88455970287323,-27.03542387451,8.61833832969805,-24.8937041144932,-53.8682092069128,-41.7684777605626,-33.95855149773,-142.052305906469,-104.79587268367,-67.1652632894738
20-Nov-2024 03:55:57,15,42,0.189898360768954,0.437593668699265,0.055096872895956,0.0127622221286098,-0.00071684707266589,0.477892297506332,0.878325454394023,-27.1567138998725,8.53170259729627,-24.9456855539343,-44.785355019709,-43.7817731206946,-34.9738627510362,-140.330396462088,-107.671322885232,-68.6116519634947
20-Nov-2024 03:56:49,15,43,0.192697381973267,0.436386352777481,0.0589349498351415,-0.0158437635749578,-0.023176888252298,0.458708000183105,0.888143467903137,-31.7259112419201,-40.1109731956262,-23.2289374735313,-41.8760384683084,-42.1746904157174,-34.8715246160291,-137.81194597061,-109.86287605644,-69.9371083088145
20-Nov-2024 03:57:00,15,44,0.195963425437609,0.437958415349325,0.0580230434735616,-0.0182251062244177,-0.0258419994264841,0.459777007500331,0.887471210956573,-31.8472012672826,-40.197608928028,-23.2809189129723,-32.7931842811047,-44.1879857758493,-35.8868358693353,-136.090036526228,-112.738326258001,-71.3834969828354
20-Nov-2024 03:57:39,15,45,0.195211440324783,0.435382843017578,0.0629776860276858,-0.0307019839684168,-0.0315364775558313,0.429238410790761,0.902118202050527,-34.3880275986571,-38.4091795778869,-23.1666845248095,-29.5014882005912,-41.152106134448,-34.0435209327151,-131.263466707121,-114.431136008658,-71.7812650133618
20-Nov-2024 03:57:50,15,46,0.190031639734904,0.434647168715795,0.0736459016799927,-0.0653108010689418,-0.0401374143858751,0.404300316174825,0.911408054828644,-42.3549002716893,-42.1927301974855,-25.4368148965687,-30.8480233021762,-40.0764155256012,-33.8840306902516,-128.035167411562,-115.940894274493,-72.9144992082388
20-Nov-2024 03:58:22,15,47,0.199194293220838,0.435020881891251,0.065309968094031,-0.0339804577330748,-0.0409952752292156,0.388745443026225,0.919805272420247,-36.5837497738922,-22.7902908322138,-21.1897628883669,-41.5004428127119,-34.1206304004772,-33.3326281007098,-123.407732854228,-118.067178282738,-74.3550003209405
20-Nov-2024 03:58:33,15,48,0.191831504305204,0.43358477751414,0.07275047848622,-0.0555492957433065,-0.0459794513881207,0.356520040829976,0.931500740845998,-44.5506224469243,-26.5738414518124,-23.4598932601261,-42.8469779142969,-33.0449397916304,-33.1731378582462,-120.179433558669,-119.576936548572,-75.4882345158174
20-Nov-2024 03:59:09,15,49,0.197485988338788,0.434814540545146,0.0719698458909988,-0.0520217371483644,-0.0497377797961235,0.353389497598012,0.932703439394633,-42.7234835345419,-40.6643970789757,-22.3214324419047,-42.3214552203573,-30.504201924645,-32.5176914422436,-119.026566632223,-121.619957685612,-76.8501021696067
20-Nov-2024 03:59:19,15,50,0.190017000834147,0.434005798896154,0.0808582966526349,-0.0726042951146762,-0.0526464745402336,0.325542287031809,0.941264673074086,-50.6903562075741,-44.4479476985743,-24.5915628136639,-43.6679903219422,-29.4285113157983,-32.35820119978,-115.798267336664,-123.129715951447,-77.9833363644836
20-Nov-2024 03:59:53,15,51,0.197052124142647,0.433576540152232,0.0739665349324544,-0.0572568709651629,-0.0568473115563393,0.311431235074997,0.946837182839712,-46.0599682170913,-40.9464581263096,-22.6190462904125,-42.9829361830887,-22.4439470239093,-32.443477891363,-111.963882240283,-125.037075372948,-77.4272921966513
20-Nov-2024 04:00:04,15,52,0.192504632472992,0.43118360042572,0.0843063488602638,-0.0556169805427392,-0.045536848405997,0.295217210054398,0.9527223944664,-45.7265860193159,-46.0164660502626,-24.8258253621514,-42.4089109419974,-17.3169063610897,-29.5517326697156,-107.016780959347,-122.852803358846,-76.0069312993628
20-Nov-2024 04:00:41,15,53,0.18687061270078,0.424800056219101,0.0755685200293859,-0.0360293460388978,-0.0464187704026699,0.268422722816467,0.961507376035055,-37.8447009251869,-45.0757252261067,-20.1429566363951,-44.254371252025,-30.8361038837353,-31.4484984046833,-103.001037770688,-123.764347062546,-74.7187287668024
20-Nov-2024 04:00:52,15,54,0.180144762992859,0.422816614309947,0.0865350792805354,-0.0446324323614438,-0.0447901658713818,0.246369699637095,0.967111031214396,-37.5113187274115,-50.1457331500596,-22.349735708134,-43.6803460109337,-25.7090632209157,-28.5567531830359,-98.0539364897517,-121.580075048444,-73.2983678695139
20-Nov-2024 04:01:26,15,55,0.164729472994804,0.415030421813329,0.0815532167752584,-0.0401528718570868,-0.048355541129907,0.213295603791873,0.974963847796122,-34.9786850814593,-51.6853666999582,-21.1116908811253,-45.3660635454018,-10.9301416508288,-32.784263439696,-93.8725142549542,-120.193710893243,-71.4190861545895
20-Nov-2024 04:01:37,15,56,0.157597068945567,0.414285639921824,0.095058452586333,-0.051981628437837,-0.0468825017412504,0.195407738288244,0.978220705191294,-34.6453028836838,-56.7553746239111,-23.3184699528641,-44.7920383043106,-5.8031009880092,-29.8925182180486,-88.9254129740175,-118.009438879141,-69.9987252573009
20-Nov-2024 04:02:26,15,57,0.138045254349709,0.407447805007299,0.0980415940284729,-0.0637462596098582,-0.0447070312996705,0.161076224843661,0.98386595249176,-52.8622949618199,-59.7601953608368,-27.1028370752292,-45.197884450999,-29.375119871556,-31.3104007355552,-85.5611512161504,-116.59912079449,-66.8489039511945
20-Nov-2024 04:02:36,15,58,0.134557149807612,0.406907631953557,0.106944760680199,-0.0642170821626981,-0.0402064844965935,0.147543585300446,0.986149346828461,-52.5289127640445,-64.8302032847897,-29.309616146968,-44.6238592099078,-24.2480792087364,-28.4186555139078,-80.6140499352137,-114.414848780388,-65.428543053906
20-Nov-2024 04:02:59,15,59,0.134697539607684,0.399953188498815,0.0983156835039457,-0.0610609685381254,-0.038768840332826,0.167233020067215,0.983260742823283,-36.8735294493575,-52.4649890014542,-24.0330836834815,-31.268029781334,-5.35744754303278,-10.1793725201526,-81.2397067498271,-101.475202682435,-61.3264851742694
20-Nov-2024 04:03:10,15,60,0.136569288372993,0.395366261402766,0.084772231678168,-0.0466884521146615,-0.0379594864944617,0.184700361887614,0.980951110521952,-33.1679589967146,-46.7573683116323,-21.2677571946819,-29.1222646588703,-6.24228610414601,-10.7102756568206,-79.1239438029057,-96.4735796197572,-58.9141574990418
20-Nov-2024 04:03:52,15,61,0.129298732678095,0.387493075927099,0.0717487757404645,-0.0325664500395457,-0.0407165293892225,0.168062475323677,0.984396576881409,-24.6124821130497,-43.8709508250536,-17.3968277185388,-36.2214673833515,-26.1893895518509,-25.5560857282768,-74.7038907367518,-95.677945039442,-56.7819647216097
20-Nov-2024 04:04:03,15,62,0.135495787858963,0.387893358866374,0.0628260806202889,-0.0232711924860875,-0.0432076866428057,0.174994344512622,0.983345588048299,-20.9069116604069,-38.1633301352317,-14.6315012297392,-34.0757022608878,-27.0742281129641,-26.0869888649447,-72.5881277898304,-90.676321976764,-54.369637046382
20-Nov-2024 04:04:39,15,63,0.12610423664252,0.380143151680628,0.0612662024796009,-0.0224151936670144,-0.0361263071497281,0.164535398284594,0.985454515616099,-31.1263879922529,-30.8663110470314,-17.4633732472678,-32.8774210618966,-8.54019911737309,-21.1003454690069,-69.2452197832927,-87.4776931552674,-52.0223768200522
20-Nov-2024 04:04:50,15,64,0.129332631826401,0.380288885037104,0.0561563755075137,-0.0145263738309344,-0.0365925165514151,0.170113440354665,0.984637729326884,-27.42081753961,-25.1586903572094,-14.6980467584682,-30.7316559394329,-9.42503767848632,-21.6312486056748,-67.1294568363713,-82.4760700925895,-49.6100491448245
20-Nov-2024 04:05:24,15,65,0.115654613077641,0.372615218162537,0.0567400964597861,-0.0230326756834984,-0.0386434818307559,0.159056391318639,0.986244038740794,-27.9777704792116,-15.5063704681983,-15.0313195228326,-28.9846327787054,-0.600442461247432,-19.6283784760399,-64.4751213596418,-78.8259441505023,-47.3802551940458
20-Nov-2024 04:05:35,15,66,0.118072432776292,0.372746332486471,0.0533205005029837,-0.0183433052152395,-0.0396249321599801,0.162218321363131,0.985788329442342,-24.2722000265687,-9.7987497783764,-12.265993034033,-26.8388676562417,-1.48528102236066,-20.1592816127078,-62.3593584127205,-73.8243210878244,-44.9679275188182
20-Nov-2024 04:05:59,15,67,0.106235606968403,0.364031946659088,0.0586790479719639,-0.0245797744641701,-0.0337746975322564,0.178964720169703,0.98296834230423,-7.92289127004823,-2.11877948895987,-13.3749661718154,-14.3924735146462,2.33459730570216,-8.17329811622441,-59.899309200895,-70.3234465854418,-34.3218667058151
20-Nov-2024 04:06:10,15,68,0.10164081454277,0.363256053129832,0.0609833478927612,-0.025169974565506,-0.0318448565900326,0.170764036973317,0.984475521246592,-14.1361983395232,-5.95347720234489,-15.2744205132356,-15.6270940728063,0.742919710598735,-8.95124239850382,-55.4994180535096,-66.0869124197836,-32.1857051077137
20-Nov-2024 04:06:35,15,69,0.0877272476752599,0.355121902624766,0.0496097274124622,-0.00690767504274845,-0.0310699220746756,0.150141588846842,0.988152062892914,-14.0276362570594,-9.70200011593261,-10.1860246679469,-19.8864001214005,1.57860056008334,-4.22074336420757,-50.4773837736722,-62.6007525342731,-25.9326769407245
20-Nov-2024 04:06:45,15,70,0.0778336142500242,0.354657661914825,0.0525356660286585,-0.0181677281856537,-0.0325967570145925,0.125580677390099,0.991381299495697,-20.2409433265344,-13.5366978293176,-12.0854790093671,-21.1210206795607,-0.0130770350200922,-4.99868764648698,-46.0774926262869,-58.3642183686149,-23.7965153426231
20-Nov-2024 04:07:22,15,71,0.0531251999239127,0.35064609448115,0.0586049390335878,-0.0504128562907378,-0.0386941519876321,0.08954007178545,0.993953696886698,-28.01831582004,-24.228308142804,-15.2160082574328,-20.1179839829379,-18.1660754078294,-16.3724102704785,-45.7165299126754,-50.4528713430306,-27.0269204600779
20-Nov-2024 04:07:33,15,72,0.0424605029324691,0.351653977235158,0.0639410922924677,-0.0676814084251722,-0.0396993992229303,0.0618971978624662,0.994993464152018,-34.231622889515,-28.063005856189,-17.115462598853,-21.352604541098,-19.7577530029328,-17.1503545527579,-41.3166387652901,-46.2163371773724,-24.8907588619765
20-Nov-2024 04:08:03,15,73,0.0187007062137127,0.348725352684657,0.0672312388817469,-0.0929073522488276,-0.0457964775462945,-0.00728255147114396,0.994594359397888,-41.3019626710053,-29.3261598696247,-19.105454393596,-21.1683964718667,-21.2300909868892,-17.5261880058933,-32.7862118347917,-39.3923965817511,-25.2878806216531
20-Nov-2024 04:08:14,15,74,0.00399251524358988,0.35037913719813,0.0724455873171488,-0.112401387592157,-0.0466937060157458,-0.0415939395626386,0.99169332186381,-47.5152697404803,-33.1608575830098,-21.0049087350162,-22.4030170300269,-22.8217685819927,-18.3041322881728,-28.3863206874063,-35.1558624160929,-23.1517190235517
20-Nov-2024 04:08:44,15,75,-0.0145940105741223,0.351195319493612,0.0765490412712097,-0.136428700884183,-0.0428728697200616,-0.0919973423083623,0.9854367852211,-54.9070931659629,-35.7097834464201,-23.3996318030978,-22.7782232744913,-23.3037763715226,-17.6810211558802,-24.4711616484644,-29.5506250354533,-21.5321991043393
20-Nov-2024 04:08:55,15,76,-0.0287275109440088,0.354102331399918,0.0816437477866809,-0.150493600964546,-0.0415027054647605,-0.119491616884867,0.98048509756724,-61.1204002354379,-39.5444811598052,-25.299086144518,-24.0128438326514,-24.895453966626,-18.4589654381596,-20.071270501079,-25.3140908697951,-19.396037506238
20-Nov-2024 04:09:25,15,77,-0.0459889806807041,0.35702275633812,0.0854638968904813,-0.170718854665756,-0.035894995679458,-0.156331918636958,0.972176444530487,-66.7229654829167,-42.6612929482029,-27.9711748492689,-25.1927572339637,-24.5072966589427,-18.4613820131531,-18.6887454079154,-18.8182050966461,-15.9431967475811
20-Nov-2024 04:09:36,15,78,-0.0594199952979883,0.360840763648351,0.0894968077540398,-0.186079472303391,-0.0329634120066961,-0.185496831933657,0.964302225907644,-72.9362725523918,-46.4959906615879,-29.8706291906891,-26.4273777921239,-26.0989742540461,-19.2393262954325,-14.28885426053,-14.581670930988,-13.8070351494797
20-Nov-2024 04:10:06,15,79,-0.0624658703804016,0.364635626475016,0.0944522847731908,-0.2000881254673,-0.0334511995315552,-0.203387991587321,0.957851310571035,-78.0942087108687,-50.7967454124792,-32.1564007137747,-28.2346447718601,-20.4007343977562,-20.0795067240689,-15.8976461402554,-6.51546096158441,-14.8375339711005
20-Nov-2024 04:10:16,15,80,-0.0754334842165311,0.370188852151235,0.103146361311277,-0.21664400100708,-0.0319079898297787,-0.229746707280477,0.948295164108276,-84.3075157803437,-54.6314431258643,-34.0558550551949,-29.4692653300202,-21.9924119928597,-20.8574510063483,-11.4977549928701,-2.27892679592622,-12.7013723729991
20-Nov-2024 04:10:52,15,81,-0.0715536261598269,0.373409652709961,0.107082140942415,-0.236565341552099,-0.0327076782782873,-0.230352973937988,0.943347529570262,-91.5681373943196,-57.7241693580024,-36.5234679874478,-30.0152090989684,-29.3891308622664,-21.5915133618062,-17.45220535904,3.87244527160464,-16.1235409847588
20-Nov-2024 04:11:02,15,82,-0.0837004954616229,0.378811649481455,0.114978767434756,-0.252509987354279,-0.0320502286156019,-0.252836422125498,0.933426614602407,-97.7814444637946,-61.5588670713875,-38.422922328868,-31.2498296571286,-30.9808084573698,-22.3694576440856,-13.0523142116546,8.10897943726283,-13.9873793866574
20-Nov-2024 04:11:35,15,83,-0.0789268091320992,0.379121617476145,0.110291268924872,-0.234430145223935,-0.0297845917443434,-0.228262398640315,0.944484877586365,-94.0289723851712,-65.3240716833468,-40.5232350623248,-34.9850142519735,-33.5382633900363,-25.5231220901815,-20.8358521322428,8.21001577070788,-16.5303740620827
20-Nov-2024 04:11:46,15,84,-0.0858135163784027,0.380480462312698,0.103036471207937,-0.215188087026278,-0.0246151151756446,-0.219780322909355,0.951201788584391,-90.9528430342974,-69.5352620359296,-42.7144685003653,-38.0145372414245,-39.7181976855512,-28.698727499688,-23.7422192960533,7.35363315321659,-17.0442036325775
20-Nov-2024 04:12:18,15,85,-0.0868807077407837,0.380365480979284,0.100552544991175,-0.18533656001091,-0.0251803760727247,-0.200887632369995,0.961592690149943,-87.6885423195487,-75.6984595182007,-44.560241586114,-40.4968910335724,-42.8868922996419,-30.1383624274892,-26.3121718382527,6.97596001119347,-18.1226157555375
20-Nov-2024 04:12:29,15,86,-0.0940937916437785,0.382313630978266,0.0926481540004412,-0.164246421058973,-0.0217001194755236,-0.187642391522725,0.96816455523173,-84.6124129686748,-79.9096498707834,-46.7514750241545,-43.5264140230234,-49.0668265951568,-33.3139678369958,-29.2185390020632,6.11957739370218,-18.6364453260323
20-Nov-2024 04:12:59,15,87,-0.0951529741287231,0.380862232049306,0.0854093343019486,-0.123538045585155,-0.0254413961122433,-0.154609240094821,0.979891379674276,-78.8921979358635,-83.5968437882104,-48.3199782860492,-46.5073524138228,-53.4411410499596,-35.4715880056497,-32.7066988550682,5.50254951394497,-18.4575661727597
20-Nov-2024 04:13:10,15,88,-0.104393199086189,0.384219368298848,0.0797647247711817,-0.104258134464423,-0.024230744689703,-0.143747325738271,0.983808827400207,-75.8160685849897,-87.8080341407931,-50.5112117240897,-49.5368754032738,-59.6210753454745,-38.6471934151562,-35.6130660188787,4.64616689645368,-18.9713957432545
20-Nov-2024 04:13:41,15,89,-0.105806316932042,0.385381976763407,0.0742209876577059,-0.0849517866969109,-0.0214247687409321,-0.120443416635195,0.988846596082052,-73.6678963931471,-94.382226275798,-47.9660800740572,-51.117106093399,-64.3731997206333,-42.3638062042365,-39.3353295272864,3.90946164782944,-19.5138709518656
20-Nov-2024 04:13:51,15,90,-0.0983469684918721,0.387490324179331,0.0647844448685646,-0.0817352488636971,-0.0188820328563452,-0.108506464461486,0.990549961725871,-76.4724228281679,-89.6627400455176,-45.8446915536483,-54.4532724489438,-66.7556817070223,-43.7934017921622,-45.2535969582378,1.52591570051697,-20.9439985202531
20-Nov-2024 04:14:26,15,91,-0.0971474304795265,0.387807989120483,0.0553784345587095,-0.0885215868552526,-0.0180169633279244,-0.152717729409536,0.984132464726766,-82.3659278427044,-86.2747547064483,-46.8301204892029,-58.2647926548258,-69.2492587332333,-45.4935010698748,-40.7048125614879,-19.5477915623619,-22.5384489076987
20-Nov-2024 04:14:37,15,92,-0.0895838359991709,0.390594718853633,0.047989962498347,-0.0860945930083593,-0.017602010567983,-0.141491647561391,0.986031472682953,-85.1704542777252,-81.5552684761679,-44.708731968794,-61.6009590103706,-71.6317407196222,-46.9230966578005,-46.6230799924393,-21.9313375096744,-23.9685764760862
20-Nov-2024 04:15:07,15,93,-0.0793518498539925,0.390371191501617,0.0377406239509583,-0.0904909933606784,-0.0153777108217279,-0.1492351770401,0.984532284736633,-88.3944700025039,-77.2765326914931,-43.9907521763668,-63.2998022910841,-73.7697702259222,-48.7129440906197,-47.8328215095401,-16.4849641147701,-25.2558654540028
20-Nov-2024 04:15:18,15,94,-0.0704520508646965,0.39218563636144,0.0306868238995473,-0.0869111721714338,-0.0154560557877024,-0.135235259930293,0.986873360474904,-91.1989964375247,-72.5570464612127,-41.8693636559579,-66.6359686466289,-76.1522522123112,-50.1425396785454,-53.7510889404915,-18.8685100620826,-26.6859930223902
20-Nov-2024 04:15:53,15,95,-0.0571275862554709,0.393917147318522,0.0216545847555002,-0.0930477624138196,-0.0151449823131164,-0.138167903820674,0.985911969343821,-96.3132675174244,-65.4329354537351,-40.3746794995398,-70.0534734647581,-77.9625079586557,-51.5272611889179,-57.3150934145176,-36.2370963382865,-28.1947012955423
20-Nov-2024 04:16:04,15,96,-0.0512814231216907,0.396681626637777,0.015100981357197,-0.0875705242156982,-0.0158620984603961,-0.126867313186328,0.987919294834137,-99.1177939524453,-60.7134492234547,-38.2532909791309,-73.3896398203029,-80.3449899450447,-52.9568567768436,-63.233360845469,-38.620642285599,-29.6248288639298
20-Nov-2024 04:16:35,15,97,-0.0457603491842747,0.397441695133845,0.0117543208723267,-0.08281469643116,-0.0170554959525665,-0.120836775998274,0.989064892133077,-98.1271927099056,-53.8166506045757,-37.7952546407173,-75.1164754071399,-82.1413588114115,-53.9140153259927,-64.8244967979577,-41.6717083973573,-31.9192467846995
20-Nov-2024 04:16:45,15,98,-0.0400527320802212,0.400693633159002,0.00347518975225588,-0.0745614970723788,-0.0177686225622892,-0.106905827919642,0.99131027062734,-100.931719144926,-49.0971643742954,-35.6738661203084,-78.4526417626848,-84.5238407978004,-55.3436109139185,-70.7427642289092,-44.0552543446697,-33.349374353087
20-Nov-2024 04:17:16,15,99,-0.0425635283191999,0.402379037936529,0.00914521664381027,-0.0796073779463768,-0.0191382306317488,-0.104884049296379,0.991108361879985,-102.963681741167,-42.8390219497157,-39.9341536908971,-79.4841427338757,-86.5382662241783,-56.3119879824559,-72.9224659206293,-46.3225603742051,-34.0866470976656
20-Nov-2024 04:17:27,15,100,-0.0387444540858269,0.40591547091802,0.00470781664674481,-0.0822290241718292,-0.0210466253260771,-0.0900814001758893,0.992310841878255,-105.768208176188,-38.1195357194353,-37.8127651704882,-82.8203090894206,-88.9207482105673,-57.7415835703816,-78.8407333515807,-48.7061063215176,-35.5167746660531
