date and time,Trajectory,Waypoint,x_end_avg,y_end_avg,z_end_avg,qx_end_avg,qy_end_avg,qz_end_avg,qw_end_avg,l0,l1,l2,l3,l4,l5,l6,l7,l8
09-Nov-2024 16:34:04,1,1,-0.0194985268016656,0.31326113541921,0.00747524596129855,0.00141166619335612,-0.00264226727498074,0.0161622531712055,0.999864943822225,-6.60000000000001,-13.425,-6.07500000000001,-9.375,-11.25,-7.27500000000001,-10.2,-8.62500000000001,-11.025
09-Nov-2024 16:34:18,1,2,-0.0213127904882034,0.316207885742188,0.0110904107491175,-0.0122468955193957,-0.00214244091572861,0.0284856102118889,0.999516900380452,-11.1163297032551,-18.6072018332192,-8.66175353035402,-9.31416761431685,-11.2065482959406,-7.24892897756437,-16.7571808703127,-8.71123921658478,-11.0637703647188
09-Nov-2024 16:35:00,1,3,-0.0210717746367057,0.324666172266006,0.0109531234328945,-0.0251979128768047,0.0011632561761265,0.036133058120807,0.999028611183167,-21.8576594065101,-24.8769036664384,-12.561007060708,-14.9908352286336,-18.2130965918811,-10.8603579551287,-26.4643617406254,-13.2599784331695,-15.4150407294375
09-Nov-2024 16:35:14,1,4,-0.0232151202857494,0.328021812438965,0.0151808672274152,-0.0418277392784754,0.00343282182390491,0.0544499009847641,0.997634144624074,-26.3739891097651,-30.0591054996576,-15.147760591062,-14.9300028429505,-18.1696448878217,-10.8342869326931,-33.0215426109381,-13.3462176497543,-15.4538110941563
09-Nov-2024 16:35:58,1,5,-0.0228649376581113,0.334426299730937,0.0159205665191015,-0.0652436450123787,0.00655267499387264,0.0623764102657636,0.995896375179291,-35.0528188130201,-36.9100573328768,-19.140764121416,-16.3129204572673,-22.1011931837622,-17.2019659102574,-40.4787234812508,-20.088706866339,-15.8488314588751
09-Nov-2024 16:36:11,1,6,-0.0248400870710611,0.338124910990397,0.021522215132912,-0.0816640476385752,0.0109323809544245,0.080000406006972,0.993383856614431,-39.5691485162751,-42.092259166096,-21.7275176517701,-16.2520880715841,-22.0577414797029,-17.1758948878217,-47.0359043515636,-20.1749460829237,-15.8876018235939
09-Nov-2024 16:37:01,1,7,-0.0255337931215763,0.34397828578949,0.0241193827241659,-0.124097672104836,0.0143812688067555,0.0882045725981394,0.988237241903941,-50.0667282195301,-48.7088359993152,-30.192396182124,-15.563130685901,-30.0017897756434,-20.571698865386,-54.1930852218763,-26.2143102995084,-18.7294971883126
09-Nov-2024 16:37:15,1,8,-0.0268699503193299,0.347571760416031,0.0285548639794191,-0.13898784716924,0.0187038442740838,0.106092472871145,0.984417080879211,-54.5830579227852,-53.8910378325344,-32.779149712478,-15.5022983002178,-29.958338071584,-20.5456278429504,-60.750266092189,-26.3005495160932,-18.7682675530314
09-Nov-2024 16:38:06,1,9,-0.0249886681636175,0.351860211292903,0.0278341154257456,-0.137361696362495,0.0188760783523321,0.0946491986513138,0.985807820161184,-59.3900126260402,-59.1904271657536,-37.704965742832,-19.8524034145346,-33.8336363675246,-22.9054943205147,-63.8574469625017,-32.8883512326779,-21.9336004177502
09-Nov-2024 16:38:19,1,10,-0.0295138095815976,0.353889109690984,0.0242934947212537,-0.137976931532224,0.0175985675305128,0.0714762692650159,0.987696234385173,-64.0086235896997,-56.9854682261159,-36.6712561898595,-23.4776877685495,-38.0713428935425,-25.09311750037,-58.76054579311,-33.4030748647142,-22.2597321506147
09-Nov-2024 16:39:06,1,11,-0.0287534333765507,0.354348695278168,0.024916086345911,-0.150756181279818,0.0128051909307639,0.0417179795602957,0.987607343991597,-68.8475470533592,-56.7141030364781,-37.6320778868869,-24.5834408725645,-37.6684244195603,-24.1237094302254,-57.9386446237183,-31.0935797467505,-22.6491451334792
09-Nov-2024 16:39:19,1,12,-0.0337291623155276,0.356811801592509,0.0227195665240288,-0.155495345592499,0.0130006625006596,0.0150616496180495,0.987636256217957,-73.4661580170187,-54.5091440968403,-36.5983683339144,-28.2087252265794,-41.9061309455782,-26.3113326100807,-52.8417434543266,-31.6083033787868,-22.9752768663438
09-Nov-2024 16:40:04,1,13,-0.0303711408128341,0.355648285150528,0.0192425219962994,-0.159789579113324,0.00743100674202045,-0.0304287180304527,0.986654059092204,-77.8199252306782,-49.8209820322025,-35.2869244059419,-30.3492439555944,-41.4985249715961,-25.420440164936,-48.3073422849348,-33.4859176358231,-22.1330492242083
09-Nov-2024 16:40:17,1,14,-0.03482476323843,0.358213843901952,0.0167246049890916,-0.16461312075456,0.00936305349071821,-0.0520954315861066,0.984937036037445,-82.4385361943377,-47.6160230925647,-34.2532148529694,-33.9745283096093,-45.736231497614,-27.6080633447914,-43.2104411155431,-34.0006412678594,-22.4591809570729
09-Nov-2024 16:41:02,1,15,-0.0331451599796613,0.357857316732407,0.0139108270406723,-0.164803637067477,0.00801706550021966,-0.0964127639929453,0.981570239861806,-86.4747252829972,-46.194462590427,-31.0556381124969,-38.6574298511243,-47.7262817736318,-28.3314287121467,-38.0197899461514,-32.4968102123957,-24.1511330024374
09-Nov-2024 16:41:15,1,16,-0.0387004502117634,0.359660027424494,0.0105536678185066,-0.139547336101532,0.0098881971091032,-0.11458707600832,0.983513371149699,-84.4675105301625,-50.5467657132433,-33.1727996151278,-44.5954764322284,-53.3489866350126,-31.0837910840598,-34.824431664513,-31.9069096246231,-23.7971926497738
09-Nov-2024 16:42:01,1,17,-0.0393449982007345,0.359189565976461,0.00856933010121187,-0.100016219417254,0.00518710759157936,-0.134821678201358,0.985795625050863,-81.7190848398278,-53.3407680548096,-34.8830275240087,-50.9123316070825,-56.3478633713935,-35.954024549723,-32.6321983828746,-34.2827316931005,-24.5761624533602
09-Nov-2024 16:42:14,1,18,-0.0459952861070633,0.361448931694031,0.00525454689438144,-0.0758095249533653,0.00661296217391888,-0.148442400495211,0.98598887125651,-79.7118700869931,-57.6930711776259,-37.0001890266396,-56.8503781881867,-61.9705682327743,-38.7063869216361,-29.4368401012362,-33.6928311053279,-24.2222221006967
09-Nov-2024 16:42:54,1,19,-0.0421781266729037,0.360392500956853,-0.000391367910197005,0.000566473754588515,0.00251143402419984,-0.144678195317586,0.989475437005361,-68.2590498654085,-54.3662239098173,-31.1138837323956,-65.5278290661658,-68.8313590316551,-33.0676848404243,-30.2680443195978,-31.8107918456803,-27.3597368261581
09-Nov-2024 16:43:07,1,20,-0.0466948486864567,0.362380357583364,-0.00647770995274186,0.0256722026815017,0.0042284089140594,-0.155493005116781,0.987494297822316,-66.2518351125738,-58.7185270326336,-33.2310452350265,-71.4658756472699,-74.4540638930359,-35.8200472123375,-27.0726860379594,-31.2208912579076,-27.0057964734945
09-Nov-2024 16:43:31,1,21,-0.0550993437568347,0.358977669477463,-0.00667524266367157,0.0523052282631397,-0.000609125848859549,-0.161669146021207,0.985457678635915,-59.5968176253642,-58.7812549601374,-31.3464733392199,-67.5236243768117,-71.0208117231668,-34.4518773576881,-14.9406090063211,-15.8099213341977,-14.8975836598935
09-Nov-2024 16:43:44,1,22,-0.0552221554021041,0.360217414299647,-0.0078648773021996,0.0588910594582558,-0.00176894570856045,-0.15844594736894,0.985608259836833,-57.5896028725295,-63.1335580829537,-33.4636348418508,-73.4616709579158,-76.6435165845475,-37.2042397296013,-11.7452507246827,-15.220020746425,-14.54364330723
09-Nov-2024 16:44:39,1,23,-0.0464767095943292,0.366966793934504,-0.00857311071207126,0.0936831906437874,-0.00699164172013601,-0.127941699822744,0.98732240597407,-62.0295522052099,-66.5221541767427,-37.0988773104771,-84.0913823096437,-80.1951565204306,-44.7157001641965,-37.6784887205357,-36.1286592996807,-29.4080110094958
09-Nov-2024 16:44:53,1,24,-0.0463134338458379,0.37096907099088,-0.0128750082105398,0.126057974497477,-0.00877236761152744,-0.129887210329374,0.983443828423818,-60.2434029050779,-63.3555378681879,-35.7599864783221,-92.6112425871528,-81.5997749719387,-45.662426712073,-41.6800860913887,-38.5728325209051,-30.8745149422304
09-Nov-2024 16:45:38,1,25,-0.0464625892539819,0.372821674744288,-0.0197861161082983,0.152317505081495,-0.00485859308391809,-0.127505415678024,0.980060291290283,-56.470302921352,-68.3415277608049,-29.9331622965578,-97.3860284017713,-88.6529041656342,-51.3915202033088,-42.3975037747418,-39.2242384081452,-33.3399507597307
09-Nov-2024 16:45:51,1,26,-0.0464819118380547,0.377152536312739,-0.0237152042488257,0.186978334188461,-0.00850345101207495,-0.128307547171911,0.973911702632904,-54.68415362122,-65.1749114522501,-28.5942714644029,-105.90588867928,-90.0575226171422,-52.3382467511853,-46.3991011455949,-41.6684116293696,-34.8064546924654
09-Nov-2024 16:46:36,1,27,-0.0460199495156606,0.37836590607961,-0.0285700046767791,0.222796206672986,-0.0106246676916877,-0.128009168306986,0.966365671157837,-52.354528979291,-60.9095982442812,-33.0364139574432,-113.003211725344,-92.936396439744,-55.8261567707414,-46.583608672698,-42.4662011836018,-33.6974245675829
09-Nov-2024 16:46:49,1,28,-0.0452445837358634,0.382510729630788,-0.033219376206398,0.251203489303589,-0.0131051940222581,-0.126039236783981,0.959603631496429,-50.568379679159,-57.7429819357264,-31.6975231252883,-121.523072002853,-94.3410148912521,-56.7728833186178,-50.5852060435511,-44.9103744048263,-35.1639285003176
09-Nov-2024 16:47:37,1,29,-0.0446667676170667,0.384611433744431,-0.0346663715938727,0.25854043563207,-0.00578153813257813,-0.137507861852646,0.956145926316579,-53.5383079290199,-58.5427586670121,-23.0951178107424,-125.672567855246,-97.4520925872864,-59.5504654920614,-50.8245141968896,-46.1301273689832,-35.9301493026955
09-Nov-2024 16:47:50,1,30,-0.0431696034967899,0.385567883650462,-0.0380162638922532,0.258782780170441,-0.00248821311009427,-0.141581907868385,0.955499796072642,-54.9049738497792,-51.0418838480049,-19.1021958335988,-126.258332323362,-99.9010425977739,-60.5324559296652,-50.8723672721031,-49.2230721666363,-37.2341371338821
09-Nov-2024 16:48:45,1,31,-0.0467050778369109,0.386908507347107,-0.0341976451377074,0.246366602182388,-0.00838974540432294,-0.141844668984413,0.958703951040904,-58.3482709350893,-58.6413348041444,-36.879532187754,-126.975962483616,-102.381056451035,-61.7372422351889,-52.2909478863791,-48.9044210475413,-35.4942414506644
09-Nov-2024 16:48:59,1,32,-0.0440845407545567,0.387918341159821,-0.0381195227305094,0.245494245489438,-0.00265337975385288,-0.145857479174932,0.958358577887217,-59.7149368558487,-51.1404599851373,-32.8866102106104,-127.561726951731,-104.830006461522,-62.7192326727927,-52.3388009615926,-51.9973658451943,-36.798229281851
09-Nov-2024 16:49:54,1,33,-0.0474884010851383,0.388608868916829,-0.0342792098720868,0.24243567387263,-0.0142614783719182,-0.135973542928696,0.96048569281896,-60.0949183588834,-56.064748053704,-40.5288173991165,-127.838424265916,-107.519488393396,-63.1376210443565,-53.9720178063374,-51.4345126844734,-36.1302753558355
09-Nov-2024 16:50:08,1,34,-0.0458043309549491,0.389805088440577,-0.0306934298326572,0.224746564030647,-0.0196919499586026,-0.110369156301022,0.967946223417918,-62.3578336370721,-56.9272999535562,-41.0463485390278,-121.12274708542,-107.65071375189,-63.2894889135885,-60.6584782302225,-49.1463363017561,-35.0724423544621
09-Nov-2024 16:51:00,1,35,-0.0436225056648254,0.387206629912059,-0.0279453394313653,0.168624199430148,-0.011535860473911,-0.105673913657665,0.979931557178497,-66.9024067063984,-57.7024332971955,-39.4314442617639,-114.32753632796,-106.177205071077,-62.7095557498006,-59.9626205388732,-51.7802609398518,-36.5536384744876
09-Nov-2024 16:51:13,1,36,-0.0419970586895943,0.387786092360814,-0.0258234803875287,0.159121493498484,-0.0156976042936246,-0.0849134395519892,0.983475291728973,-69.1653219845871,-58.5649851970477,-39.9489754016753,-107.611859147465,-106.308430429571,-62.8614236190326,-66.6490809627583,-49.4920845571346,-35.4958054731142
09-Nov-2024 16:52:07,1,37,-0.0393410501380761,0.387572830915451,-0.022056457400322,0.113356886804104,-0.0159743711352348,-0.0580943415562312,0.991725838184357,-73.3190661583445,-58.6338278187934,-39.8502888329989,-103.781415178487,-104.287288768411,-62.2723909717546,-71.9693823290263,-53.3399586848238,-36.1574870324402
09-Nov-2024 16:52:21,1,38,-0.0373561489085356,0.388829316695531,-0.0187706648061673,0.0952664400140444,-0.0202183565745751,-0.0275817669928074,0.994864189624786,-75.5819814365332,-59.4963797186456,-40.3678199729103,-97.0657379979919,-104.418514126905,-62.4242588409867,-78.6558427529114,-51.0517823021066,-35.0996540310668
09-Nov-2024 16:53:15,1,39,-0.035531401882569,0.388775765895844,-0.0182494771977266,0.0560595485071341,-0.0138852079088489,-0.0157339019080003,0.998206917444865,-79.0153111625062,-59.0620769794445,-39.6022422585277,-94.5676774232553,-103.848555975572,-62.4306764519637,-80.5342236479879,-53.9316311745928,-38.2015783100431
09-Nov-2024 16:53:29,1,40,-0.0344277078906695,0.390437551339467,-0.0152684707815448,0.0356633270780245,-0.0165196032573779,0.0163639727979898,0.999093333880107,-81.2782264406949,-59.9246288792967,-40.1197733984391,-87.8520002427602,-103.979781334065,-62.5825443211958,-87.220684071873,-51.6434547918755,-37.1437453086697
09-Nov-2024 16:54:20,1,41,-0.0334308420618375,0.388911892970403,-0.0249056963870923,0.069485729932785,-0.0146075102811058,0.0173925095548232,0.997324391206105,-73.4625916052667,-62.07850261346,-23.7036630128488,-93.624569022581,-107.866821997049,-63.7279289157287,-85.6692116786997,-49.4670171273668,-41.9426923175012
09-Nov-2024 16:54:33,1,42,-0.0380914260943731,0.391084690888723,-0.0283323124051094,0.0993264784415563,-0.0185868469377359,0.0078532003176709,0.994850285847982,-68.8867495459463,-63.98080366715,-24.5041070544055,-101.038329499523,-110.304454414947,-64.7960386393891,-85.1717790499307,-47.4065668352564,-40.7617606861577
09-Nov-2024 16:55:29,1,43,-0.0391942006846269,0.390371902783712,-0.0308266330510378,0.137686891357104,-0.0273473440359036,0.00522683175901572,0.990084421634674,-64.0410110985719,-60.9088910610764,-38.2212738823886,-104.256494127904,-114.141790955387,-66.4277857984857,-83.3223265389595,-50.2381228569471,-40.6207683749017
09-Nov-2024 16:55:42,1,44,-0.0423687428236008,0.392186729113261,-0.0364486190179984,0.175300481915474,-0.0340775894622008,0.000847005576360971,0.983924655119578,-59.4651690392515,-62.8111921147664,-39.0217179239452,-111.670254604845,-116.579423373285,-67.4958955221461,-82.8248939101905,-48.1776725648366,-39.4398367435582
09-Nov-2024 16:56:36,1,45,-0.0419451015690962,0.392356789112091,-0.0386869696279367,0.210773029923439,-0.0415768211086591,-0.000465337416001906,0.976650365193685,-54.9043787859041,-61.5513863385744,-38.7805233587152,-116.836217157507,-118.591907852454,-69.0708239635246,-82.9264513403204,-51.488225429627,-40.9538747722586
09-Nov-2024 16:56:50,1,46,-0.04568812251091,0.394545525312424,-0.0436638586223125,0.23879564901193,-0.0489570890863736,-0.00538480483616392,0.969819923241933,-50.3285367265836,-63.4536873922643,-39.5809674002719,-124.249977634448,-121.029540270351,-70.138933687185,-82.4290187115514,-49.4277751375165,-39.7729431409151
09-Nov-2024 16:57:50,1,47,-0.0455432842175166,0.399089199304581,-0.0409884271522363,0.257074459393819,-0.0424599719544252,-0.0378840195635955,0.964714833100637,-58.0602205702496,-61.8999350310132,-40.6855921384352,-133.31483914925,-121.604598718884,-71.9104527697044,-82.6060811122319,-54.4028264238568,-41.2144963395937
09-Nov-2024 16:58:03,1,48,-0.0494648789366086,0.401993942260742,-0.0468057143191497,0.285724395513535,-0.0496069207787514,-0.0452223951617877,0.955957861741384,-53.4843785109292,-63.8022360847031,-41.4860361799918,-140.728599626191,-124.042231136782,-72.9785624933648,-82.1086484834628,-52.3423761317464,-40.0335647082502
09-Nov-2024 16:59:08,1,49,-0.0489320342739423,0.406285448869069,-0.0436075029273828,0.297186519702276,-0.0398724772036076,-0.0734971215327581,0.951151160399119,-62.7122994031023,-68.5515104309226,-42.5885705698518,-148.667910622063,-126.448576569997,-75.2983768964547,-81.3484633694186,-57.2496766288616,-43.5388754919179
09-Nov-2024 16:59:21,1,50,-0.0527968672414621,0.409291082620621,-0.0486678955455621,0.321930799881617,-0.0459671728312969,-0.0829331566890081,0.942002999782562,-58.1364573437819,-70.4538114846126,-43.3890146114085,-156.081671099004,-128.886208987894,-76.3664866201151,-80.8510307406495,-55.1892263367512,-42.3579438605744
09-Nov-2024 17:00:27,1,51,-0.0510943258802096,0.412071543931961,-0.0455342672765255,0.311677112181981,-0.0331168994307518,-0.101501289010048,0.94417059024175,-67.8286427023466,-72.1402468482153,-44.5147021972774,-158.679100923378,-131.520947448309,-79.1981979892563,-81.6491907096741,-61.930398548143,-44.3978815295178
09-Nov-2024 17:00:41,1,52,-0.0484130275746187,0.414575290679932,-0.0520118753115336,0.322017226616542,-0.0274453204125166,-0.103329503536224,0.940677662690481,-66.6439465851639,-68.128195565553,-42.7893446089946,-163.713755488287,-133.571329401066,-80.5040570186827,-83.5537269213362,-66.912695364922,-47.1696979909556
09-Nov-2024 17:01:32,1,53,-0.0499079835911592,0.417919675509135,-0.052531406780084,0.33580496708552,-0.0217736997952064,-0.108630163967609,0.935393198331197,-68.9476912058551,-39.9653876060226,-25.9145096077877,-170.454797682928,-135.613889607651,-82.0478422179665,-85.6550750116796,-64.8994298790071,-47.2505750561461
09-Nov-2024 17:01:46,1,54,-0.0477949706216653,0.42063908179601,-0.0541356022159259,0.34559362133344,-0.017731910571456,-0.111999855438868,0.931507714589437,-67.7629950886725,-35.9533363233603,-24.1891520195048,-175.489452247837,-137.664271560407,-83.3537012473928,-87.5596112233417,-69.8817266957861,-50.0223915175839
09-Nov-2024 17:02:51,1,55,-0.04981835881869,0.423183906078339,-0.0534921375413736,0.345554622014364,-0.00932649355381727,-0.124144132435322,0.930103933811188,-73.272519340427,-75.2159067022651,-13.68905572476,-177.027300627612,-142.260742640078,-85.1535233617479,-88.4375533743445,-66.8662423612178,-51.298738280898
09-Nov-2024 17:03:04,1,56,-0.0456659493347009,0.42432501912117,-0.0494844729701678,0.330091053247452,-0.00223421061721941,-0.127287656068802,0.935324966907501,-78.077634300273,-76.2110610664401,-14.2861483432649,-174.025640418315,-141.867745156816,-85.0565400565346,-90.2282987479802,-73.8091373200022,-54.8697011967077
09-Nov-2024 17:04:07,1,57,-0.050395147750775,0.421995011965434,-0.0459782026708126,0.329848653078079,-0.0255727671086788,-0.110343097150326,0.937214124202728,-75.2048594445874,-79.1185262613988,-45.220871608539,-173.175577116452,-141.172792237012,-84.7565382937856,-89.8557470912862,-66.8531417031125,-50.2679292634552
09-Nov-2024 17:04:21,1,58,-0.0457821115851402,0.423259381453196,-0.0424623916546504,0.313684884707133,-0.0162067253142595,-0.11527797182401,0.942364064852397,-80.0099744044334,-80.1136806255737,-45.8179642270439,-170.173916907155,-140.77979475375,-84.6595549885722,-91.6464924649218,-73.7960366618969,-53.838892179265
09-Nov-2024 17:05:00,1,59,-0.0411309254666169,0.419438753525416,-0.0499208010733128,0.326492335398992,-0.0136798539509376,-0.0879958485563596,0.940995422999064,-69.276144456513,-46.4399904051391,-26.6338721689333,-168.998055151576,-139.410819552217,-84.161062454591,-93.0305893233927,-69.8144863328442,-52.1234876705435
09-Nov-2024 17:05:13,1,60,-0.0358494373659293,0.420618889729182,-0.0463869616389275,0.314772971471151,-0.00501088711122672,-0.0856464371085167,0.945281708240509,-74.081259416359,-47.4351447693141,-27.2309647874383,-165.996394942279,-139.017822068956,-84.0640791493776,-94.8213346970283,-76.7573812916286,-55.6944505863532
09-Nov-2024 17:06:12,1,61,-0.0349189872543017,0.419376687208811,-0.0403954066336155,0.290511558453242,-0.0146051447838545,-0.0596624319752057,0.954897975921631,-75.0919019223216,-76.3208768411853,-44.2624650676354,-163.757633959841,-138.211835726558,-82.6413412297804,-101.058755813082,-81.1630536064944,-54.4472297898974
09-Nov-2024 17:06:26,1,62,-0.0290785965820154,0.421148139238358,-0.0376522903641065,0.274034980932871,-0.0057385458300511,-0.0600795559585094,0.959824128945668,-79.8970168821676,-77.3160312053602,-44.8595576861404,-160.755973750545,-137.818838243297,-82.544357924567,-102.849501186717,-88.1059485652789,-58.0181927057071
09-Nov-2024 17:07:17,1,63,-0.0241445632030567,0.419377772013346,-0.0382252934078375,0.268828908602397,-0.00705721747751037,-0.0310548630853494,0.962661325931549,-75.4548956150718,-74.3314744233833,-46.3988541354916,-158.135763154677,-138.569346330467,-80.8844973121617,-105.513584431562,-92.805232202104,-60.455063765384
09-Nov-2024 17:07:30,1,64,-0.0197251035521428,0.42140113512675,-0.0358603102465471,0.252095776796341,0.000339283474022523,-0.0325072561701139,0.967156092325846,-80.2600105749178,-75.3266287875582,-46.9959467539965,-155.134102945381,-138.176348847205,-80.7875140069484,-107.304329805197,-99.7481271608885,-64.0260266811938
09-Nov-2024 17:08:22,1,65,-0.0155865496645371,0.420128120978673,-0.0329637594521046,0.235814462105433,0.000888319744262844,-0.00303940900291006,0.971792968114217,-78.4915074212929,-74.7069275786571,-49.5641412879246,-152.623167542799,-137.75510414916,-79.909092048139,-111.181744114437,-103.169216458693,-68.5299436689371
09-Nov-2024 17:08:35,1,66,-0.010176676698029,0.422340567906698,-0.0304273848732313,0.219752118984858,0.0062921980706354,-0.00145632380153984,0.975534387429555,-83.2966223811389,-75.7020819428321,-50.1612339064296,-149.621507333503,-137.362106665898,-79.8121087429257,-112.972489488073,-110.112111417478,-72.1009065847468
09-Nov-2024 17:09:24,1,67,-0.00793312465151151,0.421502552429835,-0.0285619729508956,0.201257157325745,0.00836333868404229,-0.00136521246749908,0.979501827557882,-84.6649282842495,-76.564808520469,-51.3688774826462,-148.065209527564,-135.829985575244,-79.2494061109143,-112.656569329511,-113.119103545772,-75.0133465365233
09-Nov-2024 17:09:38,1,68,-0.00338801277490954,0.423897419373194,-0.0256725318729877,0.183163794875145,0.0122878715395927,-0.00200612935392807,0.983003596464793,-89.4700432440955,-77.5599628846439,-51.9659701011511,-145.063549318267,-135.436988091983,-79.152422805701,-114.447314703146,-120.061998504557,-78.584309452333
09-Nov-2024 17:10:27,1,69,0.00173357992122571,0.424215118090312,-0.0234536870072285,0.157633564869563,0.0105425800507267,0.014700935781002,0.987331974506378,-91.8067536755738,-76.9889033555498,-51.2183381985119,-142.859570310649,-133.349428805025,-78.4475798370886,-117.884727310683,-124.136942048096,-82.3510108861261
09-Nov-2024 17:10:41,1,70,0.0035682972210149,0.423970812559128,-0.0269004410753647,0.184498889247576,0.00912766605615616,0.0403712093830109,0.981960805257161,-83.5315900660335,-75.9522134201654,-50.5963242372812,-143.201746555822,-135.970094082274,-79.6542434821748,-121.371832813793,-126.075544616727,-83.2166431769027
09-Nov-2024 17:11:04,1,71,0.00461854360376795,0.421175909042358,-0.0303849266221126,0.200361276666323,0.00701432218775153,0.0512417860329151,0.978355979919434,-68.0972241923093,-47.0574165381456,-30.7769480154784,-137.342763401833,-129.568478457676,-73.0569772955616,-116.232271933854,-124.855171477734,-72.8551447266712
09-Nov-2024 17:11:18,1,72,0.0069250725209713,0.421555761496226,-0.0336352787911892,0.203123267491659,0.00734768953795234,0.0544619406263034,0.977609634399414,-59.822060582769,-46.0207266027613,-30.1549340542478,-137.684939647005,-132.189143734925,-74.2636409406478,-119.719377436963,-126.793774046364,-73.7207770174478
09-Nov-2024 17:12:21,1,73,0.00551382706811031,0.424584597349167,-0.0310319478313128,0.189569704731305,0.00910060219466686,0.0465099277595679,0.98072288831075,-82.6922958411367,-74.77998319406,-50.1592389627311,-143.476536192597,-138.62366856125,-79.8933396698842,-122.193149748549,-129.777888761183,-81.5728439377202
09-Nov-2024 17:12:35,1,74,0.00667676127826174,0.426223023732503,-0.035314879566431,0.201523239413897,0.00602809647098184,0.063022347788016,0.977435529232025,-74.4171322315964,-73.7432932586756,-49.5372250015005,-143.818712437769,-141.244333838499,-81.1000033149704,-125.680255251659,-131.716491329813,-82.4384762284968
09-Nov-2024 17:13:36,1,75,0.0069449559164544,0.429065706332525,-0.0342317889134089,0.184305294354757,0.00444476880754034,0.0638288492957751,0.98078422943751,-85.6896680560109,-78.1545765866332,-52.5533704751271,-145.310598833151,-144.121928890287,-85.3431845021317,-129.185694159006,-135.077849971538,-87.6223258340213
09-Nov-2024 17:13:49,1,76,0.00897637450446685,0.430570385853449,-0.0367284258206685,0.190760537981987,0.00277242890248696,0.0764682804544767,0.978649695714315,-77.4145044464706,-77.1178866512488,-51.9313565138965,-145.652775078323,-146.742594167536,-86.5498481472179,-132.672799662116,-137.016452540168,-88.4879581247979
09-Nov-2024 17:14:13,1,77,0.0150623812029759,0.425163620710373,-0.031220635275046,0.175881320238113,0.00523336315527558,0.0943711762626966,0.979863286018372,-49.2905098156989,-46.0698475991256,-31.1792919869409,-132.635811402399,-134.872912327098,-74.7339021519147,-126.32952772882,-130.807163233113,-76.7391017078836
09-Nov-2024 17:14:26,1,78,0.016025323420763,0.421778615315755,-0.0280861144264539,0.16473295489947,0.00264470536882679,0.102742221951485,0.980968968073527,-49.1926654679506,-46.1978219153326,-31.1831477425571,-127.143992651371,-128.574765599391,-71.5246973855739,-123.052089093405,-128.161495889511,-75.3561366335952
09-Nov-2024 17:15:32,1,79,0.0140604249512156,0.417528529961904,-0.0203158723811309,0.130030394593875,0.000616829970385879,0.0986935878793399,0.98658568461736,-78.8067459786915,-70.8627895473753,-49.6090433568876,-124.039601437895,-127.440851315318,-70.2371220047519,-123.34173380905,-134.084017564182,-78.0152258879938
09-Nov-2024 17:15:45,1,80,0.0151728391026457,0.417036682367325,-0.017060935869813,0.125326417883237,0.00329771467174093,0.100807882845402,0.986975276470184,-78.7089016309432,-70.9907638635823,-49.6128991125038,-118.547782686866,-121.142704587611,-67.027917238411,-120.064295173635,-131.43835022058,-76.6322608137055
09-Nov-2024 17:16:25,1,81,0.0262233776350816,0.411099300781886,-0.0160126953075329,0.12431862304608,0.00859122816473246,0.116355036199093,0.985359120368958,-69.8420197124394,-43.1122348377064,-30.252774797477,-114.249677704614,-116.376674081722,-58.0295271648297,-118.64539821375,-134.801777386115,-79.5953229037605
09-Nov-2024 17:16:39,1,82,0.0277651216834784,0.410570538043976,-0.0126962019751469,0.118659078081449,0.0114584140479565,0.119502931336562,0.985650956630707,-69.7441753646911,-43.2402091539134,-30.2566305530932,-108.757858953585,-110.078527354015,-54.8203223984889,-115.367959578335,-132.156110042513,-78.2123578294722
09-Nov-2024 17:17:37,1,83,0.0230964854359627,0.404451656341553,-0.00891941313942273,0.0995157132546107,0.00594285363331437,0.11887286901474,0.987892007827759,-67.5118122315649,-64.9149317990795,-43.3784962733878,-103.487897086945,-106.796438737216,-56.9665249785277,-113.244791780685,-130.789989953479,-77.7274063373555
09-Nov-2024 17:17:50,1,84,0.0244143685946862,0.40377255876859,-0.00533741228282452,0.0913669203718503,0.0069172205713888,0.123211991786957,0.98814119497935,-67.4139678838167,-65.0429061152865,-43.382352029004,-97.9960783359161,-100.498292009509,-53.7573202121869,-109.96735314527,-128.144322609877,-76.3444412630672
09-Nov-2024 17:18:14,1,85,0.0254775120566289,0.392462648948034,-0.00838846030334632,0.0983770315845807,0.0019920588315775,0.141929133733114,0.984974114100138,-44.0488641433788,-40.1692545959725,-25.9452127669595,-86.9901880270816,-86.5581743372565,-45.575819119036,-101.942049928738,-115.938428893559,-65.2104829798648
09-Nov-2024 17:18:27,1,86,0.0278312065949043,0.389217879374822,-0.00392686552368104,0.0883769114812215,0.0027562051701049,0.148921185731888,0.984887997309367,-43.9510197956306,-40.2972289121795,-25.9490685225757,-81.4983692760531,-80.2600276095495,-42.3666143526952,-98.6646112933231,-113.292761549957,-63.8275179055764
09-Nov-2024 17:19:20,1,87,0.0264168987671534,0.385152949889501,-0.00209773099049926,0.0848325555523237,0.00465443680683772,0.144563402732213,0.98584140141805,-48.0445457515374,-54.7743903106262,-32.9824267693614,-81.1245147461215,-78.3158954095697,-45.2212614229492,-99.3132403673495,-117.041981019997,-67.0190562268309
09-Nov-2024 17:19:34,1,88,0.0269789326936007,0.384800324837367,0.000757430381296823,0.0803737948338191,0.005281937494874,0.146475861469905,0.985929501056671,-47.9467014037891,-54.9023646268332,-32.9862825249776,-75.6326959950929,-72.0177486818626,-42.0120566566084,-96.0358017319347,-114.396313676395,-65.6360911525426
09-Nov-2024 17:20:21,1,89,0.0282578146706025,0.379974166552226,0.00363591069666048,0.0630909934639931,0.00475395293906331,0.147286508480708,0.98706818819046,-45.4445422078684,-53.20493248416,-34.6298895261786,-72.3248593546128,-65.4216092180192,-42.659777808565,-93.8213969512405,-114.423089739613,-65.8653777760256
09-Nov-2024 17:20:34,1,90,0.0298423568407695,0.379799695809682,0.00803630898396174,0.0599233264724414,0.00689579015597701,0.14904368519783,0.986989172299703,-45.3466978601202,-53.332906800367,-34.6337452817948,-66.8330406035842,-59.1234624903122,-39.4505730422242,-90.5439583158256,-111.777422396011,-64.4824127017373
09-Nov-2024 17:21:20,1,91,0.0314327448606491,0.374348843097687,0.00655192965641618,0.0449211580057939,0.001027072321934,0.151510456204414,0.987433882554372,-42.3216960882857,-48.2731778871337,-29.3824766602034,-63.1082129078299,-54.8513193945369,-38.0198312350321,-88.9980366077711,-110.61797675582,-64.1305734763346
09-Nov-2024 17:21:34,1,92,0.032698929309845,0.374095513423284,0.0100988147159417,0.0399122389654318,0.00116993389092386,0.153925562898318,0.987275346120199,-42.2238517405374,-48.4011522033408,-29.3863324158196,-57.6163941568013,-48.5531726668299,-34.8106264686913,-85.7205979723563,-107.972309412218,-62.7476084020462
09-Nov-2024 17:22:19,1,93,0.032915106912454,0.367130678892136,0.00884217005223036,0.0269664102544387,-0.0026304556367298,0.155695104598999,0.987433524926503,-37.0624286807461,-44.4352749048276,-27.1376259828321,-50.8330709334098,-48.6680277550887,-33.3906531819248,-83.3839178006217,-106.069752920321,-60.9802062522007
09-Nov-2024 17:22:32,1,94,0.035557397454977,0.366395707925161,0.013562142290175,0.0136936659614245,-0.00405962471850216,0.162613798181216,0.986586411794027,-36.9645843329978,-44.5632492210346,-27.1414817384483,-45.3412521823812,-42.3698810273817,-30.181448415584,-80.1064791652068,-103.424085576719,-59.5972411779124
09-Nov-2024 17:23:21,1,95,0.0315463309486707,0.36098912358284,0.0116225610176722,-0.000103505253597784,-0.00787662615378698,0.151551942030589,0.988417935371399,-35.684950629228,-40.9192977298816,-28.9440563997625,-40.5536811951712,-45.0532352076576,-29.8168593890303,-77.0744197616321,-100.549973658969,-60.7970575658454
09-Nov-2024 17:23:34,1,96,0.0345032028853893,0.360150021314621,0.0157873144994179,-0.0155636442825198,-0.01051256104062,0.159919020533562,0.986951422691345,-35.5871062814797,-41.0472720460886,-28.9479121553787,-35.0618624441426,-38.7550884799506,-26.6076546226895,-73.7969811262173,-97.904306315367,-59.414092491557
09-Nov-2024 17:24:24,1,97,0.0291053739686807,0.355498258272807,0.0138451566919684,-0.0327305987477303,-0.0171737140665452,0.14183255136013,0.989200361569722,-35.6483672557207,-37.1892834586156,-28.876127363844,-30.8971675750233,-41.2976922062353,-27.2957577262422,-70.5672321067225,-94.0944166846912,-59.3225181483794
09-Nov-2024 17:24:38,1,98,0.0234810024499893,0.357027433315913,0.0198004307846228,-0.0477341453234355,-0.0184256394704183,0.139801083008448,0.988856716950734,-40.6368097305972,-43.8383097919402,-32.291834348764,-31.4637242808301,-42.2096303888122,-27.8429206357884,-72.4893936646977,-92.1247034495661,-58.4288553490745
09-Nov-2024 17:25:26,1,99,0.0176981240510941,0.358640857537588,0.0196840619047483,-0.0662063310543696,-0.018729489048322,0.129420940081278,0.989199781417847,-45.8548048664683,-47.5943546734248,-38.2947210601085,-31.3438429275916,-44.541943798385,-29.4387374802813,-73.085400030633,-91.8978790709041,-56.680887915325
09-Nov-2024 17:25:40,1,100,0.0109213650226593,0.360455828905106,0.026884121944507,-0.0785982877016067,-0.0161740550150474,0.125462567806244,0.988847716649373,-50.8432473413448,-54.2433810067494,-41.7104280450285,-31.9103996333984,-45.4538819809619,-29.9859003898274,-75.0075615886082,-89.928165835779,-55.7872251160202
09-Nov-2024 17:26:55,2,1,-0.0209103013078372,0.313366554180781,0.00801230172316233,-0.00911948867142201,-0.00453299616153041,0.00552484039217234,0.999932916959127,-10.65,-13.575,-5.62500000000001,-11.175,-13.95,-6.60000000000001,-9.75,-9.3,-10.65
09-Nov-2024 17:27:08,2,2,-0.0223184294998646,0.317317750056585,0.00896479866156976,-0.00195976890002688,-0.00386737384833395,0.0156503473718961,0.999868162473043,-12.803121637367,-17.0340110019464,-7.28663832957434,-15.2842172660532,-14.7385866598948,-6.92642970390799,-16.9164286077636,-8.62129856892322,-10.2427791413539
09-Nov-2024 17:27:51,2,3,-0.0220621349910895,0.325554513931274,0.0089831767603755,0.00611556681493918,-0.00238118257063131,0.0234574136634668,0.999703323841095,-19.906243274734,-22.8555220038928,-13.7107766591486,-23.8559345321064,-20.8521733197895,-11.002859407816,-25.8828572155272,-17.6175971378463,-11.7855582827078
09-Nov-2024 17:28:05,2,4,-0.0235575415194035,0.329728221893311,0.00964376386255026,0.0126349375272791,-0.00354176644856731,0.039358410735925,0.999139018853505,-22.059364912101,-26.3145330058392,-15.372414988723,-27.9651517981596,-21.6407599796844,-11.3292891117239,-33.0492858232908,-16.9388957067696,-11.3783374240617
09-Nov-2024 17:28:54,2,5,-0.021780372535189,0.338239596287409,0.00801575568815072,0.000403012416791171,-0.00364094325341284,0.0444665330151717,0.99900420109431,-32.1624865494679,-29.4547940077857,-18.6653033182973,-34.7556190642128,-29.8168466395791,-16.6807188156319,-42.7657144310544,-24.2476942756927,-16.8211165654156
09-Nov-2024 17:29:07,2,6,-0.0229021410147349,0.342462559541066,0.00960564433286587,0.00709107058743636,-0.00382195281175276,0.0659321218729019,0.997791616121928,-34.3156081868349,-32.9138050097321,-20.3269416478716,-38.8648363302661,-30.6054332994739,-17.0071485195399,-49.932143038818,-23.5689928446159,-16.4138957067695
09-Nov-2024 17:29:58,2,7,-0.0220471579581499,0.348140219847361,0.0088316369180878,0.0129636642833551,-0.00355448114375273,0.0280028365552425,0.999517488479614,-42.0370012418459,-37.1559587433993,-23.3310612462068,-46.9974694430405,-36.2587842315164,-20.2246792170627,-49.4285692143557,-32.3150451596323,-20.6902770957793
09-Nov-2024 17:30:11,2,8,-0.0275948209067186,0.351382317145665,0.00749433636665344,0.024980021143953,-0.00440425320218007,0.00775835191210111,0.999648141860962,-44.7333942968569,-41.1824874770664,-25.294555844542,-53.8644775558149,-40.4683851635588,-22.2797099145855,-48.0249953898934,-31.8173474746486,-20.3916584847891
09-Nov-2024 17:31:00,2,9,-0.026740459476908,0.354645768801371,0.00920850404848655,0.0438465284804503,-0.00627809331441919,-0.00483573982492089,0.999006871382395,-46.4922873518679,-45.1668287107336,-28.0033629428772,-61.0642981685894,-41.3498610956013,-23.8659906121084,-50.6714215654311,-33.8415247896652,-22.6055398737988
09-Nov-2024 17:31:13,2,10,-0.0323441083232562,0.35804527203242,0.00660566749672095,0.0625896965463956,-0.00863512512296438,-0.0254801736523708,0.997676662604014,-49.1886804068789,-49.1933574444008,-29.9668575412124,-67.9313062813639,-45.5594620276438,-25.9210213096312,-49.2678477409688,-33.3438271046815,-22.3069212628086
09-Nov-2024 17:32:02,2,11,-0.0312550430496534,0.359733327229818,0.00762134166434407,0.0823508620262146,-0.00784486457705498,-0.0548964669307073,0.995059398810069,-50.5163234618899,-53.573792428068,-32.3030083895477,-74.5147206441383,-44.6550004596863,-30.3666770071541,-47.4892739165065,-37.9320669196981,-24.3895526518184
09-Nov-2024 17:32:16,2,12,-0.0367563510934512,0.362926453351974,0.00668967015420397,0.0962121695280075,-0.00994850633045038,-0.0727382615208626,0.992649718125661,-53.2127165169009,-57.6003211617351,-34.2665029878829,-81.3817287569128,-48.8646013917287,-32.4217077046769,-46.0857000920442,-37.4343692347145,-24.0909340408282
09-Nov-2024 17:33:03,2,13,-0.0375773710509141,0.362924549976985,0.00823319020370642,0.109923514723778,-0.0137895697106918,-0.0813840036590894,0.99050661722819,-52.1497345719119,-64.3538030204023,-37.3163257112181,-83.6819399946873,-50.2921710737712,-34.0220509021998,-44.3446262675819,-35.4296402997309,-26.257940429838
09-Nov-2024 17:33:17,2,14,-0.0451847751935323,0.36667067805926,0.00612792841469248,0.128202750285467,-0.0183987416327,-0.0998218764861425,0.986540031433105,-54.8461276269229,-68.3803317540695,-39.2798203095533,-90.5489481074617,-54.5017720058137,-36.0770815997227,-42.9410524431197,-34.9319426147473,-25.9593218188478
09-Nov-2024 17:34:07,2,15,-0.0436628324290117,0.368758610884349,0.00681187212467194,0.12725330889225,-0.0157129819194476,-0.125036595265071,0.983832093079885,-59.2628331819339,-73.8453370502366,-40.7364789703885,-94.0825577827362,-59.7203573128561,-38.6547685472455,-41.4437286186574,-38.9307293047639,-28.9935157078577
09-Nov-2024 17:34:20,2,16,-0.0501037379105886,0.372254480918248,0.00520287302012245,0.140219042698542,-0.0190456536908944,-0.139648978908857,0.980037804444631,-61.9592262369449,-77.8718657839038,-42.6999735687237,-100.949565895511,-63.9299582448986,-40.7097992447684,-40.0401547941951,-38.4330316197802,-28.6948970968675
09-Nov-2024 17:35:09,2,17,-0.0435592579344908,0.371672381957372,0.012385072807471,0.109349184234937,-0.0158467159916957,-0.144040155410767,0.983384013175964,-66.7329021205384,-77.9837051982259,-46.0480226915989,-96.6519529867875,-60.4656600419892,-37.6043986996528,-40.729475354309,-41.883288729475,-30.442477333054
09-Nov-2024 17:35:22,2,18,-0.0392767498890559,0.373546745379766,0.016645514840881,0.0883641560872396,-0.0143323861062527,-0.146241649985313,0.985190216700236,-70.9464217541318,-78.2013063312981,-46.3494897832241,-93.4210392968142,-56.3468696515797,-35.7376700295372,-43.040670914423,-48.2603036516698,-33.8236513192405
09-Nov-2024 17:36:07,2,19,-0.0399569516380628,0.373483445247014,0.017536844437321,0.0709507217009862,-0.0111466635018587,-0.129347855846087,0.988994896411896,-72.3650195127253,-78.5910266049952,-47.2742478904743,-92.0567759974659,-53.0053253549203,-36.1766054219217,-46.1909289745369,-43.1989396676142,-30.3880284304271
09-Nov-2024 17:36:20,2,20,-0.034162459274133,0.375334437688192,0.0213475844512383,0.0550910132626692,-0.0107220609982808,-0.126355957984924,0.990396014849345,-76.5785391463187,-78.8086277380674,-47.5757149820995,-88.8258623074926,-48.8865349645109,-34.3098767518061,-48.5021245346508,-49.575954589809,-33.7692024166136
09-Nov-2024 17:37:08,2,21,-0.0355252670745055,0.375616770982742,0.0220580936719974,0.0185449550549189,-0.00898424281428258,-0.116412423551083,0.992987207571665,-80.8945978424122,-80.537288441452,-48.7888275815372,-86.6032738128319,-53.2563676209764,-35.8459801129405,-51.4578513447648,-47.1587800588786,-34.0419779653002
09-Nov-2024 17:37:22,2,22,-0.0323992227514585,0.377192811171214,0.0250369650622209,0.0024971600001057,-0.0101679841677348,-0.123019466300805,0.99234904050827,-85.1081174760057,-80.7548895745241,-49.0902946731624,-83.3723601228586,-49.137577230567,-33.9792514428249,-53.7690469048787,-53.5357949810734,-37.4231519514867
09-Nov-2024 17:38:13,2,23,-0.0283157241841157,0.37880064646403,0.0216397933661938,-0.021592815220356,-0.00648770888025562,-0.108440029124419,0.993847326437632,-88.7729066408491,-79.1030204927526,-48.8725845186939,-83.4206090305416,-54.5880983635952,-36.7389387883343,-58.5025080899926,-58.0657151767056,-40.1501267189233
09-Nov-2024 17:38:26,2,24,-0.0232066232711077,0.381094886859258,0.0246141960223516,-0.038164127121369,-0.00712622416516145,-0.107477151850859,0.993449282646179,-92.9864262744426,-79.3206216258247,-49.1740516103191,-80.1896953405683,-50.4693079731858,-34.8722101182187,-60.8137036501065,-64.4427300989004,-43.5313007051098
09-Nov-2024 17:39:18,2,25,-0.0212274813403686,0.381393412748973,0.0230468121667703,-0.0698708231250445,-0.00549700123568376,-0.099266716837883,0.992589525381724,-97.000580673661,-80.178487651475,-46.8159300788975,-77.8483629494231,-55.8601733444956,-38.0936894559156,-62.9110320227205,-69.8211976578139,-45.8353750819214
09-Nov-2024 17:39:32,2,26,-0.0156466614454985,0.384061237176259,0.0244947500526905,-0.0828511153658231,-0.00611027556781968,-0.0791826213399569,0.99339241584142,-99.3144649853043,-78.1715997796885,-45.8800712140315,-74.0365355938491,-56.5360240547679,-38.499199882079,-69.106727281868,-74.8771690545974,-48.4309458513403
09-Nov-2024 17:40:23,2,27,-0.0104742505277197,0.385341680049896,0.0212345877041419,-0.112890266378721,-0.00550249004736543,-0.0423388796548049,0.992689776420593,-101.22866667976,-73.2598443541912,-46.239418037642,-71.8694988876891,-58.5917026458999,-38.5988143121486,-76.7704889472655,-80.8588667697402,-51.6129668160718
09-Nov-2024 17:40:37,2,28,-0.00556561971704165,0.38843159476916,0.022856097916762,-0.123337802290916,-0.00816424731165171,-0.0186408483733734,0.99215608437856,-103.542550991403,-71.2529564824048,-45.303559172776,-68.0576715321151,-59.2675533561721,-39.0043247383119,-82.966184206413,-85.9148381665237,-54.2085375854907
09-Nov-2024 17:41:25,2,29,0.000983632487865786,0.387375261386236,0.0201097334424655,-0.154177771011988,-0.0160796201477448,0.0215949845810731,0.987676266829173,-102.506593994453,-67.3436348337629,-44.8653031521483,-62.2182395012481,-59.2083180068742,-38.8818871664284,-87.5709126686856,-91.1336727224868,-56.422333452566
09-Nov-2024 17:41:39,2,30,0.00773489211375515,0.390629700819651,0.0220280991246303,-0.162443895141284,-0.0202735292414824,0.0419501172999541,0.985617160797119,-104.820478306096,-65.3367469619765,-43.9294442872823,-58.406412145674,-59.8841687171464,-39.2873975925917,-93.7666079278331,-96.1896441192703,-59.0179042219849
09-Nov-2024 17:42:28,2,31,0.0110214250162244,0.391246086359024,0.020063724492987,-0.183140875895818,-0.0288478374481201,0.0664175699154536,0.98041623433431,-104.859441963443,-65.9786422017623,-44.1423868445355,-54.4807824524535,-59.5174763976336,-41.6789340197317,-99.1668197885431,-100.052047095644,-61.272587540232
09-Nov-2024 17:42:41,2,32,0.0166623260825872,0.394056822856267,0.0238701211909453,-0.198700487613678,-0.033719324072202,0.0893078272541364,0.975400058428446,-107.173326275086,-63.9717543299759,-43.2065279796695,-50.6689550968795,-60.1933271079058,-42.0844444458951,-105.362515047691,-105.108018492427,-63.868158309651
09-Nov-2024 17:43:35,2,33,0.0178765332947175,0.396895784139633,0.0200074128806591,-0.186857077479362,-0.0338916540145874,0.0924940968553225,0.977435755729675,-107.899750259581,-67.8642580139755,-46.070069825863,-56.0252265724821,-63.7979063032856,-43.1079678725468,-108.235468607619,-108.967205679006,-67.493285353484
09-Nov-2024 17:43:48,2,34,0.0243514438470205,0.400321749846141,0.0230099312961102,-0.200783814986547,-0.0401552048822244,0.117414529621601,0.971744418144226,-110.213634571224,-65.8573701421891,-45.1342109609971,-52.2133992169081,-64.4737570135579,-43.5134782987101,-114.431163866767,-114.023177075789,-70.088856122903
09-Nov-2024 17:44:48,2,35,0.0229908332228661,0.404576669136683,0.0196271200974782,-0.176207672556241,-0.0363411004344622,0.106632058819135,0.977885393301646,-112.333788719293,-73.4751780482958,-47.7480524516608,-62.2856212769227,-67.813971966384,-46.4029952251177,-116.640488276305,-118.25575636747,-73.7992050295289
09-Nov-2024 17:45:02,2,36,0.0254144981503487,0.403739742437998,0.0169211277117332,-0.177059000730515,-0.0415397830307484,0.113200535376867,0.976785628000895,-106.499307948197,-68.4137885731355,-44.9693185413035,-58.8130728580414,-65.3335802386116,-44.9147601884543,-116.694481351526,-115.286070765504,-72.0663230557686
09-Nov-2024 17:45:53,2,37,0.0261760442207257,0.397436098257701,0.0143588359157244,-0.164111376802127,-0.0404195713500182,0.137405307094256,0.975988487402598,-100.342962095313,-46.414746986922,-41.415434808711,-54.3325491469544,-64.7103706321163,-43.318528401913,-114.305289001943,-114.529689110986,-70.2908301506118
09-Nov-2024 17:46:06,2,38,0.0288511751840512,0.396438254912694,0.0121230777353048,-0.16086838444074,-0.0443394102156162,0.147579738497734,0.974872092405955,-94.5084813242169,-41.3533575117617,-38.6367008983537,-50.8600007280731,-62.2299789043439,-41.8302933652496,-114.359282077164,-111.56000350902,-68.5579481768515
09-Nov-2024 17:47:09,2,39,0.0252226469417413,0.392715692520142,0.0129308508709073,-0.130922823150953,-0.0326690800487995,0.168935030698776,0.976346739133199,-88.513068012227,-60.748141981075,-37.1203920768788,-53.0334646630892,-60.5281782372101,-41.3380599536473,-113.941682439983,-109.771969880778,-66.8037607373929
09-Nov-2024 17:47:23,2,40,0.0266256568332513,0.392175853252411,0.0110508372386297,-0.131222703059514,-0.0362468702097734,0.174520336588224,0.975197128454844,-82.6785872411305,-55.6867525059148,-34.3416581665214,-49.5609162442079,-58.0477865094377,-39.8498249169839,-113.995675515204,-106.802284278812,-65.0708787636326
09-Nov-2024 17:48:25,2,41,0.0231566965579987,0.387045751015345,0.0133856011554599,-0.11244090894858,-0.023229190458854,0.20427267452081,0.972157498200734,-78.0386401995873,-56.2534500029916,-37.9691368006053,-47.1863740022754,-58.8066903119848,-38.634590692851,-113.963872234224,-103.823424663708,-62.0523440570231
09-Nov-2024 17:48:38,2,42,0.025571708753705,0.386395295461019,0.0108412244046728,-0.110585701962312,-0.0267692821721236,0.210538018743197,0.970941762129466,-72.2041594284909,-51.1920605278314,-35.190402890248,-43.713825583394,-56.3262985842124,-37.1463556561876,-114.017865309446,-100.853739061742,-60.3194620832628
09-Nov-2024 17:49:43,2,43,0.0236578766256571,0.382632881402969,0.0113459849109252,-0.0916032085816065,-0.020630174378554,0.228913575410843,0.968907558917999,-68.3919455221711,-51.9447145387899,-33.3647752521113,-43.6402802529873,-55.0155546215998,-36.0946210257895,-113.878960206566,-98.2544664532067,-58.7687537430779
09-Nov-2024 17:49:56,2,44,0.0242543650170167,0.385702413320541,0.00802029507855574,-0.0651272162795067,-0.0167380889256795,0.223604318499565,0.972357654571533,-66.1475615259713,-53.2850969124977,-34.1926487756138,-51.6796467884513,-57.3978864481496,-37.443469275713,-114.423743600238,-102.59006091411,-61.0942333101781
09-Nov-2024 17:50:53,2,45,0.0311876720438401,0.384145744641622,0.0109805236260096,-0.0664684702952703,-0.017682633548975,0.235702772935232,0.969388222694397,-62.3643109621598,-55.1325010292648,-33.3220754352266,-46.8685148681521,-55.1150421572791,-38.7105677287692,-114.797077904859,-106.585861871728,-62.685799694066
09-Nov-2024 17:51:06,2,46,0.0299803691605727,0.386867870887121,0.00648287975539764,-0.0341719393928846,-0.0105385764191548,0.231244101126989,0.972238353888194,-60.1199269659601,-56.4728834029725,-34.1499489587291,-54.9078814036162,-57.4973739838288,-40.0594159786927,-115.341861298531,-110.921456332631,-65.0112792611662
09-Nov-2024 17:52:02,2,47,0.0364893188079198,0.386165541410446,0.0103593788420161,-0.0405172807474931,-0.00789726121972005,0.237641192475955,0.970475522677104,-59.5811096859544,-54.9167766482099,-36.2285990502867,-51.3469987111985,-57.6971177516683,-39.1923893301825,-116.025920147677,-113.737154041892,-68.8448022366602
09-Nov-2024 17:52:15,2,48,0.0366179811457793,0.389367598295212,0.00732402211676041,-0.0119518287479877,0.000633381466226031,0.232669572035472,0.972482228279114,-57.3367256897546,-56.2571590219176,-37.0564725737893,-59.3863652466625,-60.0794495782181,-40.541237580106,-116.570703541348,-118.072748502795,-71.1702818037603
09-Nov-2024 17:53:09,2,49,0.0403609298169613,0.389734395345052,0.00868203757951657,0.00308282075760265,0.00891197770833969,0.227232530713081,0.973794881502787,-55.9451250516519,-57.9492968313901,-35.8097343813193,-60.3506071681857,-58.4454873754126,-41.9821483808126,-116.210124662757,-121.348394587877,-73.8747830750575
09-Nov-2024 17:53:22,2,50,0.0409408884743849,0.392051879564921,0.0054215004046758,0.0281603975842396,0.0174497547248999,0.224405839045842,0.973932512601217,-53.7007410554521,-59.2896792050978,-36.6376079048218,-68.3899737036497,-60.8278192019623,-43.3309966307362,-116.754908056429,-125.68398904878,-76.2002626421576
09-Nov-2024 17:54:16,2,51,0.0428999505937099,0.394751191139221,0.00609899399181207,0.0426244373122851,0.0217971584449212,0.211381934086482,0.976230382919312,-55.7077487383008,-63.9559392966881,-22.3281755703382,-74.2417779321433,-61.3520040138344,-45.2508761560513,-118.272010313969,-128.439609321773,-79.5402530613562
09-Nov-2024 17:54:29,2,52,0.0419799742599328,0.397931261857351,0.002809425489977,0.0685158009330432,0.0302468977868557,0.204167021314303,0.976066891352336,-53.463364742101,-65.2963216703958,-23.1560490938407,-82.2811444676074,-63.7343358403841,-46.5997244059748,-118.816793707641,-132.775203782676,-81.8657326284564
09-Nov-2024 17:55:29,2,53,0.0425201507906119,0.400934600830078,0.00432281140238047,0.068603603541851,0.0372565108040969,0.187291220823924,0.979197402795156,-60.6946765854254,-66.2746429030448,-37.7902696883499,-85.8517298495862,-67.7375941595951,-48.4590882935941,-120.372736533247,-135.945811149624,-85.0734676216058
09-Nov-2024 17:55:43,2,54,0.0413694192965825,0.403867417573929,0.000698969330793867,0.0950256541371346,0.0442611215015252,0.178075029452642,0.978417297204336,-58.4502925892257,-67.6150252767525,-38.6181432118524,-93.8910963850503,-70.1199259861449,-49.8079365435176,-120.917519926918,-140.281405610527,-87.398947188706
09-Nov-2024 17:56:42,2,55,0.0425382070243359,0.407243315378825,0.00167163886750738,0.106887103617191,0.0530788083871206,0.160009316603343,0.979874912897746,-63.0437565127882,-68.6243770799308,-39.8991902708583,-99.8460723437718,-72.8627210590252,-51.2620426122891,-122.867883036557,-143.209506524452,-91.8155544688307
09-Nov-2024 17:56:55,2,56,0.041727302968502,0.41095063885053,-0.00304048755206168,0.134073554476102,0.058908075094223,0.151084307829539,0.977613238493601,-60.7993725165884,-69.9647594536385,-40.7270637943608,-107.885438879236,-75.245052885575,-52.6108908622126,-123.412666430228,-147.545100985355,-94.1410340359309
09-Nov-2024 17:57:48,2,57,0.0430846236646175,0.413882241646449,0.00224782812098662,0.109291993578275,0.0575939811766148,0.144822625319163,0.981715154647827,-69.6546136959367,-43.0975437603783,-44.0126303173158,-107.245714810836,-77.5547027830126,-51.9880588679732,-126.324051068575,-148.907456563203,-95.9044790273119
09-Nov-2024 17:58:02,2,58,0.038258987168471,0.414939012130102,-0.000183395294394965,0.0952040592829386,0.0447433263063431,0.140747564037641,0.984441141287486,-75.2409309154035,-42.9458433523836,-43.9216100725189,-105.323186030808,-84.184121057285,-55.2875979643099,-128.607645848938,-146.923558914539,-94.8973601621806
09-Nov-2024 17:58:56,2,59,0.0433630533516407,0.413572390874227,0.00194041043675194,0.0980142797032992,0.0477198255558809,0.158260641495387,0.981361071268717,-70.0117101148108,-69.4863853017567,-42.4438832115979,-104.117059606593,-77.8536551431396,-52.8009515153585,-128.130135558293,-149.012787879131,-95.2755232253054
09-Nov-2024 17:59:10,2,60,0.0385748324294885,0.414746795097987,-0.000915192211202035,0.0841495871543884,0.0359122740725676,0.154130064447721,0.983805429935455,-75.5980273342776,-69.3346848937619,-42.3528629668011,-102.194530826565,-84.483073417412,-56.1004906116952,-130.413730338657,-147.028890230468,-94.2684043601741
09-Nov-2024 18:00:01,2,61,0.0367369569838047,0.41323327422142,0.00238711981413265,0.0695674583315849,0.0334902668992678,0.17228889465332,0.98201596736908,-74.9515755437147,-72.7041056644514,-45.3934894139423,-100.930203224444,-81.7825495974756,-54.256936935388,-131.991772583516,-146.706555888432,-89.753926459171
09-Nov-2024 18:00:14,2,62,0.0319649875164032,0.414974196751912,0.00122330652084202,0.0511694774031639,0.0213474630067746,0.167402321100235,0.98432842095693,-80.5378927631816,-72.5524052564567,-45.3024691691454,-99.007674444415,-88.411967871748,-57.5564760317247,-134.275367363879,-144.722658239768,-88.7468075940397
09-Nov-2024 18:01:06,2,63,0.0281396298358838,0.414736527204514,-0.00133390164313217,0.0321877618630727,0.00795815692593654,0.185317511359851,0.982119202613831,-82.5578254776336,-71.536265437804,-48.6522722703177,-98.3142462533401,-91.726415098916,-58.7344687417394,-137.48118587649,-142.519542244418,-86.1360092109724
09-Nov-2024 18:01:19,2,64,0.0238586297879616,0.416208213567734,-0.00333796897903085,0.0179951255520185,-0.000721598420447359,0.182687916358312,0.983006000518799,-88.1441426971005,-71.3845650298092,-48.5612520255209,-96.3917174733116,-98.3558333731884,-62.0340078380762,-139.764780656854,-140.535644595755,-85.1288903458411
09-Nov-2024 18:02:10,2,65,0.0196719344705343,0.416162367661794,-0.00417582790056864,0.00577136610324184,-0.0107486569012205,0.191646573940913,0.98138819138209,-88.6472676640599,-74.5506449164856,-50.9406434537087,-96.2837389877599,-101.827766123909,-62.1727737412519,-141.234487303341,-138.292137773748,-82.4949317217419
09-Nov-2024 18:02:23,2,66,0.0156278389195601,0.417730047305425,-0.0080676281824708,-0.00460696639493108,-0.0187121024976174,0.1926388134559,0.981080516179403,-94.2335848835268,-74.3989445084909,-50.8496232089119,-94.3612102077314,-108.457184398181,-65.4723128375887,-143.518082083704,-136.308240125084,-81.4878128566106
09-Nov-2024 18:03:15,2,67,0.0107014924287796,0.41807354092598,-0.0116716861724854,0.0321128450334072,-0.0144103512788812,0.187255415320396,0.981680500507355,-87.5449765436968,-73.5192527498272,-52.1366799018047,-102.102822137982,-110.250424960463,-67.6115597124375,-142.934332208162,-133.749739546221,-78.1561867904307
09-Nov-2024 18:03:29,2,68,0.00938806751122077,0.418276818593343,-0.0167062789201736,0.0742153460780779,-0.0101921048636238,0.189242600401243,0.979068601131439,-81.2229643301206,-73.6056708438279,-52.1885307582051,-108.412158920993,-112.272408284522,-68.6311931838668,-142.982526399558,-130.346043554029,-76.4629806037349
09-Nov-2024 18:04:20,2,69,0.00393096607488891,0.418251456816991,-0.0203555525590976,0.110931235055129,-0.0102662310004234,0.1852376917998,0.976358493169149,-77.1176540534175,-74.4840340114964,-48.4329845328516,-114.612633277624,-114.855020227692,-70.5106333570058,-142.789748557485,-126.389945268501,-73.575564477297
09-Nov-2024 18:04:34,2,70,0.002730938900883,0.419227306048075,-0.0258790953705708,0.146244325240453,-0.0093607509508729,0.183102302749952,0.972110342979431,-70.7956418398412,-74.5704521054972,-48.4848353892521,-120.921970060636,-116.877003551751,-71.5302668284351,-142.837942748881,-122.986249276309,-71.8823582906011
09-Nov-2024 18:05:27,2,71,-0.00555829033255577,0.420057280858358,-0.0251222676287095,0.148879150549571,-0.0139690941820542,0.173032641410828,0.973498638470968,-75.8569805947014,-76.2528427363319,-48.2079877047755,-123.726875630458,-121.054301185365,-72.6048036507193,-142.690650923543,-118.33135213745,-68.6170471340343
09-Nov-2024 18:05:40,2,72,-0.00740182126561801,0.422007622321447,-0.031059310088555,0.179812239607175,-0.0166166666895151,0.165756769975026,0.969492729504903,-69.5349683811252,-76.3392608303326,-48.259838561176,-130.036212413469,-123.076284509424,-73.6244371221486,-142.738845114939,-114.927656145258,-66.9238409473384
09-Nov-2024 18:06:30,2,73,-0.0144138092796008,0.423498201370239,-0.0282518042872349,0.18165787756443,-0.0188872454067071,0.153305704394976,0.971154495080312,-76.8546316517676,-46.0236651927492,-52.497340147138,-133.618333589886,-125.35092498826,-76.8465222690054,-142.989296297968,-111.423359579732,-65.9445822757071
09-Nov-2024 18:06:44,2,74,-0.0162866389999787,0.42546933889389,-0.0341079716881116,0.214523661136627,-0.024235674738884,0.14649778008461,0.965365548928579,-70.5326194381913,-46.11008328675,-52.5491910035385,-139.927670372898,-127.372908312319,-77.8661557404347,-143.037490489364,-108.01966358754,-64.2513760890112
09-Nov-2024 18:07:15,2,75,-0.0172688445697228,0.427017736434937,-0.032997003942728,0.260964115460714,-0.0260760174443324,0.134809935092926,0.955533413092295,-43.5814449667242,-30.9954945149587,-31.0688672247194,-150.423399352612,-120.596220213766,-69.2620150495778,-143.261813176577,-102.765667308681,-62.0901436598476
09-Nov-2024 18:07:28,2,76,-0.0208304067452749,0.428638269503911,-0.0325145701567332,0.285989346106847,-0.0280932952960332,0.118344959616661,0.950481633345286,-43.9736242664226,-31.2756225861718,-31.2369440674473,-156.828592851398,-117.601020477861,-67.7924279887463,-137.838431113627,-100.670174324536,-61.0704099748961
09-Nov-2024 18:08:14,2,77,-0.0204501397907734,0.426914620399475,-0.0329788419107596,0.298947217067083,-0.0199001518388589,0.078826882938544,0.95080015261968,-70.0512224371759,-24.0302472244889,-20.6389335925655,-159.926982448535,-121.531485030649,-70.9609538467716,-134.828113298586,-97.7995311970567,-61.9916631687107
09-Nov-2024 18:08:27,2,78,-0.0255238407601913,0.428451015551885,-0.0348569773137569,0.319063077370326,-0.0258404995004336,0.0629239425063133,0.945289174715678,-70.4434017368743,-24.3103752957021,-20.8070104352934,-166.332175947321,-118.536285294744,-69.4913667859401,-129.404731235636,-95.7040382129111,-60.9719294837593
09-Nov-2024 18:09:00,2,79,-0.0228144018600384,0.426365206638972,-0.0294015639772018,0.349682946999868,-0.0181152219573657,0.0313160089155038,0.936169338226318,-48.6532904720997,-20.9027516504672,-16.9420436192164,-171.008967495283,-118.478917703185,-59.7658361845371,-125.862881296641,-89.9959701570988,-60.8476892381908
09-Nov-2024 18:09:14,2,80,-0.024284886320432,0.428255490461985,-0.0317022149761518,0.350695359706879,-0.0175161284705003,0.0231381067385276,0.936039853096008,-53.4644575871802,-21.0472417668045,-17.0287376890188,-173.158398447937,-122.711298042315,-61.8964753657356,-124.471855882944,-95.9739137930022,-63.8511100677762
09-Nov-2024 18:10:22,2,81,-0.0249264345814784,0.430001912514369,-0.0312544020513693,0.33154169122378,-0.00718524605035782,-0.0123935277884205,0.943331797917684,-77.4844794200245,-78.2228560249187,-49.6739099294188,-175.718628425178,-125.487594453618,-71.7491427766482,-122.971596531225,-100.295569893072,-65.8022776170532
09-Nov-2024 18:10:35,2,82,-0.0254745262364546,0.432748732964198,-0.0346208781003952,0.325379846493403,-0.00372847678760688,-0.0279056926568349,0.945164199670156,-82.2956465351049,-78.3673461412561,-49.7606039992212,-177.868059377832,-129.719974792747,-73.8797819578467,-121.580571117529,-106.273513528975,-68.8056984466386
09-Nov-2024 18:11:00,2,83,-0.0266193463156621,0.43052012125651,-0.0400533291200797,0.345493167638779,-0.00349078448489308,-0.0328547957042853,0.937839130560557,-65.961241009067,-48.0023983284809,-34.5515371543223,-175.57288984278,-126.249313167964,-68.3214352539024,-115.484928734821,-104.898313396962,-62.3579926360698
09-Nov-2024 18:11:14,2,84,-0.0217050015926361,0.430979760487874,-0.0390751048922539,0.340999774138133,0.00784313104425867,-0.038399143020312,0.939246010780334,-70.7724081241474,-48.1468884448183,-34.6382312241247,-177.722320795433,-130.481693507093,-70.4520744351008,-114.093903321125,-110.876257032865,-65.3614134656552
09-Nov-2024 18:12:11,2,85,-0.0194158452252547,0.433626770973206,-0.0385401594142119,0.319812550147374,0.0267618236442407,-0.0657288447022438,0.944819275538127,-84.6607889186685,-76.6866595966002,-52.1270448365767,-180.199451504234,-136.337552864266,-79.7632206737278,-116.350569422923,-116.17762878481,-72.7892709751635
09-Nov-2024 18:12:25,2,86,-0.0194852977991104,0.436588396628698,-0.0412238225340843,0.310758443673452,0.0291859090328217,-0.0800557722647985,0.946661710739136,-89.471956033749,-76.8311497129376,-52.2137389063791,-182.348882456888,-140.569933203396,-81.8938598549263,-114.959544009227,-122.155572420714,-75.7926918047489
09-Nov-2024 18:12:48,2,87,-0.0169175775100787,0.434961108366648,-0.0477231522401174,0.325907442967097,0.0470297612249851,-0.0941931674877803,0.93952116171519,-78.1967299885499,-47.5232803469963,-31.6014927475061,-183.087163287615,-139.239053051547,-77.3397525648391,-108.117364353278,-125.995230114638,-70.7333309742958
09-Nov-2024 18:13:01,2,88,-0.0167037084698677,0.43418196439743,-0.0494399592280388,0.328075025478999,0.0476555538674196,-0.0983413582046827,0.938309188683828,-77.7479816432474,-45.9307715890736,-30.6459874927524,-176.695386920466,-137.726688398799,-76.424319362673,-104.910253061298,-120.345962447675,-67.7494462650221
09-Nov-2024 18:13:24,2,89,-0.0218416425089041,0.427495527267456,-0.0440224200487137,0.311972369750341,0.0402058357993762,-0.0970550934473673,0.944265198707581,-69.4810367178052,-29.6120830900117,-19.3410121236611,-169.448035492354,-133.507693500562,-72.241512924864,-99.0525646481915,-113.552551809723,-60.8841707257292
09-Nov-2024 18:13:37,2,90,-0.0229407904048761,0.423842644691467,-0.0460645340383053,0.302405812342962,0.0348767059544722,-0.0918163880705833,0.948105351130168,-69.0322883725027,-28.019574332089,-18.3855068689075,-163.056259125205,-131.995328847815,-71.3260797226978,-95.8454533562114,-107.90328414276,-57.9002860164556
09-Nov-2024 18:14:41,2,91,-0.0250020089248816,0.421518327792486,-0.0414664094646772,0.266170569260915,0.0290786226590474,-0.0782327016194661,0.960305857658386,-79.9744417371302,-70.6639757035974,-48.6302665569852,-161.411695227575,-138.729649072322,-76.5019599027102,-99.8630535036681,-109.856944990303,-61.4507058921723
09-Nov-2024 18:14:54,2,92,-0.0253716210524241,0.420885996023814,-0.0401679217815399,0.260866095622381,0.0281502770880858,-0.0747536068161329,0.96206461985906,-79.5256933918277,-69.0714669456748,-47.6747613022316,-155.019918860426,-137.217284419574,-75.586526700544,-96.655942211688,-104.20767732334,-58.4668211828987
09-Nov-2024 18:15:46,2,93,-0.0304983894030253,0.416216937700907,-0.043270010749499,0.240183398127556,0.0263363353908062,-0.0750578532616297,0.967463000615438,-77.6473959014903,-68.3724132524679,-49.7943885188938,-151.226748728036,-140.353262205454,-78.3167501894671,-93.1611866394264,-103.48487391363,-59.8750887661201
09-Nov-2024 18:16:00,2,94,-0.030495663980643,0.415299514929454,-0.0421407744288445,0.233115557829539,0.0254048715035121,-0.0718395918607712,0.969459044933319,-77.1986475561878,-66.7799044945452,-48.8388832641402,-144.834972360887,-138.840897552706,-77.4013169873009,-89.9540753474463,-97.8356062466669,-56.8912040568465
09-Nov-2024 18:16:52,2,95,-0.0348998452226321,0.409689696629842,-0.0418710154791673,0.212759468952815,0.0162788141518831,-0.0556152892609437,0.975384740034739,-74.2351246383678,-68.0341232689805,-47.3959442450945,-139.292499111118,-139.202704119272,-78.9087121306794,-89.5281419153254,-92.9995707083304,-55.2033954938204
09-Nov-2024 18:17:05,2,96,-0.0363277388115724,0.408645860354106,-0.0407860395809015,0.207008001208305,0.0147784579545259,-0.057370447119077,0.976543871561686,-73.7863762930653,-66.4416145110578,-46.4404389903409,-132.900722743969,-137.690339466525,-77.9932789285132,-86.3210306233453,-87.3503030413676,-52.2195107845467
09-Nov-2024 18:17:59,2,97,-0.0403725266456604,0.403936165571213,-0.0407524270315965,0.172096575299899,0.0174030635505915,-0.0625734234849612,0.982936680316925,-74.555240661504,-64.6224695193141,-46.5162168534413,-128.50859793551,-138.615060423434,-77.5392598991193,-84.0545082612948,-82.107651438718,-50.6336641483969
09-Nov-2024 18:18:13,2,98,-0.040433689703544,0.403784741957982,-0.0401686983803908,0.171400594711304,0.0165615131457647,-0.0618012107908726,0.983121661345164,-74.1064923162016,-63.0299607613914,-45.5607115986877,-122.116821568361,-137.102695770686,-76.6238266969532,-80.8473969693147,-76.4583837717553,-47.6497794391232
09-Nov-2024 18:19:03,2,99,-0.048366213341554,0.39819503625234,-0.0423535071313381,0.149260067939758,0.0104984855900208,-0.0553877686460813,0.987189658482869,-71.2665503277697,-63.4991338865583,-42.945847902861,-118.824870980557,-136.208873922767,-76.1641005811731,-77.8105801422994,-69.2874241369491,-35.8399137664115
09-Nov-2024 18:19:17,2,100,-0.0513405814766884,0.397884873549143,-0.0418684440354506,0.148701468110085,0.00865363944321871,-0.058218568811814,0.987128961086273,-70.8178019824672,-61.9066251286356,-41.9903426481074,-112.433094613408,-134.696509270019,-75.248667379007,-74.6034688503194,-63.6381564699863,-32.8560290571379
09-Nov-2024 18:20:32,3,1,-0.0204799093306065,0.311369452873866,0.00906234035889308,-0.0199454894910256,-0.00362410893042882,0.00359120167170962,0.999788097540538,-10.125,-13.275,-6.22500000000001,-9.9,-13.875,-6.52500000000001,-7.80000000000001,-9.3,-10.5
09-Nov-2024 18:20:46,3,2,-0.0258176741500696,0.314103438456853,0.00397439089914163,-0.0275998471925656,-0.000633236928842962,-0.0180546656250954,0.999455829461416,-15.4217955485416,-10.5862678263348,-4.54702669285563,-12.8072339478319,-20.6425232957303,-9.57516033648582,-5.73357317273266,-5.96387826840233,-8.49832696104139
09-Nov-2024 18:21:29,3,3,-0.0288891800989707,0.3208800137043,-0.00135537628860523,-0.0185349353899558,0.000940574457248052,-0.0402094972630342,0.999018939336141,-23.3810910970832,-17.3100356526695,0.168446614288751,-22.3144678956638,-28.0475465914606,-16.9378206729716,-10.4921463454653,-10.4277565368046,-9.27165392208274
09-Nov-2024 18:21:43,3,4,-0.0346976578235626,0.323699881633123,-0.00440756808966398,-0.0234672596057256,0.00519392009203633,-0.0608950294554234,0.997854765256246,-28.6778866456248,-14.6213034790043,1.84641992143313,-25.2217018434957,-34.8150698871909,-19.9879810094574,-8.4257195181979,-7.0916348052069,-7.26998088312414
09-Nov-2024 18:22:31,3,5,-0.0315801925957203,0.328258339564006,-0.00457086792836587,0.00302036638992528,0.00324458212902149,-0.0625336443384488,0.998033050696055,-29.5550474483891,-22.5675662786163,-10.9904157593158,-33.6057525104974,-40.6515763005989,-23.6136884971044,-13.0734125465102,-14.5709355623263,-14.1077105426268
09-Nov-2024 18:22:45,3,6,-0.0297731010864178,0.331683580080668,-0.0082299239312609,0.0296992796162764,0.000369425882430126,-0.0646232157945633,0.997467668851217,-28.3509582511534,-22.5825790782283,-11.0210014400648,-41.2398031774992,-43.094332714007,-24.8581459847514,-16.1086055748226,-19.5752363194458,-16.6329402021295
09-Nov-2024 18:23:32,3,7,-0.0283444032073021,0.335977345705032,-0.00697364031026761,0.053418430685997,-0.000503657467197627,-0.0638138016064962,0.996531021595001,-30.6624940539177,-27.5382168778405,-15.3547121208137,-47.7488538445009,-45.433964127415,-28.1932284723983,-20.400048603135,-23.8670370765652,-20.1144198616321
09-Nov-2024 18:23:45,3,8,-0.0267650112509727,0.339430224895477,-0.0105805262923241,0.0779884114861488,-0.000550670801506688,-0.0625952064990997,0.994987134138743,-29.458404856682,-27.5532296774525,-15.3852978015626,-55.3829045115027,-47.8767205408231,-29.4376859600453,-23.4352416314473,-28.8713378336846,-22.6396495211348
09-Nov-2024 18:24:32,3,9,-0.0259480969359477,0.341401871045431,-0.00959155615419149,0.0941448618968328,-0.000812898227013648,-0.0554996964832147,0.994010027249654,-27.8371281594463,-29.5885549770647,-19.6674459823116,-58.6294551785044,-51.7679144542311,-33.1524559476922,-27.0235596597597,-32.1693885908041,-25.4930041806375
09-Nov-2024 18:24:45,3,10,-0.0257024724036455,0.345546861489614,-0.0139002038786809,0.123666912813981,-0.00198075262984882,-0.0535497402151426,0.990875856081645,-26.6330389622107,-29.6035677766767,-19.6980316630605,-66.2635058455062,-54.2106708676391,-34.3969134353392,-30.0587526880721,-37.1736893479236,-28.0182338401402
09-Nov-2024 18:25:32,3,11,-0.0227119227250417,0.347358187039693,-0.0139793279891213,0.153155955672264,-0.00271813853954275,-0.0400617341200511,0.987385944525401,-24.620356014975,-32.4287368262889,-21.4043985938095,-70.803806512508,-57.2276460310472,-36.2015271729862,-33.7455082163845,-42.299865105043,-29.8825259996429
09-Nov-2024 18:25:45,3,12,-0.021399209027489,0.351207367579142,-0.0181583066781362,0.179171116153399,-0.00140408961257587,-0.0421451228360335,0.98291380405426,-23.4162668177393,-32.443749625901,-21.4349842745585,-78.4378571795097,-59.6704024444552,-37.4459846606332,-36.7807012446969,-47.3041658621625,-32.4077556591456
09-Nov-2024 18:26:34,3,13,-0.0197047702968121,0.355353750785192,-0.0173957756410042,0.211331610878309,0.00208446341566741,-0.0488375820219517,0.976191345850627,-23.0078807455036,-35.8138405505132,-23.4284605803074,-88.3500328465115,-62.1002682328633,-37.9955202732802,-40.0666755230092,-51.6944041192819,-35.4275165686482
09-Nov-2024 18:26:47,3,14,-0.0209924065818389,0.358469245831172,-0.0159534965952237,0.219657884041468,-0.00267362895732125,-0.0329462627569834,0.975016836325328,-24.6696470102229,-39.3089732717107,-25.5255402130259,-91.6974388674252,-59.4718190568573,-37.0308089573969,-46.9447559860471,-48.9400847707561,-34.399870166505
09-Nov-2024 18:27:33,3,15,-0.0215648936728636,0.360296201705933,-0.0120173498988152,0.234091834227244,-0.0076862832531333,-0.018674981718262,0.972004731496175,-23.3542648374422,-44.1816450554083,-23.2790651582444,-94.5339073883389,-56.0869245683513,-36.2436367040137,-52.448227074085,-47.3037341722302,-33.5444893893619
09-Nov-2024 18:27:47,3,16,-0.022353454058369,0.36350731253624,-0.00947339919706186,0.23642098903656,-0.0120748331149419,0.00280018588528037,0.971571640173594,-25.0160311021614,-47.6767777766058,-25.3761447909629,-97.8813134092527,-53.4584753923454,-35.2789253881305,-59.3263075371229,-44.5494148237043,-32.5168429872187
09-Nov-2024 18:28:32,3,17,-0.0231444547573725,0.367042835553487,-0.00623729374880592,0.234394248326619,-0.0140466400111715,0.0113427482545376,0.971973967552185,-28.7142231481307,-48.1106800290532,-24.7764470799314,-100.898250680166,-49.8518035600895,-34.4779836034972,-65.8920833126607,-42.1290798501785,-29.4753293975755
09-Nov-2024 18:28:45,3,18,-0.024507957448562,0.370491389433543,-0.00393739477731287,0.239569962024689,-0.0169867287079493,0.0298706267029047,0.970270824432373,-30.3759894128499,-51.6058127502507,-26.8735267126498,-104.24565670108,-47.2233543840835,-33.513272287614,-72.7701637756986,-39.3747605016526,-28.4476829954323
09-Nov-2024 18:29:32,3,19,-0.0248835831880569,0.369160509109497,-0.00717273705328504,0.228774538636208,-0.016087539618214,0.00524725612873832,0.973332393169403,-32.6307365990027,-49.6718549003408,-24.8181324714539,-103.005525694067,-53.2079033206985,-37.0016529240555,-67.1709113994546,-42.523836000669,-29.551456795887
09-Nov-2024 18:29:45,3,20,-0.0306309131284555,0.369778539737066,-0.0135254179437955,0.222455499569575,-0.019338434189558,-0.0036920852959156,0.97474406560262,-34.0172708945304,-47.6185122848059,-23.586126902133,-101.255629062054,-60.1315635854384,-40.258148794872,-61.2028113669605,-41.9059193121854,-29.0371641900918
09-Nov-2024 18:30:34,3,21,-0.0320190966129303,0.367624672253927,-0.0168649253745874,0.216574143369993,-0.0158174935728312,-0.0373441584408283,0.975423435370127,-35.1629116353707,-46.5998620520835,-25.6174269968745,-102.085615242541,-67.0356681861159,-44.6805870485009,-56.9941351625914,-41.5214987174519,-29.9319047874215
09-Nov-2024 18:30:48,3,22,-0.0373177990317345,0.368074657519658,-0.022499805688858,0.212309054533641,-0.0164117094129324,-0.0496786393225193,0.975800999005636,-36.5494459308984,-44.5465194365486,-24.3854214275536,-100.335718610528,-73.9593284508558,-47.9370829193174,-51.0260351300974,-40.9035820289683,-29.4176121816262
09-Nov-2024 18:31:37,3,23,-0.0401980099578698,0.365027159452438,-0.0256285104900599,0.196610047419866,-0.0105630060657859,-0.0773824393749237,0.977366324265798,-37.5155334490824,-45.1855230124201,-28.0850686902639,-97.9257633847649,-80.4232108835646,-52.0015499815402,-44.1376470116658,-40.1774133873597,-28.5578361773934
09-Nov-2024 18:31:50,3,24,-0.0459349622329076,0.365398412942886,-0.0317663242419561,0.195066648721695,-0.00746406863133113,-0.0956201493740082,0.976089171568553,-38.9020677446102,-43.1321803968852,-26.8530631209429,-96.1758667527518,-87.3468711483045,-55.2580458523567,-38.1695469791718,-39.5594966988762,-28.0435435715982
09-Nov-2024 18:32:42,3,25,-0.0454639072219531,0.364733086029689,-0.0331428046027819,0.172440751393636,-0.000120330327384484,-0.10211034566164,0.979713094234467,-40.603378651466,-43.1750108770536,-29.7368839676376,-94.9209408238638,-91.1156424970289,-59.4435273188763,-37.1413029037089,-40.0124540338301,-28.1815092665841
09-Nov-2024 18:32:56,3,26,-0.0514117461939653,0.365940841039022,-0.0399669314424197,0.169849713643392,0.00384599717023472,-0.117399253447851,0.978444496790568,-41.9899129469938,-41.1216682615187,-28.5048783983167,-93.1710441918507,-98.0393027617688,-62.7000231896928,-31.1732028712149,-39.3945373453465,-27.6672166607889
09-Nov-2024 18:33:42,3,27,-0.0462724712987741,0.368412697315216,-0.0380988774200281,0.142808369795481,0.011793414503336,-0.102505253255367,0.984357360998789,-46.5496310712257,-21.014876338844,-13.9524636657442,-93.460410482351,-100.985015917223,-61.1182060889576,-41.074545758868,-39.7235630153339,-30.5572514349962
09-Nov-2024 18:33:55,3,28,-0.0496666704614957,0.369634954134623,-0.0333192269007365,0.125038563708464,0.0142097157736619,-0.116573941707611,0.985177139441172,-53.7269608897936,-24.5349978683182,-15.6421357251637,-92.2272914212888,-99.1331735306842,-60.1218961903708,-38.1559606680054,-36.4421516736026,-28.846157058813
09-Nov-2024 18:35:00,3,29,-0.045578471571207,0.371247414747874,-0.0266208919386069,0.103169104456902,0.0195621131608884,-0.131257588664691,0.985771246751149,-61.3954848611934,-51.4916626717183,-30.285764388587,-94.2304150360079,-98.2551089151419,-58.9828326907099,-40.7473395664009,-42.2409588377307,-31.385627257825
09-Nov-2024 18:35:14,3,30,-0.0504061629374822,0.373155552148819,-0.0203971842924754,0.0778155222535133,0.0207136409978072,-0.148402917385101,0.985643061002096,-68.5728146797613,-55.0117842011925,-31.9754364480065,-92.9972959749457,-96.4032665286036,-57.9865227921231,-37.8287544755383,-38.9595474959993,-29.6745328816418
09-Nov-2024 18:36:12,3,31,-0.0457428246736526,0.372936755418777,-0.016872351616621,0.0516839444637299,0.0228254174192746,-0.14604806403319,0.987662812074026,-71.7957415747452,-55.1001773676297,-34.667086809428,-90.9822982517741,-95.3383130275632,-56.1688360929993,-41.040151379305,-42.918245407198,-31.2137207930562
09-Nov-2024 18:36:25,3,32,-0.0503959936400255,0.374846524000168,-0.0122927101949851,0.0287907080103954,0.024182274316748,-0.16155646443367,0.986146942774455,-78.973071393313,-58.6202988971038,-36.3567588688476,-89.7491791907119,-93.4864706410249,-55.1725261944126,-38.1215662884424,-39.6368340654667,-29.502626416873
09-Nov-2024 18:37:19,3,33,-0.04280046398441,0.374464589357376,-0.0160093683749437,-0.00595926018431783,0.0395827303330104,-0.16831569870313,0.9849200963974,-83.573199750089,-52.6245562450591,-23.0974200792682,-86.7001207985951,-93.9030726972355,-50.9155278955573,-39.3179721948947,-42.9004773502006,-31.9666731844888
09-Nov-2024 18:37:32,3,34,-0.0483895433445772,0.376474692424138,-0.0098171550159653,-0.0277880160758893,0.0400204877058665,-0.182802638411522,0.981941648324331,-90.7505295686568,-56.1446777745333,-24.7870921386877,-85.4670017375329,-92.0512303106971,-49.9192179969706,-36.3993871040321,-39.6190660084693,-30.2555788083055
09-Nov-2024 18:38:16,3,35,-0.0398942664265633,0.373571002483368,-0.00622031126792232,-0.0615239029129346,0.040334627777338,-0.189223329226176,0.97917441924413,-94.3892586563287,-43.356867213248,-18.8522587736078,-77.7009130109434,-79.9336101455333,-41.8175638982496,-36.288297511827,-42.0851819799708,-27.9320550040218
09-Nov-2024 18:38:29,3,36,-0.0429407288630803,0.375118168195089,-0.00783320469781756,-0.0529180698096752,0.0411727704107761,-0.197783635059992,0.977949992815654,-95.544717793921,-48.3374026810122,-21.3612816973798,-84.269177520031,-83.7188559164711,-43.7289419736084,-36.5508701702854,-42.2727338788696,-28.0445861433611
09-Nov-2024 18:38:53,3,37,-0.0509734516342481,0.374730392297109,-0.00918380537380775,-0.0426939837634563,0.0480202463765939,-0.225218841433525,0.972187101840973,-94.1058765660652,-44.1139721033966,-20.1330519089021,-86.9709571963549,-82.9712127980962,-41.1126479489001,-10.9171905780716,-15.1840494343841,-11.7259025686501
09-Nov-2024 18:39:06,3,38,-0.0487163501481215,0.377241122722626,-0.012215265010794,-0.0183174276103576,0.0479837276041508,-0.234533290068309,0.970750296115875,-95.2613357036575,-49.0945075711608,-22.642074832674,-93.5392217054425,-86.756458569034,-43.0240260242588,-11.1797632365299,-15.3716013332829,-11.8384337079894
09-Nov-2024 18:40:10,3,39,-0.0419817047814528,0.384199241797129,-0.00963921758035819,-0.00220509317393104,0.0368030120929082,-0.203592411677043,0.978361308574677,-98.7946446585258,-55.6980600162351,-35.2074714003211,-101.324243798148,-89.9252598953154,-51.446568049584,-44.5442097696532,-48.4210350604904,-32.3103574903036
09-Nov-2024 18:40:24,3,40,-0.0485999395449956,0.387704841295878,-0.0131705330063899,0.0211630868415038,0.0386457142730554,-0.217613683144252,0.975039954980214,-99.9501037961181,-60.6785954839993,-37.7164943240931,-107.892508307236,-93.7105056662532,-53.3579461249428,-44.8067824281115,-48.6085869593892,-32.4228886296429
09-Nov-2024 18:41:13,3,41,-0.0422622899214427,0.390326235691706,-0.014460442836086,0.0366247594356537,0.0383204482495785,-0.211323091387749,0.975977845986684,-100.119487842348,-60.5456394404185,-33.2537040698026,-111.694151608132,-101.087529214863,-49.7499061752848,-47.8202920239026,-52.7770797724427,-35.6651160904698
09-Nov-2024 18:41:26,3,42,-0.0485747933387756,0.393414014577866,-0.0147459318861365,0.0515627068777879,0.0364215532938639,-0.225082536538442,0.972292423248291,-101.274946979941,-65.5261749081827,-35.7627269935746,-118.26241611722,-104.872774985801,-51.6612842506436,-48.0828646823609,-52.9646316713415,-35.7776472298091
09-Nov-2024 18:41:50,3,43,-0.0515561970571677,0.394582915306091,-0.0147107318043709,0.0705546423792839,0.036676167200009,-0.244649532437325,0.966345409552256,-101.262368571852,-67.6499646202744,-34.7858433283154,-123.972370022212,-104.378909645574,-51.5629533134939,-16.8709058094844,-21.6926540273164,-15.5550265298919
09-Nov-2024 18:42:04,3,44,-0.0541347309947014,0.398373152812322,-0.017345916479826,0.0914791449904442,0.0358354454239209,-0.246956393122673,0.964033110936483,-102.417827709444,-72.6305000880386,-37.2948662520873,-130.5406345313,-108.164155416512,-53.4743313888527,-17.1334784679427,-21.8802059262152,-15.6675576692312
09-Nov-2024 18:43:17,3,45,-0.0476009108126163,0.406748994191488,-0.0132950561121106,0.10239709019661,0.0281197590132554,-0.222797577579816,0.969064203898112,-108.614268074196,-80.7576626779666,-47.8109358813437,-139.229743738339,-112.209845631868,-62.5558549579573,-62.7087853607352,-61.3879930536534,-43.4125128889428
09-Nov-2024 18:43:30,3,46,-0.0457794005672137,0.408810748656591,-0.00685140589872996,0.0905667473872503,0.0199275584270557,-0.21271531979243,0.972703842322032,-112.310024996981,-83.5889077087228,-49.4514828633479,-136.090189200343,-107.142731801836,-60.2472225095677,-67.02160889203,-65.1890790512867,-45.5379803543855
09-Nov-2024 18:43:54,3,47,-0.0528584286570549,0.403992523749669,0.000797233699510495,0.0725405310591062,0.013472075201571,-0.254347356160482,0.964294366041819,-113.576272533346,-83.643466300561,-45.3455531980944,-130.861057011322,-100.405840194014,-52.6736628080511,-33.5407995404904,-32.7752826631883,-24.1296598600139
09-Nov-2024 18:44:07,3,48,-0.0550492346286774,0.403903154532115,0.00557801090180874,0.0521474741399288,0.0109816807011763,-0.263322579860687,0.963234663009644,-117.272029456132,-86.4747113313173,-46.9861001800987,-127.721502473325,-95.3387263639827,-50.3650303596616,-37.8536230717852,-36.5763686608215,-26.2551273254567
09-Nov-2024 18:45:09,3,49,-0.0468306745092074,0.407669009764989,0.011229160365959,0.0118589006985227,0.00510983948285381,-0.242860676844915,0.969975252946218,-125.753031685707,-91.8926131426146,-52.3534088384741,-129.162159109817,-97.1617236450558,-53.6739342847085,-61.5196301616637,-61.3450134655898,-42.3387008109924
09-Nov-2024 18:45:23,3,50,-0.044450814773639,0.410114051898321,0.0161152994881074,-0.0017408029253905,0.00170694335053364,-0.234405224521955,0.972135821978251,-129.448788608492,-94.7238581733708,-53.9939558204784,-126.02260457182,-92.0946098150245,-51.3653018363189,-65.8324536929585,-65.1460994632231,-44.4641682764352
09-Nov-2024 18:45:46,3,51,-0.0559967488050461,0.405280856291453,0.0238079097121954,-0.0162685755640268,-0.0104146306713422,-0.279765111207962,0.959874149163564,-128.037168184673,-94.6484315943976,-50.8978836406682,-120.223155621067,-82.0725515405454,-44.2904375746476,-40.9718690035442,-41.030964864423,-27.1686887519243
09-Nov-2024 18:45:59,3,52,-0.0535507855316003,0.40537241101265,0.0275768311073383,-0.02384882842501,-0.0157462158550819,-0.280796762307485,0.95934153397878,-131.732925107458,-97.4796766251539,-52.5384306226725,-117.083601083071,-77.005437710514,-41.9818051262581,-45.284692534839,-44.8320508620562,-29.2941562173671
09-Nov-2024 18:46:55,3,53,-0.0486698257426421,0.408538383245468,0.0317385340730349,-0.0537288017570972,-0.0191654579093059,-0.244950899481773,0.967855882644653,-135.799993356941,-106.807585851045,-63.9606680237695,-119.364099338696,-77.1858516582588,-49.3650567712276,-61.3358119557795,-61.000026561473,-41.1341501878328
09-Nov-2024 18:47:08,3,54,-0.0461515471339226,0.410865680376689,0.036859351148208,-0.0675623347361883,-0.0216432726631562,-0.234682806332906,0.969479668140411,-139.495750279726,-109.638830881802,-65.6012150057738,-116.224544800699,-72.1187378282274,-47.0564243228381,-65.6486354870744,-64.8011125591063,-43.2596176532756
09-Nov-2024 18:47:35,3,55,-0.0519752092659473,0.40833527247111,0.0404453786710898,-0.0920097236831983,-0.0260846726596355,-0.243632465600967,0.96514093875885,-141.202162865861,-107.768408010126,-59.9826071973245,-108.970016659514,-61.8753878870841,-37.5937339211281,-60.6806069631917,-48.3856434076311,-30.81734837123
09-Nov-2024 18:47:48,3,56,-0.0511675616105398,0.409828988711039,0.041021470228831,-0.116713604827722,-0.0223470587283373,-0.230947973330816,0.965681930383047,-144.897919788646,-110.599653040882,-61.6231541793288,-105.830462121517,-56.8082740570528,-35.2851014727386,-64.9934304944865,-52.1867294052643,-32.9428158366728
09-Nov-2024 18:48:43,3,57,-0.0530800620714823,0.411285384496053,0.0430128326018651,-0.148295845588048,-0.0169274734954039,-0.233252320686976,0.960892923672994,-150.299004543106,-118.880064120422,-72.0841237661062,-106.033420781926,-74.3530421714653,-50.0994400476887,-65.4158279981926,-63.0545378283432,-40.7594149283712
09-Nov-2024 18:48:56,3,58,-0.0505706074337165,0.413909606138865,0.0488277728358905,-0.160814638932546,-0.018979100510478,-0.223271485169729,0.961211864153544,-153.994761465891,-121.711309151178,-73.7246707481105,-102.893866243929,-69.2859283414339,-47.7908075992991,-69.7286515294874,-66.8556238259765,-42.884882393814
09-Nov-2024 18:49:44,3,59,-0.055843061953783,0.414754603306452,0.0486243759592374,-0.191695332527161,-0.0125609222178658,-0.219725613792737,0.956460058689117,-158.318182304514,-128.167137206326,-74.9004290325013,-101.575568305135,-75.8997554836249,-51.3436606625794,-70.5962620469878,-60.9900710363327,-43.4309156723847
09-Nov-2024 18:49:57,3,60,-0.0549458116292953,0.417648682991664,0.0549313277006149,-0.204704440633456,-0.0147390772898992,-0.211638846000036,0.955556285381317,-162.013939227299,-130.998382237083,-76.5409760145056,-98.4360137671383,-70.8326416535935,-49.0350282141899,-74.9090855782827,-64.7911570339659,-45.5563831378274
09-Nov-2024 18:50:51,3,61,-0.0586954541504383,0.419266629219055,0.0571121561030547,-0.235682661334674,-0.00278849885798991,-0.206623517473539,0.949606541792552,-166.998528108003,-136.391918780035,-84.1741286477031,-97.632087528743,-78.2059983096739,-52.8071385216355,-75.5493026026803,-68.4839236379606,-44.3421335098342
09-Nov-2024 18:51:04,3,62,-0.0530312980214755,0.418478248516719,0.0569156703849634,-0.24026296834151,-0.00101507334814717,-0.186361454923948,0.952650030454,-160.572044601297,-135.484664273825,-83.5867617893477,-90.3841608581291,-76.8686022571702,-52.0047008901333,-77.6341889801209,-72.4228487200512,-46.1778564456291
09-Nov-2024 18:51:54,3,63,-0.0488958147664865,0.412622175614039,0.0581764213740826,-0.239338166515032,0.00403637988492847,-0.150024395187696,0.959267234802246,-156.28997707355,-137.508555523713,-81.570697756589,-82.429048337316,-73.5764414477223,-52.8176346365487,-77.3577721041128,-77.1326141053224,-49.043720834706
09-Nov-2024 18:52:07,3,64,-0.0448386733730634,0.411042177677155,0.059150475760301,-0.250958037376404,0.00833470281213522,-0.126243771115939,0.959694282213847,-149.863493566845,-136.601301017503,-80.9833308982337,-75.1811216667022,-72.2390453952187,-52.0151970050465,-79.4426584815533,-81.071539187413,-50.8794437705009
09-Nov-2024 18:52:54,3,65,-0.0342296863595645,0.408068293333054,0.0551312565803528,-0.238522001107534,-0.00125354120197395,-0.101499704519908,0.965817546844482,-147.659218049618,-126.584619389342,-70.3066154526767,-72.9046020709886,-67.8992669642428,-51.1204450625031,-81.9218932322696,-86.2208844210939,-54.0552374329368
09-Nov-2024 18:53:08,3,66,-0.0281958283235629,0.406948705514272,0.0554047428071499,-0.248402643203735,-0.00117221555362145,-0.0768834382295609,0.965600188573202,-141.232734542912,-125.677364883132,-69.7192485943214,-65.6566754003748,-66.5618709117391,-50.3180074310009,-84.0067796097101,-90.1598095031845,-55.8909603687317
09-Nov-2024 18:54:01,3,67,-0.0238364572326342,0.403780911366145,0.0501736044883728,-0.209190372625987,-0.000520399694020549,-0.0552985397477945,0.976310010751088,-135.238099528657,-127.663176397621,-73.5378231266549,-69.8577810532862,-67.8905426045224,-48.9547680046919,-87.4573898245881,-93.9166877868626,-57.9173161241956
09-Nov-2024 18:54:15,3,68,-0.0185736200461785,0.404786862929662,0.0494653336703777,-0.202504037817319,-0.00200655158453931,-0.0415189991394679,0.978398835659027,-128.257360519662,-122.878701473086,-71.0760719525893,-71.0481831687476,-67.1954054865417,-48.5376857339035,-90.3358258528283,-97.6683559947456,-59.723636516339
09-Nov-2024 18:55:08,3,69,-0.0131825193141898,0.401311788956324,0.0431016517182191,-0.160706959168116,0.00354867877128224,0.00254020729723076,0.986992545922597,-121.244673508036,-122.829369768063,-70.0294836317233,-70.5189370529339,-66.837172773943,-49.1475248853548,-94.7003489743875,-101.422629240526,-61.1899745901427
09-Nov-2024 18:55:21,3,70,-0.0089648154253761,0.401925929387411,0.0427193470299244,-0.150225418806076,0.00334025695919991,0.0179895208527644,0.988482467333476,-114.263934499041,-118.044894843528,-67.5677324576577,-71.7093391683953,-66.1420356559624,-48.7304426145664,-97.5787850026277,-105.174297448409,-62.9962949822862
09-Nov-2024 18:56:12,3,71,-0.00214521413048108,0.398400682210922,0.0350866151352723,-0.128262715538343,-0.000240830670615348,0.0357305832207203,0.991096373399099,-110.11722148873,-113.302991528749,-64.9885627101919,-70.0149171682191,-66.2903507406727,-48.0768210548979,-97.6002645775273,-109.077268175241,-64.8576242152597
09-Nov-2024 18:56:26,3,72,0.0025861675851047,0.399068812529246,0.0344494817157586,-0.112997531394164,0.000532482065803682,0.0539663044114908,0.992128499348958,-103.136482479735,-108.518516604214,-62.5268115361263,-71.2053192836805,-65.5952136226921,-47.6597387841095,-100.478700605768,-112.828936383124,-66.6639446074032
09-Nov-2024 18:57:18,3,73,0.0115218631302317,0.397067642211914,0.0278148973981539,-0.0799013644456863,0.000721042832204451,0.0840097750226657,0.993256080150604,-97.4977564700821,-103.080327484557,-59.1813510753606,-73.803309341323,-64.4968026060569,-47.124386868881,-103.428658407337,-116.431255850481,-70.5977694199616
09-Nov-2024 18:57:31,3,74,0.0165327207495769,0.399105250835419,0.0264580520490805,-0.0590514692167441,0.00312172917959591,0.100042989353339,0.993224334716797,-90.5170174610868,-98.2958525600224,-56.719599901295,-74.9937114567844,-63.8016654880763,-46.7073045980926,-106.307094435578,-120.182924058364,-72.4040898121051
09-Nov-2024 18:58:21,3,75,0.0246199302375317,0.395902758836746,0.0206739348669847,-0.0195700620611509,0.0110522323598464,0.119449536999067,0.992585889498393,-82.5572849517627,-91.6095205379264,-52.8409940838794,-76.6629075433363,-63.4298914207684,-45.5560875050842,-105.771291350483,-125.059917895985,-75.049162414456
09-Nov-2024 18:58:35,3,76,0.0298459450403849,0.397242468595505,0.0189613329867522,-0.00504574378331502,0.016276278719306,0.137663758794467,0.990332420667013,-75.5765459427673,-86.8250456133913,-50.3792429098138,-77.8533096587976,-62.7347543027877,-45.1390052342958,-108.649727378723,-128.811586103868,-76.8554828065994
09-Nov-2024 18:59:25,3,77,0.0247148171067238,0.398506647348404,0.0155032850181063,0.00870065577328205,0.0205451120932897,0.143460393945376,0.989404551188151,-77.4144078829053,-85.2944776108004,-50.7232402121043,-82.4022011820999,-66.1188793368321,-45.3254039284105,-112.027022007401,-124.923427351769,-73.6541924790903
09-Nov-2024 18:59:39,3,78,0.0225505358229081,0.402109344800313,0.0146020961925387,0.0241443733374278,0.0248903254667918,0.15040663977464,0.988015913963318,-78.7667665732076,-86.51483815699,-51.4006648360699,-88.2866957198569,-66.7913228455401,-45.7288700336353,-116.961436192746,-120.547605784802,-71.5335260464775
09-Nov-2024 19:00:28,3,79,0.0129162400340041,0.402863214413325,0.0136922021086017,0.0516076765954494,0.0276765952507655,0.140053499738375,0.988410699367523,-78.3368768884278,-88.3847344287893,-51.461375799198,-95.3033887503865,-68.5946071169163,-46.248802433305,-118.117290599758,-115.515615625268,-69.6225476664165
09-Nov-2024 19:00:41,3,80,0.0114527758831779,0.406012570858002,0.0128401642665267,0.0662313356995583,0.0308062501251698,0.14571172396342,0.986626843611399,-79.6892355787302,-89.6050949749789,-52.1388004231636,-101.187883288143,-69.2670506256243,-46.6522685385298,-123.051704785103,-111.139794058301,-67.5018812338036
09-Nov-2024 19:01:31,3,81,0.00230663075732688,0.407254940271378,0.0117483378077547,0.0818256984154383,0.0282297693192959,0.152379493912061,0.984524361292521,-81.9504700814914,-92.4252233839733,-52.4328682167104,-103.963477072287,-72.6049145156665,-47.6389677909771,-125.946839081282,-106.810888195051,-65.5610588274667
09-Nov-2024 19:01:45,3,82,0.000437217314417164,0.410539694627126,0.0110372964292765,0.0928485080599785,0.0290095783770084,0.155795673529307,0.982987960179647,-83.3028287717937,-93.6455839301629,-53.110292840676,-109.847971610044,-73.2773580243744,-48.0424338962018,-130.881253266627,-102.435066628084,-63.4403923948538
09-Nov-2024 19:02:32,3,83,-0.0022384009634455,0.407397355635961,0.00990944753090541,0.0768127640088399,0.0234459761530161,0.145942474404971,0.986027852694194,-84.2029866087756,-85.4536551574397,-51.7815543095435,-105.237628172149,-73.0744342321708,-46.3125797145174,-125.672467987404,-100.334501389146,-61.7021490987333
09-Nov-2024 19:02:45,3,84,-0.00310368958550195,0.406807772318522,0.00441573659578959,0.0701638360818227,0.0187600389122963,0.144288857777913,0.986866688728332,-85.098706539528,-79.6868424533141,-48.9194941936205,-100.60673511106,-76.6388002493002,-48.1161089592219,-121.183322652765,-98.7354782983493,-60.9239837894749
09-Nov-2024 19:03:34,3,85,-0.00177669732365757,0.403889540831248,0.00940980451802413,0.0293007895350456,0.0135657526552677,0.122050204873085,0.991998593012492,-89.4466454233951,-75.7074717148896,-48.8490948700927,-98.3111168615682,-71.1195213617628,-44.1029464907319,-118.584357345834,-96.9606841334821,-60.1907794867854
09-Nov-2024 19:03:47,3,86,-0.00328263933770359,0.403496066729228,0.00429254074891408,0.0218376918385426,0.00968972692886988,0.119809933006763,0.992509373029073,-90.3423653541475,-69.940659010764,-45.9870347541697,-93.6802238004797,-74.6838873788922,-45.9064757354363,-114.095212011195,-95.3616610426857,-59.412614177527
09-Nov-2024 19:04:35,3,87,-0.000945744531539579,0.400062324603399,0.00942032349606355,-0.00405373626078169,0.00653488726044695,0.116049953798453,0.993213637669881,-91.0141947614573,-71.2925672894889,-44.1458050344443,-90.0669681451895,-67.1064309436877,-43.3016591235436,-114.301156690409,-93.7497524148538,-59.406929371553
09-Nov-2024 19:04:49,3,88,-0.00292633778105179,0.399665806690852,0.00621262251709898,-0.0160651173442602,0.00325358297365407,0.114685004452864,0.993266717592875,-91.9099146922097,-65.5257545853633,-41.2837449185213,-85.4360750841011,-70.6707969608171,-45.105188368248,-109.81201135577,-92.1507293240574,-58.6287640622945
09-Nov-2024 19:05:38,3,89,-0.00318380729295313,0.395905599991481,0.00948925297707319,-0.0423663879434268,0.001690335245803,0.0939727708697319,0.994671503702799,-93.3686893612408,-67.2933023726629,-41.857100000697,-82.5140007259118,-64.7642517517795,-43.4295446846539,-107.745411028058,-90.6952634647432,-57.2618390046783
09-Nov-2024 19:05:51,3,90,-0.00400014026090503,0.395519002278646,0.00602857445677121,-0.0496120768288771,-0.00121208350950231,0.0916565448045731,0.99455330769221,-94.2644092919932,-61.5264896685373,-38.995039884774,-77.8831076648233,-68.3286177689089,-45.2330739293584,-103.256265693418,-89.0962403739468,-56.4836736954199
09-Nov-2024 19:06:42,3,91,-0.00525741974512736,0.390625423192978,0.00870261813203494,-0.0753931244214376,-0.0023583294202884,0.0575005640586217,0.995491862297058,-95.591656591885,-63.5768572101246,-42.1256873679003,-74.9316239551844,-65.2075281729548,-44.8470167099136,-97.0533928622425,-88.6939958988915,-55.7111285119826
09-Nov-2024 19:06:56,3,92,-0.00743575474868218,0.390528122584025,0.00544647403682272,-0.082125664750735,-0.00368591573399802,0.054015280554692,0.995150335629781,-96.4873765226374,-57.810044505999,-39.2636272519773,-70.3007308940959,-68.7718941900843,-46.650545954618,-92.5642475276032,-87.094972808095,-54.9329632027241
09-Nov-2024 19:07:46,3,93,-0.003569799894467,0.39065034588178,0.00454483345771829,-0.0892217949032783,-0.00656470988566677,0.0647975325584412,0.993880128860474,-96.028843987072,-64.091912753336,-41.3289479261901,-71.5805324712914,-72.2441212109538,-48.6080579486971,-98.0731749252491,-92.7261444895035,-57.1719922648516
09-Nov-2024 19:08:00,3,94,-0.000593522874017557,0.393772055705388,0.00122557795451333,-0.0790246322751045,-0.00788790589819352,0.069295696914196,0.994430021444957,-97.3045477669369,-63.9151908778162,-41.2229148008782,-75.3956293727621,-77.4840760383652,-51.2103631748508,-101.738966071163,-97.9839268630413,-59.7832112640686
09-Nov-2024 19:08:50,3,95,-0.000612341329300155,0.396915616591771,0.000599943396324913,-0.0601178164283435,-0.00559712732210755,0.0654211396972338,0.996029460430145,-97.4881333890867,-67.1927640637249,-43.3275585753287,-81.4680786120951,-83.0401669625057,-53.5652717849672,-104.076325342943,-101.553403890515,-62.0583352947408
09-Nov-2024 19:09:03,3,96,0.00197717576908569,0.400302559137344,-0.00334523993854721,-0.0497082099318504,-0.00633552713940541,0.0749177366495132,0.995929876963297,-98.7638371689516,-67.0160421882051,-43.2215254500169,-85.2831755135657,-88.280121789917,-56.1675770111209,-107.742116488857,-106.811186264052,-64.6695542939578
09-Nov-2024 19:09:54,3,97,0.00463327132165432,0.402724319696426,-0.00389887400281926,-0.0274596203118563,-0.00298698642291129,0.0847664202253024,0.99601792494456,-96.493481869959,-69.6164678433997,-44.8208307745863,-89.3269485839676,-91.728144665693,-57.2211839292559,-111.343691697705,-110.399815964558,-68.3877258089024
09-Nov-2024 19:10:07,3,98,0.00698751450205843,0.406340901056925,-0.00798993778104583,-0.0169873438775539,-0.00392311808342735,0.0927740042408307,0.995534547170003,-97.7691856498239,-69.43974596788,-44.7147976492744,-93.1420454854383,-96.9680994931043,-59.8234891554096,-115.009482843619,-115.657598338096,-70.9989448081193
09-Nov-2024 19:10:57,3,99,0.00721671351542076,0.408543507258097,-0.00553822269042333,-0.0284860145300627,-0.00387361249886453,0.0942397584517797,0.995134405295054,-100.79685989026,-70.2765978577174,-49.9614337489034,-93.7714804713745,-101.162088344698,-61.201445227554,-117.368166020999,-118.655804375117,-74.3136400652001
09-Nov-2024 19:11:11,3,100,0.00885728026429812,0.411734680334727,-0.00999271230151256,-0.0186920678863923,-0.00465820360307892,0.0985277131199837,0.994947878519694,-102.072563670125,-70.0998759821976,-49.8554006235915,-97.5865773728452,-106.402043172109,-63.8037504537077,-121.033957166914,-123.913586748655,-76.924859064417
09-Nov-2024 19:12:27,4,1,-0.0205634110917648,0.312062482039134,0.00790769302596648,-0.0031329649190108,-0.0061241423090299,0.00629900054385265,0.99995653629303,-10.95,-14.025,-5.92500000000001,-11.4,-13.35,-6.30000000000001,-9.525,-9.45,-10.275
09-Nov-2024 19:12:41,4,2,-0.0154662615309159,0.312396081288656,0.00955497107158105,-0.010862776512901,-0.00288196713663638,0.0183452299485604,0.999768579006195,-10.0269206772257,-14.4978156250109,-5.8495532045379,-7.03408512348633,-10.2314893739188,-4.4288936243513,-12.6384016726487,-15.1240354256402,-12.8001601331437
09-Nov-2024 19:13:23,4,3,-0.00910458813110987,0.315972983837128,0.00809500223646561,-0.0282287721832593,-0.00227724451882144,0.0430094500382741,0.998673208554586,-14.4288413544514,-16.2831312500218,-2.88660640907578,-8.06817024697261,-13.4129787478375,-8.48278724870256,-20.3643033452974,-20.4980708512804,-21.1378202662874
09-Nov-2024 19:13:36,4,4,-0.00294915977865458,0.316855939229329,0.00957102663815021,-0.0374816440045834,-0.0040214735083282,0.061854162812233,0.997373076279958,-13.5057620316771,-16.7559468750327,-2.81115961361367,-3.70225537045895,-10.2944681217563,-6.61168087305385,-23.4777050179461,-26.1721062769206,-23.6629803994312
09-Nov-2024 19:14:20,4,5,0.000725445865343014,0.319218665361404,0.0115611597274741,-0.063351109623909,-0.00714811685805519,0.103786749641101,0.992554247379303,-14.1951827089028,-18.0350125000436,-6.09196281815156,1.03865950605474,-13.8509574956751,-10.5530744974051,-32.4223566905947,-30.8711417025609,-29.0193905325748
09-Nov-2024 19:14:34,4,6,0.00847329935058951,0.320087494452794,0.0129724455997348,-0.0716100201010704,-0.0096925384675463,0.121632706622283,0.989941187699636,-13.2721033861285,-18.5078281250546,-6.01651602268945,5.40457438256839,-10.7324468695939,-8.68196812175636,-35.5357583632434,-36.5451771282011,-31.5445506657186
09-Nov-2024 19:15:21,4,7,8.59788524394389e-05,0.321165657043457,0.0153703895707925,-0.0722626204291979,-0.00651869593809048,0.102422046661377,0.992091417312622,-16.8182479664646,-26.5543293264643,-9.64137128074717,1.47351208362591,-16.3953684431222,-13.3884710658733,-33.8636828339716,-39.4028355348765,-29.7202970264091
09-Nov-2024 19:15:34,4,8,-0.00544842934856812,0.323103614648183,0.0198344189673662,-0.0754213308294614,-0.00416799162824949,0.0894114196300507,0.993126328786214,-21.6581425468007,-32.322705527874,-12.5631015388049,-1.44505021531659,-16.7707900166505,-13.6137240099903,-30.3259823046998,-35.0979939415519,-27.6054183870997
09-Nov-2024 19:16:21,4,9,-0.0149950042987863,0.322452559073766,0.0224595324446758,-0.0982358023524284,-0.00351500355949005,0.0325508043169975,0.99462449947993,-30.4261621271367,-39.1551442292838,-19.9613942968626,-2.24486251425911,-19.2649615901789,-14.3546019541073,-22.846094275428,-32.7994023482273,-25.6358522477902
09-Nov-2024 19:16:35,4,10,-0.0221906625976165,0.324656661351522,0.0283841453492641,-0.104059288402398,-0.00393526282471915,0.00642579949150483,0.994542527198792,-35.2660567074728,-44.9235204306935,-22.8831245549203,-5.16342481320161,-19.6403831637073,-14.5798548982243,-19.3083937461561,-28.4945607549027,-23.5209736084808
09-Nov-2024 19:17:23,4,11,-0.0309552231182655,0.326611489057541,0.0318376978238424,-0.11101418385903,-0.0020936551814278,-0.0325367105503877,0.993283887704213,-42.0700137878089,-53.0989278821032,-32.3181360629779,-9.0476121121441,-21.0751797372357,-15.3629203423413,-15.8245994668843,-25.1928441615781,-20.5787512191713
09-Nov-2024 19:17:37,4,12,-0.038144389539957,0.329770662387212,0.0380409670372804,-0.118353029588858,-0.00376213074972232,-0.0581007108092308,0.991263202826182,-46.909908368145,-58.867304083513,-35.2398663210356,-11.9661744110866,-21.450601310764,-15.5881732864583,-12.2868989376125,-20.8880025682535,-18.4638725798619
09-Nov-2024 19:18:29,4,13,-0.0452589631080627,0.33286469578743,0.0395902045071125,-0.138040841619174,0.00223296382464468,-0.0826919014255206,0.986965974171956,-55.356834198481,-65.9141959099227,-41.6432372040932,-13.7925492100291,-24.0807103842925,-18.7923324805753,-12.2261515333406,-18.209723474929,-15.1853220655524
09-Nov-2024 19:18:42,4,14,-0.0521458928783735,0.336032348871231,0.0463357406357924,-0.145850529273351,0.00136498992796987,-0.101709568997224,0.984063446521759,-60.1967287788171,-71.6825721113325,-44.564967462151,-16.7111115089716,-24.4561319578209,-19.0175854246923,-8.6884510040688,-13.9048818816044,-13.070443426243
09-Nov-2024 19:19:34,4,15,-0.0451305816570918,0.339292365312576,0.0393975153565407,-0.145686263839404,0.00321092788750927,-0.0823801914850871,0.985889844099681,-63.0662059106663,-75.750776614073,-35.2281995887534,-18.9430971740848,-27.9034397717795,-21.3999590506537,-18.3849235157386,-20.718357665986,-17.6591432249159
09-Nov-2024 19:19:47,4,16,-0.0511682026088238,0.342032359043757,0.0360886526604493,-0.144852878650029,0.00680951479201515,-0.0955733040968577,0.984803024927775,-66.6071674175154,-78.4297233043136,-36.5256114028558,-21.946176589198,-34.5734038357381,-24.6928795516151,-16.8179194649085,-18.9935522003678,-16.7546789610888
09-Nov-2024 19:20:34,4,17,-0.0429136514663696,0.344586642583211,0.0345245746274789,-0.150468300779661,0.00202370615055164,-0.0962468177080154,0.983916560808818,-70.2623867368646,-69.5032989008042,-32.4309333732082,-24.1887091293113,-30.9320397746967,-23.5555266150766,-21.4076536953287,-23.4128873597496,-19.2717967285118
09-Nov-2024 19:20:47,4,18,-0.0476415492594242,0.346582029263178,0.0291930933793386,-0.151214047273,0.0066739701355497,-0.107672898968061,0.982596743106842,-73.8033482437137,-72.1822455910448,-33.7283451873106,-27.1917885444245,-37.6020038386554,-26.848447116038,-19.8406496444986,-21.6880818941313,-18.3673324646847
09-Nov-2024 19:21:11,4,19,-0.0552437541385492,0.342094208796819,0.0340529235700766,-0.138708816965421,0.0029969306041797,-0.127825546264648,0.982044525941213,-65.3264386568129,-68.4585067344104,-32.3297120795379,-24.7145945220377,-33.1913038401141,-20.8762308982495,0.622985265706482,-4.06034674101312,-4.99865921648281
09-Nov-2024 19:21:24,4,20,-0.0533219488958518,0.344456020991007,0.0288609941800435,-0.128436843554179,0.00305494011069338,-0.140650308132172,0.981688384215037,-70.935014688882,-70.8314911302793,-33.6356806713178,-30.4656838099773,-38.2147354550971,-23.5074230995864,-1.04968424812834,-5.25511067946657,-5.71551757955488
09-Nov-2024 19:22:22,4,21,-0.0460214875638485,0.35251609881719,0.0295126017183065,-0.128853046894073,-0.000381844838072235,-0.108977478742599,0.985657441616058,-77.6596551740761,-78.9281327527108,-42.1436268021601,-39.251636379167,-44.6728350388301,-28.4060469415482,-27.3240383322759,-28.6484097741702,-23.1502714504393
09-Nov-2024 19:22:36,4,22,-0.0504351660609245,0.357366772492727,0.0281728940705458,-0.125095819930236,0.000394589122151956,-0.1258927633365,0.984124914805094,-83.2682312061452,-81.3011171485797,-43.4495953939399,-45.0027256671065,-49.6962666538131,-31.037239142885,-28.9967078461108,-29.8431737126236,-23.8671298135114
09-Nov-2024 19:22:59,4,23,-0.0572122720380624,0.35632675687472,0.0288852658122778,-0.115990583101908,-0.00349800876962642,-0.159245447317759,0.980395217736562,-82.1598394647769,-77.61093015773,-39.806552755251,-46.7212465956712,-48.2370322531711,-28.0521471645344,-8.5452196451017,-12.437205229202,-9.61793593048982
09-Nov-2024 19:23:12,4,24,-0.0547915185491244,0.359433265527089,0.0252677876502275,-0.11155864795049,-0.00308711086399853,-0.172504635651906,0.978666106859843,-87.768415496846,-79.983914553599,-41.1125213470308,-52.4723358836108,-53.2604638681541,-30.6833393658713,-10.2178891589365,-13.6319691676555,-10.3347942935619
09-Nov-2024 19:24:12,4,25,-0.0474047397573789,0.368935588995616,0.0246161326766014,-0.113431646426519,-0.00403913430248698,-0.145864494641622,0.982771865526835,-96.6185076421963,-86.6753132561085,-50.6689843235762,-60.8571409918628,-60.2925624753246,-37.4063894773644,-37.8784798153498,-39.1263668951718,-28.693626533587
09-Nov-2024 19:24:25,4,26,-0.0526606328785419,0.373735004663467,0.0234346557408571,-0.110256658991178,-0.00187547281384468,-0.164386981725693,0.980212676525116,-102.227083674265,-89.0482976519775,-51.9749529153561,-66.6082302798024,-65.3159940903076,-40.0375816787012,-39.5511493291847,-40.3211308336252,-29.410484896659
09-Nov-2024 19:24:54,4,27,-0.0558574137588342,0.373850731054942,0.0231754656881094,-0.108995870749156,-0.00329817580059171,-0.185582076509794,0.976559436321259,-103.681417762975,-86.6804892011668,-48.0311686995187,-67.9011774778983,-66.9937592013844,-36.7647028351162,-35.0177794143086,-18.2657116666097,-15.3983301982078
09-Nov-2024 19:25:07,4,28,-0.0561592688163122,0.377841641505559,0.0192584848652283,-0.11141374707222,-0.000173783184921679,-0.200457212328911,0.973346753915151,-109.289993795044,-89.0534735970357,-49.3371372912985,-73.6522667658379,-72.0171908163674,-39.3958950364531,-36.6904489281434,-19.4604756050632,-16.1151885612798
09-Nov-2024 19:26:05,4,29,-0.0498828671872616,0.385074259837468,0.0191652708997329,-0.10767157971859,-0.000625818684541931,-0.167155493299166,0.98003343741099,-113.763184299742,-93.6581619608217,-58.366814611818,-79.8657318433243,-77.8916182491183,-46.3595011871094,-50.514750399756,-48.4804973599816,-33.6777500151095
09-Nov-2024 19:26:19,4,30,-0.0508612056573232,0.387785238027573,0.0168164224674304,-0.0951476265986761,0.000697804498486221,-0.148412309090296,0.984337468942006,-110.938495776119,-97.1082467479474,-60.3463683361461,-82.5332679657326,-83.1138789338223,-49.2251428602266,-55.9670715857237,-51.0256106676339,-35.2048179997009
09-Nov-2024 19:26:41,4,31,-0.0595287402470907,0.382628579934438,0.0144096113741398,-0.0640847265720367,0.000370882610635211,-0.18022791047891,0.9815349817276,-101.187746766657,-97.1606333234033,-54.82598385857,-80.82376856568,-85.0622229925498,-46.7147667721134,-37.4803829145133,-29.3081781989188,-20.7496327189116
09-Nov-2024 19:26:55,4,32,-0.0628266130884488,0.382852623860041,0.0111033737659454,-0.049911425759395,0.00098473261265705,-0.174743815263112,0.983347570896149,-98.3630582430341,-100.610718110529,-56.8055375828981,-83.4913046880883,-90.2844836772538,-49.5804084452307,-42.932704100481,-31.8532915065712,-22.276700703503
09-Nov-2024 19:27:46,4,33,-0.0587329976260662,0.388181285063426,0.00984977843860785,-0.0333728109796842,-0.00207302360795438,-0.138822183012962,0.989752701918284,-102.950339476492,-105.73695379182,-65.7601222062741,-89.1453230492661,-98.2947860489695,-58.4580412377327,-55.7655203578595,-49.94213192604,-36.1376420554038
09-Nov-2024 19:27:59,4,34,-0.0607416033744812,0.391344102223714,0.00757543047269185,-0.021810444444418,-0.00116814883270611,-0.124856474498908,0.991934414704641,-100.125650952869,-109.187038578946,-67.7396759306022,-91.8128591716744,-103.517046733674,-61.3236829108499,-61.2178415438272,-52.4872452336924,-37.6647100399953
09-Nov-2024 19:28:50,4,35,-0.0626012335220973,0.392269263664881,0.00508464565500617,0.0142952339102825,-0.00720399605731169,-0.129929940899213,0.991393959522247,-99.0418652854015,-112.857709695649,-70.0797634767482,-98.8770306254463,-107.975466602884,-66.9731522452065,-59.7687493745552,-53.4468514077198,-38.3492922945215
09-Nov-2024 19:29:03,4,36,-0.063071446120739,0.394195753335953,0.00183923691511154,0.0214696464439233,-0.00648925419275959,-0.114965546131134,0.993116239706675,-94.4020947393942,-107.440305365269,-67.2823355733703,-100.547960959834,-109.089865628589,-67.4416260198707,-64.9794096695777,-52.5595940258388,-37.8169378653929
09-Nov-2024 19:29:55,4,37,-0.0575835670034091,0.393894964456558,-0.00707629484434923,0.0624698196848234,-0.00736306570470333,-0.112707428634167,0.991635203361511,-92.2903166326569,-105.816938758431,-63.9786653947543,-105.365511853913,-113.151275076046,-70.575597574381,-65.4351937324529,-54.6207684219122,-40.5930517780918
09-Nov-2024 19:30:09,4,38,-0.0572741453846296,0.395902464787165,-0.00931336885939042,0.0689755236109098,-0.00889967779318492,-0.0945393939812978,0.993088841438293,-87.6505460866496,-100.399534428051,-61.1812374913765,-107.0364421883,-114.265674101751,-71.0440713490453,-70.6458540274755,-53.7335110400312,-40.0606973489632
09-Nov-2024 19:31:00,4,39,-0.051776227603356,0.395394098758698,-0.0186340771615505,0.116336125135422,-0.0149548495809237,-0.0801948085427284,0.989854081471761,-83.6747717602773,-94.0291489594421,-56.4056884503796,-112.455682802534,-118.578578338332,-72.8452940136326,-72.2790762064244,-54.0204695471275,-41.4075770907485
09-Nov-2024 19:31:14,4,40,-0.0517597792049249,0.39696596066157,-0.0220775615423918,0.124308940271537,-0.0170355120052894,-0.0641993557413419,0.990017950534821,-79.03500121427,-88.6117446290625,-53.6082605470017,-114.126613136921,-119.692977364037,-73.3137677882968,-77.4897365014469,-53.1332121652465,-40.8752226616199
09-Nov-2024 19:32:03,4,41,-0.0478096621731917,0.395207981268565,-0.0304639601459106,0.150000843405724,-0.0287023961544037,-0.0240983350823323,0.987975323200226,-70.9022287780802,-80.9178497295682,-49.4467720748143,-112.271698611231,-123.981628995179,-74.5986160079225,-81.7366777384326,-53.5830627278542,-40.8324853179483
09-Nov-2024 19:32:17,4,42,-0.0449657964209716,0.396909095843633,-0.0363105515638987,0.162900332609812,-0.0374329787989457,0.00279736172718306,0.985928197701772,-66.2624582320729,-75.5004453991887,-46.6493441714364,-113.942628945618,-125.096028020884,-75.0670897825868,-86.9473380334551,-52.6958053459733,-40.3001308888197
09-Nov-2024 19:33:06,4,43,-0.0482865321139495,0.393135525782903,-0.0324110259612401,0.173603677749634,-0.0382419186333815,-0.0334001732369264,0.983505876859029,-66.2042551964335,-73.4967874632244,-49.1650323529396,-114.904049056929,-123.178996023434,-72.1786226465946,-77.9735021922018,-55.4686072343324,-37.4274881812169
09-Nov-2024 19:33:19,4,44,-0.0514542403320471,0.393606158097585,-0.0346582837402821,0.1910318116347,-0.0352556164065997,-0.0603284753859043,0.979093643029531,-66.1675531058853,-72.1063748118175,-48.6127508188477,-119.353391598278,-119.599837723265,-70.5319682881216,-69.481525879967,-56.8978551504472,-38.2850369308858
09-Nov-2024 19:34:06,4,45,-0.050437236080567,0.390635480483373,-0.0320971642931302,0.201867211858432,-0.0217758648097515,-0.107138141493003,0.973291782538096,-66.1951005427915,-70.6343395181319,-46.5944541425533,-122.208772924607,-116.626742574456,-69.6144075408891,-61.1986198032229,-53.373880052684,-36.2274899519187
09-Nov-2024 19:34:19,4,46,-0.0535415969789028,0.390891955296199,-0.0352623884876569,0.216950746377309,-0.0161513168364763,-0.136540871858597,0.966451319058736,-66.1583984522433,-69.2439268667249,-46.0421726084613,-126.658115465956,-113.047584274287,-67.9677531824161,-52.706643490988,-54.8031279687987,-37.0850387015876
09-Nov-2024 19:35:08,4,47,-0.049101518591245,0.390644294023514,-0.0313474589337905,0.23081234395504,-0.0143688521037499,-0.134944767753283,0.963488022486369,-65.2538211254223,-69.6127028941786,-41.9068835032682,-129.560477399795,-109.171457549798,-66.9106456295633,-56.4692022964984,-52.0307643779743,-34.9100395869385
09-Nov-2024 19:35:21,4,48,-0.051418292025725,0.391266141335169,-0.0329624359806379,0.246719743808111,-0.0101953431963921,-0.161391670505206,0.955498913923899,-65.2171190348742,-68.2222902427717,-41.3546019691762,-134.009819941144,-105.592299249629,-65.2639912710904,-47.9772259842635,-53.4600122940891,-35.7675883366074
09-Nov-2024 19:36:07,4,49,-0.046574575950702,0.394012353817622,-0.0411208458244801,0.252406146128972,0.000123241255156851,-0.146385089556376,0.956484500567118,-65.2329046971795,-62.605998317662,-35.5273796926242,-136.686041652198,-113.674180932445,-69.8611722626572,-57.623526990201,-53.8314529533058,-37.4746622520602
09-Nov-2024 19:36:20,4,50,-0.0514907126625379,0.398108400901159,-0.0448641126354535,0.259835535287857,-0.005574439248691,-0.145350445310275,0.954634841283162,-67.3326279776213,-64.5101120531219,-36.5916612016228,-139.835753667006,-120.254546827422,-73.263579851414,-61.7425604372657,-54.9536993659922,-38.148010099672
09-Nov-2024 19:36:43,4,51,-0.0588071649273237,0.395755976438522,-0.0462826867898305,0.274945640563965,-0.00849207857002815,-0.164613353212674,0.947225034236908,-62.690382448995,-62.279022958297,-34.2101908178461,-139.523720529937,-116.410670616318,-66.3133741415759,-48.7502276637668,-37.2505429019436,-25.0132209812045
09-Nov-2024 19:36:57,4,52,-0.0577684263388316,0.397510387500127,-0.0488620420296987,0.281684897343318,-0.00851097467044989,-0.165188078085581,0.945142364501953,-64.7901057294367,-64.1831366937569,-35.2744723268447,-142.673432544746,-122.991036511294,-69.7157817303327,-52.8692611108315,-38.37278931463,-25.6865688288164
09-Nov-2024 19:37:43,4,53,-0.0517720562716325,0.404004671176275,-0.0452107255657514,0.270876185099284,-0.0110848302021623,-0.134320643544197,0.95313233534495,-70.1938446053444,-70.0946490140744,-44.3658778894557,-147.167271983616,-127.28428135323,-79.0418826697919,-68.6826114476142,-34.8823342889489,-40.9808481933883
09-Nov-2024 19:37:56,4,54,-0.0547736570239067,0.407962069908778,-0.0501260829468568,0.280778086185455,-0.0144593466073275,-0.131155534585317,0.950659171740214,-72.2935678857862,-71.9987627495343,-45.4301593984543,-150.316983998424,-133.864647248207,-82.4442902585486,-72.8016448946789,-36.0045807016353,-41.6541960410002
09-Nov-2024 19:38:45,4,55,-0.0575822164614995,0.411104738712311,-0.0503237180411816,0.277116358280182,-0.0170508759717147,-0.130547500650088,0.951773691177368,-75.2202989639609,-76.4315757774229,-49.233002934259,-154.363759725263,-139.826452616663,-90.3835445226566,-74.8178367866027,-61.2204763951381,-41.1630096470922
09-Nov-2024 19:38:59,4,56,-0.0603095072011153,0.415993366638819,-0.0559792093932629,0.287693480650584,-0.0217866410811742,-0.125177836418152,0.949256738026937,-77.3200222444026,-78.3356895128829,-50.2972844432576,-157.513471740072,-146.406818511639,-93.7859521114134,-78.9368702336674,-62.3427228078245,-41.836357494704
09-Nov-2024 19:39:47,4,57,-0.0579134903848171,0.415031911929448,-0.0528060314555963,0.265293739239375,-0.011049133228759,-0.134133047858874,0.954727987448374,-79.4448646422572,-75.9748939099398,-50.3382311389449,-155.316213123267,-147.781771547945,-92.618230405735,-77.1443691826581,-63.620283578469,-43.2161967459252
09-Nov-2024 19:40:00,4,58,-0.0540965229272842,0.414923979838689,-0.0530251773695151,0.264144404729207,-0.00801399120440086,-0.131897317369779,0.95538820028305,-79.5812031412453,-72.0497486607824,-48.3348968212291,-150.270422650448,-141.891004847511,-89.6320853623811,-77.7532889092192,-66.8760197087054,-44.8033031179063
09-Nov-2024 19:40:46,4,59,-0.0529402837157249,0.409208709001541,-0.043123879780372,0.230691660443942,-0.00573341113825639,-0.129711530605952,0.964325380325317,-79.9617935896667,-77.3817782347321,-46.5287030102149,-146.648898105635,-139.858098015448,-84.480151987865,-74.8364982469952,-62.5426681591456,-43.5117759295075
09-Nov-2024 19:41:00,4,60,-0.0480777221421401,0.409373289346695,-0.0436267187198003,0.229827423890432,-0.00280529533823331,-0.126025385657946,0.965033197402954,-80.0981320886548,-73.4566329855747,-44.5253686924992,-141.603107632816,-133.967331315014,-81.4940069445111,-75.4454179735563,-65.7984042893819,-45.0988823014886
09-Nov-2024 19:41:44,4,61,-0.0466333359479904,0.403995778163274,-0.0323323508103689,0.187471255660057,-0.00642041051760316,-0.116103274623553,0.975363183021545,-82.4565965623595,-73.7100751479708,-46.4456046281341,-136.819450124,-128.130494548765,-76.1499677355762,-74.1414825057249,-60.9095965797202,-43.2966718932798
09-Nov-2024 19:41:58,4,62,-0.0422495054701964,0.403781686226527,-0.0315082932511965,0.182672978440921,-0.00353306378237903,-0.114001901944478,0.976535514990489,-82.5929350613476,-69.7849298988133,-44.4422703104184,-131.77365965118,-122.239727848331,-73.1638226922222,-74.750402232286,-64.1653327099565,-44.8837782652609
09-Nov-2024 19:42:43,4,63,-0.0376877305408319,0.39858594139417,-0.02170913182199,0.152674805124601,-0.00441878661513329,-0.0983325282732646,0.983362408479055,-83.240336547694,-69.4490783554327,-46.125721119378,-126.558935660362,-116.30092611499,-69.6737305660778,-74.1028943616509,-62.9737969202438,-44.0262262471471
09-Nov-2024 19:42:56,4,64,-0.0331564242641131,0.398119684060415,-0.0207566489775976,0.146339492996534,-0.0027892896750321,-0.0939974163969358,0.984754530588786,-83.3766750466822,-65.5239331062753,-44.1223868016623,-121.513145187542,-110.410159414556,-66.6875855227239,-74.711814088212,-66.2295330504802,-45.6133326191282
09-Nov-2024 19:43:45,4,65,-0.0278010229269663,0.394905370473862,-0.0148231169829766,0.134927881757418,-0.00205836878158152,-0.082672156393528,0.987398405869802,-81.5185450393494,-67.1434347100063,-42.2374450472842,-119.907887955723,-104.345375197669,-63.8244669379747,-76.342520016175,-70.336633220742,-47.8531097960619
09-Nov-2024 19:43:59,4,66,-0.0234261825680733,0.395133181413015,-0.0154144021992882,0.131890203555425,-0.000436838805520286,-0.077995074292024,0.988191068172455,-81.6548835383376,-63.2182894608489,-40.2341107295685,-114.862097482903,-98.454608497235,-60.8383218946208,-76.9514397427362,-73.5923693509783,-49.440216168043
09-Nov-2024 19:44:50,4,67,-0.0164470576991638,0.392704985539118,-0.00662547955289483,0.0903291155894597,-0.00217911225433151,-0.0531394911309083,0.994490909576416,-83.0439877841653,-64.3904676381359,-40.7649726935215,-109.061573630584,-93.6018330385744,-55.6636900805692,-79.5712525699982,-80.0487875012273,-51.8036579425004
09-Nov-2024 19:45:03,4,68,-0.0120379600053032,0.393203753232956,-0.00652560228481889,0.0896757910648982,-0.00217957339870433,-0.0485990981260935,0.994782221317291,-83.1803262831534,-60.4653223889785,-38.7616383758058,-104.015783157764,-87.7110663381406,-52.6775450372153,-80.1801722965593,-83.3045236314637,-53.3907643144815
09-Nov-2024 19:45:54,4,69,-0.00632160355647405,0.390045003096263,0.00107144820503891,0.0428169324994087,-0.00462431972846389,-0.0274950393786033,0.998693859577179,-84.4680476555613,-59.5388388530435,-40.5754021989244,-98.3676259951943,-80.9892952585934,-48.0721566085126,-81.119538573471,-87.8606007717063,-54.7660383877007
09-Nov-2024 19:46:07,4,70,-0.00560178089266022,0.389922068516413,0.0078468800522387,0.0431172423064709,-0.0044500695541501,-0.0272698160260916,0.998687895139058,-83.1309793061969,-63.2966711120992,-42.4165028823339,-96.4723613848809,-73.2243719565363,-44.1518795113657,-79.1140254888074,-85.5143171918473,-53.5550811516529
09-Nov-2024 19:46:52,4,71,-0.00658037917067607,0.386172236998876,0.00636896202340722,0.0377992456158002,-0.00575510418663422,-0.0385793901979923,0.998523803551992,-82.5946023935424,-60.1538342277658,-36.0411526361607,-94.5009134296927,-65.5689464649224,-42.0469807215443,-76.7487356793191,-81.7182041169915,-51.7132077662241
09-Nov-2024 19:47:06,4,72,-0.00608539128055175,0.386144254604975,0.011973757793506,0.0378974922001362,-0.00584204910943906,-0.0380278969804446,0.998540735244751,-81.257534044178,-63.9116664868214,-37.8822533195702,-92.6056488193793,-57.8040231628652,-38.1267036243974,-74.7432225946555,-79.3719205371325,-50.5022505301762
09-Nov-2024 19:47:54,4,73,-0.00924895157416662,0.383352778355281,0.00713834799826145,0.0375452493627866,-0.00492087012777726,-0.0473183294137319,0.998161907990774,-80.6958114131686,-58.1441641741824,-35.6901285381883,-92.2472925366285,-62.9938487660297,-38.5641156809132,-72.7828211475796,-76.750722209775,-49.1258352194379
09-Nov-2024 19:48:08,4,74,-0.00932286512106657,0.383351308107376,0.0124500285213192,0.0375678583979607,-0.00505105371897419,-0.0468029953539372,0.998184676965078,-79.3587430638042,-61.9019964332381,-37.5312292215978,-90.3520279263151,-55.2289254639725,-34.6438385837663,-70.777308062916,-74.404438629916,-47.91487798339
09-Nov-2024 19:49:00,4,75,-0.01394663049529,0.381344326337179,0.00980098259945711,0.0373780528704325,-0.00529055213555694,-0.0635207290450732,0.997266300519307,-80.5843475736173,-58.7971614064465,-38.2557171726116,-91.775217479783,-60.4663766145267,-36.4274060634507,-68.4193507970463,-71.1706976763078,-47.1461917099969
09-Nov-2024 19:49:14,4,76,-0.0191181593885024,0.38335870107015,0.0158424573640029,0.0137886745855212,-0.0078015494470795,-0.0775250881910324,0.996864525477091,-87.751890333816,-64.0425183864475,-40.9122114687898,-90.4599185022909,-60.8045346763041,-36.6303009005171,-68.4245284963768,-70.8845309552081,-47.0369241556248
09-Nov-2024 19:50:04,4,77,-0.0201935977985462,0.384053405125936,0.0165059143056472,-0.0112960544725259,-0.00750052897880475,-0.0887543797492981,0.995961280663808,-92.2257695236035,-69.5315417235248,-43.6103993987702,-89.9788466066895,-61.4188799643873,-37.8101180259993,-67.1284841051043,-69.4046355472339,-46.2487920825801
09-Nov-2024 19:50:17,4,78,-0.0252258334308863,0.386186150709788,0.0225746117532253,-0.0332966869076093,-0.00888640346626441,-0.101414407789707,0.994247190157572,-99.3933122838023,-74.7768987035258,-46.2668936949485,-88.6635476291974,-61.7570380261647,-38.0130128630657,-67.1336618044349,-69.1184688261342,-46.139524528208
09-Nov-2024 19:51:09,4,79,-0.0267240179081758,0.388665497303009,0.0218966373552879,-0.0845631763339043,-0.00726550593972206,-0.118318918844064,0.989341684182485,-109.939023258795,-80.669088862065,-50.5192348080278,-86.5653621926507,-62.158289701095,-40.65436884434,-67.5382284584639,-69.8104377615972,-44.3408247144996
09-Nov-2024 19:51:22,4,80,-0.0311709842334191,0.391195545593898,0.0288100594033798,-0.108740762372812,-0.00944607363392909,-0.132701380054156,0.985127687454224,-117.106566018994,-85.914445842066,-53.175729104206,-85.2500632151586,-62.4964477628724,-40.8572636814064,-67.5434061577945,-69.5242710404975,-44.2315571601275
09-Nov-2024 19:52:14,4,81,-0.0336628290514151,0.392693124214808,0.030098365743955,-0.135252013802528,-0.00458375137920181,-0.126807315150897,0.982652429739634,-121.68819288659,-93.0582194113361,-56.4801468088348,-83.4683210081392,-63.3911526312262,-42.3543890905768,-69.6982783344742,-67.1771721476792,-43.5025734760873
09-Nov-2024 19:52:27,4,82,-0.0374856072167555,0.395761009057363,0.0371078732113043,-0.161596995592117,-0.00548406414066752,-0.141428064306577,0.976654748121897,-128.855735646789,-98.3035763913371,-59.136641105013,-82.1530220306471,-63.7293106930036,-42.5572839276433,-69.7034560338048,-66.8910054265796,-43.3933059217152
09-Nov-2024 19:53:17,4,83,-0.0396604962646961,0.396584445238113,0.0386068666974703,-0.173034079869588,-0.00456381132826209,-0.145792613426844,0.974054904778798,-131.355320460686,-105.998141665973,-60.2420971054166,-81.8795014383914,-63.5957421580693,-44.6822940507618,-67.63348097181,-66.4743726196206,-44.024180302509
09-Nov-2024 19:53:31,4,84,-0.0358582523961862,0.396791269381841,0.0394985777636369,-0.183064162731171,-0.00422981024409334,-0.128334883848826,0.974679279327393,-129.348818505286,-100.213619960068,-57.2351064292872,-74.7907613370923,-62.4484439262974,-43.9939151116986,-71.1698571635229,-67.2165501217559,-44.2805392303995
09-Nov-2024 19:54:21,4,85,-0.0298342473804951,0.391219556331635,0.0332367894550165,-0.210828197002411,-0.000846761701783786,-0.0996701260407766,0.972428222497304,-127.633337576736,-91.9787024014811,-55.3275966052704,-67.6979104284114,-61.1402823961695,-42.0165938156615,-72.8436569745732,-68.4934945809616,-43.706969125873
09-Nov-2024 19:54:34,4,86,-0.0263203362623851,0.391561470429103,0.0342365319530169,-0.221807623902957,-0.000743624994841715,-0.0783390089869499,0.97193820476532,-125.626835621336,-86.1941806955767,-52.3206059291411,-60.6091703271123,-59.9929841643976,-41.3282148765983,-76.3800331662861,-69.235672083097,-43.9633280537635
09-Nov-2024 19:55:22,4,87,-0.018511380131046,0.38699670235316,0.029486321285367,-0.237024879455566,-0.00274769955625137,-0.0353031071523825,0.970858041445414,-122.040844179361,-80.009461063331,-46.188355679068,-53.1433748221223,-59.0652542834478,-38.4953647590481,-79.3601211676677,-70.5452330637675,-44.7047224654454
09-Nov-2024 19:55:36,4,88,-0.0148581472535928,0.386359614133835,0.0291978466014067,-0.25746057232221,-0.00402940817487737,-0.0126891266554594,0.966197117169698,-120.034342223961,-74.2249393574266,-43.1813650029386,-46.0546347208232,-57.9179560516758,-37.8069858199849,-82.8964973593806,-71.2874105659029,-44.9610813933359
09-Nov-2024 19:56:25,4,89,-0.0101431783909599,0.38485630551974,0.0226319054762522,-0.249495671192805,-0.00805571128924688,0.0265834307918946,0.967977468172709,-116.638095525273,-64.4153186883516,-41.9117445398374,-43.5773669176786,-58.755441995315,-36.6463712916782,-87.8797294559279,-71.5632798073059,-44.7849580631222
09-Nov-2024 19:56:39,4,90,-0.00597456051036716,0.385096925497055,0.0228856513897578,-0.263792439301809,-0.0129205603773395,0.0474760850270589,0.963323756059011,-114.631593569874,-58.6307969824472,-38.904753863708,-36.4886268163796,-57.6081437635431,-35.9579923526151,-91.4161056476408,-72.3054573094412,-45.0413169910127
09-Nov-2024 19:57:31,4,91,-0.00473068334783117,0.387506169080734,0.020464655632774,-0.23880190650622,-0.0140418437620004,0.0437641059358915,0.969980013370514,-116.30265329738,-62.7686403824126,-41.155885110483,-46.5958587582549,-59.5230328461045,-38.0153727549068,-93.8103827249434,-76.7347440739169,-49.8510460088671
09-Nov-2024 19:57:44,4,92,-0.00194994586054236,0.390075596173604,0.0271779347211123,-0.246831516424815,-0.0159859171758095,0.0479088241855303,0.967741417884827,-119.11858539653,-68.1690332639633,-43.888331250744,-47.0473545510531,-59.8455298409603,-38.2088709518203,-96.3812318498289,-83.4221849687588,-53.2270161557736
09-Nov-2024 19:58:39,4,93,-0.00294066074614724,0.393390071392059,0.0260674017171065,-0.231873376170794,-0.0152357511843244,0.0398742849628131,0.97180898586909,-121.062081309858,-74.2881514047213,-51.4051199442619,-52.7767184183901,-64.1142228796691,-40.234310251423,-98.8637949509229,-86.9555487984176,-57.544865738154
09-Nov-2024 19:58:52,4,94,8.81801429386542e-06,0.396186204751333,0.0329018707076708,-0.239203563332558,-0.0166598698745171,0.0439355085293452,0.969831828276316,-123.878013409009,-79.688544286272,-54.1375660845228,-53.2282142111882,-64.4367198745249,-40.4278084483365,-101.434644075808,-93.6429896932595,-60.9208358850605
09-Nov-2024 19:59:47,4,95,-0.00093470134306699,0.399514160553614,0.0309188209474087,-0.233577448129654,-0.0172459650784731,0.0394223993023237,0.971385645866394,-126.632727415248,-86.0482997974264,-58.2121835014123,-57.743644041256,-65.9823148913073,-43.4122771965947,-104.561350188798,-96.9533920555098,-63.567745749704
09-Nov-2024 20:00:00,4,96,0.00157780565011005,0.402544486522675,0.0375032459696134,-0.239913222193718,-0.0177554491907358,0.0446648652354876,0.969603792826335,-129.448659514398,-91.4486926789771,-60.9446296416732,-58.1951398340541,-66.3048118861631,-43.6057753935082,-107.132199313684,-103.640832950352,-66.9437158966105
09-Nov-2024 20:00:59,4,97,-8.74617949496799e-05,0.407045936584473,0.0350173095862071,-0.226773910721143,-0.0190234180539846,0.0279692798852921,0.973359890778859,-133.883982567092,-98.5287668753296,-64.8731614202484,-65.1786026454873,-70.3888578919823,-46.1697588660941,-109.230976932621,-107.889754578898,-71.5301559023855
09-Nov-2024 20:01:12,4,98,0.00378562457238634,0.410304780801137,0.0415921357770761,-0.23482224047184,-0.0206430242707332,0.0348092632989089,0.971195503075918,-136.699914666243,-103.92915975688,-67.6056075605093,-65.6300984382854,-70.7113548868381,-46.3632570630076,-111.801826057507,-114.57719547374,-74.906126049292
09-Nov-2024 20:02:09,4,99,0.00390114202164114,0.412226899464925,0.0407311953604221,-0.221036630868912,-0.0250260977695386,0.0143148755033811,0.974839293956757,-138.150542242165,-108.894393295832,-70.0360965199274,-70.2475777404013,-74.1146263871758,-47.9669978977574,-110.761639429418,-120.045376735434,-79.7123311256328
09-Nov-2024 20:02:22,4,100,0.00393837471492589,0.415114555756251,0.038025804857413,-0.204601631561915,-0.0202367129425208,0.0370821210245291,0.977933319409688,-132.784170607045,-109.045716389246,-70.0792623334985,-75.2215997146324,-73.7896690558166,-47.7720234989418,-116.829293357595,-119.853066120567,-79.5836800850635
09-Nov-2024 20:03:39,5,1,-0.0205178511639436,0.312537411848704,0.0075487599397699,-0.0066471906999747,-0.00562347806990147,0.0102377406631907,0.999909734725952,-12.075,-14.4,-6.22500000000001,-10.5,-13.275,-6.67500000000001,-11.025,-8.70000000000001,-10.125
09-Nov-2024 20:03:53,5,2,-0.0193091130505006,0.316222884257635,0.00819194906701644,-0.016810421148936,-0.00434708126510183,0.0432608835399151,0.998912938435872,-15.2923533645517,-12.4816512865887,-5.07399077195325,-8.84462236748581,-12.7303731028969,-6.21085463457359,-20.4428532953394,-7.75830595763276,-9.46231563105125
09-Nov-2024 20:04:40,5,3,-0.0184424898276726,0.324107114473979,0.00843120993425449,-0.047175012777249,-0.00416344590485096,0.0730027576287588,0.996206720670064,-25.2222067291034,-19.0383025731773,-9.73548154390646,-12.1392447349716,-20.7732462057938,-9.53420926914714,-33.1232065906787,-12.1416119152655,-13.7121312621025
09-Nov-2024 20:04:53,5,4,-0.0178723548849424,0.327880883216858,0.0102364929392934,-0.0606943592429161,-0.0041129918769002,0.104531194269657,0.992659330368042,-28.4395600936551,-17.119953859766,-8.5844723158597,-10.4838671024574,-20.2286193086908,-9.07006390372072,-42.5410598860182,-11.1999178728982,-13.0494468931537
09-Nov-2024 20:05:46,5,5,-0.0151530951882402,0.334852379560471,0.00992385397354762,-0.0790806517004967,-0.00483165600647529,0.128855274120967,0.988493454456329,-35.5381634582068,-25.3641051463547,-11.2397130878129,-11.9034894699432,-25.4777424115876,-13.4996685382942,-52.9901631813575,-18.9207238305308,-16.5680125242049
09-Nov-2024 20:06:00,5,6,-0.0145004209131002,0.338765283425649,0.0115959085524082,-0.0923422614733378,-0.00483218599110842,0.159776300191879,0.982812857627869,-38.7555168227586,-23.4457564329434,-10.0887038597661,-10.248111837429,-24.9331155144846,-13.0355231728678,-62.4080164766969,-17.9790297881636,-15.9053281552562
09-Nov-2024 20:06:56,5,7,-0.0112112396707137,0.342216165860494,0.0118723530322313,-0.108612452447414,-0.00555552594984571,0.18711045384407,0.97630025545756,-42.2634951873103,-30.5836577195325,-14.1408196317193,-10.6552342049148,-26.9103636173815,-17.7182528074413,-71.2914947720363,-24.5185857457962,-20.0332687863074
09-Nov-2024 20:07:09,5,8,-0.0163962585230668,0.345837497711182,0.0118122685079773,-0.104865191876888,-0.00329660177230835,0.158983274300893,0.981690772374471,-47.5525426931381,-32.0753470274463,-15.0358332164676,-17.6710060140894,-28.1082330598538,-18.4663564594688,-66.2890163979137,-25.6526704501779,-20.7494800692896
09-Nov-2024 20:08:07,5,9,-0.0172938673446576,0.349131417274475,0.0102167218302687,-0.10819066564242,-0.00469335103407502,0.092417311668396,0.989814058939616,-56.4369026989659,-35.0951613353605,-18.3824093012158,-25.568027823264,-35.5920400023262,-21.0378976114963,-63.044350523791,-32.2523801545596,-21.1610038522717
09-Nov-2024 20:08:21,5,10,-0.0212984253962835,0.352126163244247,0.0097825039178133,-0.102127712468306,-0.0033856989039729,0.0652097259958585,0.992625919977824,-61.7259502047937,-36.5868506432743,-19.2774228859641,-32.5837996324386,-36.7899094447984,-21.7860012635238,-58.0418721496684,-33.3864648589412,-21.8772151352539
09-Nov-2024 20:09:18,5,11,-0.0230545258770386,0.354431875546773,0.0103638421744108,-0.109326694409053,-0.000887170643545687,0.00111527313323071,0.99400489727656,-69.9376539606214,-41.0176024511884,-20.4982177207124,-38.9901964416132,-40.1557476372708,-22.7708236655513,-53.7683000255457,-33.8783620633228,-22.3660826682361
09-Nov-2024 20:09:31,5,12,-0.0266377969334523,0.358120902379354,0.0100425275042653,-0.0983282660444578,-0.00113879911756764,-0.034422970811526,0.994557849566142,-75.2267014664493,-42.5092917591022,-21.3932313054607,-46.0059682507879,-41.3536170797431,-23.5189273175788,-48.765821651423,-35.0124467677044,-23.0822939512183
09-Nov-2024 20:10:30,5,13,-0.0276294055084387,0.359661042690277,0.0100710285827518,-0.0955868055423101,-0.00241906456649303,-0.0880385945240656,0.991517305374146,-81.0770770972771,-45.9955123170163,-23.126135515209,-52.3420525599625,-43.4104708972154,-26.9353903446062,-45.2527964023004,-35.825437722086,-25.1848333592005
09-Nov-2024 20:10:43,5,14,-0.0310440701742967,0.363479880491893,0.00955096253504356,-0.0866569677988688,-0.00164867229759693,-0.116501048703988,0.989401527245839,-86.3661246031049,-47.4872016249301,-24.0211490999573,-59.3578243691371,-44.6083403396877,-27.6834939966337,-40.2503180281777,-36.9595224264677,-25.9010446421826
09-Nov-2024 20:11:40,5,15,-0.0305241328974565,0.365138695637385,0.00971266105771065,-0.0743111794193586,-0.00596970779200395,-0.167447540163994,0.983058297634125,-90.7358361714327,-47.426156557844,-25.7851079972056,-66.2587524283118,-46.08570196966,-28.0407773361612,-35.3175662165551,-38.5330602558493,-27.1604199876648
09-Nov-2024 20:11:53,5,16,-0.0347630021472772,0.367902354399363,0.00980230843027433,-0.0670056169231733,-0.00461169071495533,-0.202093333005905,0.977060453097026,-96.0248836772605,-48.9178458657579,-26.6801215819539,-73.2745242374864,-47.2835714121322,-28.7888809881888,-30.3150878424324,-39.6671449602309,-27.876631270647
09-Nov-2024 20:12:49,5,17,-0.035418110837539,0.369914712508519,0.0100843916336695,-0.0512881174683571,-0.00564617871617277,-0.208218813935916,0.976720309257507,-97.1792632143384,-50.7581679861718,-28.3846078229522,-77.532874171661,-48.9961869483545,-28.4415744839663,-32.3974727495597,-37.9459562271124,-26.2394245848792
09-Nov-2024 20:13:02,5,18,-0.0384090614815553,0.372250463565191,0.0124020581444105,-0.0469738100965818,-0.00770527729764581,-0.204867389798164,0.977631564935048,-98.3297489876794,-58.0504361595315,-32.195148727629,-80.3991924407711,-51.7394863406558,-29.9776309981138,-34.527865908288,-39.3616213494435,-27.1116639640417
09-Nov-2024 20:13:54,5,19,-0.0346205800771713,0.373575031757355,0.00949584599584341,-0.039422166099151,-0.00567107539003094,-0.208656165003777,0.97717776298523,-99.0629007766455,-54.5670207391408,-30.6354259604308,-83.5367997723812,-52.415158779832,-31.0409824341364,-35.5506907076413,-42.1996497530246,-29.2071943588291
09-Nov-2024 20:14:08,5,20,-0.0379319285353025,0.375863627592723,0.0115923282379905,-0.0342643757661184,-0.00689401853208741,-0.206636234124502,0.977793387571971,-100.213386549987,-61.8592889125006,-34.4459668651076,-86.4031180414914,-55.1584581721333,-32.5770389482839,-37.6810838663696,-43.6153148753557,-30.0794337379916
09-Nov-2024 20:14:57,5,21,-0.0347309333582719,0.377122042576472,0.00985576584935188,-0.0217030420899391,-0.0058414679641525,-0.215708183248838,0.976199201742808,-101.38020533114,-58.6637152889849,-36.1713759338469,-89.7800808418515,-53.3429440878719,-33.876742923369,-37.3076928454104,-46.9421616383118,-30.2133186249666
09-Nov-2024 20:15:11,5,22,-0.0396663283308347,0.379758503039678,0.0141633168483774,-0.0169334522138039,-0.00855394670118888,-0.216464707255363,0.97610612710317,-102.530691104481,-65.9559834623447,-39.9819168385237,-92.6463991109616,-56.0862434801732,-35.4127994375166,-39.4380860041387,-48.3578267606429,-31.0855580041291
09-Nov-2024 20:15:57,5,23,-0.0389018250008424,0.379714578390121,0.0152942131583889,-0.0161919120699167,-0.0109026655554771,-0.214407594998678,0.976549208164215,-102.639343381729,-67.5543307372667,-43.1248918252318,-92.5430396456967,-53.700136134193,-36.0056796821329,-39.7165870730233,-47.8790827032865,-30.0136201371978
09-Nov-2024 20:16:10,5,24,-0.0429735990862052,0.382019569476445,0.0176216897865136,-0.0106224148844679,-0.0126612660785516,-0.213885386784871,0.976718966166178,-103.78982915507,-74.8465989106265,-46.9354327299086,-95.4093579148068,-56.4434355264943,-37.5417361962804,-41.8469802317516,-49.2947478256176,-30.8858595163603
09-Nov-2024 20:16:57,5,25,-0.0422173189620177,0.383547401428223,0.0210648863265912,-0.0163183697809776,-0.0181754276156425,-0.204529549678167,0.978555603822072,-105.469398180364,-80.7919066347673,-52.1371906756009,-95.6658373167295,-57.3720315496549,-38.0062045756624,-44.551427345558,-49.4632083581049,-32.2110102724758
09-Nov-2024 20:17:10,5,26,-0.0465505880614122,0.386317050457001,0.0244043848166863,-0.0117323317875465,-0.0189735788851976,-0.201564112305641,0.97922127644221,-106.619883953705,-88.0841748081271,-55.9477315802777,-98.5321555858396,-60.1153309419562,-39.5422610898099,-46.6818205042863,-50.878873480436,-33.0832496516383
09-Nov-2024 20:17:55,5,27,-0.0466914415359497,0.387679080168406,0.0265091763188442,-0.00686770786220829,-0.0242369338870049,-0.197286487619082,0.980022195974986,-107.059911353022,-92.5279627568774,-60.9788810054623,-99.868554421356,-60.2262786496871,-40.5425235365747,-47.8992406405537,-51.3709363078452,-33.8819447192773
09-Nov-2024 20:18:09,5,28,-0.0475557615359624,0.38719277381897,0.0269185928006967,-0.02148065927128,-0.0228839043527842,-0.184784631927808,0.982277750968933,-104.213411360773,-93.6812034023578,-61.4014805592506,-91.7214148323685,-63.2170074454198,-41.8838671654891,-49.6022258685521,-49.8307286183256,-32.9578201055656
09-Nov-2024 20:18:55,5,29,-0.0483630230029424,0.382218100627263,0.0311008618523677,-0.0379611119627953,-0.0198059982309739,-0.145994561910629,0.988358386357625,-100.561682181511,-101.210203935533,-60.5593843732927,-85.0593155265841,-60.4665603988673,-41.607313760712,-50.3237245853201,-48.578719781345,-33.2719233360921
09-Nov-2024 20:19:08,5,30,-0.0498985995848974,0.381451638539632,0.0311179637908936,-0.0583099802335103,-0.0149350844323635,-0.129721237222354,0.989721834659576,-97.715182189261,-102.363444581014,-60.9819839270809,-76.9121759375966,-63.4572891946,-42.9486573896264,-52.0267098133185,-47.0385120918255,-32.3477987223804
09-Nov-2024 20:19:56,5,31,-0.0497455599407355,0.377739870548248,0.0308221204827229,-0.0720522771279017,-0.00602936496337255,-0.0966811935106913,0.992685707410177,-95.0660676035052,-104.529565170342,-59.7972356109962,-71.3075564902107,-64.8524300691901,-42.3560525016951,-53.7639517857017,-45.3424038285754,-33.3927880307877
09-Nov-2024 20:20:09,5,32,-0.050455766916275,0.377090575297674,0.0316013611853123,-0.0903174261252085,-0.000257829462255662,-0.0793932527303696,0.992743388811747,-92.2195676112553,-105.682805815822,-60.2198351647844,-63.1604169012232,-67.8431588649227,-43.6973961306095,-55.4669370137002,-43.8021961390558,-32.468663417076
09-Nov-2024 20:20:57,5,33,-0.0541447475552559,0.374095221360524,0.0262561172246933,-0.0764285872379939,-0.0021374737067769,-0.115632765988509,0.99034499724706,-92.2117330946536,-104.352714749917,-58.7164549737795,-67.3219120722456,-73.9982799216237,-44.6629386436689,-46.4778317379661,-43.2848384806514,-33.714575955212
09-Nov-2024 20:21:11,5,34,-0.0605700552463532,0.374344485998154,0.0223808437585831,-0.0656869580348333,-0.00213050111196935,-0.141929254929225,0.987692666053772,-93.2302058748048,-103.716183712088,-58.0917487177111,-70.5121471724673,-77.726194938896,-46.2204554151511,-38.9715980900397,-40.2204311091122,-31.8759315322885
09-Nov-2024 20:22:07,5,35,-0.0557175075014432,0.377790814638138,0.0166911570976178,-0.043016967177391,-0.00435406633963188,-0.125652109583219,0.991131770610809,-93.1355250065796,-102.432872660221,-58.6777054941745,-76.9630123080893,-81.8427129758826,-49.2069850574219,-47.9739286282094,-43.9795485941407,-32.7795655898947
09-Nov-2024 20:22:21,5,36,-0.0621052409211795,0.37794073621432,0.0133688109616439,-0.0341266197462877,-0.00303728870737056,-0.153739129503568,0.987517333030701,-94.1539977867308,-101.796341622392,-58.0529992381061,-80.1532474083109,-85.5706279931549,-50.7645018289041,-40.4676949802829,-40.9151412226015,-30.9409211669712
09-Nov-2024 20:23:18,5,37,-0.0538767231007417,0.38004089196523,0.00674030830462774,-0.0217409987002611,0.00102476816003521,-0.127571986118952,0.991590511798859,-92.0658937426939,-101.511420577544,-48.5086244983037,-83.1737975262328,-89.4928445202844,-54.0865250357806,-50.0657434254053,-44.1874962793463,-36.0984159843127
09-Nov-2024 20:23:32,5,38,-0.0609588049352169,0.380655815203985,0.00124246996128932,-0.00994611438363791,0.0047392386632661,-0.155590401093165,0.987760225931803,-93.0843665228451,-100.874889539716,-47.8839182422353,-86.3640326264544,-93.2207595375567,-55.6440418072628,-42.5595097774788,-41.1230889078071,-34.2597715613892
09-Nov-2024 20:24:29,5,39,-0.0536420894165834,0.380945324897766,-0.000580098708936324,-0.00415835113575061,0.00215888049763938,-0.134496681888898,0.990903004010518,-91.5428171152946,-94.2612084506096,-49.0558457997097,-87.0581347858766,-94.8686527527603,-57.6656710972371,-50.089645453229,-45.3815185433457,-34.9168702343596
09-Nov-2024 20:24:42,5,40,-0.0520176194608212,0.3837304631869,-0.00488723466793696,0.00205777611893912,0.00223507278909286,-0.111104300618172,0.993804128964742,-88.4045561198382,-89.1967223650131,-46.5876075990511,-88.3620794364488,-98.2193952130353,-59.4050471695142,-56.8676400824547,-46.021566964742,-35.3008992871974
09-Nov-2024 20:25:35,5,41,-0.0523462630808353,0.380203465620677,-0.0103093151624004,0.0261745574573676,0.00237051206640899,-0.131187578042348,0.991009147961934,-86.1396509183348,-84.0326387776619,-46.5394522774589,-90.3361028414459,-101.468713050775,-60.9855498506399,-49.3217052349421,-45.2458059932094,-34.4714631501015
09-Nov-2024 20:25:48,5,42,-0.0511480192343394,0.383195012807846,-0.0154062895725171,0.0340695093075434,0.000490197869172941,-0.108812954028447,0.993478151162465,-83.0013899228785,-78.9681526920655,-44.0712140768004,-91.640047492018,-104.81945551105,-62.724925922917,-56.0996998641678,-45.8858544146058,-34.8554922029393
09-Nov-2024 20:26:39,5,43,-0.0493073066075643,0.380712284644445,-0.0224334772676229,0.0450659734507402,0.00246848013872902,-0.110844670732816,0.992812422911326,-81.2748068243986,-70.2538678555917,-42.963017315675,-90.8790315198027,-108.944485660057,-64.3098652996185,-52.9407297550242,-46.4179981395376,-35.0827886608102
09-Nov-2024 20:26:52,5,44,-0.0480824987093608,0.383181850115458,-0.0270724403361479,0.0520159641901652,-0.000525718019343913,-0.0934615890185038,0.994263056914012,-78.1365458289422,-65.1893817699952,-40.4947791150164,-92.1829761703748,-112.295228120332,-66.0492413718956,-59.7187243842499,-47.058046560934,-35.466817713648
09-Nov-2024 20:27:42,5,45,-0.0452082388103008,0.382832245031993,-0.0328628207246463,0.0874650835990906,-0.0101638518894712,-0.0706448023517927,0.993607532978058,-73.1541237819741,-51.5499963089602,-41.4065616341244,-95.8294405095531,-116.408114424973,-68.0113990963849,-61.2282366442909,-48.8441426340981,-35.4724804690023
09-Nov-2024 20:27:55,5,46,-0.0463789649307728,0.385705361763636,-0.0381164396802584,0.0972940569122632,-0.0147343223914504,-0.0546634194751581,0.993644162019094,-70.0158627865177,-46.4855102233637,-38.9383234334658,-97.1333851601252,-119.758856885248,-69.750775168662,-68.0062312735166,-49.4841910554944,-35.8565095218401
09-Nov-2024 20:28:50,5,47,-0.045149065554142,0.384592044353485,-0.0377283066511154,0.110168168445428,-0.0263827157517274,-0.0195439111441374,0.993370536963145,-64.7555212653055,-58.1335744500478,-41.0850955926904,-95.7085896550005,-123.265671267706,-70.2515420670452,-71.8499847181499,-49.7222633027747,-37.1013554259362
09-Nov-2024 20:29:03,5,48,-0.0439734563231468,0.387349689006805,-0.0425985810657342,0.123134951293468,-0.0368980437517166,0.00864777813355128,0.991666011015574,-61.6172602698492,-53.0690883644514,-38.6168573920319,-97.0125343055726,-126.616413727981,-71.9909181393223,-78.6279793473756,-50.362311724171,-37.485384478774
09-Nov-2024 20:29:55,5,49,-0.0411748285094897,0.385849052667618,-0.0338963123659293,0.0998248572150866,-0.0326247088611126,0.011287630846103,0.994405988852183,-65.0111044507034,-58.7481356388588,-41.659342416328,-93.2149692562404,-123.079043588513,-69.1625042873166,-78.8985632329022,-49.9009324391363,-39.4841910906358
09-Nov-2024 20:30:09,5,50,-0.0370238023499648,0.387309541304906,-0.0303205149869124,0.0895343358318011,-0.030434529359142,0.0180460954705874,0.995355049769084,-68.2659888944357,-58.2459077571261,-41.5693222606825,-90.7067742847566,-118.338637487954,-66.9533950222579,-81.4612677107249,-55.7155412411599,-42.5525892768685
09-Nov-2024 20:30:56,5,51,-0.0375758282840252,0.384729566176732,-0.0229838906476895,0.0572397537529469,-0.0240183136115472,0.0225521216789881,0.997816697756449,-72.3403532067289,-61.7343174534636,-40.5705546950078,-87.1038942743486,-113.89974936794,-65.3346334637256,-81.6029118923995,-50.8921559996539,-38.5611916759156
09-Nov-2024 20:31:09,5,52,-0.0319933518767357,0.386242131392161,-0.020227745299538,0.0480753305057685,-0.0224939515193303,0.0312014733751615,0.998102859656016,-75.5952376504611,-61.2320895717308,-40.4805345393623,-84.5956993028648,-109.159343267381,-63.1255241986669,-84.1656163702222,-56.7067648016775,-41.6295898621482
09-Nov-2024 20:31:55,5,53,-0.0303646953155597,0.38614483277003,-0.0149515451242526,0.0223398004968961,-0.0178614472349485,0.0317878608902295,0.999085330963135,-79.0348620284738,-60.1001804790332,-38.8111406787022,-85.1401618119189,-103.294696157095,-61.1365887868714,-86.0427906999709,-53.6773765819362,-39.7430901547881
09-Nov-2024 20:32:08,5,54,-0.0254109121859074,0.388095585505168,-0.011565856076777,0.0104570373271902,-0.0174300479392211,0.0390195397039255,0.999031702677409,-82.289746472206,-59.5979525973004,-38.7211205230567,-82.6319668404352,-98.5542900565354,-58.9274795218126,-88.6054951777936,-59.4919853839598,-42.8114883410208
09-Nov-2024 20:32:56,5,55,-0.0225767473379771,0.386913220087687,-0.00400373451411724,-0.0262728658815225,-0.0144491986682018,0.0470586329698563,0.998442049821218,-86.0120008830785,-63.2808841100854,-40.9164135149038,-78.6501006092203,-93.1017634511126,-56.9034571833855,-89.6254345815793,-63.209595675101,-43.102437580457
09-Nov-2024 20:33:09,5,56,-0.0185658552994331,0.388885494073232,-0.00169596007714669,-0.0404152045647303,-0.0160319739331802,0.0503671089808146,0.997783931096395,-89.2668853268107,-62.7786562283526,-40.8263933592583,-76.1419056377366,-88.3613573505533,-54.6943479183267,-92.188139059402,-69.0242044771246,-46.1708357666897
09-Nov-2024 20:33:59,5,57,-0.0119877682998776,0.391163543860118,0.00288403799446921,-0.0592817803223928,-0.0156214628989498,0.0664026285211245,0.995907831192017,-93.580454754113,-61.6690080438787,-41.0540297773592,-77.0218750363872,-82.3648909975623,-51.9777821165838,-98.6294610002062,-74.9153140237069,-49.8005094795242
09-Nov-2024 20:34:12,5,58,-0.00707092676311731,0.392922419309616,0.00726579306647182,-0.0696683575709661,-0.0173521562168996,0.0688381989796956,0.995040988922119,-96.8353391978453,-61.1667801621459,-40.9640096217137,-74.5136800649035,-77.624484897003,-49.768672851525,-101.192165478029,-80.7299228257305,-52.8689076657568
09-Nov-2024 20:35:01,5,59,-0.000844752241391689,0.39355740348498,0.0116361921653152,-0.114039527376493,-0.0235810790210962,0.0851417541503906,0.989540219306946,-100.919566133363,-63.5858421290427,-41.4078177529413,-69.574567278487,-72.7060486702279,-45.5808353181242,-104.719178687342,-87.1827820000335,-55.0929436152904
09-Nov-2024 20:35:14,5,60,0.0050200334439675,0.395920725663503,0.0171134905268749,-0.125242017706235,-0.0263353891670704,0.0910819446047147,0.987585453192393,-104.174450577095,-63.0836142473099,-41.3177975972958,-67.0663723070032,-67.9656425696686,-43.3717260530654,-107.281883165165,-92.9973908020571,-58.1613418015231
09-Nov-2024 20:36:04,5,61,0.00998645288248857,0.39565891623497,0.0159356284886599,-0.140963653723399,-0.0322072610259056,0.0982585648695628,0.984600031375885,-104.16900626672,-64.342031289892,-42.3946915850869,-64.017718428053,-68.5362214060014,-43.4732526538356,-108.151742008733,-97.7061247902204,-61.1825588694062
09-Nov-2024 20:36:17,5,62,0.0146141621594628,0.39770459930102,0.013611036973695,-0.127827348311742,-0.0336828701198101,0.0928959016998609,0.986861689885457,-103.995581785602,-64.8583692169387,-42.7044943413148,-67.1185195501228,-70.7275430416662,-44.6205472643727,-107.844832149746,-106.55144807858,-65.6568543062906
09-Nov-2024 20:37:02,5,63,0.021076908459266,0.39771623412768,0.0122549150759975,-0.109692020217578,-0.0362805930276712,0.0802760337789853,0.990054126580556,-101.44199292743,-61.7550296061426,-41.2727541692611,-71.7490912184594,-69.4243571457772,-45.5731598078243,-106.016499473632,-110.343833960009,-71.7575591840002
09-Nov-2024 20:37:16,5,64,0.0257664892822504,0.399943848450979,0.0105006725216905,-0.0998725841442744,-0.0367321153481801,0.080009921391805,0.991097696622213,-101.268568446312,-62.2713675331892,-41.5825569254891,-74.8498923405292,-71.615678781442,-46.7204544183614,-105.709589614646,-119.189157248369,-76.2318546208845
09-Nov-2024 20:38:02,5,65,0.0257901756713788,0.400103233257929,0.00761833464105924,-0.0733419348796209,-0.0309467016408841,0.0781753376126289,0.993756481011709,-97.9978399576349,-63.225839970232,-42.1453721849267,-78.3137018483175,-74.2577109824891,-49.881687488827,-106.26404678635,-122.045510273426,-75.2504013261548
09-Nov-2024 20:38:15,5,66,0.022704499711593,0.40233429869016,0.000588295408912624,-0.0509727880358696,-0.0254550715287526,0.0728547170758247,0.995713826020559,-96.5171936574847,-62.9901511761961,-42.0039589085052,-84.7626260829723,-79.9219969493131,-52.6902615928354,-107.279215366619,-123.603332001948,-76.0057433110124
09-Nov-2024 20:39:04,5,67,0.0209570483615001,0.402888176838557,0.000820153214347859,-0.0248208127915859,-0.0147982677444816,0.0754363223910332,0.996731841564178,-94.8165062630712,-67.5495429976998,-44.6146599000132,-88.2189929541938,-87.3751560332485,-54.7751651800725,-107.839028242606,-126.710419378738,-76.4926876560764
09-Nov-2024 20:39:17,5,68,0.018057656660676,0.405462803443273,-0.00678229096035163,-0.00246351342648268,-0.010885784154137,0.0696589787801107,0.997508430480957,-93.3358599629211,-67.3138542036639,-44.4732466235917,-94.6679171888487,-93.0394420000725,-57.5837392840809,-108.854196822874,-128.268241107261,-77.248029640934
09-Nov-2024 20:40:05,5,69,0.0168297812342644,0.40693123737971,-0.00591703777511915,0.0171109292656183,-0.00516315981124838,0.0674754470586777,0.997560850779216,-93.4701931156393,-69.7007057173979,-47.2828904811351,-98.9455627417869,-97.4231645254523,-59.9554781297036,-109.941687551002,-130.600695659917,-77.8691728058948
09-Nov-2024 20:40:19,5,70,0.0131406153241793,0.409691824515661,-0.0125670051202178,0.0411979543666045,-0.00109809457402055,0.058488900711139,0.997436964511871,-91.9895468154892,-69.465016923362,-47.1414772047135,-105.394486976442,-103.087450492276,-62.764052233712,-110.95685613127,-132.158517388439,-78.6245147907525
09-Nov-2024 20:41:09,5,71,0.0153528366237879,0.408710922797521,-0.0103101166586081,0.0769317477941513,0.00759245135510961,0.0754164387782415,0.994151035944621,-83.9077558165493,-69.8821014718549,-47.9754944084607,-107.78443793096,-101.49657474602,-61.8759190312129,-112.147522660939,-129.967516634537,-78.64883823728
09-Nov-2024 20:41:22,5,72,0.0162321388721466,0.407607758045197,-0.0124039460594455,0.107646198074023,0.0112859056641658,0.0944911628961563,0.989624353249868,-74.9434750911753,-68.3129158664626,-47.0339830452254,-109.235028226337,-98.820980720486,-60.3812034579067,-113.527028116678,-127.914199468567,-77.465261093756
09-Nov-2024 20:41:59,5,73,0.0217281176398198,0.406845410664876,-0.0148366548120976,0.163372330864271,0.0283938365677993,0.108345526953538,0.9801859776179,-59.3704392290184,-42.0868653380123,-28.0802359654813,-115.055298851284,-100.962745834591,-50.0397790700041,-115.112114109381,-127.292040508631,-76.8106342452578
09-Nov-2024 20:42:12,5,74,0.0213433757424355,0.407573099931081,-0.0150117497891188,0.166821364561717,0.0284567205856244,0.111902658144633,0.979203089078267,-50.4061585036444,-40.5176797326201,-27.138724602246,-116.505889146661,-98.2871518090568,-48.5450634966978,-116.49161956512,-125.238723342661,-75.6270571017338
09-Nov-2024 20:42:46,5,75,0.0218290417144696,0.407160705327988,-0.0113794551541408,0.178375348448753,0.0338054520388444,0.114698914686839,0.976669649283091,-38.212500209879,-26.6950616656989,-17.1910953807563,-117.291319606823,-94.4202373533422,-42.5519935160934,-117.148915289341,-125.175985279708,-73.7329551057227
09-Nov-2024 20:43:00,5,76,0.0208354454487562,0.407776433229446,-0.0113662373895446,0.179861091574033,0.031808190792799,0.118118817607562,0.976056416829427,-29.248219484505,-25.1258760603066,-16.2495840175209,-118.7419099022,-91.7446433278081,-41.0572779427871,-118.52842074508,-123.122668113739,-72.5493779621987
09-Nov-2024 20:43:26,5,77,0.0154003530740738,0.405945366621017,-0.00359228700399399,0.191869458556175,0.0324963125089804,0.152109755078952,0.96901638507843,-18.0692499749352,-17.8799742241499,-10.8050137251584,-113.934920279969,-78.8733890871839,-38.0633851658318,-124.04682133506,-109.839640499278,-61.4855383924312
09-Nov-2024 20:43:39,5,78,0.0184795266638199,0.404766460259755,-0.00336623284965754,0.169416177272797,0.0305351840953032,0.181478487451871,0.968210327625275,-22.7956775515762,-18.0173584731922,-10.8874442745838,-105.991304235545,-77.4636557813359,-37.372256937812,-127.242068943073,-107.3893740108,-60.2741435730965
09-Nov-2024 20:44:14,5,79,0.0191755338261525,0.40033106803894,-0.00359410829842091,0.141895712415377,0.0208677796026071,0.206004458665848,0.967983647187551,-26.7897607361194,-15.2413846068521,-8.71834535944552,-100.693898232318,-79.8060923679427,-35.6315401079677,-127.031764118206,-109.974252298076,-63.94761754064
09-Nov-2024 20:44:27,5,80,0.0215235265592734,0.399922698736191,-0.00304703945294023,0.122074247399966,0.0176990694055955,0.227457904815674,0.965943853060404,-31.5161883127604,-15.3787688558944,-8.80077590887087,-92.7502821878935,-78.3963590620947,-34.9404118799479,-130.227011726218,-107.523985809598,-62.7362227213053
09-Nov-2024 20:45:23,5,81,0.0189899156490962,0.39800840417544,-0.00208236516918987,0.0831576898694038,0.00016259754775092,0.240445603926977,0.967093940575918,-56.5764436933523,-63.6344740472461,-7.75744172601442,-87.4797711640676,-78.5627107024742,-47.6744893510158,-130.744483117791,-109.241291708998,-63.2172622954097
09-Nov-2024 20:45:37,5,82,0.0191878291467826,0.398700666427612,0.00100269368073593,0.0519042166570822,-0.00553563566257556,0.25342190861702,0.965946519374847,-61.3028712699933,-63.7718582962883,-7.83987227543977,-79.5361551196435,-77.1529773966262,-46.9833611229961,-133.939730725803,-106.79102522052,-62.005867476075
09-Nov-2024 20:46:30,5,83,0.0179825288554033,0.397068450848262,0.00521231895933549,0.00856563368191322,-0.0135816833625237,0.272088187932968,0.962138346831004,-64.8712127486098,-60.5934030164853,-39.609420458724,-74.5790915855185,-73.6812865638919,-47.2298357445201,-136.246090225596,-104.77454492598,-61.4156898534598
09-Nov-2024 20:46:43,5,84,0.0168980605900288,0.398248827457428,0.00867481591800849,-0.0262566277136405,-0.0194115861008565,0.280052097638448,0.959429323673248,-69.5976403252507,-60.7307872655276,-39.6918510081494,-66.6354755410944,-72.2715532580439,-46.5387075165003,-139.441337833608,-102.324278437503,-60.2042950341251
09-Nov-2024 20:47:30,5,85,0.0230817222346862,0.400065730015437,0.00887219017992417,-0.0174100551754236,-0.0179791953414679,0.287069255113602,0.957582859198252,-68.827661129016,-62.333345299917,-38.5693464578588,-70.2398428500928,-70.4621453986563,-44.4844921266738,-142.225226260552,-107.761645863316,-63.6913385302805
09-Nov-2024 20:47:43,5,86,0.0253417829672496,0.4029328028361,0.012216783563296,-0.00394434680541356,-0.00919183548539877,0.291795345147451,0.9564284324646,-69.8367249817934,-67.1688230987292,-41.0282830906386,-74.5259339039418,-66.6837163027118,-42.6364753120753,-145.228558741605,-112.382120192159,-66.0427734280762
09-Nov-2024 20:48:32,5,87,0.02959570599099,0.405019460121791,0.00812556551148494,0.00363706480711699,-0.0129288755357265,0.292361396551132,0.956213601430257,-69.3562673100648,-65.0628410153297,-39.7464991318833,-77.1961630853655,-72.6647978250457,-46.3103592098627,-147.447169195604,-116.286041069488,-69.8620126250518
09-Nov-2024 20:48:45,5,88,0.0327256460984548,0.408087696631749,0.0108107706531882,0.0163207399348418,-0.00473838150501251,0.297138390938441,0.954683180650075,-70.3653311628422,-69.8983188141419,-42.2054357646631,-81.4822541392144,-68.8863687291012,-44.4623423952643,-150.450501676657,-120.906515398332,-72.2134475228474
09-Nov-2024 20:49:36,5,89,0.034918237477541,0.41124648253123,0.00714203435927629,0.0321886467436949,-0.00379778468050063,0.291106317440669,0.956141519546509,-70.5546342533666,-68.338066671848,-42.0440121016754,-87.2104142568507,-74.8626949422961,-50.1002759368587,-152.611473144183,-126.293713001418,-76.8737845702331
09-Nov-2024 20:49:49,5,90,0.0370320528745651,0.414281239112218,0.00947555620223284,0.0438251577317715,0.00514892979214589,0.295077723264694,0.954453766345978,-71.5636981061441,-73.1735444706602,-44.5029487344553,-91.4965053106997,-71.0842658463516,-48.2522591222603,-155.614805625236,-130.914187330262,-79.2252194680287
09-Nov-2024 20:50:40,5,91,0.0406371799608072,0.416677339871724,0.00591768091544509,0.0473467513918877,0.00230038381802539,0.295717682441076,0.954098574320475,-71.562881577795,-73.3861572989193,-41.0767052193514,-93.5786308964423,-80.8832144049774,-49.2472174857583,-158.121957599526,-136.143023296227,-83.1811054406193
09-Nov-2024 20:50:54,5,92,0.0419798495868842,0.419414389133453,0.00832797617961963,0.0578249844412009,0.00789283495396376,0.296155720949173,0.953355018297831,-72.5719454305725,-78.2216350977315,-43.5356418521312,-97.8647219502913,-77.1047853090329,-47.3992006711598,-161.125290080579,-140.76349762507,-85.532540338415
09-Nov-2024 20:51:46,5,93,0.0432892849047979,0.423301732540131,0.00612458273147543,0.051768342902263,0.00282575764382879,0.289584944645564,0.955747163295746,-77.5010690927867,-74.4456804112672,-45.4519884109692,-100.598830270087,-80.8650450403739,-55.89767144561,-163.95553230825,-143.288152772475,-90.1112007736082
09-Nov-2024 20:52:00,5,94,0.0454602035383383,0.426494288444519,0.00680060368031263,0.0629692335923513,0.00905669033527374,0.291562620798747,0.954433921972911,-78.5101329455641,-79.2811582100794,-47.9109250437491,-104.884921323936,-77.0866159444295,-54.0496546310115,-166.958864789304,-147.908627101319,-92.4626356714039
09-Nov-2024 20:52:56,5,95,0.044552035878102,0.429575820763906,0.00759112797677517,0.0592425579826037,0.00715869273990393,0.287396117051442,0.955951126416524,-82.1542267030599,-81.0109197662534,-49.798566639558,-107.195021010758,-83.2275312621281,-58.4248816109377,-169.575652143666,-150.206191839443,-97.4276833378982
09-Nov-2024 20:53:09,5,96,0.0379400531450907,0.430404845873515,0.0115102547531327,0.0361708340545495,0.00316772237420082,0.269197438160578,0.962400257587433,-89.7668840937391,-82.9710826578693,-50.8240935608682,-106.4951778141,-83.6819860171503,-58.6975544639509,-163.74835241495,-149.263116472922,-97.0015911301402
09-Nov-2024 20:54:01,5,97,0.0370101109147072,0.427139220635096,0.0116930986444155,0.0398094644149144,0.00845764509091775,0.235901486873627,0.970924417177836,-88.9470564367775,-85.1033874281661,-53.6639729636929,-106.457338933929,-83.0961129789939,-57.8818492142265,-158.627780122888,-150.758586311042,-93.9823053067315
09-Nov-2024 20:54:15,5,98,0.0315886513640483,0.427604897816976,0.014344622567296,0.0248488202691078,0.00697530967493852,0.222520327568054,0.97458633184433,-96.5597138274567,-87.0635503197821,-54.6894998850031,-105.757495737271,-83.550567734016,-58.1545220672398,-152.800480394172,-149.815510944521,-93.5562130989734
09-Nov-2024 20:55:07,5,99,0.0288798013081153,0.425801233450572,0.0160211571802696,0.00323669745897253,0.00156164236056308,0.17986063460509,0.983685568968455,-102.506128694315,-88.1347841507385,-57.8222030470705,-105.613654698857,-82.5848585924488,-58.4080058688842,-148.901544383783,-150.391708180321,-89.73352408339
09-Nov-2024 20:55:21,5,100,0.0230869263410568,0.427262085676193,0.0194454169521729,-0.0213126835723718,-0.00297432805721958,0.161852859457334,0.986580248673757,-110.118786084995,-90.0949470423544,-58.8477299683807,-104.913811502199,-83.039313347471,-58.6806787218975,-143.074244655067,-149.4486328138,-89.3074318756319
09-Nov-2024 20:56:38,6,1,-0.0221015886714061,0.311875472466151,0.00768571042766174,-0.0137352011476954,-0.00482037551701069,-0.0186705944438775,0.999719774723053,-13.125,-13.875,-5.92500000000001,-11.025,-13.35,-7.05000000000001,-6.82500000000001,-9.6,-10.575
09-Nov-2024 20:56:52,6,2,-0.0239497092862924,0.316042536497116,0.00640653986483812,-0.00967398869494597,-0.00521013848483562,-0.0159300977985064,0.999812742074331,-16.8922608647261,-17.5241342506353,-7.90809176789454,-15.3729104931283,-17.1285224304489,-9.0977874693284,-12.5687898605399,-11.1852329180015,-11.5261397508009
09-Nov-2024 20:57:34,6,3,-0.023731296757857,0.323947548866272,0.00628397824863593,-0.0120793543135126,-0.00487927729263902,-0.0192902204891046,0.999729073047638,-25.7220217294522,-23.6857685012706,-14.3536835357891,-22.9083209862566,-23.1570448608979,-16.6955749386567,-19.3250797210799,-17.7204658360029,-16.7897795016017
09-Nov-2024 20:57:47,6,4,-0.0257968192299207,0.328600360949834,0.00547149088233709,-0.00970391283432643,-0.00543016558513045,-0.0143536344791452,0.999835197130839,-29.4892825941783,-27.3349027519059,-16.3367753036836,-27.2562314793849,-26.9355672913469,-18.7433624079851,-25.0688695816198,-19.3056987540044,-17.7409192524026
09-Nov-2024 20:58:29,6,5,-0.0247223666558663,0.335843030611674,0.00615726231286923,-0.0042894659563899,-0.00669603226706386,-0.00280421250499785,0.999964467684428,-35.4127934589044,-30.8152870025412,-20.7011170715781,-34.8478919725131,-31.6890897217958,-22.0661498773135,-34.1689094421597,-25.2409316720058,-18.0733090032035
09-Nov-2024 20:58:43,6,6,-0.0269767444580793,0.340276616811752,0.00689931906138857,-0.00346223212157687,-0.00637449566274881,0.00525677126521866,0.999959913889567,-39.1800543236305,-34.4644212531765,-22.6842088394726,-39.1958024656414,-35.4676121522448,-24.1139373466419,-39.9126993026996,-26.8261645900073,-19.0244487540044
09-Nov-2024 20:59:25,6,7,-0.0261055628458659,0.346105762322744,0.00679283977175752,0.00568262161687016,-0.00612153072531025,0.0213634679714839,0.999736909071604,-42.6754401883567,-39.7541805038118,-25.8579256073671,-44.4905879587697,-39.1336345826938,-28.3742248159702,-48.2346141632395,-30.2863975080087,-20.4162135048052
09-Nov-2024 20:59:39,6,8,-0.0284457165747881,0.350853770971298,0.00650011673569679,0.00575801155840357,-0.00649633426219225,0.0286911521106958,0.999550664424896,-46.4427010530828,-43.4033147544472,-27.8410173752617,-48.838498451898,-42.9121570131427,-30.4220122852986,-53.9784040237794,-31.8716304260102,-21.3673532556061
09-Nov-2024 21:00:23,6,9,-0.0246365440388521,0.357260753711065,0.00571684148162603,0.0199685836831729,-0.00648084276666244,0.0306819643825293,0.999308721224467,-50.7490244178089,-46.2977615050825,-29.5194216431562,-57.0348464450263,-44.3844294435917,-33.576049754627,-60.8612563843193,-40.3193633440116,-23.288805506407
09-Nov-2024 21:00:37,6,10,-0.0259386284897725,0.361296796798706,0.00556996278464794,0.0211074784398079,-0.00692094452679157,0.0359470322728157,0.999106824398041,-54.5162852825351,-49.9468957557178,-31.5025134110507,-61.3827569381546,-48.1629518740407,-35.6238372239553,-66.6050462448592,-41.9045962620131,-24.2399452572079
09-Nov-2024 21:01:21,6,11,-0.0254402901977301,0.365724843740463,0.00570080578327179,0.0197976677368085,-0.00875382584830125,0.0531670749187469,0.998351009686788,-57.5030773972612,-54.7936862563532,-33.7832614289452,-63.8298861812829,-55.6633493044897,-35.8997496932837,-74.1183673553991,-42.1960791800146,-29.2012412580087
09-Nov-2024 21:01:35,6,12,-0.027474865441521,0.370254550377528,0.00570168054352204,0.0233324685444434,-0.0094911752268672,0.0637001097202301,0.997651183605194,-61.2703382619874,-58.4428205069885,-35.7663531968398,-68.1777966744112,-59.4418717349387,-37.9475371626121,-79.862157215939,-43.781312098016,-30.1523810088096
09-Nov-2024 21:02:20,6,13,-0.0242880254983902,0.371886670589447,0.00342635156897207,0.0596086735526721,-0.0103735718255242,0.0670622954765956,0.995912583669027,-57.499269514836,-55.176161909127,-34.9929426788697,-75.3992688750795,-58.9206734832469,-36.843536505227,-81.9495324746774,-45.5894842826232,-30.3454874445739
09-Nov-2024 21:02:33,6,14,-0.0264230261246363,0.374492180347443,0.00117400167121862,0.0915356854597727,-0.0112547375882665,0.0503320775926113,0.994465307394664,-54.8684351426845,-53.6356751862655,-33.9957040358997,-83.8711317007479,-58.6385377315552,-36.4754733478418,-81.5021421084158,-43.3195314672304,-28.9835157553382
09-Nov-2024 21:03:20,6,15,-0.0248049338658651,0.37448407014211,0.00129898417120179,0.113442635536194,-0.0109780476739009,0.0500116653740406,0.992224343617757,-52.9424835830331,-55.207102525904,-32.5103794554297,-87.0677992139163,-57.2618707298635,-38.0644414404567,-81.7971345546542,-46.3886411518378,-29.9740831286026
09-Nov-2024 21:03:34,6,16,-0.0267809220900138,0.376879052321116,-0.00213349889187763,0.150341522693634,-0.0135693120459716,0.0350952155888081,0.98791784842809,-50.3116492108817,-53.6666158030425,-31.5131408124597,-95.5396620395847,-56.9797349781717,-37.6963782830715,-81.3497441883927,-44.118688336445,-28.6121114393669
09-Nov-2024 21:04:22,6,17,-0.0239319345603387,0.376043991247813,-0.00259093078784645,0.183248118559519,-0.0128808834900459,0.0324193477630615,0.982447568575541,-46.0082562449803,-55.857086111431,-30.7218592007397,-99.7989272090031,-57.20033360148,-38.0818307506864,-80.2985452283811,-46.9932667710525,-30.8264092813812
09-Nov-2024 21:04:36,6,18,-0.0266443988929192,0.378502172231674,-0.00713922791182995,0.225178027153015,-0.0168723947058121,0.0194325404862563,0.973977712790171,-43.3774218728288,-54.3165993885695,-29.7246205577696,-108.270790034671,-56.9181978497882,-37.7137675933012,-79.8511548621195,-44.7233139556597,-29.4644375921455
09-Nov-2024 21:05:25,6,19,-0.0247426585604747,0.378842594226201,-0.00628933102513353,0.25886997183164,-0.0156043305372198,0.00639369878917932,0.965764991442362,-41.2603082038024,-56.516591181333,-29.5803604304246,-114.786354032215,-57.7874292855965,-37.7974622484161,-79.0268601989829,-46.8256267652673,-31.6906006685348
09-Nov-2024 21:05:39,6,20,-0.0269990586986144,0.380440135796865,-0.00898389232655366,0.241481906175613,-0.015654829206566,-0.0119468066220482,0.97020548582077,-45.448877451246,-54.1045440631836,-28.5966159715559,-114.727380030754,-62.7468541653083,-40.4994537884779,-73.6577650481402,-50.6032824858555,-33.8017076290349
09-Nov-2024 21:06:17,6,21,-0.0300213521967332,0.378520729144414,-0.0154256643727422,0.249589200814565,-0.0114223750308156,-0.0505027348796527,0.966966533660889,-45.544307050252,-38.1877362028469,-20.3143607704997,-117.140256615231,-64.7569626387702,-43.8023242347898,-68.7752177488601,-45.8420710189436,-31.9318819723475
09-Nov-2024 21:06:31,6,22,-0.0314770917097727,0.379861638943354,-0.0168628450483084,0.235275774200757,-0.00969459979484479,-0.0626207493245602,0.969860808054606,-49.7328762976956,-35.7756890846975,-19.3306163116309,-117.081282613771,-69.7163875184821,-46.5043157748516,-63.4061225980174,-49.6197267395319,-34.0429889328475
09-Nov-2024 21:07:11,6,23,-0.0357981314261754,0.380270191033681,-0.023046729589502,0.2400816877683,0.00281185877198974,-0.112171117464701,0.964246122042338,-52.5498757209204,-26.6862615954545,-14.6976164816684,-120.958233905279,-77.9261541950689,-50.8567467680385,-57.6053013729559,-47.4029488663698,-34.3136295847538
09-Nov-2024 21:07:25,6,24,-0.0369129568338394,0.381530618667603,-0.024504001562794,0.225063476959864,0.00742148105055094,-0.126908179124196,0.966015378634135,-56.7384449683639,-24.2742144773051,-13.7138720227997,-120.899259903818,-82.8855790747807,-53.5587383081003,-52.2362062221133,-51.180604586958,-36.4247365452539
09-Nov-2024 21:08:02,6,25,-0.0401236827174822,0.380367565155029,-0.0297910074392955,0.22384441892306,0.0169276884446541,-0.144299309452375,0.963734873135885,-54.9912293036981,-18.4484771736089,-10.9054998783841,-120.333248548842,-89.62017485293,-55.6609495747247,-48.2262480341612,-47.5360435106712,-36.0406103514571
09-Nov-2024 21:08:15,6,26,-0.0447277267773946,0.381994696458181,-0.0360668830573559,0.240397918224335,0.0135788931821783,-0.14544480741024,0.959619851907094,-53.1078852243811,-23.7170520782168,-13.3425588963718,-124.131292331278,-93.3111615426795,-57.3092144852831,-48.7921932123589,-44.0088944489793,-34.0798073862948
09-Nov-2024 21:09:13,6,27,-0.0446772153178851,0.384645748138428,-0.0343470218280951,0.245527058839798,0.00413750670850277,-0.127438682317734,0.960967628161112,-55.3066486890095,-54.7287818900512,-33.5423040715859,-126.625817436955,-98.8647336816477,-61.1325892591228,-53.9377068720019,-49.2206369888498,-34.6963878439842
09-Nov-2024 21:09:26,6,28,-0.0513368559380372,0.386915638049444,-0.0365445363024871,0.259321091572444,-0.00306011770541469,-0.131697860360146,0.956764797369639,-53.4233046096926,-59.9973567946591,-35.9793630895736,-130.423861219391,-102.555720371397,-62.7808541696812,-54.5036520501996,-45.693487927158,-32.735584878822
09-Nov-2024 21:10:16,6,29,-0.0477634248634179,0.387566190958023,-0.0381244150300821,0.279492141803106,-0.00966671438266834,-0.122391690313816,0.95226624806722,-51.9310143023483,-57.0625091528804,-37.9977651861745,-133.120145663448,-106.202999785756,-63.7916740118803,-55.70938146912,-51.0357846662477,-35.4384736250855
09-Nov-2024 21:10:29,6,30,-0.0542298289636771,0.389870713154475,-0.0398695409297943,0.289395236968994,-0.020490687713027,-0.122627478837967,0.949101201693217,-50.0476702230313,-62.3310840574883,-40.4348242041622,-136.918189445884,-109.893986475505,-65.4399389224387,-56.2753266473177,-47.5086356045559,-33.4776706599233
09-Nov-2024 21:11:24,6,31,-0.0503253149489562,0.393169806400935,-0.0389310476680597,0.280409528811773,-0.0162772296617428,-0.122791196902593,0.951854991912842,-56.9848530297006,-61.3229476889029,-42.5875547614565,-139.41535355913,-112.36311952756,-69.0194812988174,-60.5361639458767,-54.6412094432552,-36.098713550474
09-Nov-2024 21:11:38,6,32,-0.0478736095130444,0.392502240339915,-0.0439835583170255,0.291961675882339,-0.0152355497082074,-0.115213505923748,0.949342922369639,-51.2750223788132,-54.3629307886459,-39.0321896996826,-138.40630184939,-111.839611659384,-68.6823707530841,-59.588417877233,-55.745502510679,-36.5755034725405
09-Nov-2024 21:12:17,6,33,-0.0448320719103018,0.388473276297251,-0.0433046015600363,0.298080664873123,-0.00504007323955496,-0.121421589454015,0.946773107846578,-37.5254551709189,-40.4395582517923,-26.0346604075622,-133.221810305056,-113.93017697236,-56.935898940261,-55.6131178687701,-50.6296570282982,-35.8182163224635
09-Nov-2024 21:12:30,6,34,-0.0441133824487527,0.38853255311648,-0.0423976913094521,0.2957983314991,-0.00336215966381133,-0.122519395252069,0.947354765733083,-31.8156245200314,-33.4795413515352,-22.4792953457883,-132.212758595316,-113.406669104184,-56.5987883945277,-54.6653718001264,-51.7339500957219,-36.2950062445301
09-Nov-2024 21:12:52,6,35,-0.0492759582897027,0.383065547545751,-0.0444003686308861,0.302308392524719,-0.00964180181423823,-0.140518459677696,0.942746555805206,-20.1359255906406,-22.7378466329799,-14.2028481688412,-128.440986968279,-101.215197826584,-50.5569972152495,-40.6538487615732,-30.528173888243,-20.3297576305249
09-Nov-2024 21:13:06,6,36,-0.0534794750312964,0.382317725817362,-0.0401090691486994,0.298400370279948,-0.0101099230349064,-0.144165094693502,0.943435831864675,-14.4260949397531,-15.7778297327229,-10.6474831070673,-127.43193525854,-100.691689958408,-50.2198866695162,-39.7061026929296,-31.6324669556667,-20.8065475525915
09-Nov-2024 21:14:16,6,37,-0.0449525080621243,0.384709237019221,-0.0378338798880577,0.27867857615153,-0.00260620491268734,-0.125599868098895,0.952132419745127,-47.9563301496142,-53.8769739233172,-4.73157698770683,-131.491523590151,-107.75920038552,-53.9304358070104,-52.026468139331,-47.0817253856391,-35.262318206622
09-Nov-2024 21:14:29,6,38,-0.0443841042617957,0.384290850162506,-0.0393574123581251,0.285859092076619,-0.00190546528901905,-0.120400861899058,0.95067568620046,-42.2464994987268,-46.9169570230602,-1.17621192593299,-130.482471880412,-107.235692517344,-53.5933252612771,-51.0787220706873,-48.1860184530629,-35.7391081286885
09-Nov-2024 21:15:34,6,39,-0.0459966219961643,0.385850079854329,-0.0392244237164656,0.276561691363653,-0.00689645772799849,-0.111903781692187,0.954433679580688,-47.7821908050355,-56.3409829260239,-32.3026086116621,-131.474668070713,-109.983496065653,-59.7152468389767,-55.1964575851608,-47.889340755492,-36.6409628410018
09-Nov-2024 21:15:48,6,40,-0.038281337171793,0.386906198660533,-0.0387302594880263,0.274119391043981,-8.45479114407984e-05,-0.102162097891172,0.956253870328267,-47.1228491809695,-55.3104282835615,-31.6842758261847,-130.307544240338,-111.335790466317,-60.2883385750626,-58.1551373421118,-55.720180376647,-40.4533271873331
09-Nov-2024 21:16:40,6,41,-0.042315507431825,0.387901826699575,-0.035968042910099,0.258780475457509,-0.000194266765417221,-0.11417210350434,0.959164969126383,-53.1610240220912,-29.6571639138114,-38.6883077763109,-131.120080420301,-111.735839440803,-62.4358452319554,-57.193344977824,-54.3122613384391,-40.7854367166553
09-Nov-2024 21:16:54,6,42,-0.0353814691305161,0.388780226310094,-0.0353290741642316,0.257486625512441,0.00517590095599492,-0.104797852039337,0.960568193594615,-52.5016823980253,-28.626609271349,-38.0699749908334,-129.952956589927,-113.088133841468,-63.0089369680413,-60.152024734775,-62.143100959594,-44.5978010629866
09-Nov-2024 21:17:25,6,43,-0.02511540936927,0.386208774646123,-0.0370757622023423,0.256328374147415,0.0199789971113205,-0.0868894293904305,0.962469148635864,-24.1410990065522,-10.5596997652426,-16.5878245731576,-122.875662764721,-106.164305529043,-55.4442361645307,-61.6754684311065,-69.0295612510675,-45.1700380008133
09-Nov-2024 21:17:38,6,44,-0.0189085517078638,0.38754016160965,-0.0340709418058395,0.243334613243739,0.025165107101202,-0.0759129837155342,0.966639645894368,-23.4817573824862,-9.52914512278017,-15.9694917876801,-121.708538934346,-107.516599929707,-56.0173279006166,-64.6341481880575,-76.8604008722224,-48.9824023471446
09-Nov-2024 21:18:50,6,45,-0.0210011087357998,0.388309719165166,-0.0334599542121092,0.220853008826574,0.023471579576532,-0.0775155211488406,0.971938474973043,-54.7967948747177,-57.3554130484969,-36.2692501861037,-123.661330106556,-112.530832973827,-59.4965233669042,-65.5252099146987,-80.7690508285366,-52.9747029892235
09-Nov-2024 21:19:04,6,46,-0.0136664657543103,0.389876105388006,-0.0331177162627379,0.218729205926259,0.0271146134783824,-0.0664999177058538,0.973139317830404,-54.1374532506518,-56.3248584060345,-35.6509174006262,-122.494206276182,-113.883127374491,-60.0696151029901,-68.4838896716497,-88.5998904496916,-56.7870673355548
09-Nov-2024 21:20:07,6,47,-0.0132197964315613,0.392344295978546,-0.0286632791161537,0.199772824843725,0.0194059519718091,-0.0359283472100894,0.9789910197258,-58.3639236841185,-58.4524559109525,-40.1994747250739,-121.767878955275,-114.567296951129,-62.4391857176287,-78.5238665673714,-91.5141770714626,-59.9046448326071
09-Nov-2024 21:20:21,6,48,-0.00607714100430409,0.395179494222005,-0.0270966224372387,0.197650629281998,0.0157487322265903,0.000933558959513903,0.980145541826884,-57.7032045594361,-58.7266421317808,-40.3639864575709,-118.581594133075,-112.745497206039,-61.5557044671664,-87.047652478248,-96.3145585256539,-62.3322541817856
09-Nov-2024 21:21:24,6,49,-0.00346227049206694,0.396645665168762,-0.0221786121527354,0.177907725175222,0.0087442976112167,0.0292868836472432,0.983572419484456,-61.2860802138284,-60.4525339946539,-42.2705209860433,-117.450288061522,-111.501682121812,-61.3237491492545,-93.7045338815473,-100.021892563635,-63.6048476049011
09-Nov-2024 21:21:37,6,50,0.00231387382373214,0.399402099847794,-0.0211108018954595,0.174909023443858,0.00561520435536901,0.0620760728915532,0.982609689235687,-60.6253610891461,-60.7267202154822,-42.4350327185402,-114.264003239323,-109.679882376722,-60.4402678987922,-102.228319792424,-104.822274017826,-66.0324569540795
09-Nov-2024 21:22:40,6,51,0.00685210737089316,0.400207052628199,-0.0161713112145662,0.156283799807231,0.00318323881365359,0.102204071978728,0.982405022780101,-61.3364393540011,-64.576759257333,-42.3455558490249,-112.405207792447,-108.147074962064,-58.7575496146051,-109.593653449512,-108.551131763913,-68.7825583402265
09-Nov-2024 21:22:54,6,52,0.0132181257630388,0.403789520263672,-0.0151468416675925,0.151759943366051,0.00335596045479178,0.139505941669146,0.978517119089762,-60.6757202293188,-64.8509454781612,-42.5100675815219,-109.218922970248,-106.325275216973,-57.8740683641429,-118.117439360388,-113.351513218104,-71.210167689405
09-Nov-2024 21:23:55,6,53,0.0163450041164955,0.402776257197062,-0.00906377093245586,0.120907330513,0.0037495705143859,0.152515317996343,0.980870266755422,-63.4463367639962,-66.1519339845277,-43.7259447169419,-105.207689182092,-104.129511033043,-55.8281600612056,-119.577758664905,-116.943564655321,-73.2591607420227
09-Nov-2024 21:24:08,6,54,0.0178378460307916,0.405770754814148,-0.00479946335156759,0.0984306201338768,0.00182337414783736,0.156439782182376,0.982768893241882,-69.4310546039052,-68.289996080383,-44.9938161533681,-101.732710706274,-100.439250683896,-54.1818702751307,-123.792304096316,-119.271377946591,-74.6219077761562
09-Nov-2024 21:24:32,6,55,0.0268536638468504,0.399535445372264,-0.00401217355392873,0.0985968152681986,0.00292302151210606,0.199912081162135,0.97483598391215,-42.3837217911973,-34.3845213814925,-22.4606904392907,-91.5396045742873,-87.8962384173569,-45.3607712306247,-121.07973646428,-116.006310310835,-66.352777819532
09-Nov-2024 21:24:45,6,56,0.0306232891976833,0.39965002934138,-0.00386593993753195,0.0949270978569984,0.00557306759680311,0.214759385585785,0.972026817003886,-48.3684396311063,-36.5225834773478,-23.7285618757169,-88.0646260984697,-84.20597806821,-43.7144814445498,-125.294281895691,-118.334123602105,-67.7155248536655
09-Nov-2024 21:25:46,6,57,0.0319218012193839,0.401154931386312,0.0020625429538389,0.0559932356079419,-6.66197544584672e-05,0.220059672991435,0.973878105481466,-62.8121321447071,-62.8638771758311,-39.7959347368914,-88.2805837945675,-83.5143417603671,-50.6307870292593,-129.195270795379,-123.340496429862,-75.51233339242
09-Nov-2024 21:26:00,6,58,0.0328693230946859,0.40425394376119,0.00741112524022659,0.0316728899876277,-0.0039731095234553,0.223002568880717,0.974295091629028,-68.7968499846161,-65.0019392716864,-41.0638061733176,-84.80560531875,-79.8240814112202,-48.9844972431844,-133.40981622679,-125.668309721132,-76.8750804265535
09-Nov-2024 21:26:49,6,59,0.0425074249505997,0.403935551643372,0.00657735113054514,0.0293984614312649,-0.00990491819878419,0.252904564142227,0.966993776957194,-64.2360551613706,-64.1666171688557,-38.8564283221178,-82.8760949288901,-75.6831330827254,-51.0195051425017,-137.017583392339,-129.710402780645,-82.9548582129975
09-Nov-2024 21:27:03,6,60,0.0435344519714514,0.40699090162913,0.0119138084972898,0.00688377410794298,-0.0133067946260174,0.252561008930206,0.967464991410573,-70.2207730012796,-66.304679264711,-40.124299758544,-79.4011164530725,-71.9928727335785,-49.3732153564268,-141.23212882375,-132.038216071915,-84.317605247131
09-Nov-2024 21:27:52,6,61,0.0492357008159161,0.407538151741028,0.00955323142309984,-0.00593460553015272,-0.0261697007964055,0.280641222000122,0.959437572956085,-67.3327345096113,-66.7310492612232,-38.7545465511572,-75.3488720202338,-73.7022683947575,-49.567574413048,-145.59328512223,-136.273169247306,-85.7138676574198
09-Nov-2024 21:28:05,6,62,0.0510972204307715,0.410376624266307,0.0144723465045293,-0.0280814638982217,-0.0316228989511728,0.286840772628784,0.957044239838918,-73.3174523495203,-68.8691113570785,-40.0224179875834,-71.8738935444162,-70.0120080456107,-47.9212846269731,-149.807830553642,-138.600982538576,-87.0766146915533
09-Nov-2024 21:29:00,6,63,0.0521347001194954,0.412944187720617,0.0112810082112749,-0.0357637293636799,-0.0462460498015086,0.294130569696426,0.953975629806519,-75.0157920236406,-69.0263274032622,-42.596477102103,-73.285282090088,-75.0965757016267,-51.3203192622462,-153.120681418587,-143.007365771907,-89.8811194137644
09-Nov-2024 21:29:14,6,64,0.0532084673643112,0.415837846199671,0.0162926414981484,-0.0617671517034372,-0.05315875907739,0.292606916030248,0.952753901481628,-81.0005098635496,-71.1643894991175,-43.8643485385292,-69.8103036142705,-71.4063153524798,-49.6740294761713,-157.335226849998,-145.335179063177,-91.2438664478979
09-Nov-2024 21:30:13,6,65,0.0530011194447676,0.419481819868088,0.0114878432204326,-0.0517466738820076,-0.0586147718131542,0.295184111595154,0.952235766251882,-83.1920386205643,-73.3620285701369,-46.2353138140022,-76.8035086491975,-79.8284690059147,-54.2254019007704,-162.298924998177,-148.552277325477,-92.2774923260702
09-Nov-2024 21:30:27,6,66,0.0540812864899635,0.422719816366831,0.0170435330520074,-0.0782180264592171,-0.0656667465964953,0.29871706366539,0.94886128505071,-89.1767564604733,-75.5000906659922,-47.5031852504284,-73.3285301733799,-76.1382086567678,-52.5791121146955,-166.513470429588,-150.880090616747,-93.6402393602038
09-Nov-2024 21:31:31,6,67,0.0526468314230442,0.427661937475204,0.0116014604767164,-0.0741318176190058,-0.0815168812870979,0.287032608191172,0.95156280597051,-94.4648797589351,-81.1179412494297,-43.9226036063779,-81.4626434529349,-78.2041553089121,-59.056653433958,-169.602592219382,-154.852546393532,-98.8884258163566
09-Nov-2024 21:31:44,6,68,0.0548021743694941,0.429997676610947,0.0154211225608985,-0.0944148744146029,-0.0912016183137894,0.287257695198059,0.948815596103668,-100.449597598844,-83.256003345285,-45.1904750428041,-77.9876649771174,-74.5138949597652,-57.4103636478831,-173.817137650794,-157.180359684802,-100.25117285049
09-Nov-2024 21:32:09,6,69,0.0552202925086021,0.431030247608821,0.0103476397072275,-0.1154014463226,-0.114253368477027,0.311131739616394,0.936389720439911,-99.4110181680296,-56.5339596849305,-31.4341199389921,-55.117232378986,-49.3267381112635,-35.6759894144767,-180.693971261396,-151.03049421883,-88.9316395956335
09-Nov-2024 21:32:23,6,70,0.052398573855559,0.43007760643959,0.0123834514990449,-0.118341083824635,-0.111911386748155,0.309560136000315,0.936826368172963,-99.3479105102689,-59.5278147943074,-32.7006121620805,-57.5282116516103,-47.0223847952629,-34.2933774248764,-172.880769494833,-147.225946889791,-86.7989305995141
09-Nov-2024 21:33:23,6,71,0.0437648547192415,0.425755395491918,0.00771610516433914,-0.116153252124786,-0.103732000291348,0.266133191188176,0.951273500919342,-103.798154217147,-48.0916170255794,-26.4549911150498,-76.8664638630776,-79.4195832295857,-56.7667232116105,-164.823711817866,-151.557560182131,-88.5250814588995
09-Nov-2024 21:33:37,6,72,0.0406860776245594,0.424628704786301,0.00655060516049465,-0.104605433344841,-0.0993637541929881,0.244335703055064,0.958897535006205,-103.735046559386,-51.0854721349563,-27.7214833381382,-79.2774431357019,-77.1152299135852,-55.3841112220102,-157.010510051302,-147.753012853092,-86.3923724627801
09-Nov-2024 21:34:38,6,73,0.0373855585853259,0.418263381719589,0.0145547640199463,-0.110556961596012,-0.0740352600812912,0.21428241332372,0.967666780948639,-103.228614583944,-76.9393008052807,-43.7569189261669,-74.0270588777477,-77.0116524727465,-54.3794781205772,-149.225380329537,-147.941545834743,-84.3890933944131
09-Nov-2024 21:34:52,6,74,0.0332013408342997,0.417832152048747,0.0152844428395232,-0.105182231962681,-0.0691405013203621,0.204469209909439,0.970746429761251,-103.165506926184,-79.9331559146576,-45.0234111492553,-76.438038150372,-74.7072991567459,-52.9968661309768,-141.412178562974,-144.136998505704,-82.2563843982937
09-Nov-2024 21:35:45,6,75,0.0321414910256863,0.411243522167206,0.0156323466449976,-0.108841403822104,-0.0634205609560013,0.169809531172117,0.977392534414927,-101.380737109583,-75.2319978045082,-43.6243750548139,-71.718335657707,-74.0283337783264,-52.0282435854602,-135.488012818809,-141.65399133201,-81.5383903660505
09-Nov-2024 21:35:59,6,76,0.0279390414555868,0.411020044485728,0.0163881527880828,-0.099873478213946,-0.0577629710237185,0.156743892033895,0.980877248446147,-101.317629451822,-78.2258529138851,-44.8908672779023,-74.1293149303313,-71.7239804623258,-50.6456315958598,-127.674811052246,-137.849444002972,-79.405681369931
09-Nov-2024 21:36:53,6,77,0.0231007064382235,0.405369208256404,0.0179284023741881,-0.102824704349041,-0.0476889404157798,0.115493300060431,0.986820260683695,-101.143690714641,-78.4222014134989,-43.4745953422258,-71.999953320311,-71.8073211151158,-51.0450143283014,-120.956127296882,-133.880666751605,-77.2303298557497
09-Nov-2024 21:37:06,6,78,0.019480628396074,0.405127016703288,0.0174015585333109,-0.0934935321410497,-0.0436203047633171,0.0999779398242633,0.989626550674438,-101.080583056881,-81.4160565228758,-44.7410875653142,-74.4109325929353,-69.5029677991152,-49.662402338701,-113.142925530319,-130.076119422567,-75.0976208596303
09-Nov-2024 21:38:00,6,79,0.0125713049744566,0.400218770901362,0.0209431615968545,-0.0889763722817103,-0.0295627453674873,0.0501624748110771,0.994330434004466,-101.56205985941,-81.5861583273711,-47.6661977090201,-77.4017414242372,-69.36746146751,-46.0957877101216,-106.401982769355,-125.139457132364,-72.94359060448
09-Nov-2024 21:38:14,6,80,0.00848346749941508,0.39975225130717,0.0222564075142145,-0.0819407363732656,-0.0275221200038989,0.0318899519741535,0.995746616522471,-101.498952201649,-84.580013436748,-48.9326899321085,-79.8127206968615,-67.0631081515094,-44.7131757205212,-98.5887810027916,-121.334909803325,-70.8108816083605
09-Nov-2024 21:39:12,6,81,0.00212896315691372,0.396462033192317,0.0250208184123039,-0.0750576655069987,-0.0227146795640389,-0.00237733954563737,0.996917645136515,-101.333136774034,-87.5119918936841,-53.8034911155056,-80.4886147488247,-65.9931783277065,-45.1635624114314,-94.0867087390281,-117.714304993705,-69.1175119827257
09-Nov-2024 21:39:25,6,82,-0.000464003055822104,0.396384938557943,0.0260416054477294,-0.0658771460254987,-0.0221684573839108,-0.0171274139235417,0.997434429327647,-101.270029116273,-90.505847003061,-55.069983338594,-82.899594021449,-63.6888250117059,-43.780950421831,-86.2735069724647,-113.909757664666,-66.9848029866062
09-Nov-2024 21:40:23,6,83,-0.00888557539631923,0.393755400180817,0.0287976092348496,-0.059147014717261,-0.0259449717899164,-0.0855039611458778,0.994242242972056,-104.980567573585,-93.3937637862176,-58.6636300418368,-85.9430306837426,-62.8266834418042,-44.439837772486,-77.7158699573013,-111.097181595336,-63.9467636757291
09-Nov-2024 21:40:37,6,84,-0.0121497689435879,0.394988616307576,0.0331313056250413,-0.060332469145457,-0.0238389495760202,-0.0720742955803871,0.995287422339121,-103.827574517185,-99.4913150050236,-61.886809218488,-82.8335285622202,-64.570719114286,-45.4862591759751,-79.1027674567204,-104.89767031721,-61.0214116039141
09-Nov-2024 21:41:32,6,85,-0.0209371981521447,0.39328088760376,0.0359930485486984,-0.093977227807045,-0.0176099099218845,-0.0648616378506025,0.993303163846334,-107.636404518321,-104.26089706072,-63.5735656352164,-79.9652551355325,-61.5608606598171,-44.2534302495918,-81.1674473318395,-98.219144668938,-57.8683943747202
09-Nov-2024 21:41:46,6,86,-0.0253834363073111,0.394266237815221,0.0412199355661869,-0.0946567093332609,-0.0146027337138851,-0.0580080973605315,0.993711185455322,-106.483411461921,-110.358448279526,-66.7967448118677,-76.8557530140101,-63.304896332299,-45.2998516530809,-82.5543448312587,-92.0196333908116,-54.9430423029052
09-Nov-2024 21:42:40,6,87,-0.0314018003642559,0.392935359477997,0.0442626709739367,-0.103790273269018,0.00166215025043736,-0.0169404796014229,0.994453569253286,-104.586329934289,-117.067014916777,-71.2017126085575,-74.091865239905,-60.4219849413054,-43.7066478916337,-86.9801335185278,-85.9556149276125,-49.1288576524008
09-Nov-2024 21:42:54,6,88,-0.0364110894501209,0.394543234507243,0.0502646083633105,-0.105031661689281,0.00911442991346121,-0.00828663346668084,0.994392561912537,-103.433336877889,-123.164566135583,-74.4248917852087,-70.9823631183826,-62.1660206137872,-44.7530692951228,-88.3670310179469,-79.7561036494861,-46.2035055805858
09-Nov-2024 21:43:44,6,89,-0.0434425008793672,0.391128826141357,0.0531302876770496,-0.119374415278435,0.0255338548372189,0.0126319838066896,0.992440553506215,-101.083299585873,-128.592625063611,-76.2139652718792,-65.2706681705688,-60.5465827545313,-44.0296781161437,-87.5983741112911,-71.3743387788233,-43.183737219426
09-Nov-2024 21:43:57,6,90,-0.0413551695644856,0.390268077452977,0.0551019536952178,-0.138865773876508,0.0335591984291871,0.0321801170706749,0.989219144980113,-99.4728832920185,-125.979168366191,-74.9610332661248,-56.8948329563603,-61.0845461840854,-44.3524561738762,-89.0043319878213,-72.1053010566378,-43.6030147012887
09-Nov-2024 21:44:49,6,91,-0.0362278369565805,0.386581552028656,0.0536151101191839,-0.143817093968391,0.0344015851616859,0.0409968155125777,0.988156108061473,-97.788944880356,-126.255965523383,-72.76604841538,-53.592901329006,-56.1907728477704,-42.3653279403745,-87.6075126613141,-72.7201365381842,-43.825084038479
09-Nov-2024 21:45:03,6,92,-0.0342460470894973,0.386340022087097,0.0558319422105948,-0.156325121720632,0.037863053381443,0.0560800825556119,0.985385135809581,-96.1785285865014,-123.642508825963,-71.5131164096256,-45.2170661147974,-56.7287362773245,-42.688105998107,-89.0134705378443,-73.4510988159987,-44.2443615203417
09-Nov-2024 21:45:55,6,93,-0.0297515479226907,0.384718424081802,0.0498639451960723,-0.148017473022143,0.0325832948088646,0.0663707474867503,0.986217061678568,-95.2063512337428,-108.374179055849,-72.564157981376,-49.9531826940159,-57.0258313239441,-39.6059309102222,-90.4430398128558,-75.0239976956792,-43.5900349298683
09-Nov-2024 21:46:08,6,94,-0.0326652266085148,0.384183021386464,0.0514045069615046,-0.156921403606733,0.0337173603475094,0.0518164453407129,0.985674337546031,-97.016088607963,-108.916135109362,-72.603374769155,-46.6565099714876,-54.7082189341687,-38.2153634763569,-82.3291974886608,-71.4557530647647,-41.5741513754335
09-Nov-2024 21:47:05,6,95,-0.0401925494273504,0.379956591129303,0.0518917654951413,-0.173006430268288,0.0223020597050587,-0.00668801364178459,0.984645469983419,-99.8199454527311,-115.430654626528,-71.6195783456864,-46.6158131456729,-54.820172352926,-38.4973194696831,-75.4271608637064,-65.6834767347832,-41.1964657848306
09-Nov-2024 21:47:18,6,96,-0.0430752865970135,0.379796304305395,0.0538946171601613,-0.182972673575083,0.0229563883195321,-0.0203420100112756,0.982639427979787,-101.629682826951,-115.972610680041,-71.6587951334653,-43.3191404231445,-52.5025599631506,-37.1067520358179,-67.3133185395114,-62.1152321038687,-39.1805822303958
09-Nov-2024 21:48:07,6,97,-0.0442919621864955,0.374789943297704,0.0501593870421251,-0.172189516822497,0.0156038771073023,-0.0447089751561483,0.983925028642019,-93.3614799364454,-108.475848465381,-60.1615053156206,-43.6754556489732,-51.4747304776417,-37.6024463155484,-60.3303790649367,-59.0199716234207,-37.758797657877
09-Nov-2024 21:48:21,6,98,-0.0470477705200513,0.373203531901042,0.0513318933546543,-0.17644290526708,0.0145858458553751,-0.0629963740706444,0.982184628645579,-95.1712173106655,-109.017804518894,-60.2007221033996,-40.3787829264448,-49.1571180878663,-36.2118788816832,-52.2165367407417,-55.4517269925062,-35.7429141034422
09-Nov-2024 21:49:20,6,99,-0.0501756586134434,0.374327262242635,0.0531460955739021,-0.176179118951162,0.0103677464649081,-0.0789789671699206,0.981129844983419,-99.4419845525227,-122.56540143832,-54.6966855883667,-43.7086041780952,-48.0843971502241,-37.339442304616,-51.1931458413568,-48.819974436825,-35.2990800399654
09-Nov-2024 21:49:33,6,100,-0.0547513070205847,0.373419336477915,0.0552942097187042,-0.184144573410352,0.00936737116426229,-0.101555154224237,0.977593719959259,-101.251721926743,-123.107357491833,-54.7359023761457,-40.4119314555668,-45.7667847604487,-35.9488748707507,-43.0793035171618,-45.2517298059105,-33.2831964855306
09-Nov-2024 21:50:50,7,1,-0.0206564851105213,0.312119978666306,0.00721718802427252,-0.00425260427097479,-0.00582850389182568,0.00681327780087789,0.999950798352559,-10.725,-16.1249999999999,-5.85000000000001,-10.275,-13.05,-6.97500000000001,-9.225,-9.075,-10.5
09-Nov-2024 21:51:03,7,2,-0.0197039045393467,0.315774015585581,0.00581543712566296,0.0181116079290708,-0.00535563779994845,0.0183542291323344,0.999653172492981,-10.5983570998271,-16.9865449943725,-6.16187993627053,-15.829699284129,-11.861094087284,-6.26165645237046,-16.7899124980648,-11.1917781658973,-11.4394948710836
09-Nov-2024 21:51:47,7,3,-0.0180380508303642,0.324336375792821,0.00658018483469884,0.0241644081970056,-0.00657920675973097,0.0295677376290162,0.999249001344045,-15.4592141996541,-22.0855899887449,-11.123759872541,-24.421898568258,-20.122188174568,-10.7608129047409,-26.9423249961295,-17.0960563317946,-17.0289897421671
09-Nov-2024 21:52:01,7,4,-0.0168586278955142,0.328457880020142,0.00535235262165467,0.044786703089873,-0.00728930489470561,0.0492747232317925,0.997754001617432,-15.3325712994812,-22.9471349831174,-11.4356398088116,-29.976597852387,-18.9332822618521,-10.0474693571113,-34.5072374941942,-19.2128344976918,-17.9684846132507
09-Nov-2024 21:52:49,7,5,-0.0165940235058467,0.334486508369446,0.00354724079370499,0.0606672753890355,-0.00768202217295766,0.0691410471995672,0.99573092063268,-17.4746783993083,-28.6274299774899,-14.8975197450821,-36.750047136516,-27.8693763491361,-14.5653758094817,-43.8908999922589,-23.8983626635891,-21.0079794843342
09-Nov-2024 21:53:02,7,6,-0.0149860916038354,0.338846715291341,0.00261607803404331,0.0798386539022128,-0.0081848781555891,0.092748449742794,0.99244978427887,-17.3480354991354,-29.4889749718624,-15.2093996813526,-42.3047464206451,-26.6804704364201,-13.8520322618521,-51.4558124903237,-26.0151408294864,-21.9474743554178
09-Nov-2024 21:53:51,7,7,-0.015440518843631,0.343321432669957,0.00136874910288801,0.103474680085977,-0.00684809160108368,0.0959334189693133,0.989971172809601,-18.2057675989624,-31.4098949662349,-18.2212796176231,-49.8938207047741,-32.6540645237045,-19.3543137142225,-56.9300999883884,-29.3412939953836,-24.4619692265014
09-Nov-2024 21:54:04,7,8,-0.0132556155323982,0.347407321135203,0.000582560761055599,0.122613264123599,-0.00597364076723655,0.114197305341562,0.985844457149506,-18.0791246987895,-32.2714399606075,-18.5331595538936,-55.4485199889031,-31.4651586109885,-18.6409701665929,-64.4950124864532,-31.4580721612809,-25.4014640975849
09-Nov-2024 21:54:56,7,9,-0.0139720652873317,0.352008362611135,-0.000872789439745247,0.141541953881582,-0.00551971979439259,0.119983914494514,0.98261859814326,-18.8946692986166,-35.31267245498,-20.3450394901641,-62.6204067730321,-38.3575026982731,-22.3104391189633,-70.339612484518,-33.8045378271782,-27.3534589686685
09-Nov-2024 21:55:10,7,10,-0.0132094054793318,0.356369662284851,-0.00134979791473597,0.161761788527171,-0.00467051820208629,0.136903178691864,0.977276261647542,-18.7680263984437,-36.1742174493525,-20.6569194264346,-68.1751060571611,-37.1685967855572,-21.5970955713338,-77.9045249825827,-35.9213159930755,-28.2929538397521
09-Nov-2024 21:56:02,7,11,-0.0116077503189445,0.357947274049123,-0.00225696799655755,0.165977427363396,-0.00120882463331024,0.126275872190793,0.978010479609172,-19.8392716221027,-39.0557456341389,-21.5422059742231,-70.7331197093188,-42.4536650895102,-25.0751678037053,-77.781211897833,-40.0216927021597,-31.4564146496894
09-Nov-2024 21:56:15,7,12,-0.0106948425372442,0.358877994616826,-0.00484353387728334,0.176804712414742,-0.00119306815322489,0.109567857285341,0.978127606709798,-20.5144230957617,-38.7474300689254,-21.5274925220115,-74.3575396114764,-43.8481083934627,-25.9118337860768,-71.6180550630833,-46.2572256612439,-34.7136254596268
09-Nov-2024 21:57:06,7,13,-0.00800695506234964,0.358152826627096,-0.00255154881936808,0.186756701270739,0.00527913523837924,0.0674482742945353,0.980073893070221,-21.4626214444207,-41.0840363787119,-21.4377790698,-77.5237563886341,-40.9628641974153,-27.0192028934483,-67.8748201033336,-52.0251804953281,-36.4239612695641
09-Nov-2024 21:57:19,7,14,-0.00553693246717254,0.359053426980972,-0.00485156193996469,0.196425275007884,0.00850426461547613,0.048787264029185,0.979267394542694,-22.1377729180797,-40.7757208134983,-21.4230656175885,-81.1481762907917,-42.3573075013679,-27.8558688758199,-61.7116632685839,-58.2607134544123,-39.6811720795015
09-Nov-2024 21:58:10,7,15,-0.00517515301083525,0.358065313100815,0.000258659230894409,0.158408952752749,0.00957854595035315,0.0484384432435036,0.986138248443604,-26.5616801224603,-42.4981479676791,-22.6432270496781,-74.9749579730786,-41.1192469888603,-27.0622903808153,-64.3487057897582,-59.3226578072768,-39.788279610933
09-Nov-2024 21:58:23,7,16,-0.00995552837848663,0.358976982037226,0.00633332639311751,0.14255717198054,0.00685587916523218,0.0420895268519719,0.988867517312368,-30.9240638893409,-47.9231141843598,-25.4008884817677,-69.6308412178655,-41.5710302263527,-27.3333603233107,-64.2007873734326,-56.9433912226414,-38.6438246423645
09-Nov-2024 21:59:14,7,17,-0.0116865710665782,0.357809450229009,0.0078340573857228,0.0953410382072131,0.00334828461830815,0.0435404231150945,0.994486399491628,-36.2172093749715,-46.3968108697906,-30.3147999138573,-66.3471736814024,-42.527891588845,-25.6471060470562,-63.945349425857,-55.9847301067559,-38.125150923796
09-Nov-2024 21:59:27,7,18,-0.0159077218423287,0.35836293498675,0.0138383768498898,0.0767913043498993,0.00146676497533917,0.0402627681692441,0.996232855319977,-40.5795931418522,-51.8217770864714,-33.0724613459469,-61.0030569261893,-42.9796748263374,-25.9181759895516,-63.7974310095314,-53.6054635221204,-36.9806959552275
09-Nov-2024 22:00:20,7,19,-0.0179362798730532,0.358293664455414,0.0173791012416283,0.019820748642087,-0.00225586661448081,0.0464803330600262,0.998720026016235,-47.9573577681078,-57.7461085375271,-37.8832477780365,-56.6141647803512,-40.9839971263297,-26.4105838226721,-64.5707528275808,-52.3114996718599,-35.774131611659
09-Nov-2024 22:00:33,7,20,-0.0213760502636433,0.358916091918945,0.0232654965172211,-0.00479056664432089,-0.00203613174768786,0.044223669419686,0.999008123079936,-52.3197415349884,-63.1710747542079,-40.6409092101262,-51.2700480251382,-41.4357803638222,-26.6816537651675,-64.4228344112552,-49.9322330872245,-34.6296766430906
09-Nov-2024 22:01:25,7,21,-0.0252339305977027,0.357887637615204,0.025692144036293,-0.0435513238112132,0.00338775886533161,0.0482577120264371,0.997879282633464,-56.1648157315565,-69.6707235880761,-43.2251331422158,-46.1785435746126,-40.5138331325644,-27.5883926529755,-64.2855361121171,-46.8956178697765,-32.4791669870221
09-Nov-2024 22:01:39,7,22,-0.0297550251086553,0.359116218487422,0.0328529372811317,-0.0632513026396433,0.0051753961481154,0.0418006889522076,0.997108439604441,-60.5271994984372,-75.0956898047569,-45.9827945743054,-40.8344268193995,-40.9656163700568,-27.8594625954709,-64.1376176957914,-44.5163512851411,-31.3347120184536
09-Nov-2024 22:02:30,7,23,-0.0334052083392938,0.357516904671987,0.0362810611724853,-0.109743237992128,0.012414134417971,0.0493612599869569,0.992655944824219,-64.6309284801615,-80.1579973300314,-51.503737256395,-33.6666162165302,-41.4055343731742,-28.1483670106226,-63.3200093380596,-39.0334103840994,-30.1372297061351
09-Nov-2024 22:02:43,7,24,-0.0384195908904076,0.358703209956487,0.0449391675492128,-0.13877677321434,0.0185252105196317,0.0474960642556349,0.989010592301687,-68.9933122470422,-85.5829635467121,-54.2613986884846,-28.3224994613171,-41.8573176106666,-28.419436953118,-63.172090921734,-36.654143799464,-28.9927747375666
09-Nov-2024 22:03:33,7,25,-0.0404816689590613,0.357800362507502,0.0402249477803707,-0.12669054766496,0.0156084552407265,0.0260131151725849,0.991478331883748,-68.6919153572613,-87.747886562298,-52.5382026067184,-32.4239670032055,-41.7590525254663,-28.9792250680291,-58.2942494733066,-34.9051206071239,-26.6147051612125
09-Nov-2024 22:03:47,7,26,-0.0460917867720127,0.360072189569473,0.0398681206007798,-0.108504663904508,0.0130398324380318,0.0125711552798748,0.993930943806966,-69.3448458600585,-89.944138923587,-53.4833658999522,-38.562281468922,-40.3167200574536,-28.105095946612,-55.6262529955823,-29.9079345729871,-23.9631492567334
09-Nov-2024 22:04:44,7,27,-0.0421817322572072,0.361005826791128,0.0374424633880456,-0.0894640679160754,0.00084714979166165,-0.0226273736606042,0.995732621351878,-70.4956126665666,-92.2747266120244,-51.819349505686,-45.5571724727244,-43.2964212808473,-29.222925443359,-53.8033340325064,-35.9848299597486,-28.3483365163167
09-Nov-2024 22:04:57,7,28,-0.0475178889930248,0.36319022377332,0.0377772318820159,-0.0741815889875094,-0.00150127850938588,-0.0347278056045373,0.996638782819112,-71.1485431693638,-94.4709789733134,-52.7645127989199,-51.6954869384409,-41.8540888128345,-28.3487963219419,-51.1353375547822,-30.9876439256117,-25.6967806118375
09-Nov-2024 22:05:56,7,29,-0.0462785047789415,0.363250118494034,0.037394825120767,-0.0585187817613284,-0.0107631300886472,-0.0595476612448692,0.996450638771057,-71.3003918240165,-97.8593989981766,-52.7800862484037,-54.6620896732004,-44.7977731905251,-32.145646509607,-48.0648798343821,-36.0274986019244,-28.3635962893896
09-Nov-2024 22:06:10,7,30,-0.050944072753191,0.365409411986669,0.0368289721508821,-0.0423985749483109,-0.0138672063748042,-0.0710438261429469,0.99647521575292,-71.9533223268137,-100.055651359466,-53.7252495416375,-60.8004041389169,-43.3554407225124,-31.2715173881899,-45.3968833566578,-31.0303125677876,-25.7120403849105
09-Nov-2024 22:07:08,7,31,-0.0509925606350104,0.366840638717016,0.0394824415445328,-0.0411408426860968,-0.0229208178818226,-0.109846852719784,0.992832219600677,-77.1258116154682,-103.961077919855,-57.8656680096445,-63.6042632796552,-45.8229247920302,-34.5947868916449,-41.4235953198708,-38.3271254601712,-28.2234144700862
09-Nov-2024 22:07:22,7,32,-0.0543990649282932,0.370072442293167,0.0425626114010811,-0.0379367863138517,-0.0275919468452533,-0.135869009296099,0.989615619182587,-81.7238418281949,-108.245420648458,-60.2208813995265,-68.6689782858719,-47.8224004386963,-35.8075667405587,-36.8265379044218,-42.5554179973298,-30.5506027642463
09-Nov-2024 22:08:19,7,33,-0.0536457886298497,0.372554041941961,0.0404798656702042,-0.0293638538569212,-0.0281334448605776,-0.121426919599374,0.991767017046611,-81.9591015788856,-111.815305292954,-62.268697328471,-71.3282653593494,-51.7808802967883,-38.0755914167431,-43.4163651783036,-42.5429707121008,-30.4948839539142
09-Nov-2024 22:08:33,7,34,-0.0565648620327314,0.375674265623093,0.0436850927770138,-0.0256486363708973,-0.0332916667064031,-0.145169693231583,0.988513803482056,-86.5571317916123,-116.099648021557,-64.623910718353,-76.3929803655661,-53.7803559434543,-39.2883712656569,-38.8193077628546,-46.7712632492595,-32.8220722480743
09-Nov-2024 22:09:29,7,35,-0.052947948127985,0.380718590815862,0.0388781470557054,-0.0529297441244125,-0.0259563311934471,-0.145743150512377,0.987564539909363,-97.1874488426583,-105.128660245425,-65.2676646520151,-79.0073823145769,-56.0013198913729,-41.8910566315649,-48.0259854138866,-48.1563510020004,-32.2501795589654
09-Nov-2024 22:09:43,7,36,-0.0562507224579652,0.384899965922038,0.0363285072147846,-0.0684057225783666,-0.022888649130861,-0.164580516020457,0.983722527821859,-105.499151124722,-105.614901511347,-65.6901173161459,-82.6744982299573,-59.7927817335785,-43.9661195838376,-49.6892207202529,-49.1868086659351,-32.9447404221027
09-Nov-2024 22:10:37,7,37,-0.0522682008643945,0.386864910523097,0.038217693567276,-0.0662970125675201,-0.0278746955096722,-0.17103153069814,0.982637258370717,-108.145160791277,-111.772528256242,-66.4482206150423,-85.7402571621529,-59.1239946286404,-42.3299937429279,-50.9241771989521,-51.369581374273,-33.8310745091169
09-Nov-2024 22:10:51,7,38,-0.0557816219826539,0.391144692897797,0.0368153678874175,-0.0812064950664838,-0.0253230815132459,-0.188630595803261,0.978357152144114,-116.456863073341,-112.258769522164,-66.8706732791731,-89.4073730775333,-62.915456470846,-44.4050566952006,-52.5874125053183,-52.4000390382077,-34.5256353722541
09-Nov-2024 22:11:46,7,39,-0.0515611377855142,0.394282625118891,0.0365022887786229,-0.0770542591810226,-0.0265570506453514,-0.189651455481847,0.978462954362234,-120.060719047651,-115.355703527573,-67.3859512606867,-92.9238105013213,-63.1267938394796,-45.0745252508819,-55.8365083978511,-56.1816542243441,-36.5910828473298
09-Nov-2024 22:12:00,7,40,-0.0554255711535613,0.398760626713435,0.0359925851225853,-0.0960749114553134,-0.0233828651408354,-0.209005112449328,0.972902743021647,-128.372421329715,-115.841944793494,-67.8084039248175,-96.5909264167017,-66.9182556816852,-47.1495882031546,-57.4997437042174,-57.2121118882788,-37.2856437104671
09-Nov-2024 22:12:55,7,41,-0.0513414954145749,0.402303290367126,0.0359374699493249,-0.102323100964228,-0.0265241775661707,-0.21550760269165,0.97076408068339,-134.105200457902,-117.78353242916,-68.2772692476397,-100.257703086286,-68.3196552871047,-48.4468539571316,-60.4809093036669,-59.8431483133145,-39.5656478795736
09-Nov-2024 22:13:09,7,42,-0.0555658139288425,0.40681612888972,0.0345043246944745,-0.112983310719331,-0.023483885327975,-0.232818288604418,0.965649489561717,-142.416902739966,-118.269773695081,-68.6997219117705,-103.924819001666,-72.1111171293103,-50.5219169094043,-62.1441446100332,-60.8736059772492,-40.2602087427108
09-Nov-2024 22:14:05,7,43,-0.0512880789736907,0.411320094267527,0.0340700743099054,-0.126982372999191,-0.0256234387556712,-0.241770636041959,0.961647494633992,-150.489143445092,-119.483688145875,-69.820380905247,-107.666765294149,-72.3825478531227,-51.9830812625291,-66.4913450629412,-63.6043530217345,-41.8974912588327
09-Nov-2024 22:14:19,7,44,-0.0551405596236388,0.415827395518621,0.0340298029283682,-0.144131310780843,-0.0223133195191622,-0.256715794404348,0.955418940385183,-158.800845727156,-119.969929411797,-70.2428335693778,-111.333881209529,-76.1740096953284,-54.0581442148018,-68.1545803693075,-64.6348106856692,-42.5920521219699
09-Nov-2024 22:15:14,7,45,-0.050423506150643,0.419638657569885,0.0323268746336301,-0.157431076963743,-0.0237522501498461,-0.270967791477839,0.949330194791158,-166.09281722075,-119.320007270154,-70.2643893981815,-115.18841231346,-77.0804559783372,-54.7762578675005,-70.4097982489447,-68.9154130398793,-43.5329738115995
09-Nov-2024 22:15:28,7,46,-0.0529059544205666,0.420630119244258,0.0249378399302562,-0.143688599268595,-0.0110984136660894,-0.262465586264928,0.954118490219116,-160.621149168239,-120.672045032692,-70.9858954726201,-118.109170193016,-83.7123915949861,-58.1377128689948,-72.6501124794846,-69.3702849715775,-43.8058969706184
09-Nov-2024 22:16:18,7,47,-0.0519803245862325,0.418411197264989,0.0285103887319565,-0.104295709232489,-0.0210528891533613,-0.25658117334048,0.960648385683695,-157.039615721493,-122.131001091448,-71.3569531293953,-121.048635666846,-79.6768194320365,-57.1456932207021,-70.9864179966599,-67.7002292484134,-43.2270005428835
09-Nov-2024 22:16:32,7,48,-0.0556108397742112,0.41956142783165,0.0205126747488976,-0.0873232305049896,-0.0093027060230573,-0.249939715862274,0.964270810286204,-151.567947668982,-123.483038853986,-72.0784592038339,-123.969393546401,-86.3087550486854,-60.5071482221963,-73.2267322271999,-68.1551011801117,-43.4999237019025
09-Nov-2024 22:17:23,7,49,-0.0552376881241798,0.418119968970617,0.0220230543365081,-0.0451658149560293,-0.01914295963943,-0.242253716786702,0.968972023328145,-147.266346919353,-126.688535764632,-72.6247410694409,-126.824505223094,-89.481936775535,-59.7418658987971,-71.5650421010573,-69.0475092843787,-44.8469370675445
09-Nov-2024 22:17:36,7,50,-0.0579937780896823,0.419612805048625,0.0156297627215584,-0.02946907132864,-0.0100743514796098,-0.237808629870415,0.970812618732452,-141.794678866842,-128.04057352717,-73.3462471438795,-129.745263102649,-96.1138723921839,-63.1033209002914,-73.8053563315972,-69.502381216077,-45.1198602265634
09-Nov-2024 22:18:12,7,51,-0.0527200117707253,0.415255735317866,0.0150823885574937,0.00809232306977113,-0.0194320992877086,-0.232307334740957,0.972414644559224,-132.408044465772,-117.494340863762,-65.3551411139024,-129.708197880773,-92.7664310639332,-54.801407239339,-69.8196683837957,-66.4260212340595,-44.6548284888939
09-Nov-2024 22:18:25,7,52,-0.0543270463744799,0.41532906293869,0.0103139364471038,0.0294754888862371,-0.0147054963434736,-0.219351454575857,0.975089685122172,-126.936376413261,-118.8463786263,-66.0766471883411,-132.628955760329,-99.3983666805821,-58.1628622408333,-72.0599826143357,-66.8808931657577,-44.9277516479129
09-Nov-2024 22:19:01,7,53,-0.0535010243455569,0.413046369949977,0.0067501848253111,0.0667149951060613,-0.0184156116098165,-0.198208279410998,0.977713394165039,-119.20722518647,-114.399281175865,-62.1418472105719,-134.220802089168,-100.590613824781,-55.8426329111042,-73.2872957557049,-62.5701491405979,-44.6066973585876
09-Nov-2024 22:19:14,7,54,-0.0555406639973323,0.413708408673604,0.000984365764694909,0.0961842089891434,-0.0177677556872368,-0.183383843302727,0.97816321849823,-113.735557133959,-115.751318938403,-62.8633532850106,-137.141559968723,-107.22254944143,-59.2040879125985,-75.5276099862449,-63.0250210722961,-44.8796205176065
09-Nov-2024 22:19:50,7,55,-0.0567958901325862,0.412969130277634,-0.00386088479620715,0.142851449052493,-0.0233109494050344,-0.184575094779332,0.972101902961731,-106.310147494308,-114.803789094454,-60.5817063333454,-143.747862072921,-110.609640821854,-60.0997007484811,-73.3614236721995,-62.8220850255653,-45.7555549524533
09-Nov-2024 22:20:04,7,56,-0.0594935809572538,0.414409226179123,-0.00975802323470513,0.172712067763011,-0.0258757583796978,-0.172188569108645,0.969459660847982,-100.838479441796,-116.155826856992,-61.303212407784,-146.668619952476,-117.241576438503,-63.4611557499754,-75.6017379027394,-63.2769569572635,-46.0284781114723
09-Nov-2024 22:20:52,7,57,-0.0608610103527705,0.418014039595922,-0.0074934048888584,0.149523840347926,-0.02458487773935,-0.169521068533262,0.97380739847819,-111.504325088916,-124.141938699658,-69.6758598263419,-147.822750772175,-121.23077174768,-72.9278194894692,-79.4689819810379,-66.5858140545986,-46.5176404013159
09-Nov-2024 22:21:06,7,58,-0.0589824815591176,0.420658115545909,-0.00563192144036293,0.146207767724991,-0.0290963470935822,-0.136848883827527,0.979310536384583,-112.122041529606,-125.777834345568,-70.4000837579517,-146.309109479553,-122.26738917497,-73.3524043117689,-88.3144763316289,-65.6485751411481,-45.9552970532456
09-Nov-2024 22:21:54,7,59,-0.0591322042047977,0.422992076476415,-0.00224055546956758,0.119406095643838,-0.0271703317761421,-0.124358617266019,0.984651680787404,-117.46382257351,-128.113838089856,-75.2485194330355,-146.204354243091,-124.930295543203,-77.9230285926657,-94.4458455460737,-69.8343842330906,-47.1937065241324
09-Nov-2024 22:22:08,7,60,-0.0582430402437846,0.425356994072596,-0.000960773295567681,0.115796594818433,-0.0295106064528227,-0.096745894352595,0.988109584649404,-118.0815390142,-129.749733735766,-75.9727433646453,-144.690712950469,-125.966912970493,-78.3476134149654,-103.291339896665,-68.8971453196401,-46.6313631760621
09-Nov-2024 22:22:58,7,61,-0.0575860244532426,0.42681894103686,-0.0009314040808628,0.116101758182049,-0.0302008601526419,-0.077184751133124,0.989773138364156,-117.236287756497,-132.860683430865,-78.0840731679921,-145.981514685927,-129.766674868254,-80.3202179665636,-106.654771679183,-72.4714304088863,-50.3443962374705
09-Nov-2024 22:23:11,7,62,-0.0570097751915455,0.429827878872554,0.000283249162021093,0.113399141530196,-0.0317010961472988,-0.0407260792950789,0.992208210627238,-117.854004197186,-134.496579076775,-78.8082970996019,-144.467873393305,-130.803292295543,-80.7448027888633,-115.500266029774,-71.5341914954358,-49.7820528894002
09-Nov-2024 22:24:03,7,63,-0.0535100221633911,0.427515850464503,-0.00157762502785772,0.0998068958520889,-0.0289615385234356,-0.0291617850462596,0.994157679875692,-116.812597983925,-131.327024738247,-76.2865859487022,-141.572431292783,-130.376408249626,-79.6153611077291,-115.091822417704,-72.9477194447144,-51.9994006628977
09-Nov-2024 22:24:16,7,64,-0.0529560640454292,0.4275466243426,-0.00100602598395199,0.0994349807500839,-0.0284620031714439,-0.0284745998680592,0.99422926902771,-114.02767561986,-124.494943375124,-72.921321861934,-136.899767678221,-127.367951968473,-78.1619095619456,-115.02441008967,-73.4554853926446,-52.3040602316558
09-Nov-2024 22:25:05,7,65,-0.0470492921769619,0.421498425801595,-0.00748146343976259,0.0956027209758759,-0.0241715475916863,0.00360494519894322,0.995119551817576,-108.289511331198,-119.869125524299,-69.7528342431001,-132.515714820679,-128.200281804938,-76.4954629484868,-115.086482119618,-70.8911323412489,-51.0900639027836
09-Nov-2024 22:25:19,7,66,-0.0462923270960649,0.421475789944331,-0.00721893049776554,0.0948774695396423,-0.0236331875125567,0.00397582526008288,0.995200486977895,-105.504588967133,-113.037044161177,-66.3875701563319,-127.843051206117,-125.191825523785,-75.0420114027033,-115.019069791584,-71.3988982891791,-51.3947234715418
09-Nov-2024 22:26:06,7,67,-0.0395908179382483,0.415199961264928,-0.0105226099491119,0.0826816399892171,-0.0213453246901433,0.0351674276093642,0.995726585388184,-101.618045640769,-106.408094554203,-60.7206943035308,-122.789692970065,-123.203762301441,-72.8070623230821,-114.716399642541,-69.1706047374463,-50.0400550914847
09-Nov-2024 22:26:20,7,68,-0.0371551123758157,0.415194876988729,-0.0128289413327972,0.0823386500279109,-0.0205788074682156,0.0352786188324292,0.99576720794042,-98.8331232767046,-99.5760131910807,-57.3554302167626,-118.117029355503,-120.195306020288,-71.3536107772986,-114.648987314508,-69.6783706853764,-50.3447146602428
09-Nov-2024 22:27:05,7,69,-0.0337823775907358,0.410000707705816,-0.0112487900381287,0.0648204202453295,-0.0220910438646873,0.0613534522553285,0.995764088630676,-97.2223904314904,-90.2954977060326,-54.864360246978,-114.154018430196,-115.44704626854,-69.2844104645963,-114.763946075969,-67.468106883475,-45.0197102545931
09-Nov-2024 22:27:19,7,70,-0.0313770548750957,0.410111755132675,-0.0151183056334654,0.0647127494215965,-0.022629605482022,0.06185355981191,0.995728063583374,-94.4374680674257,-83.4634163429102,-51.4990961602098,-109.481354815634,-112.438589987387,-67.8309589188128,-114.696533747936,-67.9758728314052,-45.3243698233512
09-Nov-2024 22:28:06,7,71,-0.0299541701873144,0.406089095274607,-0.0118596469983459,0.0388897955417633,-0.0224662272880475,0.0838111932078997,0.995469029744466,-95.0146404627863,-79.9071179188249,-49.6959291319334,-104.5635175457,-110.885231970936,-66.5946329895699,-114.94530696465,-63.8996239044194,-43.6391974049054
09-Nov-2024 22:28:19,7,72,-0.0277242840578159,0.405867358048757,-0.0137273898348212,0.0349525618056456,-0.0233153243859609,0.0865491400162379,0.995361252625783,-92.2297180987216,-73.0750365557025,-46.3306650451652,-99.8908539311377,-107.876775689783,-65.1411814437864,-114.877894636616,-64.4073898523496,-43.9438569736635
09-Nov-2024 22:29:08,7,73,-0.0274126578122377,0.400526402393977,-0.012757984859248,0.0341393917798996,-0.0256363426645597,0.111126516759396,0.992888847986857,-87.0008431143695,-76.2058466620985,-44.1214494876429,-97.0456034888894,-106.195868540981,-63.1962927062732,-113.768575080956,-60.9731483628216,-42.5786005488197
09-Nov-2024 22:29:22,7,74,-0.0292558424174786,0.402392782767614,-0.0115904038151105,0.0107872048392892,-0.0226789484421412,0.0941887363791466,0.995237569014231,-94.3395288608976,-69.571560488729,-40.7773440832732,-96.8600772119973,-106.182173591728,-63.1624829139616,-111.076777745202,-60.7035251859723,-42.4168266427101
09-Nov-2024 22:30:16,7,75,-0.0316650743285815,0.403198158740997,-0.00715725428114335,-0.0202153020848831,-0.0128707852214575,0.0554751704136531,0.998172442118327,-102.256238297282,-76.7687200501192,-48.2862629435263,-96.2382575212621,-106.83225320865,-61.1579545257852,-109.064026795635,-61.0878982903939,-41.7200947397995
09-Nov-2024 22:30:30,7,76,-0.0339335871239503,0.405281255642573,-0.00596685679629445,-0.045592262595892,-0.00947095174342394,0.0383591505388419,0.998178474108378,-109.59492404381,-70.1344338767496,-44.9421575391566,-96.0527312443701,-106.818558259396,-61.1241447334736,-106.372229459881,-60.8182751135446,-41.5583208336899
09-Nov-2024 22:31:20,7,77,-0.0323810604711374,0.40314146677653,-0.00889292042702436,-0.0226015536735455,-0.0108635549123089,0.0462457907696565,0.998615288734436,-103.271270521332,-77.1457213275179,-46.4704430178134,-96.393533517299,-108.019455041973,-61.089781239937,-107.836897292068,-60.5910089441166,-42.4677007349091
09-Nov-2024 22:31:33,7,78,-0.0275514878332615,0.403970863421758,-0.0106053609400988,-0.0148286869128545,-0.0128042732054989,0.0534065561989943,0.998380649089813,-98.4586051539264,-75.9662859109059,-45.7972163641588,-97.4024824971494,-110.088464541462,-62.0407770443328,-108.887041931161,-68.2117446340533,-46.1945596345288
09-Nov-2024 22:32:22,7,79,-0.0255694858729839,0.402658559878667,-0.0145815985898177,0.00761333033442497,-0.0184539133061965,0.0723651260137558,0.997178427378337,-95.6654457089845,-72.657211927984,-47.1247457766599,-97.8523581235391,-112.323417682495,-65.3490931997624,-110.819448166801,-67.7084793943077,-45.9626790349484
09-Nov-2024 22:32:36,7,80,-0.0210139840841293,0.403634264071782,-0.0166554813583692,0.0167747382074594,-0.0212592266499996,0.0822165444493294,0.996246512730916,-90.8527803415786,-71.477776511372,-46.4515191230053,-98.8613071033895,-114.392427181984,-66.3000890041582,-111.869592805895,-75.3292150842444,-49.6895379345681
09-Nov-2024 22:33:28,7,81,-0.0198427546769381,0.404215582211812,-0.0182426175723473,0.0439552021523317,-0.0223815013964971,0.0858590071400007,0.995085581143697,-88.9248679354046,-69.9835218116051,-49.0286705024287,-102.29071940651,-116.019408502245,-68.7297449840709,-113.060868243261,-80.76295030934,-53.9120270845876
09-Nov-2024 22:33:42,7,82,-0.0148024387657642,0.405371769269307,-0.021188035607338,0.0553922342757384,-0.0235096039871375,0.0929622362057368,0.993849591414134,-84.1122025679987,-68.8040863949931,-48.355443848774,-103.29966838636,-118.088418001734,-69.6807407884667,-114.111012882354,-88.3836859992767,-57.6388859842074
09-Nov-2024 22:34:33,7,83,-0.0103669561445713,0.40446469783783,-0.022132105131944,0.0772740244865417,-0.0233943735559781,0.108978350957235,0.990759905179342,-78.7169136812088,-69.8672413368037,-48.6324062116584,-103.793849027845,-119.261413411609,-71.071066680621,-115.756722920584,-92.2109214567929,-61.163560009027
09-Nov-2024 22:34:46,7,84,-0.00458444505929947,0.405146187543869,-0.0252024300396442,0.0932136828700701,-0.0242796351512273,0.121901321411133,0.987857182820638,-73.9042483138028,-68.6878059201917,-47.9591795580038,-104.802798007696,-121.330422911098,-72.0220624850168,-116.806867559678,-99.8316571467296,-64.8904189086467
09-Nov-2024 22:35:10,7,85,-0.000925498789486786,0.400202174981435,-0.0276950140794118,0.106158103545507,-0.0306320463617643,0.143047918876012,0.983529003461202,-60.775271186705,-42.2296656827903,-28.3360474126186,-97.9043628183637,-115.15142536578,-64.2677233332919,-112.079794898339,-99.9306427204561,-58.9161853708665
09-Nov-2024 22:35:23,7,86,0.00381354360530774,0.400884793202082,-0.0278894054392974,0.104662931958834,-0.0281167411555847,0.142043874661128,0.983909861246745,-55.962605819299,-41.0502302661784,-27.662820758964,-98.9133117982141,-117.220434865269,-65.2187191376877,-113.129939537433,-107.551378410393,-62.6430442704862
09-Nov-2024 22:36:17,7,87,0.00777301614483198,0.401738055547078,-0.0199341770261526,0.0984933465719223,-0.0152635897199313,0.137715585033099,0.985444343090057,-67.3441323722267,-66.2373171209076,-44.2417777386558,-101.119176851148,-114.432122649198,-63.9870874057892,-116.208771833007,-110.752557249165,-68.4892150932202
09-Nov-2024 22:36:31,7,88,0.00826017043242852,0.402905108531316,-0.0146656461060047,0.0852195461591085,-0.0118058017765482,0.1332935800155,0.987335352102915,-71.6338148050004,-68.738756386031,-45.5456874642131,-98.2787339886734,-107.81781395553,-60.733123151951,-116.326212778798,-112.689611146042,-69.5109321346542
09-Nov-2024 22:37:20,7,89,0.0133493214845657,0.403219387928645,-0.00705408776799838,0.0578519977629185,-0.0114192174126705,0.132022403677305,0.989491244157155,-76.0944192978511,-67.9580194459573,-48.0371208168378,-98.1864450839029,-102.591503500661,-59.6153251590826,-117.624349399481,-115.933727513866,-73.8448760667382
09-Nov-2024 22:37:33,7,90,0.0129814059784015,0.404345271984736,-0.00246307433893283,0.044973145176967,-0.00984137014796336,0.126791459321976,0.990860505898793,-80.3841017306248,-70.4594587110807,-49.341030542395,-95.3460022214282,-95.9771948069935,-56.3613609052445,-117.741790345271,-117.870781410743,-74.8665931081722
09-Nov-2024 22:38:20,7,91,0.0204877247412999,0.403817449013392,0.00363097654966017,0.0104873005921642,-0.0148738954837124,0.132108340660731,0.991068224112193,-85.134245193437,-69.5198098736054,-48.3137020814859,-91.3296363378056,-91.0318852327251,-53.8004797818912,-118.449579128508,-121.286366543093,-76.7194235949312
09-Nov-2024 22:38:33,7,92,0.0211708898345629,0.405202593406041,0.00977601663519939,-0.00364204589277506,-0.0144602175801992,0.126249547799428,0.991886448860168,-89.4239276262107,-72.0212491387289,-49.6176118070432,-88.4891934753309,-84.4175765390576,-50.546515528053,-118.567020074299,-123.22342043997,-77.7411406363652
09-Nov-2024 22:39:21,7,93,0.0269603154311577,0.405315011739731,0.0126839062198997,-0.0313836480180422,-0.0198396099110444,0.127542096376419,0.99113800128301,-92.2938405740037,-70.5521443525528,-49.3809024393672,-86.4107891022823,-79.0877674050897,-48.3890928394573,-119.204634938812,-126.574739954584,-79.8534144004617
09-Nov-2024 22:39:34,7,94,0.0276747530947129,0.406717610359192,0.0198116165896257,-0.0432624019682407,-0.019155947988232,0.125300617019335,0.990989995002747,-96.5835230067774,-73.0535836176762,-50.6848121649245,-83.5703462398075,-72.4734587114223,-45.1351285856191,-119.322075884603,-128.511793851461,-80.8751314418957
09-Nov-2024 22:40:23,7,95,0.0304419619341691,0.406158781051636,0.0160057298839092,-0.0724979226787885,-0.0351896839837233,0.123792370657126,0.989030452569326,-98.5133206970607,-74.3197508571498,-48.8184123438652,-78.6359226220458,-76.4763997976045,-48.8044351144021,-118.949603789755,-132.055980557206,-81.617126844661
09-Nov-2024 22:40:37,7,96,0.0302551798522472,0.407548314332962,0.0238413449376822,-0.0885171885291735,-0.0351817895968755,0.119638262689114,0.98823766708374,-102.803003129834,-76.8211901222732,-50.1223220694224,-75.7954797595711,-69.8620911039371,-45.5504708605639,-119.067044735546,-133.993034454083,-82.638843886095
09-Nov-2024 22:41:28,7,97,0.0346659662822882,0.407775243123372,0.0185958231488864,-0.120911504824956,-0.0571085847914219,0.114615822335084,0.984368987878164,-105.462743191363,-77.4299933745716,-45.9410770216714,-72.1330465194529,-74.5564073001948,-51.0081419980363,-119.314529161017,-137.333654755394,-84.7957001081947
09-Nov-2024 22:41:42,7,98,0.0341258073846499,0.409151538213094,0.026289506132404,-0.136571739117304,-0.058416452507178,0.109073030948639,0.982872700691223,-109.752425624137,-79.931432639695,-47.2449867472287,-69.2926036569782,-67.9420986065273,-47.7541777441981,-119.431970106808,-139.270708652271,-85.8174171496287
09-Nov-2024 22:42:36,7,99,0.0375073629120986,0.410258094469706,0.0212617803364992,-0.148059846957525,-0.0677360221743584,0.100530336797237,0.98152117729187,-112.177136871288,-78.1865538984058,-47.9063190861318,-69.3411656056817,-74.782102357823,-50.4310311860155,-119.464432792439,-142.734545751365,-87.9317037813955
09-Nov-2024 22:42:50,7,100,0.0337816658119361,0.410131319363912,0.0234991731743018,-0.159548234939575,-0.0674472913146019,0.0903456151485443,0.980730772018433,-115.105459831701,-78.3571482804085,-47.850001217723,-66.0401984128566,-73.3659517637213,-49.5813408295545,-113.65616669638,-136.217521471509,-84.5315765820569
09-Nov-2024 22:44:07,8,1,-0.0213658339033524,0.312391159931819,0.0073751186641554,-0.013870701007545,-0.00640072446937362,0.000779796806940188,0.999883039792379,-12.825,-14.025,-5.62500000000001,-10.5,-14.475,-6.75000000000001,-11.1,-7.95000000000001,-10.95
09-Nov-2024 22:44:21,8,2,-0.0200902512917916,0.315003609657288,0.00420285469541947,0.0164947503556808,-0.0069779369669656,-0.00215224960508446,0.999837319056193,-9.7076898236904,-11.6629113429026,-4.2077468057416,-17.6131788534652,-15.8065939563516,-7.17959165782556,-11.9245960813094,-11.096630699373,-12.287103512268
09-Nov-2024 22:45:04,8,3,-0.0163972600052754,0.318840124209722,0.0026715475289772,0.0537373187641303,-0.00278412687281768,-0.00191211805989345,0.998549437522888,-8.57787964738079,-15.4133226858052,-10.4779936114831,-25.4763577069304,-19.2756879127032,-11.0591833156511,-15.4491921626188,-17.993261398746,-18.4992070245359
09-Nov-2024 22:45:17,8,4,-0.0164312259604534,0.32031574845314,-0.000453801378413724,0.0898320982853572,-0.00178042869859685,-0.00979647909601529,0.995907163619995,-5.46056947107122,-13.0512340287078,-9.06074041722474,-32.5895365603956,-20.6072818690549,-11.4887749734767,-16.2737882439282,-21.1398920981191,-19.8363105368039
09-Nov-2024 22:46:02,8,5,-0.0140207858756185,0.324533645311991,2.31935854268765e-05,0.120009751121203,-0.00118157968390733,-0.00293181284020344,0.992767707506816,-4.23700929476161,-18.3203953716104,-12.1622372229663,-41.3527154138608,-21.8826258254065,-13.7183666313022,-20.0983843252375,-27.0615227974921,-23.3109140490719
09-Nov-2024 22:46:16,8,6,-0.0133949110905329,0.326559638977051,-0.00403624588313202,0.15989188849926,0.00188368309754878,-0.0129439402992527,0.987047874927521,-1.11969911845204,-15.958306714513,-10.7449840287078,-48.465894267326,-23.2142197817581,-14.1479582891277,-20.9229804065469,-30.2081534968651,-24.6480175613399
09-Nov-2024 22:46:54,8,7,-0.0123955508694053,0.32901310523351,-0.00384016082001229,0.145991435647011,-0.000388354152285804,0.000615260559910287,0.989285635948181,-4.65796333981021,-5.91481958381616,-4.21079134597226,-47.8541504246598,-23.1614569897878,-14.5966277757554,-26.4724425163836,-30.2515604713762,-23.2557094312083
09-Nov-2024 22:47:07,8,8,-0.0130210133269429,0.332165471712748,2.64997594058514e-05,0.121910411616166,-0.00354104074649513,0.00761679764837027,0.99250560204188,-11.3743525611684,-8.9307074531192,-5.69222366323663,-43.7924065819937,-22.6118191978174,-14.2952972623831,-30.5969046262203,-27.4824674458873,-21.8446513010767
09-Nov-2024 22:47:46,8,9,-0.0156175174439947,0.334084610144297,0.00103146986414989,0.0810889959335327,-0.0080715723335743,0.0372913718223572,0.995976332823435,-16.8016792825266,-5.56690782242229,-2.34084348050102,-42.4306627393274,-26.660618905847,-14.5939667490107,-38.358866736057,-24.5446244203984,-21.4929681709451
09-Nov-2024 22:48:00,8,10,-0.0163757648319006,0.336545852820079,0.00397215811535716,0.0621666751801968,-0.00977526300897201,0.0462804881234964,0.996944300333659,-23.5180685038847,-8.58279569172533,-3.82227579776539,-38.3689188966613,-26.1109811138767,-14.2926362356384,-42.4833288458937,-21.7755313949095,-20.0819100408135
09-Nov-2024 22:48:47,8,11,-0.0189765760054191,0.338086378574371,0.00794543878485759,0.0213818481812874,-0.0080626563479503,0.0670064732432365,0.997490870952606,-28.6149264752429,-34.0588398110282,-2.88730186502977,-36.6321750539951,-25.9105620719063,-16.166305722266,-47.3765409557304,-23.2720633694206,-18.6755394106819
09-Nov-2024 22:49:01,8,12,-0.0208959802985191,0.341048628091812,0.0111339831724763,-0.00965553838759661,-0.00760566685348749,0.0745714470744133,0.997139918804169,-35.3313156966011,-37.0747276803312,-4.36873418229413,-32.5704312113289,-25.360924279936,-15.8649752088937,-51.5010030655671,-20.5029703439317,-17.2644812805503
09-Nov-2024 22:49:54,8,13,-0.0191380873322487,0.344569418827693,0.0100407565633456,-0.0878765270113945,-0.00744098154827952,0.0629083553949992,0.99411514600118,-50.1629392929592,-33.6956936746343,-17.3919633745585,-28.1711873686627,-32.4108958629655,-19.2011446955213,-53.7598401754038,-29.2416898184428,-19.6807669004187
09-Nov-2024 22:50:08,8,14,-0.0212471461544434,0.347547219196955,0.0140968338275949,-0.117222950359186,-0.00594862153132757,0.0663923104604085,0.9908660252889,-56.8793285143173,-36.7115815439373,-18.8733956918228,-24.1094435259965,-31.8612580709952,-18.899814182149,-57.8843022852405,-26.4725967929539,-18.2697087702871
09-Nov-2024 22:51:03,8,15,-0.0195481547464927,0.351189855734507,0.015035359809796,-0.174742371837298,-0.00789460024485985,0.0630966107050578,0.982558703422546,-69.1533349231754,-38.6300084757403,-20.5757264465872,-20.2539496833304,-36.7614249665249,-21.0172336687767,-61.8259518950773,-32.4574100174653,-21.2473225151554
09-Nov-2024 22:51:17,8,16,-0.0217979067315658,0.353503360350927,0.0200960546731949,-0.210015894969304,-0.00498422303547462,0.068918406466643,0.975253172715505,-75.8697241445336,-41.6458963450434,-22.0571587638515,-16.1922058406642,-36.2117871745546,-20.7159031554043,-65.950414004914,-29.6883169919765,-19.8362643850238
09-Nov-2024 22:52:17,8,17,-0.0195084164539973,0.35871647198995,0.0189676158130169,-0.215828334291776,-0.00699524435525139,0.0595556457837423,0.974588294823964,-82.8899219596417,-45.8380537455964,-22.5990402998659,-21.5335869979979,-39.1370517263345,-22.673947642032,-70.2084698647507,-34.8211770914881,-25.1945421923923
09-Nov-2024 22:52:31,8,18,-0.0255417606482903,0.360147857666016,0.0267298903316259,-0.224210260311762,-0.000222645232376332,0.0542344172795614,0.973030507564545,-85.5482960277801,-53.6981706718072,-26.5474102132255,-19.9195151019365,-36.8262566293824,-21.5368615438102,-67.0377796756553,-35.0042915940306,-25.3044108939178
09-Nov-2024 22:53:26,8,19,-0.0256285844991604,0.35818643172582,0.0238799721002579,-0.209210529923439,0.000579815330759933,0.0359233722090721,0.977210406462351,-83.1085743927934,-57.1964223636431,-24.1760047359602,-22.7070057058751,-39.6279127043056,-24.0794629455884,-64.6838863615599,-32.6133826590732,-25.5739475641933
09-Nov-2024 22:53:39,8,20,-0.0297490112483501,0.359462382396062,0.0296990282833576,-0.216622312863668,0.00403977041132748,0.0312580621490876,0.975746583938599,-85.7669484609318,-65.0565392898539,-28.1243746493199,-21.0929338098137,-37.3171176073536,-22.9423768473666,-61.5131961724645,-32.7964971616157,-25.6838162657188
09-Nov-2024 22:54:26,8,21,-0.02815229271849,0.356692971785863,0.0296830844134092,-0.202125083406766,0.00100615270591031,0.0128985943893592,0.979274292786916,-78.7512746775077,-62.9357235988773,-28.7628568673671,-23.4046431637525,-35.6125480963392,-8.57013449914493,-58.2259044208691,-31.6175999454082,-24.8235189516192
09-Nov-2024 22:54:39,8,22,-0.0326665639877319,0.35725887020429,0.0353183475633462,-0.201063817739487,0.00465381834656,0.0132524685313304,0.979477445284526,-81.409648745646,-70.7958405250881,-32.7112267807267,-21.790571267691,-33.3017529993872,-7.43304840092315,-55.0552142317738,-31.8007144479507,-24.9333876531447
09-Nov-2024 22:55:18,8,23,-0.0347291906674703,0.353649377822876,0.0394491401811441,-0.219555378953616,0.00732362596318126,-0.00604588914041718,0.975553850332896,-79.2309988880031,-73.6654911427052,-34.8546528464302,-18.1643899966296,-10.2190706954036,0.0966158222985696,-50.6262232614284,-28.377823091118,-23.7331733468576
09-Nov-2024 22:55:31,8,24,-0.0399671487510204,0.356630621353785,0.0447653035322825,-0.220414019624392,0.0110082460567355,-0.013280258141458,0.975253903865814,-85.1825718114699,-80.5157551876435,-38.4164261583197,-20.0070479729118,-11.4917234888031,-0.676351863821556,-51.324801615501,-29.7662471824511,-24.5640266819446
09-Nov-2024 22:56:25,8,25,-0.0389640005926291,0.362307663758596,0.0424789386490981,-0.226288628578186,0.00547283173849185,-0.0518139796952407,0.972665826479594,-96.5156327720461,-85.470786078285,-41.0757275463811,-27.9686512616941,-36.6534326786872,1.14696951255828,-51.6942295789487,-34.0016683440967,-26.1648385131252
09-Nov-2024 22:56:38,8,26,-0.0450114684800307,0.36658389767011,0.0482769248386224,-0.240136444568634,0.0102085762346784,-0.0595661409199238,0.968856143951416,-102.467205695513,-92.3210501232232,-44.6375008582706,-29.8113092379762,-37.9260854720867,0.374001826438156,-52.3928079330213,-35.3900924354297,-26.9956918482121
09-Nov-2024 22:57:47,8,27,-0.0494938914974531,0.372089831034342,0.0512081590791543,-0.221860149502754,0.00879887416958809,-0.0826126113533974,0.971532730261485,-107.434522637534,-105.648697591013,-58.4730382082461,-38.5384398705087,-48.0682664637289,-32.775821328432,-51.2768110917814,-40.8270150619192,-29.186524431346
09-Nov-2024 22:58:00,8,28,-0.0492989038427671,0.374020884434382,0.0427483861645063,-0.19651917219162,0.00740745359410842,-0.0850092276930809,0.976779691378276,-103.579646652145,-104.293616807359,-58.0491526912773,-44.5106025952905,-52.3160148680046,-35.1533504054282,-53.5662265541637,-43.3509859835718,-30.7021647670306
09-Nov-2024 22:58:41,8,29,-0.0450124700864156,0.370967628558477,0.0489837425450484,-0.196982808907827,0.00832094519088666,-0.0538387984037399,0.978892191251119,-96.9826426760339,-98.1522277351304,-52.0371491933515,-39.075001648197,-44.6485273714013,-18.7693072167994,-56.7483544188897,-40.0242061728023,-29.5227947267386
09-Nov-2024 22:58:55,8,30,-0.0433668099343777,0.372014798720678,0.0412761971354485,-0.166071736812592,0.00550466822460294,-0.0513959750533104,0.984758015473684,-93.127766690645,-96.7971469514762,-51.6132636763827,-45.0471643729787,-48.896275775677,-21.1468362937956,-59.0377698812719,-42.5481770944548,-31.0384350624232
09-Nov-2024 22:59:47,8,31,-0.0465331013003985,0.370399928092957,0.0477645414570967,-0.170333277185758,0.0138458737482627,-0.0305337104946375,0.984816006819407,-94.0518267098947,-106.998912023535,-59.7203191689354,-40.2904452618226,-47.6364062295129,-33.7185792379791,-59.973541544826,-40.8717726498962,-29.0315702101196
09-Nov-2024 23:00:01,8,32,-0.0468063458800316,0.372306124369303,0.0413509512941043,-0.150405409932137,0.0113206351175904,-0.0330387994647026,0.988007318973541,-90.1969507245058,-105.643831239881,-59.2964336519666,-46.2626079866043,-51.8841546337886,-36.0961083149753,-62.2629570072083,-43.3957435715487,-30.5472105458042
09-Nov-2024 23:00:49,8,33,-0.0451749953130881,0.371733528375626,0.0452498962481817,-0.132754914959272,0.0112603509177764,-0.0158762669811646,0.990957780679067,-88.5065427414362,-108.867173384083,-61.0380186397586,-46.4953297934171,-49.7030940628442,-35.5457443255653,-64.2505505701765,-43.2945268100956,-30.5265982874947
09-Nov-2024 23:01:02,8,34,-0.0448040003577868,0.373307855923971,0.0401954767604669,-0.118603077034156,0.00902341126153866,-0.0149803033098578,0.99278773466746,-84.6516667560473,-107.512092600428,-60.6141331227898,-52.4674925181988,-53.9508424671199,-37.9232734025615,-66.5399660325587,-45.8184977317481,-32.0422386231793
09-Nov-2024 23:01:52,8,35,-0.0442212544381618,0.372588982184728,0.0395353257656097,-0.0809389392534892,0.00156926822382957,-0.0118501051018635,0.996647401650747,-81.6583213386297,-109.040321080859,-60.9964011632744,-56.9670282856481,-52.701116491209,-37.3091904050612,-66.3587683615201,-43.3311466887278,-33.9292580053017
09-Nov-2024 23:02:06,8,36,-0.0483619300027688,0.375409249464671,0.0369399838149548,-0.0512113762398561,-0.00337398494593799,-0.0247404415160418,0.998375686009725,-79.3827419200524,-110.079338097361,-61.0459339513787,-64.7862845120818,-53.6907950029082,-37.3340539407641,-67.0034816401885,-38.6313894872603,-31.1094036844212
09-Nov-2024 23:03:01,8,37,-0.0447792589664459,0.376563743750254,0.0378189921379089,-0.0315426034231981,-0.00551329730078578,-0.0188122063875198,0.999310183525085,-80.0482795020549,-112.787960845827,-60.8118343656732,-67.6456805090234,-54.9857712708023,-38.6144442098653,-68.8852394440034,-44.7878353650168,-34.6929862150423
09-Nov-2024 23:03:14,8,38,-0.0495095628003279,0.378886614243189,0.0349133911232154,-0.00816006331394116,-0.0108216376354297,-0.0289944420258204,0.999487725893656,-77.7727000834776,-113.826977862329,-60.8613671537775,-75.4649367354572,-55.9754497825016,-38.6393077455682,-69.5299527226719,-40.0880781635493,-31.8731318941618
09-Nov-2024 23:04:14,8,39,-0.045916132380565,0.380605747302373,0.0351742682357629,0.00949809694041808,-0.0132561563203732,-0.0306980092078447,0.999395704269409,-79.4426791651901,-115.325797744813,-62.7190837549769,-79.6792628471449,-56.8177771722982,-41.5419346479702,-70.5681882639136,-47.4914225016943,-35.1049959990324
09-Nov-2024 23:04:27,8,40,-0.0499619486431281,0.381623069445292,0.0288298785686493,0.00841370529184739,-0.0114111060897509,-0.0370494862397512,0.999212880929311,-81.381223903536,-112.624669366467,-61.5126782864738,-80.327352716255,-64.2488361870423,-45.4016228760123,-67.2077648521901,-48.9330097083954,-35.969948323053
09-Nov-2024 23:05:19,8,41,-0.0486313328146935,0.380078768730164,0.0260587446391582,0.00777967932323615,-0.0174914279331764,-0.0723559016982714,0.997195176283519,-83.1175478920269,-110.603442421111,-60.8353647245182,-82.1729775279921,-66.6562196408351,-43.5751927874041,-62.2441025717534,-47.6511476849026,-35.0607598599491
09-Nov-2024 23:05:33,8,42,-0.0515921096007029,0.381001836061478,0.0212212307999531,0.00708517696087559,-0.014764926272134,-0.0776751831173897,0.996844220161438,-85.0560926303728,-107.902314042765,-59.6289592560151,-82.8210673971022,-74.0872786555792,-47.4348810154462,-58.88367916003,-49.0927348916036,-35.9257121839697
09-Nov-2024 23:06:25,8,43,-0.0525488769014676,0.379917281866074,0.0164235339810451,0.00877778033415477,-0.015094780549407,-0.11438697129488,0.993282822767893,-87.1185269937911,-105.991136380914,-59.2120997407858,-85.7179247375257,-78.1064998898476,-48.4515100851632,-54.2716363139499,-47.5225974832076,-34.628594114428
09-Nov-2024 23:06:38,8,44,-0.0565063367287318,0.381521401802699,0.010615927601854,0.00633728532120585,-0.0106191839401921,-0.125547347466151,0.992010565598806,-89.057071732137,-103.290008002568,-58.0056942722827,-86.3660146066358,-85.5375589045916,-52.3111983132053,-50.9112129022265,-48.9641846899086,-35.4935464384486
09-Nov-2024 23:07:31,8,45,-0.0530160384873549,0.382236621777217,0.00462801440929373,0.0150378371899327,-0.00596162248402834,-0.140869576732318,0.989896031220754,-90.8325612830192,-98.8088549824692,-57.1940617804165,-90.9134882114026,-89.9126990290979,-55.7243569620848,-51.5749797733247,-47.774909589061,-35.277463565688
09-Nov-2024 23:07:45,8,46,-0.0577299647033215,0.383837250868479,-0.00225768998886148,0.0132840598622958,-0.000822303226838509,-0.150472422440847,0.988524583975474,-92.7711060213651,-96.1077266041228,-55.9876563119134,-91.5615780805127,-97.3437580438419,-59.584045190127,-48.2145563616013,-49.216496795762,-36.1424158897086
09-Nov-2024 23:08:39,8,47,-0.0538224230209986,0.385896625121435,-0.00633387311051289,0.0127323467284441,0.00374489560102423,-0.142442431052526,0.989714109897614,-94.8531231659791,-92.0665859049003,-54.9786373317287,-94.2343598174512,-101.746857613467,-63.3704686285878,-54.6662280912887,-50.0176528486886,-35.6418506153385
09-Nov-2024 23:08:52,8,48,-0.0588068393369516,0.387629282474518,-0.0127984625597795,0.0119174047062794,0.00833290747056405,-0.151964015762011,0.988279068470001,-96.791667904325,-89.3654575265539,-53.7722318632257,-94.8824496865613,-109.177916628211,-67.2301568566299,-51.3058046795653,-51.4592400553896,-36.5068029393591
09-Nov-2024 23:09:45,8,49,-0.0547782028714816,0.387411274512609,-0.0170239167908827,0.0158853948116302,0.0126578538989027,-0.146333775917689,0.989026761054993,-95.501948845805,-86.1443229877694,-51.4645196388818,-95.9428854895856,-112.469995920396,-71.3532126898814,-54.2764288385474,-53.1806116852035,-35.5639964641843
09-Nov-2024 23:09:58,8,50,-0.0502434931695461,0.38881383339564,-0.0170360731581847,0.0113567812989155,0.00917116192479928,-0.129262761274974,0.991502936681112,-96.6520876199335,-79.9658125496207,-48.4697886219212,-94.8738617590754,-110.225421194729,-70.325449529162,-59.4958649520489,-55.754249270949,-36.9453394591708
09-Nov-2024 23:10:45,8,51,-0.050156674037377,0.38624575138092,-0.0203411822517713,-0.00563134383410215,0.0163824671258529,-0.13714028497537,0.990400167306264,-96.413094495629,-71.8022990312529,-45.2244042270402,-91.0110109955223,-111.461356607784,-68.5293701710473,-55.6558248509031,-51.9427790682507,-35.0228030545595
09-Nov-2024 23:10:59,8,52,-0.0444328067203363,0.387728281815847,-0.0223109951863686,-0.00851972761253516,0.0121568418418368,-0.119688093165557,0.992700556914012,-97.5632332697575,-65.6237885931041,-42.2296732100796,-89.941987265012,-109.216781882117,-67.501607010328,-60.8752609644046,-54.5164166539962,-36.404146049546
09-Nov-2024 23:11:48,8,53,-0.0453628865381082,0.38617445230484,-0.015965523198247,-0.0263809103518724,0.0120376761381825,-0.117293695608775,0.992673865954081,-98.1688060946695,-69.1027766148458,-43.9846155041587,-87.1760500179803,-108.487462225811,-64.589685750911,-60.2149589705825,-52.8475003455196,-35.6835493447337
09-Nov-2024 23:12:02,8,54,-0.0403381409744422,0.387375007073085,-0.0180235945930084,-0.0299905034403006,0.00953542726735274,-0.103929158051809,0.994086718559265,-99.3189448687981,-62.924266176697,-40.9898844871981,-86.1070262874701,-106.242887500145,-63.5619225901916,-65.434395084084,-55.4211379312652,-37.0648923397202
09-Nov-2024 23:12:54,8,55,-0.0407721507052581,0.387347600857417,-0.0119236492862304,-0.0440295378367106,0.00890442840754986,-0.0862295786539714,0.995262086391449,-100.046800668318,-68.4745049684938,-42.3199901257573,-84.4895457986992,-105.055940309159,-61.9670803801234,-69.9639621439237,-52.8734985698994,-35.6702654848073
09-Nov-2024 23:13:07,8,56,-0.0362200804054737,0.389092137416204,-0.0137299573669831,-0.0483799929420153,0.0059095762980481,-0.0697033867239952,0.99637641509374,-101.196939442447,-62.295994530345,-39.3252591087967,-83.420522068189,-102.811365583492,-60.939317219404,-75.1833982574252,-55.4471361556449,-37.0516084797938
09-Nov-2024 23:14:03,8,57,-0.0348669268190861,0.390786451101303,-0.00780846045042078,-0.0559233359992504,0.00460480687518915,-0.0464462829132875,0.997343571980794,-102.060936729271,-68.2818587071696,-41.717946419596,-84.1022699585483,-100.420604625166,-59.7030145340103,-81.1828998440958,-55.7601352678347,-36.5949665498306
09-Nov-2024 23:14:16,8,58,-0.0307151424388091,0.392653852701187,-0.00907833638290564,-0.0595754789809386,0.00261280142391721,-0.0232068687677383,0.997950601577759,-103.2110755034,-62.1033482690208,-38.7232154026354,-83.0332462280381,-98.1760298995,-58.6752513732909,-86.4023359575973,-58.3337728535802,-37.9763095448171
09-Nov-2024 23:15:10,8,59,-0.0335289108256499,0.390961362918218,-0.0130133448789517,-0.0119689742103219,-0.00168702380421261,-0.0256430773685376,0.999598117669423,-94.7118819596754,-65.7299813525279,-39.7035920321276,-89.1839902255116,-101.766040197771,-59.8044778958564,-83.8514619848685,-55.6279636171224,-37.8840166601043
09-Nov-2024 23:15:23,8,60,-0.0352624309559663,0.391798863808314,-0.0179810769855976,0.025904963289698,-0.00685166648278634,-0.0177476176371177,0.999483370780945,-86.2057591596031,-65.7494271285482,-39.7152594977398,-94.0093484125502,-103.779143612373,-60.8129741807591,-85.110555275555,-54.1274736174425,-37.1357162378664
09-Nov-2024 23:16:19,8,61,-0.0350691097478072,0.391061609983444,-0.0210540499538183,0.072841223080953,-0.0154016261920333,0.00521885364626845,0.997210999329885,-79.6531009877048,-63.5224665583119,-40.9612815452921,-98.2973995048063,-107.105700468809,-63.0068355844931,-86.8646649345337,-53.5243239993737,-39.040419584391
09-Nov-2024 23:16:32,8,62,-0.0369341947138309,0.392294329404831,-0.0262027602642775,0.10689728508393,-0.0222271124521891,0.0130136530225476,0.993936415513357,-71.1469781876326,-63.5419123343322,-40.9729490109042,-103.122757691845,-109.11880388341,-64.0153318693958,-88.1237582252203,-52.0238339996938,-38.2921191621531
09-Nov-2024 23:17:28,8,63,-0.0379818682869275,0.389900517463684,-0.0299514390528202,0.146908582250277,-0.0338230277101199,0.0211719805995623,0.988344911734263,-63.1675877016473,-61.9881549372241,-40.9267937674865,-104.529462331492,-113.213634018929,-66.0665107137142,-86.330359700053,-53.0720141908195,-39.0953206242965
09-Nov-2024 23:17:41,8,64,-0.0385669752955437,0.390604058901469,-0.0363402950266997,0.185489599903425,-0.044285915295283,0.0359973639249802,0.980987556775411,-54.6614649015751,-62.0076007132444,-40.9384612330986,-109.354820518531,-115.22673743353,-67.0750069986169,-87.5894529907395,-51.5715241911396,-38.3470202020586
09-Nov-2024 23:18:34,8,65,-0.03846112738053,0.390957641601562,-0.0385251564284166,0.199249484141668,-0.0396448560059071,0.0315363427003225,0.978638557593028,-53.2437082585463,-65.1404449027006,-23.2962173441958,-111.720851931874,-116.70570420859,-69.0548445632274,-87.6223003734991,-50.8203692868626,-40.9994707220113
09-Nov-2024 23:18:48,8,66,-0.0403267420828342,0.392942090829213,-0.0429847911000252,0.21793483098348,-0.0468602381646633,0.0354093586405118,0.974194339911143,-44.737585458474,-65.1598906787208,-23.307884809808,-116.546210118913,-118.718807623192,-70.0633408481301,-88.8813936641856,-49.3198792871827,-40.2511702997734
09-Nov-2024 23:19:53,8,67,-0.0411299188931783,0.394935415188471,-0.0356662531693776,0.212525236606598,-0.0489147511621316,0.0229589023937782,0.975660427411397,-56.3506457369239,-65.4610356614591,-42.3175965981627,-119.166904919104,-119.714842718022,-70.2075077728867,-89.6773640009087,-52.0190568352044,-40.9782453486309
09-Nov-2024 23:20:06,8,68,-0.0453090863923232,0.393467277288437,-0.0347447268664837,0.21242780983448,-0.0479513545831044,0.00270779351703823,0.975995743274689,-56.0042941636121,-66.6139945246123,-42.7077574573275,-115.384350121299,-120.202765567474,-70.2651506252006,-80.8280614746104,-50.0474113221788,-39.8061040197063
09-Nov-2024 23:21:02,8,69,-0.0464498740931352,0.387740461031596,-0.0424766903122266,0.213541565338771,-0.0350267815093199,-0.0286104677865903,0.975886571407318,-51.6925341295614,-62.4328029911243,-37.0719404778634,-114.174463630071,-121.53215425704,-69.8906287974415,-72.4221974713304,-48.675599583004,-38.8466504263294
09-Nov-2024 23:21:16,8,70,-0.0499349171916644,0.386255631844203,-0.0418135856588682,0.212689799070358,-0.0318926118314266,-0.0509575140972932,0.975268816947937,-51.3461825562496,-63.5857618542775,-37.4621013370282,-110.391908832267,-122.020077106491,-69.9482716497554,-63.5728949450321,-46.7039540699783,-37.6745090974048
09-Nov-2024 23:22:12,8,71,-0.0505579583346844,0.382041225830714,-0.0457975273331006,0.209404244025548,-0.0251954348136981,-0.0656418378154437,0.975298031171163,-48.7921267525683,-56.5216455191098,-37.5392732768786,-109.545688187751,-122.403732876,-70.0148321620327,-57.870311680243,-46.5322254438782,-35.333711636254
09-Nov-2024 23:22:25,8,72,-0.053699408719937,0.380549693107605,-0.0453058903415998,0.207693922519684,-0.0206546948601802,-0.0887574816743533,0.973939804236094,-48.4457751792565,-57.674604382263,-37.9294341360434,-105.763133389946,-122.891655725451,-70.0724750143466,-49.0210091539447,-44.5605799308525,-34.1615703073294
09-Nov-2024 23:23:21,8,73,-0.0514670620361964,0.378158658742905,-0.0512861457963785,0.19299373626709,-0.0115122733637691,-0.0705314129590988,0.978594021002452,-45.7955714907598,-54.3440256462555,-23.1631005355512,-103.223745668786,-124.827445034931,-71.3345766966423,-52.1700662584009,-44.2388928612897,-34.6551009122917
09-Nov-2024 23:23:35,8,74,-0.0543241036434968,0.377049734195073,-0.0508588505287965,0.191171027223269,-0.00736105926334858,-0.0881387780110041,0.977563818295797,-45.4492199174481,-55.4969845094088,-23.553261394716,-99.4411908709818,-125.315367884383,-71.3922195489562,-43.3207637321026,-42.2672473482641,-33.4829595833671
09-Nov-2024 23:24:30,8,75,-0.0516802437603474,0.376050607363383,-0.0562117909391721,0.190840883056323,-0.010954494215548,-0.0636907602349917,0.979491360982259,-41.0259422865438,-37.6081745729815,-16.3651750240522,-99.5802196114995,-128.177223963848,-73.7020918162609,-49.845641021182,-43.1455810569699,-35.0186542213861
09-Nov-2024 23:24:44,8,76,-0.0529808933536212,0.375397570927938,-0.0581058534483115,0.189032791058222,-0.00570684252306819,-0.0802309731642405,0.978670962651571,-40.679590713232,-38.7611334361347,-16.755335883217,-95.7976648136952,-128.6651468133,-73.7597346685748,-40.9963384948837,-41.1739355439443,-33.8465128924615
09-Nov-2024 23:25:07,8,77,-0.0585749089717865,0.367646155754725,-0.0523088480035464,0.186849900086721,-0.0119948955873648,-0.081242690483729,0.978949530919393,-27.5583372992293,-29.9402399813563,-13.1169333417371,-87.0475746080057,-112.059459075036,-61.215247800363,-25.5829776552201,-24.4514194597249,-17.9024036293192
09-Nov-2024 23:25:20,8,78,-0.0537923408051332,0.365787877639135,-0.0520637633899848,0.190962502360344,-0.0125197253500422,-0.0792174359162649,0.97831548055013,-28.4755469140228,-29.9652309263682,-13.2676544151714,-88.2616926331552,-108.141804721764,-59.3946462246556,-31.6575269078679,-30.0789137646403,-20.8543763827053
09-Nov-2024 23:26:15,8,79,-0.0481333004931609,0.365180369218191,-0.0416000882784526,0.179481552044551,-0.0164516265193621,-0.0657305717468262,0.981425110499064,-36.623525014418,-45.6672796714848,-31.1738136811485,-89.4437065428851,-110.480133675996,-60.6871020026959,-41.6131211143598,-36.9814028749881,-28.5333081278271
09-Nov-2024 23:26:29,8,80,-0.0411861822009087,0.367155599594116,-0.0393749771018823,0.179586998621623,-0.0200382340699434,-0.0422651782631874,0.982629430294037,-37.5407346292114,-45.6922706164967,-31.3245347545828,-90.6578245680345,-106.562479322724,-58.8665004269885,-47.6876703670076,-42.6088971799035,-31.4852808812132
09-Nov-2024 23:27:14,8,81,-0.0403240698079268,0.36732232371966,-0.0341581943134467,0.184488841891289,-0.016526468594869,-0.0506821957727273,0.981387837727865,-38.6233284868058,-47.555790461561,-31.4279749242886,-92.6058905354742,-104.722816623205,-58.9024275281549,-47.6027420965775,-41.2988888875352,-32.9757331304671
09-Nov-2024 23:27:28,8,82,-0.0343321440120538,0.369293866554896,-0.0330489220718543,0.185606180628141,-0.0173968603213628,-0.0316461262603601,0.981960348288218,-39.5405381015992,-47.5807814065729,-31.5786959977229,-93.8200085606236,-100.805162269933,-57.0818259524475,-53.6772913492253,-46.9263831924506,-35.9277058838532
09-Nov-2024 23:28:14,8,83,-0.0300320501128832,0.369576690594355,-0.0269220239172379,0.190686418612798,-0.0179188570628564,-0.0140496617803971,0.981386919816335,-38.3654398377932,-50.4750368016109,-30.8057766192929,-94.6511005569182,-96.2765037435374,-55.9644887151771,-60.1971018403342,-51.6351261987241,-36.1239183851733
09-Nov-2024 23:28:27,8,84,-0.0235855005681515,0.371760308742523,-0.0255910119662682,0.192445499698321,-0.0178776616851489,0.00525567680597305,0.981130754947662,-39.2826494525866,-50.5000277466228,-30.9564976927273,-95.8652185820677,-92.3588493902658,-54.1438871394697,-66.2716510929819,-57.2626205036394,-39.0758911385593
09-Nov-2024 23:29:13,8,85,-0.0184595715254545,0.373361525932948,-0.0192136203249296,0.197354720036189,-0.014794610440731,0.0241704399387042,0.979922481377919,-38.3287051280803,-53.2346509166478,-31.7703985402294,-97.1128235927896,-88.4356929504322,-52.0749177329807,-72.1188309648603,-61.5307391592339,-41.5499837659124
09-Nov-2024 23:29:26,8,86,-0.0122371415918072,0.376217794418335,-0.0181186351925135,0.195740457375844,-0.0142020259673397,0.0457866795361042,0.979483306407928,-39.2459147428738,-53.2596418616597,-31.9211196136638,-98.3269416179391,-84.5180385971606,-50.2543161572733,-78.1933802175081,-67.1582334641493,-44.5019565192985
09-Nov-2024 23:30:14,8,87,-0.00835661366581917,0.379876496394475,-0.0122315420458714,0.196846185127894,-0.00760673008238276,0.0492644915978114,0.979166360696157,-42.6775473880173,-54.9394489191782,-32.178430574132,-102.632803135875,-80.147633200608,-49.1345306661752,-83.4792447797711,-71.7310399444042,-48.489989209668
09-Nov-2024 23:30:27,8,88,-0.00237167469846706,0.383382274707158,-0.0113864279662569,0.198021415869395,-0.00617424755667647,0.0720955108602842,0.977523215611776,-43.5947570028107,-54.9644398641901,-32.3291516475663,-103.846921161024,-76.2299788473364,-47.3139290904678,-89.5537940324189,-77.3585342493196,-51.4419619630541
09-Nov-2024 23:31:14,8,89,0.00233644743760427,0.385791524251302,-0.00458196876570582,0.191177222132683,0.000817186397034675,0.0922906796137492,0.97720677057902,-45.0941781327792,-59.1168388654555,-32.6081676645176,-103.906910932567,-69.9109489724244,-44.943735557065,-96.5840009398743,-81.7086846419047,-54.5369646849319
09-Nov-2024 23:31:28,8,90,0.00918684918433428,0.38912547826767,-0.00349052562378347,0.192352471748988,0.00574556129674117,0.108615019420783,0.975279589494069,-46.0113877475727,-59.1418298104674,-32.758888737952,-105.121028957716,-65.9932946191528,-43.1231339813576,-102.658550192522,-87.3361789468201,-57.488937438318
09-Nov-2024 23:32:17,8,91,0.0108390393356482,0.39232029914856,-0.000419086571006725,0.18762923181057,0.00979041798661153,0.125037789344788,0.974199672540029,-48.1947031199536,-62.4305247836061,-33.7987572831448,-106.508082856062,-67.024952505061,-44.2527364268025,-108.460928272574,-90.7500012955704,-60.43742517595
09-Nov-2024 23:32:31,8,92,0.0173676688224077,0.395773498217265,-4.64529044620576e-05,0.186621379852295,0.0151010004803538,0.146247194210688,0.971368169784546,-49.1119127347471,-62.455515728618,-33.9494783565791,-107.722200881212,-63.1072981517894,-42.4321348510951,-114.535477525222,-96.3774956004858,-63.389397929336
09-Nov-2024 23:33:25,8,93,0.0157193868110577,0.398801543315252,8.24772025225684e-05,0.174881939093272,0.0129130800565084,0.147641444206238,0.973371267318726,-53.9621752283343,-64.4873586876934,-37.4697731658926,-109.247786842959,-71.4142999181077,-46.1366352859638,-117.323941191571,-99.3231539273187,-67.914628174845
09-Nov-2024 23:33:39,8,94,0.022547089556853,0.402042595545451,0.0011073422152549,0.175141335527102,0.0181971117854118,0.162988304098447,0.970787914594014,-54.8793848431277,-64.5123496327053,-37.620494239327,-110.461904868109,-67.4966455648361,-44.3160337102564,-123.398490444219,-104.950648232234,-70.8666009282311
09-Nov-2024 23:34:29,8,95,0.02114893955489,0.404277787605921,0.00129577053400377,0.170564890901248,0.0189306159814199,0.161066680153211,0.971908827622732,-57.838120897318,-42.3657665847486,-39.6060021807009,-112.281756861557,-73.4413192713599,-48.8579831398371,-124.979996903718,-108.037224548108,-74.1552024276787
09-Nov-2024 23:34:42,8,96,0.0278871851662795,0.407495802640915,0.00216867468164613,0.169577809174856,0.0239064821352561,0.177929358681043,0.969026780128479,-58.7553305121114,-42.3907575297605,-39.7567232541352,-113.495874886707,-69.5236649180884,-47.0373815641297,-131.054546156366,-113.664718853024,-77.1071751810647
09-Nov-2024 23:35:48,8,97,0.02860240538915,0.405872436364492,0.00313131160413225,0.146380069851875,0.0219111266235511,0.176951896150907,0.97302664120992,-59.8577731632617,-68.7338005308583,-38.9227712150905,-108.061247931245,-72.8326452082935,-48.8543047251221,-128.485144043773,-118.389333899377,-76.7947661027272
09-Nov-2024 23:36:01,8,98,0.0316165901720524,0.4051611383756,0.00337071449806293,0.150617974003156,0.0248227078467608,0.18440524439017,0.970923622449239,-54.8394525947133,-65.2126305284399,-36.796425742076,-103.073753991634,-68.5854614686005,-46.3649523834703,-127.937263327755,-117.859407940251,-76.164042651359
09-Nov-2024 23:37:06,8,99,0.0309166653702656,0.401712812980016,0.0074849445062379,0.114964949587981,0.02213943960766,0.198039344946543,0.973176944255829,-57.0815136360145,-67.54856702778,-39.9662769860464,-97.7876935440976,-68.2663597438568,-46.0287377931407,-126.45362191345,-121.681752483865,-72.6174763865062
09-Nov-2024 23:37:19,8,100,0.0341359515984853,0.400976717472076,0.00806746085484823,0.116565182308356,0.0249271849791209,0.205308229724566,0.97141121228536,-52.0631930674661,-64.0273970253615,-37.8399315130319,-92.8001996044864,-64.0191760041638,-43.539385451489,-125.905741197432,-121.151826524739,-71.9867529351379
09-Nov-2024 23:38:36,9,1,-0.0209339772661527,0.311843939622243,0.00840347694853942,-0.0163337923586369,-0.00518693029880524,0.000471529058025529,0.999853054682414,-11.1,-14.55,-6.07500000000001,-10.575,-13.5,-6.37500000000001,-9.525,-8.925,-10.5
09-Nov-2024 23:38:49,9,2,-0.0239351180692514,0.315864129861196,0.00444158278405666,-0.00258839383410911,-0.00594594742481907,-0.0124011299883326,0.999902089436849,-14.5945923209145,-16.0421612323168,-6.92555653752486,-17.2300030027486,-19.4281447462712,-9.44354977173518,-10.987645564162,-9.96974683154429,-11.1268480989266
09-Nov-2024 23:39:31,9,3,-0.0233705926686525,0.324299438794454,0.00384971893702944,0.00356936807123323,-0.00842616738130649,-0.0203357250740131,0.999751357237498,-23.1891846418289,-20.0843224646336,-13.1386130750497,-26.3225060054973,-24.0812894925425,-17.4995995434703,-17.512791128324,-16.3769936630885,-15.2036961978531
09-Nov-2024 23:39:45,9,4,-0.0285040928671757,0.327743838230769,-0.00143183954060078,0.0177024021744728,-0.00735391884421309,-0.0405643691619237,0.998993035157522,-26.6837769627434,-21.5764836969505,-13.9891696125745,-32.9775090082459,-30.0094342388138,-20.5681493152055,-18.975436692486,-17.4217404946328,-15.8305442967797
09-Nov-2024 23:40:28,9,5,-0.0299967594444752,0.33450244863828,-0.00421516423424085,0.0135850238303343,-0.00325302337296307,-0.0522217075030009,0.998537842432658,-34.9033692836578,-28.2436449292672,-15.6459761500994,-40.2512620109945,-37.7750789850851,-28.9804490869406,-21.7693322566479,-21.297737326177,-16.9073923957062
09-Nov-2024 23:40:42,9,6,-0.0335213802754879,0.338657116889954,-0.00716723635171851,0.0271369408816099,-0.00222945509788891,-0.0691352839271227,0.997235667705536,-38.3979616045723,-29.7358061615841,-16.4965326876242,-46.9062650137432,-43.7032237313563,-32.0489988586758,-23.2319778208099,-22.3424841577213,-17.5342404946328
09-Nov-2024 23:41:25,9,7,-0.033447544525067,0.343342425425847,-0.00773207591846585,0.0502610377967358,-0.0010425270612662,-0.0809885705510775,0.995446455478668,-41.4800539254868,-31.8654673939009,-18.800214225149,-56.1206430164918,-47.7751184776276,-37.5644236304109,-25.8852483849719,-25.7778559892656,-19.1360885935593
09-Nov-2024 23:41:39,9,8,-0.0384230203926563,0.347731749216716,-0.0126429372777541,0.0584381396571795,0.000525109089600543,-0.0963480134805044,0.993630623817444,-44.9746462464013,-33.3576286262178,-19.6507707626739,-62.7756460192404,-53.7032632238989,-40.6329734021461,-27.3478939491339,-26.8226028208099,-19.7629366924859
09-Nov-2024 23:42:23,9,9,-0.0362588497499625,0.352066361904144,-0.0130284168447057,0.0809578989942869,0.00303817596286535,-0.10614367723465,0.991044990221659,-46.9129885673158,-36.8185398585346,-21.7528898001987,-70.335336521989,-57.3532829701702,-44.3249606738812,-29.5558520132959,-30.7876621523541,-22.2272847914124
09-Nov-2024 23:42:36,9,10,-0.0410963217417399,0.356060427427292,-0.017857506001989,0.0906568745772044,0.0045791101641953,-0.12006409962972,0.98860764503479,-50.4075808882303,-38.3107010908515,-22.6034463377236,-76.9903395247377,-63.2814277164415,-47.3935104456164,-31.0184975774579,-31.8324089838984,-22.854132890339
09-Nov-2024 23:43:22,9,11,-0.0392515957355499,0.360340577363968,-0.0171027202159166,0.109653820097446,0.0083127761259675,-0.132487087448438,0.985065563519796,-53.3490482091448,-44.9872373231683,-24.5297841252484,-84.7726862774863,-68.4455099627128,-50.4737789673516,-33.3787993916199,-35.6123120654427,-25.5997309892656
09-Nov-2024 23:43:36,9,12,-0.0443648594121138,0.364983473221461,-0.0225768270591895,0.121170176565647,0.0101394775013129,-0.144753322998683,0.981968176364899,-56.8436405300593,-46.4793985554852,-25.3803406627732,-91.427689280235,-74.3736547089841,-53.5423287390868,-34.8414449557819,-36.6570588969869,-26.2265790881921
09-Nov-2024 23:44:23,9,13,-0.0415667367478212,0.368801977237066,-0.0223142646253109,0.135983630021413,0.0133748271192114,-0.153744820753733,0.978617429733276,-59.4616703509737,-48.388747287802,-27.8937878252981,-97.9713641579836,-79.9947682052554,-56.7667378858219,-36.9029186449439,-41.6193838535312,-29.2628021871187
09-Nov-2024 23:44:36,9,14,-0.0465680907169978,0.370836681127548,-0.0166002803792556,0.118209945162137,0.0132512484987577,-0.173692590991656,0.977589746316274,-66.1104078945597,-54.04548835053,-30.478725186496,-99.355506577546,-78.1715590949763,-55.6117001605163,-33.4948542626192,-39.1850521518707,-27.8022031661224
09-Nov-2024 23:45:14,9,15,-0.0364043292899926,0.370149777332942,-0.0166758087774118,0.11337091277043,0.019803978006045,-0.170858263969421,0.978551133473714,-64.7458641881456,-44.5358231632581,-24.295107860194,-98.2839849346084,-72.4448343596972,-45.8345921227108,-36.3112039427945,-43.5095095127104,-29.7212916451261
09-Nov-2024 23:45:27,9,16,-0.0402777659396331,0.371895855665207,-0.0114925287043055,0.0960469086964925,0.0179214080174764,-0.188950869441032,0.977113823095957,-71.3946017317315,-50.192564225986,-26.8800452213919,-99.6681273541708,-70.6216252494181,-44.6795543974052,-32.9031395604698,-41.0751778110499,-28.2606926241298
09-Nov-2024 23:45:51,9,17,-0.0483113365868727,0.368488081296285,-0.00569713364044825,0.0802449678381284,0.0155365596835812,-0.217856086293856,0.972552367051442,-73.5866986503175,-48.2661021637141,-25.0807052388399,-95.0994377424833,-66.471658326639,-39.5884815158496,-16.9322822093953,-22.3702406406395,-14.3149373531336
09-Nov-2024 23:46:04,9,18,-0.0472722788651784,0.370740123589834,-0.00128800582606345,0.0593524763981501,0.0137616069987416,-0.228196925918261,0.97170680363973,-80.2354361939034,-53.9228432264421,-27.6656426000378,-96.4835801620457,-64.6484492163599,-38.433443790544,-13.5242178270706,-19.935908938979,-12.8543383321373
09-Nov-2024 23:47:06,9,19,-0.0393675863742828,0.380134161313375,0.00555752733101447,0.0321317764619986,0.00621277447789907,-0.203832630316416,0.978458603223165,-92.7558534249893,-63.13798272667,-38.2584412893608,-100.966306565983,-67.8868611998308,-42.1353884871134,-42.6097569603713,-46.491274502944,-30.1261611861409
09-Nov-2024 23:47:19,9,20,-0.0463448919355869,0.3827292740345,0.0116554899141192,0.0186495070656141,0.00131587955790261,-0.22246421277523,0.974761581420898,-99.4045909685752,-68.794723789398,-40.8433786505587,-102.350448985546,-66.0636520895517,-40.9803507618078,-39.2016925780466,-44.0569428012835,-28.6655621651446
09-Nov-2024 23:48:16,9,21,-0.0389369706312815,0.388074054320653,0.0123934827744961,0.00667202674473325,0.000591885527440657,-0.225407953063647,0.974241467316945,-106.814168355911,-75.7056640708759,-37.4572466758192,-105.583883397295,-67.8962535261475,-41.2788042474397,-46.4154299535352,-51.6924597324363,-35.5211740816486
09-Nov-2024 23:48:29,9,22,-0.040138320128123,0.389486428101858,0.00952657957871755,0.00436927160869042,0.00220731728089352,-0.207922946413358,0.978132967154185,-105.846084751523,-80.1107152845917,-39.9013537538205,-102.921415304053,-74.0366822280459,-44.5906000695323,-50.4740453171525,-54.1082744438703,-36.970662908509
09-Nov-2024 23:48:52,9,23,-0.054992629836003,0.382946171363195,0.0115230533604821,-0.0134540715565284,0.00187783870690813,-0.228994129101435,0.973332985242208,-99.1084210690099,-78.3178661076825,-39.134926163853,-94.2085932069053,-75.1800162033818,-42.3291414970937,-26.9935615596755,-28.55901347171,-19.1782572041194
09-Nov-2024 23:49:06,9,24,-0.0556948900222778,0.382875017325083,0.00849947072565556,-0.0162218979249398,0.00559333361064394,-0.218380441268285,0.975712843736013,-98.1403374646218,-82.7229173213983,-41.5790332418543,-91.5461251136634,-81.3204449052802,-45.6409373191863,-31.0521769232928,-30.9748281831441,-20.6277460309799
09-Nov-2024 23:50:01,9,25,-0.0510960546632608,0.386092156171799,0.00907246644298236,-0.0403397676845392,0.0110156898697217,-0.169960942864418,0.984563187758128,-105.237463821171,-88.5290183398016,-52.0928729858712,-91.9334800184684,-88.6373262438974,-53.4411059440132,-51.6412427263633,-48.7331050527813,-34.3562875922151
09-Nov-2024 23:50:15,9,26,-0.0538702927529812,0.388098295529683,0.00761877838522196,-0.04042917167147,0.0128959799185395,-0.151533437768618,0.987540805339813,-104.269380216783,-92.9340695535174,-54.5369800638725,-89.2710119252264,-94.7777549457958,-56.7529017661059,-55.6998580899806,-51.1489197642154,-35.8057764190755
09-Nov-2024 23:50:38,9,27,-0.067127551138401,0.382150016228358,0.00764752340813478,-0.0509023450314999,0.0192742813378572,-0.169344003001849,0.984052848815918,-97.0589015928637,-93.5396456695769,-51.3409534748816,-82.058455331008,-97.7564099660535,-54.9588839895657,-37.7986986733241,-31.7609655547506,-21.4947916131235
09-Nov-2024 23:50:51,9,28,-0.0642929544051488,0.383032421271006,0.00827899078528086,-0.0434901649753253,0.0172494035214186,-0.166817609469096,0.984877169132233,-97.223686197685,-97.2590283594523,-53.3264245794786,-86.1951125891719,-97.7728197289522,-55.0928686306743,-45.0782650856614,-33.0187631513434,-22.2494701710792
09-Nov-2024 23:51:42,9,29,-0.0584479540586472,0.389552579323451,0.010538456402719,-0.0293002343426148,0.0104211781794826,-0.146348938345909,0.988744123776754,-104.017273292741,-102.9036735005,-62.1668288505795,-93.5317255968476,-100.558342651031,-60.9239464724665,-56.9029441078616,-50.9746762874869,-35.9739119126284
09-Nov-2024 23:51:56,9,30,-0.057634649425745,0.392800676822662,0.0128245844195286,-0.0179966752727826,0.00599645146479209,-0.129043142000834,0.991457569599152,-104.182057897562,-106.623056190375,-64.1522999551764,-97.6683828550115,-100.574752413929,-61.0579311135751,-64.1825105201989,-52.2324738840796,-36.7285904705841
09-Nov-2024 23:52:45,9,31,-0.0583424039185047,0.398269106944402,0.0139834298441807,-0.00596206979826093,0.00112466514886667,-0.132005931933721,0.991230380535126,-108.1112437475,-113.405070105836,-71.2902376430253,-103.780017987931,-104.900718756418,-64.1904623550254,-68.4096332374677,-56.064329250448,-40.0681506203366
09-Nov-2024 23:52:59,9,32,-0.0590116426348686,0.401488922039668,0.01672476430734,0.00469721636424462,-0.00323161374156674,-0.116817415754,0.99313706556956,-108.276028352322,-117.124452795712,-73.2757087476223,-107.916675246095,-104.917128519316,-64.3244469961341,-75.6891996498049,-57.3221268470407,-40.8228291782922
09-Nov-2024 23:53:47,9,33,-0.0602827777465185,0.40029555161794,0.0219405508289735,-0.00756403468549252,-0.00542239494000872,-0.131373870372772,0.991289222240448,-109.819707173017,-120.847357760331,-73.4658837987314,-105.334313130397,-101.539270860384,-60.1380494055112,-70.2760014848543,-56.389197128822,-40.4484377562072
09-Nov-2024 23:54:00,9,34,-0.0590132676064968,0.400941409667333,0.0234506402164698,-0.0153405195722977,-0.00602033380419016,-0.137017755707105,0.990431523323059,-112.481185371154,-118.088947112158,-72.1298255582145,-101.389462077321,-94.7316349116572,-56.7773785147175,-68.2640251674379,-57.1692385257155,-40.8816055382238
09-Nov-2024 23:54:48,9,35,-0.056272679567337,0.396906721591949,0.0312523341427247,-0.0492891632020473,-0.00503188573444883,-0.140365640322367,0.988859347502391,-113.45876388057,-121.421194270381,-71.5568839635106,-97.6008554929333,-89.8638881078275,-52.7038442740093,-65.6764379262544,-55.5177943650528,-39.1109937181897
09-Nov-2024 23:55:01,9,36,-0.0556112984816233,0.397647966941198,0.0333674075702826,-0.0594820261001587,-0.00625256231675545,-0.146901181340218,0.987341312567393,-116.120242078707,-118.662783622208,-70.2208257229938,-93.6560044398571,-83.0562521591005,-49.3431733832155,-63.6644616088379,-56.2978357619464,-39.5441615002063
09-Nov-2024 23:55:46,9,37,-0.0535049736499786,0.39315297404925,0.0357285708189011,-0.0920903846621513,-0.00404594925542672,-0.159352173407873,0.982908912499746,-117.264770432484,-118.349701877233,-66.9413258053835,-89.0392756211253,-77.7435607828221,-45.9260708174645,-58.889679829538,-53.0871343800616,-37.9004394811975
09-Nov-2024 23:56:00,9,38,-0.0512814089655876,0.393587146202723,0.0407208949327469,-0.102844969431559,-0.00726988467698296,-0.162430909276009,0.981318660577138,-119.926248630621,-115.591291229059,-65.6052675648666,-85.094424568049,-70.935924834095,-42.5653999266708,-56.8777035121215,-53.8671757769552,-38.3336072632141
09-Nov-2024 23:56:45,9,39,-0.0509600187341372,0.390236790974935,0.0421506861845652,-0.131047657132149,-0.00413080103074511,-0.167100693782171,0.977183111508687,-120.779251906578,-113.830545032485,-65.847488485803,-81.038634632145,-64.5007611715923,-43.1515131983985,-54.5343244637633,-51.8268457844595,-34.953330144718
09-Nov-2024 23:56:58,9,40,-0.049720869710048,0.390932055314382,0.0458197625974814,-0.142643488446871,-0.00657458535085122,-0.170275406042735,0.974995338916779,-123.440730104715,-111.072134384312,-64.5114302452862,-77.0937835790688,-57.6931252228652,-39.7908423076047,-52.5223481463469,-52.606887181353,-35.3864979267346
09-Nov-2024 23:57:47,9,41,-0.0505442641675472,0.388284146785736,0.0430847908059756,-0.169182093938192,-0.00146959569149961,-0.17633048693339,0.969681823253632,-125.347970841761,-109.262555961938,-63.1395115854959,-74.4434630845786,-60.2217254172503,-41.7785634980717,-51.4696704634596,-50.7767428835519,-32.7129432584949
09-Nov-2024 23:58:00,9,42,-0.0497393814225992,0.389294449488322,0.0457243042687575,-0.17921898663044,-0.00396529940577845,-0.18183102508386,0.966851754983266,-128.009449039898,-106.504145313765,-61.8034533449791,-70.4986120315023,-53.4140894685232,-38.4178926072779,-49.4576941460432,-51.5567842804455,-33.1461110405115
09-Nov-2024 23:58:52,9,43,-0.0483677585919698,0.387469166517258,0.0410489129523436,-0.206760974725087,0.00251011862419546,-0.179257940252622,0.961826499303182,-130.44380850749,-103.995150778491,-59.2494648948256,-68.2510262577191,-59.4495715913525,-39.6814177571145,-50.8503671458913,-49.1567328299917,-31.8009175973999
09-Nov-2024 23:59:06,9,44,-0.0505835220217705,0.386297343174617,0.0379662543535233,-0.17909039358298,0.00530386998628577,-0.170731806755066,0.968890647093455,-122.284595357771,-103.860498148986,-58.7791320579085,-70.8514853448232,-60.3458094276228,-39.7265301530852,-47.9168483475562,-44.7006369224419,-29.1698631214606
09-Nov-2024 23:59:58,9,45,-0.0487024068832397,0.382539639870326,0.0377119906246662,-0.137628825505575,-0.000830885364363591,-0.154416106144587,0.978372760613759,-114.536822842779,-104.67555357593,-57.699834116173,-72.2755770715737,-57.4636062996712,-39.1587405693711,-50.0606542078534,-45.1794945912183,-30.3746280329571
10-Nov-2024 00:00:11,9,46,-0.0512799136340618,0.382439903418223,0.0345839969813824,-0.121233943601449,4.77351710590786e-05,-0.156211777528127,0.980255170663198,-106.377609693059,-104.540900946425,-57.2295012792559,-74.8760361586778,-58.3598441359415,-39.2038529653418,-47.1271354095184,-40.7233986836685,-27.7435735570177
10-Nov-2024 00:01:04,9,47,-0.0489402746160825,0.377822174628576,0.0341743767261505,-0.0641968155900637,-0.0134653046106299,-0.159747629364332,0.984976239999135,-100.299116860704,-104.281102345144,-56.2296858899296,-77.4133115656051,-55.5668614901007,-38.4175143714701,-43.8822789404995,-43.0097795642821,-29.7304287747963
10-Nov-2024 00:01:18,9,48,-0.052160516132911,0.377256367603938,0.031258621190985,-0.0446858502924442,-0.0128781380752722,-0.157183759411176,0.986473830540975,-92.1399037109841,-104.146449715639,-55.7593530530125,-80.0137706527091,-56.4630993263711,-38.4626267674408,-40.9487601421645,-38.5536836567322,-27.0993742988569
10-Nov-2024 00:02:12,9,49,-0.0488568847378095,0.372999584674835,0.0317060182491938,0.00910842549055815,-0.0294568656633298,-0.149601208170255,0.988265589872996,-83.5210507199465,-104.249224100246,-55.2492789398907,-82.3576378997248,-53.1897269215858,-37.7170136684903,-39.2845725084875,-41.4438261432644,-28.8772746697765
10-Nov-2024 00:02:26,9,50,-0.0522750484446685,0.372774181763331,0.0286641729374727,0.0313267979770899,-0.0317848168313503,-0.145613461732864,0.988334500789642,-75.3618375702271,-104.114571470741,-54.7789461029736,-84.9580969868289,-54.0859647578561,-37.7621260644611,-36.3510537101525,-36.9877302357146,-26.2462201938371
10-Nov-2024 00:03:06,9,51,-0.0462616826097171,0.366521952549617,0.0288484081625938,0.0918592830499013,-0.0442507242163022,-0.12534634967645,0.986859711011251,-61.4228044998486,-91.5736323482918,-46.3387426279543,-86.2302601538887,-41.0473974735987,-25.8618757129713,-36.0772004941464,-33.4297535252058,-25.3696431413273
10-Nov-2024 00:03:19,9,52,-0.0508533415695031,0.365339084466298,0.0245267521589994,0.128050661087036,-0.0494511835277081,-0.115187093118827,0.983813798427582,-53.2635913501291,-91.4389797187865,-45.8684097910372,-88.8307192409928,-41.943635309869,-25.906988108942,-33.1436816958114,-28.973657617656,-22.7385886653879
10-Nov-2024 00:04:14,9,53,-0.0459100306034088,0.367140378554662,0.0222790539264679,0.0973158622781436,-0.0377818460265795,-0.133365655938784,0.985553550720215,-65.207915957102,-92.2767163944137,-48.5217408774169,-88.9110024139653,-48.2566163232411,-33.4798249664109,-36.5269016877952,-35.0118807204146,-26.3782355736031
10-Nov-2024 00:04:27,9,54,-0.0419061556458473,0.369428052504857,0.0204230699688196,0.0944647302230199,-0.0339409609635671,-0.129205252726873,0.986524438858032,-67.9671505244044,-87.9175963165129,-46.5350072828478,-90.2554335469599,-50.8119998968771,-34.9503431976103,-40.1552888886145,-40.6010442246527,-29.3656437701034
10-Nov-2024 00:05:14,9,55,-0.0421004464228948,0.370596394936244,0.0167307134717703,0.0693498129645983,-0.0257081753263871,-0.151103261113167,0.985747218132019,-74.7189301115421,-85.3319046153761,-45.7433060287531,-90.4427906999434,-51.9461821903812,-35.9470207419444,-38.711092485016,-38.3897375281508,-28.7791713224611
10-Nov-2024 00:05:27,9,56,-0.0379532136023045,0.373000160853068,0.015138368991514,0.0656192491451899,-0.0228269225607316,-0.148035525282224,0.986538636684418,-77.4781646788445,-80.9727845374752,-43.7565724341839,-91.787221832938,-54.5015657640172,-37.4175389731437,-42.3394796858353,-43.9789010323888,-31.7665795189614
10-Nov-2024 00:06:10,9,57,-0.0380565794805686,0.373627758026123,0.0106523325666785,0.0554459676146507,-0.0137514766926567,-0.166566430528959,0.984374094009399,-81.1086717560646,-73.6003786479565,-41.467355009852,-92.9281159759271,-55.5213486975873,-37.6761368609105,-40.6565750844457,-43.4178294362566,-28.7670473933905
10-Nov-2024 00:06:23,9,58,-0.0338792935013771,0.375982669989268,0.00800598257531722,0.0493568159639835,-0.0110464217141271,-0.160115192333857,0.985801688830058,-83.8679063233671,-69.2412585700556,-39.4806214152829,-94.2725471089217,-58.0767322712233,-39.1466550921098,-44.284962285265,-49.0069929404947,-31.7544555898908
10-Nov-2024 00:07:05,9,59,-0.0319276675581932,0.378002798557281,0.00344373621046543,0.0630118290583293,-0.00452377637848258,-0.153766350944837,0.986085704962413,-83.8377771456284,-66.0004955863458,-37.0426459058324,-98.8902097469135,-60.0143155248264,-40.0862131515928,-47.7327035849799,-46.1960388945477,-33.2483936253555
10-Nov-2024 00:07:19,9,60,-0.0290361364682515,0.38003523349762,0.000565248170945172,0.0589885048568249,-0.00297180949710309,-0.150337248047193,0.986868906021118,-86.5970117129308,-61.641375508445,-35.0559123112633,-100.234640879908,-62.5696990984624,-41.5567313827921,-51.3610907857991,-51.7852023987857,-36.2358018218558
10-Nov-2024 00:08:03,9,61,-0.0293562358866135,0.381216114759445,0.00266135664035877,0.0498421368499597,-0.00262684368838867,-0.141800170143445,0.988636259237925,-87.8865644077127,-65.6414339776396,-37.7185577592534,-99.6156877654013,-64.6661825120819,-43.0617695281333,-53.6991550360662,-53.2493071279313,-36.9764749378384
10-Nov-2024 00:08:16,9,62,-0.0255175081392129,0.383619713783264,0.000398178427712992,0.0447177859644095,-0.00121473936208834,-0.141662542025248,0.988903752962748,-90.6457989750152,-61.2823138997387,-35.7318241646843,-100.960118898396,-67.221566085718,-44.5322877593326,-57.3275422368854,-58.8384706321693,-39.9638831343387
10-Nov-2024 00:09:03,9,63,-0.0247800330320994,0.386412686109543,0.00235582998332878,0.0394450396299362,0.00146551377450426,-0.15069717168808,0.987791657447815,-95.5951926060573,-64.1777830953857,-40.8697800913948,-103.27285790764,-70.2224995793458,-45.4200659476029,-57.3857679624286,-64.3901047488611,-42.2779237905801
10-Nov-2024 00:09:17,9,64,-0.0213834840804338,0.389076673984528,0.000200097100848022,0.0359771870076656,0.00205769267243644,-0.147974490125974,0.988334469000498,-98.3544271733598,-59.8186630174849,-38.8830464968257,-104.617289040634,-72.7778831529818,-46.8905841788022,-61.0141551632479,-69.9792682530992,-45.2653319870805
10-Nov-2024 00:10:08,9,65,-0.0201338533312082,0.392041506369909,0.00178466225042939,0.0307122983038425,0.00267464440936844,-0.142683851718903,0.989288115501404,-101.083741272532,-68.0868375763585,-42.1836576628963,-106.520874111754,-74.6560416866137,-49.119732388537,-64.9574616264291,-76.7496670635641,-49.1160564134514
10-Nov-2024 00:10:21,9,66,-0.0155655628691117,0.394343028465907,-0.000297330843750387,0.0261539456744989,0.00188311446302881,-0.140299717585246,0.989761809508006,-103.842975839835,-63.7277174984577,-40.1969240683272,-107.865305244748,-77.2114252602497,-50.5902506197363,-68.5858488272484,-82.3388305678022,-52.1034646099517
10-Nov-2024 00:11:15,9,67,-0.0146783763542771,0.398329943418503,0.000752708816435188,0.0186378471553326,0.00199050794666012,-0.134012222290039,0.990802419185638,-107.187250173072,-70.2572447389446,-43.1038628540782,-110.089313346805,-79.8031963138837,-53.2650838402033,-74.7716956592486,-88.4436117251537,-54.4725309213873
10-Nov-2024 00:11:29,9,68,-0.0128115623568495,0.399381172657013,-0.000576259257892768,0.0483793842295806,0.00359082339952389,-0.111168673634529,0.992616800467173,-99.4487450551817,-72.0387248648132,-44.1727509295994,-113.804712345615,-79.8038425548579,-53.4435549732773,-78.6663042498218,-89.1836908887266,-55.0207185157606
10-Nov-2024 00:12:19,9,69,-0.0114377718418837,0.398682681719462,-0.00286343155118326,0.0934887781739235,0.00321923792362213,-0.0749831681450208,0.992787512143453,-92.7527598202589,-70.1145286498756,-42.5884751952805,-116.309899828957,-80.0476825358311,-53.6991836009851,-83.2396426559855,-89.8065788788562,-55.2597351676016
10-Nov-2024 00:12:33,9,70,-0.0103996773560842,0.400073659420013,-0.00429791826754808,0.118932849665483,0.00217474438250065,-0.0532699157794317,0.991469931602478,-85.0142547023687,-71.8960087757443,-43.6573632708017,-120.025298827767,-80.0483287768053,-53.8776547340591,-87.1342512465587,-90.5466580424291,-55.8079227619749
10-Nov-2024 00:13:21,9,71,-0.00895979758352041,0.399761656920115,-0.00662595654527346,0.168555335203807,0.00120264026336372,-0.0143868584185839,0.985586480299632,-76.0720095259622,-69.1246507312096,-42.4246694414028,-123.135592068842,-80.920571887779,-53.79470461445,-92.7932247449271,-90.9281416192803,-55.526524885082
10-Nov-2024 00:13:34,9,72,-0.00688178166747093,0.400365396340688,-0.00907676542798678,0.200862497091293,0.00099839735776186,0.00668138917535543,0.97959615389506,-68.3335044080719,-70.9061308570783,-43.493557516924,-126.850991067653,-80.9212181287532,-53.973175747524,-96.6878333355003,-91.6682207828532,-56.0747124794553
10-Nov-2024 00:14:17,9,73,-0.00456623267382383,0.399560177326202,-0.0115399453168114,0.234860811630885,0.00492150730763872,0.0177106738090515,0.971855203310649,-61.5681292609235,-47.7611918977446,-41.5366546399852,-129.438837187596,-80.0826628047271,-54.9209362542564,-97.7146243799711,-91.0290021530653,-59.0581073381955
10-Nov-2024 00:14:30,9,74,-0.00275690911027292,0.400970772902171,-0.0146990569929282,0.260553244749705,0.00679282573983073,0.0317574441432953,0.964913082122803,-53.8296241430333,-49.5426720236133,-42.6055427155064,-133.154236186406,-80.0833090457013,-55.0994073873304,-101.609232970544,-91.7690813166382,-59.6062949325688
10-Nov-2024 00:15:25,9,75,-0.00385488540244599,0.398556403319041,-0.0114745659132799,0.23437843422095,0.00789894281576077,0.0168154864261548,0.971967935562134,-59.6087017295373,-64.0884000532504,-40.8430097826191,-128.713661348824,-80.5565828168779,-54.2888831082218,-96.5106936626129,-92.3067853145665,-58.8959687692805
10-Nov-2024 00:15:38,9,76,-0.0023008870271345,0.396808584531148,-0.0161053272585074,0.244476309418678,0.00871640959133704,0.0169696745773156,0.969467600186666,-53.4262143306705,-59.6723376254884,-38.1933723259619,-124.686862950675,-81.4494573705547,-54.2937141422839,-90.7460631277328,-92.9341382091753,-58.7680389738087
10-Nov-2024 00:16:28,9,77,-0.00391072022418181,0.391690838336945,-0.0147835152223706,0.216129931807518,0.0142864878599842,-0.0113557348027825,0.976194071769714,-56.1495094244895,-38.3371704264256,-39.0622871311897,-120.90317633281,-84.6075315329813,-54.3408675197607,-84.639478206327,-92.3916666554439,-59.7739109944286
10-Nov-2024 00:16:42,9,78,-0.00122278664105882,0.390365258852641,-0.0189213631053766,0.225898090004921,0.0156698279082775,-0.00569146648049355,0.974008270104726,-49.9670220256227,-33.9211079986636,-36.4126496745325,-116.876377934662,-85.500406086658,-54.3456985538228,-78.8748476714469,-93.0190195500527,-59.6459811989568
10-Nov-2024 00:17:38,9,79,-0.00425545989225308,0.390460642178853,-0.0199766267091036,0.210974960525831,0.0190583474934101,-0.0258655107269684,0.976963333288829,-55.8804733570898,-59.0769196292586,-36.7261442152218,-119.130582101899,-89.9833074514309,-55.4135469073536,-80.4147285495969,-95.3923988031928,-59.1510642472822
10-Nov-2024 00:17:51,9,80,-0.00619777549679081,0.392683682839076,-0.0244817547500134,0.204859376947085,0.0171578153967857,-0.0308630007008712,0.978154261906942,-59.7410334422138,-58.0422836455032,-36.1053626249686,-120.663230378994,-96.6336090118289,-58.635234089177,-81.0755866210097,-97.9756902805031,-60.3392463875618
10-Nov-2024 00:18:39,9,81,-0.00650336838637789,0.394592225551605,-0.0271315639217695,0.20326874256134,0.0205506949375073,-0.0401442666848501,0.978083833058675,-61.8530391505094,-59.9028714689232,-18.7017191001867,-123.15665660116,-99.6502104744143,-62.5800018568541,-81.7259560957912,-99.9290256457282,-60.4608789818643
10-Nov-2024 00:18:53,9,82,-0.00751922621081273,0.398134477933248,-0.0221139710396528,0.175601823131243,0.0152797798315684,-0.0329284911354383,0.983791780471802,-69.4400533732798,-62.2825256575348,-20.1295116133537,-120.589743994678,-102.16789805662,-64.0768110668183,-86.1809037347547,-101.296139302391,-61.382401229057
10-Nov-2024 00:19:48,9,83,-0.00527136335149407,0.398015336195628,-0.0242235419650873,0.177887000640233,0.00779700828716159,0.0130913080026706,0.983932952086131,-64.5277904076357,-64.0847917497341,-41.8158731592563,-118.803220360732,-107.51873558992,-66.7601605697093,-92.7306070754025,-104.973274903012,-61.9206487032611
10-Nov-2024 00:20:01,9,84,-0.00628989009807507,0.401344587405523,-0.0218730688095093,0.151322814822197,0.00385564090684056,0.0155035038168232,0.988355298837026,-72.1148046304062,-66.4644459383457,-43.2436656724233,-116.236307754251,-110.036423172126,-68.2569697796734,-97.185554714366,-106.340388559675,-62.8421709504537
10-Nov-2024 00:20:54,9,85,-0.00613278135036429,0.402504195769628,-0.0216364638259013,0.144131926695506,0.000141525009530596,0.0311747877548138,0.989067316055298,-72.6271802589694,-67.5804060787511,-47.1507427019583,-116.834589634037,-112.620685729879,-69.897049136101,-101.112880204172,-108.037513188316,-64.0220558111521
10-Nov-2024 00:21:07,9,86,-0.0073634408103923,0.405815676848094,-0.020044789959987,0.120403545598189,-0.00406460712353388,0.037317743897438,0.992015075683594,-80.2141944817399,-69.9600602673627,-48.5785352151252,-114.267677027556,-115.138373312085,-71.3938583460652,-105.567827843135,-109.404626844979,-64.9435780583448
10-Nov-2024 00:21:59,9,87,-0.00550619655599197,0.407090266545614,-0.019642872735858,0.0889516085386276,-0.00680726235732436,0.0467950038611889,0.994912834962209,-85.7638894074067,-70.3578674318711,-50.1209699864762,-112.908361664209,-118.439348382064,-72.212302629261,-108.03396440752,-111.836745987632,-67.8692816122903
10-Nov-2024 00:22:13,9,88,-0.00620120347787937,0.410751014947891,-0.0171239842971166,0.0652039517958959,-0.0103377193833391,0.0533470571041107,0.996391352017721,-93.3509036301772,-72.7375216204828,-51.5487624996432,-110.341449057727,-120.95703596427,-73.7091118392252,-112.488912046483,-113.203859644295,-68.7908038594829
10-Nov-2024 00:23:05,9,89,-0.00174513895375033,0.409086116154989,-0.0147963456809521,0.0594910137355328,-0.0127014083787799,0.0930955241123835,0.993797159194946,-87.9057041984296,-70.288095876276,-49.3059822894421,-107.59799785398,-114.286415241926,-70.4054469195102,-116.578903977803,-111.83673698106,-69.559731586529
10-Nov-2024 00:23:18,9,90,-0.00119710320917269,0.409554362297058,-0.0139888705685735,0.0628613914052645,-0.0137918520718813,0.108708996077379,0.99198823372523,-83.1041644152338,-69.5795936441209,-48.880880950149,-104.400748028665,-107.599150775696,-66.9909644631794,-120.463301446413,-111.66211157483,-69.4015686601985
10-Nov-2024 00:24:09,9,91,0.00772717067350944,0.405717980861664,-0.00999269131571054,0.0678245743115743,-0.0130548354238272,0.140019755562146,0.987736761569977,-76.8557948077621,-69.2756296559401,-44.3219401754018,-101.955397514134,-103.920208181408,-61.0818907751565,-121.300496146378,-111.791237540097,-70.3819510605563
10-Nov-2024 00:24:23,9,92,0.0100044670825203,0.405833292007446,-0.00894571902851264,0.0802351102232933,-0.0112962126110991,0.165646435817083,0.982850956916809,-72.0542550245663,-68.567127423785,-43.8968388361088,-98.7581476888193,-97.2329437151777,-57.6674083188256,-125.184893614988,-111.616612133867,-70.2237881342259
10-Nov-2024 00:25:11,9,93,0.0167683950314919,0.400897328058879,-0.00235493704676628,0.0711220602194468,-0.0059683237845699,0.19757506052653,0.977686131000519,-66.0043003292325,-66.3358943136169,-42.2298177790885,-93.3868475188965,-90.1748401849187,-54.3556302466487,-125.445689699275,-111.518862413386,-69.1348978712396
10-Nov-2024 00:25:24,9,94,0.0194040098538001,0.401057173808416,-0.000905603934855511,0.0833316514889399,-0.00136413597501814,0.217270291845004,0.97254695892334,-61.2027605460367,-65.6273920814619,-41.8047164397955,-90.189597693582,-83.487575718688,-50.9411477903179,-129.330087167885,-111.344237007156,-68.9767349449092
10-Nov-2024 00:26:12,9,95,0.0277691014111042,0.398277481396993,0.00257520146357516,0.0653117472926776,-0.00196930437814444,0.245517267783483,0.967187543710073,-57.8770133067719,-64.5325244103003,-36.4836552416389,-85.2303226959633,-76.0898917204432,-47.653017526064,-131.177683944334,-112.033049443801,-69.6282083502508
10-Nov-2024 00:26:25,9,96,0.0315698885669311,0.398725614945094,0.00603338619694114,0.0729473417003949,0.00592739759013057,0.262671240170797,0.962105639775594,-53.0754735235761,-63.8240221781452,-36.0585539023459,-82.0330728706488,-69.4026272542125,-44.2385350697332,-135.062081412943,-111.858424037571,-69.4700454239204
10-Nov-2024 00:27:20,9,97,0.0310478411614895,0.398953342437744,0.00647577348475655,0.0479985696574052,-0.000401731737656519,0.271710975964864,0.961181135972341,-58.3868300123458,-63.2973372264869,-36.935472633621,-80.8798104591821,-69.6351530219747,-45.3872287094408,-137.328078535473,-112.640517552779,-69.791700663426
10-Nov-2024 00:27:33,9,98,0.0345717370510101,0.399407794078191,0.00863833930343389,0.057129601140817,0.00567204893256227,0.289844220876694,0.955350391070048,-53.58529022915,-62.5888349943319,-36.510371294328,-77.6825606338676,-62.9478885557441,-41.97274625311,-141.212476004082,-112.465892146549,-69.6335377370956
10-Nov-2024 00:28:33,9,99,0.0328507602214813,0.399720195929209,0.0068461434605221,0.0312132901201646,-0.00887891054153442,0.300623432795207,0.9531906803449,-58.3401985819371,-61.7462414024252,-36.136279990319,-75.882304515477,-68.2705192065099,-45.0398518447983,-143.762673299652,-112.244626201038,-70.1652838936832
10-Nov-2024 00:28:47,9,100,0.0361375662187735,0.400122086207072,0.00902160325398048,0.0370432029167811,-0.00396336064053078,0.321278582016627,0.946251622835795,-53.5386587987413,-61.0377391702701,-35.711178651026,-72.6850546901624,-61.5832547402792,-41.6253693884675,-147.647070768261,-112.070000794808,-70.0071209673528
10-Nov-2024 00:30:05,10,1,-0.020931771521767,0.312442221244176,0.0079170264924566,-0.0225154798477888,-0.00395757475246986,-0.00574045206109683,0.999722214539846,-13.425,-13.875,-5.55000000000001,-10.575,-13.65,-7.12500000000001,-9.15,-9.15,-10.275
10-Nov-2024 00:30:19,10,2,-0.0234308261424303,0.315320265293121,0.0017905152325208,-0.00551712429150939,-0.00362749020569026,0.00222658071046074,0.999975736935933,-11.1914324793649,-12.2795946281177,-4.59275677687068,-14.690071481142,-20.2585121361301,-10.2697190762363,-13.9850518047804,-8.61810843003073,-9.84951070611835
10-Nov-2024 00:31:02,10,3,-0.0246112284560998,0.319897719224294,-1.90821298322893e-05,0.00572343903283278,-0.00567761044949293,0.0263168179740508,0.99962116877238,-13.2703649587297,-16.8716892562354,-12.1855135537413,-19.3676429622841,-27.1670242722601,-18.0269381524726,-22.4951036095608,-11.7612168600614,-12.9865214122367
10-Nov-2024 00:31:16,10,4,-0.0273267055551211,0.32326589624087,-0.00545460339635611,0.0249169367055098,-0.00941288433969021,0.0387613140046597,0.998893467585246,-11.0367974380946,-15.2762838843532,-11.228270330612,-23.4827144434261,-33.7755364083902,-21.1716572287089,-27.3301554143412,-11.2293252900921,-12.561032118355
10-Nov-2024 00:32:02,10,5,-0.025815679008762,0.326454462607702,-0.00964763443917036,0.0704072952270508,-0.0162927735596895,0.0639957865079244,0.995330079396566,-7.35947991745948,-21.8746285124709,-14.6210271074826,-31.0290359245681,-40.8340485445203,-28.7226263049451,-34.0027072191216,-15.1599337201228,-14.1417928244733
10-Nov-2024 00:32:16,10,6,-0.0295720466723045,0.329821372032166,-0.0174077790230513,0.0879523848493894,-0.023888915280501,0.077650315562884,0.992806180318197,-5.12591239682438,-20.2792231405887,-13.6637838843532,-35.1441074057102,-47.4425606806504,-31.8673453811814,-38.837759023902,-14.6280421501535,-13.7163035305917
10-Nov-2024 00:33:03,10,7,-0.0234759484728177,0.333379193147024,-0.00986243356019259,0.0585225619375706,-0.018977302312851,0.0826603790124257,0.994676987330119,-13.6425589478573,-24.7092571909294,-13.0686793145576,-35.1475601195648,-45.7222862897151,-28.2111490907478,-44.4366260680224,-19.6889469738559,-16.460071847477
10-Nov-2024 00:33:17,10,8,-0.0211481268207232,0.336110305786133,-0.00524125238880515,0.0292181563874086,-0.0187130509565274,0.0835442254940669,0.995899852116903,-20.4060804988903,-24.5924162412701,-12.9985747447621,-31.3353878334196,-40.9270118987799,-25.8018278003143,-47.3917431121429,-22.4436017975584,-17.8257151643623
10-Nov-2024 00:33:56,10,9,-0.0167554050683975,0.337219818433126,-0.000422372928975771,-0.0138326224560539,-0.017965538178881,0.102897668878237,0.994433522224426,-28.3461645499233,-8.14901279161091,-4.04097017496655,-28.3060280472743,-37.8942375078446,-22.9940690098807,-51.9687351562634,-23.2763816212609,-20.5554209812475
10-Nov-2024 00:34:10,10,10,-0.0152851678431034,0.339870399236679,0.00436280757809679,-0.0416717489560445,-0.0184118828425805,0.100379131734371,0.993905699253082,-35.1096861009563,-8.03217184195161,-3.97086560517097,-24.493855761129,-33.0989631169094,-20.5847477194471,-54.9238522003839,-26.0310364449633,-21.9210642981328
10-Nov-2024 00:34:49,10,11,-0.0105581365525723,0.340987068414688,0.00826901085674763,-0.0706159114837646,-0.0182565660526355,0.120782434443633,0.989995845158895,-38.4114889019893,-0.502049642292372,0.54298896462457,-20.9980897249837,-30.6099387259741,-17.9762076790136,-59.8149067445044,-28.1247537686658,-24.1937388650181
10-Nov-2024 00:35:02,10,12,-0.00823734688262145,0.343521283070246,0.0123469232891997,-0.10378232250611,-0.0194035202264786,0.120064251621564,0.987135942776998,-45.1750104530223,-0.385208692633075,0.613093534420147,-17.1859174388385,-25.8146643350388,-15.56688638858,-62.7700237886249,-30.8794085923683,-25.5593821819034
10-Nov-2024 00:36:01,10,13,-0.0104560638467471,0.345456031958262,0.0146030894791087,-0.144763876994451,-0.0194618667165438,0.119362037380536,0.982047553857168,-52.5326726290552,-35.111727117974,-16.9699268957842,-14.6569482776932,-31.3975149441035,-20.1079557231464,-65.2681095827454,-31.9535946660707,-26.7785411237887
10-Nov-2024 00:36:14,10,14,-0.00954465897132953,0.348178299268087,0.0105537379160523,-0.133132300774256,-0.0207423788805803,0.119901885092258,0.983600080013275,-53.4550426962103,-35.9891330662706,-17.4963704647621,-19.0356533340997,-36.4753698641218,-22.7346237779852,-68.145435804648,-37.5045441939861,-29.6417564825761
10-Nov-2024 00:37:05,10,15,-0.00714262227217356,0.351642874876658,0.0124761832257112,-0.127291416128476,-0.0215194662412008,0.12063910762469,0.984266257286072,-56.4744830758653,-37.8632187020674,-20.17437653374,-22.4809599530062,-38.1922872841402,-23.3614871453241,-71.5442464015507,-43.2652593469015,-34.1567296538634
10-Nov-2024 00:37:18,10,16,-0.0055376596438388,0.354657963911692,0.00851744947334131,-0.115649705131849,-0.0232873448481162,0.119685609638691,0.985777962207794,-57.3968531430203,-38.740624650364,-20.7008201027179,-26.8596650094128,-43.2701422041586,-25.9881552001629,-74.4215726234533,-48.8162088748169,-37.0199450126508
10-Nov-2024 00:38:07,10,17,-0.00300832469947636,0.356989111502965,0.0105653398980697,-0.113548539578915,-0.02381323389709,0.125499017039935,0.98528661330541,-58.9177583664253,-42.0663704424108,-22.2280449216958,-28.7466708470693,-43.442528374177,-27.9899209112518,-77.8596410328559,-53.6470412152323,-40.1090392776881
10-Nov-2024 00:38:20,10,18,1.10294000478461e-05,0.360288403431574,0.0067188350794216,-0.102017413079739,-0.025703201815486,0.129254361987114,0.986014783382416,-59.8401284335803,-42.9437763907073,-22.7544884906737,-33.1253759034758,-48.5203832941953,-30.6165889660906,-80.7369672547586,-59.1979907431477,-42.9722546364755
10-Nov-2024 00:39:09,10,19,-0.000598997335570554,0.363120065132777,0.00750363543629646,-0.084326412777106,-0.0235046098629634,0.135595764716466,0.986889274915059,-60.2367660788603,-45.1953522608791,-24.3813226846517,-38.2832313505073,-48.2955038392137,-34.2808058490544,-84.4196645704112,-62.5138816773131,-44.8234094483878
10-Nov-2024 00:39:23,10,20,0.00157536377664655,0.366582683722178,0.00367306460005542,-0.0674467469255129,-0.023965164894859,0.137971182664235,0.987846434116364,-61.1591361460153,-46.0727582091756,-24.9077662536296,-42.6619364069139,-53.3733587592321,-36.9074739038932,-87.2969907923138,-68.0648312052285,-47.6866248071751
10-Nov-2024 00:40:14,10,21,0.00231806519441307,0.369092458486557,0.0044984961549441,-0.0626755848526955,-0.0211240131407976,0.12660772005717,0.989745465914408,-63.7686400022328,-50.1122491184099,-28.8344051351075,-46.5302166586329,-59.5498464917504,-37.6529163727946,-87.5770025610915,-74.1482514362689,-51.168809892525
10-Nov-2024 00:40:27,10,22,0.00538296001031995,0.37235295176506,0.000817762583028525,-0.0518503827353319,-0.0230472503850857,0.131927196184794,0.989634072780609,-64.6910100693878,-50.9896550667065,-29.3608487040854,-50.9089217150394,-64.6277014117688,-40.2795844276334,-90.4543287829941,-79.6992009641843,-54.0320252513123
10-Nov-2024 00:41:18,10,23,0.00554388134429852,0.374764704704285,0.000592831832667192,-0.0385835709671179,-0.0207691634694735,0.133451009790103,0.990086277325948,-64.5819470310741,-53.898103495472,-31.3623899293133,-55.8574143691022,-68.6798727380371,-43.3906396895035,-93.1579977783342,-85.2163858436622,-56.6797254733809
10-Nov-2024 00:41:32,10,24,0.00913172711928686,0.378065188725789,-0.00346483296404282,-0.0285651855170727,-0.0217941700170437,0.135721524556478,0.990095321337382,-65.5043170982291,-54.7755094437685,-31.8888334982913,-60.2361194255087,-73.7577276580555,-46.0173077443423,-96.0353240002369,-90.7673353715775,-59.5429408321683
10-Nov-2024 00:42:24,10,25,0.00367963956668973,0.378587154547373,-0.00535200542459885,-0.00117584166582674,-0.0134029100338618,0.109585859378179,0.99388632774353,-64.1275207859532,-52.9838516462909,-35.9970749037892,-65.9907882379675,-78.1608077120385,-49.8167443695157,-92.1186815559184,-92.0818637356574,-58.800170704187
10-Nov-2024 00:42:37,10,26,-0.00165032994312545,0.380309134721756,-0.0125118074938655,0.0181293421735366,-0.0140410145744681,0.099398110806942,0.994783492883046,-62.8164410264117,-54.2266726085789,-36.742767481162,-71.6105632515983,-84.5767295628965,-53.1489873911735,-88.5138677248813,-88.763274423956,-57.2651581445651
10-Nov-2024 00:43:27,10,27,-0.00723216868937016,0.378630139430364,-0.0148015668615699,0.0610628291964531,-0.00423526739080747,0.0530909938116868,0.996711993217468,-59.3725029905031,-54.327254190984,-36.2447344725973,-79.022785164643,-88.0362305153171,-56.7898272145892,-83.7781395872035,-88.9612439501452,-54.2512668007636
10-Nov-2024 00:43:40,10,28,-0.0132462351272504,0.380898300806681,-0.0230053268373013,0.0819063524405162,-0.00554690910503268,0.0418230454126994,0.995746672153473,-58.0614232309616,-55.570075153272,-36.9904270499701,-84.6425601782737,-94.4521523661751,-60.122070236247,-80.1733257561663,-85.6426546384439,-52.7162542411417
10-Nov-2024 00:44:30,10,29,-0.0184539414942265,0.379394765694936,-0.0252993036061525,0.117106234530608,0.00126409723112981,0.00717799002304673,0.993092679977417,-55.5339143332365,-54.3667764256185,-37.2642568343741,-90.4085586416115,-100.889863767814,-63.4586116587837,-76.5280547718089,-82.8823447456878,-50.81680228943
10-Nov-2024 00:44:43,10,30,-0.0244503024965525,0.382277488708496,-0.0343859098851681,0.139719613393148,-0.00169369626479844,-0.00495314247285326,0.990177226066589,-54.222834573695,-55.6095973879065,-38.0099494117469,-96.0283336552422,-107.305785618672,-66.7908546804415,-72.9232409407717,-79.5637554339864,-49.2817897298081
10-Nov-2024 00:45:32,10,31,-0.0311815667897463,0.381905841827393,-0.0353751038511594,0.165854301055272,0.00124349057829628,-0.0312646597623825,0.985653777917226,-53.8035402450617,-53.0043585052236,-38.2947105926353,-102.246220393726,-111.107602244921,-70.5002469025388,-69.8981985330744,-74.1993058317577,-47.5645574741413
10-Nov-2024 00:45:45,10,32,-0.0251863955209653,0.384689746300379,-0.0386239680151145,0.172535512844721,0.000700151497342934,-0.0189015557368596,0.984821637471517,-53.737308423727,-52.3935323250244,-37.9282148845158,-103.998999050208,-113.506646195754,-71.6386862599354,-74.1747080662591,-81.1350992741539,-50.9713715773195
10-Nov-2024 00:46:18,10,33,-0.0126819377765059,0.384453348318736,-0.0367568311591943,0.173242753744125,0.00668706664194663,0.0216581013053656,0.984618326028188,-46.0169693178464,-31.1086762223395,-21.8062534781543,-101.475833569117,-111.073637534283,-64.0407002175518,-81.5911033111138,-84.7979625712864,-58.2620758324751
10-Nov-2024 00:46:32,10,34,-0.00743758169313272,0.387582872311274,-0.0336620027820269,0.170852428674698,0.00801760976513227,0.0294999873886506,0.984822285175323,-45.9507374965117,-30.4978500421403,-21.4397577700348,-103.228612225599,-113.472681485116,-65.1791395749484,-85.8676128442986,-91.7337560136825,-61.6688899356533
10-Nov-2024 00:47:19,10,35,-0.010282023747762,0.39170007109642,-0.0305455764134725,0.150567760070165,0.00453521211942037,0.0321896977722645,0.988065115610758,-59.082452032904,-23.9000089006982,-38.9955292127941,-104.418418813295,-117.130699129796,-71.1743662324549,-90.0640652333183,-94.5580843834469,-64.8426491148202
10-Nov-2024 00:47:32,10,36,-0.00439451277876894,0.3944881995519,-0.033151113986969,0.154762720068296,0.00264651135851939,0.0453562006354332,0.986906452973684,-59.0162202115693,-23.2891827204991,-38.6290335046746,-106.171197469777,-119.529743080629,-72.3128055898515,-94.3405747665031,-101.493877825843,-68.2494632179984
10-Nov-2024 00:48:16,10,37,-0.00537264486774802,0.397284690539042,-0.0313656017184257,0.135114374756813,0.00230175332787136,0.0431858852505684,0.98988577524821,-64.8739615690981,-14.3598490596785,-41.2236713719948,-106.667490091865,-122.633273878386,-77.004638597303,-97.9020557276053,-105.098938731923,-72.1397498591709
10-Nov-2024 00:48:30,10,38,0.000433137147532155,0.4004962682724,-0.0343993817766507,0.140760454535484,-0.000826333106184999,0.0574697246154149,0.988373943169912,-64.8077297477634,-13.7490228794793,-40.8571756638753,-108.420268748347,-125.032317829219,-78.1430779546996,-102.17856526079,-112.034732174319,-75.5465639623491
10-Nov-2024 00:48:53,10,39,0.00288975389363865,0.399146952231725,-0.0338507990042369,0.139477344353994,-0.00199503676655392,0.0632427955667178,0.988201594352722,-51.0534845158606,-10.1039429589695,-22.1712467434755,-104.144804387633,-123.733605203514,-71.0832141371238,-96.2725605079337,-115.880159348558,-67.4951143345245
10-Nov-2024 00:49:07,10,40,0.00640417129422228,0.398441269000371,-0.0326970691482226,0.144192889332771,0.000750825484283268,0.0680187299847603,0.987208851178487,-48.4048096845046,-10.0023839246182,-22.1103113228648,-104.249969433389,-115.726716276672,-67.0696137702673,-99.5531700258848,-113.818042700703,-66.4539001071623
10-Nov-2024 00:50:14,10,41,0.00597103505084912,0.400360691547394,-0.0229229973008235,0.13285232881705,0.00291567539485792,0.0800867632031441,0.987890636920929,-65.3121281478644,-61.7086980201123,-42.889659296114,-106.591012970547,-116.82094906156,-67.6568618159245,-106.967522400815,-118.46074291877,-71.1585540142986
10-Nov-2024 00:50:28,10,42,0.00708060528462132,0.40119727452596,-0.0215637538582087,0.136581798394521,0.00173535440893223,0.0969364429513613,0.985873103141785,-62.6634533165085,-61.6071389857611,-42.8287238755032,-106.696178016303,-108.814060134717,-63.6432614490681,-110.248131918766,-116.398626270916,-70.1173397869364
10-Nov-2024 00:50:59,10,43,0.0228085089474916,0.399681935707728,-0.0117502445975939,0.150803020596504,0.0197843626141548,0.127178495128949,0.980149292945862,-44.2927751325106,-32.9595165163318,-22.7379301518223,-101.619282307761,-95.60773206374,-52.3300852884685,-113.120612865207,-118.513918056022,-73.8990596268234
10-Nov-2024 00:51:12,10,44,0.0256333050628503,0.400472603241603,-0.00851523553331693,0.153583880265554,0.0241313938051462,0.143503029147784,0.977362024784088,-41.6441003011546,-32.8579574819805,-22.6769947312116,-101.724447353517,-87.6008431368973,-48.316484921612,-116.401222383158,-116.451801408168,-72.8578453994611
10-Nov-2024 00:52:16,10,45,0.020933185890317,0.401169268290202,-0.00427830495561163,0.144244394699732,0.0226071704179049,0.135498171051343,0.97996058066686,-59.7844237934778,-63.9333667300911,-38.6261301590657,-105.313582022124,-85.0192346379873,-51.603096657884,-116.927767615354,-116.853388976794,-73.1030982057235
10-Nov-2024 00:52:29,10,46,0.0233150654782852,0.401653116941452,0.000984872330445796,0.1482924669981,0.0288944132626057,0.147219536701838,0.977497243881226,-57.1357489621218,-63.8318076957398,-38.565194738455,-105.41874706788,-77.0123457111446,-47.5894962910275,-120.208377133305,-114.79127232894,-72.0618839783613
10-Nov-2024 00:53:12,10,47,0.0236994923402866,0.401186720530192,-0.00488976780325174,0.169670911629995,0.0267362451801697,0.157547836502393,0.972458565235138,-52.2065732926054,-33.8687328026186,-20.4842947420767,-107.265896925062,-75.5430969982682,-50.2260019757351,-121.736954508379,-114.336007789326,-70.6889032678114
10-Nov-2024 00:53:26,10,48,0.0258577790111303,0.40203117330869,-0.00151257781932751,0.172721042235692,0.0321295479933421,0.171658713618914,0.969364949067434,-49.5578984612494,-33.7671737682673,-20.4233593214659,-107.371061970818,-67.5362080714255,-46.2124016088787,-125.01756402633,-112.273891141471,-69.6476890404491
10-Nov-2024 00:54:35,10,49,0.01662864399453,0.403279513120651,0.00118738169937084,0.161823625365893,0.0255575150251389,0.169174560904503,0.971874451637268,-57.2439732108136,-67.9348568045321,-37.9774416129713,-108.722219422287,-73.598139251566,-49.8738542678042,-126.522157472842,-111.915200547737,-66.7155915714931
10-Nov-2024 00:54:49,10,50,0.0179330752541622,0.403815052906672,0.00342600075528026,0.165490876634916,0.029787622888883,0.180487297972043,0.969097439448039,-54.5952983794577,-67.8332977701809,-37.9165061923606,-108.827384468044,-65.5912503247233,-45.8602539009477,-129.802766990794,-109.853083899883,-65.6743773441308
10-Nov-2024 00:55:47,10,51,0.0142237497493625,0.404242517550786,0.000573886703932658,0.16722503999869,0.025409564251701,0.192577795187632,0.966594004631043,-56.438998338562,-35.6663597711366,-39.3880796278081,-109.255545716656,-73.9937714513728,-47.4841800469824,-132.570368473025,-107.142680279089,-65.0377214959717
10-Nov-2024 00:56:00,10,52,0.0110465586806337,0.405845236778259,0.00586562758932511,0.143942683935165,0.0244944865504901,0.179750844836235,0.972815581162771,-63.6895215796021,-40.3634033860029,-41.8934590922569,-106.792255178792,-73.7530731642161,-47.5206885604198,-129.958807833105,-109.418563309185,-66.3325206680355
10-Nov-2024 00:56:59,10,53,0.0199004502346118,0.402327750126521,0.0026259865767012,0.148799045880636,0.0267021119594574,0.181523895263672,0.971696929136912,-56.8362322158717,-66.4527575185234,-37.6650929847346,-104.190462742355,-71.7420799038056,-47.1509603303027,-127.540743175325,-112.870302852812,-67.4545990297009
10-Nov-2024 00:57:12,10,54,0.01557686496526,0.403773671388626,0.00880848777790864,0.12637044886748,0.0244914323091507,0.168020572264989,0.977343201637268,-64.0867554569118,-71.1498011333897,-40.1704724491834,-101.72717220449,-71.5013816166489,-47.18746884374,-124.929182535404,-115.146185882908,-68.7493982017648
10-Nov-2024 00:58:04,10,55,0.0242581325272719,0.401362101236979,0.00479506074140469,0.10987008313338,0.0225596742083629,0.173659359415372,0.978397707144419,-62.1853723955664,-64.6430000070827,-39.0089791276467,-99.119630717339,-71.2755358428653,-46.1208589854001,-124.964369886554,-116.359997169769,-70.4078369686294
10-Nov-2024 00:58:18,10,56,0.0187269949664672,0.403330332040787,0.0122260391091307,0.0834783886869748,0.0190834938238064,0.159391711155574,0.98349453608195,-69.4358956366064,-69.340043621949,-41.5143585920956,-96.6563401794741,-71.0348375557086,-46.1573674988374,-122.352809246633,-118.635880199866,-71.7026361406932
10-Nov-2024 00:59:08,10,57,0.0245859117557605,0.401534493764242,0.00761815595130126,0.0585159892837207,0.0119563400745392,0.151798617839813,0.986605366071065,-70.7604657264537,-63.5601648662282,-41.5113016635516,-93.7459241669662,-72.6015655252385,-46.3173168263861,-121.139622602248,-120.455727358345,-72.3542551101575
10-Nov-2024 00:59:22,10,58,0.0204026309152444,0.402668770154317,0.0131095255414645,0.0420396534105142,0.0106597170233727,0.143232999245326,0.988738242785136,-78.0109889674937,-68.2572084810946,-44.0166811280004,-91.2826336291013,-72.3608672380818,-46.3538253398234,-118.528061962327,-122.731610388441,-73.6490542822213
10-Nov-2024 01:00:13,10,59,0.0243224315345287,0.402795509497325,0.0115668023005128,0.00324299197333554,-0.00112440235291918,0.121612981458505,0.992571691672007,-84.5485356329374,-69.3657909106673,-42.6428423959529,-89.4207803539149,-72.6488820792684,-47.3520542603165,-116.615688320174,-125.829475482729,-74.0222633529854
10-Nov-2024 01:00:26,10,60,0.0200798799594243,0.404763442277908,0.0179164140174786,-0.0206248330573241,-0.00385794875522455,0.108632945517699,0.993860479195913,-91.7990588739774,-74.0628345255336,-45.1482218604017,-86.9574898160499,-72.4081837921118,-47.3885627737538,-114.004127680254,-128.105358512825,-75.3170625250493
10-Nov-2024 01:01:15,10,61,0.0242302272468805,0.403324206670125,0.0158996632943551,-0.0432478877405326,-0.0113949886212746,0.0843313718835513,0.995433596769969,-94.1930938272193,-74.8656475477532,-45.1889922266024,-85.3949179095243,-71.6068420691267,-50.3809314907191,-111.667160539217,-130.567232575017,-76.5260666464632
10-Nov-2024 01:01:29,10,62,0.019474242751797,0.405252244075139,0.0224216256290674,-0.0662390977144241,-0.0138748342171311,0.0715913464625677,0.995135446389516,-101.443617068259,-79.5626911626195,-47.6943716910512,-82.9316273716594,-71.36614378197,-50.4174400041564,-109.055599899296,-132.843115605113,-77.8208658185271
10-Nov-2024 01:02:19,10,63,0.0202019993215799,0.404109303156535,0.0229765750467777,-0.0907324979702632,-0.0183716130753358,0.0871501122911771,0.991884569327037,-101.606514754333,-84.7621414214812,-50.2343644519608,-77.4188594517055,-72.3259673884679,-50.4644573005676,-112.940056033491,-130.918401708606,-76.8181281193656
10-Nov-2024 01:02:33,10,64,0.0172047235071659,0.405486539999644,0.0306789226830006,-0.115223606924216,-0.0184820042302211,0.103794993460178,0.987728989124298,-104.647656584306,-91.0087069766662,-53.3316617619946,-71.9807322160819,-72.0661127128798,-50.3085444952148,-117.137215418243,-128.75069229605,-75.7082879455291
10-Nov-2024 01:03:25,10,65,0.0122439426680406,0.406020128726959,0.0318314159909884,-0.144277040163676,-0.0205195307731628,0.109633252024651,0.983231250445048,-109.474676342329,-98.0067148836896,-58.4003067974663,-69.2802846382932,-71.8160971783347,-51.004096740744,-119.753023177717,-127.004480641519,-74.7269990090301
10-Nov-2024 01:03:39,10,66,0.00946659228454034,0.407822664578756,0.0398008495569229,-0.163232466578484,-0.0155071560914318,0.124740367134412,0.978547135988871,-112.515818172301,-104.253280438875,-61.4976041075,-63.8421574026696,-71.5562425027467,-50.8481839353912,-123.950182562469,-124.836771228963,-73.6171588351935
10-Nov-2024 01:04:29,10,67,0.00656575203562776,0.409424899021784,0.0304892241954803,-0.158102316657702,-0.0196331907063723,0.122359768052896,0.979615398248037,-114.424898966299,-98.5755671699791,-54.9305752802528,-70.2728699959634,-73.5513073976802,-55.0930036554795,-126.081666134582,-122.20481069542,-73.8465942800258
10-Nov-2024 01:04:42,10,68,0.00552341748649875,0.410602847735087,0.0350341456631819,-0.176492760578791,-0.0182155082623164,0.136754142244657,0.974585441748301,-117.466040796272,-104.822132725164,-58.0278725902865,-64.8347427603399,-73.2914527220921,-54.9370908501267,-130.278825519335,-120.037101282864,-72.7367541061892
10-Nov-2024 01:05:06,10,69,-0.00289689782075584,0.409043194850286,0.0389689644177755,-0.187744067112605,-0.00471222074702382,0.155431624253591,0.969830238819122,-115.066152108257,-105.106558868309,-56.2930068316798,-45.8310354391752,-47.3090578317641,-33.1315443074942,-131.643146997768,-106.612266309815,-62.0965517416872
10-Nov-2024 01:05:19,10,70,-0.00596331249301632,0.411306375265121,0.0442535206675529,-0.187118252118429,0.00462409447257717,0.164900429050128,0.968386936187744,-118.10729393823,-111.353124423494,-59.3903041417136,-40.3929082035516,-47.049203156176,-32.9756315021413,-135.84030638252,-104.444556897259,-60.9867115678506
10-Nov-2024 01:06:15,10,71,-0.0116050032898784,0.410312948624293,0.032722760985295,-0.176442631085714,0.0021769381283472,0.147872307896614,0.973137772083282,-117.747509312123,-105.998277128397,-55.5479693625981,-67.4125845615407,-70.432380152047,-56.3836737348649,-132.571129587565,-101.671240189568,-60.3722890585385
10-Nov-2024 01:06:28,10,72,-0.0161680114765962,0.410973503192266,0.0296957542498906,-0.178194333116213,0.00305414974379043,0.135015651583672,0.974683638413747,-121.30823994501,-103.024499539321,-54.1217161178029,-69.5650509623003,-72.7768272552875,-57.6165328362281,-128.468371745771,-94.8514862621231,-57.0230476445591
10-Nov-2024 01:06:51,10,73,-0.0226071580002705,0.403967422246933,0.0417932371298472,-0.23309998412927,0.0145986481259267,0.130919303496679,0.963489119211833,-122.3837129484,-98.1851870972346,-51.4874221058475,-53.0261223416745,-50.4656393048428,-38.6619835032713,-121.707404427396,-80.9799509445551,-46.7162156829134
10-Nov-2024 01:07:05,10,74,-0.0279206268489361,0.403892737627029,0.0384997931619485,-0.244819854696592,0.0155292614673575,0.114180472493172,0.962696655591329,-125.944443581288,-95.2114095081582,-50.0611688610523,-55.1785887424341,-52.8100864080833,-39.8948426046345,-117.604646585601,-74.1601970171104,-43.366974268934
10-Nov-2024 01:07:54,10,75,-0.0298077551027139,0.405038946866989,0.0365313636759917,-0.257931007941564,0.0172100245952606,0.0839815775553385,0.962352601687113,-132.312545399426,-103.679864492577,-60.1058952326769,-57.7353576325009,-69.9017159844813,-46.2589974888375,-117.722784005516,-70.4145523946041,-44.8639375811215
10-Nov-2024 01:08:08,10,76,-0.0373349120219549,0.406419696410497,0.0347877348462741,-0.258829865852992,0.0230364636828502,0.0730732783675194,0.962879304091136,-135.873276032313,-100.7060869035,-58.6796419878817,-59.8878240332605,-72.2461630877218,-47.4918565902007,-113.620026163722,-63.5947984671594,-41.5146961671421
10-Nov-2024 01:08:55,10,77,-0.0337052186330159,0.405554382006327,0.0337063459058603,-0.268040291468302,0.0190889821698268,0.033466940621535,0.962637015183767,-139.862692257826,-102.028425601171,-58.9388785512964,-60.3674416786737,-72.439201427541,-46.4153635829839,-111.402715952782,-66.7120991921838,-43.7385571162461
10-Nov-2024 01:09:08,10,78,-0.041307337830464,0.406988513469696,0.0314007905622323,-0.268587607145309,0.025230710580945,0.0205952404687802,0.962704471747081,-143.423422890713,-99.054648012095,-57.5126253065012,-62.5199080794333,-74.7836485307815,-47.6482226843471,-107.299958110987,-59.8923452647392,-40.3893157022667
10-Nov-2024 01:09:57,10,79,-0.0341816159586112,0.405752358833949,0.0298264462500811,-0.284276481469472,0.0194027586529652,-0.0260392770171165,0.958192253112793,-148.173496319913,-97.0289285663923,-56.8541169658109,-62.9359501025197,-73.2023912523112,-46.2264057314203,-103.91492408462,-66.2911186635291,-43.126625469829
10-Nov-2024 01:10:10,10,80,-0.0420211801926295,0.407176822423935,0.0279316586752733,-0.287807770570119,0.0257312703877687,-0.0393836478392283,0.95653201341629,-151.7342269528,-94.0551509773159,-55.4278637210157,-65.0884165032793,-75.5468383555517,-47.4592648327835,-99.8121662428249,-59.4713647360845,-39.7773840558496
10-Nov-2024 01:10:56,10,81,-0.0359447568655014,0.403254693746567,0.0270780812948942,-0.285434061288834,0.0186150272687276,-0.0623216735819976,0.956188746293386,-149.36574443288,-92.5354141763054,-53.1549711958711,-65.1334773574083,-73.3623279093356,-45.7487156371099,-94.8402818630075,-62.156807990719,-42.3113674015307
10-Nov-2024 01:11:10,10,82,-0.0413659863173962,0.403725099563599,0.0213083890577157,-0.267735129594803,0.0222409646958113,-0.07702942887942,0.96015088558197,-145.352590514803,-89.6416483036079,-51.5482062186741,-67.696750400374,-78.165669653975,-47.9905044685813,-88.8345355754764,-60.5579875822361,-41.3520751564409
10-Nov-2024 01:11:56,10,83,-0.0385905859371026,0.399965184926987,0.0184884714583556,-0.242961635192235,0.0184198312461376,-0.0975956077377001,0.964938068389893,-143.211772295804,-83.6098969667539,-51.6333774675033,-71.6259173489213,-79.0250853031866,-47.7311242864802,-85.895720241802,-60.051299005312,-40.9394207067366
10-Nov-2024 01:12:09,10,84,-0.042760419100523,0.399818746248881,0.0129484866435329,-0.229042973121007,0.0218533272544543,-0.111091374357541,0.96680938800176,-139.198618377727,-80.7161310940565,-50.0266124903063,-74.1891903918869,-83.828427047826,-49.9729131179516,-79.8899739542709,-58.4524785968291,-39.9801284616468
10-Nov-2024 01:12:57,10,85,-0.0405701870719592,0.396748528877894,0.00805613274375598,-0.19478754401207,0.0164109105865161,-0.135425686836243,0.971312745412191,-135.221632309189,-74.3783724892808,-49.4158156261224,-78.4104103876433,-87.9348057447515,-51.8641174426367,-75.1176931436682,-61.2247241041257,-38.3941551142498
10-Nov-2024 01:13:10,10,86,-0.0442583965758483,0.396637334426244,0.000627153888732816,-0.176752614974976,0.0202781903247039,-0.146300854285558,0.973110095659892,-131.208478391112,-71.4846066165834,-47.8090506489254,-80.9736834306089,-92.7381474893909,-54.1059062741081,-69.1119468561371,-59.6259036956428,-37.43486286916
10-Nov-2024 01:13:56,10,87,-0.0440987378358841,0.392601339022319,-0.00195808173157275,-0.138629559675852,0.0186088306208452,-0.174320039153099,0.974704114596049,-126.838408397805,-68.5188443778468,-47.000269728235,-84.29092994997,-95.9180077101733,-54.7474028521864,-61.8479333070702,-58.1126162450497,-37.7372300729166
10-Nov-2024 01:14:10,10,88,-0.0482097449402014,0.392823638518651,-0.00984442010521889,-0.119729568560918,0.0243580711384614,-0.185835585991542,0.974954708417257,-122.825254479728,-65.6250785051494,-45.3935047510379,-86.8542029929356,-100.721349454813,-56.9891916836577,-55.842187019539,-56.5137958365667,-36.7779378278268
10-Nov-2024 01:14:58,10,89,-0.0490457624197006,0.390431185563405,-0.00646812499811252,-0.101604566474756,0.0219219670941432,-0.163421570261319,0.981065424283346,-118.354891127497,-74.5877410777619,-45.9303594196499,-85.570807585281,-102.595152889712,-59.6203499179177,-58.4183758430453,-54.0418849409374,-37.7149611275055
10-Nov-2024 01:15:12,10,90,-0.0521788207193216,0.390336388349533,-0.00465249869351586,-0.0930698176225026,0.019876603782177,-0.160146322846413,0.982494854927063,-111.66298581288,-80.5864018333939,-48.7682220600085,-85.6354254394288,-104.08069708654,-60.2016542788743,-58.6236982973194,-52.4272075663632,-36.7461547027609
10-Nov-2024 01:16:02,10,91,-0.0523123400906722,0.388547917207082,-0.00103666519280523,-0.0665420313676198,0.0118016364673773,-0.145910544196765,0.986986843744914,-109.831851479457,-85.7420634975163,-54.1305807144937,-86.3760366626754,-102.910370902404,-61.5828855764826,-58.5894539362096,-54.5089134312615,-37.480263140228
10-Nov-2024 01:16:16,10,92,-0.0566956882675489,0.388684368133545,0.00221614975792666,-0.0550657567878564,0.00903344284743071,-0.139600494503975,0.988634367783864,-103.13994616484,-91.7407242531483,-56.9684433548523,-86.4406545168231,-104.395915099232,-62.1641899374391,-58.7947763904837,-52.8942360566873,-36.5114567154835
10-Nov-2024 01:17:08,10,93,-0.0567450518409411,0.386760534842809,0.00395797430537641,-0.0242585356036822,0.00100157366056616,-0.118430482844512,0.992665513356527,-99.4034263408202,-97.8428854630255,-61.3685540022743,-87.1432690555203,-105.753524105578,-62.7704577667216,-60.2303154370659,-52.8277503018494,-38.1191077218449
10-Nov-2024 01:17:22,10,94,-0.061848679681619,0.386889541149139,0.00699634620298942,-0.0104611994698644,-0.00294812472226719,-0.111961843570073,0.993653094768524,-92.711521026204,-103.841546218658,-64.2064166426329,-87.207886909668,-107.239068302406,-63.3517621276781,-60.43563789134,-51.2130729272752,-37.1503012971003
10-Nov-2024 01:18:14,10,95,-0.0590170328815778,0.384453020493189,0.012785273231566,-0.00158813853437702,-0.00937942415475845,-0.0985589837034543,0.99508577187856,-90.8444933223666,-108.834238045159,-63.5707613066754,-86.1309093174721,-99.6455507401065,-59.5372187391332,-60.1072154965999,-50.0896673453556,-37.2400291775807
10-Nov-2024 01:18:28,10,96,-0.0595078813532988,0.385098352034887,0.014417431379358,0.0056094526934127,-0.0124351556723317,-0.10255222072204,0.994634091854095,-87.9497728732312,-109.350179644539,-63.5039819671862,-87.8849333830015,-91.2910007730483,-55.0351936164253,-58.5636848057059,-46.8421659535677,-35.2915283425079
10-Nov-2024 01:19:22,10,97,-0.0552860545615355,0.382145901521047,0.0229176217069228,0.0242316868156195,-0.0250292843828599,-0.108892884353797,0.993442869186401,-86.4688987967447,-110.904496357479,-63.3777646294629,-88.4484566196683,-83.4669670083696,-49.6769093607989,-56.0527082628888,-48.2567124667141,-36.0871418652118
10-Nov-2024 01:19:35,10,98,-0.054750927289327,0.38267235159874,0.0272530200580756,0.028689131885767,-0.0293036392579476,-0.111328855156898,0.992937115828196,-83.5741783476093,-111.420437956858,-63.3109852899737,-90.2024806851976,-75.1124170413114,-45.174884238091,-54.5091775719947,-45.0092110749262,-34.1386410301391
10-Nov-2024 01:20:29,10,99,-0.0584490361313025,0.383482486009598,0.026513663555185,0.0430233543117841,-0.0384599914153417,-0.123116092880567,0.990713016192118,-86.1185129199462,-114.903755519496,-67.5770718909573,-93.1575047422,-81.1974762087262,-47.2828958019165,-53.4593549653123,-47.3526409991161,-34.918141792061
10-Nov-2024 01:20:43,10,100,-0.063542440533638,0.386179021994273,0.0218635061134895,0.0536595505972703,-0.0397125490009785,-0.136732885241508,0.988356073697408,-88.2559243059587,-116.442885525353,-68.497877491058,-98.7327792136335,-87.1672772749512,-50.4190369322013,-51.7682552845914,-48.8650469708388,-35.8255853750946
10-Nov-2024 01:22:00,11,1,-0.0195588385065397,0.31294871767362,0.00731615933279196,-0.0112662948047121,-0.00442703353861968,0.00117343648647269,0.999926082293193,-13.95,-13.875,-5.70000000000001,-11.55,-14.025,-6.90000000000001,-10.5,-9.375,-10.575
10-Nov-2024 01:22:14,11,2,-0.0224736383805672,0.315639766057332,0.0114456135158738,-0.0164999862511953,-0.00346222903269033,-0.0160529367625713,0.999729025363922,-19.4540963001938,-20.8793504120363,-9.01107020426334,-14.3481183439097,-12.1139721409481,-5.7533832845689,-11.0615961720896,-11.7800543414174,-11.5864203116359
10-Nov-2024 01:22:59,11,3,-0.0215924542397261,0.322527692715327,0.0129927784825365,-0.0314353801310062,-0.00283223907463253,-0.0218007462720076,0.999264021714528,-28.4831926003876,-26.0462008240726,-17.7971404085266,-19.8462366878195,-21.5654442818961,-10.9067665691377,-15.5981923441792,-18.5726086828348,-16.9103406232717
10-Nov-2024 01:23:12,11,4,-0.0258602442840735,0.325796963771184,0.0180652227252722,-0.0368696505824725,-0.00327233782348533,-0.0382162240644296,0.998583730061849,-33.9872889005814,-33.050551236109,-21.10821061279,-22.6443550317292,-19.6544164228443,-9.76014985370664,-16.1597885162688,-20.9776630242522,-17.9217609349076
10-Nov-2024 01:24:03,11,5,-0.0271693728864193,0.332515551646551,0.0218282752980789,-0.0488193832337856,-0.00493083155403535,-0.0626121158401171,0.996831047534943,-44.0288852007752,-44.3111516481453,-30.5317808170532,-29.1924733756389,-24.5496385637923,-16.4135331382754,-18.3338846883584,-27.0764673656696,-21.7644312465434
10-Nov-2024 01:24:17,11,6,-0.0310499465713898,0.335980079571406,0.0268258528163036,-0.0575708212951819,-0.00675340968494614,-0.0793776993950208,0.995157901446025,-49.532981500969,-51.3155020601817,-33.8428510213165,-31.9905917195487,-22.6386107047405,-15.2669164228443,-18.895480860448,-29.481521707087,-22.7758515581792
10-Nov-2024 01:25:08,11,7,-0.03088440472881,0.340453859170278,0.026343822106719,-0.0734094818433126,-0.00462279664352536,-0.0797378912568092,0.994098389148712,-56.4058278011628,-55.722977472218,-40.1351712255798,-34.3387100634584,-30.880707845689,-20.4952997074131,-22.6633270325375,-32.0084510485044,-24.8278968698151
10-Nov-2024 01:25:22,11,8,-0.0357127845287323,0.343857496976852,0.0343628997604052,-0.0804728512962659,-0.00768985745186607,-0.094855568309625,0.992203323046366,-61.9099241013566,-62.7273278842544,-43.4462414298431,-37.1368284073682,-28.9696799866372,-19.348682991982,-23.2249232046271,-34.4135053899218,-25.839317181451
10-Nov-2024 01:26:14,11,9,-0.0375606062511603,0.347750979661942,0.0327495480577151,-0.0835958654681841,-0.008463146413366,-0.105262079834938,0.990888512134552,-67.5733954015505,-69.7082407962907,-46.5229366341065,-41.2849467512779,-35.9602146275859,-24.0145662765509,-25.0146443767167,-33.6544972313393,-26.8460499930868
10-Nov-2024 01:26:27,11,10,-0.0434828283886115,0.352388526995977,0.0320509200294813,-0.0698995555440585,-0.00940800867974758,-0.122457049787045,0.989964584509532,-71.3490532273033,-73.3773104790442,-48.66740733688,-48.4988250252319,-39.0595732415539,-25.8741814449317,-26.5827497658912,-33.059193618133,-26.8583340478805
10-Nov-2024 01:27:16,11,11,-0.0444731409351031,0.35528133114179,0.0333408204217752,-0.0665613959232966,-0.0137670712545514,-0.132160164912542,0.98889524936676,-74.7543985530561,-78.1596614117976,-51.0696905396535,-52.6377032991858,-41.7347131055222,-26.9650466133125,-27.3399176550657,-32.3818587549267,-26.0432743526742
10-Nov-2024 01:27:30,11,12,-0.0502705909311771,0.359763977924983,0.0320856126646201,-0.0528140736122926,-0.0154875422517459,-0.144227355718613,0.988012810548147,-78.530056378809,-81.8287310945511,-53.214161242427,-59.8515815731398,-44.8340717194902,-28.8246617816933,-28.9080230442402,-31.7865551417205,-26.0555584074678
10-Nov-2024 01:28:22,11,13,-0.0474117003381252,0.363496949275335,0.0330019108951092,-0.0519386403262615,-0.0147296649093429,-0.133083086212476,0.989633452892303,-81.2955579545618,-88.3044414023045,-53.9125381952006,-62.9029598470938,-45.9213209584583,-32.4749019500741,-34.7956596834147,-36.4752359035141,-26.5541705872615
10-Nov-2024 01:28:36,11,14,-0.0532002565761407,0.368098662296931,0.0326579647759596,-0.0381608737011751,-0.0172285200407108,-0.149622417489688,0.987856296698252,-85.0712157803147,-91.9735110850579,-56.0570088979741,-70.1168381210477,-49.0206795724263,-34.3345171184549,-36.3637650725892,-35.8799322903079,-26.5664546420551
10-Nov-2024 01:29:29,11,15,-0.0483299399415652,0.372281340758006,0.0340026949842771,-0.0392171941697598,-0.0199627475192149,-0.157120199004809,0.986598594983419,-90.2917954810675,-96.3709010803114,-58.4534327257476,-74.9494663950017,-50.3639834988943,-36.1894447868358,-39.3416360867637,-42.8016208646015,-29.0719027593488
10-Nov-2024 01:29:43,11,16,-0.041959369679292,0.373329800367355,0.0340493035813173,-0.0404647265871366,-0.0176448951164881,-0.139768426616987,0.989199721813202,-87.9998556622561,-92.3758620090874,-56.3479440875172,-72.4219613392246,-49.2842924727104,-35.5416301711255,-43.6186758441334,-49.4400727637871,-32.2831596063232
10-Nov-2024 01:30:34,11,17,-0.0354247858126958,0.37016393939654,0.0282897387941678,-0.0258650091787179,-0.0144330243890484,-0.116573144495487,0.992740376790365,-83.3553767809447,-90.3949830941133,-52.1934320117868,-72.6038312834474,-48.0015741027766,-36.0914718054153,-45.3755984140031,-53.0870207567228,-34.4159984845476
10-Nov-2024 01:30:47,11,18,-0.0283979951093594,0.37153249780337,0.0286698078115781,-0.0271589220811923,-0.0128766437992454,-0.0979908953110377,0.994733337561289,-81.0634369621332,-86.3999440228893,-50.0879433735565,-70.0763262276703,-46.9218830765927,-35.443657189705,-49.6526381713728,-59.7254726559083,-37.627255331522
10-Nov-2024 01:31:39,11,19,-0.0214886974543333,0.368732708692551,0.0239113220324119,-0.0240255794177453,-0.0111009209106366,-0.0840259353319804,0.996112064520518,-78.7202276120717,-82.2869850297903,-48.6829430165761,-68.8285086718931,-47.165678378534,-35.5446706989947,-50.8696193349926,-65.243172601969,-41.8743031941215
10-Nov-2024 01:31:53,11,20,-0.0143066958834728,0.370290023088455,0.0245904841770728,-0.0258544445037842,-0.00957240350544453,-0.0673950091004372,0.997345407803853,-76.4282877932603,-78.2919459585663,-46.5774543783457,-66.301003616116,-46.0859873523501,-34.8968560832844,-55.1466590923623,-71.8816245011545,-45.0855600410959
10-Nov-2024 01:32:44,11,21,-0.00915271422515313,0.369422841072083,0.0199076623966297,-0.0279490480820338,-0.00302335348290702,-0.0233678817749023,0.999331645170848,-73.7357132088238,-75.2129469264048,-41.8972098807403,-64.1133423103388,-46.4180394902289,-35.8984555300742,-62.018669552857,-76.3097004237777,-47.7647123958828
10-Nov-2024 01:32:57,11,22,-0.00118072500918061,0.371454687913259,0.0201795851190885,-0.0290643921742837,-0.003881878623118,-0.00430051904792587,0.999560781319936,-71.4437733900124,-71.2179078551808,-39.7917212425099,-61.5858372545617,-45.3383484640451,-35.2506409143639,-66.2957093102267,-82.9481523229633,-50.9759692428572
10-Nov-2024 01:33:47,11,23,0.00675536449998617,0.369032365083694,0.0163832412411769,-0.0215201600144307,0.000965454037456463,0.038204309095939,0.999037750562032,-66.4765161883885,-62.5808888034881,-39.173854674592,-59.9032540737845,-46.3145290198926,-34.5275333299037,-70.6702344191589,-87.1314162338676,-55.1211738437379
10-Nov-2024 01:34:01,11,24,0.00709303834786018,0.368318384885788,0.0192612649252017,-0.0559409476816654,-0.0057395310451587,0.0436823184291522,0.997461537520091,-69.255693884229,-59.9243851333002,-37.7261744972754,-49.999350586856,-45.1202455976652,-33.8109632765673,-70.1548401426803,-87.4792694978265,-55.1756721334945
10-Nov-2024 01:34:49,11,25,0.01298903580755,0.364019894599915,0.0195242021232843,-0.0988576183716456,-0.0186329876383146,0.0473924179871877,0.993797771135966,-68.8222128886634,-56.0718914728779,-36.3473053551149,-39.4679080374276,-44.9538979664536,-30.3567467388558,-66.9131885419829,-90.5745287676447,-54.9471443002044
10-Nov-2024 01:35:03,11,26,0.014478436174492,0.363056969642639,0.023296986023585,-0.133090651035309,-0.0255190721402566,0.0542604463795821,0.989288393656413,-71.601390584504,-53.41538780269,-34.8996251777982,-29.5640045504991,-43.7596145442263,-29.6401766855194,-66.3977942655042,-90.9223820316035,-55.001642589961
10-Nov-2024 01:35:57,11,27,0.0146624750768145,0.363068582614263,0.0197368343671163,-0.137827907999357,-0.0305841902891795,0.0437788166105747,0.989015428225199,-73.5242389346415,-53.0108891373849,-35.0613505180596,-32.3213315323205,-44.8042990175069,-31.0797833899955,-66.0192713269162,-91.1439382984921,-54.5396278181943
10-Nov-2024 01:36:11,11,28,0.0148960284267863,0.363152927160263,0.0220562597115835,-0.154084499677022,-0.0338927375773589,0.0431128278374672,0.98653461933136,-76.3034166304821,-50.354385467197,-33.6136703407429,-22.4174280453921,-43.6100155952795,-30.3632133366591,-65.5038770504376,-91.4917915624509,-54.594126107951
10-Nov-2024 01:37:11,11,29,0.013415975185732,0.363979693253835,0.0202392483750979,-0.154205699761709,-0.0346918861071269,0.0207367027799288,0.98721178372701,-78.9544296534711,-50.3988842994504,-35.8206929222153,-32.9441397928391,-44.2102161208062,-30.349731662229,-63.5569184429042,-91.4014963278746,-54.690367866946
10-Nov-2024 01:37:24,11,30,0.00925882291048765,0.366931843757629,0.0246770184487104,-0.169147803386052,-0.0338848700126012,0.0215248392273982,0.984772825241089,-84.2287355444036,-53.7783414456888,-37.6330169072832,-34.1578791413737,-45.4361702402933,-31.0853041339213,-67.1037388147317,-84.7583705321428,-51.4914003810288
10-Nov-2024 01:38:19,11,31,-0.000102458258334082,0.368549692630768,0.0222925533850988,-0.195808788140615,-0.0294394223640362,0.0201478963096937,0.979993033409119,-91.5389590989102,-54.3832998431479,-36.6226922717456,-33.736926107096,-46.7343663336575,-29.5474207950666,-70.9097770210317,-79.1711704871435,-48.0133046297308
10-Nov-2024 01:38:33,11,32,-0.0039860667505612,0.371263563632965,0.0270653113722801,-0.208594344059626,-0.0266144501666228,0.0232015823324521,0.977364695072174,-96.8132649898427,-57.7627569893863,-38.4350162568136,-34.9506654556306,-47.9603204531446,-30.2829932667589,-74.4565973928591,-72.5280446914117,-44.8143371438136
10-Nov-2024 01:39:29,11,33,-0.0151664547001322,0.373255950212479,0.0254160630206267,-0.224092575907707,-0.0118963537116845,0.026589638988177,0.974132438500722,-101.830529712562,-62.3799647612351,-40.0360159315787,-36.172058612759,-48.7723955595703,-32.8068378331778,-77.9080266819228,-64.6878817710462,-42.150805525206
10-Nov-2024 01:39:43,11,34,-0.0192605815827847,0.37664599219958,0.0288977645337582,-0.237579582134883,-0.00727034710968534,0.0301848780363798,0.970871770381928,-107.104835603495,-65.7594219074735,-41.8483399166467,-37.3857979612936,-49.9983496790574,-33.54241030487,-81.4548470537503,-58.0447559753144,-38.9518380392888
10-Nov-2024 01:40:38,11,35,-0.0273106558869282,0.378966671228409,0.0277492236346006,-0.252927168210347,0.0110881211857001,0.0319900574783484,0.966892751057943,-112.400620910321,-70.957754366517,-43.7050017465632,-37.7033642141251,-52.3673642920138,-34.9471188239256,-84.1289718841958,-50.8031116172658,-33.2455884870265
10-Nov-2024 01:40:52,11,36,-0.0328594652314981,0.38251521786054,0.031829795986414,-0.26299098332723,0.0182022128254175,0.0379820657273134,0.963878524303436,-117.674926801253,-74.3372115127554,-45.5173257316311,-38.9171035626596,-53.593318411501,-35.6826912956179,-87.6757922560232,-44.159985821534,-30.0466210011093
10-Nov-2024 01:41:50,11,37,-0.0259297301371892,0.382624942064285,0.0289060359199842,-0.244987796743711,0.0121357613553603,0.0577489490310351,0.967728694279989,-113.311641190095,-77.8280690072178,-47.1518954662765,-39.7905101617018,-54.3067575901478,-35.6224046784469,-90.9159901446435,-53.7278219559511,-34.0107185689157
10-Nov-2024 01:42:04,11,38,-0.023323056101799,0.384559700886409,0.0294176445653041,-0.223930990695953,0.010418700799346,0.0714114810029666,0.97192941904068,-107.88761587099,-80.2594888452776,-48.2392962784977,-43.2120033085955,-53.0236665220599,-34.8525500375941,-95.0425358039546,-58.2699173715267,-36.1534571698947
10-Nov-2024 01:43:02,11,39,-0.0219326924532652,0.383791452646255,0.0295439522713423,-0.196294752756755,0.012915067623059,0.111777853965759,0.974067437648773,-103.068960405858,-85.6956275115387,-49.375281551931,-43.2594531815634,-54.8388405773395,-38.1874794085824,-100.90090757792,-57.2248831465232,-39.8818752542874
10-Nov-2024 01:43:16,11,40,-0.0182700910915931,0.385983026027679,0.0307510700076818,-0.181271315614382,0.0122087196136514,0.125940557320913,0.975259272257487,-97.6449350867525,-88.1270473495986,-50.4626823641521,-46.6809463284571,-53.5557495092515,-37.4176247677296,-105.027453237231,-61.7669785620987,-42.0246138552664
10-Nov-2024 01:44:13,11,41,-0.0169345465799173,0.38360430598259,0.0308966851482789,-0.159984456499418,0.0186625474443038,0.158301811416944,0.974164899190267,-93.348594694634,-89.8858266017591,-51.6493754069793,-43.7654178383877,-55.6217910028475,-38.9251621327975,-106.71991195387,-65.3905091573848,-42.4101921979523
10-Nov-2024 01:44:26,11,42,-0.0128924659763773,0.38565089503924,0.0320482542117437,-0.141325226426125,0.0192610571781794,0.173850316802661,0.974388190110524,-87.9245693755288,-92.3172464398189,-52.7367762192004,-47.1869109852815,-54.3386999347596,-38.1553074919447,-110.846457613181,-69.9326045729604,-44.5529307989313
10-Nov-2024 01:44:58,11,43,-0.0029651034468164,0.381262656052907,0.0316945989926656,-0.101540980239709,0.0241191749771436,0.21304958264033,0.971451298395793,-74.214386519917,-83.7623459849292,-44.0488231467247,-43.4648933136937,-21.0551751475124,-15.7991488540519,-111.805959801156,-76.6404175783911,-42.7420892707638
10-Nov-2024 01:45:11,11,44,0.00250300265227755,0.38282578587532,0.029678347085913,-0.0744881704449654,0.0268401258935531,0.235693511366844,0.968596784273783,-68.7903612008118,-86.193765822989,-45.1362239589458,-46.8863864605874,-19.7720840794245,-15.0292942131991,-115.932505460467,-81.1825129939668,-44.8848278717428
10-Nov-2024 01:46:14,11,45,0.00392168421919147,0.383383228381475,0.0309615063170592,-0.0557954298953215,0.0370186870296796,0.245852780342102,0.966991678873698,-66.0482571134533,-92.732025514574,-51.4609478288184,-48.1611241982404,-51.9137761517581,-40.5912875738268,-117.42552938411,-88.0824672044699,-50.0007764081485
10-Nov-2024 01:46:28,11,46,0.0084047049904863,0.384991111358007,0.0313806297878424,-0.0280078972379367,0.0457888195912043,0.26095833381017,0.963856709003448,-60.6242317943481,-95.1634453526339,-52.5483486410396,-51.5826173451342,-50.6306850836702,-39.8214329329741,-121.552075043421,-92.6245626200455,-52.1435150091275
10-Nov-2024 01:47:23,11,47,0.00650008767843246,0.388842717806498,0.0314883666733901,-0.0407859447101752,0.0421895389755567,0.249626812338829,0.9665625055631,-67.8921967469949,-98.4851544468769,-56.4108912860922,-54.6125390279015,-55.5154419787474,-43.2207761286343,-124.267014464925,-97.1049776501235,-55.8530993256345
10-Nov-2024 01:47:36,11,48,0.00568607685466607,0.39346053202947,0.0312519227464994,-0.026385793214043,0.0428310610353947,0.241319826245308,0.969140875339508,-72.2442010837684,-101.928443614357,-58.4047724023191,-61.7908384152892,-58.2378073036137,-44.8541953235541,-127.323714754264,-100.856463282738,-58.0010786744283
10-Nov-2024 01:48:33,11,49,0.0040679883522292,0.398035464684169,0.0306764559199413,-0.027205931643645,0.0398365514973799,0.223868160446485,0.973424887657166,-77.8291857284786,-105.610942745219,-62.1579842829588,-68.0199489503668,-63.3163684135855,-46.8455765188441,-129.834534609685,-104.672413614084,-60.4798605070786
10-Nov-2024 01:48:46,11,50,0.00232482460948328,0.40225337545077,0.0317301015059153,-0.0175063201536735,0.0420708951850732,0.216310816009839,0.975260599454244,-82.1811900652521,-109.0542319127,-64.1518653991857,-75.1982483377545,-66.0387337384519,-48.4789957137639,-132.891234899023,-108.423899246698,-62.6278398558724
10-Nov-2024 01:49:43,11,51,0.00486356805389126,0.406329401334127,0.0325315577288469,-0.0250037426749865,0.0388832117120425,0.200974108775457,0.978505150477092,-89.9428356184934,-112.498931671982,-67.2019757572771,-78.9953332931113,-68.8458075018957,-48.7053622364837,-135.022633225562,-113.069925957778,-67.1455358657468
10-Nov-2024 01:49:56,11,52,0.00523776700720191,0.409915065765381,0.0332138399283091,-0.0255018882453442,0.0392203549544017,0.201480051875114,0.978374791145325,-94.4629910177664,-115.749026449574,-69.147420733162,-83.0420126746232,-72.0497833727869,-50.6277477590184,-138.62697176906,-118.433720319492,-70.1478306336928
10-Nov-2024 01:50:51,11,53,0.00717341440419356,0.414121037721634,0.0336605504155159,-0.042374030003945,0.0323529769976934,0.194991404811541,0.979354949792226,-100.753891494024,-119.021423718011,-72.5451984001502,-84.6388948430575,-73.1803081899544,-52.4521237816456,-142.469840204078,-121.038630855888,-75.257826022603
10-Nov-2024 01:51:04,11,54,0.0069416013546288,0.418091350793839,0.0352890320122242,-0.0432004816830158,0.0335763682921727,0.193068787455559,0.979658540089925,-105.274046893297,-122.271518495602,-74.4906433760351,-88.6855742245694,-76.3842840608456,-54.3745093041804,-146.074178747575,-126.402425217602,-78.2601207905491
10-Nov-2024 01:51:59,11,55,0.0102618915339311,0.421882218122482,0.0354495828350385,-0.0494993381202221,0.0278806707511346,0.187788277864456,0.98056519428889,-109.479574831062,-124.782764518617,-76.7872546974717,-93.6823549995426,-78.026534404875,-54.7478900767613,-148.372782236833,-129.861777666658,-83.7412658689772
10-Nov-2024 01:52:12,11,56,0.0105770512173573,0.421505969762802,0.0347901438673337,-0.0561745367944241,0.0266579362253348,0.194402758280436,0.978949129581451,-105.979746067125,-118.358954455532,-73.6940898565717,-88.2945261170012,-79.213936311297,-55.4603312206145,-146.868099898583,-132.119427726576,-84.9888310895784
10-Nov-2024 01:53:05,11,57,0.0250166390091181,0.416789666811625,0.0300486070414384,-0.0586368975540002,0.0146173020203908,0.219120273987452,0.973824604352315,-100.147603572435,-115.090720015159,-66.8765081884476,-81.7317479311906,-74.6704754542879,-52.6232699894907,-146.885550033214,-136.874856830165,-84.4758214654208
10-Nov-2024 01:53:18,11,58,0.0253715547422568,0.415943076213201,0.0299765163411697,-0.0731814712285996,0.0115530804420511,0.227947710951169,0.970850586891174,-96.6477748084979,-108.666909952075,-63.7833433475476,-76.3439190486493,-75.8578773607099,-53.3357111333439,-145.380867694964,-139.132506890083,-85.723386686022
10-Nov-2024 01:54:11,11,59,0.0361704863607883,0.412769039471944,0.0264336758603652,-0.0536579425136248,0.00845581715305646,0.235712671279907,0.970303491751353,-89.2817891791844,-104.345887700346,-60.5529700930356,-74.8686155144732,-71.4048478854162,-49.5734010897084,-143.962251593154,-143.314046471836,-86.2406644842438
10-Nov-2024 01:54:24,11,60,0.0367284285525481,0.411841583251953,0.0261369039614995,-0.0584160228570302,0.00683344528079033,0.245572604735692,0.967592362562815,-85.7819604152478,-97.922077637262,-57.4598052521356,-69.4807866319319,-72.5922497918382,-50.2858422335616,-142.457569254904,-145.571696531754,-87.488229704845
10-Nov-2024 01:55:15,11,61,0.0460897045830886,0.409759012858073,0.0214161854237318,-0.0346416592597961,0.00932981427758932,0.244988785187403,0.968861933549245,-80.4240532186227,-90.4496614798556,-54.6730362044296,-71.9742204235732,-68.3344360074021,-47.1109077836703,-140.695920034874,-148.71629135259,-89.1206512142565
10-Nov-2024 01:55:29,11,62,0.0490818647046884,0.408959474166234,0.0183720659464598,-0.0395464919507503,0.000877682825860878,0.257032978534698,0.965592737992605,-76.9242244546861,-84.0258514167712,-51.5798713635297,-66.5863915410319,-69.5218379138241,-47.8233489275235,-139.191237696625,-150.973941412508,-90.3682164348577
10-Nov-2024 01:56:22,11,63,0.0546831297377745,0.408408290147781,0.0153727121651173,-0.0257387484113375,0.00095366674164931,0.252165788412094,0.967341220378876,-73.9953564744053,-74.6777383065259,-49.5399044192267,-69.714193995582,-68.061631974817,-45.6921022745043,-138.383071917485,-152.625063852885,-93.4582097998641
10-Nov-2024 01:56:35,11,64,0.0585758296151956,0.407866370677948,0.0122680109615127,-0.0316237340370814,-0.00970991520831982,0.26337871948878,0.964125088850657,-70.4955277104687,-68.2539282434416,-46.4467395783267,-64.3263651130407,-69.249033881239,-46.4045434183575,-136.878389579235,-154.882713912803,-94.7057750204653
10-Nov-2024 01:57:22,11,65,0.0537165726224581,0.404994461933772,0.0131199557955066,-0.0460753902792931,-0.0197975568473339,0.233873905738195,0.97097278436025,-74.8167722732335,-55.405684985208,-44.5678031490968,-64.5691677864704,-66.2801217201187,-45.1976558905167,-131.322093244549,-151.344374300394,-90.509461681147
10-Nov-2024 01:57:36,11,66,0.0500430956482887,0.40530967315038,0.00961998477578163,-0.0408039309084415,-0.0212762972960869,0.227102100849152,0.972783132394155,-76.0775364441704,-51.4445932505548,-42.6122677715684,-67.1541547913546,-69.5100134817132,-46.8376122611121,-126.467538630309,-145.259298497756,-87.4919342696261
10-Nov-2024 01:58:26,11,67,0.0413567905624708,0.398549846808116,0.0144981477409601,-0.0577307904760043,-0.0180722005665302,0.188690182566643,0.980171728134155,-77.8185408110214,-69.0649257541112,-41.1450318681893,-62.4930496305115,-63.41550328195,-44.0541466824895,-120.887113155846,-140.447590790233,-83.9600138942065
10-Nov-2024 01:58:39,11,68,0.0382202960550785,0.398898500204086,0.00965656961003939,-0.0510708339512348,-0.0189280523608128,0.182877305150032,0.981625902652741,-79.0793049819583,-65.1038340194581,-39.1894964906609,-65.0780366353956,-66.6453950435445,-45.6941030530849,-116.032558541605,-134.362514987595,-80.9424864826856
10-Nov-2024 01:59:28,11,69,0.0280323167641958,0.394045698642731,0.0127342919508616,-0.0568127132952213,-0.0150538854921858,0.156177683671316,0.985978849728902,-80.9551892508523,-69.08345440391,-40.5531108502071,-63.5149775574162,-61.9130858244601,-43.3223484490713,-113.740068497254,-127.264123232514,-75.1177625892154
10-Nov-2024 01:59:41,11,70,0.0253895441691081,0.3946111480395,0.00864857422808806,-0.0502784048517545,-0.014969431484739,0.150794722636541,0.987172222137451,-82.2159534217892,-65.1223626692569,-38.5975754726787,-66.0999645623003,-65.1429775860547,-44.9623048196668,-108.885513883013,-121.179047429876,-72.1002351776945
10-Nov-2024 02:00:29,11,71,0.0155365254729986,0.389083657662074,0.00804640805969636,-0.0497656588753064,-0.0140344986071189,0.119901844362418,0.991438349088033,-80.1842776417047,-66.1066269941565,-38.0016149636876,-66.7609285257526,-64.0917688573097,-44.8214057029577,-105.311991553717,-113.012313651016,-69.7791095251989
10-Nov-2024 02:00:43,11,72,0.0142113359645009,0.391997011502584,0.00887589491903782,-0.0274953069786231,-0.00811818664272626,0.135263828436534,0.990394802888234,-77.3993474742127,-69.7531345349858,-39.8320532591486,-72.789685400842,-60.687196100225,-43.1263038494617,-110.770505957983,-109.952668044107,-68.2564712467905
10-Nov-2024 02:01:29,11,73,0.0125037244210641,0.392042175928752,0.00843746544172366,0.0175280873974164,0.00518093317126234,0.155130706230799,0.987724888324738,-71.91819733121,-66.7223201055914,-39.6422789888783,-78.4564307552156,-60.9170730979705,-42.1907742523134,-113.419536504721,-106.977193449086,-66.4070338478947
10-Nov-2024 02:01:42,11,74,0.0104397571335236,0.395109993219376,0.00747094464798768,0.0411400839686394,0.0106438439960281,0.168016368150711,0.984867874781291,-69.133267163718,-70.3688276464207,-41.4727172843394,-84.485187630305,-57.5125003408858,-40.4956723988174,-118.878050908986,-103.917547842177,-64.8843955694863
10-Nov-2024 02:02:30,11,75,0.00494617894291878,0.397065206368764,0.00510984885816773,0.0694589962561925,0.0129379996409019,0.175982650121053,0.981854474544525,-68.2252270084707,-67.076674202138,-42.0680492969347,-90.3329387450366,-66.4251524612163,-42.5553566734952,-123.006823384488,-100.374987741212,-61.9983577308342
10-Nov-2024 02:02:44,11,76,0.00355024842234949,0.399856181939443,0.00486635500565171,0.0934368893504143,0.0172695272912582,0.18946449359258,0.977279166380564,-65.4402968409787,-70.7231817429673,-43.8984875923957,-96.361695620126,-63.0205797041316,-40.8602548199992,-128.465337788754,-97.3153421343024,-60.4757194524257
10-Nov-2024 02:03:33,11,77,-1.66150784442228e-05,0.401735693216324,0.00239505069330335,0.130037596821785,0.0180497173219919,0.202224698662758,0.970499686400096,-64.118811679609,-70.0753587912406,-41.9613727464239,-102.449949615036,-68.2496193857549,-43.1425460305901,-133.258981228638,-92.2892392803652,-59.3963813938955
10-Nov-2024 02:03:47,11,78,-0.00488091008737683,0.401169516642888,0.000243584233491371,0.125439765055974,0.0137162381162246,0.188356259465218,0.97396027247111,-65.5669118739257,-70.0797728190832,-41.7344614072158,-99.2628031615753,-71.6761078616628,-44.6266719154146,-128.028266329475,-86.0030660772136,-56.0241764391902
10-Nov-2024 02:04:33,11,79,-0.0108354779581229,0.397598061958949,0.00498815147827069,0.0834883575638135,0.00859756153076887,0.169051882624626,0.982027133305868,-72.3217345713035,-69.8120216006478,-40.2237734972913,-96.3304052680246,-67.8694025569245,-42.3244943322827,-124.19011594812,-78.2086642505481,-51.3736215944241
10-Nov-2024 02:04:46,11,80,-0.0181471085796754,0.396881544589996,0.00249010718738039,0.0795230204860369,0.00497477718939384,0.152857637405396,0.985030933221181,-73.7698347656201,-69.8164356284905,-39.9968621580832,-93.1432588145633,-71.2958910328324,-43.8086202171072,-118.959401048957,-71.9224910473965,-48.0014166397189
10-Nov-2024 02:05:29,11,81,-0.0181795878956715,0.392929987112681,0.00558041920885444,0.0562160670757294,0.00572295431047678,0.155182290077209,0.986268472671509,-73.8212962114674,-67.3597670331941,-38.9030625335169,-89.6334866410574,-65.855782618417,-41.1495943679535,-117.049968408698,-64.1322035324881,-42.5650367399832
10-Nov-2024 02:05:42,11,82,-0.0262054232259591,0.392218524217606,0.00302910921163857,0.052397021651268,0.00254458788161476,0.1371100405852,0.989165794849396,-75.2693964057841,-67.3641810610367,-38.6761511943088,-86.4463401875962,-69.282271094325,-42.633720252778,-111.819253509535,-57.8460303293365,-39.192831785278
10-Nov-2024 02:06:30,11,83,-0.0217928793281317,0.391545659303665,0.0066357746720314,0.0169956717640162,0.00220225264007847,0.119157695770264,0.992727438608805,-80.8191772258661,-61.0380537773099,-40.4157957124216,-85.3478808741125,-64.7504611250713,-43.3212702706135,-111.099179739824,-63.1077999703063,-38.9135393580575
10-Nov-2024 02:06:44,11,84,-0.028706165899833,0.391281278928121,0.00439520496875048,0.0127291481941938,0.000629573129117489,0.106766589482625,0.994202454884847,-82.2672774201828,-61.0424678051526,-40.1888843732135,-82.1607344206513,-68.1769496009792,-44.805396155438,-105.86846484066,-56.8216267671547,-35.5413344033523
10-Nov-2024 02:07:34,11,85,-0.0228555137912432,0.388689317305883,0.00410953098908067,-0.0100614434108138,-0.00267538474872708,0.0803480943044027,0.996712509791056,-84.2662179273821,-60.9566111772104,-38.9952509626658,-81.0679315371789,-67.8492888543063,-44.241234106768,-102.668070506223,-63.2844249860643,-37.4655857123894
10-Nov-2024 02:07:48,11,86,-0.029569873213768,0.38868528008461,0.00140555972078194,-0.0134731582055489,-0.00352224853510658,0.0727605789899826,0.997252229849497,-85.7143181216988,-60.9610252050531,-38.7683396234577,-77.8807850837177,-71.2757773302142,-45.7253599915925,-97.4373556070599,-56.9982517829127,-34.0933807576842
10-Nov-2024 02:08:40,11,87,-0.0274312956879536,0.38435472647349,0.00118021248684575,-0.0418488303820292,-0.0028413692334046,0.0565992504358292,0.997515519460042,-86.0128384724568,-62.1953039050033,-38.0580672485798,-73.1908104152509,-75.3751911948317,-45.9603419096698,-93.7468009902596,-55.8865642907919,-36.7444039348501
10-Nov-2024 02:08:53,11,88,-0.0341066559155782,0.384606901804606,-0.0010481967862385,-0.0465587322910627,-0.00228500575758517,0.0480860707660516,0.99775489171346,-87.4609386667735,-62.199717932846,-37.8311559093717,-70.0036639617897,-78.8016796707397,-47.4444677944943,-88.5160860910963,-49.6003910876403,-33.3721989801449
10-Nov-2024 02:09:47,11,89,-0.0314311146736145,0.380582273006439,-0.00305517728750904,-0.0693413297335307,0.00084645253761361,0.0166330903768539,0.997453987598419,-88.0342489393108,-59.0690642967424,-37.5875640523287,-67.4151034008257,-83.8396308410024,-46.8040216959453,-83.6804513331145,-52.2014607400045,-35.1116080913755
10-Nov-2024 02:10:00,11,90,-0.0369903581837813,0.382563982407252,-0.00185365121966849,-0.0470099439223607,0.0010363142665786,0.00551758653794726,0.998878641923269,-86.0047801725098,-65.3628847435025,-40.5988256350443,-73.4946585088313,-85.9142433247914,-47.7056792971753,-83.0819725314142,-50.8449743333597,-34.2977162473886
10-Nov-2024 02:10:54,11,91,-0.0375175101061662,0.382621496915817,-0.000577629101462662,-0.0156708257893721,0.000557276470741878,-0.00231165435786049,0.999874424934387,-83.9129164448191,-72.2641713582895,-43.3017469588424,-77.8485065630855,-88.4195871557577,-50.5450509067185,-81.2560338003047,-53.182109354473,-36.3396314363698
10-Nov-2024 02:11:07,11,92,-0.0427508694430192,0.384813219308853,-0.000301688020408619,0.00603581853210926,-0.00210631385756036,-0.0135147220144669,0.999888269106547,-81.8834476780181,-78.5579918050495,-46.3130085415579,-83.9280616710911,-90.4941996395467,-51.4467085079485,-80.6575549986044,-51.8256229478282,-35.5257395923829
10-Nov-2024 02:12:02,11,93,-0.0412349412838618,0.386570745706558,1.46214785748574e-06,0.0311993575344483,-0.00458719770734509,-0.0219113075484832,0.999262471993764,-83.1227814307722,-81.6305453358231,-50.7450999948148,-89.8197632522211,-92.2591777969244,-53.3922231133351,-81.4703462321994,-53.8909472550627,-38.6897512648802
10-Nov-2024 02:12:16,11,94,-0.0474086937805017,0.389033122857412,0.00144707662984729,0.0543614668150743,-0.00957773017386595,-0.03354257568717,0.99791179895401,-81.0933126639711,-87.9243657825832,-53.7563615775303,-95.8993183602267,-94.3337902807134,-54.2938807145651,-80.8718674304991,-52.5344608484179,-37.8758594208934
10-Nov-2024 02:13:11,11,95,-0.0467835463583469,0.389492112398148,0.00267990664578974,0.0887877315282822,-0.0169990677386522,-0.0443196381131808,0.994918898741404,-79.7982451569477,-92.75755277135,-57.4030380955165,-101.809946704794,-95.7285856012967,-54.7424668178734,-79.6290236464465,-53.0388797987128,-40.2509193351487
10-Nov-2024 02:13:25,11,96,-0.0472076828281085,0.392698254187902,0.00855479401846727,0.073117591937383,-0.0162858181943496,-0.0478562486668428,0.996041361490885,-86.09350532249,-97.9371340152831,-60.3636862917281,-103.05557286092,-94.3840750077151,-54.4410690953276,-82.6077535064541,-56.7474555411627,-42.4760647806187
10-Nov-2024 02:14:17,11,97,-0.0457562719782193,0.395822850863139,0.0135526775072018,0.0370562108854453,-0.010670582515498,-0.0317360421021779,0.998752156893412,-92.980966117921,-102.16139853022,-64.6920419555749,-100.841735635327,-92.8496558325307,-53.4631356238209,-87.8143008752855,-56.4364839620823,-40.7456861052096
10-Nov-2024 02:14:30,11,98,-0.0465299506982168,0.39950176080068,0.0198483258485794,0.0223141100257635,-0.00814612700293462,-0.0352176311115424,0.999097311496735,-99.2762262834633,-107.340979774153,-67.6526901517864,-102.087361791452,-91.5051452389491,-53.1617379012751,-90.7930307352931,-60.1450597045322,-42.9708315506795
10-Nov-2024 02:15:21,11,99,-0.0463255000611146,0.402351913849513,0.0228980877747138,-0.00954561196267605,-0.000717437531178196,-0.0490706957876682,0.998749454816182,-106.91758676395,-112.267902653587,-70.4721920818156,-101.603256256719,-89.6906803545661,-53.0470723042489,-91.9606693497126,-60.9438617862168,-42.3182149357099
10-Nov-2024 02:15:34,11,100,-0.0478960538903872,0.406051385402679,0.0282793043802182,-0.0239021050433318,0.0012252268459027,-0.0523418262600899,0.998342398802439,-113.212846929492,-117.447483897521,-73.4328402780272,-102.848882412844,-88.3461697609845,-52.7456745817031,-94.9393992097202,-64.6524375286667,-44.5433603811798
10-Nov-2024 02:16:50,12,1,-0.0197380834569534,0.31145084698995,0.00728141702711582,-0.00852358850340048,-0.00346672525629401,0.00309803366350631,0.999952896436055,-11.475,-13.65,-5.85000000000001,-10.2,-13.05,-6.37500000000001,-9.9,-9,-10.5
10-Nov-2024 02:17:03,12,2,-0.0199242855111758,0.315328987439473,0.00717202878246705,0.00197749375365674,-0.00224960662114124,-0.0233975679924091,0.999721801280975,-16.7188094543069,-11.4047155597702,-4.44423237112923,-17.4876425299435,-10.2187813660357,-4.67626881962145,-10.1737334311384,-11.818757205545,-11.6262502223078
10-Nov-2024 02:17:51,12,3,-0.0197651270776987,0.324020626147588,0.00687127051254114,0.00529635526860754,-0.00314006861299276,-0.0404903208216031,0.999160973230998,-26.6501189086137,-19.2844311195403,-10.9884647422584,-27.100285059887,-19.4625627320713,-10.2150376392428,-15.2474668622767,-17.41251441109,-17.4025004446156
10-Nov-2024 02:18:05,12,4,-0.0215719069043795,0.328032006820043,0.00714031287158529,0.0133981406067808,-0.00296298060566187,-0.0669357776641846,0.997662937641144,-31.8939283629207,-17.0391466793105,-9.58269711338762,-34.3879275898305,-16.631344098107,-8.51630645886427,-15.5212002934151,-20.231271616635,-18.5287506669234
10-Nov-2024 02:19:01,12,5,-0.0215031349410613,0.335187681516012,0.00609095903734366,0.0163458260397116,-0.00275895268035432,-0.0853446145852407,0.996213606993357,-40.3064878172275,-29.9063622390809,-14.9269294845167,-42.838070119774,-27.4126254641429,-14.7863252784856,-18.8699337245534,-26.16252882218,-22.5050008892312
10-Nov-2024 02:19:15,12,6,-0.0221531392385562,0.339360692103704,0.00647792331874371,0.0222615240762631,-0.0017605903170382,-0.110418471197287,0.99363431930542,-45.5502972715344,-27.6610777988511,-13.521161855646,-50.1257126497175,-24.5814068301786,-13.087594098107,-19.1436671556918,-28.981286027725,-23.631251111539
10-Nov-2024 02:20:09,12,7,-0.0263570487499237,0.342656262715658,0.00739874417583148,-0.00246194691086809,5.63817208103501e-06,-0.130759296814601,0.991411105791728,-53.5966559131644,-34.468714488334,-18.5708552206635,-51.5977881042475,-31.702657032942,-19.3909692197647,-19.126613368177,-28.881797468644,-24.1398818522748
10-Nov-2024 02:20:22,12,8,-0.0315576334794362,0.345390731096268,0.0127744568511844,-0.0304012692222993,-0.00168372600649794,-0.147338119149208,0.988617424170176,-62.1586395547944,-39.4201011778166,-21.2205485856812,-49.8636135587776,-33.4426572357049,-20.4349693414225,-18.8470595806622,-27.001058909563,-23.3735125930106
10-Nov-2024 02:21:13,12,9,-0.0308757989356915,0.348147541284561,0.0116624849538008,-0.0720167651772499,0.000795923972812792,-0.157376988728841,0.984908878803253,-71.7378106964244,-37.1246128672992,-22.9702419506988,-49.2075640133077,-35.3232824384681,-19.4586569630803,-20.2737557931474,-29.385945350482,-20.0946433337465
10-Nov-2024 02:21:27,12,10,-0.0362752472360929,0.351208466291428,0.0175996883461873,-0.101854665577412,0.000432504688311989,-0.174363808830579,0.979399164517721,-80.2997943380544,-42.0759995567819,-25.6199353157165,-47.4733894678378,-37.0632826412311,-20.5026570847381,-19.9942020056326,-27.505206791401,-19.3282740744823
10-Nov-2024 02:22:18,12,11,-0.0345009299616019,0.353709771235784,0.018531625593702,-0.142142107089361,0.00277310057232777,-0.174169539411863,0.974398756027222,-89.0703717296844,-42.2039487462644,-27.6696286807341,-45.9032774223679,-36.9235953439942,-20.5365009563959,-22.8927732181178,-30.15728073232,-19.3306548152181
10-Nov-2024 02:22:31,12,12,-0.0400832869112492,0.35676148335139,0.0236734982579947,-0.171770841876666,0.0044281145868202,-0.190481365720431,0.966536108652751,-97.6323553713144,-47.1553354357471,-30.3193220457517,-44.169102876898,-38.6635955467572,-21.5805010780537,-22.613219430603,-28.276542173239,-18.5642855559539
10-Nov-2024 02:23:19,12,13,-0.0338995734850566,0.356971561908722,0.0175769795974096,-0.166860600312551,0.00535385670761267,-0.182628922661146,0.968904340267181,-97.4293022541903,-45.2557169144456,-25.881551635587,-46.4671167034771,-38.9744384694153,-23.3444457648689,-24.7237065141206,-33.1991002752031,-21.2454159574218
10-Nov-2024 02:23:33,12,14,-0.0352358236908913,0.359275007247925,0.0116903824110826,-0.159980584184329,0.00997405300537745,-0.168147297700246,0.972642385959625,-97.3469522620662,-43.7428171431441,-25.3437812254222,-48.9080992800563,-47.2751251420737,-27.713468576684,-28.3201310976383,-34.8052521271672,-22.2671713588898
10-Nov-2024 02:24:19,12,15,-0.0323571190237999,0.359422773122787,0.0107806722943981,-0.138766600688299,0.00986848417669535,-0.162634815772374,0.976829751332601,-93.4542507074422,-45.3365579968426,-24.3560108152574,-52.1025974816354,-46.0308899397319,-29.0549523259992,-30.6485869311559,-34.9196071041313,-24.9436142603578
10-Nov-2024 02:24:32,12,16,-0.0334356638292472,0.36174506743749,0.00327875021224221,-0.129543250799179,0.0132650823021928,-0.151110333204269,0.979902180035909,-93.3719007153181,-43.8236582255412,-23.8182404050926,-54.5435800582145,-54.3315766123903,-33.4239751378143,-34.2450115146736,-36.5257589560954,-25.9653696618257
10-Nov-2024 02:25:22,12,17,-0.0361264246205489,0.363977785905202,0.00344015128600101,-0.139173424243927,0.0187532274673382,-0.140795493125916,0.980028442541758,-96.409374941944,-47.2390787667399,-28.6804699949277,-54.5863204472937,-58.5348023475486,-38.2292284183794,-37.8074517231912,-37.1610123705595,-25.4144688132937
10-Nov-2024 02:25:35,12,18,-0.0383794936041037,0.366307258605957,-0.0037970788932095,-0.129151414831479,0.0215203702449799,-0.131512932976087,0.982629732290904,-96.3270249498198,-45.7261789954385,-28.142699584763,-57.0273030238728,-66.8354890202071,-42.5982512301946,-41.4038763067088,-38.7671642225236,-26.4362242147617
10-Nov-2024 02:26:27,12,19,-0.0393269660572211,0.368209723631541,-0.00292148562148213,-0.109162436922391,0.0254631113260984,-0.166008459528287,0.979732839266459,-98.7360837311926,-49.2235500504469,-32.5876261240178,-64.297445753663,-71.4452855367789,-43.8489510471063,-36.8515436700381,-41.304933167061,-27.6023262612812
10-Nov-2024 02:26:41,12,20,-0.0453796384235223,0.371852447589238,-0.00909070080767075,-0.0863890628019969,0.0304336943974098,-0.186004489660263,0.978270447254181,-99.8102304031903,-48.0067609492051,-31.8575526632727,-72.7667095772033,-76.4538125221008,-46.2315356296431,-34.1162032208674,-40.6531513303484,-27.1547564328007
10-Nov-2024 02:27:36,12,21,-0.0422628616293271,0.374515491724014,-0.0108489707112312,-0.0592151127755642,0.0298396733899911,-0.182862168550491,0.980899914105733,-98.5518331298756,-53.1970519260887,-32.2899792025276,-79.2114128538685,-82.3129742730477,-47.9731778293674,-39.3973666779466,-43.2461448842609,-30.0640225418202
10-Nov-2024 02:27:50,12,22,-0.0481338647504648,0.378342513243357,-0.0172668899099032,-0.030809469272693,0.0354519627988338,-0.202928985158602,0.978066345055898,-99.6259798018734,-51.9802628248469,-31.5599057417825,-87.6806766774087,-87.3215012583696,-50.3557624119042,-36.6620262287758,-42.5943630475483,-29.6164527133398
10-Nov-2024 02:28:44,12,23,-0.0423535247643789,0.378339012463888,-0.013488638587296,-0.0133937029788891,0.0275003969669342,-0.185597407817841,0.98214967250824,-96.38515130918,-53.2322415759667,-34.8267160384118,-89.136060102391,-85.79960308744,-52.8355243842275,-42.904095965946,-45.8924171337874,-30.8815448181537
10-Nov-2024 02:28:57,12,24,-0.0422781785329183,0.380069931348165,-0.00904685823867718,-0.0115126856292288,0.019075811902682,-0.157175571719805,0.987319314479828,-92.5105947891429,-59.230680288024,-37.8122763350411,-86.3537238008108,-85.8773875336979,-52.8607575479572,-49.4129137499912,-45.0930835247139,-30.4682189542176
10-Nov-2024 02:29:46,12,25,-0.0373963885009289,0.376565514008204,-0.0137006562824051,0.00714303463076552,0.0176497632016738,-0.125846667091052,0.991866997877757,-86.5529022827777,-55.3558890196121,-31.8634616316705,-85.3152473625119,-86.5053306713621,-52.7632551159837,-50.763357510599,-46.5674437632969,-33.4441020746565
10-Nov-2024 02:29:59,12,26,-0.0387447953224182,0.377815455198288,-0.00981571127971013,0.00725277367358406,0.0125960403432449,-0.107299785812696,0.994120474656423,-82.6783457627406,-61.3543277316694,-34.8490219282998,-82.5329110609317,-86.5831151176201,-52.7884882797133,-57.2721752946442,-45.7681101542234,-33.0307762107204
10-Nov-2024 02:30:48,12,27,-0.0355885311961174,0.376460138956706,-0.00995835214853287,0.0206757374107838,0.00506734714532892,-0.074732427795728,0.996976399421692,-80.2372212495394,-57.3911514534922,-36.5923947249292,-83.2475046909921,-85.7359789095811,-52.3773536455914,-61.7268060669707,-47.5306234689782,-33.5620548389718
10-Nov-2024 02:31:02,12,28,-0.0373039009670416,0.37802209854126,-0.00541188884526491,0.0241113961984714,-3.29215654346626e-06,-0.0459864494701227,0.998651071389516,-76.3626647295023,-63.3895901655494,-39.5779550215585,-80.4651683894118,-85.8137633558391,-52.402586809321,-68.2356238510159,-46.7312898599047,-33.1487289750357
10-Nov-2024 02:31:52,12,29,-0.0367456138134003,0.377486246824265,-0.00400074558953444,0.0149299083277583,-0.00291679712633292,0.00465074352299174,0.999873510996501,-75.7548242128832,-65.6822213824894,-42.0174215681878,-77.031297053652,-87.0790874749486,-53.4096360741249,-75.4423481292017,-47.3628797127454,-34.2577053571934
10-Nov-2024 02:32:06,12,30,-0.0375806940098604,0.379408941666285,0.0011691516963765,0.0165628513942162,-0.00590826747938991,0.0360799223184586,0.999194220701853,-71.880267692846,-71.6806600945467,-45.0029818648171,-74.2489607520718,-87.1568719212065,-53.4348692378545,-81.9511659132469,-46.5635461036719,-33.8443794932573
10-Nov-2024 02:32:54,12,31,-0.0319752601285775,0.377192771434784,0.000696842038693527,0.00523207404961189,-0.00352970988800128,0.055044915775458,0.998463968435923,-72.7268807409969,-65.5807707073886,-43.3468054614367,-72.7302082469973,-80.5185132480188,-50.3375763250042,-83.5294069776957,-48.2326407488222,-33.5727103648201
10-Nov-2024 02:33:08,12,32,-0.0274571489542723,0.378547543287277,0.00148688250531753,-0.00366109119107326,-0.00514005435009797,0.0595121343930562,0.998207664489746,-75.3151357874387,-61.1837850677891,-41.4386759330562,-70.0372232590127,-74.4113847384052,-47.5743753616167,-85.6586947950741,-51.1362736630153,-35.314890113336
10-Nov-2024 02:33:53,12,33,-0.0244837819288174,0.377483441432317,0.00586959527184566,-0.0655669425924619,-0.00495859993000825,0.0810251399874687,0.994540778795878,-81.232569834735,-58.5603475544103,-37.5565229671759,-62.4563545124833,-69.0136411470046,-41.7941284234979,-88.6374592359877,-47.7976374426868,-31.7751454233754
10-Nov-2024 02:34:07,12,34,-0.0214592859148979,0.378968624273936,0.00807169632365306,-0.0760044649243355,-0.00477890536809961,0.0843502655625343,0.993521821498871,-83.8208248811769,-54.1633619148108,-35.6483934387954,-59.7633695244987,-62.906512637391,-39.0309274601104,-90.7667470533661,-50.70127035688,-33.5173251718913
10-Nov-2024 02:34:55,12,35,-0.0189882225046555,0.378660241762797,0.0119075493266185,-0.104197750488917,-0.00330771600517134,0.0928868363300959,0.990204004446665,-87.248669428046,-58.8281503383216,-32.828252191665,-57.8514426572416,-57.2290765868839,-36.0342035093572,-92.9457731825121,-49.8087687038121,-34.1185427011689
10-Nov-2024 02:35:08,12,36,-0.015529276120166,0.378785602251689,0.0163374443848928,-0.103832166890303,-0.00237468479511638,0.0917908812562625,0.990347282091777,-84.399346018517,-61.8269308500777,-33.9856950463838,-55.3362011024745,-51.9850216696881,-33.0702286496,-89.609225221687,-54.3218647187798,-36.0331433074934
10-Nov-2024 02:35:55,12,37,-0.0178735678394636,0.372599711020788,0.0160015179465214,-0.0938385744889577,-0.0014127313469847,0.0808696379264196,0.99229656457901,-80.0948173592016,-59.0815983933891,-37.6871320417275,-53.2864886080712,-52.4308129820453,-33.2144922961598,-84.8725464167456,-50.936893450117,-36.1772628041988
10-Nov-2024 02:36:08,12,38,-0.0156133823096752,0.372756705681483,0.0219104394316673,-0.0945723573366801,-0.000273557668939854,0.0803031553824743,0.992273879051208,-77.2454939496725,-62.0803789051452,-38.8445748964462,-50.7712470533041,-47.1867580648494,-30.2505174364025,-81.5359984559204,-55.4499894650847,-38.0918634105233
10-Nov-2024 02:36:57,12,39,-0.0146316874151429,0.367883416016897,0.0203162764509519,-0.0876239354411761,-0.000749249360524118,0.0776818359891574,0.993119871616364,-73.7435679152503,-62.1321029326789,-40.5990148214774,-47.2887700287188,-47.7126262624301,-32.4406618298038,-79.3743850730371,-58.6390518382371,-38.6712234620382
10-Nov-2024 02:37:10,12,40,-0.0101444547995925,0.368257403373718,0.0257301001499097,-0.0892986650268237,-9.41185518361939e-05,0.077995136876901,0.992946418126424,-70.8942445057213,-65.130883444435,-41.7564576761962,-44.7735284739517,-42.4685713452342,-29.4766869700465,-76.0378371122119,-63.1521478532047,-40.5858240683628
10-Nov-2024 02:38:02,12,41,-0.00966370546569427,0.364087794224421,0.0247007182488839,-0.0887273669242859,-0.000234178134511846,0.0804769679903984,0.992799540360769,-68.8436197837456,-67.85613571408,-43.1373990660712,-40.8746691842756,-44.6094779854269,-32.6147717368685,-75.7637564403576,-65.8782270472648,-43.3328043972825
10-Nov-2024 02:38:16,12,42,-0.00499164862558246,0.364473483959834,0.0306299096594254,-0.0921305601795514,0.000509487765763576,0.08162469069163,0.992395635445913,-65.9942963742166,-70.8549162258361,-44.2948419207899,-38.3594276295084,-39.365423068231,-29.6507968771112,-72.4272084795324,-70.3913230622324,-45.247405003607
10-Nov-2024 02:39:11,12,43,-0.00599156121412913,0.359924155473709,0.0319274996717771,-0.098855438331763,0.000279479788150638,0.0745825762550036,0.992302878697713,-64.7443223084642,-76.8669326165366,-46.6140340430867,-33.9523772072868,-41.8638489297298,-33.7878518306438,-68.8218941631927,-74.5359106667463,-46.2281954712291
10-Nov-2024 02:39:24,12,44,-0.00294116015235583,0.360465164979299,0.0379972919821739,-0.100912263989449,0.00160903765354305,0.0758773510654767,0.991996324062347,-61.8949988989352,-79.8657131282927,-47.7714768978055,-31.4371356525197,-36.6197940125339,-30.8238769708865,-65.4853462023675,-79.0490066817139,-48.1427960775536
10-Nov-2024 02:40:15,12,45,0.00200407596615454,0.355674074093501,0.0299753088504076,-0.0782299349705378,-0.00447071849678954,0.0650724813342094,0.994799335797628,-53.9203501612946,-71.9961115795211,-38.8597943863134,-31.7259896640253,-38.8469794846856,-34.8604170177745,-60.889415063785,-85.1028484914547,-49.8904916145269
10-Nov-2024 02:40:28,12,46,-0.000408236019817802,0.357847599188487,0.0317990824580193,-0.0981566364566485,-0.00861337408423424,0.0489338258902232,0.993929855028788,-63.5689945813149,-74.4284523114603,-40.1614360800883,-33.0819877854568,-39.7016927627389,-35.3732449846064,-60.4441215154657,-84.2534897623751,-49.5512835777925
10-Nov-2024 02:41:15,12,47,-0.00143849009182304,0.359516006708145,0.028810187553366,-0.121698838969072,-0.0193867554267248,0.022770985091726,0.992116467158,-69.6049763372795,-71.3516020131357,-36.4285150907579,-33.2900336900247,-40.692026235466,-36.0113304047611,-59.2941363782677,-84.0995039306821,-49.5786230063824
10-Nov-2024 02:41:29,12,48,-0.00450364885230859,0.36253462433815,0.0311532021810611,-0.146405357122421,-0.0225087528427442,0.00121486895950511,0.988967847824097,-79.2536207572999,-73.783942745075,-37.7301567845328,-34.6460318114562,-41.5467395135193,-36.524158371593,-58.8488428299484,-83.2501452016025,-49.239414969648
10-Nov-2024 02:42:14,12,49,-0.00561412023380399,0.3630228916804,0.0286501372853915,-0.158522953589757,-0.0252111682047447,-0.00868364175160726,0.986995196342468,-81.9209338452924,-73.3116879618823,-36.5145171367551,-34.0030538244559,-43.5192628889095,-36.9496150650863,-57.3762034871897,-82.5234729212163,-48.6334806655757
10-Nov-2024 02:42:28,12,50,-0.00841113744924466,0.366228095690409,0.0312415742625793,-0.184287819266319,-0.0273640392969052,-0.0313882358372211,0.981989800930023,-91.5695782653128,-75.7440286938216,-37.81615883053,-35.3590519458874,-44.3739761669628,-37.4624430319183,-56.9309099388704,-81.6741141921367,-48.2942726288413
10-Nov-2024 02:43:14,12,51,-0.0103335108608007,0.36794673204422,0.0292214670528968,-0.19983313481013,-0.030955824504296,-0.0463147218028704,0.978245075543722,-97.7275570193192,-76.7240716681949,-37.8591598535286,-36.540562013103,-45.4125944936846,-37.7815853620809,-56.5719434933314,-80.0610986874038,-47.8217014584379
10-Nov-2024 02:43:27,12,52,-0.0145137077197433,0.371696960926056,0.0339624789853891,-0.225891837477684,-0.0311861403286457,-0.0718376924594243,0.970999284585317,-107.37620143934,-79.1564124001341,-39.1608015473036,-37.8965601345345,-46.2673077717378,-38.2944133289128,-56.126649945012,-79.2117399583242,-47.4824934217035
10-Nov-2024 02:43:57,12,53,-0.017881174509724,0.373969705899556,0.0413144086798032,-0.265853540102641,-0.0389728787044684,-0.107770678400993,0.957177380720774,-118.429513026353,-81.1626042532904,-39.8331229056904,-32.5653142288582,-20.1389735741245,-17.7103984774097,-53.1745199480829,-77.230552841418,-43.1766038181346
10-Nov-2024 02:44:11,12,54,-0.0188970914731423,0.374277472496033,0.0422550941507022,-0.268752517302831,-0.0372293122112751,-0.111685352027416,0.955987695852915,-119.916250368794,-81.2292083535918,-39.963844849172,-33.8299018716383,-26.0047545108175,-20.7407088390872,-50.1220682429132,-71.635439353873,-40.4764669676931
10-Nov-2024 02:45:01,12,55,-0.029565559203426,0.37801948984464,0.0359518287082513,-0.28425669670105,-0.0241880005846421,-0.161052666107814,0.944814876715342,-131.030321294731,-80.7827380145016,-39.7799066249596,-42.1758675008644,-47.9290117096777,-36.6225977915972,-47.8411983134385,-64.7994116724146,-39.4679893338343
10-Nov-2024 02:45:14,12,56,-0.0354281728466352,0.378743580977122,0.0314785469323397,-0.28260458111763,-0.0141577652345101,-0.167705075939496,0.94435650507609,-132.517058637172,-80.849342114803,-39.9106285684412,-43.4404551436445,-53.7947926463708,-39.6529081532747,-44.7887466082688,-59.2042981848696,-36.7678524833927
10-Nov-2024 02:45:57,12,57,-0.0401684463024139,0.380716546376546,0.0363103712598483,-0.298222388823827,-0.00350108078370492,-0.171645003557205,0.938929796218872,-136.867462771361,-85.3094089954086,-40.0340204280758,-44.3457317796476,-50.4398117141471,-36.5840078103683,-48.0470857909465,-50.138727600368,-34.6135452412425
10-Nov-2024 02:46:10,12,58,-0.0468333552281062,0.381255545218786,0.0309814949830373,-0.298390434185664,0.0099269558986028,-0.174318757653236,0.938337663809458,-138.354200113802,-85.37601309571,-40.1647423715574,-45.6103194224277,-56.3055926508402,-39.6143181720458,-44.9946340857768,-44.5436141128229,-31.913408390801
10-Nov-2024 02:46:48,12,59,-0.0436200181643168,0.380624413490295,0.0376151981453101,-0.296096827586492,0.000597528643750896,-0.178307266036669,0.938367136319478,-137.822770852117,-82.9893485861635,-40.1417992731156,-45.4202515618193,-50.5109926530747,-28.1200231814315,-46.8975778245307,-44.8632720767995,-30.4611863445051
10-Nov-2024 02:47:01,12,60,-0.048814379175504,0.381292430559794,0.0336454917987188,-0.295598214864731,0.0103532359004021,-0.178918185830116,0.938351090749105,-139.309508194558,-83.0559526864649,-40.2725212165972,-46.6848392045994,-56.3767735897678,-31.150333543109,-43.845126119361,-39.2681585892545,-27.7610494940636
10-Nov-2024 02:47:49,12,61,-0.0443694392840068,0.381350274880727,0.0318775340914726,-0.271797619263331,0.00459166284029683,-0.172848811745644,0.946693340937297,-133.337162234936,-83.1709224818423,-44.9014106391171,-50.3720990956853,-56.4873640592317,-37.8683412286405,-47.9953721361533,-46.8304308274703,-31.1598700456948
10-Nov-2024 02:48:02,12,62,-0.0508507673939069,0.38178842663765,0.0260609888782104,-0.26675168077151,0.0146601552764575,-0.1761470079422,0.947418010234833,-134.823899577377,-83.2375265821437,-45.0321325825987,-51.6366867384654,-62.3531449959247,-40.898651590318,-44.9429204309835,-41.2353173399253,-28.4597331952532
10-Nov-2024 02:48:51,12,63,-0.0447709145645301,0.382428097724915,0.0244890107462804,-0.261427625020345,0.0113194085657597,-0.167322622736295,0.95054228703181,-131.981095268786,-83.3283135299831,-43.5119382655995,-52.6876105053984,-68.4163306990032,-40.8978106139225,-49.9918175867951,-48.2188967152612,-33.2340750458481
10-Nov-2024 02:49:05,12,64,-0.0469281606376171,0.383494526147842,0.0191846632709106,-0.224291128913562,0.0114707668001453,-0.174259526530902,0.958746846516927,-128.620459354514,-82.950785922885,-43.2444657368031,-61.9171493349285,-70.1297017832956,-41.6757874308214,-48.1603895707063,-47.4318094627874,-32.7618226943637
10-Nov-2024 02:49:45,12,65,-0.0426605155070623,0.380906867980957,0.0232974737882614,-0.193437302112579,-0.00161012622993439,-0.175232121348381,0.965335794289907,-124.220052614726,-81.610349739556,-42.9765350777662,-63.5398562265352,-63.9917752507807,-34.7131885786837,-47.3046359851081,-46.784068641754,-33.1018096933977
10-Nov-2024 02:49:59,12,66,-0.0446972792347272,0.383056469758352,0.0183168318122625,-0.154315745830536,-0.00253835174565514,-0.187589703003565,0.970046555995941,-120.859416700453,-81.232822132458,-42.7090625489698,-72.7693950560653,-65.7051463350731,-35.4911653955825,-45.4732079690193,-45.9969813892801,-32.6295573419133
10-Nov-2024 02:50:23,12,67,-0.0493077566226323,0.38043532371521,0.0184804317851861,-0.111753321190675,-0.00588224648187558,-0.227926395336787,0.967226008574168,-116.603895373423,-80.8238402372444,-41.9163609550532,-78.9455179166338,-62.8178686109619,-32.8488543779632,-21.8546171681753,-22.254567352526,-16.3634246656882
10-Nov-2024 02:50:36,12,68,-0.0493630381921927,0.383041125535965,0.014881654145817,-0.0762754331032435,-0.00820090106377999,-0.246878556410472,0.966005019346873,-113.24325945915,-80.4463126301464,-41.6488884262568,-88.175056746164,-64.5312396952543,-33.626831194862,-20.0231891520864,-21.4674801000521,-15.8911723142039
10-Nov-2024 02:51:44,12,69,-0.0430933825671673,0.391764547427495,0.0141007916380962,-0.0403242766857147,-0.0135721589749058,-0.220749852061272,0.974402026335398,-120.535180838499,-89.3530578789906,-47.4188013649002,-100.977887591213,-69.1192863753449,-44.0196640945016,-51.1731797436208,-54.9527294554389,-36.0969798003492
10-Nov-2024 02:51:57,12,70,-0.0462768917282422,0.394815156857173,0.00828145102908214,0.00111940225275854,-0.00865107706437508,-0.237183897693952,0.971425592899323,-117.174544924226,-88.9755302718925,-47.1513288361038,-110.207426420743,-70.8326574596373,-44.7976409114004,-49.3417517275319,-54.165642202965,-35.6247274488649
10-Nov-2024 02:52:44,12,71,-0.0403752659757932,0.394300407171249,0.0054064423777163,0.0272227076192697,-0.00547381695359945,-0.233178879817327,0.972037363052368,-111.803086384552,-81.1983730248666,-41.3633117083552,-113.658718297678,-73.5284648660905,-40.9622407330779,-51.3735786957625,-55.2311802671947,-38.3313792238594
10-Nov-2024 02:52:57,12,72,-0.0439398335913817,0.396763577063878,-0.0024429008209457,0.0495356440544128,0.00168619139585644,-0.244118030865987,0.968478035926819,-112.055349198066,-78.3790793498696,-39.8316018468865,-120.873364166853,-79.7369344746446,-43.9444125133848,-49.6646963601812,-54.0105500274938,-37.5990010800388
10-Nov-2024 02:53:45,12,73,-0.0387403962512811,0.397686030467351,-0.00544825360799829,0.0747749487559001,0.0100986775631706,-0.243701900045077,0.96691061258316,-110.020751334986,-72.6308538888581,-36.1717383522779,-125.906333039907,-84.4890729821483,-43.0677983143771,-52.6011686765061,-58.2080039397584,-39.4111378956259
10-Nov-2024 02:53:59,12,74,-0.0433450969556967,0.400767197211583,-0.0129394218946497,0.103181506196658,0.0167755085974932,-0.257589642206828,0.960582991441091,-110.2730141485,-69.811560213861,-34.6400284908093,-133.120978909082,-90.6975425907025,-46.049970094684,-50.8922863409248,-56.9873737000574,-38.6787597518053
10-Nov-2024 02:54:42,12,75,-0.0416511202851931,0.403129414717356,-0.0159729729096095,0.130240125457446,0.0238432185103496,-0.267573893070221,0.954396800200145,-107.956846623717,-65.5278006458568,-32.0442418127706,-140.744786280197,-94.9778466487314,-48.5277488853336,-52.7060813312967,-62.2257855363395,-15.8936390876882
10-Nov-2024 02:54:56,12,76,-0.0375885580976804,0.403944408893585,-0.0180448171993097,0.153179535269737,0.0224099310735861,-0.237579617897669,0.958952442804972,-102.866357885171,-63.4273000904463,-31.4182313249038,-142.19359929573,-96.3327070160419,-49.6294188588273,-58.6454383890346,-66.4681834347237,-18.4390778267187
10-Nov-2024 02:55:19,12,77,-0.0510392690698306,0.399839808543523,-0.022885674238205,0.18280931909879,0.0204036644349496,-0.262754150231679,0.947166665395101,-96.1916539774766,-60.5945665885322,-30.260182428752,-143.096993062232,-97.3984846080898,-49.0538923374923,-31.2461341097478,-34.940102371098,-10.558145305601
10-Nov-2024 02:55:32,12,78,-0.0503283736606439,0.399591094255447,-0.025964055582881,0.19946359594663,0.0197951164096594,-0.255618598063787,0.945770267645518,-91.1011652389305,-58.4940660331217,-29.6341719408852,-144.545806077764,-98.7533449754003,-50.155562310986,-37.1854911674858,-39.1825002694822,-13.1035840446316
10-Nov-2024 02:56:36,12,79,-0.0444880532721678,0.40305059949557,-0.0249319342275461,0.217646493514379,0.0100446228558818,-0.209423878788948,0.953242258230845,-92.9435689158101,-69.0024490044594,-45.7671422488758,-147.596909468782,-104.763663955079,-60.9936340370653,-61.030517556712,-60.1896586868622,-40.1358371535879
10-Nov-2024 02:56:50,12,80,-0.039374016225338,0.40503612558047,-0.0266797789682945,0.226601927479108,0.00868667674561342,-0.187101530035337,0.955808103084564,-87.8530801772641,-66.9019484490489,-45.141131761009,-149.045722484314,-106.11852432239,-62.0953040105589,-66.9698746144499,-64.4320565852464,-42.6812758926185
10-Nov-2024 02:57:14,12,81,-0.0506271094083786,0.401366927226385,-0.0322463589409987,0.246078235904376,0.00831257371852795,-0.222810903191566,0.943255849679311,-84.5214929559031,-63.9953595439873,-39.2327047232297,-148.189973325149,-102.418751703958,-56.3298518230537,-51.0287750016282,-39.140415829842,-26.3802704686405
10-Nov-2024 02:57:27,12,82,-0.0481415636837482,0.402397531270981,-0.0295360709230105,0.245933435360591,0.00403835806064308,-0.20168661971887,0.948062725861867,-84.2484595268292,-67.2343288755516,-40.9947872875218,-148.858078978241,-101.116249779343,-55.8211987592556,-60.2598407230629,-40.5663948149405,-27.2358578596996
10-Nov-2024 02:58:19,12,83,-0.0442535787820816,0.405078653494517,-0.0246562161793311,0.239548918604851,0.00335479280911386,-0.195850432912509,0.950919413566589,-89.7961492016117,-73.625519088803,-46.8716150507781,-151.989257225204,-107.540112507819,-62.3591461336039,-64.7048237773693,-61.183563929788,-42.9131488432401
10-Nov-2024 02:58:33,12,84,-0.0421247164408366,0.407515788078308,-0.0213469290484985,0.240386105577151,-0.00570710931594173,-0.160028866926829,0.957378041744232,-89.5231157725379,-76.8644884203673,-48.6336976150701,-152.657362878296,-106.237610583203,-61.8504930698058,-73.9358894988041,-62.6095429148865,-43.7687362342992
10-Nov-2024 02:59:20,12,85,-0.0416327548523744,0.411300027370453,-0.0196861208726962,0.239757753411929,-0.0088257556160291,-0.151142131288846,0.958954850832621,-93.6604438953922,-80.7045681927751,-50.2781527788443,-155.157004828324,-109.998290985133,-63.2901402250808,-78.9739138866747,-65.9061169648596,-44.760175421599
10-Nov-2024 02:59:33,12,86,-0.0403102132181327,0.413475739955902,-0.0174737321833769,0.241083078583082,-0.0159579789886872,-0.120176173746586,0.962902875741323,-93.3874104663183,-83.9435375243394,-52.0402353431363,-155.825110481416,-108.695789060517,-62.7814871612827,-88.2049796081094,-67.3320959499581,-45.6157628126581
10-Nov-2024 03:00:19,12,87,-0.0398106664419174,0.415473322073619,-0.012777765840292,0.246905313928922,-0.0224386813739936,-0.108512768149376,0.96268337170283,-94.4195578132085,-87.1080620763255,-54.5685042071694,-158.233984282976,-108.874878299174,-63.0219842070212,-92.1895246627621,-69.618372467494,-46.1642761018376
10-Nov-2024 03:00:33,12,88,-0.0380440252522628,0.417666405439377,-0.00917839302370946,0.246083418528239,-0.0265940746913354,-0.0753786782423655,0.965947099526723,-94.1465243841347,-90.3470314078898,-56.3305867714614,-158.902089936068,-107.572376374558,-62.5133311432231,-101.420590384197,-71.0443514525925,-47.0198634928967
10-Nov-2024 03:01:19,12,89,-0.0361995997528235,0.419978316624959,-0.00489337261145314,0.252226763963699,-0.0313188771406809,-0.0548840043445428,0.965602699915568,-93.7010813430429,-97.448778349665,-57.5757624856239,-161.040579663395,-106.785670031579,-61.9292531341933,-107.278395772241,-71.8504792039096,-49.9719138330161
10-Nov-2024 03:01:33,12,90,-0.0329504502316316,0.420523579915365,-0.00452822167426348,0.246779855092367,-0.0264833996693293,-0.0587452528377374,0.966926761468252,-93.9024874291689,-92.4742991229748,-55.0509270988738,-158.419506314771,-103.686492665274,-60.3420686776358,-107.125379851286,-78.650468143499,-53.3343125294056
10-Nov-2024 03:02:14,12,91,-0.0302328512072563,0.417935482660929,-0.00494247985382875,0.242511537671089,-0.0244869086891413,-0.0423300375541051,0.968915232022603,-92.6676887092859,-87.5562087013901,-53.1676382870589,-156.908625003264,-97.2452130897876,-59.0921717484624,-108.360733763636,-74.4905314661972,-47.0949427003252
10-Nov-2024 03:02:27,12,92,-0.0254533809920152,0.418113358815511,-0.00713086621835828,0.243360399206479,-0.0189249900480111,-0.0448910656074683,0.968711698055267,-92.8690947954119,-82.5817294746999,-50.6428029003087,-154.287551654641,-94.1460357234828,-57.5049872919049,-108.207717842682,-81.2905204057865,-50.4573413967148
10-Nov-2024 03:03:11,12,93,-0.0227607683589061,0.417012117306391,-3.32390162232817e-06,0.220922805865606,-0.0151384272923072,-0.0317680177589258,0.974656224250793,-94.7523984785335,-86.3354446505624,-50.9137408010261,-152.596574324575,-90.8008072525871,-55.7114465990395,-110.62388683838,-77.5855465369301,-51.0438558303694
10-Nov-2024 03:03:25,12,94,-0.0178961124271154,0.417248956362406,-0.00200437978686144,0.219736922780673,-0.0111610626180967,-0.0330848276615143,0.974934120972951,-94.9538045646595,-81.3609654238722,-48.3889054142759,-149.975500975952,-87.7016298862823,-54.124262142482,-110.470870917426,-84.3855354765194,-54.4062545267589
10-Nov-2024 03:04:12,12,95,-0.0161003569761912,0.416141794125239,0.00285728705736498,0.192002059022586,-0.00712309771527847,-0.0309382326900959,0.980880896250407,-97.3461594492832,-83.7505833984583,-51.1619566712595,-147.144475636607,-85.829426967682,-54.8338995677705,-109.727447454797,-88.4080430118858,-54.805711091781
10-Nov-2024 03:04:25,12,96,-0.00929900854825974,0.416757529973984,0.00183618558415522,0.189793686072032,-0.00262310854159296,-0.0323668045302232,0.981286819775899,-97.5475655354092,-78.7761041717682,-48.6371212845094,-144.523402287984,-82.7302496013772,-53.246715111213,-109.574431533843,-95.2080319514751,-58.1681097881706
10-Nov-2024 03:05:13,12,97,-0.00413456264262398,0.414861788352331,0.00366860086408754,0.178870212038358,0.00306439766039451,-0.0124935326476892,0.983788593610128,-94.6444460207841,-80.1836735457164,-48.7612292196261,-141.572352944,-82.7195594589247,-51.4579415955786,-111.001211842052,-99.944280188953,-60.3490374188764
10-Nov-2024 03:05:26,12,98,0.00179440246429294,0.415586346387863,0.00249052223128577,0.176719308892886,0.00719813915590445,-0.0115604475761453,0.984167091051737,-94.8458521069101,-75.2091943190263,-46.2363938328759,-138.951279595376,-79.6203820926199,-49.8707571390211,-110.848195921097,-106.744269128542,-63.711436115266
10-Nov-2024 03:06:19,12,99,0.00487593036765854,0.414309215545654,0.00418943005303542,0.155478078126907,0.00875882382194201,-0.000869666532768558,0.987800153096517,-94.4699953926606,-79.2007393926556,-48.1860301070591,-136.015218249072,-81.6654483382412,-52.007778152925,-111.260078114725,-110.787387717076,-68.5080992788136
10-Nov-2024 03:06:32,12,100,0.0119296574344238,0.415559420982997,0.00318088660327097,0.153077464302381,0.0125298431764046,0.00248699438137313,0.9881316502889,-94.6714014787866,-74.2262601659655,-45.6611947203089,-133.394144900449,-78.5662709719364,-50.4205936963675,-111.10706219377,-117.587376656665,-71.8704979752032
10-Nov-2024 03:07:48,13,1,-0.0199369511256615,0.310078459978104,0.0076935941974322,-0.0131005922332406,-0.00211195261217654,0.0062775663100183,0.999892282485962,-11.25,-13.875,-5.55000000000001,-9.825,-12.6,-7.05000000000001,-7.72500000000001,-8.925,-10.65
10-Nov-2024 03:08:01,13,2,-0.0214995868504047,0.313436255852381,0.0094843956331412,-0.0406727905074755,-5.28605962396493e-05,0.0030689326270173,0.99916783173879,-19.1974418371239,-15.3228762920545,-6.09625909593366,-9.8256672062984,-14.1407527617459,-7.64269986317897,-12.3239172127109,-7.14818827257248,-9.58391296354347
10-Nov-2024 03:08:45,13,3,-0.0240999503682057,0.322307733694712,0.00913193393498659,-0.0651838516195615,0.000642246939241886,0.00252235362616678,0.997869904836019,-31.7948836742478,-20.558252584109,-11.7425181918673,-14.7388344125968,-21.1565055234917,-11.6853997263579,-21.7603344254217,-12.9838765451449,-10.6928259270869
10-Nov-2024 03:08:58,13,4,-0.0254008438438177,0.326266783475876,0.0113952346766988,-0.0947332814335823,0.00237043839879334,0.00614619444434841,0.995480906963348,-39.7423255113717,-22.0061288761635,-12.2887772878009,-14.7395016188952,-22.6972582852376,-12.2780995895369,-26.3592516381326,-11.2070648177174,-9.62673889063041
10-Nov-2024 03:09:45,13,5,-0.0233092414836089,0.332557974259059,0.0119263640294472,-0.127909823258718,0.00269499096708993,0.0102804994210601,0.991728885968526,-49.6397673484956,-26.997755168218,-15.0100363837346,-13.9714188251935,-27.0505110469835,-14.2207994527158,-33.4519188508434,-18.2615030902897,-14.4481518541738
10-Nov-2024 03:09:58,13,6,-0.0250593389074008,0.336617451906204,0.0144476799294353,-0.154037702083588,0.00414463992541035,0.0109464205180605,0.987995680173238,-57.5872091856195,-28.4456314602726,-15.5562954796682,-13.9720860314919,-28.5912638087294,-14.8134993158947,-38.0508360635543,-16.4846913628622,-13.3820648177173
10-Nov-2024 03:10:49,13,7,-0.0225554210444291,0.34296976129214,0.0159163681169351,-0.177463494737943,0.00384943581496676,0.0176573726038138,0.983961459000905,-67.0346510227434,-34.140382752327,-18.2400545756018,-16.5133782377903,-29.6632665704753,-18.9311991790736,-45.7716282762651,-25.8735046354347,-16.6097277812607
10-Nov-2024 03:11:02,13,8,-0.0240507534394662,0.347110199928284,0.0182589733352264,-0.206778253118197,0.00548344974716504,0.020315216233333,0.978161557515462,-74.9820928598674,-35.5882590443816,-18.7863136715355,-16.5140454440887,-31.2040193322213,-19.5238990422526,-50.370545488976,-24.0966929080072,-15.5436407448042
10-Nov-2024 03:11:54,13,9,-0.0219704400748014,0.349043142795563,0.0146275963634253,-0.18261566956838,0.00292556808951,0.0123326156288385,0.983102711041768,-74.5503712152339,-34.9915259381177,-21.1887687250097,-21.2610481134904,-36.5862399425707,-20.3384872040335,-51.0148790998323,-30.2350986752678,-20.3246027350407
10-Nov-2024 03:12:08,13,10,-0.0183619443327189,0.350174669424693,0.0137574686979254,-0.171049678325653,0.000582193187437952,0.00645490611592929,0.985241075356801,-70.2186495706004,-32.4213553318538,-19.897473778484,-23.9877382828921,-35.9028355529202,-19.9905753658145,-50.9982752106886,-37.6156919425284,-24.0086897252772
10-Nov-2024 03:12:56,13,11,-0.0157977603375912,0.347851459185282,0.0119306857387225,-0.135885382692019,-0.0021084810141474,0.0276441500832637,0.99033659696579,-65.3619279259669,-35.86290347559,-19.0280538319583,-27.4245847022937,-34.5022436632698,-21.2739135275955,-51.6871400715449,-34.7001914597888,-26.2162142155137
10-Nov-2024 03:13:10,13,12,-0.010710743876795,0.348774665594101,0.0104508696123958,-0.123280730346839,-0.00441729535038273,0.023820964122812,0.992076059182485,-61.0302062813334,-33.2927328693261,-17.7367588854326,-30.1512748716954,-33.8188392736193,-20.9260016893765,-51.6705361824013,-42.0807847270494,-29.9003012057502
10-Nov-2024 03:14:00,13,13,-0.00801691822707653,0.347377234697342,0.0102991500248512,-0.0852879991134008,-0.00325379429074625,0.0407264682153861,0.995518354574839,-55.7609846367,-35.0034216380624,-19.1314014389068,-32.4830431660971,-33.8268411339688,-21.9187148511575,-52.5316666682576,-47.1633311193099,-30.9711069459867
10-Nov-2024 03:14:13,13,14,-0.00131050418907156,0.348485525449117,0.00952345114201307,-0.0692489206790924,-0.00304244219635924,0.0400937435527643,0.996788803736369,-51.4292629920665,-32.4332510317985,-17.8401064923811,-35.2097333354988,-33.1434367443183,-21.5708030129384,-52.5150627791139,-54.5439243865704,-34.6551939362232
10-Nov-2024 03:15:06,13,15,0.00248346732308467,0.347437459230423,0.00787143148481846,-0.0162733400861422,-0.000259151575543607,0.0501284735898177,0.9986101826032,-44.078791347433,-34.0285101130349,-19.2417802958554,-39.8389625674004,-34.1557354796678,-22.1182036747194,-52.1123260774703,-61.0754942163309,-38.9076403014597
10-Nov-2024 03:15:20,13,16,0.0100786945472161,0.348975098133087,0.00615774538988868,0.0031432442056636,0.00403468245640397,0.0496022408207258,0.998755963643392,-39.7470697027996,-31.4583395067711,-17.9504853493297,-42.5656527368021,-33.4723310900174,-21.7702918365004,-52.0957221883266,-68.4560874835914,-42.5917272916962
10-Nov-2024 03:16:14,13,17,0.0118956639741858,0.348638977607091,0.00680808095882336,0.0282451948771874,0.0096199918538332,0.0605460939308008,0.997719347476959,-34.5059730581661,-35.5458837442576,-19.7306747778039,-44.6686124374538,-34.9867782628669,-23.2200362482814,-53.986051892933,-71.887169032102,-45.8849939694327
10-Nov-2024 03:16:28,13,18,0.00785127459093928,0.35130476752917,0.00314365606755018,0.0552142870922883,0.0140298087149858,0.0539469229678313,0.996917422612508,-33.9686973694943,-38.272968969756,-21.3669259131029,-52.4520354149464,-37.7311088138235,-24.8649100463095,-55.6762252919994,-67.7367573764137,-44.0824966641384
10-Nov-2024 03:17:18,13,19,0.00110706735868007,0.352686870098114,0.00328459224353234,0.0772764349977175,0.0157802748183409,0.0393999976416429,0.996105941136678,-35.3767341808224,-37.5039116171295,-21.613919235902,-58.648593158064,-38.5743651460302,-24.4086119693377,-55.6948654879408,-64.9865898613504,-42.534589202594
10-Nov-2024 03:17:32,13,20,-0.00310756034838657,0.355701001485189,-0.000124149078086096,0.107336174448331,0.0173265797396501,0.0307582491387924,0.993595850467682,-34.8394584921506,-40.2309968426278,-23.250170371201,-66.4320161355567,-41.3186956969868,-26.0534857673659,-57.3850388870073,-60.8361782056621,-40.7320918972997
10-Nov-2024 03:18:20,13,21,-0.00771658358474572,0.357183291514715,0.000350030531020214,0.136137504378955,0.0148339786877235,0.0269637155036132,0.990211872259776,-34.0748390534788,-41.4350107790637,-21.4917926002501,-73.4970064958618,-41.4624891385685,-24.8477736278941,-58.9144456845112,-57.0858886202863,-38.2318895138804
10-Nov-2024 03:18:33,13,22,-0.0123787478233377,0.360170189539591,-0.00299203257697324,0.163704936703046,0.0132836079845826,0.0192805554717779,0.986231486002604,-33.5375633648069,-44.1620960045621,-23.1280437355491,-81.2804294733544,-44.2068196895251,-26.4926474259222,-60.6046190835776,-52.935476964598,-36.4293922085861
10-Nov-2024 03:19:20,13,23,-0.0154278395076593,0.361239037911097,-0.00295310610284408,0.184355739752452,0.00656321430578828,0.0301896244287491,0.982373913129171,-32.1366158011351,-45.3776455855291,-22.6919804177232,-84.8046361422533,-44.3758816857943,-29.2622282552004,-64.0894091818628,-48.0851263440659,-33.6030423642293
10-Nov-2024 03:19:34,13,24,-0.021214892839392,0.36409467458725,-0.00583165899539987,0.210741307338079,0.00275197609638174,0.0211868272473415,0.977308392524719,-31.5993401124633,-48.1047308110275,-24.3282315530222,-92.5880591197459,-47.1202122367509,-30.9071020532285,-65.7795825809292,-43.9347146883776,-31.800545058935
10-Nov-2024 03:20:18,13,25,-0.0236061684787273,0.364434975385666,-0.00638698538144429,0.231418631474177,-0.0021266047998021,0.0112416510780652,0.972787006696065,-30.5552284862914,-49.4010482142602,-23.4283254617587,-96.7418739429417,-46.1769085103639,-32.7393293668817,-64.2420643296051,-41.6093335502674,-27.9861214841095
10-Nov-2024 03:20:31,13,26,-0.0287075328330199,0.365614432096481,-0.0145525357996424,0.244434426228205,-0.00725845672811071,0.00942229758948088,0.969592865308126,-27.2905110003784,-47.0691071528937,-22.0291608249388,-99.3617347165153,-53.2999910023308,-36.0676765067285,-62.5974661265972,-38.2831220849964,-26.0898216453373
10-Nov-2024 03:21:23,13,27,-0.0288060897340377,0.365952062606812,-0.0172454316169024,0.250414166847865,-0.00710107746223609,-0.0111491001521548,0.968048584461212,-28.9473755457153,-47.6217821803945,-22.8869175748377,-102.41679141294,-58.9542563556259,-39.9397004043879,-60.5390220983939,-40.2194258785143,-28.6625586717994
10-Nov-2024 03:21:36,13,28,-0.034936485439539,0.367545215288798,-0.0252508187045654,0.262717366218567,-0.0124421614532669,-0.0146305951600273,0.96468167702357,-25.6826580598022,-45.289841119028,-21.4877529380178,-105.036652186514,-66.0773388475929,-43.2680475442347,-58.894423895386,-36.8932144132432,-26.7662588330272
10-Nov-2024 03:22:34,13,29,-0.0344782861570517,0.36939636071523,-0.0232745360583067,0.258084698518117,-0.00616387942185005,-0.0504908179243406,0.964782377084096,-33.6537315895142,-48.6752081020954,-25.6420489945572,-108.774110921513,-71.6410127702239,-47.4682330629878,-56.6679027797805,-41.7482605773667,-29.5044774268722
10-Nov-2024 03:22:48,13,30,-0.0408888315161069,0.371314263343811,-0.0322977376480897,0.271840180953344,-0.0107700219377875,-0.0528337635099888,0.960830577214559,-30.3890141036011,-46.3432670407289,-24.2428843577374,-111.393971695087,-78.7640952621909,-50.7965802028346,-55.0233045767726,-38.4220491120956,-27.6081775881
10-Nov-2024 03:23:51,13,31,-0.0404943652451038,0.373255143562953,-0.0309643796334664,0.261643026272456,-0.00596544972310464,-0.0723061377803485,0.962434001763662,-37.992192125501,-49.7199800015796,-29.8954500675971,-114.422631449374,-84.7324734694899,-54.2608465321346,-53.2377449174658,-43.0864664615221,-31.3291369656363
10-Nov-2024 03:24:05,13,32,-0.0463194884359837,0.375752399365107,-0.0388579351206621,0.273766201734543,-0.00977428015321493,-0.0776498645544052,0.958606763680776,-34.7274746395879,-47.3880389402131,-28.4962854307773,-117.042492222947,-91.8555559614569,-57.5891936719814,-51.5931467144579,-39.7602549962511,-29.4328371268642
10-Nov-2024 03:25:13,13,33,-0.0464582527677218,0.377585238218307,-0.0376334925492605,0.266133338212967,0.00015004832627407,-0.100498065849145,0.958683061599731,-41.4717049075818,-55.3354248899556,-31.6729859672974,-120.541752486877,-95.6262863110899,-62.1855004065548,-50.4780677833006,-45.3043579383292,-33.0451668962464
10-Nov-2024 03:25:27,13,34,-0.0518397835393747,0.379957477251689,-0.044744735211134,0.275330730279287,-0.00213441666370879,-0.105910015106201,0.955495417118073,-38.2069874216687,-53.0034838285892,-30.2738213304775,-123.161613260451,-102.749368803057,-65.5138475464016,-48.8334695802927,-41.9781464730581,-31.1488670574743
10-Nov-2024 03:26:35,13,35,-0.047980501751105,0.382710444927216,-0.0425209512313207,0.263321775197983,0.00066273840299497,-0.0965778306126595,0.959861437479655,-45.16738055027,-56.0165670058851,-34.7808057201925,-125.320401731593,-105.930978352059,-68.2215621210236,-55.413928897598,-49.2332599403336,-35.1455019605261
10-Nov-2024 03:26:48,13,36,-0.0482357315719128,0.385218765338262,-0.0404140854875247,0.248832394679387,0.00551488269120455,-0.111015946169694,0.96214736700058,-51.3982998019178,-59.2149866776266,-36.6998575232374,-126.439490457557,-108.538763972228,-69.8452968982824,-55.9546285789781,-53.9282162039344,-37.8128220595007
10-Nov-2024 03:27:34,13,37,-0.0497655453781287,0.38808451294899,-0.0514979749917984,0.273193599780401,0.0104290448129177,-0.108590055505435,0.955753477414449,-29.9439559920415,-31.0457381021441,-18.9128756196172,-131.52842905611,-117.658461556814,-72.6110215742227,-56.9652080783208,-51.3532510693723,-37.6947995605138
10-Nov-2024 03:27:48,13,38,-0.0478849922617276,0.389945046106974,-0.0525425411760807,0.269210376342138,0.0178661727656921,-0.11766077876091,0.9557000319163,-36.1748752436893,-34.2441577738855,-20.831927422662,-132.647517782073,-120.266247176983,-74.2347563514815,-57.5059077597008,-56.0482073329731,-40.3621196594883
10-Nov-2024 03:28:11,13,39,-0.0583646746973197,0.38652273217837,-0.0512148415048917,0.272994293769201,0.00816019289195538,-0.129165271917979,0.953269664446513,-29.463162964575,-21.533743322015,-12.5979623723743,-125.701531444332,-114.654988779361,-65.0294860780812,-47.2565473500623,-38.2832028974919,-26.7117684594821
10-Nov-2024 03:28:25,13,40,-0.0566960704823335,0.386481406291326,-0.0518706967433294,0.273456448316574,0.00847539684424798,-0.12776649693648,0.953323046366374,-35.6940822162228,-24.7321629937564,-14.5170141754192,-126.820620170296,-117.26277439953,-66.6532208553399,-47.7972470314424,-42.9781591610927,-29.3790885584566
10-Nov-2024 03:29:11,13,41,-0.0508398376405239,0.390108984708786,-0.053308458874623,0.260982857147853,0.0126174930483103,-0.101027250786622,0.959959522883097,-48.1286857024894,-19.1511656036919,-11.3595575517978,-130.432171364407,-125.961038010803,-72.9874531072691,-59.8179166673131,-50.8431350751524,-39.4125730079407
10-Nov-2024 03:29:25,13,42,-0.0491521189610163,0.39238546093305,-0.0537459351122379,0.251805657148361,0.0201028615236282,-0.113743700583776,0.96086014509201,-54.3596049541372,-22.3495852754333,-13.2786093548427,-131.55126009037,-128.568823630972,-74.6111878845278,-60.3586163486931,-55.5380913387532,-42.0798931069152
10-Nov-2024 03:29:55,13,43,-0.0493643363316854,0.392288013299306,-0.0492398110528787,0.24810516834259,0.0196489254633586,-0.109622653822104,0.962310047944387,-55.3673663230945,-21.1582964162717,-12.6594069445544,-127.166580050408,-122.746848246694,-67.5651713991218,-61.6143010073185,-50.4930574275835,-41.3052953811445
10-Nov-2024 03:30:08,13,44,-0.0512378009657065,0.393240249156952,-0.0455510591467222,0.233225314815839,0.0198337137699127,-0.117885313928127,0.965046850840251,-60.2194771220947,-28.0274196647983,-16.0357832210766,-126.772470963976,-121.469337741362,-66.8682307987152,-59.6757542330652,-48.4126014090017,-40.2068820241126
10-Nov-2024 03:30:34,13,45,-0.0534148876865705,0.3889269053936,-0.042397316545248,0.226402777433395,0.018105848506093,-0.13093014160792,0.965023962656657,-58.3350089797497,-33.0766886478734,-18.1430323909323,-123.326477494581,-117.476946733807,-62.1364145669761,-54.5696999474346,-37.8621503030346,-29.212509754708
10-Nov-2024 03:30:48,13,46,-0.0536410935223103,0.389922211567561,-0.0389850584169229,0.211599101622899,0.0186573900282383,-0.138250865538915,0.967349155743917,-63.1871197787499,-39.9458118964,-21.5194086674545,-122.932368408149,-116.199436228476,-61.4394739665694,-52.6311531731813,-35.7816942844528,-28.1140963976761
10-Nov-2024 03:31:44,13,47,-0.0493778713047504,0.393007373809814,-0.0366821462909381,0.181205118695895,0.0229569267481565,-0.135218759377797,0.973834482828776,-70.6709411070775,-61.4300080122007,-39.5612213906434,-126.187317130235,-123.614485472033,-68.1750955504966,-59.7588526432393,-54.3662407221781,-39.3177035844577
10-Nov-2024 03:31:57,13,48,-0.0540148792167505,0.39382772843043,-0.029111551741759,0.168313066164652,0.017761721337835,-0.143209505081177,0.975113491217295,-75.5230519060777,-68.2991312607273,-42.9375976671656,-125.793208043804,-122.336974966702,-67.4781549500899,-57.820305868986,-52.2857847035963,-38.2192902274257
10-Nov-2024 03:32:20,13,49,-0.0602712733050187,0.391022324562073,-0.0270543590188026,0.163412870963415,0.023372994735837,-0.173050015171369,0.970980747540792,-74.3410179697416,-66.575790942891,-38.3466921670212,-123.098627861631,-114.305744335814,-61.9474954418501,-40.3148822168885,-36.8378299131682,-24.8218871423006
10-Nov-2024 03:32:34,13,50,-0.0596553889413675,0.39169944524765,-0.0218908539662758,0.154945416251818,0.0181664166351159,-0.173294079303741,0.972435506184896,-79.1931287687419,-73.4449141914176,-41.7230684435434,-122.704518775199,-113.028233830483,-61.2505548414434,-38.3763354426352,-34.7573738945864,-23.7234737852687
10-Nov-2024 03:33:33,13,51,-0.0530301935970783,0.396876905361811,-0.0157229034850995,0.120885240038236,0.0169795614977678,-0.16024669110775,0.979499590396881,-90.2531672000739,-80.2178056567627,-52.9658038317323,-125.735174140897,-118.348863262374,-66.3867547871202,-61.87935022946,-56.5931684900815,-39.42556556419
10-Nov-2024 03:33:46,13,52,-0.0579880324502786,0.39828310807546,-0.00771864304939906,0.106321230034033,0.0127825566877921,-0.169410243630409,0.97971043586731,-95.1052779990741,-87.0869289052893,-56.3421801082545,-125.341065054465,-117.071352757043,-65.6898141867135,-59.9408034552067,-54.5127124714997,-38.327152207158
10-Nov-2024 03:34:10,13,53,-0.0603648116191228,0.396079687277476,-0.0025786180049181,0.101010508835316,0.0102863133574526,-0.190147453546524,0.976491192976634,-94.0613526142403,-91.2079362622252,-51.9517359406101,-122.234338194098,-108.892912220322,-59.8844438593486,-37.1980374614923,-34.1653817599562,-22.4539914181028
10-Nov-2024 03:34:23,13,54,-0.0641875421007474,0.397873153289159,0.00351508435172339,0.0870937357346217,0.00532126988594731,-0.195105984807014,0.97689300775528,-98.9134634132405,-98.0770595107518,-55.3281122171323,-121.840229107666,-107.615401714991,-59.1875032589419,-35.259490687239,-32.0849257413743,-21.3555780610708
10-Nov-2024 03:35:23,13,55,-0.0523931148151557,0.402183185021083,0.0067833530716598,0.0357852744559447,0.014454306041201,-0.190948982040087,0.980840933322906,-111.35578331768,-102.703177214686,-52.7850075259861,-122.524046989134,-107.040569457044,-60.2738224804086,-64.2454289625202,-57.1286654556163,-42.7095105814926
10-Nov-2024 03:35:36,13,56,-0.0533123545348644,0.403961948553721,0.0113351575409373,0.0184834495186806,0.0114093076437712,-0.195974444349607,0.980368403593699,-116.696121314037,-104.653352864416,-53.8253130569232,-119.089173757569,-100.991202214791,-57.3143565653545,-65.1584768475315,-57.7808425163387,-43.100816817926
10-Nov-2024 03:36:12,13,57,-0.0541594135264556,0.400688256820043,0.0173094809055328,0.00606398992240429,0.00652288732429345,-0.213762969772021,0.976844966411591,-115.312450264435,-102.391499541248,-52.6239134768186,-117.713646082521,-88.9791024646914,-55.3277832185608,-58.5079699276776,-55.5538009038208,-25.9984361963537
10-Nov-2024 03:36:26,13,58,-0.0522507580618064,0.401798162857691,0.0229951296001673,-0.00773969339206815,0.00285492291053136,-0.218120152751605,0.975887048244476,-120.652788260791,-104.341675190977,-53.6642190077557,-114.278772850957,-82.9297352224387,-52.3683173035067,-59.421017812689,-56.2059779645432,-26.3897424327871
10-Nov-2024 03:37:13,13,59,-0.0477063027520974,0.402802902460098,0.0235718021790187,-0.0591286574800809,-0.00152292378867666,-0.225813982884089,0.972373159726461,-129.906121734169,-104.185836354258,-53.5836719831719,-112.098572397651,-80.4240017262624,-51.9952976725828,-60.6022882952676,-56.3935456886454,-40.5342052402175
10-Nov-2024 03:37:27,13,60,-0.04846228013436,0.40504780014356,0.0294435842583577,-0.0774519835909208,-0.00769130224362016,-0.233394362529119,0.969262154897054,-135.246459730525,-106.136012003988,-54.623977514109,-108.663699166086,-74.3746344840097,-49.0358317575287,-61.515336180279,-57.0457227493678,-40.9255114766509
10-Nov-2024 03:38:04,13,61,-0.0448449005683263,0.401690242687861,0.0373870390156905,-0.111912738780181,-0.0169495622316996,-0.224278679490089,0.967929422855377,-136.468295465392,-107.033180410493,-55.1038567672856,-98.8811623236513,-64.5470841147953,-38.7445889845397,-59.4124953640738,-58.5905951417801,-39.7933959985828
10-Nov-2024 03:38:17,13,62,-0.0454778455197811,0.402633885542552,0.0418880681196849,-0.146182463566462,-0.0171436780442794,-0.223169359564781,0.963603754838308,-141.808633461749,-108.983356060223,-56.1441622982227,-95.446289092087,-58.4977168725426,-35.7851230694856,-60.3255432490852,-59.2427722025025,-40.1847022350162
10-Nov-2024 03:38:40,13,63,-0.0543740903337796,0.399521501859029,0.0459626624981562,-0.173318370183309,-0.013482732574145,-0.247329786419868,0.95320877234141,-143.96472032736,-110.40702808834,-56.9042546902796,-88.6875840550872,-49.134258066809,-28.7097687254641,-43.2306467834881,-38.5162969290695,-26.3142976141991
10-Nov-2024 03:38:53,13,64,-0.0572615494330724,0.400992117325465,0.049579057097435,-0.201263802250226,-0.0123586264749368,-0.251532485087713,0.946610502401988,-149.305058323717,-112.35720373807,-57.9445602212166,-85.2527108235229,-43.0848908245563,-25.75030281041,-44.1436946684994,-39.1684739897918,-26.7056038506325
10-Nov-2024 03:40:02,13,65,-0.05430580402414,0.406690627336502,0.0491291570166747,-0.233649909496307,0.00279114625106255,-0.2086059431235,0.949675476551056,-156.653270754701,-119.144127576994,-72.7197591827136,-87.2809216892409,-72.2034778005632,-46.307892680872,-64.7777703782067,-60.9313248834368,-37.8910546584404
10-Nov-2024 03:40:16,13,66,-0.0556877921024958,0.409274184703827,0.0549682803452015,-0.251618738969167,0.00159242594769845,-0.214845136801402,0.943677393595378,-161.993608751058,-121.094303226723,-73.7600647136506,-83.8460484576766,-66.1541105583105,-43.3484267658179,-65.690818263218,-61.5835019441591,-38.2823608948738
10-Nov-2024 03:41:12,13,67,-0.0590196505188942,0.409366158644358,0.0554224791626136,-0.272558502356211,0.0186470142255227,-0.191758539279302,0.942652050654093,-163.193768600795,-125.917723152265,-78.2526374631687,-79.6634234969813,-72.7009061328721,-49.3484670100575,-68.1730839781342,-61.8648700482778,-36.6900518931555
10-Nov-2024 03:41:26,13,68,-0.0565553404390812,0.410215119520823,0.056318124383688,-0.290006496508916,0.0291661171863476,-0.152814167737961,0.94429497718811,-159.789991233218,-126.74776898321,-78.5777634974069,-73.2742564876449,-73.0637245983036,-49.439979361539,-75.6448357807026,-60.9659012359351,-36.1506706057499
10-Nov-2024 03:42:20,13,69,-0.0594963895777861,0.407600394884745,0.0584639899432659,-0.283875650167465,0.0436595663428307,-0.140186057488124,0.947552827994029,-158.088182474299,-131.449501861453,-80.836612889285,-69.938360502629,-73.0685316183002,-50.0107556593995,-73.7218445394448,-61.8571008818231,-37.0348254611879
10-Nov-2024 03:42:34,13,70,-0.0573940406243006,0.40819412668546,0.059274335950613,-0.299166138966878,0.0561395970483621,-0.104407011469205,0.946808950106303,-154.684405106722,-132.279547692398,-81.1617389235232,-63.5491934932926,-73.4313500837316,-50.102268010881,-81.1935963420131,-60.9581320694803,-36.4954441737822
10-Nov-2024 03:43:31,13,71,-0.0596321841080983,0.407333002487818,0.059836051116387,-0.265134298801422,0.0613857309023539,-0.0913298706213633,0.95791152715683,-150.781612043474,-138.120437046992,-82.6037266365814,-66.6366619961164,-73.3151628264456,-49.758412335552,-81.1179766226684,-61.254247486253,-38.2428309577984
10-Nov-2024 03:43:44,13,72,-0.0562557063996792,0.407964400450389,0.0602491738895575,-0.278358985980352,0.0718634123603503,-0.0524858261148135,0.956345760822296,-147.377834675897,-138.950482877937,-82.9288526708195,-60.24749498678,-73.6779812918771,-49.8499246870335,-88.5897284252368,-60.3552786739103,-37.7034496703927
10-Nov-2024 03:44:44,13,73,-0.0565521731972694,0.407784316937129,0.0587723240256309,-0.246477911869685,0.0757085074981054,-0.0347551656266053,0.965561465422312,-144.774549460485,-142.585950470707,-83.8874095444677,-65.1966457335238,-73.2012968959498,-52.7237530251098,-91.6127944668486,-60.2038519761253,-40.782452418698
10-Nov-2024 03:44:58,13,74,-0.0541923356552919,0.409735639890035,0.0621963135898113,-0.267214198907216,0.0761210178335508,-0.0407294144233068,0.959762112299601,-150.538807317238,-138.291879458573,-81.7201477938068,-62.1669671956332,-69.3370196319105,-50.7713881484961,-91.9947907597184,-64.4168371568475,-42.8687187644651
10-Nov-2024 03:45:21,13,75,-0.0573234970370928,0.405591295162837,0.056497585773468,-0.30065131187439,0.0853229577342669,-0.0442685047785441,0.948877775669098,-152.203311250074,-123.475519327351,-68.6196014628509,-42.0814475357829,-45.1779909371915,-30.6351812651799,-86.47744417211,-45.0035933948479,-29.4391771280877
10-Nov-2024 03:45:35,13,76,-0.0548007542888323,0.406630786259969,0.0542165068288644,-0.325905565420787,0.0837417736649513,-0.0558851038416227,0.940026430288951,-157.967569106827,-119.181448315218,-66.45233971219,-39.0517689978923,-41.3137136731522,-28.6828163885662,-86.8594404649798,-49.2165785755701,-31.5254434738548
10-Nov-2024 03:46:45,13,77,-0.0488769121468067,0.409490245580673,0.0457221992313862,-0.316324790318807,0.0681506385405858,-0.0769771814346314,0.943063457806905,-162.731950001621,-122.97623274354,-69.6184356713815,-63.3441698990222,-73.2020606937739,-49.6635305086014,-89.9167653176105,-61.2664492849313,-39.4288058285495
10-Nov-2024 03:46:59,13,78,-0.0455002903938293,0.411608503262202,0.0508740372955799,-0.3412954946359,0.0617194145917892,-0.0862881099184354,0.933949899673462,-168.496207858374,-118.682161731406,-67.4511739207206,-60.3144913611317,-69.3377834297346,-47.7111656319878,-90.2987616104803,-65.4794344656534,-41.5150721743166
10-Nov-2024 03:47:56,13,79,-0.0479702927172184,0.412923991680145,0.0451768298943837,-0.334886636336645,0.066828312476476,-0.083125035961469,0.936202538013458,-169.575839084142,-122.514168605697,-71.4305333433279,-65.0002555123726,-76.5780054785603,-50.4410510742093,-93.4572327334416,-61.4376706971032,-42.199907902995
10-Nov-2024 03:48:10,13,80,-0.0437183454632759,0.414724789063136,0.0435470094283422,-0.314502787590027,0.0534223772585392,-0.0940908739964167,0.943069954713186,-168.680408790889,-122.451747759761,-71.468213911009,-71.4749799441032,-77.2669153850551,-50.8543970181062,-94.2280395765224,-68.2524641642333,-45.6761956272096
10-Nov-2024 03:48:33,13,81,-0.0403150675197442,0.410342838366826,0.0469206904371579,-0.345108536879222,0.0524287069837252,-0.0752404898405075,0.93407176733017,-164.122509257147,-111.886540773938,-61.4017339061534,-57.2552242355887,-46.2064813627142,-30.376012711165,-89.1426785595436,-65.1389790135233,-39.2817573536561
10-Nov-2024 03:48:47,13,82,-0.0379388379553954,0.41129042506218,0.0444166394571463,-0.329599835475286,0.0460630282759666,-0.0857638090848923,0.939088189601898,-163.227078963894,-111.824119928001,-61.4394144738345,-63.7299486673193,-46.895391269209,-30.7893586550619,-89.9134854026244,-71.9537724806534,-42.7580450778707
10-Nov-2024 03:49:44,13,83,-0.0333575042585532,0.411456763744354,0.0406466054419676,-0.312210299571355,0.0317191064357758,-0.100547408560912,0.944144519170125,-166.275414050396,-117.535306012122,-66.0250147552472,-67.5824330289273,-74.6096292112868,-51.20683947354,-90.8312083156754,-79.6544266388634,-50.4489698032012
10-Nov-2024 03:49:58,13,84,-0.0296162874748309,0.413336557149887,0.0384707771241665,-0.290088685353597,0.021055472518007,-0.110987841586272,0.950308855374654,-165.379983757144,-117.472885166185,-66.0626953229283,-74.057157460658,-75.2985391177816,-51.6201854174369,-91.6020151587563,-86.4692201059936,-53.9252575274157
10-Nov-2024 03:50:48,13,85,-0.0246763275315364,0.415393646558126,0.0389425903558731,-0.28044606645902,0.010448688827455,-0.101782844463984,0.954400912920634,-165.856436153768,-118.947267785277,-68.3743357474751,-77.0457618573273,-76.0751130420681,-53.0355987986245,-96.6462800368222,-90.0519439186637,-60.0338637521882
10-Nov-2024 03:51:02,13,86,-0.0209242609639963,0.417564670244853,0.0368931616346041,-0.258752340078354,0.00428220999116699,-0.109515459338824,0.959705821673075,-164.961005860516,-118.88484693934,-68.4120163151563,-83.520486289058,-76.7640229485629,-53.4489447425214,-97.4170868799031,-96.8667373857938,-63.5101514764028
10-Nov-2024 03:51:55,13,87,-0.0154791091879209,0.420751065015793,0.035018269220988,-0.23562592168649,-0.00277211700255672,-0.0886062582333883,0.967792193094889,-163.926516912202,-119.290827825917,-68.9866768112703,-89.677150703258,-79.8967648639537,-54.2883244050637,-104.899622740476,-102.515496025694,-69.4275984508963
10-Nov-2024 03:52:08,13,88,-0.0117337265362342,0.423087557156881,0.0330968618392944,-0.214906105399132,-0.00666641981030504,-0.0941024149457614,0.972067733605703,-163.031086618949,-119.228406979981,-69.0243573789514,-96.1518751349886,-80.5856747704485,-54.7016703489606,-105.670429583557,-109.330289492824,-72.9038861751108
10-Nov-2024 03:53:00,13,89,-0.0125643541415532,0.423539773623149,0.0406515037020048,-0.235704345504443,-0.0118086447939277,-0.0940894265969594,0.967187281449636,-166.254683110954,-125.240783195131,-73.8074270570454,-90.2856752441408,-80.2875111692045,-54.3926394448681,-105.957778640551,-112.343320468472,-74.5104820343124
10-Nov-2024 03:53:13,13,90,-0.0132941793650389,0.425412066777547,0.0482565591732661,-0.256471165021261,-0.0143771661445498,-0.0941434805591901,0.961848660310109,-171.04780893049,-130.868958544025,-76.447006770923,-85.9285053620583,-78.5424315635126,-53.345591681453,-106.789263188798,-114.964368857734,-75.6464982683745
10-Nov-2024 03:54:01,13,91,-0.00837279266367356,0.424935046831767,0.0466039749483267,-0.2677652378877,-0.0253355239828428,-0.0917021960020065,0.958775591850281,-171.456170086261,-127.539234326047,-69.4333314669088,-83.8168204755931,-78.4958099600447,-54.6175523476992,-106.898679991418,-119.431408540189,-76.7928043150064
10-Nov-2024 03:54:14,13,92,-0.00879948015014331,0.42645805478096,0.0534103254477183,-0.289217110474904,-0.0278980718304714,-0.0902818535765012,0.952588224411011,-176.249295905797,-133.167409674941,-72.0729111807864,-79.4596505935105,-76.7507303543527,-53.570504584284,-107.730164539665,-122.052456929452,-77.9288205490685
10-Nov-2024 03:55:05,13,93,-0.00405866059785088,0.425000107288361,0.0427857965230942,-0.272398012876511,-0.0399379260838032,-0.0966185341278712,0.956487957636515,-172.663214937771,-127.639863827223,-64.7104057472707,-82.4951279245888,-74.059160431174,-57.5105294445405,-106.254880335608,-124.423477868775,-76.4963982092877
10-Nov-2024 03:55:18,13,94,-0.0038649156379203,0.425241976976395,0.0391824208199978,-0.256237520774206,-0.03802438651522,-0.0978396301468213,0.960897449652354,-165.944516301628,-122.691267762942,-62.3245278227008,-85.1578627578583,-74.9433615068833,-58.0410500899662,-104.315630004364,-121.071503161502,-74.908830963222
10-Nov-2024 03:56:12,13,95,-0.00761686153709888,0.42070574760437,0.0372390059133371,-0.21947625875473,-0.0251070789992809,-0.0881790449221929,0.971300303936005,-160.567126499544,-122.628196806942,-67.3503361436579,-86.7319688400322,-76.2146770831487,-55.8513228428071,-103.658362736714,-120.056026277527,-73.0988361702988
10-Nov-2024 03:56:26,13,96,-0.00750759191190203,0.420239549875259,0.0347430152197679,-0.20083588163058,-0.0234256688505411,-0.084167151649793,0.975721335411072,-153.848427863401,-117.67960074266,-64.964458219088,-89.3947036733018,-77.0988781588581,-56.3818434882328,-101.71911240547,-116.704051570253,-71.5112689242331
10-Nov-2024 03:57:19,13,97,-0.00893772654235363,0.41601420044899,0.0303912971168756,-0.173303416371346,-0.0134194327518344,-0.0747424388925235,0.981936585903168,-149.000383644287,-115.54876723252,-65.3844234172816,-91.9631241310235,-76.1516364848454,-53.6772401873659,-101.470853606023,-114.370325774629,-69.9624879047387
10-Nov-2024 03:57:33,13,98,-0.00939606875181198,0.416093536218007,0.0285460287084182,-0.159974280993144,-0.0121518487110734,-0.075051670273145,0.984188942114512,-142.281685008145,-110.600171168238,-62.9985454927117,-94.6258589642931,-77.0358375605548,-54.2077608327916,-99.5316032747789,-111.018351067356,-68.374920658673
10-Nov-2024 03:58:23,13,99,-0.00829241933921973,0.410859058300654,0.0224040870865186,-0.124432930847009,-0.00746878503511349,-0.0797244181235631,0.988991761207581,-137.698313580516,-106.010456381027,-59.6155891295236,-95.8914366097888,-75.429317261403,-50.6457195050708,-95.2878487094334,-109.525500815907,-66.206746525893
10-Nov-2024 03:58:37,13,100,-0.00850714252640804,0.410955681403478,0.0193899204333623,-0.110725389917692,-0.00612202128395438,-0.0801979412635167,0.990591116746267,-130.979614944373,-101.061860316745,-57.2297112049537,-98.5541714430583,-76.3135183371124,-51.1762401504964,-93.3485983781896,-106.173526108634,-64.6191792798273
10-Nov-2024 03:59:56,14,1,-0.0202221222221851,0.312283217906952,0.00665541815881928,0.00261126275484761,-0.00624434541290005,0.00390639815789958,0.999969498316447,-14.175,-15.8999999999999,-6.22500000000001,-12,-12.3,-7.72500000000001,-9.075,-9.525,-10.95
10-Nov-2024 04:00:09,14,2,-0.0175608543058236,0.315282219648361,0.00781623832881451,-0.00216332684891919,-0.00543600131447117,0.0324171644945939,0.999457331498464,-15.95694036568,-17.4074883214393,-7.0004471337263,-12.3038664396085,-12.5170474568632,-7.85522847411795,-18.0246565058878,-11.8706003301516,-12.144501652228
10-Nov-2024 04:00:54,14,3,-0.0165895558893681,0.323899930715561,0.00817224370936553,-0.0167176865041256,-0.00434179582322637,0.0660534014304479,0.997666625181834,-23.62638073136,-23.7149766428786,-10.5133942674526,-16.3577328792169,-19.9340949137263,-11.8479569482358,-31.4368130117755,-15.3787006603031,-17.6890033044559
10-Nov-2024 04:01:07,14,4,-0.0136821505924066,0.327166436115901,0.00933752159277598,-0.0247012077520291,-0.0051406206873556,0.0981643388668696,0.994850357373556,-25.40832109704,-25.222464964318,-11.2888414011789,-16.6615993188255,-20.1511423705896,-11.9781854223538,-40.3864695176634,-17.7243009904547,-18.8835049566839
10-Nov-2024 04:01:54,14,5,-0.0121106101199985,0.333553173144658,0.00868579111993313,-0.0324015120665232,-0.0063538009300828,0.122142425676187,0.991963223616282,-30.50901146272,-29.5799532857574,-13.5830385349051,-20.0404657584339,-25.9931898274527,-14.4146638964717,-50.3673760235511,-23.3511513206062,-22.4030066089118
10-Nov-2024 04:02:07,14,6,-0.00980770407865445,0.337841814756393,0.00941827663530906,-0.0311092955370744,-0.0069831831070284,0.148815883199374,0.988350816567739,-32.2909518284,-31.0874416071967,-14.3584856686314,-20.3443321980424,-26.2102372843159,-14.5448923705896,-59.3170325294389,-25.6967516507577,-23.5975082611398
10-Nov-2024 04:02:53,14,7,-0.00781191966185967,0.340488386154175,0.00890200914194187,-0.0353032261133194,-0.00706842824195822,0.182149589061737,0.982611473401388,-32.5072671940801,-34.7699299286361,-15.1433078023577,-19.4106986376509,-29.4647847411791,-17.8532458447075,-68.1073140353267,-28.1829769809093,-26.6295099133677
10-Nov-2024 04:03:06,14,8,-0.00475902889544765,0.344350761175156,0.0112902397910754,-0.0484027527272701,-0.00753627739225825,0.209981835881869,0.97647735675176,-34.2892075597601,-36.2774182500755,-15.918754936084,-19.7145650772594,-29.6818321980423,-17.9834743188254,-77.0569705412145,-30.5285773110608,-27.8240115655957
10-Nov-2024 04:03:51,14,9,-0.00395168775382141,0.347516437371572,0.0103389611467719,-0.0532643236219883,-0.00856727951516708,0.223815512657166,0.97313726345698,-35.7383354254402,-37.1474065715149,-16.9238895698103,-20.5246815168679,-32.5426296549055,-19.9277652929433,-82.0269395471023,-33.3944901412124,-29.4122632178237
10-Nov-2024 04:04:05,14,10,-0.000475407499531381,0.351243762175242,0.0120648017774026,-0.060461134960254,-0.00956793303291003,0.25791317820549,0.964226988951365,-37.5202757911202,-38.6548948929543,-17.6993367035365,-20.8285479564764,-32.7596771117687,-20.0579937670612,-90.9765960529901,-35.7400904713639,-30.6067648700516
10-Nov-2024 04:04:50,14,11,0.000290149960589285,0.354167089859645,0.0100268362089992,-0.0611595769723256,-0.012575447683533,0.278745331366857,0.958333162466685,-38.1608099068003,-38.8686332143937,-18.8146275872628,-21.3105393960849,-36.473599568632,-22.5952534911791,-98.236408808878,-37.6708470515155,-32.2231415222796
10-Nov-2024 04:05:03,14,12,-0.00682641010110577,0.35593286951383,0.0106440858294566,-0.0398779953519503,-0.00759370513260365,0.260843235254288,0.964527265230815,-39.3168737765233,-43.161049987415,-20.7555570074059,-27.9055968213182,-34.4208099049564,-21.3635796929738,-94.930703121215,-34.3697762098308,-30.3673271350697
10-Nov-2024 04:05:54,14,13,-0.0107301386694113,0.358247482776642,0.00997203141450882,-0.0279117452601592,-0.00278860543233653,0.229419186711311,0.972923461596171,-42.4522345212464,-47.1065917604363,-23.241408302549,-34.8147167465516,-41.3164577412813,-23.8104215197684,-94.3800755585521,-37.9862834931461,-26.8474502478598
10-Nov-2024 04:06:07,14,14,-0.0165728205194076,0.359872011343638,0.0114650931830208,-0.0134917298952738,0.00035525321145542,0.212902920444806,0.97698016166687,-43.6082983909694,-51.3990085334576,-25.1823377226921,-41.4097741717849,-39.2636680776057,-22.5787477215631,-91.0743698708891,-34.6852126514614,-24.9916358606499
10-Nov-2024 04:07:04,14,15,-0.0169782284647226,0.362097414334615,0.0106452538321416,0.00568413625781735,0.0027665874765565,0.182726538181305,0.983143472671509,-47.4790106981925,-53.3429878064789,-28.9707280803352,-48.9118628470182,-43.2600971639306,-28.0613317358577,-90.2712032457261,-39.3429308722767,-27.85379022344
10-Nov-2024 04:07:17,14,16,-0.022913025940458,0.36413591504097,0.0111551674703757,0.024284803122282,0.00436035577828685,0.163299729426702,0.986267964045207,-48.6350745679155,-57.6354045795003,-30.9116575004783,-55.5069202722515,-41.207307500255,-26.8296579376523,-86.9654975580632,-36.041860030592,-25.9979758362301
10-Nov-2024 04:08:18,14,17,-0.0207203831523657,0.367212462425232,0.010497562525173,0.0440488571921984,0.00524203311651945,0.125981507698695,0.991040349006653,-53.0234626563885,-59.3286026025216,-33.4763173893714,-63.7554933224848,-47.87912721158,-28.7301130456971,-86.9360614016502,-43.4701837201576,-28.8261458240202
10-Nov-2024 04:08:32,14,18,-0.0265918346742789,0.369808795054754,0.0116153546919425,0.0647967393199603,0.00524583887308836,0.108699886500835,0.991946693261464,-54.1795265261116,-63.6210193755429,-35.4172468095145,-70.3505507477181,-45.8263375479044,-27.4984392474917,-83.6303557139872,-40.1691128784729,-26.9703314368103
10-Nov-2024 04:09:30,14,19,-0.0229114945977926,0.370766470829646,0.00684260533501705,0.0822499513626099,-0.00281990328803658,0.070620359480381,0.994102517763774,-56.2972497799736,-58.3403976931665,-34.4274050035815,-76.580639557533,-52.0448601622093,-30.7564117773993,-82.3094244090895,-45.785439510813,-30.126937421048
10-Nov-2024 04:09:43,14,20,-0.0231008064001799,0.372758189837138,0.00241874936036766,0.0965075706442197,-0.00341335996054113,0.058921770999829,0.9935808857282,-56.7238109244606,-55.4843853857901,-33.3506979632736,-81.6839705548479,-56.2260780890137,-33.1983198541818,-79.6503583385668,-50.1620688775278,-32.6665512177857
10-Nov-2024 04:10:35,14,21,-0.0234425373375416,0.371921757857005,0.00449101813137531,0.119430189331373,-0.00369727835059166,0.0348022838433584,0.99222559928894,-55.1459531236352,-57.6410683909137,-32.5424235401532,-86.3006804584128,-51.8259483595679,-32.4482601575267,-78.1103596508566,-46.083546877055,-30.8646611082734
10-Nov-2024 04:10:48,14,22,-0.0237484158327182,0.374146793286006,-0.000841275284377237,0.135943139592806,-0.00426885560154915,0.0217180194954077,0.990469388167063,-55.5725142681222,-54.7850560835373,-31.4657164998453,-91.4040114557276,-56.0071662863723,-34.8901682343092,-75.4512935803338,-50.4601762437698,-33.4042749050111
10-Nov-2024 04:11:35,14,23,-0.0231004559745391,0.371147505442301,0.00194611280846099,0.145611882209778,-0.00196562172689786,-0.00167516126142194,0.989338425795237,-52.296865939953,-56.0103914324108,-31.3482257681311,-91.3140319061676,-53.0477103850514,-31.9860924243729,-71.1017612012174,-47.3092299268908,-33.5481367486239
10-Nov-2024 04:11:49,14,24,-0.0236361991614103,0.373249723513921,-0.00401158747263253,0.161143402258555,-0.00115424115986874,-0.0123274559155107,0.986853345235189,-52.72342708444,-53.1543791250344,-30.2715187278231,-96.4173629034825,-57.2289283118558,-34.4280005011554,-68.4426951306947,-51.6858592936057,-36.0877505453616
10-Nov-2024 04:12:33,14,25,-0.0202158900598685,0.371779755751292,-0.00203908424203595,0.176048737764359,0.00420632182310025,-0.0355389890571435,0.983730749289195,-50.2488834925989,-53.314040645783,-29.2244198418121,-98.6240386273599,-52.8148093245971,-33.2219166345785,-65.5383959058751,-51.3987008185236,-37.1294883655368
10-Nov-2024 04:12:47,14,26,-0.0209590432544549,0.373997900883357,-0.00926490910351276,0.19308664103349,0.0067609974493583,-0.0489817706247171,0.979935026168823,-50.675444637086,-50.4580283384066,-28.1477128015042,-103.727369624675,-56.9960272514015,-35.6638247113609,-62.8793298353524,-55.7753301852385,-39.6691021622745
10-Nov-2024 04:13:32,14,27,-0.0169403802603483,0.373318854967753,-0.00520453841115038,0.214785877863566,0.0134784021104376,-0.0670346274971962,0.974264752864838,-48.301453413409,-53.0098529450927,-28.4358098383447,-107.007372985271,-51.7795767211743,-36.1317368164637,-61.4476471876812,-59.4700656310548,-41.834777970731
10-Nov-2024 04:13:46,14,28,-0.0184787688155969,0.374413454532623,-0.0114349742109577,0.211747644344966,0.0136047645161549,-0.0620645587642988,0.975256804625193,-49.1230561501562,-51.9141428118812,-27.7783837584178,-105.480738181941,-60.0919754718597,-40.1783651784853,-62.4313071150014,-61.1050960567297,-42.5427221702473
10-Nov-2024 04:14:31,14,29,-0.0183327052742243,0.37352494597435,-0.0119724807019035,0.19464402794838,0.012851386765639,-0.0512038265665372,0.979452260335286,-49.0693827028214,-53.7473511357011,-28.8533597170651,-103.267439560251,-63.7055399940293,-43.3129955546671,-63.2786587537473,-63.0741795219554,-42.6136973756229
10-Nov-2024 04:14:45,14,30,-0.0197252124547958,0.374496275186539,-0.016835027312239,0.192369623978933,0.0115959400311112,-0.0459297473231951,0.980178527037303,-49.8909854395686,-52.6516410024896,-28.1959336371382,-101.740804756921,-72.0179387447148,-47.3596239166886,-64.2623186810675,-64.7092099476303,-43.3216415751392
10-Nov-2024 04:15:31,14,31,-0.0211338181048632,0.374232184886932,-0.0172533219059308,0.172740127642949,0.00982720479369164,-0.0352555431425571,0.984287246068319,-50.7249500842748,-54.3703900977939,-31.5547085764983,-100.095838044411,-76.7059203811423,-52.5252532857903,-66.2278244641005,-65.0862668930805,-43.1111012775852
10-Nov-2024 04:15:45,14,32,-0.0229652840644121,0.375496621926626,-0.0238482891271512,0.17068943977356,0.00808827392756939,-0.0300412404040496,0.984833633899689,-51.546552821022,-53.2746799645824,-30.8972824965714,-98.5692032410807,-85.0183191318278,-56.5718816478118,-67.2114843914207,-66.7212973187554,-43.8190454771015
10-Nov-2024 04:16:33,14,33,-0.0245367530733347,0.376483118534088,-0.024237081905206,0.17183821896712,0.0076528371622165,-0.0377292715013027,0.984372711181641,-52.2993365117487,-53.3611994456289,-35.6229569262881,-101.483402483161,-88.4435093253843,-60.3530105133734,-65.4610672465973,-68.252341004318,-43.5427474280827
10-Nov-2024 04:16:46,14,34,-0.0276000753045082,0.37764105796814,-0.0315822705626488,0.171136016647021,0.00515844623247782,-0.0374322687586149,0.984522581100464,-53.1209392484959,-52.2654893124174,-34.9655308463612,-99.9567676798304,-96.7559080760697,-64.399638875395,-66.4447271739175,-69.8873714299929,-44.250691627599
10-Nov-2024 04:17:35,14,35,-0.0270277045667171,0.379089498519897,-0.0318949068586032,0.163387241959572,0.00290632767913242,-0.02971444328626,0.986110166708628,-54.0581324622329,-53.785893986335,-36.849655021256,-101.025549899205,-101.499702548191,-68.3135174891866,-68.8363485651658,-72.0704084856117,-45.7415147028477
10-Nov-2024 04:17:48,14,36,-0.0284987015028795,0.381201638778051,-0.0388487217326959,0.161526304483414,0.000364858677009276,-0.0232333609213432,0.986594804128011,-54.8797351989801,-52.6901838531235,-36.1922289413291,-99.4989150958749,-109.812101298876,-72.3601458512082,-69.820008492486,-73.7054389112865,-46.449458902364
10-Nov-2024 04:18:39,14,37,-0.0239330767343442,0.378750522931417,-0.0355870192249616,0.150195677081744,-0.0059279991624256,0.00986508602897326,0.988589338461558,-50.052873675227,-54.652150943175,-34.450349880632,-94.7713982187329,-109.712443579979,-69.0839841559346,-74.7128758528441,-75.1407705928065,-45.4319534921529
10-Nov-2024 04:18:53,14,38,-0.0201493152727683,0.379263822237651,-0.0365646118919055,0.156861340999603,-0.0122587704410156,0.0369289609293143,0.98685382604599,-45.018216912979,-50.8810606296617,-32.1876956925241,-89.4211728302383,-105.847088000365,-66.774197334776,-79.0517624812382,-76.0770989593545,-45.5230086440756
10-Nov-2024 04:19:37,14,39,-0.0131905246526003,0.377158747116725,-0.030354384581248,0.125158853332202,-0.0186062980443239,0.0805047288537026,0.988690102100372,-45.4874577699784,-22.9014990179303,-22.0854290681216,-84.9073016974201,-104.764581351109,-63.1562230765599,-84.5676394756143,-77.2629289833885,-45.1347835149314
10-Nov-2024 04:19:50,14,40,-0.0109199074407419,0.377835869789124,-0.0286552723497152,0.122026397784551,-0.025409696623683,0.110370176533858,0.986043671766917,-40.4528010077305,-19.130408704417,-19.8227748800137,-79.5570763089255,-100.899225771495,-60.8464362554013,-88.9065261040083,-78.1992573499365,-45.2258386668541
10-Nov-2024 04:20:14,14,41,-0.00789458410193523,0.370263222853343,-0.0216055158525705,0.0888947337865829,-0.0302757988373439,0.141152486205101,0.985523720582326,-24.3700930551063,-4.23008274179469,-6.06531447375854,-65.4000280482692,-89.8002946570595,-50.157555715714,-84.0839079153935,-70.1853365452276,-37.8772536782434
10-Nov-2024 04:20:27,14,42,-0.00262086871080101,0.368858647346497,-0.0194935662051042,0.0732373456160227,-0.0326066377262274,0.161476266384125,0.98361500898997,-19.3354362928584,-0.458992428281421,-3.80266028565058,-60.0498026597746,-85.9349390774449,-47.8477688945554,-88.4227945437875,-71.1216649117757,-37.9683088301661
10-Nov-2024 04:21:32,14,43,-0.00457511146863302,0.369304186105728,-0.0153000096480052,0.0509287158648173,-0.0341079900662104,0.186103050907453,0.98061644633611,-40.0625819622959,-46.881389362689,-26.9674660319536,-60.8920985364155,-86.4170149358974,-48.4013553241185,-94.7672970274309,-71.1346937431485,-40.9487669442961
10-Nov-2024 04:21:45,14,44,-0.00521083787704507,0.371707363923391,-0.0130414400870601,0.0326507300138473,-0.0370529140035311,0.193071130911509,0.979941117763519,-44.1887532269216,-46.0684041216502,-26.4796748873303,-57.1378058491374,-82.1158785617602,-46.169488612946,-99.0925519195788,-67.2978471601498,-38.9490451286929
10-Nov-2024 04:22:39,14,45,-0.00618075632179777,0.370945423841476,-0.00907207584629456,0.0169713194171588,-0.0385910354554653,0.221448945005735,0.974260306358337,-43.5654116939534,-48.2481099683348,-30.0181821881705,-54.3318074438188,-80.2063483039178,-46.0803484721413,-103.902430607474,-65.9859382843368,-39.2894132779563
10-Nov-2024 04:22:52,14,46,-0.00636110135043661,0.373242064317067,-0.00651849936693907,-0.00532496307666103,-0.0412428197761377,0.233809949954351,0.971392623583476,-47.6915829585791,-47.435124727296,-29.5303910435472,-50.5775147565406,-75.9052119297805,-43.8484817609688,-108.227685499622,-62.1490917013381,-37.289691462353
10-Nov-2024 04:23:45,14,47,-0.00600354376559456,0.372130473454793,-0.000501735597693672,-0.0243099585175514,-0.0336857872704665,0.224105220039686,0.973679208755493,-51.1320931360837,-51.579870619408,-32.1575036740518,-49.4150181938338,-73.3492086913982,-41.8462051315357,-106.424867641554,-63.9810126275187,-40.059225714728
10-Nov-2024 04:23:58,14,48,-0.00905967640380065,0.373410572608312,0.00486290644233425,-0.0434050696591536,-0.031141219039758,0.207209983468056,0.976836891969045,-57.9223597123853,-55.1282709676582,-34.1964670818247,-47.9283744901472,-69.0724023948684,-39.9725652169186,-103.704737885612,-65.3004647001064,-40.9837149846697
10-Nov-2024 04:24:48,14,49,-0.00315179112367332,0.372023077805837,0.00562586567054192,-0.0769208495815595,-0.0288323900351922,0.18003757695357,0.980223651727041,-65.2877480892883,-53.1248440878391,-30.1545051009633,-44.4288043569505,-64.8309976274124,-39.5346069448935,-99.718264078607,-67.8511511994906,-42.605726745828
10-Nov-2024 04:25:02,14,50,-0.00664891063546141,0.374049796660741,0.0123574238891403,-0.101562140882015,-0.026055101553599,0.163107351462046,0.98102103471756,-72.0780146655899,-56.6732444360894,-32.1934685087362,-42.9421606532639,-60.5541913308827,-37.6609670302764,-96.998134322665,-69.1706032720783,-43.5302160157696
10-Nov-2024 04:25:51,14,51,-0.00158072252136966,0.373395095268885,0.01325171161443,-0.131290040413539,-0.0285017360001802,0.134787066777547,0.981724536418915,-78.1058421421922,-54.3707311703047,-31.0419692221918,-41.4990537348223,-55.7700857988898,-37.4801679369553,-94.4698325411914,-71.2556725580642,-44.7284665313196
10-Nov-2024 04:26:04,14,52,-0.00426736685136954,0.375487325588862,0.0195297917972008,-0.15419763425986,-0.0277300788710515,0.11825108875831,0.980546192328135,-84.8961087184938,-57.9191315185549,-33.0809326299647,-40.0124100311357,-51.4932795023601,-35.6065280223382,-91.7497027852493,-72.575124630652,-45.6529558012613
10-Nov-2024 04:26:56,14,53,-0.000812782005717357,0.376450421412786,0.0174635777870814,-0.179582301775614,-0.0338878328601519,0.0902098670601845,0.979011766115824,-91.6051557449458,-54.1920750597873,-34.199664690579,-40.2725347200716,-53.8628235880987,-35.4043085183691,-91.6754870165415,-74.6523853099388,-47.4643256940071
10-Nov-2024 04:27:09,14,54,-0.0031290122307837,0.378442420562108,0.0234940316528082,-0.199639412760735,-0.0324041460951169,0.0764699250459671,0.976343357563019,-98.3954223212474,-57.7404754080376,-36.2386280983519,-38.785891016385,-49.586017291569,-33.5306686037521,-88.9553572605994,-75.9718373825265,-48.3888149639488
10-Nov-2024 04:28:02,14,55,-0.00168845700876166,0.37930472890536,0.0201409339904785,-0.216438565651576,-0.0386988463501136,0.0405472199122111,0.974685966968536,-104.470079122624,-56.9761473527787,-36.0174758325455,-40.7226315090096,-55.0823861861735,-36.092738894459,-87.5581844982745,-78.1201937584638,-49.3067445452925
10-Nov-2024 04:28:16,14,56,-0.00448860541606943,0.381565827131271,0.0267159920185804,-0.237834877769152,-0.0376272129515807,0.026305016502738,0.970219957828522,-111.260345698926,-60.5245477010289,-38.0564392403184,-39.235987805323,-50.8055798896437,-34.2190989798419,-84.8380547423324,-79.4396458310515,-50.2312338152342
10-Nov-2024 04:29:08,14,57,-0.00275070943559209,0.381100910902023,0.0237225763499737,-0.235434223214785,-0.0406795464456081,-0.00135655030608177,0.971037622292837,-112.742807387765,-56.1415838475243,-38.6653448113017,-42.236036199792,-54.2653611886814,-35.1633141678868,-83.8294034831989,-81.023550055314,-51.6774432408769
10-Nov-2024 04:29:22,14,58,-0.00583707528809706,0.381713642676671,0.030543194587032,-0.237596308191617,-0.0376225446661313,0.000107704039146483,0.970635131994883,-113.624949026534,-64.3910144987856,-42.493439247943,-40.9516209389733,-51.2991522987881,-33.3835888339508,-80.6966282112376,-81.1863159779728,-51.4622053132169
10-Nov-2024 04:30:14,14,59,-0.00703883587072293,0.379613149166107,0.0274550677587589,-0.224986365437508,-0.0374261962870757,-0.0242944978177547,0.973339728514353,-111.553188221572,-65.2247630491695,-41.3315047661896,-43.2605517272323,-54.2262372066787,-36.0877910513458,-77.8195921876806,-81.7063079764689,-50.6078274634075
10-Nov-2024 04:30:27,14,60,-0.0100999048600594,0.38007688721021,0.033913163592418,-0.2257966786623,-0.0346638845900695,-0.0237900455792745,0.973266851902008,-112.435329860341,-73.4741937004308,-45.1595992028309,-41.9761364664136,-51.2600283167854,-34.3080657174098,-74.6868169157193,-81.8690738991277,-50.3925895357475
10-Nov-2024 04:31:16,14,61,-0.00879301863412062,0.377934535344442,0.0281070000181595,-0.214662207166354,-0.0380005978047848,-0.0380040660500526,0.975208620230357,-107.565520277245,-70.3657833012534,-38.5426791802749,-43.4633942301338,-52.8154663257843,-36.8703041591394,-73.4069112679601,-81.3104528597051,-49.9327816470129
10-Nov-2024 04:31:29,14,62,-0.0122490091870228,0.378250980377197,0.0339112537602584,-0.213928520679474,-0.0350933782756329,-0.0365827322006226,0.97553307612737,-108.447661916014,-78.6152139525148,-42.3707736169162,-42.1789789693151,-49.849257435891,-35.0905788252035,-70.2741359959988,-81.4732187823639,-49.7175437193529
10-Nov-2024 04:32:02,14,63,-0.00759824405734738,0.375406448046366,0.039434248705705,-0.233343058824539,-0.0458805312712987,-0.0441704452037811,0.970306638876597,-108.328827943851,-79.9107240785568,-40.9763608239589,-25.705400220766,-22.668871995443,-15.2318353791003,-68.2927955361385,-84.500291223982,-49.4550208111556
10-Nov-2024 04:32:15,14,64,-0.0137691584726175,0.376635758082072,0.0441403600076834,-0.224871778488159,-0.0401691960791747,-0.0470608323812485,0.972421904404958,-109.21096958262,-88.1601547298181,-44.8044552606002,-24.4209849599473,-19.7026631055497,-13.4521100451643,-65.1600202641772,-84.6630571466407,-49.2397828834956
10-Nov-2024 04:33:25,14,65,-0.0239569527407487,0.380233830213547,0.0462591292957465,-0.213085224231084,-0.0345431429644426,-0.0906129315495491,0.9722092350324,-116.042623415923,-99.9076251184697,-60.4962960824422,-47.4919879552634,-52.5543659403801,-39.082875655145,-60.8779623982665,-83.4079763287792,-48.850902465567
10-Nov-2024 04:33:38,14,66,-0.0292607168356578,0.381641771396001,0.0548773027956486,-0.214604555567106,-0.0325678919752439,-0.0945175995429357,0.971571183204651,-116.924765054692,-108.157055769731,-64.3243905190835,-46.2075726944447,-49.5881570504868,-37.303150321209,-57.7451871263052,-83.5707422514379,-48.635664537907
10-Nov-2024 04:34:04,14,67,-0.0352246937652429,0.37734030286471,0.0580019329984983,-0.231211855014165,-0.0294323979566495,-0.118289576470852,0.96523695786794,-113.890303656791,-102.046858933586,-55.5380001253375,-25.1563235953632,-18.710560573587,-16.2764643896106,-46.9949934104097,-75.9693871959057,-34.8389722162107
10-Nov-2024 04:34:18,14,68,-0.0380166294674079,0.377252012491226,0.0582429292301337,-0.233589185277621,-0.0251067008823156,-0.116616027553876,0.964990385373433,-115.531086161623,-101.462642228745,-55.2947365389911,-22.1523653682142,-19.1990082343262,-16.5695329860542,-46.7944409914889,-67.8019555106337,-30.8041011396486
10-Nov-2024 04:35:28,14,69,-0.0485043533146381,0.3795980433623,0.0542875724534194,-0.22628445327282,-0.012787035976847,-0.123078108330568,0.966169575850169,-120.534246715088,-111.690435458252,-64.6549095489447,-46.6497617050995,-50.054433826247,-38.3027243184771,-50.9940679240807,-57.6675621402316,-34.8633194405193
10-Nov-2024 04:35:42,14,70,-0.0528479481736819,0.380031059185664,0.0548156797885895,-0.235141695539157,-0.00704468429709474,-0.123142495254676,0.964103027184804,-122.17502921992,-111.106218753411,-64.4116459625983,-43.6458034779505,-50.5428814869863,-38.5957929149207,-50.7935155051599,-49.5001304549596,-30.8284483639572
10-Nov-2024 04:36:45,14,71,-0.0529877175887426,0.382625013589859,0.0545188943545024,-0.244414387146632,-0.00263856387076279,-0.117679932713509,0.962499940395355,-124.972000749069,-120.878007015744,-55.0951006744021,-45.542522532819,-52.1898181133165,-38.283922879354,-54.5180527619953,-47.0242179271225,-33.8406219761115
10-Nov-2024 04:36:58,14,72,-0.0573089294135571,0.383087130387624,0.0552014062801997,-0.2515895764033,0.00442409962415695,-0.116980960468451,0.960728128751119,-126.612783253901,-120.293790310903,-54.8518370880557,-42.5385643056701,-52.6782657740557,-38.5769914757976,-54.3175003430745,-38.8567862418505,-29.8057508995494
10-Nov-2024 04:38:08,14,73,-0.0519306212663651,0.384667493899663,0.0526405692100525,-0.247863830129306,-0.00191467258458336,-0.123089974621932,0.960941600799561,-127.931660270891,-123.83757608965,-50.6719326507843,-47.6849447195302,-52.2459579175905,-38.9425907562361,-55.4044927620319,-46.5851141352963,-35.2194021673455
10-Nov-2024 04:38:21,14,74,-0.056524233520031,0.385833340883255,0.0442469795544942,-0.231915097435315,0.00499099713439743,-0.129891321063042,0.964011784394582,-126.785993579429,-123.225994555983,-50.2926925735766,-52.4779376773711,-59.2731758846218,-42.3827504293775,-54.2215081726001,-44.0998713856736,-33.9033314821599
10-Nov-2024 04:38:44,14,75,-0.0578813980023066,0.377368779977163,0.0572942520181338,-0.264855724573135,0.00379901061144968,-0.132150973876317,0.955181980133057,-120.529374144045,-107.203414264109,-47.3451320709064,-27.5210999557154,-35.0150160930497,-23.2841754445159,-43.2572960021075,-21.7375084254095,-15.9365219691535
10-Nov-2024 04:38:58,14,76,-0.0568096026778221,0.376934852202733,0.0587473561366399,-0.265076998869578,0.00305181861234208,-0.133104823033015,0.954991042613983,-119.383707452582,-106.591832730442,-46.9658919936986,-32.3140929135563,-42.042234060081,-26.7243351176574,-42.0743114126757,-19.2522656757867,-14.6204512839679
10-Nov-2024 04:40:06,14,77,-0.0507310735682646,0.379097549120585,0.0516757609943549,-0.249495913585027,-0.00370457099440197,-0.124360327919324,0.960350275039673,-125.282564389159,-111.624751817672,-56.4024917037596,-43.157170531649,-48.8017631478104,-35.4701274617971,-50.5507130327135,-44.0284628208438,-29.7290111848718
10-Nov-2024 04:40:19,14,78,-0.0550676122307777,0.380314381917318,0.0433710992336273,-0.233307488759359,0.00199690524023026,-0.129982530077298,0.963674318790436,-124.136897697696,-111.013170284005,-56.0232516265518,-47.9501634894899,-55.8289811148417,-38.9102871349385,-49.3677284432817,-41.5432200712211,-28.4129404996861
10-Nov-2024 04:41:14,14,79,-0.0529405285914739,0.379662058750788,0.0490741354723771,-0.232006534934044,-0.00202557264516751,-0.123399160802364,0.964853096008301,-122.688492820253,-116.073839060786,-57.7769314429784,-46.1681987774565,-54.4723546422222,-37.9532631435792,-50.6894369585847,-43.8386972689386,-31.1841851075455
10-Nov-2024 04:41:27,14,80,-0.0576639694472154,0.380908675988515,0.0403034011522929,-0.21524627606074,0.00362138735751311,-0.130833778778712,0.967749166488648,-121.54282612879,-115.462257527119,-57.3976913657707,-50.9611917352974,-61.4995726092535,-41.3934228167206,-49.5064523691529,-41.3534545193158,-29.8681144223599
10-Nov-2024 04:42:23,14,81,-0.0551211588084698,0.378828014930089,0.0406275657316049,-0.216527081529299,0.0060748230976363,-0.113980341454347,0.969581178824107,-119.420790344337,-113.486801148676,-60.8599112353801,-47.8167058582012,-65.3848683564594,-41.8099906576117,-51.3758143320885,-44.9335717433635,-31.4957013836969
10-Nov-2024 04:42:36,14,82,-0.0582470814387004,0.379751922686895,0.0343724615871906,-0.199977058172226,0.0083612226570646,-0.119114373624325,0.972497276465098,-113.156272790549,-112.836779079921,-60.5111354873346,-51.584258541133,-70.6142327854886,-44.4009081584586,-51.2718872688533,-44.6959246066864,-31.3531131016906
10-Nov-2024 04:43:30,14,83,-0.0560175607601802,0.377045327425003,0.0320367073019346,-0.172660367687543,0.00502073056995869,-0.104799865186214,0.979377480347951,-110.528570690266,-111.129819588777,-61.4080897126977,-52.0580718065962,-75.4726361046051,-44.7300297431803,-50.9691334818019,-44.4159574568444,-32.2323536429457
10-Nov-2024 04:43:54,14,84,-0.0595487492779891,0.378155493736267,0.0249602335194747,-0.155510759353638,0.0068216302121679,-0.110876055558523,0.981568316618601,-104.264053136478,-110.479797520022,-61.0593139646522,-55.825624489528,-80.7020005336344,-47.3209472440272,-50.8652064185667,-44.1783103201673,-32.0897653609394
10-Nov-2024 04:44:48,14,85,-0.058178964505593,0.373880189657211,0.0222830542673667,-0.106237707535426,-0.00127907049997399,-0.100464817384879,0.989251625537872,-97.5679433094423,-110.351306740072,-62.158403203311,-59.7463074637255,-84.3208844077072,-50.1309667868115,-47.8868659934234,-43.3195031769078,-32.8330914905639
10-Nov-2024 04:45:02,14,86,-0.0620977622767289,0.375062324603399,0.0140338156372309,-0.0838318015138308,-0.000467554493419205,-0.103687520325184,0.99107061624527,-91.3034257556541,-109.701284671317,-61.8096274552656,-63.5138601466573,-89.5502488367365,-52.7218842876584,-47.7829389301882,-43.0818560402307,-32.6905032085576
10-Nov-2024 04:45:58,14,87,-0.0601870030164719,0.373941882451375,0.0111526754995187,-0.0508085144062837,-0.00580651927739382,-0.0956157932678858,0.994103833039602,-88.1981120652422,-108.862028246964,-61.6597842005723,-66.082977975222,-95.3243729882875,-56.547352809474,-48.191805185999,-43.8086289002624,-33.8158721323667
10-Nov-2024 04:46:46,14,88,-0.060374028980732,0.374387937784195,0.00945869063337644,-0.0478180728852749,-0.00490950156624119,-0.0981098632017771,0.994013996918996,-84.822073569491,-100.887182243646,-57.7427983147039,-67.2204815336432,-96.2305893959963,-57.0708981291191,-47.1444586271743,-44.5130000581697,-34.2384948271111
10-Nov-2024 04:47:40,14,89,-0.0542953448990981,0.37087190747261,-0.00211889718969663,-0.0147631295025349,-0.00283852256834507,-0.104764308532079,0.994383482138316,-81.225637005428,-91.2427190625294,-52.8002786755116,-70.3087676648809,-97.0341856649659,-57.6867189592486,-45.0785087278726,-42.0995812144312,-32.5200961247631
10-Nov-2024 04:47:54,14,90,-0.0547757995625337,0.371397179365158,-0.00533892574409644,-0.0107042981932561,-0.0014871231202657,-0.107250622411569,0.994173304239909,-77.8495985096768,-83.2678730592113,-48.8832927896432,-71.4462712233022,-97.9404020726747,-58.2102642788936,-44.031162169048,-42.8039523723385,-32.9427188195074
10-Nov-2024 04:48:46,14,91,-0.0504623708625635,0.367973899841309,-0.0151010716333985,0.00556059644247095,0.00392048618135353,-0.115715461969376,0.993259139855703,-76.4633609797696,-73.4832184669938,-43.2535400271129,-71.6841660681317,-99.6203084110139,-59.3049473537809,-40.3745139399848,-40.8994285294228,-31.0198308157055
10-Nov-2024 04:49:00,14,92,-0.0496311642229557,0.368624347448349,-0.0213934152076642,0.00997184750934442,0.00706893873090545,-0.118290727337201,0.992903784910838,-73.0873224840185,-65.5083724636756,-39.3365541412445,-72.821669626553,-100.526524818723,-59.828492673426,-39.3271673811602,-41.60379968733,-31.4424535104499
10-Nov-2024 04:49:50,14,93,-0.047868026047945,0.365028017759323,-0.0271376887957255,0.0404476955533028,0.0029375155766805,-0.105727017919223,0.993567907810211,-67.1811844711893,-53.9286221659078,-38.0131848170452,-72.9093688281784,-101.369586191747,-59.5126068706922,-38.2501699872162,-38.4537233448256,-28.5173208559209
10-Nov-2024 04:50:04,14,94,-0.0472010642290115,0.365741330385208,-0.03309404378136,0.0480673059821129,0.00606534651791056,-0.108472309013208,0.992918125788371,-63.8051459754382,-45.9537761625897,-34.0961989311768,-74.0468723865996,-102.275802599455,-60.0361521903373,-37.2028234283916,-39.1580945027329,-28.9399435506653
10-Nov-2024 04:50:59,14,95,-0.0489286221563816,0.363641719023387,-0.0328668052951495,0.0605675799151262,0.00460321300973495,-0.0990898042917252,0.993222844600677,-61.264057721148,-50.9514780120465,-34.6260213261429,-72.784473766623,-104.725441489822,-60.589981948793,-36.9656514520073,-36.4352419104342,-27.8386885707729
10-Nov-2024 04:51:12,14,96,-0.0481151183446248,0.36419785618782,-0.0369031819204489,0.065747344493866,0.0064459842008849,-0.101437278091908,0.99264608224233,-57.8880192253968,-42.9766320087283,-30.7090354402745,-73.9219773250443,-105.63165789753,-61.1135272684381,-35.9183048931826,-37.1396130683414,-28.2613112655173
10-Nov-2024 04:52:12,14,97,-0.0491700736184915,0.364760069052378,-0.0384836812814077,0.0984291210770607,4.53526639224341e-05,-0.0940328235427539,0.990691463152568,-53.2044558503761,-49.2880599317982,-32.9904536948233,-77.5345297942666,-107.684585546568,-62.0272148074884,-38.0510456255781,-37.0303723511456,-28.0719951229432
10-Nov-2024 04:52:25,14,98,-0.048301657785972,0.364645946025848,-0.0434182889759541,0.111082440117995,-0.00053539367315049,-0.0883194675048192,0.989878829320272,-49.8284173546249,-41.31321392848,-29.073467808955,-78.6720333526878,-108.590801954277,-62.5507601271335,-37.0036990667535,-37.7347435090529,-28.4946178176876
10-Nov-2024 04:53:24,14,99,-0.0499330038825671,0.367242107788722,-0.0433632383743922,0.118541258573532,0.000832108703131477,-0.0909378722310066,0.98877584139506,-51.7234312253985,-53.2387464280675,-31.3083702158084,-82.5622116893477,-113.337274145629,-67.1643920906282,-39.9053328459097,-40.322963255984,-30.180663809718
10-Nov-2024 04:53:37,14,100,-0.0540792658925056,0.371066606044769,-0.0445928121606509,0.131666588783264,-0.0034022436166803,-0.0928630948066711,0.986928987503052,-53.8222075358068,-58.4711419644606,-34.1940705524532,-88.1398655706071,-116.535390716316,-69.0329529444203,-42.8669229794559,-43.0179889404666,-31.7976792204076
10-Nov-2024 04:54:54,15,1,-0.0193691864609718,0.312751903136571,0.00729137631133199,-0.0111402952422698,-0.00241119624115527,0.0109815090273817,0.999874758720398,-13.575,-13.8,-5.85000000000001,-10.575,-14.025,-7.35000000000001,-11.1,-8.85,-10.275
10-Nov-2024 04:55:08,15,2,-0.0222279495249192,0.317112435897191,0.00565450824797153,0.00744948582723737,-0.00271344534121454,0.0150509437546134,0.999855335553487,-15.2454416367714,-17.7786243120843,-7.63723114107421,-17.2670285556735,-17.5460412516827,-8.90844551980586,-16.8061118668408,-6.8291403218406,-9.06248419310435
10-Nov-2024 04:55:52,15,3,-0.0233098650972048,0.325812935829163,0.00549126720676819,0.0101877375816305,-0.00630689499278863,0.00957012524207433,0.999882459640503,-24.8283832735428,-24.8322486241686,-12.5744622821484,-25.946557111347,-22.5295825033654,-16.7668910396117,-24.2372237336816,-16.1332806436811,-11.1874683862087
10-Nov-2024 04:56:06,15,4,-0.0259564357499282,0.330588775873184,0.00411201128736138,0.0287034456928571,-0.00803756943593423,0.0169976332535346,0.999411145846049,-26.4988249103142,-28.8108729362529,-14.3616934232226,-32.6385856670206,-26.0506237550482,-18.3253365594175,-29.9433356005224,-14.1124209655217,-9.97495257931303
10-Nov-2024 04:56:51,15,5,-0.0250252346197764,0.331609151760737,0.0023186523001641,0.0334534843762716,-0.00858703876535098,0.0165831255416075,0.999265817801158,-25.0372961271148,-30.7340664207789,-14.2330755816441,-34.3202347767479,-30.9018876062254,-20.6263789011645,-30.6567164924867,-18.1818359556332,-14.5381954905272
10-Nov-2024 04:57:05,15,6,-0.0220936417579651,0.331613697608312,-0.00372570001830657,0.0376824408769608,-0.00987941436469555,0.0193236251672109,0.99905409415563,-22.6195173439153,-25.0447599053049,-11.1794577400655,-32.8331338864753,-35.0219014574026,-22.4774212429116,-28.0325973844511,-22.4387509457448,-16.4576884017414
10-Nov-2024 04:57:52,15,7,-0.0209053810685873,0.329307995239894,-0.00624785323937734,0.0510084276398023,-0.00680289904897412,0.00946067987630765,0.998630289236704,-18.6548635607159,-24.5117033898309,-14.1633398984869,-33.7554079962026,-41.7575403085798,-24.5534635846587,-26.2522282764155,-25.7769159358563,-20.1490563129556
10-Nov-2024 04:58:05,15,8,-0.0195093354831139,0.329367826382319,-0.0121293284619848,0.0552390299737453,-0.00622001588344574,0.0100277865305543,0.998403429985046,-16.2370847775165,-18.822396874357,-11.1097220569084,-32.26830710593,-45.8775541597571,-26.4045059264057,-23.6281091683798,-30.0338309259678,-22.0685492241698
10-Nov-2024 04:58:54,15,9,-0.0169466187556585,0.326364396015803,-0.0140845441569885,0.0753467246890068,-0.00455230915298065,0.013959189504385,0.997049323717753,-9.74586849431705,-22.5362153588833,-13.9998542153298,-32.6608937156574,-50.5553805109343,-30.8430482681528,-21.2008650603442,-34.1313709160794,-24.423979635384
10-Nov-2024 04:59:08,15,10,-0.0216285716742277,0.329561368624369,-0.0213960119833549,0.0988390251994133,-0.0100076657409469,0.0237311129768689,0.994770117600759,-7.83553096950703,-22.808153299517,-14.1630169797101,-38.3064797635911,-56.5577037559326,-33.8714036847153,-26.0040781785993,-34.116801501062,-24.4438887219387
10-Nov-2024 04:59:58,15,11,-0.023490858450532,0.33441407084465,-0.0210708235700925,0.103926278650761,-0.00970795881003141,0.0197951003909111,0.994340626398722,-13.0384746946969,-27.8566537401511,-15.4980547440903,-43.8419095615248,-60.5889332509309,-38.2685091012777,-30.5307287968544,-33.2725445860447,-24.9817665584934
10-Nov-2024 05:00:12,15,12,-0.0279612752298514,0.337985793749491,-0.0273728276292483,0.124549525976181,-0.0158966998259226,0.026069247474273,0.991743473211924,-11.1281371698869,-28.1285916807848,-15.6612175084705,-49.4874956094585,-66.5912564959291,-41.2968645178402,-35.3339419151095,-33.2579751710274,-25.0016756450481
10-Nov-2024 05:01:03,15,13,-0.0309774251033862,0.342905243237813,-0.0246025579671065,0.129562429587046,-0.0169228499134382,0.0136510857691367,0.991332908471425,-18.3994402700769,-31.1638108714188,-19.8603177728507,-56.8780035323922,-70.1830328659274,-45.1595949344027,-36.7738737833646,-30.5035620060101,-24.6055691066028
10-Nov-2024 05:01:17,15,14,-0.0362979213396708,0.346645909547806,-0.0321877866983414,0.150323575735092,-0.0234117206186056,0.0167455406238635,0.988217711448669,-16.4891027452669,-31.4357488120525,-20.0234805372309,-62.5235895803259,-76.1853561109257,-48.1879503509653,-41.5770869016197,-30.4889925909927,-24.6254781931575
10-Nov-2024 05:02:12,15,15,-0.0350748653213183,0.351961708068848,-0.0298032720883687,0.155524067083995,-0.0229741795609395,0.0136499404286345,0.987470602989197,-23.4445855329572,-38.4143273776867,-22.0546120516111,-68.9666365657596,-79.707405918424,-52.4584932675277,-47.1736593948748,-32.2545013009754,-25.6373794672122
10-Nov-2024 05:02:26,15,16,-0.0398217012484868,0.356272848447164,-0.0356811766823133,0.171848920981089,-0.0317027938862642,0.0240560756375392,0.98431917031606,-21.5342480081472,-38.6862653183204,-22.2177748159913,-74.6122226136933,-85.7097291634223,-55.4868486840902,-51.9768725131299,-32.2399318859581,-25.6572885537669
10-Nov-2024 05:03:22,15,17,-0.0373262137174606,0.359285169839859,-0.0313908817867438,0.159759084383647,-0.0269283670932055,0.0217247034112612,0.986549532413483,-28.3822847015437,-45.3718188716395,-24.6260991354825,-76.6096711316882,-90.0442209805436,-55.5159800261078,-55.0722389455598,-35.4926984300245,-28.980371712382
10-Nov-2024 05:03:36,15,18,-0.0392478503286839,0.363135675589244,-0.0310332303245862,0.178425559401512,-0.0270845366020997,0.00528498630349835,0.983566403388977,-31.99741123869,-47.9540521124582,-26.1754390799738,-84.4333891809331,-89.243849516415,-55.3740176181254,-56.4959256904897,-37.030425911591,-30.0074587772471
10-Nov-2024 05:04:28,15,19,-0.035902305940787,0.365037180980047,-0.02960251669089,0.186610427498817,-0.0246499720960855,0.00491427707796295,0.982112431526184,-32.6539928539613,-48.2379455095271,-24.854271211965,-87.768972464553,-89.9609096929113,-54.7926020851429,-58.6804522791697,-39.5006729244075,-30.5325438889872
10-Nov-2024 05:04:41,15,20,-0.0372572089234988,0.369097759326299,-0.0285034984350204,0.202394085129102,-0.0246822658926249,-0.0115199084083239,0.97892529964447,-36.2691193911075,-50.8201787503458,-26.4036111564563,-95.5926905137978,-89.1605382287827,-54.6506396771605,-60.1041390240996,-41.0384004059739,-31.5596309538524
10-Nov-2024 05:05:32,15,21,-0.0366299917300542,0.370951426029205,-0.028014775365591,0.21966411670049,-0.0219968158751726,-0.0261397811273734,0.974977215131124,-36.6049734673161,-52.3282420692895,-27.2676971946975,-101.62234118023,-90.1688825849665,-54.738950706678,-58.9082456909045,-42.8173876531654,-32.860717042155
10-Nov-2024 05:05:46,15,22,-0.0386539690196514,0.374860552946726,-0.0279471080750227,0.238728256026904,-0.0223197980473439,-0.0426830127835274,0.969891146818797,-40.2201000044623,-54.9104753101083,-28.8170371391888,-109.446059229475,-89.3685111208379,-54.5969882986956,-60.3319324358345,-44.3551151347319,-33.8878041070201
10-Nov-2024 05:06:36,15,23,-0.0360541149973869,0.377623468637466,-0.026269386212031,0.251138919591904,-0.0210752735535304,-0.0440015492339929,0.966720720132192,-40.9205903111396,-54.7056235899894,-28.673750130555,-114.797743587314,-89.2474975668655,-54.7951626094631,-64.4208291417019,-45.0384724991109,-34.1518906836039
10-Nov-2024 05:06:49,15,24,-0.0385108359158039,0.381334551175435,-0.02542294797798,0.26412889957428,-0.0207215938717127,-0.0607206826408704,0.962351071834564,-44.5357168482858,-57.2878568308081,-30.2230900750462,-122.621461636559,-88.4471261027368,-54.6532002014807,-65.8445158866318,-46.5761999806773,-35.1789777484691
10-Nov-2024 05:07:38,15,25,-0.031076301385959,0.380370970567067,-0.0201730329543352,0.278416546185811,-0.0189925072093805,-0.0360999743143717,0.9595938483874,-40.2235722298174,-58.7944382766009,-29.3318509542407,-122.159908514439,-81.8983131549498,-50.6715350020493,-69.8831609913393,-48.7106407400293,-36.1208028059275
10-Nov-2024 05:07:52,15,26,-0.0251364397505919,0.382310243447622,-0.0175712714592616,0.273544983069102,-0.016320505986611,-0.0116493351136645,0.961650188763936,-40.8187457265837,-59.2195622028625,-29.5869253099977,-120.159372238022,-76.2098212520846,-47.8698014432428,-76.6392011155779,-52.022266557975,-37.8191281075265
10-Nov-2024 05:08:39,15,27,-0.0200687872866789,0.381644970178604,-0.00985486886153619,0.272039792935053,-0.00999673052380482,0.0133406532307466,0.962141613165537,-38.9602601657326,-59.4354148888898,-29.5688429274734,-119.228327538754,-67.9911688267585,-42.9031020641239,-80.911543730051,-53.8452998466239,-38.7642032870552
10-Nov-2024 05:08:52,15,28,-0.0130655027305086,0.383991654713949,-0.00697420689587792,0.268595677614212,-0.0042052565763394,0.041543830682834,0.962347563107808,-39.5554336624988,-59.8605388151514,-29.8239172832303,-117.227791262337,-62.3026769238933,-40.1013685053175,-87.6675838542897,-57.1569256645696,-40.4625285886542
10-Nov-2024 05:09:44,15,29,-0.0105440988515814,0.384908574819565,-0.0046774632918338,0.245438436667124,-0.00137602364023527,0.0690169473489126,0.966951258977254,-40.7987776304564,-60.0310271212958,-29.5674132698467,-114.862000774495,-63.7491047597976,-39.2921520363548,-93.1817752236456,-60.3992552178669,-42.2342288292181
10-Nov-2024 05:09:57,15,30,-0.00487919077277184,0.386926301320394,-0.0013657775009051,0.242821694413821,0.00389382153128584,0.0907505169510841,0.96580886443456,-41.3939511272226,-60.4561510475574,-29.8224876256036,-112.861464498078,-58.0606128569324,-36.4904184775484,-99.9378153478843,-63.7108810358126,-43.9325541308171
10-Nov-2024 05:10:52,15,31,-0.00596246027077238,0.388279680411021,-0.00351029556865493,0.221949310104052,0.00191415174243351,0.114982464412848,0.968253020445506,-42.7632098595845,-61.8789571637604,-29.7467727967903,-110.828301115948,-64.8645808234522,-41.1349434636637,-104.947931094682,-68.4128587214341,-44.7675669018986
10-Nov-2024 05:11:06,15,32,0.000691615347750485,0.389833337068558,-0.00278077571031948,0.222211188077927,0.00658684056252241,0.140000090003014,0.964872435728709,-39.4546157915108,-59.5156756865649,-28.328803910473,-105.684130522113,-64.5320681098272,-40.7323589591317,-109.428945154617,-73.3794607027999,-47.0145397448619
10-Nov-2024 05:12:03,15,33,0.00340850638846556,0.389458654324214,3.61611357827011e-05,0.186999489863714,0.0143982603525122,0.158776208758354,0.969336918989817,-43.8080643412351,-62.2262353043402,-30.7954404318705,-103.223646375422,-61.1457853308946,-42.4029037270606,-112.361997025832,-79.3412386180035,-49.1298563225664
10-Nov-2024 05:12:17,15,34,0.0106433653583129,0.391686717669169,0.000497928617793756,0.189418233434359,0.0191844075918198,0.181411437193553,0.964801828066508,-40.4994702731613,-59.8629538271447,-29.3774715455531,-98.0794757815876,-60.8132726172697,-42.0003192225285,-116.843011085767,-84.3078405993693,-51.3768291655297
10-Nov-2024 05:13:19,15,35,0.0108624890446663,0.391147673130035,0.00393513046825926,0.139099582036336,0.017467188835144,0.207702928781509,0.968093872070312,-46.571897513987,-63.6365928974349,-34.1768053630933,-93.9771484113246,-62.2538748709909,-42.7842993542269,-121.075044051342,-88.947030547654,-54.0079738758637
10-Nov-2024 05:13:32,15,36,0.0184344381093979,0.392916142940521,0.00502236022924383,0.134751423199972,0.0207562873760859,0.231442669034004,0.963247374693553,-43.2633034459132,-61.2733114202393,-32.758836476776,-88.8329778174899,-61.921362157366,-42.3817148496949,-125.556058111277,-93.9136325290197,-56.254946718827
10-Nov-2024 05:14:37,15,37,0.0211954440921545,0.39263667066892,0.0063368655120333,0.086764303346475,0.0131161618977785,0.252704292535782,0.963556122779846,-49.4452200322896,-59.7284902167867,-37.8245189423877,-83.3097288354411,-64.2004069274142,-42.4974126632781,-129.762581624033,-98.5665284938449,-59.6690054954756
10-Nov-2024 05:14:50,15,38,0.0281573473165433,0.394807857275009,0.00711937109008431,0.086273747185866,0.0160904999822378,0.27114759683609,0.958528490861257,-46.1366259642158,-57.3652087395912,-36.4065500560703,-78.1655582416064,-63.8678942137893,-42.0948281587461,-134.243595683968,-103.533130475211,-61.9159783384389
10-Nov-2024 05:15:50,15,39,0.0303357167790333,0.395939356088638,0.00912595403691133,0.0459864685932795,0.00562804689009984,0.289072245359421,0.956185551484426,-53.5732872233676,-27.211157399266,-38.8304068457177,-75.5318484536646,-64.166160242001,-42.9263848132716,-139.037364470313,-107.592879448306,-66.9964941482449
10-Nov-2024 05:16:03,15,40,0.038146261125803,0.398091524839401,0.0108903778716922,0.0417725903292497,0.00633007297292352,0.309420732657115,0.949986167748769,-50.2646931552938,-24.8478759220705,-37.4124379594004,-70.3876778598299,-63.833647528376,-42.5238003087396,-143.518378530249,-112.559481429672,-69.2434669912082
10-Nov-2024 05:17:16,15,41,0.040922907491525,0.397170253594716,0.0093565642212828,-0.000671401716923962,-0.0185870942970117,0.316537169615428,0.948397751649221,-55.0836108442692,-61.8141267229087,-35.7103322368237,-62.7100540755726,-62.2623322594262,-44.7561821415746,-143.602846449072,-116.931505127098,-71.1316271486504
10-Nov-2024 05:17:29,15,42,0.0427283813556035,0.396459951003393,0.00981339501837889,-0.0217113042871157,-0.0277833957225084,0.326985224088033,0.94437134663264,-55.2049008696317,-61.9007624553105,-35.7623136762648,-53.6271998883688,-64.2756276195582,-45.7714933948808,-141.88093700469,-119.80695532866,-72.5780158226713
10-Nov-2024 05:18:10,15,43,0.0497719841698806,0.396305398146311,0.00721459304913878,-0.0162189437697331,-0.0386978474756082,0.319767824808756,0.946566422780355,-19.8000047267992,-25.3022057219291,-14.8372515346967,-57.3969609026382,-62.6966176651491,-31.1953399379515,-142.112216241911,-124.480692278153,-74.2452902384028
10-Nov-2024 05:18:23,15,44,0.0503215019901594,0.39691522916158,0.00597111803169052,-0.0231972965101401,-0.0453308125336965,0.321441864967346,0.945559191703796,-19.9212947521617,-25.3888414543309,-14.8892329741377,-48.3141067154344,-64.7099130252811,-32.2106511912576,-140.390306797529,-127.356142479715,-75.6916789124237
10-Nov-2024 05:19:36,15,45,0.0462277968724569,0.397250092029572,0.00579898211484154,-0.00994191070397695,-0.0434056284526984,0.280880024035772,0.958709343274434,-56.7000743410975,-59.9547958410391,-6.22084155539232,-61.7869494177564,-61.0130697591637,-46.6804285936762,-135.513601842771,-129.915044119515,-76.185355978156
10-Nov-2024 05:19:49,15,46,0.0403710626065731,0.398691948254903,0.0105734921370943,-0.0272404955079158,-0.0402373589575291,0.263996076583862,0.963298964500427,-64.6669470141296,-63.7383464606377,-8.49097192715149,-63.1334845193414,-59.937379150317,-46.5209383512126,-132.285302547212,-131.424802385349,-77.3185901730329
10-Nov-2024 05:20:23,15,47,0.0610048582156499,0.395711251099904,0.00958074356118838,-0.0294292931755384,-0.0692440037926038,0.278346729278564,0.957529254754384,-40.0147731451124,-33.5630989637899,-5.29184140365836,-44.2931734212946,-44.5761122128351,-31.1760819311904,-130.332800422054,-139.609132338167,-84.3570458033374
10-Nov-2024 05:20:37,15,48,0.0607848890125752,0.39562250773112,0.00920538765688737,-0.0294621244072914,-0.0695800955096881,0.278438862164815,0.957477064927419,-47.9816458181446,-37.3466495833885,-7.56197177541753,-45.6397085228796,-43.5004216039883,-31.0165916887268,-127.104501126494,-141.118890604001,-85.4902799982144
10-Nov-2024 05:21:46,15,49,0.0544100644687812,0.396610806385676,0.00848602596670389,-0.00738230369364222,-0.0451582702497641,0.240821685393651,0.969490150610606,-56.888995220152,-59.6258011447645,-30.4974716995504,-61.7178205246487,-59.8819428308238,-45.0894183574837,-125.864100416135,-140.940934713326,-85.6761249108052
10-Nov-2024 05:22:00,15,50,0.0483609293897947,0.398161806662877,0.0126358044644197,-0.0251535361011823,-0.0440949452420076,0.225751370191574,0.972861341635386,-64.8558678931841,-63.4093517643631,-32.7676020713096,-63.0643556262336,-58.806252221977,-44.9299281150202,-122.635801120576,-142.450692979161,-86.8093591056821
10-Nov-2024 05:22:53,15,51,0.0517120805879434,0.392305741707484,0.00938225239515305,-0.020467300961415,-0.0457947820425034,0.222870143254598,0.973556824525197,-56.3677240598963,-60.4021601592045,-30.3820659192353,-57.5561188352343,-59.2578174769988,-44.1293413489831,-118.23264913224,-140.847563886805,-81.2403035672505
10-Nov-2024 05:23:07,15,52,0.0491427019238472,0.391970394055049,0.0155976332103213,-0.0192610987772544,-0.0370760977268219,0.222306436300278,0.974081206321716,-56.0343418621209,-65.4721680831575,-32.5888449909742,-56.9820935941431,-54.1307768141792,-41.2375961273357,-113.285547851303,-138.663291872703,-79.819942669962
10-Nov-2024 05:24:01,15,53,0.0484206321338813,0.385268268982569,0.0132954495027661,-0.00597869381308556,-0.0182038355618715,0.20191505352656,0.979215526580811,-50.8735788465893,-57.2785762425541,-35.7244664508064,-54.3909625780978,-56.1430391102806,-38.7164301334934,-109.135421216666,-135.269591319474,-78.200234452102
10-Nov-2024 05:24:15,15,54,0.0450097019473712,0.384972004095713,0.0188329767435789,-0.00533711227277915,-0.010981726522247,0.200458255410194,0.979626154899597,-50.5401966488139,-62.348584166507,-37.9312455225453,-53.8169373370065,-51.015998447461,-35.824684911846,-104.18831993573,-133.085319305372,-76.7798735548135
10-Nov-2024 05:25:09,15,55,0.0418449188272158,0.379202244679133,0.0162311228613059,-0.0213149596005678,-0.0136659304921826,0.171893897652626,0.984790066878001,-51.2431240421604,-58.7617922081819,-37.5274457883309,-49.2343592084383,-54.9336092641022,-37.6182293041013,-98.5897059779431,-131.646333021707,-72.8598389972393
10-Nov-2024 05:25:23,15,56,0.0376999634007613,0.378829022248586,0.0232738132278125,-0.0202833935618401,-0.00489256127427022,0.170056955019633,0.985213295618693,-50.9097418443849,-63.8318001321348,-39.7342248600697,-48.660333967347,-49.8065686012826,-34.7264840824539,-93.6426046970065,-129.462061007605,-71.4394780999507
10-Nov-2024 05:26:12,15,57,0.0401333801448345,0.37196492155393,0.0148863025009632,0.00402654834712545,-0.00963351639608542,0.160493364930153,0.986981701850891,-39.9195144421706,-57.6734081149487,-32.010714528832,-46.0820322825172,-48.6768536781936,-37.8523836677581,-88.8947470776449,-127.275431858722,-70.4942803725194
10-Nov-2024 05:26:25,15,58,0.038965255022049,0.371691491206487,0.0188173516343037,0.00433444411804279,-0.00573330468808611,0.159253232677778,0.987211608886719,-39.5861322443952,-62.7434160389016,-34.2174936005708,-45.508007041426,-43.549813015374,-34.9606384461107,-83.9476457967082,-125.09115984462,-69.0739194752309
10-Nov-2024 05:27:20,15,59,0.0334510969618956,0.366065432627996,0.0188269559293985,-0.00825754962861538,-0.00444664747143785,0.139128155509631,0.990230000019073,-40.9771391895328,-58.2465953785102,-36.2370224102828,-41.535103697093,-45.6083144463526,-34.1503639862544,-81.1065046805743,-120.838358214551,-66.5991733849318
10-Nov-2024 05:27:33,15,60,0.0358025888601939,0.365614861249924,0.0140109998484453,-2.61376712842321e-05,-0.0039260806205372,0.144424836834272,0.989508008956909,-37.2715687368899,-52.5389746886882,-33.4716959214832,-39.3893385746293,-46.4931530074659,-34.6812671229223,-78.990741733653,-115.836735151873,-64.1868457097042
10-Nov-2024 05:28:24,15,61,0.0318101180096467,0.358998467524846,0.0148524715875586,-0.0191571650405725,-0.0108423198883732,0.152743884921074,0.988020654519399,-35.4392869831373,-47.8117540135815,-33.3987970819394,-33.5550043412311,-42.7898230035116,-30.866581461328,-77.9372897021253,-109.0345228055,-61.0683088269408
10-Nov-2024 05:28:38,15,62,0.0342143620053927,0.358783849080404,0.0111831786731879,-0.0129260084902247,-0.0104495373864969,0.156608095765114,0.987520956993103,-31.7337165304944,-42.1041333237596,-30.6334705931397,-31.4092392187674,-43.6746615646249,-31.3974845979959,-75.821526755204,-104.032899742822,-58.6559811517132
10-Nov-2024 05:29:25,15,63,0.0310641150921583,0.353144729137421,0.0114850486939152,-0.0169836496313413,-0.0107858350500464,0.162826684117317,0.986449539661407,-29.3397904272967,-29.7617126412953,-27.564357928968,-28.0191895408364,-39.7154158432041,-25.6305933355325,-74.3119192659795,-98.5059820382963,-57.6905488727177
10-Nov-2024 05:29:39,15,64,0.0326546669006348,0.352877227465312,0.00857094911237558,-0.0105483451858163,-0.0114840583254894,0.166845321655273,0.985859759648641,-25.6342199746538,-24.0540919514734,-24.7990314401684,-25.8734244183727,-40.6002544043174,-26.1614964722004,-72.1961563190581,-93.5043589756184,-55.2782211974901
10-Nov-2024 05:30:28,15,65,0.0279545243829489,0.347774245341619,0.00869628135114908,-0.0109962392598391,-0.0161163284132878,0.186787991722425,0.982206507523855,-21.6844716967335,-33.0290712653302,-19.3318118636827,-22.8805170181753,-34.6380508241633,-23.4685024093027,-74.0584711009851,-86.2900885920167,-53.8893412203785
10-Nov-2024 05:30:42,15,66,0.0293290590246518,0.347322293122609,0.00650143179421624,-0.00382670687201122,-0.01668621301651,0.190905167659124,0.981459184487661,-17.9789012440907,-27.3214505755083,-16.5664853748831,-20.7347518957116,-35.5228893852766,-23.9994055459706,-71.9427081540637,-81.2884655293388,-51.4770135451509
10-Nov-2024 05:31:29,15,67,0.0239949644853671,0.341615323225657,0.00638855944077174,0.00410623910526435,-0.0146135163183014,0.186207421620687,0.982393221060435,-13.7012418788091,-31.8051298875256,-6.60021234224045,-19.8904156343811,-30.6592068757559,-21.4933600828557,-67.8409840715666,-78.1805188061989,-47.4764097189813
10-Nov-2024 05:31:43,15,68,0.0178718569378058,0.343080365657806,0.00908127762377262,-0.0092782000079751,-0.0156359927728772,0.171332308650017,0.98504550854365,-19.9145489482841,-35.6398276009106,-8.49966668366067,-21.1250361925412,-32.2508844708594,-22.2713043651351,-63.4410929241812,-73.9439846405407,-45.3402481208799
10-Nov-2024 05:32:30,15,69,0.0103042585154374,0.342145415147146,0.0088592603802681,-0.018818836659193,-0.0139866869275769,0.137984583775202,0.990156825383504,-25.3918115614398,-34.4451753152154,-16.1736477531594,-22.710371181268,-30.5933015306457,-21.8307743475231,-61.7982212090079,-67.8792886446516,-43.0849484473076
10-Nov-2024 05:32:44,15,70,0.00457124024008711,0.34366259376208,0.0118334518745542,-0.0309611522903045,-0.0146098754058282,0.122297367950281,0.99190289179484,-31.6051186309148,-38.2798730286004,-18.0731020945796,-23.9449917394281,-32.1849791257491,-22.6087186298025,-57.3983300616225,-63.6427544789934,-40.9487868492062
10-Nov-2024 05:33:30,15,71,-0.00263444053319593,0.34328124721845,0.0123871972163518,-0.058081944535176,-0.0107340790331364,0.0765009636680285,0.995318492253621,-40.6004034722301,-35.3248957424453,-20.834819800039,-24.0049695128716,-31.3270264531939,-20.7524257621362,-54.7519486303432,-59.3171393982198,-38.5280562133693
10-Nov-2024 05:33:43,15,72,-0.00819144329677026,0.345486825704575,0.015635926152269,-0.0777192071080208,-0.0115401863430937,0.0565780319273472,0.995301735401154,-46.8137105417051,-39.1595934558304,-22.7342741414592,-25.2395900710317,-32.9187040482973,-21.5303700444156,-50.3520574829578,-55.0806052325616,-36.3918946152679
10-Nov-2024 05:34:31,15,73,-0.0157580816497405,0.345772449175517,0.0173431031405926,-0.0991474121809006,-0.00812912272910277,0.00844712785134713,0.99500374396642,-55.4680064971002,-42.6744536694453,-25.589860164899,-28.3618892368335,-32.6855665095714,-20.9911957517222,-47.8039211936254,-49.0745306093457,-34.8634484982988
10-Nov-2024 05:34:44,15,74,-0.0212976722667615,0.347933582464854,0.020814586058259,-0.114464983840783,-0.0078507237136364,-0.00982939091821512,0.99334766070048,-61.6813135665752,-46.5091513828303,-27.4893145063193,-29.5965097949937,-34.2772441046748,-21.7691400340016,-43.4040300462401,-44.8379964436875,-32.7272869001974
10-Nov-2024 05:35:33,15,75,-0.0276206274827321,0.348535492022832,0.0228597838431597,-0.136117176214854,-0.00710912207141519,-0.0699988633394241,0.988191167513529,-70.6901150790103,-52.5839303463303,-33.2418346887492,-31.6999696569746,-34.5065141328636,-23.2385250287946,-37.5300163278812,-40.7666920492505,-29.3949830426621
10-Nov-2024 05:35:47,15,76,-0.0338293008506298,0.351519680023193,0.0276462770998478,-0.146014397343,-0.00673818153639634,-0.0871638750036558,0.985412057240804,-76.9034221484853,-56.4186280597153,-35.1412890301694,-32.9345902151348,-36.098191727967,-24.016469311074,-33.1301251804958,-36.5301578835923,-27.2588214445607
10-Nov-2024 05:36:33,15,77,-0.038503693540891,0.35154820283254,0.0284819568196932,-0.178044395645459,-0.00497098782410224,-0.12662016749382,0.975829315185547,-85.6394764394403,-59.4983663981578,-39.3422762920945,-30.7786304252053,-36.5586655396131,-24.2401339496102,-27.6931727476237,-32.9762386035446,-21.5245887167424
10-Nov-2024 05:36:46,15,78,-0.0463093392550945,0.353689559300741,0.0332024229069551,-0.194357725977898,-0.0027593647595495,-0.151887138684591,0.969096326828003,-91.8527835089153,-63.3330641115429,-41.2417306335147,-32.0132509833655,-38.1503431347166,-25.0180782318896,-23.2932816002383,-28.7397044378864,-19.388427118641
10-Nov-2024 05:37:29,15,79,-0.0396852143108845,0.352840203046799,0.0283561514069637,-0.192618794242541,-0.00499541939546665,-0.145912316441536,0.970351839065552,-90.9274641891304,-57.4902821374567,-32.6669514351875,-31.3275813674809,-36.5514188380914,-24.3188826922975,-25.6498598101095,-30.5444777150335,-21.5282299556811
10-Nov-2024 05:37:42,15,80,-0.0459799153109392,0.354673395554225,0.0298589066912731,-0.206016253431638,-0.001308714497524,-0.166553060213725,0.964269467194875,-97.1407712586054,-61.3249798508417,-34.5664057766077,-32.562201925641,-38.1430964331948,-25.0968269745769,-21.2499686627242,-26.3079435493753,-19.3920683575797
10-Nov-2024 05:38:39,15,81,-0.0431710337599119,0.359369476636251,0.0364959436158339,-0.221650708715121,-0.00431641194348534,-0.147583110133807,0.963883586724599,-103.08476513345,-71.6459377204911,-42.4787433481541,-33.1366773967788,-39.6394730824339,-26.1862013459205,-30.8033121939674,-33.94206310512,-22.9188889770491
10-Nov-2024 05:38:53,15,82,-0.0504953764379025,0.362084013223648,0.0412742622196674,-0.239403858780861,-0.000683796919959908,-0.169353187084198,0.956035935878754,-109.298072202925,-75.4806354338761,-44.3781976895743,-34.3712979549389,-41.2311506775373,-26.9641456281999,-26.403421046582,-29.7055289394618,-20.7827273789477
10-Nov-2024 05:39:45,15,83,-0.046068263053894,0.362348951896032,0.0387514832119147,-0.211050700147947,-0.0010879892623052,-0.128172905246417,0.969034639994303,-102.712286254737,-81.884955864591,-47.7758727426779,-36.0207484008787,-44.66343450012,-28.5704660822386,-35.9114055497071,-34.6222384176548,-25.1780480582278
10-Nov-2024 05:39:59,15,84,-0.0498892982800802,0.364423984289169,0.0347983032464981,-0.1958092212677,0.0031983749785771,-0.120247675975164,0.973236393928528,-99.6361569038627,-86.0961462171738,-49.9671061807184,-39.0502713903296,-50.8433687956349,-31.7460714917451,-38.8177727135176,-35.4786210351461,-25.6918776287226
10-Nov-2024 05:40:33,15,85,-0.0523294769227505,0.359930515289307,0.0352961421012878,-0.180285966396332,0.00178699106133233,-0.1301194190979,0.974968075752258,-95.5551992543313,-80.3039016088228,-43.3115604262906,-37.114758108025,-53.9244778546837,-25.8870344235178,-31.5999485469851,-30.565167082988,-11.7214527536102
10-Nov-2024 05:40:46,15,86,-0.0524053869148095,0.361569843689601,0.0277587365359068,-0.167504224181175,0.00428507048636675,-0.126026724775632,0.97777351140976,-92.4790699034574,-84.5150919614055,-45.5027938643311,-40.144281097476,-60.1044121501986,-29.0626398330244,-34.5063157107956,-31.4215497004793,-12.2352823241049
10-Nov-2024 05:41:10,15,87,-0.0599135182797909,0.356716352701187,0.0275184877216816,-0.128819620609283,8.09499522195741e-05,-0.13379756907622,0.982600450515747,-82.6755264032548,-83.7245648335214,-43.2706377061374,-39.8662859510491,-58.4349338274805,-28.170924003664,-20.5755872094345,-13.2680140331458,-6.63198467179612
10-Nov-2024 05:41:23,15,88,-0.0595202515522639,0.357371791203817,0.0235537404815356,-0.112607702612877,-0.000583648208218316,-0.133493280410767,0.984631240367889,-79.5993970523809,-87.9357551861042,-45.461871144178,-42.8958089405001,-64.6148681229953,-31.3465294131706,-23.481954373245,-14.1243966506371,-7.1458142422909
10-Nov-2024 05:42:18,15,89,-0.052887183179458,0.363516044616699,0.0220549667874972,-0.0802949021259944,-0.00545981662968795,-0.107032004992167,0.990992999076843,-82.7595606268427,-92.5710867984535,-52.6414097841014,-54.8465728620121,-68.7450961093937,-41.1134742032437,-38.4447737044695,-36.9008201257161,-28.6760802013837
10-Nov-2024 05:42:31,15,90,-0.0508514441549778,0.366847038269043,0.0188859713574251,-0.076941409210364,-0.00395964533090591,-0.0951828971505165,0.992473983764648,-85.5640870618635,-87.8516005681731,-50.5200212636924,-58.1827392175569,-71.1275780957827,-42.5430697911694,-44.3630411354209,-39.2843660730285,-30.1062077697712
10-Nov-2024 05:43:20,15,91,-0.0503053704897563,0.370645173390706,0.0147334782406688,-0.0793872068325678,-0.00216068268443147,-0.119374518096447,0.989668023586273,-91.5617599595521,-90.544184967776,-52.5427853442249,-63.7295260391323,-76.3102069276134,-46.2183350693784,-44.6095346500794,-42.202932449135,-31.4695535324577
10-Nov-2024 05:43:33,15,92,-0.0490263186395168,0.37431520819664,0.0121069522574544,-0.0757746999462446,-0.00200335139719148,-0.10679265409708,0.991387665271759,-94.3662863945729,-85.8246987374956,-50.421396823816,-67.0656923946772,-78.6926889140024,-47.6479306573041,-50.5278020810308,-44.5864783964475,-32.8996811008452
10-Nov-2024 05:44:20,15,93,-0.0483142582078775,0.376086640357971,0.00667550678675373,-0.0871697922547658,0.0040380638713638,-0.114044312636058,0.98963581720988,-98.2423860609277,-86.1612478221568,-48.3470846038777,-67.9821689832373,-84.6502443231123,-52.9003610903714,-51.5851825538358,-45.7375345581569,-32.9464177663822
10-Nov-2024 05:44:34,15,94,-0.0470416481296221,0.379666296641032,0.00294559574685991,-0.0858975579341253,0.00395311992615461,-0.103100542227427,0.990947147210439,-101.046912495948,-81.4417615918765,-46.2256960834688,-71.3183353387821,-87.0327263095012,-54.3299566782972,-57.5034499847872,-48.1210805054694,-34.3765453347697
10-Nov-2024 05:45:22,15,95,-0.042397021005551,0.382515092690786,-0.00297471455608805,-0.067860513428847,0.00354132964275777,-0.104789865016937,0.992170111338298,-101.387225546636,-77.9752930190669,-43.9028457132952,-77.4946568108346,-92.6277450072506,-55.9459696887937,-62.2662739366654,-49.6633815599803,-37.064977451732
10-Nov-2024 05:45:35,15,96,-0.0414430593450864,0.385821890830994,-0.00628568083047867,-0.0666140461961428,0.00250570230806867,-0.0955673307180405,0.993188420931498,-104.191751981657,-73.2558067887865,-41.7814571928863,-80.8308231663795,-95.0102269936396,-57.3755652767195,-68.1845413676168,-52.0469275072928,-38.4951050201194
10-Nov-2024 05:46:25,15,97,-0.0378091675539811,0.390863247712453,-0.00908681688209375,-0.0633493781089783,0.00162953344018509,-0.0923004880547524,0.99371265967687,-108.464171724511,-69.9878293872415,-42.559337747595,-86.3370670801781,-97.6489773357088,-59.4233695759306,-75.1000870590316,-55.2098510082045,-38.6793848627943
10-Nov-2024 05:46:39,15,98,-0.0367468394339085,0.394717506567637,-0.0107429219409823,-0.062921667098999,-0.000655887935621043,-0.0785000627239545,0.994926242033641,-111.268698159532,-65.2683431569612,-40.4379492271861,-89.6732334357229,-100.031459322098,-60.8529651638563,-81.018354489983,-57.5933969555169,-40.1095124311818
10-Nov-2024 05:47:32,15,99,-0.0362376237908999,0.397476307551066,-0.00922725573182106,-0.0478842544058959,-0.00224818455365797,-0.0720258449514707,0.996250172456106,-111.43217124847,-73.3496113410484,-44.7161952443359,-94.0944385703947,-103.517075486327,-62.0666651074248,-85.0352610511661,-57.6666316796289,-41.741716136713
10-Nov-2024 05:47:45,15,100,-0.035661564519008,0.401515271266301,-0.0118159601464868,-0.0453989384075006,-0.00371507741510868,-0.0554675988852978,0.997420946756999,-114.236697683491,-68.6301251107681,-42.594806723927,-97.4306049259395,-105.899557472716,-63.4962606953505,-90.9535284821175,-60.0501776269414,-43.1718437051005
