date and time,Trajectory,Waypoint,x_end_avg,y_end_avg,z_end_avg,qx_end_avg,qy_end_avg,qz_end_avg,qw_end_avg,l0,l1,l2,l3,l4,l5,l6,l7,l8
31-Jan-2025 09:54:24,317,1,0.00103617248435815,0.318396031856537,0.0423895721634229,0.590674459934235,-0.0149561866497,-0.806766208012899,-0.0028813322695593,-8.55000000000001,-11.925,-5.25000000000001,-4.42500000000001,-11.1,-5.02500000000001,-5.10000000000001,-6.82500000000001,-5.70000000000001
31-Jan-2025 09:54:58,317,2,0.00385801494121552,0.324367547035217,0.040492162356774,0.591719257831574,0.0175817597657442,-0.805848491191864,0.0129396207630634,-10.0356497926291,-14.4093161328626,-7.54464463458244,-11.2319294691326,-15.5873817967811,-7.06492907806875,-15.7265273110857,-10.1570603035763,-9.76851536916252
31-Jan-2025 09:55:32,317,3,0.00633215764537454,0.328024705251058,0.0403100195030371,0.59243788321813,0.042872758458058,-0.804273088773092,0.0180034502098958,-9.90879958525817,-18.6748822657252,-8.15178926916487,-17.6076089382651,-17.3372635935623,-7.77360815613747,-23.1280546221714,-13.8453706071525,-12.562030738325
31-Jan-2025 09:56:06,317,4,0.00906703894337018,0.33181348045667,0.0392439273496469,0.591478383541107,0.0767793849110603,-0.802207060654958,0.0268722938994567,-8.45069937788727,-19.9310733985878,-9.41518390374728,-22.0426634073976,-18.6183953903435,-9.09166223420617,-31.092081933257,-17.1868059107288,-13.8930461074875
31-Jan-2025 09:56:42,317,5,0.0102646895373861,0.335560482740402,0.0371712873379389,0.590140342712402,0.104442041615645,-0.799827758471171,0.0331933312118053,-7.60197417051637,-21.3325770314505,-10.1817035383297,-27.2324053765302,-22.2901521871246,-10.7894038122749,-38.0623592443427,-19.7548037143051,-14.94281147665
31-Jan-2025 09:57:18,317,6,0.0134074930101633,0.338611966371536,0.0355430893599987,0.587438821792603,0.136486627658208,-0.796396251519521,0.0451673291623592,-6.15793646314548,-22.5817369143131,-10.1747856729121,-31.2244910956627,-23.4822214839058,-11.7769891403436,-45.5107615554284,-22.7610827678813,-15.8519518458125
31-Jan-2025 09:57:57,317,7,0.0141472646966577,0.342154763142268,0.0348538075884183,0.584519775708516,0.163170607884725,-0.792877940336863,0.0552862100303173,-5.01624250577458,-26.6047249221757,-12.1811490574945,-35.5177486897953,-25.534447030687,-13.1594963434122,-52.4482263665141,-25.3115024464576,-16.840779714975
31-Jan-2025 09:58:36,317,8,0.0154936662564675,0.345850946505864,0.0337416100005309,0.581182952721914,0.189058957497279,-0.789059801896413,0.0621909889082114,-3.80072042340369,-28.7146269925384,-13.0191530670769,-40.1865922214278,-27.0417507024684,-14.7394644839809,-59.5802224275998,-27.1089924375338,-18.9944513341375
31-Jan-2025 09:59:19,317,9,0.0157980648179849,0.350503907601039,0.0336071846385797,0.578068772951762,0.206463401516279,-0.786559323469798,0.0673336014151573,-4.19828427853279,-32.3429860941512,-14.3229773891593,-45.1932287218104,-30.1515934367499,-16.6431630932996,-67.0344841136854,-29.1300175848601,-20.1555448283
31-Jan-2025 09:59:39,317,10,0.0167534952362378,0.352275931835175,0.0318798328439395,0.573136480649312,0.238003104925156,-0.78017760515213,0.0786895637710889,1.94760889758807,-15.4305737113889,-6.63471186749177,-48.6437617065679,-10.362705702281,-6.10872693699345,-73.4498786122711,-26.6128103103114,-16.1703492599626
31-Jan-2025 10:00:35,317,11,0.0141618101547162,0.359169898430506,0.0309156633913517,0.575735767682393,0.231918654839198,-0.77909300327301,0.0880692958831787,-9.25976941066595,-35.3477755864392,-14.8504014239492,-54.3162429335129,-34.9244527334376,-19.8052233978746,-81.4458395171068,-30.7514868248252,-20.2620091603751
31-Jan-2025 10:01:26,317,12,0.0149972484136621,0.365069397290548,0.0337971699734529,0.571538110574087,0.240393384297689,-0.777948359648387,0.101742730041345,-13.6937834611075,-40.679784590396,-19.393068519469,-59.4496982815517,-38.8365171474068,-21.2421861673495,-89.3320836250675,-33.5681052338702,-23.4420967951625
31-Jan-2025 10:01:51,317,13,0.0228008223076661,0.364474511146545,0.0329950772225857,0.566682875156403,0.252256975571314,-0.777673045794169,0.10228191614151,-6.07607568662202,-21.807284563719,-10.4192518947146,-57.3433768201079,-17.1335622148862,-9.9552752683844,-89.0205829697158,-38.12311801234,-22.7545951667314
31-Jan-2025 10:02:42,317,14,0.0237203504890203,0.366820440689723,0.0341365543504556,0.569592157999674,0.234887338678042,-0.780298515160878,0.10736374159654,-15.4400268476833,-40.1634863192688,-17.9271796547257,-59.6397988889375,-38.9431866280693,-23.3534809465675,-91.4941531151454,-45.6101162644426,-27.3892004718939
31-Jan-2025 10:03:21,317,15,0.0297789602229993,0.368969096740087,0.0346792904039224,0.568724985917409,0.228834838668505,-0.782116671403249,0.111714217066765,-17.9948074765181,-38.9590389659319,-11.4009796071198,-60.0875927229037,-39.3841007141038,-24.6442449133249,-93.6352586609655,-53.2131072533616,-31.7598592438534
31-Jan-2025 10:03:55,317,16,0.0384658294419448,0.370637176434199,0.0368167216579119,0.564816665649414,0.228538983066877,-0.784316392739614,0.11661862184604,-17.5200028392396,-24.8992670581515,-8.8827156557052,-60.0610724394384,-39.040659636564,-24.3812880243695,-95.3851319069811,-61.5490946106887,-36.8235447492112
31-Jan-2025 10:04:40,317,17,0.0351930315295855,0.372381355365117,0.0385573267936707,0.565947890281677,0.215764244397481,-0.786351851622264,0.121653516590595,-21.988029556194,-44.133976516403,-21.091570997836,-60.324106338149,-41.4884717664756,-26.7577655259999,-97.3254098197647,-63.9665478602615,-37.315806899112
31-Jan-2025 10:05:15,317,18,0.0349236411352952,0.372916042804718,0.0377545421322187,0.569036591053009,0.207174475987752,-0.787196771303813,0.116607896983624,-24.2736599566202,-45.0798548360437,-15.5899103640147,-60.6185617075017,-42.4276951054937,-27.5833128137021,-96.3178796575973,-65.7797502019363,-37.0813257323624
31-Jan-2025 10:05:53,317,19,0.0301328979432583,0.374144770701726,0.0391096778213978,0.572184455394745,0.188736642400424,-0.79048798084259,0.110055532554785,-30.0430921987821,-45.3563175863789,-23.7329917422173,-61.3787278121755,-44.4126240490652,-28.3083949944403,-95.7114454579542,-65.265827089662,-37.3084729072876
31-Jan-2025 10:06:29,317,20,0.0262261766940355,0.374731979767481,0.0402522834638755,0.574490988254547,0.177324503660202,-0.79191579023997,0.106703220307827,-33.129425361812,-47.7730725520615,-24.6734441264319,-62.1467492845097,-45.0454057949133,-29.4332446216963,-95.1555592395734,-64.3383412504134,-36.7164342530503
31-Jan-2025 10:07:03,317,21,0.0228983335196972,0.375629838307699,0.0380914216240247,0.57790207862854,0.168658810853958,-0.792008022467295,0.101522217690945,-36.2242089852759,-47.2099736254177,-25.3875820136524,-62.9936984406743,-48.1521139418998,-30.7579779722114,-94.8499470118236,-62.7540740476774,-36.6148026842316
31-Jan-2025 10:07:40,317,22,0.0164117105305195,0.374816077947617,0.0381137602031231,0.585638209184011,0.127643712361654,-0.796460497379303,0.0799103995164235,-41.992309783348,-48.4715532398847,-23.9393358544393,-62.8708122416287,-47.2791030588407,-31.4552825274749,-87.6751813788428,-59.5280496629146,-34.2701618664069
31-Jan-2025 10:08:15,317,23,0.0120854641621312,0.373216231664022,0.0376446222265561,0.589278205235799,0.101525515317917,-0.799989557266235,0.0496029980480671,-44.8000231965287,-47.4881693812702,-23.2220110709778,-63.0301579635408,-47.2870737760663,-31.1900580135532,-81.5379842435197,-56.0628299372799,-32.235622819937
31-Jan-2025 10:08:50,317,24,0.006852167720596,0.372102721532186,0.0371143668889999,0.590758224328359,0.0691735575596491,-0.803484912713369,0.0251346634080013,-51.1525429172635,-45.4573037861149,-24.3701469753919,-62.8806196459316,-48.8605352934341,-30.7435689650388,-75.3945713570256,-49.4780125412093,-30.5061346591443
31-Jan-2025 10:09:26,317,25,0.000313296297099441,0.371747825543086,0.0373652964830399,0.592662107944488,0.030140957608819,-0.804871360460917,0.00502934092655778,-57.3274657917755,-46.7276973226892,-24.9510132237439,-62.4266393085618,-49.6417422108731,-31.4064476492282,-69.6230505949458,-44.5583963099208,-27.9541719411904
31-Jan-2025 10:10:00,317,26,-0.00434666058669488,0.371001181999842,0.0373640673855941,0.590296455224355,-0.00494055189192295,-0.806992157300313,-0.0170104535917441,-62.963590243176,-47.3237204251282,-24.2732446440649,-62.2704379613117,-50.0268218283476,-31.7990101997693,-62.6874758950733,-40.0213806610233,-25.5909719446557
31-Jan-2025 10:10:34,317,27,-0.00791361937299371,0.370799046754837,0.0362688531478246,0.587188756465912,-0.0419606529176235,-0.807066655158997,-0.0457397388915221,-68.0303154830208,-46.1575583104997,-25.5161586503703,-62.9381261091215,-51.1138377958399,-32.8814146834864,-55.0198742263045,-39.4256653033213,-23.8471533088308
31-Jan-2025 10:11:08,317,28,-0.0119252386813362,0.36915431022644,0.0354240144292514,0.58293833732605,-0.0724600245555242,-0.806574841340383,-0.0661022201180458,-71.2373411170878,-46.5853035873374,-24.569413949668,-61.8427590044612,-52.6268219383412,-32.8087401337915,-46.6112590730874,-35.850600091217,-23.1630253533606
31-Jan-2025 10:11:42,317,29,-0.0153596474478642,0.36782191991806,0.0340699106454849,0.575909666220347,-0.112200198570887,-0.804658329486847,-0.0909074708819389,-76.0645169482659,-45.4100025599082,-24.4778398954617,-60.8408642735658,-53.9777901683468,-33.4335260673905,-38.2071371776462,-33.8608599519116,-22.2587427380679
31-Jan-2025 10:12:17,317,30,-0.0182790258278449,0.366677359739939,0.0325995075205962,0.568911143143972,-0.137569888432821,-0.802711224555969,-0.114321401218573,-78.5517678779995,-43.4331783803456,-24.6638511645036,-60.9357057295529,-56.6727504421047,-33.5070422426365,-30.5552619110931,-32.8887823490057,-22.0693827928639
31-Jan-2025 10:12:52,317,31,-0.0217022853593032,0.36666134595871,0.0301102988421917,0.559360086917877,-0.159660558899244,-0.801508967081706,-0.138593818744024,-81.8190563570109,-44.0555926247162,-23.9386550951695,-61.5039152789813,-60.2647067377387,-34.504923538706,-23.3545099589838,-31.6005360142994,-21.4874841827042
31-Jan-2025 10:13:27,317,32,-0.0222605134050051,0.365001414219538,0.0303331670661767,0.562711850802104,-0.142959249019623,-0.803864932060242,-0.129302939772606,-77.6963833705437,-47.7754005630866,-24.7974102605745,-60.1962196732348,-62.9287960853321,-34.5049725786086,-23.977482966893,-30.4929995906851,-22.5443810414733
31-Jan-2025 10:14:01,317,33,-0.0265347036222617,0.363209970792135,0.0348469061156114,0.567725380261739,-0.128538540999095,-0.805663541952769,-0.109872756898403,-73.5437197713959,-52.8200181074404,-30.8283635913856,-55.7068660908487,-64.5796344383946,-34.923612898717,-24.9382368034132,-28.6314209841206,-21.4031432340035
31-Jan-2025 10:14:36,317,34,-0.0285974675168594,0.36213237841924,0.0392663079003493,0.570931454499563,-0.118642193078995,-0.80604735215505,-0.10123756279548,-70.4260608659079,-61.9770404547858,-33.2954160048997,-53.9016835201428,-65.2738472941917,-35.3265488589284,-25.6928810542389,-28.4928212860811,-22.2378380934142
31-Jan-2025 10:15:10,317,35,-0.0310454281667868,0.361404677232107,0.0419869152208169,0.575191120306651,-0.104215104877949,-0.806474010149638,-0.0888484542568525,-66.9259043072497,-65.8402652036271,-36.3805179597652,-52.2385864552769,-65.789747401356,-35.8716326391913,-26.7194705122174,-27.8657110423041,-22.0354992862652
31-Jan-2025 10:15:48,317,36,-0.0295758895576,0.362804961204529,0.0361540565888087,0.572597634792328,-0.101086854934692,-0.807090004285177,-0.102562874058882,-67.9216113505787,-64.1385428793221,-35.4799807530105,-55.7685041928826,-67.9876006736445,-38.4752053038511,-26.7626690614431,-28.6379475721677,-22.675804873742
31-Jan-2025 10:16:22,317,37,-0.0313896996279558,0.363593709468842,0.0263405642161767,0.565945152441661,-0.101372302075227,-0.809608181317647,-0.118171007931232,-68.3716939806151,-57.8508711553911,-32.0714559315935,-58.8089433069483,-70.5158757587748,-41.4518149235238,-24.8863539124571,-27.825556465597,-14.5818520445789
31-Jan-2025 10:16:58,317,38,-0.0254260918746392,0.364509427547455,0.0188641726970673,0.561538906892141,-0.0983946934342384,-0.81050717830658,-0.134427219629288,-68.8489644040053,-50.3952247316471,-28.6089373028456,-62.1296431092441,-73.3593617503261,-44.3899430207029,-24.2252819143651,-29.670851540809,-22.4457700070957
31-Jan-2025 10:17:38,317,39,-0.0234116329501073,0.367411883672078,0.0117807923505704,0.558159963289897,-0.0880008324980736,-0.813013017177582,-0.140439225236575,-70.2398287240724,-46.6305909579965,-26.1694217704321,-66.3404732556548,-76.8854531950877,-47.1588303566352,-26.7968314917202,-31.6449897069125,-23.1386233654526
31-Jan-2025 10:18:22,317,40,-0.0246685290088256,0.369471355279287,0.0085585364451011,0.556288210550944,-0.0778172845641772,-0.812485305468241,-0.156062578161558,-70.3624899924779,-45.1614635093927,-26.7914077861858,-71.746368574123,-80.3778473664546,-50.2930973119441,-26.6346918567988,-32.5585494184617,-22.9459444217295
31-Jan-2025 10:18:47,317,41,-0.0295408293604851,0.368285950024923,0.00116731513602038,0.548257140318553,-0.0806514129042625,-0.815496389071147,-0.166958220799764,-67.2260497350526,-30.4400892233124,-17.9191445760232,-68.1497964786201,-83.9283929011242,-47.6850540769414,-19.1807076157392,-16.5918199027338,-12.4854993269666
31-Jan-2025 10:19:34,317,42,-0.0248899272332589,0.367180899779002,0.00203126828807096,0.555780692895253,-0.0641952286163966,-0.816190648078919,-0.144290132323901,-65.2576521115689,-42.0799026134183,-24.3298178108909,-67.4317154663562,-86.7987994131836,-49.9626539051784,-25.9314903549971,-30.1751499556422,-22.9476787583472
31-Jan-2025 10:20:17,317,43,-0.0255921050906181,0.367306001981099,0.00289336601272225,0.558880460262299,-0.0602245151996613,-0.816338455677032,-0.132729789614677,-64.9119791066275,-44.0316542941553,-25.4044287392796,-65.6630176005995,-89.8337437660687,-49.6421761858374,-27.2968119427205,-29.8634077017315,-23.4554166519679
31-Jan-2025 10:20:57,317,44,-0.0254607566942771,0.364761640628179,0.000846711487974972,0.55732372601827,-0.0553602419793606,-0.816964268684387,-0.137458836038907,-60.5026684109572,-42.639375120208,-23.7360085144287,-63.5940113080964,-90.1009570393665,-48.6226596927075,-24.4694029546766,-29.5041292944111,-23.4859337767087
31-Jan-2025 10:21:39,317,45,-0.0232698849091927,0.362625650564829,0.00150188351981342,0.561989609400431,-0.054619442174832,-0.817355076471964,-0.114521156748136,-57.2865388699225,-40.8500805189183,-24.7460727129581,-58.6748508022201,-91.6093047728708,-47.5536238126831,-24.945628678749,-30.0960828103859,-24.1028405170094
31-Jan-2025 10:22:20,317,46,-0.0194083525488774,0.361261616150538,0.00106608014709006,0.565137505531311,-0.048010877519846,-0.816414999961853,-0.108540941774845,-54.0669999062056,-38.2622782039575,-24.2453791231776,-56.9056131896572,-91.7132197364784,-46.1598282392115,-25.0486717588797,-33.2636522880082,-24.1879420650901
31-Jan-2025 10:23:05,317,47,-0.0146933262546857,0.360183960199356,0.00138070054817945,0.569798266887665,-0.0422086132069429,-0.815998176733653,-0.087723163763682,-51.2957562311476,-37.4502220321612,-22.6893066392422,-52.8863370237509,-92.0149183151375,-45.5036528190162,-27.5901235170394,-38.6940297464543,-24.6821410170608
31-Jan-2025 10:23:47,317,48,-0.0177063671251138,0.363519152005513,-0.000670148812544843,0.56646713813146,-0.0338221815725168,-0.815331574281057,-0.114915062487125,-53.8404346143836,-40.540276219835,-25.5587524418731,-61.0265050838461,-94.4724691158803,-49.7283567724379,-27.3013163805752,-39.3358537857024,-26.5794990558714
31-Jan-2025 10:24:23,317,49,-0.0190314794580142,0.367910784482956,-0.00148449641807626,0.561897325515747,-0.0422948298354944,-0.81552502711614,-0.131914840141932,-61.8971868197844,-19.6617669432989,-27.2643535209653,-67.1041635056055,-96.529465820386,-53.4624657641787,-29.4221114136183,-40.3933798201564,-27.1166314456544
31-Jan-2025 10:25:08,317,50,-0.0208994788428148,0.371951572100321,-0.00275241852117081,0.562166515986125,-0.035170391947031,-0.813987223307292,-0.141974214712779,-64.5349759362675,-45.8989759346594,-28.9880322382882,-73.350567108197,-98.6861854767732,-56.951277275079,-32.222707531415,-42.2587568522134,-28.0236510109237
31-Jan-2025 10:25:50,317,51,-0.0231440662095944,0.376012553771337,-0.00265799276530743,0.559594043095907,-0.0352751967807611,-0.814112671216329,-0.151098496715228,-67.7632835082918,-49.4190440599677,-30.5707497747263,-79.0063433012045,-101.267766609101,-59.717440045559,-35.0632041915885,-43.6280593830718,-29.0406141639362
31-Jan-2025 10:26:30,317,52,-0.0247544420262178,0.3790913383166,-0.00336006173553566,0.557474474112193,-0.0396731334427992,-0.814827116330465,-0.153964459896088,-72.0368503080867,-51.1055417522496,-32.6829867207221,-81.81680578942,-103.611778479399,-62.347278445829,-37.3986511229505,-45.049324663331,-29.7375491108201
31-Jan-2025 10:27:09,317,53,-0.0268119460592667,0.382209289073944,-0.00329529320200284,0.555769364039103,-0.0445436678826809,-0.8151029864947,-0.157300450404485,-75.8580467217669,-53.6002542280185,-34.8349833714968,-84.9296114252396,-106.587005718683,-64.6839546609939,-39.4065731899066,-46.4215713182906,-30.1994699546399
31-Jan-2025 10:27:49,317,54,-0.0288545114298662,0.38654650648435,-0.00503502301871777,0.552252312501272,-0.0471182438234488,-0.814966952800751,-0.169192736347516,-80.0530579423897,-56.0490740955307,-36.1818598746608,-90.2185886348611,-109.877840642459,-66.8740497836063,-41.3257328246599,-47.9943086606004,-31.1438837469276
31-Jan-2025 10:28:29,317,55,-0.0287358478953441,0.389256304502487,-0.00285407439805567,0.552389963467916,-0.0405502992371718,-0.813105428218842,-0.179110545913378,-82.3162716861203,-57.8206866816625,-36.8252461251233,-95.9207214915198,-111.107863692314,-64.4577468115887,-43.1848415508206,-46.37909368799,-32.6991454938815
31-Jan-2025 10:29:08,317,56,-0.0291169167806705,0.390137604872386,-0.000977460694654534,0.548992208639781,-0.0494033721586068,-0.812921249866486,-0.187951974074046,-84.8979391315866,-59.0183261157299,-35.8798523386832,-97.891897241629,-110.204288663292,-62.9047985664329,-42.4717596689306,-46.4640013872171,-32.4250304779523
31-Jan-2025 10:29:46,317,57,-0.0293323629846176,0.391539299488068,0.000615647163552542,0.546196417013804,-0.0578289374709129,-0.812789924939473,-0.19415944814682,-87.3388334279208,-59.3289789737651,-35.8650685337919,-99.5725944384635,-110.108914594831,-61.3335276847081,-42.8725824830153,-46.273970422363,-32.5862270805817
31-Jan-2025 10:30:22,317,58,-0.0278572714577119,0.392750116189321,0.0040277900484701,0.544549334049225,-0.0641768897573153,-0.810922829310099,-0.20433191160361,-90.3843411496888,-59.7211385437844,-35.8655897196749,-102.008052358661,-107.792641006651,-58.4030954846987,-42.7053576450873,-47.2214701254682,-33.0400794924902
31-Jan-2025 10:30:57,317,59,-0.028637316574653,0.393540368477503,0.0106785732631882,0.549572018782298,-0.067990114291509,-0.805684570471446,-0.210286362965902,-93.3571555841738,-61.054051469796,-38.7987634009451,-103.995890640539,-104.440917658612,-56.068082625547,-43.0791089811529,-47.5377351625532,-31.4652598090385
31-Jan-2025 10:31:32,317,60,-0.0284746055801709,0.394194473822912,0.0170811953643958,0.551842002073924,-0.0721635967493057,-0.802044467131297,-0.216766140858332,-95.7686233750173,-63.9073410738036,-39.9732633299089,-106.059919103258,-100.571469430643,-54.4057794368243,-43.2733484042154,-48.588382866628,-31.4261040779065
31-Jan-2025 10:32:08,317,61,-0.0283536524822315,0.396408452590307,0.0231007241954406,0.552223384380341,-0.0897821853558222,-0.797837682565053,-0.224596423904101,-101.42441784404,-66.9958190168093,-42.5184263827195,-108.462042656397,-97.7931587627092,-52.6298310833159,-43.3778318707763,-49.9312219041977,-32.4547803229344
31-Jan-2025 10:32:43,317,62,-0.0311441528300444,0.397456610202789,0.0301605584720771,0.559463310241699,-0.0879550183812777,-0.791190183162689,-0.230830723047256,-102.327375652152,-73.651891129314,-45.5989209974534,-110.733213754747,-94.7354168747928,-51.1720601474148,-43.5124373590864,-49.5451566085149,-32.2923725560423
31-Jan-2025 10:33:19,317,63,-0.0332177363336086,0.399783684810003,0.036745431770881,0.568275352319082,-0.0882398034135501,-0.784641547997793,-0.231548189123472,-105.053915129809,-82.5417603265681,-49.2470813931491,-113.088908625702,-90.6379593768852,-49.4983779203173,-45.1621038582711,-49.9446391462058,-32.8844227831902
31-Jan-2025 10:33:56,317,64,-0.0333047583699226,0.401929303010305,0.0450263897577922,0.575465377171834,-0.0928200071056684,-0.778405725955963,-0.233042080203692,-108.542245442239,-88.9485280661971,-54.5290746793256,-115.261865382959,-84.595644073982,-48.1667400476216,-46.894300862893,-51.4118956005836,-33.403702007358
31-Jan-2025 10:34:35,317,65,-0.0322719166676203,0.400102788209915,0.0487126568953196,0.579429785410563,-0.0868431473771731,-0.774553549289703,-0.238298618793488,-106.265719806979,-90.7510810180727,-52.3520633935911,-114.579157041951,-77.9606962629264,-45.2514335616184,-44.7346922818169,-49.7720491219849,-32.2965117966948
31-Jan-2025 10:35:14,317,66,-0.0305006636927525,0.397888491551081,0.0522402862707774,0.581583126386007,-0.0972437972823779,-0.771638941764831,-0.238491206367811,-105.904641880412,-89.645358605542,-50.0585103304769,-112.350764172519,-70.8770340006218,-42.1591381642157,-41.9582163271002,-48.8866461225578,-31.2086288352866
31-Jan-2025 10:35:53,317,67,-0.0284822737177213,0.39597629904747,0.052798301478227,0.581935807069143,-0.0973609363039335,-0.772231483459473,-0.23564833799998,-104.551287808191,-86.7104985108081,-47.7066863786728,-109.724529038874,-65.1440145126928,-40.0283483111132,-41.123306685563,-47.3284648627167,-29.830399498506
31-Jan-2025 10:36:35,317,68,-0.0275396676113208,0.393375466267268,0.0534663108487924,0.582233317693075,-0.105826963484287,-0.771050469080607,-0.235130240519842,-103.601795663144,-84.9610695749726,-45.8507269825237,-106.524372773124,-63.8363164119516,-37.1033112301608,-37.5091802006158,-46.4088944726686,-29.206996974039
31-Jan-2025 10:37:20,317,69,-0.0258410770446062,0.391769925753276,0.0518020090957483,0.580914866924286,-0.11551691989104,-0.772942539056142,-0.227494205037753,-103.604234481683,-81.1043562185864,-43.9426998642021,-103.03725594132,-62.4912790048042,-35.7311505352835,-36.6304452939634,-44.983629517517,-28.436007855729
31-Jan-2025 10:38:05,317,70,-0.0249501225848993,0.388915979862213,0.0525761850178242,0.5801078637441,-0.124855218827724,-0.772952016194661,-0.224569003780683,-102.732638782016,-76.4190006519248,-41.4086388847943,-99.9316588264905,-59.1025719444537,-33.5604280334437,-33.3694061764585,-43.0805172798136,-26.9912254404973
31-Jan-2025 10:38:52,317,71,-0.0227620116124551,0.386943217118581,0.0515152158836524,0.578832777341207,-0.133430577317874,-0.776193698247274,-0.211358134945234,-102.624025823245,-71.8443239801256,-38.9365609748434,-96.4918215701472,-56.2670300575018,-32.7904246281226,-33.1172149535273,-41.6134814008343,-26.0345463768049
31-Jan-2025 10:39:37,317,72,-0.0256549903502067,0.384566946824392,0.0572056472301483,0.58264331817627,-0.160989012320836,-0.77312984863917,-0.192040541768074,-103.573500861616,-80.166674341513,-38.5075757111672,-87.8621334582506,-54.5259897785588,-32.2834976003843,-30.0048817785214,-39.5520568879014,-26.8444629008927
31-Jan-2025 10:40:21,317,73,-0.029513205960393,0.38188485900561,0.0648030291001002,0.586064191659292,-0.16859547495842,-0.775473209222158,-0.163541054725647,-99.9137215852103,-84.841694426616,-44.4315862148552,-80.1988853109757,-51.0857407929655,-32.8392503467756,-30.082260577159,-37.6371514646494,-24.7389052628654
31-Jan-2025 10:41:07,317,74,-0.0313010523716609,0.381398715575536,0.0719258233904839,0.586940427621206,-0.18730559249719,-0.774788920084635,-0.141843991478284,-103.399315151417,-87.8430493735769,-49.1820946022253,-73.9938571460116,-50.170887454047,-30.6263429802318,-29.9544953626183,-38.120505586238,-24.6256105437804
31-Jan-2025 10:41:55,317,75,-0.0347336155672868,0.382433919111888,0.0767825901508331,0.582476397355398,-0.219270823399226,-0.775115199883779,-0.108802662789822,-108.80759513893,-91.1325717514666,-54.2458519314364,-67.467938972203,-51.6437319384658,-31.1541055572204,-32.3491581414884,-38.3779894802468,-24.6834472841667
31-Jan-2025 10:42:39,317,76,-0.036636970937252,0.382076817750931,0.082145315905412,0.575715192159017,-0.246221205592155,-0.776435645421346,-0.0712379351258278,-112.402218337095,-94.4911778448209,-56.6912337315681,-58.606575793972,-51.0104253345534,-31.5522031059753,-34.0550349170639,-38.0725382604658,-24.5268497542885
31-Jan-2025 10:43:22,317,77,-0.0387902915477753,0.38165781100591,0.0864645883440971,0.566842794418335,-0.264184067646662,-0.779286583264669,-0.0401053672035535,-114.115013140588,-98.0343257959073,-56.7774277671601,-50.4524901135299,-49.8490431864753,-32.0354681406132,-35.7915186909922,-36.7356194837899,-24.4130350892781
31-Jan-2025 10:44:07,317,78,-0.0423713977138201,0.381331984202067,0.0926939725875855,0.555389753977458,-0.271904702981313,-0.785849797725678,-0.00708319221933683,-114.361893746743,-101.89474467586,-63.2590279204821,-42.8770431819823,-49.6986232663144,-32.2613169181927,-37.6933059640968,-36.1579669286664,-23.2706118567017
31-Jan-2025 10:44:48,317,79,-0.0430071788529555,0.380941400925318,0.0953610296050707,0.548919896284739,-0.266697732607524,-0.792173671722412,0.00449211867526174,-112.30081725423,-107.038799020245,-59.2883311326693,-39.5659156248818,-46.6786844601122,-33.3334575672429,-38.1027449867896,-36.1099474843192,-23.4888843403422
31-Jan-2025 10:45:29,317,80,-0.0411861216028531,0.380461893479029,0.0971615413824717,0.551912287871043,-0.256692032019297,-0.793337027231852,0.0108818794290225,-106.010762212383,-109.899671096847,-57.966485874289,-38.4619477550049,-45.2239862108892,-24.5537441520287,-39.7910098842765,-35.5017445953602,-24.0125046820911
31-Jan-2025 10:46:17,317,81,-0.0435666772226493,0.382356309890747,0.0972383265693983,0.545950257778168,-0.245351492365201,-0.800888081391652,0.0178684850533803,-109.306217895869,-116.343952039558,-58.869066380625,-39.1365597287397,-47.1769082401558,-33.648103704682,-42.7186877191604,-35.8884499840953,-24.5387989528943
31-Jan-2025 10:47:05,317,82,-0.0426486214001973,0.381960946321487,0.0965078234672546,0.547171012560527,-0.247309721509616,-0.799583232402801,0.0104143818840384,-108.740611881477,-118.193978717169,-54.9546566543601,-39.3597778507581,-45.4229829527533,-33.5629472474297,-40.8798280056808,-35.5612524550094,-25.0620278940082
31-Jan-2025 10:47:53,317,83,-0.0405533519883951,0.380074147383372,0.0924933145443598,0.544775565465291,-0.248610428969065,-0.800767529010773,0.0135582266375422,-107.946383548418,-115.764857611308,-51.3338533692742,-37.6651409336795,-45.0459627349733,-33.4463090321443,-39.8383215265505,-34.7702819953469,-24.3859253173857
31-Jan-2025 10:48:35,317,84,-0.0352996389071147,0.375376641750336,0.0891859620809555,0.545866099993388,-0.244708765546481,-0.800917601585388,0.0260548288623492,-101.637844056025,-100.84616261371,-47.1848533047778,-32.4615764970524,-44.0073950520046,-29.6389299378425,-38.4454916645949,-32.4724250703961,-23.1851569818949
31-Jan-2025 10:49:01,317,85,-0.0351146298150221,0.368598914146423,0.0881246596574783,0.539037295182546,-0.256194925308228,-0.801027770837148,0.0464482103784879,-97.3721489839662,-89.9576806702435,-43.2217548505762,-15.8285483006512,-25.1630536364415,-16.7861804040325,-34.1770001112265,-19.9711249128013,-13.7720557669701
31-Jan-2025 10:49:53,317,86,-0.0288098032275836,0.367476725578308,0.0807742824157079,0.543754100799561,-0.253011794885,-0.799189480145772,0.0401578456163406,-100.127876122074,-89.8593052538431,-44.451607201522,-24.6057882243625,-40.8408253545812,-25.8107456504681,-34.8456777121519,-29.2931031388844,-20.3527881123281
31-Jan-2025 10:50:35,317,87,-0.0250820589562257,0.365698558092117,0.0756856804092725,0.541797931989034,-0.258468224604925,-0.798254076639811,0.0493922347823779,-100.019314365264,-77.6809831009757,-38.6779349550414,-22.0131622081304,-40.3296536395724,-24.6989682870267,-34.832939890224,-28.6017205568066,-19.0304372378276
31-Jan-2025 10:50:59,317,88,-0.0235191910217206,0.360033937295278,0.0775369813044866,0.537723779678345,-0.26967934568723,-0.796025470892588,0.0668554166952769,-94.3536081609969,-67.8626875798748,-33.6775004098478,-5.78560322192669,-17.699010207989,-11.469019618647,-31.2544943568695,-21.4786575706484,-13.381544753398
31-Jan-2025 10:51:46,317,89,-0.0156051854913433,0.358817374706268,0.0669725015759468,0.54585436185201,-0.24965358376503,-0.797424562772115,0.0618885690967242,-91.3843297330002,-64.1744053746571,-29.7386847152975,-16.7905777507368,-35.0836309181188,-20.7549852977978,-32.1931949678018,-25.5397543824499,-17.1193814640036
31-Jan-2025 10:52:11,317,90,-0.0137526163210471,0.354675114154816,0.0709092701474826,0.544310478369395,-0.26560126543045,-0.792052781581879,0.0763839607437452,-88.4882651931389,-54.1761298273811,-25.6556784460689,0.138180962945782,-11.2008836991046,-7.39890815071408,-28.8654686508774,-22.2179310932312,-13.5505827721269
31-Jan-2025 10:52:59,317,91,-0.00970906428992748,0.358033665021261,0.0664021958907445,0.55086741844813,-0.238641010721525,-0.795047092437744,0.0865777209401131,-91.2172364660102,-56.1092619049403,-28.226499292142,-13.5638956348646,-31.4311462183652,-19.1528766966445,-37.587918849522,-27.2676845593344,-17.7677050366335
31-Jan-2025 10:53:21,317,92,-0.00132283537338177,0.356534051895142,0.0669824366768201,0.5567294160525,-0.229556635022163,-0.79039558172226,0.112387612958749,-85.3395112109153,-50.2398956469849,-25.0612724945454,0.942461077947996,-10.6695667553395,-7.20883453601638,-42.2437623162024,-30.7717080001826,-17.4956684505195
31-Jan-2025 10:54:11,317,93,0.00231036668022474,0.359624075889587,0.0614900516966979,0.562554136912028,-0.196840063730876,-0.793845315774282,0.120815834403038,-86.6334376918373,-50.5942802212723,-28.2530218751141,-14.0219655539276,-34.9620663011714,-20.5407870221087,-49.8913024169008,-36.5778664284032,-22.1790524390952
31-Jan-2025 10:54:36,317,94,0.0147481896604101,0.359317334493001,0.0615212815503279,0.571568822860718,-0.175038329760234,-0.78663862546285,0.154500364263852,-80.7131900407679,-45.5105402116809,-23.8982593447653,1.35321614185247,-12.1066053514313,-7.58573683156168,-55.9596908346081,-46.3850923503101,-22.7401467150158
31-Jan-2025 10:55:29,317,95,0.0151199800272783,0.36419951915741,0.0568130806088448,0.575355382760366,-0.142223304510117,-0.788323918978373,0.165179105599721,-82.0608553237026,-46.3327379101503,-26.6452408589579,-16.9267979985395,-37.527164153906,-22.7371853026945,-66.63850341082,-49.5678520190601,-27.2400961346088
31-Jan-2025 10:55:54,317,96,0.0277527862538894,0.36424884001414,0.0571779164175193,0.585801494121551,-0.118808597326279,-0.776647090911865,0.1988477597634,-75.7924770736394,-41.10790446265,-21.9930943954211,0.465589942982451,-12.9107328324872,-8.44188310466774,-72.797528066284,-56.9383785612316,-28.084473126038
31-Jan-2025 10:56:49,317,97,0.0273750921090444,0.368125589688619,0.0536547958850861,0.585942844549815,-0.0856416553258896,-0.7804101506869,0.200739928086599,-76.5910770570773,-46.5095554421648,-24.6663839430197,-18.9808210745387,-40.0008064491227,-25.3232055720608,-79.3966587613742,-60.927788540114,-33.1010639033853
31-Jan-2025 10:57:13,317,98,0.0374433994293213,0.37036536137263,0.0547506694992383,0.587642900149028,-0.048189020405213,-0.768804808457693,0.247573930025101,-70.7981661572658,-39.0744486351873,-20.0523914961859,-0.0716315715811753,-13.8191325347841,-9.49284037216404,-89.2908424762774,-65.4766402373517,-34.0537615736917
31-Jan-2025 10:58:11,317,99,0.0401636712253094,0.374061435461044,0.0522312432527542,0.588587415218353,-0.0239342703173558,-0.772195394833883,0.23813083867232,-70.7094998158295,-47.1959629349635,-24.7697580521359,-22.6596418083847,-42.9015848549599,-28.0066313386222,-93.9325527010871,-70.7552127937671,-39.8745126904775
31-Jan-2025 10:59:01,317,100,0.0455811746418476,0.377542887131373,0.0502758438388507,0.592167548338572,-0.00402756265054146,-0.768704692522685,0.241690834363302,-69.7229557535808,-49.2207877881165,-19.4528041094779,-26.6962519150688,-44.7161002923924,-30.4675003882581,-99.9980261808502,-77.5236457797714,-45.5042905305032
31-Jan-2025 11:00:31,141,1,0.00171159657960137,0.316729754209518,0.0410783708095551,0.588231070836385,0.00326133028914531,-0.808624339103699,-0.0100152805447578,-8.25000000000001,-12.675,-5.17500000000001,-5.70000000000001,-10.875,-5.25000000000001,-5.62500000000001,-7.57500000000001,-5.32500000000001
31-Jan-2025 11:01:06,141,2,-0.00401214500889182,0.320446270704269,0.0403914297620455,0.587512008349101,-0.0242348783959945,-0.808073310057322,-0.0354948692023754,-17.3427971085281,-16.7594115721998,-8.58660202066995,-10.3759621356731,-15.3430440754375,-8.59092270398814,-4.39649527907642,-8.59392519934028,-5.4413551196042
31-Jan-2025 11:01:40,141,3,-0.00999854548523823,0.321858475605647,0.0406786215802034,0.583283929030101,-0.0506707156697909,-0.808490975697835,-0.0596213057637215,-24.1855942170562,-20.0375731443996,-10.4419540413399,-15.3144242713462,-17.8048381508751,-10.6943454079763,-0.0742405581528214,-3.89410039868056,-4.18896023920837
31-Jan-2025 11:02:11,141,4,-0.0137433155750235,0.323330340782801,0.041629879673322,0.579758926232656,-0.0748794823884964,-0.806439161300659,-0.0890424311161041,-29.4533913255843,-21.3376097165994,-12.0441810620098,-19.1091364070193,-17.4635072263126,-11.8790181119644,5.04488916277077,-3.00990059802082,-2.85219035881254
31-Jan-2025 11:02:45,141,5,-0.0117076460272074,0.324373183647792,0.041313499212265,0.581161344051361,-0.0669172083338102,-0.804700760046641,-0.101144860188166,-28.6086884341124,-18.6485837887993,-12.9948455826797,-21.9569735426925,-18.1956138017502,-8.7793158159525,5.31245638369441,-4.48351329736105,-3.27323297841668
31-Jan-2025 11:03:18,141,6,-0.0102521868422627,0.326261784633001,0.0386421516537666,0.582694582144419,-0.0474072774251302,-0.804471997419993,-0.10509237498045,-28.4091697347619,-20.7153147985342,-12.0465646575806,-25.792195083747,-19.9811949296625,-10.7724911999421,2.61602068989015,-6.73310719636961,-4.93591474795442
31-Jan-2025 11:03:51,141,7,-0.00835637946923574,0.328813229004542,0.0371094271540642,0.58622940381368,-0.0249690401057402,-0.803047001361847,-0.104053782423337,-27.1315260354113,-23.134780183269,-10.8228931074815,-30.0281978748016,-21.5851354325747,-11.6945728339317,-2.45580562891409,-8.10965422037819,-7.03804964249217
31-Jan-2025 11:04:25,141,8,-0.00578781655058265,0.331667117277781,0.0359463262061278,0.590055799484253,0.00154950516298413,-0.801254538695018,-0.0991108318169912,-24.7148198360607,-23.9306127555038,-9.68652624488242,-34.7645912908561,-22.498255622987,-12.5311075929213,-7.44032726021835,-10.8496778068868,-8.98491109952992
31-Jan-2025 11:04:59,141,9,-0.002292426644514,0.333647314707438,0.0337951848904292,0.59093763033549,0.0328001307944457,-0.799694565931956,-0.101022329926491,-21.3535823867102,-23.3146289214886,-8.96881172603332,-39.4511800194107,-22.8409656571492,-12.9498689144109,-11.1811965477726,-14.1964396746453,-10.9291358378177
31-Jan-2025 11:05:31,141,10,0.00174813692768415,0.335540664196014,0.0319458025197188,0.591206709543864,0.0866241693496704,-0.796530397733053,-0.0922508741418521,-14.9700793123597,-22.1427368843484,-9.8854233790592,-43.8128664042153,-23.4234706131864,-12.9347435171505,-18.1252396634519,-17.0215706830289,-13.0970422167304
31-Jan-2025 11:06:05,141,11,0.005306383750091,0.33653134504954,0.0302281393359105,0.588354337215424,0.122223215301832,-0.793637315432231,-0.0950815161069234,-9.55044342550916,-24.8178907456457,-9.66919811802259,-47.9371016171448,-24.2008730301612,-13.0776747605151,-21.4958696931936,-21.085886261725,-14.7767894159557
31-Jan-2025 11:06:40,141,12,0.0094196173051993,0.338761125008265,0.0290788083026807,0.584782592455546,0.153170190254847,-0.791357970237732,-0.0912183508276939,-5.73774113240864,-24.1665675561618,-10.5365543999547,-52.0926112441369,-24.6257241776047,-13.1496343241922,-26.5297931799667,-27.4197941255773,-16.5874570253372
31-Jan-2025 11:07:02,141,13,0.0127538226544857,0.338518273830414,0.0274803578853607,0.580274983247121,0.185074651241302,-0.78701997200648,-0.0981218039989471,2.44649436381686,-8.20200584128745,-3.17070145337128,-55.3637580781602,-18.3492996902826,-9.73610804802557,-29.0203633952553,-26.7134981320078,-14.7135848397969
31-Jan-2025 11:07:46,141,14,0.0114502900590499,0.34347589413325,0.028401401018103,0.580747024218241,0.175467995802561,-0.788865145047506,-0.0981616780161858,-5.10850353839504,-27.8558248637177,-11.7132438925299,-59.9927235156991,-26.5722373855777,-14.929838851937,-33.9892569748018,-32.0871002097273,-19.0224427567956
31-Jan-2025 11:08:09,141,15,0.0148531361172597,0.345383608341217,0.0282475604365269,0.575523165861766,0.201693553725878,-0.786100359757741,-0.100692830979824,6.46688186017421,-7.79383425480023,-2.70998402455979,-63.7255982549959,-19.4698561721814,-10.7771981958876,-38.2473122364771,-33.9756513230913,-19.1476657250638
31-Jan-2025 11:08:53,141,16,0.0135529396434625,0.349292824665705,0.0283294547349215,0.57831046183904,0.186245675881704,-0.78835088411967,-0.0968115200599035,-8.14796852099598,-30.6913311428073,-14.2008480153441,-66.1104622076287,-29.4496060073555,-17.3945959173356,-41.7409473864547,-37.6964072924754,-22.4517652440855
31-Jan-2025 11:09:21,141,17,0.0206914708018303,0.352173451582591,0.0278567882875601,0.573033185799917,0.208266080419223,-0.788637514909108,-0.0794298991560936,-4.25522307697101,-19.0598756229775,-8.89276142934636,-68.233803485701,-31.9605261153567,-11.2879007737934,-48.3943729569644,-42.0459005207706,-25.8349560259246
31-Jan-2025 11:10:03,141,18,0.0205804504454136,0.356351226568222,0.0298825108756622,0.57605627377828,0.198533909519513,-0.790168456236521,-0.0661609351634979,-12.0336797203483,-35.388943899229,-16.2601995549574,-69.8513834264929,-34.4870313597716,-19.744159197756,-53.9276937377402,-46.4847623785213,-28.9576924391724
31-Jan-2025 11:10:41,141,19,0.0223981599013011,0.359747854868571,0.0315307217339675,0.574326924482981,0.201873918374379,-0.791229971249898,-0.05788512652119,-14.9977374074268,-36.4482740735216,-18.9404000363729,-72.4910826986448,-36.7213291723933,-20.781894405471,-58.6759621236491,-50.8933085509999,-31.6502016681245
31-Jan-2025 11:11:20,141,20,0.0239755619317293,0.362941076358159,0.032509600619475,0.57380911509196,0.195975601673126,-0.793301618099213,-0.054856504748265,-18.7795956163559,-39.6977351968344,-20.4019816956906,-74.4418416364765,-39.3345232691185,-22.3853680050624,-61.9067043121246,-55.4366968808423,-34.3525973049288
31-Jan-2025 11:11:57,141,21,0.0252496632436911,0.364609118302663,0.0347668851415316,0.573213001092275,0.186451637744904,-0.795740310351054,-0.0588222829004129,-21.6203540862103,-41.8672617946575,-22.0792539439595,-75.5231304071482,-39.6621655078955,-23.2217108005918,-62.2036834018833,-59.5975062893667,-36.7599361456592
31-Jan-2025 11:12:33,141,22,0.0275498518099387,0.365762448310852,0.0363412541647752,0.572758483886719,0.176508370041847,-0.798436526457469,-0.057372889171044,-24.2905626865273,-42.9718211297357,-24.0893714867039,-75.71968409424,-41.0970318176983,-23.8244881940903,-62.5337809422837,-64.092026237232,-39.0197465883526
31-Jan-2025 11:13:12,141,23,0.0281586789836486,0.369564644495646,0.0383961108823617,0.574992493788401,0.158607135216395,-0.801395448048909,-0.0446402850250403,-31.4504963520756,-46.0188968334415,-26.5659116766861,-76.8238702395417,-43.8355101630141,-26.0354828865733,-66.9304377080048,-68.3784014547678,-41.3557928320276
31-Jan-2025 11:13:50,141,24,0.0288531677176555,0.371550444761912,0.0410863098998865,0.576799738407135,0.140597401062648,-0.803410792350769,-0.0454482659697533,-36.3552925502396,-49.362230721461,-28.8256631902872,-77.4818726139484,-44.9007945260863,-28.0755862285485,-67.1353740863864,-72.4857043071389,-44.6299569761933
31-Jan-2025 11:14:30,141,25,0.0298169871171316,0.374319140116374,0.0449883935352167,0.57829806804657,0.133958344658216,-0.80410114924113,-0.032370862364769,-39.6075200147115,-53.6786937016374,-31.7270203656977,-77.7667831029076,-45.7294818980368,-28.7552438952699,-71.2444502710982,-76.8034709769276,-48.2231800706044
31-Jan-2025 11:15:11,141,26,0.0303288674602906,0.377289483944575,0.0479559153318405,0.580596931775411,0.116107118626436,-0.805503424008687,-0.0243022851645947,-45.2584631123372,-58.2567212278922,-35.7741803720129,-77.9401476491431,-48.3898707744264,-29.8796787243644,-73.7055963589751,-81.0764695554251,-51.7509326401381
31-Jan-2025 11:15:52,141,27,0.022967974593242,0.378119510412216,0.0484363141159217,0.582847213745117,0.0860722293456395,-0.806480614344279,-0.0496967405080795,-51.2728321504372,-60.4436304488202,-36.8945665811612,-79.9791501470135,-49.2184387983779,-30.5389414088805,-68.4527839984167,-80.6896541164213,-49.3010100378692
31-Jan-2025 11:16:31,141,28,0.0158025601257881,0.37768526673317,0.0479929573833942,0.583227137724558,0.0659670010209084,-0.805752058823903,-0.0791082839171092,-54.1743800968257,-61.0459308062678,-37.7764034980358,-82.5527661592029,-49.6799321984392,-30.4468983839899,-60.6129891136495,-78.4541466545946,-44.2847198043809
31-Jan-2025 11:17:11,141,29,0.00710745990897218,0.378524031241735,0.048441914220651,0.586281991004944,0.0453568485875924,-0.802627678712209,-0.10002505282561,-61.7445174973584,-63.7809267319752,-38.5389657687734,-84.9436889285518,-49.8078882865552,-31.7042025043959,-57.929702966778,-72.9692931813565,-40.310245755283
31-Jan-2025 11:17:51,141,30,-0.00117335492589821,0.379631497462591,0.0491576492786407,0.586930660406748,0.0212901663035154,-0.800802036126455,-0.117368002235889,-67.1489496249632,-67.2072704418125,-40.2918907164425,-87.3182650764806,-49.9190757186986,-31.9861801974502,-54.1496711888543,-66.9097667024128,-36.4066797983802
31-Jan-2025 11:18:31,141,31,-0.00896865495791038,0.379650904734929,0.049339734762907,0.586078182856242,0.00486035418386261,-0.797644658883413,-0.142308689157168,-70.4955291161041,-72.1792880437148,-41.7899970025775,-89.4596679136992,-49.8718788228557,-32.4554946768286,-49.6712665954045,-61.8379037206162,-33.438567887575
31-Jan-2025 11:19:09,141,32,-0.015557027173539,0.379590314626694,0.050152878711621,0.588911779721578,0.00363857552098731,-0.792318181196849,-0.159378875295321,-70.9381822890131,-75.8241425916495,-43.3856939579453,-91.7094840955627,-50.7954897630198,-31.8184775493692,-46.7936755941917,-54.2598724873932,-30.7881829998186
31-Jan-2025 11:19:46,141,33,-0.0227973144501448,0.380661424001058,0.0518369985123475,0.59169762134552,-0.0181321193774541,-0.785317277908325,-0.181223538517952,-76.1538723028061,-78.7304156126004,-44.7301862479295,-93.7885069497488,-50.7795046211872,-31.8282946184908,-43.4414913890973,-45.3537571284571,-28.6716616235866
31-Jan-2025 11:20:25,141,34,-0.0256335110714038,0.381536944707235,0.0532565469543139,0.592818526426951,-0.0287631750106812,-0.780914656321208,-0.194707918167114,-78.2810807370411,-82.1673978700595,-46.474076205222,-95.782133140096,-50.4437214383563,-32.9115287859029,-40.6020105820622,-43.4335997066642,-28.4720720031168
31-Jan-2025 11:21:01,141,35,-0.0216866541653872,0.381482807795207,0.0491726413369179,0.593348960081736,0.00349556137807667,-0.782841658592224,-0.187306493520737,-73.8144332551848,-79.2391976020063,-43.8668336723181,-97.8822541469735,-51.6892755481644,-32.029026907062,-44.3152500994791,-43.7457999586955,-28.4150748611869
31-Jan-2025 11:21:35,141,36,-0.0179350135227044,0.382101182142893,0.0445160244901975,0.591707277297974,0.0338464928170045,-0.783972104390462,-0.184728641311328,-69.7381653784391,-74.1186746430802,-41.5469405562413,-100.486025987891,-51.2423801477232,-32.8398793027938,-47.8566654664109,-44.9044896950126,-28.3123106581976
31-Jan-2025 11:22:09,141,37,-0.0133871572092175,0.383726181586583,0.0391839938859145,0.589429394404093,0.053751893589894,-0.785821648438772,-0.17935466269652,-68.4070873042486,-68.0519903387176,-40.945722148578,-102.966623245829,-54.8242599921571,-32.247408835812,-53.5621687581001,-46.1114241734726,-29.2366629246786
31-Jan-2025 11:22:43,141,38,-0.0105926778167486,0.384714949131012,0.0355989009141922,0.58912605047226,0.0842353900273641,-0.785373759269714,-0.170361331105232,-65.6736041313357,-64.0622253616368,-39.1038410951215,-105.460633212277,-55.7705274590288,-32.9782769374732,-59.4497160121679,-47.2674810230041,-28.7995734258947
31-Jan-2025 11:23:18,141,39,-0.00795537903904915,0.385250349839528,0.0370926814774672,0.589888846874237,0.069001175959905,-0.790407522519429,-0.150086533029874,-68.1356691982138,-62.5424470632353,-39.1107733686691,-102.287699298883,-55.9064832837063,-33.3404427391311,-62.0188582778696,-49.565522517781,-29.1188559167147
31-Jan-2025 11:23:55,141,40,-0.00719327162951231,0.385505815347036,0.0376107732454936,0.592506925264994,0.0385554832716783,-0.796205778916677,-0.116212664544582,-73.6221329904112,-61.4668985966543,-38.3200399807683,-97.2806185626172,-58.7960360139932,-34.8209431829497,-64.8585115341659,-49.900844605326,-29.4352779662185
31-Jan-2025 11:24:33,141,41,-0.00819075796753168,0.385680794715881,0.0376442715525627,0.593807872136434,0.0138051473846038,-0.800224812825521,-0.0827157626549403,-77.6207961452684,-61.2884650459835,-38.6304737621435,-90.6814644149147,-62.3873871970849,-36.5606109478488,-67.6084202857595,-49.1798069892549,-29.3752697950642
31-Jan-2025 11:25:11,141,42,-0.00725732728218039,0.385776017109553,0.0374765865504742,0.592850804328918,-0.00989195741713047,-0.803565410772959,-0.0520838943620523,-81.3255589814554,-61.2585889532679,-38.5914911281565,-85.0112735614941,-64.9046376065789,-38.279862373288,-70.3884567850018,-50.2555895213758,-29.8770465135808
31-Jan-2025 11:25:50,141,43,-0.00712071942786376,0.385153728723526,0.0364310495555401,0.592158929506938,-0.0209900740534067,-0.805293107032776,-0.0202551953494549,-82.9333716583074,-61.6029915895297,-37.2528002864885,-79.2055643552144,-67.259837629274,-39.9139056289974,-73.3335571580684,-49.3797821275927,-29.8347156769329
31-Jan-2025 11:26:29,141,44,-0.00758497559775909,0.38540216088295,0.0360798120498657,0.5891996661822,-0.0381616535286109,-0.806864980856578,0.0188782852143049,-85.3677092554918,-62.2845335902804,-36.0892553409801,-73.1820959725052,-70.1340124585698,-41.8803447998417,-76.8111894680472,-47.6781797708575,-30.7203310627027
31-Jan-2025 11:27:09,141,45,-0.00796611954768499,0.385387098789215,0.0343664579093456,0.588883586724599,-0.0544614973167578,-0.804857174555461,0.0495479837059975,-87.3903093128425,-62.6846452732754,-35.8382833435513,-66.7497480015812,-74.0926746911659,-43.6379819282537,-79.5800877464821,-47.0636799326464,-31.1699195596815
31-Jan-2025 11:27:50,141,46,-0.0121097469702363,0.384680712223053,0.0335820972919464,0.589858225981394,-0.0408148790399233,-0.805730338891347,0.0346421437958876,-84.6455121341752,-63.9676027552031,-37.5505475835886,-68.8084272385607,-77.245549015735,-43.8123715151318,-77.3544588618853,-45.7694241989069,-30.0225103193904
31-Jan-2025 11:28:34,141,47,-0.0162135618428389,0.383982410033544,0.0335271179676056,0.591249732176463,-0.0375440056125323,-0.805614201227824,-0.000123061872242639,-83.0727805705496,-66.905202657692,-40.0909550606459,-72.9398865784865,-80.5945451911291,-43.2970605914017,-72.5141464694026,-45.0844440947984,-30.3410943569017
31-Jan-2025 11:29:16,141,48,-0.0205852036674817,0.383057248592377,0.0335573432346185,0.59235539038976,-0.0250204879790544,-0.804655659198761,-0.0319117034475009,-79.1610818144447,-70.0701237704613,-41.4704341562131,-76.3077359698855,-82.2416022919358,-43.3368994123677,-67.1164923229768,-42.9041018055053,-30.1176750333141
31-Jan-2025 11:29:58,141,49,-0.0249347961197297,0.381281252702077,0.0331402542690436,0.593395499388377,-0.0170058796803157,-0.801475624243418,-0.0723145842552185,-75.9548994621002,-75.823705488371,-43.2444490610353,-79.818780387021,-83.7126898554488,-43.8793131056816,-57.9151672995796,-41.6260784236199,-29.698254029177
31-Jan-2025 11:30:42,141,50,-0.0289477960517009,0.38064191142718,0.0337224694589774,0.592518965403239,-0.0230345291395982,-0.79824419816335,-0.105815606315931,-75.7264753116359,-79.1966175088507,-44.840731870485,-82.8014223170249,-84.4957926503149,-43.7730142351694,-51.4620068376967,-41.0242144954385,-29.7058321847652
31-Jan-2025 11:31:24,141,51,-0.0345126077532768,0.378594283262889,0.0329424654444059,0.595043432712555,-0.0102172690133254,-0.790217101573944,-0.146204986174901,-70.6119302621117,-83.1041946806156,-46.1231486322484,-85.8198630034629,-85.5349030608575,-43.4923590827443,-43.9829286565708,-38.585430294109,-29.1019099202161
31-Jan-2025 11:32:07,141,52,-0.0376318333049615,0.378625307480494,0.0349176744620005,0.600941483179728,0.00654548518359661,-0.783470022678375,-0.158117866516113,-66.6543247630575,-86.679104428023,-48.2986323701688,-88.5562030681179,-84.5270172792385,-43.7995257893627,-41.9158916158235,-37.0281859562054,-27.9672374455982
31-Jan-2025 11:32:39,141,53,-0.0386334357162317,0.375733878215154,0.0365679142375787,0.609460540612539,0.0371726301809152,-0.77413983742396,-0.166983863711357,-58.1751890392384,-87.8376804632516,-45.9706495961675,-87.6264928218815,-77.6956334015387,-39.6756034255028,-38.6548751452655,-32.3117115500147,-9.91718986594592
31-Jan-2025 11:33:22,141,54,-0.0370206197102865,0.378786385059357,0.0376775525510311,0.60662933588028,0.0212798559417327,-0.777247401078542,-0.165633790691694,-63.6264827221254,-90.6968249215291,-49.6771564673005,-90.8688769498851,-83.0629716904951,-42.135727395278,-41.5852371117691,-37.1091747249391,-29.1255863029316
31-Jan-2025 11:34:06,141,55,-0.039638780305783,0.382228444019953,0.0397314680119355,0.602107405662537,-0.00885665925840537,-0.779008344809214,-0.174740586678187,-73.722393848821,-92.9518859517618,-55.070296710453,-93.1572485001658,-85.8869354554312,-44.0130790974336,-40.01710422082,-39.8793303827918,-29.2926389636588
31-Jan-2025 11:34:44,141,56,-0.0382098798950513,0.384557539224625,0.0426983043551445,0.602737112840017,-0.0104775857180357,-0.776784467697144,-0.182219942410787,-76.5406136974211,-93.5549052679722,-51.4817536396153,-97.1436137615851,-80.6892119583573,-41.6240446657795,-41.8247239011445,-39.9108322821084,-29.4640197362565
31-Jan-2025 11:35:22,141,57,-0.0375037138660749,0.387787916262945,0.0457740964988867,0.601118775208791,-0.0217638096461693,-0.775074585278829,-0.193499266107877,-82.6949879069733,-96.4069037271715,-54.8773689117826,-100.628975878574,-78.6056448302784,-40.7768171672205,-43.2202198671059,-41.1980073021571,-30.2375645647897
31-Jan-2025 11:36:06,141,58,-0.0381549033025901,0.392011400063833,0.0420122193793456,0.593570140997569,-0.042155260592699,-0.7783030072848,-0.200354352593422,-90.0674392970016,-97.6083917578652,-53.0650633554523,-104.613836423347,-84.8291558866968,-45.200493135209,-45.0096539758857,-42.9630188825718,-31.7621914212905
31-Jan-2025 11:36:40,141,59,-0.0395294832686583,0.394621102015177,0.0448360731204351,0.594504181543986,-0.0459697080155214,-0.774513733386993,-0.211139923334122,-94.148929277268,-99.109624574306,-52.7737973848732,-108.248446182012,-82.0062060353641,-43.9346208364713,-45.4210571560748,-41.9669487431694,-20.9873592917753
31-Jan-2025 11:37:24,141,60,-0.0389381649593512,0.398414876063665,0.0484106381734212,0.595859917004903,-0.0549714470903079,-0.771607069174449,-0.215758281946182,-99.5099385526534,-102.110729783621,-59.3930512071697,-112.907930547624,-86.4350257301556,-44.0239744043705,-48.2934448719684,-45.8903377438587,-34.2877976692519
31-Jan-2025 11:37:52,141,61,-0.0462052581210931,0.401087288061778,0.0492258471747239,0.591917105515798,-0.0795529787739118,-0.764114809036255,-0.243790786465009,-105.285707475598,-103.536771189372,-57.692564925904,-116.654852216709,-84.0647301980094,-44.2659409055881,-38.8213248557144,-33.7484563145938,-23.8508713002246
31-Jan-2025 11:38:32,141,62,-0.0402925146122773,0.406907020012538,0.0494045252601306,0.588669912020365,-0.0863026062647502,-0.769847091039022,-0.230987191200256,-113.293856222323,-107.475280693342,-63.9822085928572,-120.84549253753,-89.4698770523943,-47.284213873465,-51.8269509733864,-52.0489396703517,-35.8952625579451
31-Jan-2025 11:39:16,141,63,-0.0429380896190802,0.411219000816345,0.0480915846923987,0.588325945536296,-0.0751483390728633,-0.769408718744914,-0.237140382329623,-116.094967628871,-111.373852000108,-68.9333018528816,-126.8809519288,-92.0033819426939,-52.5879292381141,-55.5286290812941,-54.5403128398017,-35.8671370817479
31-Jan-2025 11:39:55,141,64,-0.0459718498090903,0.414195394515991,0.0459344772001108,0.587359348932902,-0.0684249912699064,-0.768058943748474,-0.24578949312369,-117.429173991365,-115.413040331428,-70.2194275999607,-131.639840983004,-95.6557474296263,-56.6732212194279,-57.6497437226833,-55.9422772055076,-36.8468410122378
31-Jan-2025 11:40:36,141,65,-0.0477169046799342,0.417810527483622,0.0434497028589249,0.588947912057241,-0.0498371131718159,-0.765830103556315,-0.253299969434738,-117.879927831831,-118.172537175027,-73.5730695905671,-137.185444868675,-100.242543214875,-59.3993015090742,-60.7055766308134,-58.2995371693414,-38.1054596460711
31-Jan-2025 11:41:11,141,66,-0.0498674876987934,0.421762760480245,0.0418031161030134,0.591037567456563,-0.0368454804023107,-0.762980465094248,-0.259186865886052,-119.313955411283,-122.242188274763,-76.1604697029372,-142.599406170079,-104.696554149282,-61.8957759528867,-64.5287686723137,-39.7594449322386,-38.8285356315762
31-Jan-2025 11:41:45,141,67,-0.0523774166901906,0.424401287237803,0.0381940595805645,0.592848169803619,-0.0152291317159931,-0.758655254046122,-0.269706002871195,-118.389619860228,-125.616916502569,-78.5147488761892,-148.32254617935,-109.009172658268,-65.8524474737823,-66.2606402804994,-28.170676594668,-38.9838402929171
31-Jan-2025 11:42:20,141,68,-0.0560911392172178,0.426967666546504,0.0352818523844083,0.596650433540344,0.0115424473459522,-0.751927431424459,-0.280143217245738,-115.68610274392,-129.01918329441,-79.9274675798821,-154.050275542555,-111.601094954544,-70.0892175332195,-68.3718516720276,-23.7325702068633,-38.9302592921761
31-Jan-2025 11:42:54,141,69,-0.0565716159840425,0.430374644200007,0.0319460809230804,0.593902766704559,0.0187972226490577,-0.750343565146128,-0.289673455556234,-117.717994844985,-132.735219368268,-81.0194060487954,-159.855299582726,-116.482669144464,-72.7410368619274,-70.7477329552271,-19.9447947939417,-40.497235460394
31-Jan-2025 11:43:30,141,70,-0.0560377828776836,0.429773948589961,0.0346696841220061,0.600764282544454,0.0206503552695115,-0.755485173066457,-0.260572550694148,-116.123118879166,-135.212262035204,-81.5730551390164,-154.471340631557,-120.018973064042,-72.7378724793508,-74.1446923279245,-19.0825824950877,-40.9697287890671
31-Jan-2025 11:44:19,141,71,-0.0550979423026244,0.430301143725713,0.0356692686676979,0.598998781045278,0.000851813047969093,-0.764367465178172,-0.238625520467758,-119.38709521769,-137.617747022645,-80.6590091705425,-150.64420534963,-122.740189957031,-72.3009704140919,-77.0078191735397,-61.0579529399549,-42.2598614099799
31-Jan-2025 11:45:05,141,72,-0.0541217359403769,0.4300528327624,0.0391562856733799,0.598239092032115,-0.0184293001890182,-0.775689721107483,-0.200189525882403,-121.855497708386,-140.137453170337,-80.8861156727211,-143.695481902324,-125.278863336725,-72.2471995074918,-80.7290297556139,-62.0521147566825,-43.0588136770126
31-Jan-2025 11:45:43,141,73,-0.0554034772018592,0.428599939743678,0.0398520650962989,0.597869022687276,-0.0176184759785732,-0.786034814516703,-0.156177746256193,-119.801113275167,-142.489269898156,-78.608798410226,-136.235964372328,-126.151264959772,-71.7099941802212,-84.6542822059175,-60.3306722593399,-27.4121757671051
31-Jan-2025 11:46:29,141,74,-0.0500408137838046,0.425836726029714,0.0424508437514305,0.597662727038066,-0.0200803102304538,-0.793456717332204,-0.11323642830054,-118.260335379992,-141.907141916038,-78.7542692653941,-127.771049800987,-126.265530704496,-71.0810716426152,-90.7815555903358,-61.5264276049624,-44.2677427687276
31-Jan-2025 11:47:09,141,75,-0.048526735107104,0.424336155255636,0.0455634462336699,0.592503360907237,-0.0276558478673299,-0.802702323595683,-0.0619996825853984,-117.651360753838,-142.033041578951,-77.6361341793937,-116.178436708974,-126.600728510058,-69.5062904998417,-95.8348394418114,-60.2807818720673,-44.3744122261152
31-Jan-2025 11:47:50,141,76,-0.046429509917895,0.422870926062266,0.0459799374143283,0.579394662380219,-0.0387728534638882,-0.814009022712707,-0.0137050036340952,-118.408287762194,-141.61295506438,-76.4861961228091,-109.921974356625,-126.446392346039,-68.2085800544843,-100.351128526816,-60.5144355999135,-44.2816329113852
31-Jan-2025 11:48:31,141,77,-0.0433007769286633,0.422605317831039,0.0461772312720617,0.572887587547302,-0.0430334153274695,-0.81818771759669,0.0227335082987944,-119.248165587807,-139.794875461067,-76.4453565809324,-104.083587374108,-126.422289197229,-68.099404957835,-105.048920228584,-60.9627390581303,-44.9891292105965
31-Jan-2025 11:49:11,141,78,-0.0383182677129904,0.421862324078878,0.0400663087765376,0.576322623093923,-0.0321120585004489,-0.816271615028381,0.0228415074447791,-118.027751209909,-133.579075405003,-70.6054624392928,-104.947522482922,-124.898887807707,-67.0855482584543,-106.623942065018,-60.3505623577582,-44.5336189019647
31-Jan-2025 11:49:49,141,79,-0.0321670236686865,0.419351581732432,0.035709489385287,0.577851561705271,-0.0335519487659136,-0.81521563132604,0.0196315490951141,-116.715574536325,-124.763777076753,-65.3053429263302,-103.890976434194,-120.520544671986,-65.3938253962506,-104.906839555642,-59.6420480899787,-43.4531774968182
31-Jan-2025 11:50:27,141,80,-0.0276850357651711,0.417126659552256,0.0315405244628588,0.579079775015513,-0.0364168278872967,-0.814289081096649,0.0165455597142378,-115.582516714898,-115.77372961241,-61.6251107277061,-102.249189806695,-118.689730663167,-63.7381694526354,-103.118674873362,-59.4853650384955,-42.7352705434145
31-Jan-2025 11:51:03,141,81,-0.0229498844593763,0.415538551410039,0.0284383260955413,0.581106237570445,-0.0407215423882008,-0.812782963116964,0.00641871358578404,-115.064018319549,-108.12130758002,-56.9548221862512,-102.639782889811,-115.807681217799,-62.4755469683144,-101.144979104629,-59.2295975951605,-42.1986308158821
31-Jan-2025 11:51:40,141,82,-0.0193517493704955,0.413829191525777,0.0247324602057536,0.582720323403676,-0.0405808585385482,-0.81158009370168,-0.0113142918174466,-113.727799637239,-100.537698263608,-52.689505473381,-103.596565828234,-114.050014054156,-60.7344412136406,-97.6535177926709,-59.4492879558998,-41.9776247012854
31-Jan-2025 11:52:15,141,83,-0.0180130833139022,0.412339890003204,0.0221793230623007,0.582560618718465,-0.0406363720695178,-0.811655004819234,-0.0137107543026408,-112.28272081145,-91.0384953051835,-50.801674674803,-102.51144369431,-112.179538031375,-59.5790938237903,-96.4031737090993,-56.7567072186761,-40.2644353931565
31-Jan-2025 11:52:49,141,84,-0.0158949752648671,0.410348951816559,0.0211364723742008,0.582054940859477,-0.0439086345334848,-0.811596651871999,-0.0243920716146628,-111.38321191392,-83.8814955257535,-48.3775868333712,-102.205369024214,-108.452657579026,-58.4166256163519,-92.7483882397212,-57.332990932471,-39.0801544882615
31-Jan-2025 11:53:23,141,85,-0.0136371062447627,0.408796550830205,0.0235460318624973,0.582667112350464,-0.0437996824582418,-0.810836482048035,-0.0335389994084835,-110.08148798052,-81.7955973358206,-47.1853704705124,-102.28881808603,-103.872574911893,-56.6505970001193,-90.6663820774398,-56.9937068717752,-39.0603277849835
31-Jan-2025 11:53:59,141,86,-0.0106806436553597,0.407671030362447,0.0248003808160623,0.583392759164174,-0.04606710622708,-0.810087549686432,-0.0359013977150122,-109.403656529184,-80.7452499406363,-44.9590898469402,-101.517029013804,-101.190891137367,-55.4077881794896,-88.8457655687068,-58.671638923834,-39.847728182514
31-Jan-2025 11:54:36,141,87,-0.00751994261518121,0.407493644952774,0.0266327425837517,0.584530889987946,-0.0440084909399351,-0.809390409787496,-0.0356943679352601,-108.737771318882,-78.6376779428262,-44.6907770930112,-101.667620874555,-99.4584068091451,-54.3515892566614,-89.630843886748,-61.0581790322702,-40.5887421304487
31-Jan-2025 11:55:14,141,88,-0.00469645755365491,0.406142669916153,0.0273186625291904,0.584357126553853,-0.0492827748258909,-0.808354020118713,-0.0515923604369164,-108.002859229095,-76.6764936437034,-43.6764482739039,-102.054403201796,-97.0755222040753,-52.863695282734,-85.7187696181763,-63.574023168895,-41.5315628535855
31-Jan-2025 11:55:54,141,89,-0.00095092577006047,0.404474329948425,0.0275875228146712,0.585016969839732,-0.0472092573841413,-0.807665006319682,-0.0566011806329091,-106.108433699567,-74.9385031939243,-42.1391114222074,-101.359280762282,-95.2674374605814,-51.3849537832569,-83.6581190562981,-69.6045193196141,-42.8002869643234
31-Jan-2025 11:56:36,141,90,0.00239149727858603,0.403859468301137,0.0295452805856864,0.586668725808462,-0.0406683944165707,-0.806573092937469,-0.0600477556387583,-104.234251450168,-73.1621096688172,-41.6902705542163,-101.77320593939,-92.1717526478756,-50.060788521005,-83.5731803477667,-71.9923414773803,-44.6819627688618
31-Jan-2025 11:57:19,141,91,0.00554280715684096,0.40264820655187,0.0316995290418466,0.588065286477407,-0.0414094522595406,-0.805846830209096,-0.0554563902318478,-103.570190840833,-72.4915146060459,-41.3356776780779,-99.9666549248086,-88.8822678005638,-48.5139113773658,-82.8260975659087,-74.6588266386702,-46.4951144203005
31-Jan-2025 11:57:59,141,92,0.0128203840305408,0.401111143827438,0.0362635108331839,0.591340494155884,-0.0420574461420377,-0.804942409197489,-0.0248058992127577,-101.948265530483,-70.450364067174,-40.245602897529,-94.7802742439619,-82.7457636402881,-45.8847400984997,-84.8530552181237,-79.5954937576544,-49.6310506764529
31-Jan-2025 11:58:40,141,93,0.0210652286807696,0.400594929854075,0.0406385290126006,0.593601361910502,-0.0472228256364663,-0.80336051384608,-0.00440142235408227,-101.753870630149,-67.2231631438858,-40.2665901149433,-90.388774515193,-77.7233094713609,-43.8373908492868,-86.339476852007,-85.3518266275194,-54.9998558943304
31-Jan-2025 11:59:20,141,94,0.0289745386689901,0.399821915229162,0.0446468986570835,0.59764332373937,-0.045272230108579,-0.800113546848297,0.0243148926645517,-99.5732409348227,-65.0529370283896,-39.3431083313391,-84.969715262463,-72.507880298108,-41.4809526149004,-89.2056304767246,-91.2179923728249,-58.1100955930704
31-Jan-2025 12:00:01,141,95,0.0373964155713717,0.400097097953161,0.0486053417126338,0.603090910116831,-0.037526764969031,-0.794804040590922,0.0562109716236591,-98.0494938420007,-63.4861983167893,-38.7723920472258,-80.9868762477524,-67.5709636226922,-39.9449698879274,-93.9616500968592,-97.3640745558507,-60.9160525322417
31-Jan-2025 12:00:42,141,96,0.0464128948748112,0.399748512109121,0.0501109018921852,0.610875697930654,-0.0348391527930896,-0.786198449134827,0.0866553818186124,-95.8041880504307,-63.4962033071372,-36.0530585128578,-74.1221473520516,-62.923303196195,-40.4692149146609,-97.1876027147023,-103.350114957737,-64.2448680916286
31-Jan-2025 12:01:24,141,97,0.0533098357419173,0.399833283821742,0.0513943664729595,0.614487334092458,-0.0327395498752594,-0.781077893575033,0.106069779892763,-94.0231029094868,-63.169580148459,-36.0844163533626,-69.4164735158556,-61.9452708941569,-40.3735738182478,-99.2735218313998,-109.331134469052,-67.9101129611233
31-Jan-2025 12:02:09,141,98,0.0616029021640619,0.400867696603139,0.0531860135495663,0.620377238591512,-0.0277244272331397,-0.773012332121531,0.129674118757248,-92.6241280938558,-63.7996429152679,-35.6911198813037,-65.1903272094121,-61.3020526543486,-40.4179896602613,-102.064424197524,-115.459643535083,-73.3185724856719
31-Jan-2025 12:02:56,141,99,0.0674978380401929,0.402123634020487,0.0562826690574487,0.623713151613871,-0.0300069114814202,-0.766096003850301,0.152244645357132,-92.3162084408813,-63.7080486448203,-37.110496252963,-60.9039446678447,-60.376241445655,-40.0824339714882,-104.907818188362,-121.586897378472,-78.5486393377475
31-Jan-2025 12:03:44,141,100,0.0753755728403727,0.403113816181819,0.0572342018286387,0.634580544630686,-0.031382621328036,-0.751813503106435,0.176349507768949,-91.2038163692351,-64.2306258557445,-35.9862090464814,-56.5124440087155,-61.2591337525188,-41.0568925173217,-107.777457991557,-127.563523610539,-81.8895098535866
31-Jan-2025 12:05:15,201,1,0.00144788421069582,0.314881384372711,0.0416318101187547,0.590146295229594,0.00148119883767019,-0.807293856143951,-0.00134511746776601,-6.22500000000001,-13.125,-4.80000000000001,-6.00000000000001,-11.55,-4.87500000000001,-4.95000000000001,-6.90000000000001,-5.85000000000001
31-Jan-2025 12:05:46,201,2,0.00308631444349885,0.320712087551753,0.0413036055862904,0.591703164577484,0.0139148180683454,-0.806015237172445,-0.00576260940482219,-9.96659164417788,-18.5111456293513,-5.68035125498167,-15.086532986718,-14.9853139477218,-5.84868836863315,-10.9637762179601,-10.7661432703029,-9.66409759903345
31-Jan-2025 12:06:19,201,3,0.00248061486830314,0.325695925951004,0.0403262947996457,0.591619229316711,0.0197777832547824,-0.805157343546549,-0.0362936509152253,-14.2519332883557,-21.1035412587026,-8.69820250996333,-23.9480659734359,-18.4581278954436,-7.85362673726625,-12.5525524359201,-14.6322865406058,-12.6906951980669
31-Jan-2025 12:06:54,201,4,0.00228027161210775,0.330531686544418,0.0393221870064735,0.5898321946462,0.0196800674001376,-0.805449068546295,-0.0544289407630761,-19.3341499325335,-21.174061888054,-11.284803764945,-31.6470989601539,-21.4246918431654,-9.09919010589934,-15.3038286538802,-17.8234298109087,-14.7985427971003
31-Jan-2025 12:07:30,201,5,0.00113042880936215,0.334609510501226,0.0381679298977057,0.588163129488627,0.0172680662324031,-0.804434843858083,-0.081550977130731,-23.8398040767113,-25.6086450174054,-12.9057800199267,-39.6648819468719,-24.2881307908874,-10.7900659745324,-15.4113548718402,-20.9020730812116,-16.3720153961337
31-Jan-2025 12:08:08,201,6,0.00205781871142487,0.338838650782903,0.0367293335497379,0.586101949214935,0.0370925948023796,-0.802383903662364,-0.106248593330383,-24.9821769708892,-27.2752593967568,-14.7189437749083,-48.0670399335898,-26.2750072386096,-12.7785980931655,-17.8720060898003,-24.5994663515145,-18.2783004951672
31-Jan-2025 12:08:46,201,7,0.00127479971852154,0.342570169766744,0.0355399136741956,0.582077713807424,0.0470669803520044,-0.80057600736618,-0.134344024459521,-27.217909240067,-28.2328894011082,-17.1532012798899,-56.1363854203078,-28.4236024363318,-14.2409583367986,-18.2842198077603,-28.4562346218175,-19.6759918442006
31-Jan-2025 12:09:25,201,8,0.00288417198074361,0.344681584835053,0.0384569582839807,0.58487468957901,0.0442423082888126,-0.80136825243632,-0.11735905011495,-29.8235045490244,-31.3469211155954,-19.5130501260247,-55.8401124825289,-29.3990026377432,-15.7978000201452,-22.3081468442345,-33.6845176400853,-22.1123999359756
31-Jan-2025 12:10:05,201,9,0.00597402912875017,0.346251579125722,0.0420724605520566,0.58797033627828,0.0449834577739239,-0.803189524014791,-0.0845812936623891,-30.8274397017317,-35.0337067363327,-22.2156724096594,-53.2481364197501,-30.0398325266545,-16.7730987347419,-27.1699645057087,-37.4901444083531,-24.7966595902506
31-Jan-2025 12:10:45,201,10,0.00868695868800084,0.346971388657888,0.0474440072973569,0.590340451399485,0.0424580926696459,-0.804290501276652,-0.0530306406319141,-31.480544776314,-39.606869310195,-24.7896814120441,-49.4333087944712,-29.2383772593157,-17.0076259649636,-31.5507274796828,-41.934443051621,-26.9298450257757
31-Jan-2025 12:11:25,201,11,0.0102136672784885,0.348852727810542,0.0510431361695131,0.59169104496638,0.0275244711587826,-0.805304519335429,-0.0250748480359713,-35.4082348118339,-43.2732203606197,-26.9243837738038,-45.9070553879424,-29.6657794138518,-18.2967674529978,-36.215963109907,-46.3230776323888,-29.3124933519257
31-Jan-2025 12:12:05,201,12,0.0120481880381703,0.350070383151372,0.0540282391011715,0.591398032506307,0.0166398336489995,-0.806203917662303,-0.00259694885462523,-37.7482173278224,-47.7611656493257,-29.4394328152511,-42.9000890907885,-30.8576102793255,-19.7382160699382,-40.1984350682561,-50.9088801819066,-31.7448731233882
31-Jan-2025 12:12:46,201,13,0.0134173640360435,0.350646448135376,0.0594244395693143,0.590940856933594,0.0028199505371352,-0.806332699457804,0.0246683007727067,-39.6693460840454,-54.6099080571723,-31.9196551965421,-36.8527663483222,-30.856655500268,-20.6558182513318,-43.4645251906678,-55.2932667157995,-34.502118617507
31-Jan-2025 12:13:28,201,14,0.0179557087520758,0.352231423060099,0.0632452512780825,0.591175230344137,-0.00814138446003199,-0.804545740286509,0.0561402616401513,-42.0560479603855,-58.4390490245892,-35.2074642477549,-32.4352653831996,-31.9093078989448,-20.9364972149519,-48.0224243951107,-59.5769452418798,-39.1467969729539
31-Jan-2025 12:14:11,201,15,0.0197740054378907,0.353799293438594,0.0680386126041412,0.590427037080129,-0.0199794049064318,-0.802426203091939,0.08431446403265,-44.8255363967843,-62.8583892717913,-38.7490666339287,-28.0826753067489,-33.8637638864888,-22.1737145696853,-51.8012281405693,-63.5102697640539,-41.8101917590649
31-Jan-2025 12:14:57,201,16,0.0210863182942073,0.355866432189941,0.0730539460976918,0.587347499529521,-0.0332898790637652,-0.80114647547404,0.109904644389947,-48.4614181132123,-66.672829158886,-43.3175656875829,-24.2125406746341,-35.3691216684665,-22.8392011199754,-55.5654841565356,-68.2434172842749,-44.6079447605078
31-Jan-2025 12:15:24,201,17,0.0290266185998917,0.354603761434555,0.0732049797972043,0.595765646298726,-0.0589357999463876,-0.793661912282308,0.108123409251372,-50.1438423460145,-59.8732306836422,-34.674276204752,-18.4228060134707,-10.9555025568292,-8.17716559354526,-50.8623635672323,-71.1678823118947,-46.3116370947215
31-Jan-2025 12:16:13,201,18,0.0289063829928637,0.357892374197642,0.0662302374839783,0.602081827322642,-0.0768713876605034,-0.788384985923767,0.100186733901501,-59.430364898824,-58.1724071183716,-34.3127108887912,-23.6661852133913,-34.8796088938012,-23.3346973660041,-53.6931060455558,-73.5798030890262,-46.6614189827681
31-Jan-2025 12:16:48,201,19,0.0363273464143276,0.360272959868113,0.0626530955235163,0.609516366322835,-0.0855714902281761,-0.779175468285878,0.118545118470987,-63.1439366116372,-51.1459710080875,-27.7420076562654,-22.1261213438538,-34.0725779550774,-8.40201278790773,-58.4907800576927,-76.3354517409136,-47.3092456477312
31-Jan-2025 12:17:33,201,20,0.0363118300835292,0.362866495052973,0.0602451960245768,0.61473236878713,-0.113633350034555,-0.772608002026876,0.110763335227966,-69.5460329044522,-49.2567286252968,-27.5167354654572,-22.9693359395874,-36.5749783785057,-24.1742200345335,-57.9719198367365,-78.5879643301789,-47.7310947011526
31-Jan-2025 12:18:00,201,21,0.0422934805353483,0.365083895126979,0.0599407541255156,0.623099191983541,-0.136684106787046,-0.758487129211426,0.133274799585342,-75.3423914872681,-41.9110831062527,-22.7391787955077,-13.9041897679565,-11.8570944830091,-9.24887319352051,-62.3697924992335,-81.9389088881331,-47.5149549488031
31-Jan-2025 12:18:57,201,22,0.0361715570092201,0.369078389803568,0.0600875611106555,0.622829643885295,-0.151798331737518,-0.759578549861908,0.109913463393847,-82.9358812150845,-50.7372360190818,-24.6854798859876,-25.6098632126432,-38.9290684280517,-26.5997493086881,-62.4760316034573,-84.3390694304319,-48.4798207935682
31-Jan-2025 12:19:22,201,23,0.0307435814291239,0.366305776437124,0.0638846377531687,0.619090000788371,-0.163231578469276,-0.757916514078776,0.125082476437092,-80.6269240716255,-46.9327867216299,-22.9421030692408,-15.6305830388114,-15.9124105500369,-11.7536004559507,-57.6732095046129,-72.6687256773286,-39.7942772187709
31-Jan-2025 12:20:07,201,24,0.0219813956568638,0.36609451174736,0.0604421044389407,0.609725876649221,-0.158146252234777,-0.767209553718567,0.120887036124865,-82.5172497144166,-52.1212870321463,-23.7421906926013,-22.1690077690588,-37.7932171321573,-25.4890073422582,-61.3224790162,-70.3606859203114,-37.5539850432522
31-Jan-2025 12:20:36,201,25,0.0181816570460796,0.365037274360657,0.0644320517778397,0.601252623399099,-0.152889005343119,-0.76954444249471,0.151398717363675,-78.9322167503328,-52.431262146647,-25.0640105360155,-14.9162849513461,-18.4477559443445,-13.0901920980886,-65.372794333003,-67.3337981613372,-31.4113185673729
31-Jan-2025 12:21:21,201,26,0.009602849992613,0.367388484875361,0.0636454954743385,0.589143645763397,-0.143270510435104,-0.780703639984131,0.151278505722682,-83.4095044828115,-56.0019746631397,-33.1716964894565,-22.2179883596531,-39.4641608715657,-25.19926578868,-68.648632552414,-61.0224864013846,-30.2924649413132
31-Jan-2025 12:21:50,201,27,0.00594948533301552,0.367082707087199,0.0658721566200256,0.580171795686086,-0.11984697530667,-0.786195166905721,0.175882278879484,-78.0429525635715,-58.5780558806284,-32.5973154979109,-21.4219048809702,-22.4614988563034,-14.7622839466523,-74.0872322231288,-52.6939626409427,-28.6855177401633
31-Jan-2025 12:22:32,201,28,-0.00312953152072926,0.368574512004852,0.0684029489755631,0.565584226449331,-0.117259421447913,-0.794779499371847,0.186253174146016,-81.1044808184721,-64.3318214486152,-40.2069010338721,-21.0019279587921,-41.1993033697997,-25.4522743383148,-76.4072126194957,-44.7068328802563,-26.3845237514683
31-Jan-2025 12:22:56,201,29,-0.0042213959308962,0.367178124189377,0.0734328061342239,0.555846726894379,-0.0978347112735112,-0.798502119382222,0.209421071410179,-75.180049160443,-67.4744291918509,-38.7084698335866,-15.9700043148667,-26.2073411476752,-16.8557508468226,-78.4428833786885,-40.3404001194475,-20.0615063690008
31-Jan-2025 12:23:24,201,30,0.00138771214211981,0.365855542818705,0.0702540228764216,0.560331702232361,-0.0940264652172724,-0.795043591658274,0.21235134601593,-74.1588231236656,-62.974522218849,-34.2938776717258,-8.42897145360492,-14.0636486425316,-9.45386226462768,-78.3956896454166,-38.6234845616759,-26.4408769496752
31-Jan-2025 12:23:51,201,31,-0.000438590601940329,0.364102705319722,0.0661352733771006,0.55859264532725,-0.101661896705627,-0.792826124032338,0.221508100628853,-74.0036071086558,-58.6093257896593,-30.9397813258034,-2.28495191190629,-6.2000144534828,-4.84284521164405,-78.0149185028513,-34.6617432538737,-16.5147416819066
31-Jan-2025 12:24:49,201,32,-0.000308383738350434,0.366544878482819,0.0620825871825218,0.564869066079458,-0.110275402665138,-0.793024424711863,0.199686220288277,-78.9313961045298,-58.4364846323758,-32.4659328878501,-18.589439029989,-38.8764094224817,-23.2272639232659,-77.6923586556391,-37.6025890710561,-23.4108534899163
31-Jan-2025 12:25:38,201,33,0.000959908775985241,0.36654416124026,0.0594575273493926,0.565132832527161,-0.13024999499321,-0.788178940614065,0.205994681517283,-82.8756876058456,-56.1598211110453,-27.8822084038814,-16.2681794779627,-39.2478189705044,-23.7094005171906,-77.6239044561036,-36.0447284507311,-23.7930888358153
31-Jan-2025 12:26:30,201,34,0.00364094865508378,0.366439467668533,0.0578256512681643,0.56989825963974,-0.13919599254926,-0.783799056212107,0.203714363773664,-84.9032303598824,-49.3812464076913,-27.743545896905,-15.7340465908817,-40.491735808039,-21.9153960522668,-76.9325030804065,-38.6125146116526,-22.7183859506589
31-Jan-2025 12:27:17,201,35,0.00380963045172393,0.364970409870148,0.0572037294507027,0.570946455001831,-0.132514323790868,-0.784147902329763,0.203892655173937,-81.5015307788972,-46.6345325331448,-26.7047571473212,-15.0215608620894,-39.5312518801978,-21.0739284118399,-76.4839547304062,-37.1687356543845,-21.9264542545555
31-Jan-2025 12:28:01,201,36,0.00646814595287045,0.362189437945684,0.0555661405126254,0.572182953357697,-0.112004922827085,-0.783371611436208,0.215384557843208,-75.9706440110923,-43.8123408630924,-23.7772338919854,-11.8683567995335,-36.3138947747345,-19.4009255067008,-76.9671695863655,-34.7688683924277,-20.2827880006884
31-Jan-2025 12:28:46,201,37,0.00852829236537218,0.360755256811778,0.0542763662834962,0.574866755803426,-0.0925292337934176,-0.782929650942485,0.219061091542244,-71.0251636498775,-43.202410295287,-21.4803433837737,-11.6197935700958,-34.36810108046,-19.1121549692056,-77.6912660453046,-33.7659569781268,-20.3882544679393
31-Jan-2025 12:29:30,201,38,0.0112332011262576,0.358335123459498,0.0531383328139782,0.578291996320089,-0.0717707509795825,-0.782904843489329,0.217915829022725,-65.9223864919577,-40.2486102786051,-20.098769249124,-11.0985507572171,-32.38308909178,-18.0155006155324,-76.8108033057336,-32.8615234876539,-22.0432872957492
31-Jan-2025 12:30:16,201,39,0.0145472825194399,0.356717423597972,0.053313252578179,0.580609651406606,-0.053936859468619,-0.782309456666311,0.219032382965088,-60.9659609356855,-39.647875537485,-19.2498533012553,-10.440968152618,-31.0534679558973,-17.4899043537702,-76.4030609669076,-34.5563289590949,-23.6481033038386
31-Jan-2025 12:31:01,201,40,0.021061622723937,0.355603301525116,0.0506890803575516,0.585360594590505,-0.0294872809201479,-0.778356099128723,0.225045066078504,-55.0327111802371,-37.1486734341459,-15.9672664467771,-9.94021565215863,-30.5015422464133,-17.6998371379634,-77.581678828454,-38.375753911493,-24.1778109020678
31-Jan-2025 12:31:40,201,41,0.0159846567859252,0.355046214660009,0.0514068072040876,0.582323956489563,-0.0318408668041229,-0.780186319351196,0.226261627674103,-55.6805165088451,-36.0100494855821,-17.3351601481077,-9.70337390339659,-30.4190915950421,-17.4427582087624,-77.4526216583036,-34.1205534532461,-22.8514068109763
31-Jan-2025 12:32:18,201,42,0.0113224518174926,0.354386782646179,0.0517907145122687,0.579488754272461,-0.0365013452867667,-0.783644191424052,0.220821784933408,-56.0091157876591,-38.5218086964634,-19.5946361227858,-9.39323968066947,-31.3185648002706,-18.1570615410502,-75.9951545382463,-31.8590078652385,-20.0937256174197
31-Jan-2025 12:32:55,201,43,0.00772424417858322,0.354779088497162,0.0512187875807285,0.578723009427389,-0.0279694995532433,-0.788047587871551,0.208034621675809,-55.2031120415761,-40.3837594870674,-21.5499032341378,-12.4964592209598,-33.0839999337989,-18.6070560040824,-75.5234824432356,-30.8192897123505,-18.0454058726305
31-Jan-2025 12:33:35,201,44,0.00519454873477419,0.35729877948761,0.0512226914366086,0.580372126897176,-0.0309032317250967,-0.793316046396891,0.181281261642774,-58.4048067830445,-42.5208060675327,-23.5780659138267,-18.5063556427588,-34.8324160314771,-19.1498960324869,-74.4947078607482,-32.6404852770222,-19.2017668522251
31-Jan-2025 12:34:14,201,45,0.00302804244371752,0.358660888671875,0.0514963048199813,0.5811137119929,-0.0282815205554167,-0.796208115418752,0.16601117948691,-59.5603507682887,-45.3204005429287,-26.3176763776841,-22.2945905053123,-36.9473226112303,-20.1141588435774,-73.8623820345224,-34.0171377004739,-19.5604681940115
31-Jan-2025 12:34:53,201,46,0.000260604776364441,0.360397968689601,0.0514585303763549,0.581983677546183,-0.0192240708818038,-0.799985086917877,0.144738743702571,-59.8428193754207,-48.75126896579,-28.8880107336257,-27.5969945882429,-38.420474432021,-20.9891330460111,-73.3532805864274,-33.8965185533155,-20.7203397168939
31-Jan-2025 12:35:33,201,47,-0.00220887237228453,0.36234118938446,0.0522560770312945,0.581851692994436,-0.0151012659693758,-0.803300698598226,0.126208444436391,-61.4137502934967,-53.2477743623839,-31.1487070356093,-32.6064832813621,-40.0977488733304,-22.3444629441162,-73.1307913273978,-33.4022636208522,-21.8307963303242
31-Jan-2025 12:36:14,201,48,-0.00506368729596337,0.364144935210546,0.0537547844151656,0.581567800045013,-0.00933507985124985,-0.806049569447835,0.10943437765042,-62.3539123670446,-58.1270982458442,-34.0795843106141,-38.7445142795756,-41.1270846248993,-23.7899706900571,-72.976608162901,-33.9961907957364,-22.2415454890285
31-Jan-2025 12:36:57,201,49,-0.00653533833101392,0.366435555617015,0.0531930434207122,0.583932606379191,-0.00300126682656507,-0.807010352611542,0.0880230158567429,-63.7286900183286,-62.6728313727376,-36.5205520721293,-44.0218164303362,-42.8074510315979,-25.5055673599159,-72.7815780456705,-35.4342090242946,-23.8024409203698
31-Jan-2025 12:37:40,201,50,-0.0103979848325253,0.36852120757103,0.0558078651626905,0.58466039498647,0.00756566816320022,-0.808294522762299,0.0691012899080912,-63.8207754584805,-68.1017691213476,-41.1165650768999,-49.9937541573704,-44.3633327658614,-26.7562084917336,-72.8661244520731,-36.3942727796897,-24.3634094880296
31-Jan-2025 12:38:25,201,51,-0.0129708585018913,0.369726967811584,0.0600319534540176,0.584919206301371,-0.0334673494100571,-0.808218618233999,0.0594319912294547,-70.1057823461619,-71.6470908886623,-43.0737621256342,-48.5813077080744,-44.7376294136723,-26.6109710478263,-69.1116808576885,-36.995826329026,-24.1359187075231
31-Jan-2025 12:39:09,201,52,-0.0159049512197574,0.370716041326523,0.0642325495680173,0.5832470536232,-0.0740606193741163,-0.807008695602417,0.055451562255621,-77.5701161810603,-75.0007138114061,-44.4447204851823,-45.7675201528468,-44.7433048933745,-27.0244947194087,-65.8021313942123,-36.8403912600713,-24.4084462110962
31-Jan-2025 12:39:54,201,53,-0.0177230514585972,0.372015549739202,0.0662586649258931,0.579645840326945,-0.121660824120045,-0.803936580816905,0.0538084218899409,-86.1491134895672,-78.4834873118645,-42.5225595001373,-42.7030620446533,-44.1896697890223,-28.242398948736,-62.9400289961901,-36.9064618819713,-24.8559828567091
31-Jan-2025 12:40:38,201,54,-0.0199459560215473,0.372959794600805,0.0692507932583491,0.574287350972494,-0.167242482304573,-0.799781171480815,0.0507357599834601,-94.3854425348784,-80.9808361011802,-41.8038388427959,-40.188268659977,-44.3313793926428,-28.4374934569357,-59.401650130895,-37.0082853492985,-24.5660240733419
31-Jan-2025 12:41:22,201,55,-0.0236354512472947,0.373621545235316,0.0721227874358495,0.568966484069824,-0.209295861919721,-0.794166012605031,0.0421038861076037,-101.400437448592,-82.3854725349246,-41.9118383493061,-37.9483076370592,-44.4457613502498,-28.2711831045716,-53.5001330319635,-36.3029852393393,-23.8323175754846
31-Jan-2025 12:42:05,201,56,-0.0267865744729837,0.373566170533498,0.0773014888167381,0.561388540267944,-0.248093683520953,-0.788069005807241,0.047325466076533,-107.054765296506,-83.7687527908832,-44.8331979377422,-33.8207627950207,-43.94647948485,-28.4491703219256,-48.5920468162138,-35.1191233407369,-23.6267372203824
31-Jan-2025 12:42:47,201,57,-0.0299368992447853,0.373833870887756,0.0807986825704575,0.555191135406494,-0.288708533843358,-0.778964114189148,0.0403126905361811,-113.828759611521,-84.1663549579491,-46.7612375671412,-30.3244260434218,-43.1403657079468,-27.8993063241387,-43.880676042055,-34.6709805478129,-23.0102199366576
31-Jan-2025 12:43:31,201,58,-0.0318734280765057,0.374938865502675,0.0827510818839073,0.549114072322845,-0.321756911277771,-0.77062463760376,0.0329225234687328,-120.487587160086,-84.9711180805685,-45.1176172170217,-28.4186933370427,-42.3308359752919,-27.9605167187813,-40.4676629886916,-34.2156973077281,-23.0132341886215
31-Jan-2025 12:44:18,201,59,-0.033826765914758,0.376814917723338,0.0843126679460208,0.546636772155762,-0.342802516619364,-0.763660828272502,0.0222899890194337,-125.288831325426,-86.2794616809648,-47.2381668771429,-29.2582626532736,-43.0195982647611,-28.6272643096387,-37.4038287957258,-34.656843844063,-22.9510142084299
31-Jan-2025 12:44:59,201,60,-0.0356039782365163,0.37573996980985,0.0843336428205172,0.553460955619812,-0.310368869702021,-0.772722593943278,0.0158724409838518,-120.426022904793,-89.3532401881219,-49.9899796506446,-32.0557866423208,-44.2224803261836,-29.6091231533729,-37.9562772909893,-34.7447630118464,-22.7353117581036
31-Jan-2025 12:45:41,201,61,-0.037226519236962,0.377687229712804,0.0840170055627823,0.553105922540029,-0.310531143347422,-0.773022917906443,0.00893735904246569,-121.848818638353,-92.7779138147232,-52.5578349267065,-34.8646361370205,-47.4124353931372,-31.5673662961608,-38.2210205013522,-37.2692896237347,-23.6658007497384
31-Jan-2025 12:46:21,201,62,-0.0386772779126962,0.378982734680176,0.0823607752720515,0.559388887882233,-0.281784617900848,-0.779537296295166,-0.00177235115940372,-119.13941644901,-95.9280350010466,-55.3337114540484,-39.5541483845465,-50.0959269628562,-32.8888015884756,-40.0669110692648,-37.3371199576755,-24.0443854623538
31-Jan-2025 12:47:00,201,63,-0.0398085487385591,0.380094973246257,0.0816070760289828,0.564863924185435,-0.265655954678853,-0.78111959695816,-0.0144170197968682,-117.813915298216,-99.015879967231,-58.1385986070305,-43.2339920084856,-53.6511867839581,-34.1168329555538,-40.3033753159523,-38.7266021526425,-25.4970180354595
31-Jan-2025 12:47:39,201,64,-0.0404477914174398,0.380889489253362,0.0786557495594025,0.571942321459452,-0.237041643261909,-0.784583671887716,-0.0334915253023307,-113.880364666696,-101.772586823346,-60.5079910728325,-49.4840013206313,-56.5173307307513,-35.9731623600137,-40.9351264020272,-39.8019102781227,-25.8366745388102
31-Jan-2025 12:48:19,201,65,-0.041385456174612,0.383289110660553,0.0764504397908847,0.575137956937154,-0.220956104000409,-0.786547442277273,-0.0416881188750267,-113.592789294812,-104.888724624426,-63.1846361950446,-54.0190934768802,-60.9889167403902,-38.2936407831645,-43.3395209077958,-41.4701313688594,-27.4198430072836
31-Jan-2025 12:48:56,201,66,-0.0433961232503255,0.383862121899923,0.0732297360897064,0.579911681016286,-0.190910044312477,-0.790438854694366,-0.0496211936076482,-109.128201552748,-107.884577897989,-65.9399076454616,-59.0467270551808,-65.0632237814519,-40.3211937156607,-44.6052371234112,-41.8598089422244,-27.3747674583182
31-Jan-2025 12:49:36,201,67,-0.0452060418824355,0.385661592086156,0.0716243460774422,0.584418435891469,-0.170723341902097,-0.790970424811045,-0.0606172869602839,-107.375107625593,-111.570288907793,-69.4844922599812,-64.1706313445072,-70.6638913382251,-43.2522839028296,-46.3516141939501,-43.1102147569035,-28.4655699006335
31-Jan-2025 12:50:15,201,68,-0.0481816716492176,0.386603577931722,0.0694433505336444,0.591035016377767,-0.139593540628751,-0.791040194034576,-0.0738017539183299,-103.227760605892,-115.900928785718,-72.373733456552,-69.3426709893464,-75.377739152854,-46.0351427173348,-47.2133216919507,-43.4409846922397,-28.9243113385891
31-Jan-2025 12:50:55,201,69,-0.0513039213915666,0.390058408180873,0.0679274797439575,0.594376234213511,-0.131951875487963,-0.788542596499125,-0.0866385166843732,-104.333287039919,-120.854033097703,-73.6603029441484,-74.5387783119422,-80.8481770964107,-48.6688858455082,-48.9076944036822,-43.9119366879044,-30.1920222743649
31-Jan-2025 12:51:38,201,70,-0.0474894061684608,0.391186247269313,0.0646039371689161,0.594942669073741,-0.120760562022527,-0.790339438120524,-0.0826056405901909,-103.913048902989,-123.708122015106,-70.0956073984652,-76.8943153348998,-83.7728378684807,-48.3462296395546,-51.9402712845297,-45.3077901167382,-32.8218177875673
31-Jan-2025 12:52:17,201,71,-0.0448041255275408,0.390721692641576,0.0597151669363181,0.596838359038035,-0.0965039720137914,-0.793005526065826,-0.0749212726950645,-100.156029129492,-120.980327041023,-67.5552439255384,-77.8308692772965,-85.8741461727828,-48.3987945120179,-55.25601446881,-44.526189060654,-33.2913556752248
31-Jan-2025 12:52:58,201,72,-0.0395246068636576,0.390475340684255,0.0542214882870515,0.59404642979304,-0.0918040638168653,-0.796416882673899,-0.066340168317159,-100.28061853771,-115.236590121198,-65.0020464889898,-78.0579316794128,-87.1137782432008,-48.1139699236898,-58.4883408048066,-45.9558607621108,-33.3557647501098
31-Jan-2025 12:53:37,201,73,-0.0353069325288137,0.390294458468755,0.0496263392269611,0.59204451640447,-0.0859721466898918,-0.799267872174581,-0.0571222968399525,-99.8710125367862,-109.484882228501,-61.3174320706303,-78.1552483113888,-87.6975721966767,-48.035450604966,-61.5289587166615,-45.7161688423384,-33.1426094186086
31-Jan-2025 12:54:14,201,74,-0.0303029752026002,0.389440735181173,0.0429040918747584,0.591877361138662,-0.0705653498570124,-0.801688933372498,-0.0446835349003474,-97.6193088312915,-102.829188849369,-54.4421091613654,-77.4376920582947,-87.8784470916817,-47.8350839210442,-64.5487224164454,-45.3167951119513,-33.0156718839143
31-Jan-2025 12:54:49,201,75,-0.0249900384495656,0.388945329189301,0.0386395700275898,0.5923899213473,-0.0597691324849923,-0.802861873308818,-0.0302432537078857,-96.0965562735112,-95.5715027270195,-50.8464320066477,-76.5376993626656,-87.5578624574513,-47.2737935545236,-69.6580590101938,-46.4125804762569,-32.9318432476233
31-Jan-2025 12:55:23,201,76,-0.0186691198498011,0.388320513566335,0.0337290155390898,0.594381642341614,-0.0446853588024775,-0.802743037541707,-0.0178135614842176,-93.4382792895882,-87.7878202330608,-47.3905777292037,-75.996488445769,-87.886548058603,-47.1320413467035,-72.8871820509245,-48.3309453879088,-34.2945690605342
31-Jan-2025 12:55:57,201,77,-0.0108486214652658,0.388456970453262,0.0289023924618959,0.594866847991943,-0.0327850033839544,-0.803106160958608,-0.0088950186346968,-91.7122400925938,-78.7661395532977,-43.1796348903965,-76.4596684182386,-88.3898687774459,-46.9000582182336,-75.7761983151464,-50.9606000732339,-35.8555720980458
31-Jan-2025 12:56:31,201,78,-0.00589078397800525,0.388807078202565,0.0278517110894124,0.594876948992411,-0.0262199019392331,-0.803377898534139,0.00422865875686208,-91.0523197890638,-71.3754597806324,-40.6911477709077,-75.4750438353913,-87.4805070551343,-46.6979596294389,-78.6451611911138,-53.7208996453956,-36.0907137478579
31-Jan-2025 12:57:03,201,79,-0.000739678651249657,0.388729616006215,0.0275017164647579,0.59627312819163,-0.017842095096906,-0.802235317230225,0.0236339236299197,-89.1254589322659,-65.6252804615159,-38.7638885110781,-73.3915169748856,-87.2148041122456,-46.1358033104817,-81.879097372954,-56.6965216609756,-37.9129247038203
31-Jan-2025 12:57:37,201,80,0.00516999242827296,0.388952594995499,0.0272917812069257,0.598762162526449,-0.00777942078808943,-0.799884347120921,0.0401056478420893,-87.990127798834,-62.1203513691738,-37.4172431810781,-72.6335389755507,-86.9709305590682,-45.6186181264434,-84.6955202077306,-61.2798048982647,-39.8536703128577
31-Jan-2025 12:58:13,201,81,0.00744196586310863,0.389773901303609,0.028716578707099,0.59961724281311,0.00334290876053274,-0.79826903740565,0.0566972054541111,-86.4255615270852,-64.6130473902189,-37.7859048159929,-72.0883354068011,-87.0379717007465,-45.9489185098644,-88.5031863689754,-65.4669187464083,-41.1036832484327
31-Jan-2025 12:58:50,201,82,0.0130756879846255,0.390481070677439,0.0281814408799013,0.603324540456136,0.0121460528423389,-0.794486304124196,0.0681433434287707,-85.8463776861779,-62.3045559679577,-37.062219933365,-71.1995190533443,-87.0354701898526,-45.5779616770151,-91.8314741934543,-70.3559478999793,-43.2083298472764
31-Jan-2025 12:59:29,201,83,0.0180777162313461,0.391149530808131,0.028947681064407,0.605187388261159,0.0137671912709872,-0.791937990983327,0.0799559791882833,-85.6098850606914,-60.2954708240433,-37.5923617919659,-70.3638963075338,-86.6231973526727,-45.6813762360306,-93.8700728495502,-76.1209347062639,-45.5152932777545
31-Jan-2025 13:00:09,201,84,0.0227120748410622,0.392524570226669,0.0303928315639496,0.606692417462667,0.0198619109888872,-0.788351591428121,0.100158005952835,-85.6197380429153,-58.8110888193026,-37.6244170211811,-69.1798703655464,-86.0810388523498,-45.1969764909786,-99.3138269214547,-80.5239003389053,-47.3984151240499
31-Jan-2025 13:00:49,201,85,0.0273857120424509,0.393164485692978,0.0313093841075897,0.607432786623637,0.0290052199115356,-0.785199177265167,0.116817756493886,-84.6277638289943,-57.7390583841486,-37.7074289357035,-67.6716428254707,-85.8489375204553,-45.1686695938928,-101.960158701263,-84.7708553847251,-50.5696161782538
31-Jan-2025 13:01:33,201,86,0.0322628391285737,0.394028792778651,0.0337828946610292,0.608120099703471,0.0325432511667411,-0.780920720100403,0.138901903231939,-84.2598760170009,-59.2732037337882,-39.0159191928796,-63.8263144863508,-85.7718647727751,-44.9934091207901,-105.832779335024,-89.6898051371341,-54.534856836412
31-Jan-2025 13:02:17,201,87,0.0380849942564964,0.39542799393336,0.0354008458554745,0.609007652600606,0.0413771269222101,-0.775612644354502,0.160694409410159,-83.3790314059713,-59.7854369758244,-39.1371486213826,-62.1124357477088,-85.697306317202,-44.519671859679,-110.168544395761,-93.9697522428378,-58.1471172965474
31-Jan-2025 13:02:57,201,88,0.0430717582503955,0.39493287007014,0.0318029483159383,0.607050263881683,0.0796580612659454,-0.773082343737284,0.165795891483625,-73.2461455030389,-59.5346347737751,-37.4887240822085,-63.6950449574757,-86.3073516728939,-45.5883856789708,-112.497227412036,-96.5156793548933,-60.425644464325
31-Jan-2025 13:03:38,201,89,0.0472416405876478,0.395426386594772,0.0285468071699142,0.601457738876343,0.125138591726621,-0.771586016813914,0.16505755285422,-64.6725204003473,-57.6408545448246,-36.743484335866,-68.960516567362,-86.8805256016127,-46.0199803012606,-115.354196535055,-99.1643558052724,-62.578426582597
31-Jan-2025 13:04:18,201,90,0.0503433612485727,0.395485750834147,0.0261702163765828,0.59548450311025,0.160549344619115,-0.769663369655609,0.165046891570091,-57.5535256977763,-58.0755853024237,-37.0498369859393,-70.9674193773081,-87.5102638168449,-46.8080153250493,-118.325308711446,-102.014406924813,-64.1433361761161
31-Jan-2025 13:04:43,201,91,0.0552576447526614,0.394833729664485,0.0261117087056239,0.593120114008586,0.172981369495392,-0.766420368353526,0.175743438800176,-45.5368461952654,-35.6745715532969,-22.8819858342207,-68.0450377872841,-81.8682841753338,-43.7242705495875,-119.778492414522,-102.865145378935,-59.2643095072589
31-Jan-2025 13:05:32,201,92,0.0540056101977825,0.398063991467158,0.0274524259070555,0.591836214065552,0.172386369109154,-0.768068051338196,0.173448297381401,-56.2713242927846,-57.9556855508083,-35.9020327816058,-73.008013997275,-85.9904456054509,-46.2046358745004,-123.322711880942,-105.416227500348,-64.4383147072134
31-Jan-2025 13:06:19,201,93,0.0546627533932527,0.400231776634852,0.0271078942964474,0.592136327425639,0.171620791157087,-0.767412416140238,0.176065545280774,-57.6063811903189,-61.3278634216385,-36.5660287785431,-72.8386691072734,-88.9946775713823,-47.8670562496007,-126.412449229034,-108.067481455405,-68.3388358415737
31-Jan-2025 13:06:45,201,94,0.065788859128952,0.401311691602071,0.0299627006053925,0.588518301645915,0.18266883790493,-0.759523038069407,0.208333982030551,-45.490582543895,-38.2381022950687,-23.1125167398212,-68.9182865752093,-81.7699168253167,-44.0247430664367,-131.661364128346,-112.339395134832,-64.6646547535048
31-Jan-2025 13:07:06,201,95,0.0715362707773844,0.403414221604665,0.0352024580041568,0.584766447544098,0.184196277459462,-0.754307528336843,0.234819281101227,-41.1874285974748,-26.4336071368287,-16.3949919634872,-66.414823768147,-77.5281737132047,-41.7779436458196,-137.546658498077,-117.011351772671,-64.1971026490373
31-Jan-2025 13:08:00,201,96,0.0730150525768598,0.408562407890956,0.0399944168825944,0.585287888844808,0.174696384867032,-0.749340657393138,0.255749563376109,-61.4155970010563,-61.6717449627542,-37.8704608183471,-67.8448208235857,-79.9529394180694,-45.578901106476,-145.700142603016,-123.158329889715,-72.5328650363705
31-Jan-2025 13:08:23,201,97,0.0820749665300051,0.410702772935232,0.040287679930528,0.587751245498657,0.183693601687749,-0.735591530799866,0.282330040136973,-53.184426579639,-38.2311992807615,-23.5674264888042,-64.7915478102748,-75.4359595314225,-41.978737007769,-151.23772157556,-127.717818746363,-70.7202846696042
31-Jan-2025 13:08:48,201,98,0.083963210384051,0.413896838823954,0.0447999703387419,0.58698228597641,0.185866072773933,-0.720856817563375,0.318231121699015,-52.2215818845822,-28.0252695237522,-17.6095151744249,-62.7486331403809,-70.9566680309922,-39.0546884882608,-159.702175994438,-131.228606416213,-66.6659504153833
31-Jan-2025 13:09:40,201,99,0.0805986965696017,0.415891363223394,0.0468197370568911,0.585005760192871,0.181942469875018,-0.721633025010427,0.322352252403895,-62.7814024832755,-64.012168889764,-37.0944780639448,-64.0849009532995,-71.229440132684,-47.4428595789117,-163.425154130216,-132.767521770965,-69.2245304726375
31-Jan-2025 13:10:22,201,100,0.0778240208824476,0.416963442166646,0.0482860242327054,0.584251328309377,0.174304806192716,-0.720174181461334,0.331085270643234,-65.527555728844,-65.120482817286,-37.2008780554144,-64.0357600076244,-70.8032440354368,-46.7121404746422,-167.252394124445,-130.620500968166,-70.8145676856292
31-Jan-2025 13:11:57,103,1,0.000923907485169669,0.314423914750417,0.0422634253899256,0.591023739178975,-0.000951261065589885,-0.806607965628306,-0.00858525925626357,-6.22500000000001,-12.825,-5.47500000000001,-4.50000000000001,-10.2,-5.10000000000001,-7.27500000000001,-7.87500000000001,-5.47500000000001
31-Jan-2025 13:12:28,103,2,-0.00100678451126441,0.321136895815531,0.0421429564555486,0.589459149042765,-0.0212791113803784,-0.807296144962311,-0.0189228966832161,-16.4545270056607,-18.3293631282007,-9.52372010299786,-10.8800045688476,-16.384521654267,-8.49505158188063,-10.1265135421123,-12.8153668157945,-8.8292200894767
31-Jan-2025 13:12:59,103,3,-0.00335711405302087,0.32529395421346,0.0426177668074767,0.586815468470256,-0.0396307580173016,-0.808453218142192,-0.0219191260635853,-25.1278040113214,-23.1774762564015,-13.3286902059957,-13.9225091376952,-21.181543308534,-12.2276031637613,-12.2092770842246,-15.4119836315889,-10.5521901789534
31-Jan-2025 13:13:29,103,4,-0.00480809581155578,0.330133901039759,0.0419401143987973,0.584752396742503,-0.0605823340515296,-0.808492803573608,-0.0270897607008616,-33.7729560169821,-23.5724643846023,-15.9617853089935,-19.7962637065427,-24.384814962801,-14.6289047456419,-15.4076656263368,-16.1617254473834,-12.2095352684301
31-Jan-2025 13:13:59,103,5,-0.00689888199170431,0.334757294257482,0.0418363804618518,0.584798034032186,-0.0624764196574688,-0.808164266745249,-0.0312812115997076,-39.1790455226428,-27.2908900128031,-17.8589429119913,-24.3856432753903,-27.316211617068,-16.7395813275225,-18.6388666684491,-16.8880297631779,-13.4590678579067
31-Jan-2025 13:14:31,103,6,-0.00885261831184228,0.339114211002986,0.0424967862665653,0.584401905536652,-0.0708889837066333,-0.807263159751892,-0.042135397096475,-44.3156037783035,-30.121034391004,-20.2881317649892,-29.5328353442379,-29.8866707713351,-18.5549454094031,-20.9864739605613,-18.5026153289723,-14.2046941973834
31-Jan-2025 13:15:01,103,7,-0.0107695400093993,0.342329621315002,0.0426654721299807,0.584141480922699,-0.0832574471831322,-0.805337452888489,-0.0572586357593536,-49.5423964089642,-32.8070381442048,-22.608336242987,-34.1339336630855,-33.1766611756021,-20.3726532412837,-21.0172843776736,-20.1863415197668,-14.6233674118601
31-Jan-2025 13:15:32,103,8,-0.0119474524632096,0.346684636672338,0.0440580899516741,0.581809556484222,-0.10623129705588,-0.804250554243724,-0.0582548799614112,-58.7143062271249,-35.5709715849056,-24.4990485334849,-37.7119851069331,-35.4014172048691,-22.2665329481643,-23.4896963572859,-22.5046380230613,-15.1785640638368
31-Jan-2025 13:16:02,103,9,-0.0143638325234254,0.35108410914739,0.0448385680715243,0.578493746121724,-0.129301851987839,-0.802004957199097,-0.0735801701744398,-66.6337746390356,-38.8238698693564,-26.3250147302327,-41.5285131132806,-38.2935560466362,-23.8234985925449,-24.0329091181481,-24.6902196826057,-15.9520224345635
31-Jan-2025 13:16:35,103,10,-0.00701238506784042,0.352271952231725,0.0450840468207995,0.581982040405273,-0.115750003357728,-0.802407165368398,-0.0635736107826233,-66.4651387310087,-38.6991222197878,-24.0481264144142,-42.6538761231034,-36.7771780711258,-22.681483590318,-27.3439978516764,-30.71767842669,-19.0793134874464
31-Jan-2025 13:17:10,103,11,-0.00129264448769391,0.353952614466349,0.0444489384690921,0.583536978562673,-0.103833529353142,-0.804193886121114,-0.0444459160168966,-66.2458924714192,-38.5466157811567,-21.2675515751582,-43.1263582735512,-37.0776457987404,-21.8677400724661,-33.2852867805171,-34.0869584598367,-23.0486699700168
31-Jan-2025 13:17:46,103,12,0.00336091799351076,0.354669827222824,0.0445817023515701,0.586326769987742,-0.0810667624076207,-0.805649443467458,-0.024044231325388,-63.5263410360485,-39.0552299479943,-19.9601334741834,-42.7473999943114,-36.4115363779175,-20.8431322968017,-39.0416758070141,-38.0021491375147,-25.4890591674309
31-Jan-2025 13:18:25,103,13,0.00814067187408606,0.355918063720067,0.0449219311277072,0.587823736667633,-0.0732820103565852,-0.805641273657481,-0.00593283123647173,-63.5316370127871,-37.7944044175662,-19.3142937423492,-41.8677215002279,-36.0121383828758,-20.838092392231,-44.4806148823392,-42.7152951374583,-28.2899647222669
31-Jan-2025 13:19:04,103,14,0.0140965083613992,0.356897966066996,0.0462750151753426,0.589110124111176,-0.0522320171197255,-0.806201394399007,0.0161369152367115,-60.6993566955805,-38.0488590385054,-19.7492431950854,-41.1126828987226,-35.1460961007248,-20.5928364232072,-49.6858289820784,-47.5274187985348,-31.4961284558139
31-Jan-2025 13:19:44,103,15,0.0195684420565764,0.355662248531977,0.0473696172237396,0.590936636924744,-0.0541339417298635,-0.804186507066091,0.0338749011357625,-58.9982882314012,-38.7609537351284,-19.1495872401067,-36.8949642435063,-35.621731675019,-21.1274724219568,-49.7491805940246,-53.0640312901776,-33.9299212787163
31-Jan-2025 13:20:26,103,16,0.0249982391794523,0.356431712706884,0.0485090951124827,0.594820598761241,-0.0509107736249765,-0.800666050116221,0.0503033118943373,-58.6878256937356,-37.9768684695932,-19.5326285812706,-33.4959055614345,-35.718206177536,-21.3020544045932,-52.8666009620744,-58.1378881971036,-38.9025286462964
31-Jan-2025 13:21:10,103,17,0.0324391804635525,0.358133633931478,0.0484152947862943,0.596895837783813,-0.0398571096360683,-0.797525525093079,0.0779733394583066,-57.3476661193268,-37.719693222979,-18.4570185705057,-31.6311768659351,-36.3001001441642,-21.9716093791729,-58.8610557081758,-63.9553673116712,-41.8445432862154
31-Jan-2025 13:21:49,103,18,0.0309460683415333,0.354310516516368,0.0460433778663476,0.59301753838857,-0.0223735628028711,-0.80373702843984,0.0428543296953042,-49.6615526535119,-37.3982631614957,-18.6715592152562,-33.3030021770335,-35.742677471375,-22.1684689076321,-50.3132902512711,-66.3261106076376,-39.5078193447373
31-Jan-2025 13:22:28,103,19,0.0284989443918069,0.352124271790187,0.0409423475464185,0.590227349599202,-0.00774397285034259,-0.806852376461029,0.0236850182215373,-43.5180149285112,-34.1335606047423,-18.2964370220245,-34.9834099847749,-38.0441096646137,-22.7890716840772,-44.3972833888792,-66.0702594555144,-36.4009472213439
31-Jan-2025 13:23:08,103,20,0.0240094078083833,0.349248826503754,0.033910038570563,0.586746044953664,0.0087938272083799,-0.809672117233276,0.00910288536300262,-38.2957650739177,-30.972221800354,-17.1764834098018,-36.0681090408379,-43.5749692908662,-24.4465460845152,-42.3471558237438,-64.1261110793464,-33.5840010069929
31-Jan-2025 13:23:48,103,21,0.019167173653841,0.347967960437139,0.0287818788240353,0.581882246335347,0.040902204066515,-0.812115069230398,-0.0144641127437353,-32.2591591545277,-30.0375648721482,-17.7091140880835,-40.7549537210616,-47.6455426336257,-26.4724562969497,-39.3799679072366,-60.5878140911561,-31.062017747163
31-Jan-2025 13:24:28,103,22,0.0147933313002189,0.346670492490133,0.0237181982646386,0.57828410466512,0.0676206693053246,-0.81228639682134,-0.0347242710491021,-26.7903752027394,-29.9912488820338,-17.7180369116174,-43.7928712133657,-51.2109728346386,-28.2325844153824,-37.2292498150435,-57.0024427969545,-29.1375159645938
31-Jan-2025 13:25:07,103,23,0.0110103198637565,0.344462569554647,0.017744421834747,0.573816398779551,0.0829085975885391,-0.812602778275808,-0.0594784170389175,-21.455502234752,-27.8391033609649,-17.4651058077774,-45.85632511171,-53.7738314647784,-30.6098214868142,-32.2617666350075,-52.0435343497473,-27.5867549206548
31-Jan-2025 13:25:45,103,24,0.00516061394785841,0.342451618115107,0.0114691156273087,0.572574293613434,0.0939564680059751,-0.810975762208303,-0.0751612722873688,-16.2625847586651,-28.159043074419,-16.6312477402505,-46.5325472130745,-56.9604043094815,-33.1456130347455,-28.58590091105,-47.0728573260374,-25.022864246031
31-Jan-2025 13:26:15,103,25,0.00542886548986038,0.339200703303019,0.00418634392941991,0.571372453371684,0.112028432885806,-0.809114134311676,-0.079482705394427,-6.94064502852846,-10.4400254051344,-6.58192619088017,-44.115153415949,-58.5088342614662,-31.9356818209267,-25.3308439151318,-42.6212960140761,-22.7024087560647
31-Jan-2025 13:26:38,103,26,-0.00729609277720253,0.336969604094823,-0.000485326514656966,0.570329078038533,0.102045219639937,-0.808267406622569,-0.104954102635384,0.245805828633106,-1.70152904448055,-1.44987290058811,-43.2259516695785,-61.7881927670918,-32.4528892262327,-17.7861912832333,-31.5292925579891,-17.0536708584273
31-Jan-2025 13:27:25,103,27,-0.011442700214684,0.34006054798762,-0.00195037581336995,0.5687704205513,0.099881819387277,-0.807093226909637,-0.122981231908003,-10.6604877506927,-23.2532933381419,-15.201453739835,-50.6008459485855,-66.7580155495379,-38.0336659411012,-17.9967408333445,-27.8420680298392,-17.3907917569542
31-Jan-2025 13:27:49,103,28,-0.0110093228518963,0.340668598810832,-0.00407864485556881,0.566426833470662,0.1204907660683,-0.803113834063212,-0.140181270241737,-5.1662895887391,-11.6849104562092,-7.77020730038207,-55.0151647409316,-63.4733804697038,-34.7293767183121,-18.0353515169654,-27.017269259188,-17.3713546082348
31-Jan-2025 13:28:11,103,29,-0.0171408114333947,0.341074452797572,-0.00574477864429355,0.564012273152669,0.127241460482279,-0.797537628809611,-0.172143797079722,-3.70777753590734,-7.46409273785523,-4.87236939331388,-60.7455075396222,-60.6113614590748,-32.3909798229137,-14.0502627460889,-21.481165220521,-13.2983821585565
31-Jan-2025 13:28:51,103,30,-0.0173933017998934,0.346536934375763,-0.00166462613269687,0.562573981285095,0.129087564349175,-0.796222384770711,-0.181319821874301,-11.6171085376365,-28.6670576012905,-15.716235752438,-68.1838623414849,-66.5106504830483,-34.4355290912105,-18.7033242479635,-21.4644085478463,-17.2486420583987
31-Jan-2025 13:29:21,103,31,-0.0166896081219117,0.34978470603625,-0.00438790277888378,0.55370839436849,0.134734687209129,-0.793532625834147,-0.213446905215581,-13.4103610666461,-19.7569137556208,-10.9309542446584,-76.1762231449337,-67.1905935243231,-34.471551441355,-18.0754608862137,-23.4573255581675,-18.0855181330012
31-Jan-2025 13:29:54,103,32,-0.0159734989205996,0.352781953414281,-0.00248819955935081,0.550875675678253,0.152582923571269,-0.787635103861491,-0.229968295494715,-13.120574359296,-17.1652155553983,-9.50609880342685,-84.5205869491755,-67.0608635742485,-30.8033103324234,-19.4571350926517,-23.4550794099868,-18.4907022949838
31-Jan-2025 13:30:24,103,33,-0.0149696218470732,0.354436016082764,0.00232066673537095,0.545776383082072,0.161782443523407,-0.780236065387726,-0.259203211466471,-14.189268033766,-17.4327401778995,-9.83645639546937,-91.1659522538139,-57.5262971284993,-28.0579374939536,-18.6935780831837,-24.030251682555,-12.8300405006565
31-Jan-2025 13:30:56,103,34,-0.0123801235730449,0.35787583788236,0.00470240466917555,0.537592804431915,0.168267623583476,-0.776111777623494,-0.283426429828008,-16.537201899146,-19.5798762117626,-10.8944205041489,-99.8118183086505,-59.3393124349127,-26.8989987907149,-19.6324054657626,-25.2691331654978,-20.1864557281742
31-Jan-2025 13:31:32,103,35,-0.0103177675356468,0.361076341072718,0.00906240822126468,0.531096605459849,0.174422293901443,-0.77070822318395,-0.305813864866892,-19.2247558599811,-22.2168179513065,-12.4661878711469,-106.982934738586,-51.2261186174075,-25.6332771550916,-21.1974250443649,-27.3648692536279,-19.9514094666145
31-Jan-2025 13:32:15,103,36,-0.0129160981004437,0.366240628560384,0.0118082630137602,0.532301425933838,0.16882163087527,-0.766209733486175,-0.31792625784874,-26.8071198685436,-39.2736625436909,-18.2698568673042,-114.766676356072,-50.974820237943,-28.214164053276,-24.425540720979,-28.6890326443515,-19.745632460516
31-Jan-2025 13:32:54,103,37,-0.0140460376317302,0.368854802846909,0.0118879915525516,0.534657140572866,0.167123533288638,-0.766220744450887,-0.314828977982203,-29.6464933252862,-41.8861649565708,-22.3374311417795,-117.033633370686,-53.929197027037,-31.4183202098341,-26.2759484780385,-31.2228006871027,-21.1397868492141
31-Jan-2025 13:33:35,103,38,-0.0177328333258629,0.370828441778819,0.00953738105793794,0.538942317167918,0.165702105561892,-0.764931710561117,-0.311389607191086,-31.3470692939607,-45.4036430826609,-24.9129808235446,-119.041246682188,-61.5865476756411,-34.9466284998441,-28.1296302596009,-31.9511755555023,-22.2037585517776
31-Jan-2025 13:34:02,103,39,-0.0236903996517261,0.371199272076289,0.0128572690611084,0.545025900999705,0.15662647386392,-0.761590397357941,-0.313679748773575,-33.453246518601,-50.123609065356,-25.6175182089546,-117.694188142134,-63.1953852540004,-34.0620128565801,-26.3849490534148,-14.8268538367262,-11.2526389112738
31-Jan-2025 13:34:42,103,40,-0.0188517555594444,0.37461284995079,0.0143165403356155,0.546888415018717,0.163424945871035,-0.763816912968953,-0.301312313477198,-36.2122243712244,-54.0198189763537,-27.186549446187,-121.794793676301,-67.0299662972372,-35.2459352466791,-32.7410863533543,-33.4011838243622,-25.1189735992361
31-Jan-2025 13:35:23,103,41,-0.0238394473989805,0.376270282268524,0.0169778946787119,0.555800970395406,0.152701839804649,-0.76272044579188,-0.293300129969915,-39.2976025378393,-61.4791508515027,-29.6378276093306,-120.51923124758,-71.4524190729127,-36.5641266534595,-34.0726329063568,-33.4498396652044,-25.2940354514317
31-Jan-2025 13:36:07,103,42,-0.0243939436972141,0.37849752108256,0.0166164398193359,0.559286125500997,0.143574890494347,-0.767126015822093,-0.279469148317973,-42.2461808614498,-66.2200437087272,-32.2302292354299,-120.530584837414,-76.1688077148077,-39.0744525685807,-37.3918840858907,-36.3106584326497,-27.473460885744
31-Jan-2025 13:36:48,103,43,-0.0284909725189209,0.380768132209778,0.0173374560972055,0.566442398230235,0.135214125116666,-0.768354678153992,-0.265501860777537,-46.0263592635583,-71.4017170569896,-35.118192593007,-120.360396436525,-81.5571642898123,-41.3558457378723,-40.7299875786903,-36.0775586633964,-11.5300681111146
31-Jan-2025 13:37:37,103,44,-0.0300123160084089,0.38302117784818,0.0183111857622862,0.571503976980845,0.129346491893133,-0.768915847937266,-0.255775594711304,-49.1723377049157,-77.7787806507708,-38.003936816323,-121.374437040276,-86.8315048313718,-44.0477725342491,-42.5775172281228,-38.497499625794,-30.3252662320144
31-Jan-2025 13:38:27,103,45,-0.0288955088704824,0.383814551432927,0.0181114905824264,0.570068442821503,0.112872627874215,-0.774474060535431,-0.249943413337072,-52.5957643133523,-75.1182319240052,-36.8301252222219,-118.626789540936,-89.0561167228054,-45.0453132988335,-43.3107133966688,-39.7110356676837,-31.8950046288789
31-Jan-2025 13:39:18,103,46,-0.0276079259812832,0.384723530213038,0.0150870715578397,0.565115050474803,0.0951404735445976,-0.781533559163411,-0.246573682626088,-56.1231409316011,-72.6815307586193,-35.6932588445556,-115.950199292757,-91.4397246058777,-46.2579874701892,-43.1462661043734,-41.025331892486,-32.7743907496257
31-Jan-2025 13:39:56,103,47,-0.034207713107268,0.384257453680038,0.0105402647207181,0.561301195621491,0.0689949904878934,-0.786494076251984,-0.248209105928739,-59.402492554756,-70.3567533739233,-34.6498650751066,-112.409137670157,-94.3528304847694,-47.2782283449305,-39.3079970816571,-15.0900082087437,-13.7336007323133
31-Jan-2025 13:40:54,103,48,-0.0303138310710589,0.386775050560633,0.0102690032372872,0.55859002272288,0.0502483626206716,-0.794610238075256,-0.232479867339134,-67.057831680364,-71.9129378795722,-37.9282076097664,-116.085840360348,-97.9806853615707,-52.2522525713647,-43.8328171937308,-42.0548745707308,-31.6827226459717
31-Jan-2025 13:41:19,103,49,-0.0349864607055982,0.385562839110692,0.00624212824429075,0.549567564328512,0.0260042514652014,-0.798654242356618,-0.243825029333433,-68.4261645571985,-67.6846033303935,-34.7424182964804,-110.021425206933,-99.8659147373269,-51.4781684736453,-9.26418187319809,-15.444835955581,-13.1518005251152
31-Jan-2025 13:42:18,103,50,-0.0334932185709476,0.386429770787557,0.01146142060558,0.558808596928914,0.0199456442147493,-0.802948780854543,-0.206417994697889,-71.7851343999084,-75.7081846873172,-40.4771690601685,-109.363853522389,-102.375318058391,-57.1332918459531,-43.688553839719,-42.4275276937521,-30.7889660921342
31-Jan-2025 13:43:02,103,51,-0.0362739481031895,0.385690315564473,0.0174206911275784,0.564184161027273,0.0140966924528281,-0.802582053343455,-0.193286293745041,-70.5723526804249,-81.0106362805339,-41.8208868618701,-106.046002376943,-101.599065004194,-53.9638881372225,-44.1520619480883,-41.278993187639,-14.0686206505244
31-Jan-2025 13:43:32,103,52,-0.0462000181277593,0.383607671658198,0.0246613339831432,0.569227282206217,-0.00555074214935303,-0.801279191176097,-0.184122510751088,-69.5486951798447,-87.2025229918973,-44.2690881825785,-97.5730115010474,-101.129983762366,-52.3072208879727,-24.035138127381,-16.464845559383,-5.21951970460028
31-Jan-2025 13:44:31,103,53,-0.0425139851868153,0.384921564658483,0.0270810765524705,0.567293111483256,-0.0307071016480525,-0.809079853693644,-0.150417503714561,-77.3945997887161,-94.0641272623339,-47.3445312627903,-95.5974507599261,-104.414488426723,-55.7569218684634,-44.5529983421365,-40.1928913700569,-31.2810410065191
31-Jan-2025 13:45:00,103,54,-0.0531365908682346,0.383961337804794,0.0356177464127541,0.572640403111776,-0.041141593704621,-0.806166581312815,-0.143128444751104,-73.5502854523135,-100.660590312307,-50.5835952227538,-87.9456050861922,-103.125786044172,-53.4348069638242,-29.5882505746228,-16.7920339001947,-14.2728734323592
31-Jan-2025 13:46:03,103,55,-0.0473020037015279,0.388564457496007,0.0363151115675767,0.564212056001027,-0.0722472791870435,-0.812995223204295,-0.124434420963128,-87.90913069124,-103.324414585783,-57.3890389829977,-90.8739196916715,-107.146017963249,-56.8466564726984,-47.139451098758,-41.4477592254399,-32.1124820813849
31-Jan-2025 13:47:08,103,56,-0.0477028474211693,0.391754074891408,0.0398466567198435,0.566449085871379,-0.0799486175179482,-0.810240304470062,-0.127492528160413,-93.382921193848,-104.646953554143,-61.6103879631795,-93.8456630639975,-109.685448120599,-55.0655520102903,-49.4074996273262,-43.7837587305513,-32.9221685113909
31-Jan-2025 13:48:06,103,57,-0.0477729809780916,0.393333246310552,0.0465313449501991,0.561371695995331,-0.114693226416906,-0.812174304326375,-0.109910124540329,-101.089184328297,-106.573849869945,-64.5396895533303,-87.7641208197471,-109.159477397086,-55.1129705622409,-50.1089721581108,-45.2348953255956,-33.0168938318871
31-Jan-2025 13:49:07,103,58,-0.0501785221199195,0.396031665802002,0.049081755677859,0.551503352324168,-0.152906047304471,-0.814997180302938,-0.0907932803034782,-109.911683778666,-108.952924859468,-67.1229674484655,-83.8309357672083,-110.025806233141,-55.9246506213708,-51.8271566900037,-45.4186004656063,-33.2791385976283
31-Jan-2025 13:49:39,103,59,-0.0564248745640119,0.394311692317327,0.0567070913811525,0.552118261655172,-0.171605764826139,-0.811025325457255,-0.0891897633671761,-109.691885018025,-111.844999990772,-68.6032262530736,-79.5259911947462,-101.359599922037,-51.3431563251396,-46.3506353775727,-22.0976334395821,-16.7662022212537
31-Jan-2025 13:50:41,103,60,-0.0497650454441706,0.395634506146113,0.0614346029857794,0.550771590073903,-0.185857839385668,-0.810418462753296,-0.0730032404263814,-115.526145336365,-114.962619790506,-68.2344791339278,-81.3081359202119,-100.241468500826,-50.8902274057032,-51.1782920654187,-44.7723085498003,-32.5451457061904
31-Jan-2025 13:51:33,103,61,-0.0498649261891842,0.395650841792425,0.0658764039476713,0.553252251942952,-0.18549684882164,-0.808949959278107,-0.0714342832565308,-115.237435194195,-118.118011924455,-68.6662290529051,-80.3588252946417,-96.5973745245602,-48.9015811746643,-51.1830377534032,-43.7948047281393,-32.9700291217829
31-Jan-2025 13:52:20,103,62,-0.0484641184409459,0.394651927550634,0.0705392554402351,0.552179300785065,-0.196828816334407,-0.807769135634104,-0.0621730640530586,-116.312239821769,-121.667290225511,-63.198227490944,-75.5687869935534,-90.6402992707676,-45.770076287824,-50.4263279414569,-42.6912114405385,-32.6178825027031
31-Jan-2025 13:52:43,103,63,-0.0517257263263067,0.390642710526784,0.0792275195320447,0.555442770322164,-0.207567891478539,-0.802043135960897,-0.07159367253383,-109.443801834216,-117.463511610122,-60.3303501885136,-69.1583848547061,-76.0267333782116,-38.9171420730831,-30.1638903795446,-23.5245734199676,-18.0772208662873
31-Jan-2025 13:53:38,103,64,-0.0466672455271085,0.390998699267705,0.0843930726250013,0.553351048628489,-0.20930528541406,-0.804725011189779,-0.0491079941391945,-113.5287425391,-127.758204536509,-59.5125350158486,-67.3378007969793,-69.1599221662738,-41.3034931943918,-46.1235889426502,-40.7014130329121,-29.8173017212033
31-Jan-2025 13:54:30,103,65,-0.0486828250189622,0.391225268443425,0.0939429844419161,0.555623118082682,-0.20482651591301,-0.804623444875081,-0.0437058702111244,-111.915372590201,-131.052133233785,-68.0447509080662,-64.8121257798128,-61.6664882946452,-40.2094869837254,-46.0693555682645,-41.0249914626143,-28.0727538217854
31-Jan-2025 13:55:21,103,66,-0.047780891507864,0.39161355694135,0.0980397552251816,0.554741179943085,-0.213457398613294,-0.803419371445974,-0.0348643759886424,-113.227847314412,-136.995679816505,-64.2269823327252,-62.4589052829263,-56.5597430931711,-39.2503021070714,-46.1831562251331,-41.3969393006952,-28.7358915452004
31-Jan-2025 13:55:59,103,67,-0.0487040450175603,0.388359709580739,0.0993991121649742,0.551905937989553,-0.21309950252374,-0.805940802892049,-0.0211646760503451,-106.028244375177,-127.539035341947,-62.1092215236049,-57.2669120461799,-55.5713422267742,-28.0085278974237,-44.2059738976289,-37.9680718429653,-26.327872080032
31-Jan-2025 13:56:33,103,68,-0.0438322792450587,0.384560783704122,0.101684096455574,0.55638705889384,-0.206481478611628,-0.804719984531403,-0.0149886246149739,-101.84760260422,-123.28229533875,-61.2164645975949,-52.5305324395036,-39.1671135279161,-20.3254590212791,-42.5333000779383,-37.8887967373302,-26.7342740205719
31-Jan-2025 13:57:31,103,69,-0.049233449747165,0.384499494234721,0.101937086383502,0.550247534116109,-0.202504290143649,-0.810029629866282,-0.00846888938297828,-103.901441417401,-132.650507571234,-69.2612096131401,-51.5469596478623,-52.6299709128271,-34.8967428118859,-43.2628805121546,-36.3343178077425,-25.6228866639659
31-Jan-2025 13:58:25,103,70,-0.0521358328560988,0.386532455682755,0.10480722139279,0.54338862101237,-0.2106062322855,-0.812633796532949,0.000404383981367573,-106.822520522651,-136.456195921558,-72.0247055994628,-49.8897902637385,-53.6513713396233,-36.0702029358685,-44.5185880733244,-37.1172369661786,-25.7776046587869
31-Jan-2025 13:59:22,103,71,-0.0545031341413657,0.387801410754522,0.109550016621749,0.536946638425191,-0.208369273940722,-0.8174107670784,0.0104986145471533,-106.952219773936,-140.255622330802,-77.7725770711743,-47.8208225833734,-53.777043287362,-36.3947512265391,-45.8873591979708,-38.0188551686264,-25.1403753293214
31-Jan-2025 14:00:12,103,72,-0.0539009908835093,0.389657429854075,0.108034446835518,0.536012951533,-0.200421951214472,-0.820023624102275,0.00907797279457251,-107.685761101584,-143.053379470826,-79.0822226860762,-50.5789552171442,-54.9951102554334,-38.5713287803206,-48.4195387230972,-41.1613206694883,-26.1417767757528
31-Jan-2025 14:01:01,103,73,-0.0527743505934874,0.392053246498108,0.106012360751629,0.534194986025492,-0.189224537213643,-0.823773296674093,0.0150783283015092,-108.396457465741,-145.43707112558,-79.6379621723253,-52.8591382768548,-55.9142451037402,-40.4606783757741,-53.2299841390928,-42.7209609313532,-26.8326913911126
31-Jan-2025 14:01:52,103,74,-0.0514313563704491,0.395024102926254,0.106759750346343,0.532431495189667,-0.175445892413457,-0.827657608191172,0.0268025369693836,-109.545731348152,-148.138730037699,-82.3667485942479,-55.8003465495351,-57.4339138921647,-41.3064139920635,-60.004562500523,-44.9891885737196,-27.8183625909365
31-Jan-2025 14:02:40,103,75,-0.047594719628493,0.397241828838984,0.103458183010419,0.531734784444173,-0.16206844051679,-0.83010634581248,0.0437655185659726,-111.139293989691,-148.674372578501,-81.5320584840074,-57.8720674287005,-60.9788496506482,-42.7553426187709,-67.6112073346705,-48.0617099063366,-30.0764120829926
31-Jan-2025 14:03:29,103,76,-0.0465227621297042,0.401501582066218,0.103416652977467,0.527498122056325,-0.15324250459671,-0.833415238062541,0.0606754514078299,-114.455001010793,-150.977006933644,-83.7906301076853,-60.0340446111082,-62.5364188941611,-44.2058677506874,-77.5088854051766,-42.5363780840792,-32.2206507211647
31-Jan-2025 14:04:19,103,77,-0.0411424954732259,0.404427367448807,0.101457950472832,0.524782168865204,-0.134945642948151,-0.836719187100728,0.079337340593338,-115.481780221677,-151.463137195957,-84.8958325983224,-62.1661499451372,-64.5253048801887,-45.4321911352083,-85.102080093862,-53.6371196843843,-34.3829839323948
31-Jan-2025 14:05:08,103,78,-0.0372750063737234,0.407255963484446,0.0994083454211553,0.522895805040995,-0.117755750815074,-0.838687713940938,0.0965219542384148,-116.489095527451,-150.891015411856,-85.4243505224391,-64.9583193549769,-65.9798492374737,-46.7714136460314,-93.1930330916371,-56.7008979959707,-36.4043644301539
31-Jan-2025 14:05:59,103,79,-0.0330563306808472,0.406235541899999,0.0941375717520714,0.528614811102549,-0.118591054280599,-0.835545221964518,0.0914700428644816,-116.47729450786,-145.929222459884,-80.8711597119633,-66.4764461544767,-65.9862839903833,-46.3635224460032,-92.8816111063871,-57.7430093274179,-37.1280820242872
31-Jan-2025 14:06:50,103,80,-0.027813657745719,0.404610292116801,0.0876017769177755,0.536814435323079,-0.124099120497704,-0.830032122135162,0.0864659319321315,-117.698127511991,-137.590366496308,-75.0487977598574,-68.0845889729293,-66.1216333361072,-44.9338560275506,-92.3571286984095,-58.3508798366854,-37.7415614400526
31-Jan-2025 14:07:40,103,81,-0.0209585763514042,0.403127457698186,0.0801598747571309,0.546093388398488,-0.130724982420603,-0.823559701442719,0.0802645842234294,-118.635277527984,-128.83797902693,-70.0168502369365,-70.0377398008581,-66.3214399782383,-44.1933019998857,-91.5761160790682,-59.8666299348631,-38.9749217666343
31-Jan-2025 14:08:29,103,82,-0.0145875904088219,0.402335703372955,0.072716864446799,0.55623863140742,-0.136445484558741,-0.817053727308909,0.0663659383853277,-119.880586049907,-119.653825804651,-65.680109928608,-72.9883946335251,-66.478475268573,-42.1473041676147,-90.2168383540449,-61.9113198274959,-39.843222548624
31-Jan-2025 14:09:20,103,83,-0.00900333827982346,0.402531770865122,0.0657739991943041,0.564167328675588,-0.141504853963852,-0.811421887079875,0.0573250184456507,-121.279973824795,-110.853789705922,-61.7659732275758,-75.1628014685612,-67.9641248830096,-41.2485844330406,-90.1434280761806,-64.6704796173562,-40.9789935583177
31-Jan-2025 14:10:08,103,84,-0.00228887611689667,0.402354164918264,0.0606219845513503,0.569222827752431,-0.163845192392667,-0.804241768519084,0.0483253009617329,-124.856401226167,-98.4958121689677,-54.3881383301917,-75.8240843047819,-66.2140816594969,-40.548503747315,-87.7879515218959,-69.8118743558303,-42.2484996818634
31-Jan-2025 14:10:53,103,85,0.00402595375974973,0.401225769519806,0.0561947161952655,0.574857930342356,-0.161259374022484,-0.801394923528035,0.0360551772018274,-123.446348440779,-88.7088639129007,-49.1784543346316,-76.8538051415948,-64.1211920170096,-39.1227425860136,-85.866441829401,-72.2443865686112,-43.7348733623352
31-Jan-2025 14:11:38,103,86,0.00866337418556213,0.400367007652918,0.0520742605129878,0.579293151696523,-0.164523243904114,-0.798070434729258,0.0208605540295442,-123.368055562012,-82.3074302972774,-44.2278457899836,-77.9927449787039,-62.6068791650351,-39.2091411869244,-83.636915567801,-75.6474575185457,-45.1796808212699
31-Jan-2025 14:12:26,103,87,0.0121729313706358,0.400091207027435,0.0504534333944321,0.582469562689463,-0.168951644500097,-0.795098249117533,0.00183755145408213,-123.505642636556,-79.2487540018759,-41.9567749707916,-79.261294315961,-62.581854708317,-39.3766196689413,-80.8783810216484,-79.3108078370567,-47.1287051694361
31-Jan-2025 14:13:16,103,88,0.0111243026331067,0.399814605712891,0.0520180525879065,0.584894859790802,-0.178280095259349,-0.791134782632192,-0.0148322638745109,-124.876169687755,-78.1614563665852,-41.6254730143276,-80.5196484032922,-61.951474449227,-39.2096380915113,-77.1803423332195,-82.8042978398562,-49.2548379622181
31-Jan-2025 14:14:06,103,89,0.0195869542658329,0.40141978263855,0.0533737103144328,0.590228287378947,-0.17162118156751,-0.788752981026967,-0.00674806327248613,-124.965619401648,-76.765667462894,-42.3876215545636,-80.8883871116851,-60.9999799345924,-39.4493646717425,-80.3708252495615,-90.678818551695,-53.6481617753196
31-Jan-2025 14:14:58,103,90,0.0267128169536591,0.403757029771805,0.0537548887232939,0.594052195549011,-0.164989478389422,-0.78725350300471,0.0106010189900796,-125.925804109706,-76.7252232242306,-43.8972123104817,-80.8420770075964,-62.2971464693649,-40.242976237112,-83.9639321303344,-97.6483741846058,-57.7857626995751
31-Jan-2025 14:15:52,103,91,0.031778168429931,0.406112627188365,0.0532785785694917,0.597645672162374,-0.155020428697268,-0.786295938491821,0.022956866150101,-125.971356314845,-76.987451318081,-42.7055241742407,-81.4132424972671,-63.968643528841,-41.3135302950506,-88.2083509933228,-105.665447278053,-60.5205021794076
31-Jan-2025 14:16:48,103,92,0.039114061743021,0.408915652831395,0.0540319383144379,0.601419496536255,-0.147300577163696,-0.784621274471283,0.0310902062803507,-126.609592268526,-77.2510155781883,-43.6881965919203,-82.5931457838173,-64.8523058506689,-42.3725555992739,-92.028425847419,-113.981279101768,-65.1038109370285
31-Jan-2025 14:17:44,103,93,0.0452153960863749,0.412053080399831,0.05508687098821,0.605544424057007,-0.137245740493139,-0.782869338989258,0.0399397032956282,-126.944170096476,-78.1152479214241,-45.0080492865601,-84.0024179688074,-65.4170508036726,-43.6508165266394,-96.986328697069,-121.846490290617,-68.6614043335437
31-Jan-2025 14:18:39,103,94,0.0492474878827731,0.412824159860611,0.051579595108827,0.603379209836324,-0.110564237336318,-0.788396263122559,0.0462657275299231,-122.775057557654,-75.0106810031544,-44.8980449782535,-85.9934491155472,-68.4989785991305,-44.3631355391175,-100.32608608172,-124.748942790726,-71.7860353739611
31-Jan-2025 14:19:36,103,95,0.0533920161426067,0.413939330975215,0.0483888983726501,0.605629901091258,-0.0772910957535108,-0.790604289372762,0.0467270039021969,-118.4550304874,-73.8187811056668,-43.034835739187,-88.2293224868969,-69.5886770523823,-45.4302634573811,-102.82530046526,-126.938740132119,-75.2542375741021
31-Jan-2025 14:20:29,103,96,0.0552149201432864,0.415577497084936,0.0478309497237206,0.600587264696757,-0.0466299178699652,-0.796419076124827,0.0532661437988281,-115.409546151429,-74.4832147185706,-42.8450240347404,-91.4876169705516,-70.7322608345311,-43.8247958285373,-107.754243348244,-129.222209894154,-76.4942253541049
31-Jan-2025 14:21:24,103,97,0.0567967357734839,0.417410262425741,0.046290800968806,0.598161156972249,-0.0251706272363663,-0.799384959538778,0.0505310257275899,-113.4513331826,-75.85081508667,-42.9669110976039,-95.4071220103587,-71.5277872811282,-46.5830304261399,-109.84805048095,-131.47751586651,-78.2701059240385
31-Jan-2025 14:22:21,103,98,0.0588310959438483,0.419929677248001,0.0438767954707146,0.591344106197357,0.00499071618542075,-0.804860218365987,0.0498729469875495,-110.461755897342,-75.3949988323671,-44.2946475441224,-99.6572323282421,-73.8742850599497,-46.8731161369658,-114.124289738517,-133.493739944026,-80.4639328889377
31-Jan-2025 14:23:20,103,99,0.057047559072574,0.420507238308589,0.0415731281042099,0.586981944243113,0.0341024314363797,-0.808031451702118,0.0370730911691984,-106.35649645387,-76.5774742668632,-43.0003086824685,-104.222645285164,-75.1962685048832,-48.8541274044033,-115.816745058514,-135.765423074123,-80.7667330513195
31-Jan-2025 14:24:17,103,100,0.0592992827296257,0.422081951300303,0.0412228199342887,0.578409647941589,0.0620570994913578,-0.812769369284312,0.0315784345070521,-102.96839593129,-76.4040955457588,-43.9949321667282,-109.095709561604,-74.7309947828727,-48.7556014501465,-118.767308409727,-138.314835730509,-81.2490198124428
31-Jan-2025 14:25:52,204,1,0.000806196984679749,0.313394184907277,0.0411066144704819,0.58719330628713,-0.00190694159052024,-0.809439877669016,-0.00273814466781914,-7.42500000000001,-13.5,-4.42500000000001,-5.40000000000001,-10.65,-4.80000000000001,-5.10000000000001,-7.20000000000001,-5.40000000000001
31-Jan-2025 14:26:27,204,2,-0.000768351485021412,0.319417794545492,0.0395164246360461,0.589401896794637,-0.000317146896850318,-0.807525722185771,-0.0225284722944101,-13.7524884117261,-18.1030776155049,-7.66532685326846,-15.5994313544584,-15.3785122644023,-7.9530463935668,-8.26800663477126,-11.3378618819794,-8.33271712918769
31-Jan-2025 14:27:04,204,3,-0.00300517962314188,0.325352191925049,0.0379782699048519,0.589194448788961,-0.0020940610828499,-0.806151326497396,-0.0544571173687776,-19.7612268234521,-21.9936552310099,-9.1619037065369,-25.2738627089169,-19.2070245288047,-11.1060927871336,-9.3735132695425,-14.1257237639589,-9.54043425837536
31-Jan-2025 14:27:42,204,4,-0.00449634067093333,0.330447747310003,0.0369631084303061,0.5876225233078,-0.00284194654474656,-0.80444477001826,-0.0869502007961273,-25.3855902351781,-24.8529828465148,-10.2366055598053,-35.6607940633753,-21.760536793207,-12.8341391807004,-10.7977699043137,-15.5635856459383,-11.160651387563
31-Jan-2025 14:28:19,204,5,-0.00687247449532151,0.334963019688924,0.0359747864305973,0.586557841300964,0.00537772737443447,-0.801348578929901,-0.117309176425139,-28.9427661469042,-27.7216854620198,-12.5253699130738,-44.3039754178337,-23.9765490576094,-14.0746855742671,-12.006401539085,-16.9264475279177,-10.9621185167507
31-Jan-2025 14:28:56,204,6,-0.00839507902661959,0.338333058357239,0.0342659930388133,0.585645294189453,0.0269427704314391,-0.797694766521454,-0.14133938451608,-28.9163483086303,-31.2700755775248,-12.7211655163422,-52.6752817722921,-26.0988113220117,-14.9214819678339,-13.7072206738562,-16.3018094098972,-11.2792106459384
31-Jan-2025 14:29:34,204,7,-0.010328891625007,0.343066980441411,0.0329595632851124,0.582855228583018,0.0275412538399299,-0.795088152090708,-0.165396882096926,-34.5981335953564,-31.4833094430298,-14.7204767446106,-61.6606506267505,-28.3241985864141,-16.1714033614007,-15.5041335586274,-17.9084212918766,-11.704115275126
31-Jan-2025 14:30:13,204,8,-0.0114817697554827,0.347475091616313,0.0311098285019398,0.57780069510142,0.0343305706977844,-0.791085942586263,-0.197865747412046,-38.1090204445824,-34.3789651835348,-16.421545785379,-71.028050731209,-31.8011483508165,-17.4728872549675,-15.5490933183987,-19.9556581738561,-13.5329261543137
31-Jan-2025 14:30:54,204,9,-0.0126139514769117,0.352095242341359,0.029145418604215,0.571826513608297,0.0380590324600538,-0.787555360794067,-0.226544796427091,-42.1844580750585,-36.2908318615398,-17.9734937323975,-80.4364664606674,-34.0288793652188,-18.8751523985343,-15.9930765156699,-22.9732075558355,-15.0886901585013
31-Jan-2025 14:31:32,204,10,-0.0103037749106685,0.35356364051501,0.0232453804463148,0.570117290814718,0.0751153250535329,-0.78546621799469,-0.228837921222051,-36.2167925110992,-36.9993540635541,-12.4449197141912,-85.1834806694181,-37.7036156890969,-21.0133768475099,-18.679764048481,-23.5735673012008,-16.5815231932205
31-Jan-2025 14:32:10,204,11,-0.0109994307160378,0.355290631453196,0.019044686978062,0.57078199783961,0.111661065121492,-0.778879543145498,-0.234704926609993,-31.7027646424525,-38.1744289999434,-16.7415654225473,-89.7907487844187,-41.8535473254751,-23.6267966089855,-21.7287074406671,-24.4540051715662,-17.0310945091897
31-Jan-2025 14:32:52,204,12,-0.0105444118380547,0.358148870865504,0.0162589522699515,0.570826041698456,0.136332782109578,-0.775038997332255,-0.234276702006658,-30.090555621462,-38.0827803035202,-18.4508209941847,-94.7781438525444,-44.5910766181032,-28.052814026711,-26.1587787625406,-27.3494821044315,-17.6340349657839
31-Jan-2025 14:33:33,204,13,-0.0103245771800478,0.360618507862091,0.0144065390030543,0.572429879506429,0.161696388324102,-0.769401470820109,-0.232808332641919,-28.2042560242996,-40.5827697906907,-19.7663814974628,-99.3556023972326,-47.3724047388564,-30.1601302725616,-30.6794140492579,-29.377478568547,-18.5386599926906
31-Jan-2025 14:34:12,204,14,-0.0089134090890487,0.363498548666636,0.00812970977276564,0.571394888559977,0.191697893540065,-0.763039004802704,-0.233519448836644,-24.8309111390512,-40.2535783696581,-13.8350944665612,-103.728092680202,-51.825632273672,-32.3080959324747,-35.6953313183971,-30.0717347982875,-20.4191273047536
31-Jan-2025 14:34:58,204,15,-0.010588163882494,0.366957092285156,0.00657619765649239,0.575686033566793,0.205494804183642,-0.757754691441854,-0.228397365411123,-24.2390436097599,-42.5597964945239,-20.7053836685697,-108.298098832312,-59.6648095155189,-35.0763862994191,-40.8088895787473,-31.1491209108406,-21.9625157593947
31-Jan-2025 14:35:33,204,16,-0.00549574407438437,0.369315322240194,0.00615751879910628,0.573036777973175,0.226528662443161,-0.755659782886505,-0.222017795840899,-16.3379147584472,-29.1587193923391,-14.1014609870333,-111.766862918992,-62.1469616108814,-33.804839019879,-45.5212683347028,-32.4930719648,-25.0623647853248
31-Jan-2025 14:36:27,204,17,-0.011987924699982,0.374324597915014,0.00456295342495044,0.580070173740387,0.221335429946582,-0.751786029338837,-0.222141582767169,-28.7071552461235,-46.9789946766287,-23.4104323637244,-117.085005972958,-67.5756011330017,-38.2383729170968,-50.3330573384612,-34.7203054894626,-16.5654440968996
31-Jan-2025 14:37:01,204,18,-0.00949510944386323,0.376694597800573,0.00163865881816794,0.579911569754283,0.239936421314875,-0.748355110486349,-0.214703679084778,-15.9615804032947,-32.1099461541558,-15.7008507695294,-120.852838510566,-71.8524843685009,-37.9494474026935,-56.0945514661209,-36.3391802494767,-4.52013855129662
31-Jan-2025 14:38:08,204,19,-0.0113234852751096,0.382525503635406,0.00270749983998636,0.581956171989441,0.234465923905373,-0.747722665468852,-0.217401957511902,-33.3335978952129,-52.8712357283015,-26.8569926898911,-126.320515789995,-77.8784894606895,-42.5742921824797,-60.7558981557312,-41.1788756271667,-28.6506405771048
31-Jan-2025 14:38:48,204,20,-0.00888827430705229,0.383056823412577,-0.00092574645144244,0.580991272131602,0.242636993527412,-0.747857145468394,-0.210442760586739,-23.6448843499548,-40.6892633679652,-20.7803731390816,-126.410245876418,-82.4200288048279,-41.6776010341089,-64.0979448375123,-40.4649039431531,-29.8505999662939
31-Jan-2025 14:39:44,204,21,-0.0136086449647943,0.384134352207184,-9.90705477306619e-05,0.586972479025523,0.221284075578054,-0.751255881786346,-0.205210302273432,-36.5980688883833,-54.0648755317833,-28.0076844669112,-125.124937148296,-84.7363486131386,-46.4343524592855,-62.289954659781,-41.6061374135583,-29.5945112483356
31-Jan-2025 14:40:31,204,22,-0.0154503926634789,0.383726086219152,-0.00230943546630442,0.589758280913035,0.214352059364319,-0.752957514921824,-0.198225528001785,-36.4222024686554,-54.119279957679,-28.8369612340605,-123.077109012902,-87.9650586535355,-48.0178251712358,-61.2819460522935,-40.8999734611729,-29.8853984768037
31-Jan-2025 14:41:14,204,23,-0.0170143290112416,0.383916592597961,-0.00334500993291537,0.589949270089467,0.198541470368703,-0.757255534331004,-0.19775039156278,-38.7568105698491,-54.2630805146133,-29.2422207208696,-121.623021173871,-90.8999638099755,-49.5896585265729,-59.773928229928,-41.5201107973922,-29.5497736784849
31-Jan-2025 14:41:57,204,24,-0.0196827743202448,0.384207371870677,-0.00255695873250564,0.591484844684601,0.188249461849531,-0.758339623610179,-0.19906998872757,-40.8466559315037,-56.026579137067,-32.0604715675086,-121.215803483023,-93.612966524437,-51.1556722036034,-58.8409058001235,-41.3783987779138,-29.5758928667727
31-Jan-2025 14:42:42,204,25,-0.0220727331936359,0.385401924451192,0.000833336481203635,0.590782868862152,0.162089514732361,-0.764980606238047,-0.198764405647914,-46.4435649718485,-59.0802270519597,-35.2381751934893,-120.61702683851,-95.7339906753943,-51.2035693398101,-57.7977634507637,-42.8088317764564,-30.0847258658856
31-Jan-2025 14:43:25,204,26,-0.0235398191958666,0.38576382001241,0.00554024313266079,0.589682606856028,0.132153652111689,-0.772554222742716,-0.194858511288961,-52.4667833273085,-62.0887994832323,-36.2441266594274,-118.742467731042,-95.8120392158571,-51.1375115564403,-56.7108699495442,-43.2613024360746,-30.4964948616503
31-Jan-2025 14:44:06,204,27,-0.0256136663258076,0.386322353283564,0.0109098456799984,0.589265441894531,0.104755300780137,-0.776633298397064,-0.196553630630175,-58.5531563403261,-64.6248341726948,-39.3142020453443,-117.130017392097,-96.0685999510725,-51.014476313282,-54.8521008723948,-43.7497919262306,-30.0347318557409
31-Jan-2025 14:44:45,204,28,-0.0284428672244151,0.387212308247884,0.0173283338546753,0.588742836316427,0.0733849306901296,-0.781322940190633,-0.19372935295105,-65.1961066821225,-68.9495999912523,-42.5913393912505,-115.048621437414,-95.4394167836642,-51.0879523402296,-54.0323940072804,-44.0312908316554,-30.1862028489943
31-Jan-2025 14:45:27,204,29,-0.0301348319898049,0.388435419400533,0.0229458574205637,0.585046716531118,0.0307047314941883,-0.786978415648143,-0.193500869472822,-75.4173456883082,-75.7437313743573,-45.2220077171515,-113.332752674861,-95.4173616649442,-50.5096840022302,-52.3822182481836,-44.2092944447147,-31.1692908418292
31-Jan-2025 14:46:09,204,30,-0.0314972298840682,0.38879154920578,0.0294768642634153,0.585569039980571,0.00775043976803621,-0.787392385800679,-0.192515171567599,-79.7777290266887,-80.0225455397359,-50.5294415330497,-112.399647508373,-92.9988705705682,-50.2805434817572,-50.8418080420955,-45.3105504115912,-31.5181873344549
31-Jan-2025 14:46:51,204,31,-0.034093810369571,0.389781431357066,0.0342411011457443,0.584417533874512,-0.0228065233677626,-0.789126269022624,-0.187658676505089,-86.0826845311665,-84.0937010962515,-53.2752580939466,-109.757924139919,-92.0071614883643,-50.0759668700474,-49.7312806125118,-45.8234325553764,-30.3499880769759
31-Jan-2025 14:47:31,204,32,-0.0382394798099995,0.390437124172846,0.040875538935264,0.584416604042053,-0.0538454751173655,-0.788430190086365,-0.184216434756915,-92.1599261186931,-89.2610273483355,-57.6652660273428,-106.93689167048,-90.5288434122464,-49.5086722127193,-47.5606945711804,-45.067127787616,-29.9982409444446
31-Jan-2025 14:48:12,204,33,-0.0393970479567846,0.392357267936071,0.0473603829741478,0.581848617394765,-0.0889780779679616,-0.789333271980286,-0.174608519673347,-100.223310747744,-94.1514389482036,-60.7773696469888,-104.77620465055,-89.8572208391716,-49.1350185325819,-47.560079223975,-45.9262295640828,-30.2797198743872
31-Jan-2025 14:48:50,204,34,-0.0415869697928429,0.394080913066864,0.0526674196124077,0.579563597838084,-0.114873919884364,-0.789885723590851,-0.164288045962652,-105.229766897557,-99.4283932219639,-64.2255211097595,-102.195690355374,-88.9139460176182,-49.00818534104,-47.5944492238326,-46.9930346126631,-30.5778118355666
31-Jan-2025 14:49:36,204,35,-0.0414426401257515,0.394599938392639,0.0561554526289304,0.580971920490265,-0.121318738162518,-0.788380201657613,-0.161895300944646,-107.132066280787,-103.5228640678,-63.8359096672738,-101.793139638863,-86.4286359989002,-47.3462484129495,-48.1355359779029,-45.8095968534648,-31.6767536460632
31-Jan-2025 14:50:26,204,36,-0.0404797938962777,0.394821323951085,0.0595176748931408,0.582748039563497,-0.127867862582207,-0.786395303408305,-0.160115603605906,-108.795133544208,-106.663970582108,-62.5553101855692,-100.910632103541,-83.8379129180626,-45.3335166070079,-47.5978690687389,-45.7655849122949,-32.404848714369
31-Jan-2025 14:51:17,204,37,-0.040262895822525,0.394546701510747,0.0627872223655383,0.584536763032277,-0.132963935534159,-0.785049005349477,-0.155998173356056,-109.588584747724,-108.953394930653,-61.6542166842553,-99.9381461588131,-81.0444833061651,-42.9953873621407,-47.045825327958,-45.0162858801393,-31.8975204115795
31-Jan-2025 14:52:10,204,38,-0.0393254461387793,0.393600964546204,0.0637389322121938,0.585745616753896,-0.135576436916987,-0.783894244829814,-0.155019304156303,-109.272227921288,-108.116978196316,-60.9428761731366,-98.9206710093823,-76.2747004287378,-41.7695593978107,-45.8115931713688,-44.064343302491,-31.2974804232423
31-Jan-2025 14:53:06,204,39,-0.038062650958697,0.392315093676249,0.0653106366594633,0.586320722103119,-0.139667645096779,-0.782143946488698,-0.158024688561757,-108.550967079875,-107.592640920539,-58.4514121571157,-97.7307012576,-70.8917409185455,-40.5748820737493,-44.1612668068753,-43.3110789520962,-30.5760845921312
31-Jan-2025 14:54:01,204,40,-0.0369107648730278,0.390700854857763,0.065389662484328,0.587217581272125,-0.132069521149,-0.781852114200592,-0.162605163455009,-106.352254230975,-106.849343374041,-56.6448863886435,-97.3544842046421,-66.9271930919708,-39.9207800698222,-42.8278933384298,-42.6571537153283,-29.7940108396333
31-Jan-2025 14:54:36,204,41,-0.0352398216724396,0.38853698571523,0.0649598409732183,0.588998679320017,-0.126728864510854,-0.782599806785583,-0.156709571679433,-100.739112165616,-99.0785200103012,-51.5557791189377,-93.2280221583142,-66.0054611066612,-36.8252429416232,-42.1998319773083,-40.4676201947006,-15.9854314220383
31-Jan-2025 14:55:06,204,42,-0.0392802946269512,0.385629651943843,0.060350684573253,0.585750166575114,-0.128436368703842,-0.781349905331929,-0.172895902395248,-97.9066070983843,-95.0779565788813,-49.2254064111191,-91.2174982866925,-67.0508320422559,-36.2648496434578,-31.2635088401986,-22.0654214524793,-9.5866825240965
31-Jan-2025 14:55:54,204,43,-0.0351663465301196,0.387283384799957,0.0562054800490538,0.582801330089569,-0.121876648565133,-0.788348825772603,-0.154902780056,-101.864420530217,-101.362523113621,-51.949400984244,-94.2399435024237,-70.6547544383029,-40.6470282603092,-41.723054815095,-41.3068900994616,-28.4178488859812
31-Jan-2025 14:56:39,204,44,-0.0344555010398229,0.391390965382258,0.0549971001843611,0.580234038829804,-0.123987389604251,-0.789863880475362,-0.155147250493368,-106.292393211582,-103.564654631441,-56.1505791978407,-98.4288732618315,-76.8129525645759,-43.7504928346689,-45.4805353459945,-44.6451924410457,-32.2639728777792
31-Jan-2025 14:57:22,204,45,-0.0370182024935881,0.393496988217036,0.0545304951568445,0.578343017896016,-0.12884904841582,-0.791888006528219,-0.147752176721891,-109.080445517712,-105.375568640801,-58.1653492316733,-98.6260452930775,-81.3982885559619,-46.5146003877828,-48.4369831548956,-46.1069116299307,-32.067575684534
31-Jan-2025 14:58:04,204,46,-0.0349812125166257,0.395615281661352,0.0528663620352745,0.577001853783925,-0.121600989500682,-0.797194079558055,-0.1294746418794,-110.748537636226,-106.840873895931,-58.7119151756239,-99.0023384602426,-84.1471934799045,-48.5840294302738,-54.3679146027975,-48.130339242466,-33.4499178987671
31-Jan-2025 14:58:46,204,47,-0.0325424094994863,0.398121867577235,0.0510859516759713,0.577176531155904,-0.113105367620786,-0.800477492809296,-0.115369968116283,-111.856649660931,-107.833374773946,-58.6743790746335,-100.293192195367,-86.7278828701254,-50.8311192174534,-60.9610878701999,-50.2096210668265,-34.5716298167394
31-Jan-2025 14:59:27,204,48,-0.0309390195955833,0.400290312369665,0.0493174714346727,0.577056014537811,-0.107669822871685,-0.805060434341431,-0.0853888953725497,-113.509771638732,-107.914473463403,-58.5697919511725,-99.5663262144718,-89.5244644934854,-53.1670393769773,-69.9853820473523,-51.7918299970996,-35.9380265865813
31-Jan-2025 15:00:09,204,49,-0.028106494123737,0.40250096321106,0.0453464051087697,0.579977242151896,-0.073540244003137,-0.808829402923584,-0.0633503804604212,-110.785398593081,-107.764871058582,-58.2816793164763,-101.130600375566,-92.2789922334149,-55.0973747226733,-78.0502366793799,-52.9755024803289,-37.2767657823579
31-Jan-2025 15:00:49,204,50,-0.0257908837248882,0.405334788560867,0.0430983240405719,0.580038690567017,-0.0619006363054117,-0.811580193042755,-0.0325742525358995,-112.247278035704,-107.499918106621,-57.6768039261625,-101.065444607656,-95.3874930316292,-57.1999176614553,-85.710371538845,-54.9349067400364,-38.301676191102
31-Jan-2025 15:01:28,204,51,-0.0239751491695642,0.407926501830419,0.0413129642605782,0.579281421502431,-0.0535754561424255,-0.813361481825511,0.00241394364275038,-113.627283722463,-107.477289881091,-57.2135471580399,-99.9605738752423,-98.972980358986,-58.9385643967804,-94.7431465120288,-56.307176887983,-39.1696722063297
31-Jan-2025 15:02:04,204,52,-0.0221408406893412,0.410650595029195,0.0384989942113558,0.580387612183889,-0.038793916006883,-0.812791097164154,0.0318730610112349,-114.441352531292,-107.575824018776,-57.4960997010128,-99.6858456605779,-102.646960950914,-60.870263030377,-102.962241542072,-44.7108799800491,-40.6342110247993
31-Jan-2025 15:02:47,204,53,-0.0200905745228132,0.410979688167572,0.0428706410030524,0.58138503630956,-0.0449594261745612,-0.811986009279887,0.0254722199092309,-115.983596313968,-107.867970763045,-56.4994532761579,-100.569208834024,-100.661765763089,-57.1656570712262,-102.641805911585,-57.7880118996976,-41.1822580867871
31-Jan-2025 15:03:26,204,54,-0.0193034328520298,0.410982924699783,0.0484432891011238,0.580935033162435,-0.0606584720313549,-0.81134387254715,0.0235833528141181,-118.584355877161,-108.377908098118,-56.4392591790768,-100.197607636907,-96.2236938914073,-53.2843140866432,-101.742950295313,-57.2355020553762,-41.3919408495853
31-Jan-2025 15:04:04,204,55,-0.0191113647073507,0.410743447144826,0.053026311347882,0.580263539155324,-0.0770624021689097,-0.810499672094981,0.0211174280693134,-120.589373330613,-108.471740728593,-56.9222912458827,-99.4235242545082,-90.1841836777969,-50.8896025893442,-100.329884686148,-56.7681713290698,-41.2074414627888
31-Jan-2025 15:04:40,204,56,-0.0180502034723759,0.409359415372213,0.0583744270106157,0.580184467633565,-0.0844244316220284,-0.809942412376404,0.0158683271457752,-120.571519729194,-108.882521006769,-57.976936394632,-98.598199779469,-81.7689542932222,-48.9382068356871,-97.9847140805367,-57.2434301617708,-40.5258510011949
31-Jan-2025 15:05:18,204,57,-0.0172649901360273,0.409612309932709,0.0632332781950633,0.580948293209076,-0.0866990481813749,-0.809163093566895,0.0154098706319928,-121.04223060034,-111.251775108795,-57.9673880843531,-98.3472547581095,-75.3158653231653,-47.433468953851,-97.8734909767024,-57.9649837739755,-40.4207150022023
31-Jan-2025 15:05:57,204,58,-0.0157664249340693,0.41005752881368,0.0646108369032542,0.581167391935984,-0.0943864901860555,-0.808163070678711,0.0144272033125162,-122.732223707768,-111.675266122746,-58.32574304456,-98.3084994635899,-74.1938465603673,-46.3020600079254,-97.5292416237566,-59.8596847759322,-40.9038062345103
31-Jan-2025 15:06:36,204,59,-0.015674318994085,0.410007663567861,0.0659083217382431,0.581355162461599,-0.110354886452357,-0.806116461753845,0.00492305314789216,-124.506857933337,-112.850875592661,-57.5930496400099,-97.9258390324901,-73.2623629011987,-46.0323155299551,-94.4434791462549,-62.8659594727648,-41.4560110824687
31-Jan-2025 15:07:18,204,60,-0.0129638241603971,0.409620589017868,0.0678613498806953,0.583542557557424,-0.122781028350194,-0.802732650438944,-0.00481917442133029,-126.173812717977,-113.802544290556,-60.3648320530813,-97.6712260331003,-72.0511467938449,-46.2684032859623,-91.4119601064754,-69.5780210170353,-42.8677727382522
31-Jan-2025 15:08:04,204,61,-0.0114060041184227,0.410663322607676,0.068514679869016,0.584580449263255,-0.144615506132444,-0.798278717199961,-0.0101593474547068,-130.486927782152,-113.892242602442,-60.7638523749633,-97.7056367495655,-72.2000644623988,-46.0824071589584,-90.1325627855569,-72.7429759850248,-45.0093127979483
31-Jan-2025 15:08:50,204,62,-0.00869889706373215,0.410665726661682,0.0695728813608487,0.58691615263621,-0.144628656903903,-0.796543896198273,-0.0113940703372161,-131.023122986094,-113.925955721324,-62.0014916512508,-97.5845593239581,-71.8290490189065,-45.3103690904489,-89.8042263240689,-76.8343776648738,-46.8407420596007
31-Jan-2025 15:09:41,204,63,-0.00665566570435961,0.410967550675074,0.0721319183707237,0.590193116664886,-0.16618105272452,-0.789505386352539,-0.027152165894707,-134.170858259921,-114.456676243703,-62.9834404047409,-97.5357378273145,-71.4980670193911,-45.4453100511867,-85.5264202922963,-83.0390027006525,-48.9671159222312
31-Jan-2025 15:10:30,204,64,-0.00466146528099974,0.41020764708519,0.073122464120388,0.594168102741241,-0.176306209961573,-0.783647437890371,-0.0421554046372573,-134.799363568689,-114.485900467831,-62.7125438968324,-97.5980442951528,-70.0621017418641,-45.1337405265482,-80.6988794753812,-86.5502394143961,-51.0159620853508
31-Jan-2025 15:11:22,204,65,-0.00597977380578717,0.407557650407155,0.078653742869695,0.592250565687815,-0.168164698282878,-0.787751138210297,-0.020200331757466,-130.083611218479,-117.146844170924,-64.4680374658234,-91.411287073147,-66.6293249939504,-44.3008347370847,-80.1413349032159,-86.5850749038113,-47.9602697606132
31-Jan-2025 15:12:15,204,66,-0.00881003799537818,0.405012518167496,0.0808586552739143,0.587428951263428,-0.1693924198548,-0.79134779771169,-0.00145029225386679,-127.325551377005,-118.857413799454,-65.6478197194648,-85.9648118422617,-64.5328024265337,-43.506301326277,-79.971356634765,-84.6340633127177,-45.4101955109978
31-Jan-2025 15:13:08,204,67,-0.0125879115735491,0.402107834815979,0.083905935784181,0.580192402998606,-0.173954820632935,-0.795438965161641,0.0198340651889642,-124.421337789898,-121.817796390703,-66.2397463154313,-76.7634776069367,-63.0294069493655,-43.4059541047973,-80.1451615181712,-80.7901281813697,-42.8879302989435
31-Jan-2025 15:13:58,204,68,-0.0172407325357199,0.399494131406148,0.0884410828351974,0.571965424219767,-0.173725697398186,-0.800532376766205,0.0426952292521795,-121.144047329975,-125.253085463311,-67.2127450825604,-69.8847138693918,-60.7725750173215,-42.8276999779816,-78.9908579775061,-75.4747312798946,-40.1545696056698
31-Jan-2025 15:14:47,204,69,-0.0213982302695513,0.395781654119492,0.0909807607531548,0.563301221529643,-0.161520599325498,-0.808377110958099,0.0559403911232948,-115.430218433644,-126.975827776598,-68.7512799352709,-63.4922353807369,-57.8390248578396,-41.7854923984978,-75.7475002248053,-70.2486034933558,-37.9156611717864
31-Jan-2025 15:15:35,204,70,-0.0271907200415929,0.392229612668355,0.0951379105448723,0.550567714373271,-0.158069840073586,-0.816374305884043,0.0736352647344271,-110.14812031911,-129.642296710226,-69.7475828307719,-56.3678995165271,-55.6171155846388,-40.58630809268,-74.7596153660866,-65.7421102642853,-35.1739788675981
31-Jan-2025 15:16:26,204,71,-0.0298074691245953,0.390518814325333,0.0994531249006589,0.541306042671204,-0.139751178026199,-0.824042769273122,0.0917108654975891,-104.781887595473,-132.555628954023,-71.2977697476683,-51.4276349645397,-52.7760267545785,-39.0086354236952,-76.699466954359,-61.0704343139489,-33.4559096282574
31-Jan-2025 15:16:50,204,72,-0.0336720978220304,0.387089782953262,0.100920511285464,0.53147349357605,-0.131223945816358,-0.830024107297262,0.106658829748631,-95.9985875672847,-124.267392852906,-65.0998986752624,-40.2294060686637,-27.2753481460878,-20.4417185731267,-72.003186766127,-49.2661670029796,-26.9246469213405
31-Jan-2025 15:17:14,204,73,-0.0311423992117246,0.382193515698115,0.100083054602146,0.53019061088562,-0.11382287889719,-0.832930560906728,0.110313022136688,-89.8567538868213,-121.328372579331,-62.3779986082053,-31.2271950008433,-13.9198746483826,-10.7801796317666,-72.9888406896427,-46.7206040116937,-22.1867874806355
31-Jan-2025 15:18:13,204,74,-0.028444063787659,0.385251541932424,0.0968904127677282,0.532710003852844,-0.106248366832733,-0.832888368765513,0.105963784952958,-94.3783434727109,-131.219448080716,-67.0160871849414,-44.6797193074518,-49.9545958113111,-37.7118849081549,-76.3034896905339,-52.7564054453888,-30.80339501613
31-Jan-2025 15:18:44,204,75,-0.0250267633547386,0.385714733600616,0.0996726373831431,0.52754514614741,-0.103414961695671,-0.833987514177958,0.124363664289316,-93.4852996455315,-124.185327538987,-63.4481685130147,-37.6437480710743,-28.9506182519352,-21.7199346618452,-79.576122219362,-55.6318829590047,-30.9808533681775
31-Jan-2025 15:19:38,204,76,-0.0185569956898689,0.389327239990234,0.0948734000325203,0.531119334697723,-0.0891395434737206,-0.832879463831584,0.127586248517036,-97.0099391118177,-131.563608975701,-68.3772462167565,-47.8885290632037,-51.5772913314081,-40.1411566541867,-85.1527465121587,-61.9521985125811,-37.3637371285015
31-Jan-2025 15:20:13,204,77,-0.0117847497264544,0.390430951118469,0.0977951109409332,0.526338279247284,-0.0832694803675016,-0.833042808373769,0.148572876056035,-96.6684202248367,-124.998091401637,-64.8048221083327,-39.8486861695867,-31.6692897303045,-24.0939647658536,-89.7063666869395,-67.0699330861376,-37.9993335929637
31-Jan-2025 15:21:07,204,78,-0.00712400473033388,0.394404437144597,0.0950060407320658,0.53343411286672,-0.0749004696806272,-0.829801976680756,0.145830931266149,-99.7188221612221,-133.210674322183,-70.706647093826,-51.2415313330962,-55.2939507889134,-41.6625659371832,-95.1734848027124,-74.7363771696843,-44.7612864094951
31-Jan-2025 15:21:42,204,79,-0.000323408778058365,0.395928663015366,0.0972719356417656,0.530406912167867,-0.0672518655657768,-0.828886731465658,0.164597954352697,-99.7401845092907,-125.937307490034,-65.8955966262779,-41.9757205251693,-35.5849431773779,-26.0890636383443,-99.8223518889815,-80.527176008226,-45.361417402061
31-Jan-2025 15:22:39,204,80,0.00468912934884429,0.401026223103205,0.0917916884024938,0.538820250829061,-0.0597062105933825,-0.823879249890645,0.165320726235708,-104.172027063201,-133.345965781538,-70.8781084322091,-57.4055817315239,-58.4091012307708,-43.594509604421,-106.462093460499,-88.6051522242653,-52.9306374826442
31-Jan-2025 15:23:13,204,81,0.0118198019762834,0.402706778049469,0.0943209856748581,0.534062298138936,-0.0536411538720131,-0.822494502862295,0.188156505425771,-103.684109720032,-126.120636634869,-66.4324013748799,-45.5832789450196,-39.1248421166273,-28.2894297029556,-110.72227227464,-94.6767171290533,-53.184402107236
31-Jan-2025 15:24:08,204,82,0.0179706345001856,0.407646836837133,0.0893189052740733,0.540347107251485,-0.0358414861063162,-0.818443044026693,0.192071404059728,-106.961312428323,-131.528313769113,-71.4475848859206,-60.4098941620854,-61.6363744187162,-45.1040868677191,-118.892669710093,-102.295076378216,-60.1304390038321
31-Jan-2025 15:24:43,204,83,0.0250905567159255,0.409148788452148,0.0937920292218526,0.535572326183319,-0.0335580207407475,-0.81663898229599,0.212454525629679,-106.496075162345,-125.477494043813,-69.2682136811462,-47.7609683809367,-42.7208024289208,-30.3536125655971,-121.743176456202,-108.586832799565,-60.3726120364304
31-Jan-2025 15:25:28,204,84,0.0304769118626912,0.412875298659007,0.0894799212614695,0.53902884721756,-0.0149184863393505,-0.815363089243571,0.21073305606842,-107.609617909232,-123.222425888741,-73.3915651184641,-63.2992721006804,-64.0666782931836,-32.7455725300323,-128.083737857639,-116.240287807009,-66.6378531370298
31-Jan-2025 15:25:56,204,85,0.0363044455647469,0.414921508232752,0.0902229979634285,0.537161564826965,-0.0117682277535399,-0.81185929775238,0.228480711579323,-108.837550662551,-121.740233518784,-68.5162778768284,-49.5811905708706,-46.0682780844752,-25.2587496277462,-132.49432658674,-122.549592107498,-67.4396282716298
31-Jan-2025 15:26:29,204,86,0.0473453546563784,0.415894856055578,0.0797891144951185,0.559432935714722,-0.00546930385753512,-0.795144379138947,0.23398788968722,-106.423260146374,-112.905985013458,-61.8569731865322,-64.0983210682061,-35.243228887074,-20.539828720775,-136.378601426258,-124.944836810466,-71.9732272059864
31-Jan-2025 15:27:29,204,87,0.0531714665393035,0.416934233903885,0.073236919939518,0.571646610895793,-0.00211461790216466,-0.785027905305227,0.238635490338008,-108.687567131806,-113.302455454411,-60.7480088264976,-65.0013552531534,-66.0696106714304,-46.3137120971232,-138.917883097692,-127.491543836696,-78.4409596488431
31-Jan-2025 15:27:59,204,88,0.0587780267000198,0.415594478448232,0.0717661321163177,0.578903329372406,-0.00557694289212426,-0.772659409046173,0.260455938180288,-104.216172868041,-100.464285368502,-53.7142146315937,-48.1473412819066,-44.5967079466651,-30.6339976151315,-140.484668185084,-124.938982024556,-71.62575884595
31-Jan-2025 15:28:23,204,89,0.0665157114466031,0.416344471772512,0.0633201842506727,0.592227876186371,0.00511666679133972,-0.755178844928741,0.280971415837606,-100.876927979679,-90.1587950191639,-48.3680055192552,-39.2898032325625,-33.6491629673391,-22.6524842039697,-144.265204980455,-131.836785793232,-68.444091420182
31-Jan-2025 15:29:22,204,90,0.0690381864706675,0.417136373122533,0.0580558493733406,0.591974767049154,0.0352150604128838,-0.758291510740916,0.270776257912318,-99.8287577790178,-85.8446445381103,-48.7405889481994,-61.8805031441698,-65.9142968607332,-44.6950713282227,-145.852617629816,-134.909772352315,-76.3791906829763
31-Jan-2025 15:29:45,204,91,0.0760229190190633,0.416602649291356,0.0567195509870847,0.604879609743754,0.0286671999841928,-0.74036686817805,0.291814529895782,-96.4761249222071,-74.701163991199,-41.622568647785,-45.0703220362529,-43.5107701904866,-29.1747087201833,-148.368468206171,-129.020350306603,-70.597673290052
31-Jan-2025 15:30:07,204,92,0.0746060624718666,0.41584088007609,0.0530877875785033,0.606109515825907,0.0376813362042109,-0.733874440193176,0.304367623726527,-93.4712607373215,-65.1680184113589,-36.0092464826912,-36.0847004185739,-32.17291323842,-21.2728712459977,-150.898537746024,-126.149723958492,-67.7828475692684
31-Jan-2025 15:31:20,204,93,0.0750889837741852,0.418443651994069,0.0531562149524689,0.597378941377004,0.0625999793410301,-0.7426207502683,0.296199409166972,-93.0402808883986,-78.4900403150543,-43.0732733852577,-60.7863585460137,-64.6178911454438,-46.2802963387389,-155.385716767626,-135.588495459182,-75.451367684555
31-Jan-2025 15:32:23,204,94,0.0785065904259682,0.42034010887146,0.0535772666335106,0.597186736265818,0.0693694497148196,-0.740912087758382,0.299341279268265,-92.771243207457,-78.6396459605175,-44.4009748216544,-62.0566565460132,-66.7542864820127,-46.1173527149435,-158.676450530101,-138.131965884273,-79.6615607178767
31-Jan-2025 15:33:24,204,95,0.0808863128225009,0.421887636184692,0.0512627887229125,0.606366701920827,0.0717206070820491,-0.730419751008352,0.306043442090352,-91.9081766105061,-79.1780434768651,-31.3855135249663,-62.2612744822924,-65.7363905333538,-46.71922473288,-161.293961663014,-140.527785771564,-79.892590210216
31-Jan-2025 15:33:46,204,96,0.082408362130324,0.420002289613088,0.0512519799172878,0.606034215291341,0.0796682621041934,-0.720217796166738,0.328118604421616,-87.1480955555505,-51.1108369286542,-22.5984708617357,-42.6580523867112,-41.7663489420805,-29.0285045716821,-163.049861481146,-132.124780389955,-72.3590379320642
31-Jan-2025 15:35:00,204,97,0.0745885928471883,0.417367877562841,0.051830958823363,0.590803194046021,0.0920585552851359,-0.737844554583232,0.31314892967542,-85.2453098133271,-73.1247019802974,-40.50388059339,-59.7053113630255,-64.3531150418218,-43.9567348391675,-159.938510428646,-136.320196074824,-73.0159178812206
31-Jan-2025 15:35:56,204,98,0.0755030706524849,0.41493013103803,0.0512103905280431,0.591555456320445,0.0940501218040784,-0.742177124818166,0.30064906279246,-82.6307704566025,-71.8246660158012,-39.2163949834087,-59.1631103313747,-62.9768447309095,-43.2493170618695,-155.936756547451,-136.015905442467,-73.1191523877541
31-Jan-2025 15:36:49,204,99,0.0766382108132044,0.412478739023209,0.0514075060685476,0.590595455964406,0.0962512537837028,-0.746296536922455,0.291503340005875,-79.2103542926273,-68.8426795432351,-38.3074617026097,-57.7761792957413,-61.5440562146703,-41.9240752621798,-151.864801251909,-135.486761651499,-72.2705641729763
31-Jan-2025 15:37:42,204,100,0.0763763134678205,0.40993169148763,0.0523196578025818,0.586802983283997,0.0977365588148435,-0.751270433266958,0.285836686690648,-76.3619997250268,-66.369717816634,-38.4128045864018,-56.4918832581167,-59.4830085957679,-40.9649214512942,-147.982745249193,-134.470191281224,-71.1710645975428
31-Jan-2025 15:39:18,32,1,0.000841907415694247,0.312696264187495,0.0402410017947356,0.588808739185333,0.00644822170337041,-0.808112887541453,-0.0147070872907837,-5.77500000000001,-12.75,-4.87500000000001,-5.77500000000001,-9.525,-5.17500000000001,-7.42500000000001,-7.50000000000001,-5.47500000000001
31-Jan-2025 15:39:50,32,2,0.0005231474157578,0.31906690398852,0.0406431486209234,0.589254613717397,-0.00468211391319831,-0.807910982767741,-0.00608097032333414,-13.6667796213611,-18.1199149569578,-8.39217478916893,-9.62760187279432,-14.9617371078548,-8.40683763729713,-13.6183015974863,-11.847158248356,-8.85579494901363
31-Jan-2025 15:40:22,32,3,-0.0010069649006861,0.323571107784907,0.0411799145241578,0.588263563315074,-0.0159806561966737,-0.808510752518972,-0.00100224638590589,-21.5398092427222,-21.7648299139156,-12.8280995783378,-12.7864537455886,-19.6297242157095,-11.7699252745942,-18.2178531949727,-14.394316496712,-10.6053398980272
31-Jan-2025 15:40:56,32,4,-0.00268091399533053,0.328600712617238,0.0428199457625548,0.587850288550059,-0.0241291556507349,-0.808562215169271,0.00877469399323066,-28.5784638640833,-25.6722448708735,-16.8233993675068,-16.8734306183829,-22.8633363235643,-14.1486379118914,-23.520529792459,-16.791474745068,-11.8392598470408
31-Jan-2025 15:41:28,32,5,-0.00527584354082743,0.333037271102269,0.0447354257106781,0.586719719568888,-0.0373479602237542,-0.80884329477946,0.0117333794633547,-35.2749309854444,-29.4109098278313,-20.5233866566757,-19.0994699911772,-25.979760931419,-15.7351630491885,-27.8997688899453,-18.363632993424,-12.6653672960544
31-Jan-2025 15:42:00,32,6,-0.00655923200150331,0.3376333852609,0.0468722050388654,0.584202468395233,-0.0498991956313451,-0.809797171751658,0.0211219632377227,-41.7253043568055,-33.3651997847892,-23.3257176958446,-22.4950406139715,-27.9125917892738,-17.3755944364856,-33.2422892374317,-19.14829124178,-13.887568495068
31-Jan-2025 15:42:31,32,7,-0.00699498771379391,0.341158316532771,0.0481598846614361,0.58424901564916,-0.0309338040649891,-0.810756162802378,0.0192521091550589,-42.5776308531666,-39.9773022417471,-25.9042206100135,-28.3503768617658,-29.4786257721286,-18.7429789487827,-38.316450209918,-21.339199490136,-14.4078165690816
31-Jan-2025 15:43:02,32,8,-0.00821495683242877,0.345152519146601,0.0489030038317045,0.583719841639201,-0.027616273611784,-0.811162666479747,0.0228837658961614,-45.5809339120277,-43.8683109487049,-28.5208094616824,-32.0605959220601,-32.2862613174834,-20.1988400235798,-43.3314314949043,-23.183232738492,-15.3270880805952
31-Jan-2025 15:43:34,32,9,-0.00905863245328267,0.348956815401713,0.0509053933123748,0.582427589098612,-0.0216225421677033,-0.812044235070546,0.0299127517888943,-48.5347252521389,-50.4487727806627,-30.8564412821013,-36.0482563886044,-34.8146976440882,-21.8489393796269,-47.8668229361407,-24.778828486848,-16.6708713108589
31-Jan-2025 15:44:06,32,10,-0.00924416153381268,0.353752619028091,0.0514876527090867,0.581708264350891,-0.027811923250556,-0.812341201305389,0.0307203906277815,-54.838760732875,-53.6489611751206,-33.2015945868952,-39.5746375582737,-37.128534361318,-23.821157876299,-52.612419455502,-28.125205485204,-18.3769104004974
31-Jan-2025 15:44:41,32,11,-0.00978967590878407,0.358207573493322,0.0544557752708594,0.58050415913264,-0.0342207166055838,-0.812637368837992,0.0382675910989443,-60.6429182839236,-57.5590128508284,-38.9265086338766,-42.5703790795054,-40.0100712738603,-25.4294359432837,-57.3881185139258,-31.89697310856,-20.1140774198235
31-Jan-2025 15:45:18,32,12,-0.00693252958978216,0.362324853738149,0.0545484719177087,0.580507095654806,-0.0401968729992708,-0.811963641643524,0.0459434149165948,-65.996466557342,-59.2685320681316,-38.4753984269758,-45.4021476031734,-40.7848476146345,-25.4472641125715,-63.4073045300749,-35.188986125115,-22.8824123547362
31-Jan-2025 15:45:55,32,13,-0.00129984475206584,0.364956072966258,0.0528828640778859,0.581549767653147,-0.0210584332545598,-0.81142699321111,0.0542463300128778,-65.8625453483385,-59.6930171057472,-36.7317284056219,-48.701256214732,-42.8640490042368,-25.4866071744375,-68.5340161809896,-40.34984679792,-26.1085292720707
31-Jan-2025 15:46:32,32,14,0.00321937192541858,0.367897520462672,0.0506415650248528,0.581640791893005,-0.00402713380753994,-0.811542296409607,0.0554696934918563,-66.134889398124,-57.8999850535191,-36.5917784770414,-52.9090348702358,-45.2204629182532,-25.9117076825926,-73.889490649287,-45.54513129885,-29.9385371806161
31-Jan-2025 15:47:09,32,15,0.000829064729623497,0.370057173569997,0.0459878000120322,0.584938633441925,0.0226049963384867,-0.809543073177338,0.0444508862992128,-64.8625782740806,-56.6573069305254,-35.3267999438181,-59.5991417184377,-46.9083453642917,-26.969673160692,-76.513831145172,-43.0303612699398,-27.675412474708
31-Jan-2025 15:47:46,32,16,0.000554779063289364,0.372925023237864,0.043326918532451,0.588433229923248,0.0461913506189982,-0.806888628005981,0.0233122608313958,-64.2918334647344,-54.4477495350708,-34.6877514337882,-67.0414160776259,-46.3030309414339,-27.7115780003638,-78.4828623454028,-43.1866971980608,-25.8632605166026
31-Jan-2025 15:48:26,32,17,0.000376578028469036,0.374405493338903,0.0400668558975061,0.590207163492839,0.0654137204090754,-0.804530123869578,0.0103870644544562,-62.9468718127369,-54.6047525033857,-32.9366679353549,-72.3097741923073,-50.3261180841277,-28.9704525208216,-80.1992388978063,-43.3285861046974,-26.9765949323985
31-Jan-2025 15:49:06,32,18,0.00151469428092241,0.375671744346619,0.0374254132310549,0.590697876612345,0.0987201874454816,-0.800800506273905,0.0069942124808828,-58.5148017394136,-54.9700356535854,-32.05456694272,-77.0911741847353,-51.2634060095975,-30.0378118816726,-83.2142881262963,-43.4632515005919,-26.5526725351452
31-Jan-2025 15:49:48,32,19,0.00192288381513208,0.377080561717351,0.035478862375021,0.589984659353892,0.124838613470395,-0.797681868076324,-0.006090366281569,-55.4641774554276,-56.4894588947274,-30.5569572029843,-82.3040951160365,-52.5327943264552,-30.7094136627201,-84.5536736928295,-44.0443051411152,-27.4601217313671
31-Jan-2025 15:50:34,32,20,0.000551718531642109,0.376399922370911,0.035173952827851,0.588350288073222,0.128775071104368,-0.797201418876648,-0.0416035167872906,-54.13763066203,-55.272930077019,-30.3017160643313,-86.6248396511924,-51.1085926328796,-29.0974505775962,-80.2185175729448,-44.3091191102091,-27.4701738542488
31-Jan-2025 15:51:20,32,21,-0.00116698186999808,0.374289647738139,0.03500751927495,0.588104446729024,0.127438482642174,-0.7969517827034,-0.0525404957433542,-52.3314453159666,-53.8574362820461,-30.0800977389031,-86.5159644210666,-49.767416037151,-28.7365480975215,-76.364445537571,-40.8980301404602,-25.8255688754993
31-Jan-2025 15:52:03,32,22,-0.000979779144593825,0.371530818939209,0.0328597314655781,0.587884124120077,0.126618472735087,-0.796033755938212,-0.0684857959548632,-47.1354406935705,-51.4424599984411,-26.3502908200873,-85.7672793083,-48.317751990346,-26.6761759199713,-71.6259155444525,-39.6989897012899,-24.7036353459342
31-Jan-2025 15:52:52,32,23,-0.002642387462159,0.369835539658864,0.0347013021508853,0.587498490015666,0.127678754925728,-0.795952626069387,-0.0707329293092092,-45.1195264330079,-52.27774247052,-27.2413896045777,-84.548689254213,-47.7138442180029,-25.4160688936834,-69.3701565724617,-37.8809735274089,-23.9930375409614
31-Jan-2025 15:53:42,32,24,-0.00361215872690082,0.36835343837738,0.0360938427348932,0.58699593146642,0.125400812427203,-0.79618456363678,-0.0761615465084712,-43.7936573533621,-52.5631543204408,-27.5179412407212,-83.8451467294657,-46.1828145828908,-24.4060944430267,-66.4057831110348,-37.4784694861726,-23.4881075982846
31-Jan-2025 15:54:30,32,25,-0.00621140049770474,0.368848182757696,0.039081642528375,0.587162518501282,0.101458025972048,-0.797819034258525,-0.0918220395843188,-48.4151867384367,-56.0107043396084,-31.1364592373184,-84.3885107681256,-45.0694029617983,-25.0299789473521,-62.7170613257557,-38.2308233523918,-23.4402657017868
31-Jan-2025 15:55:17,32,26,-0.0103021093954643,0.368694361050924,0.0422787576913834,0.588015643755595,0.0757637922962507,-0.799355999628703,-0.0976087003946304,-54.2592274187406,-59.0957867032365,-33.7763404468289,-83.2981366891205,-45.2617108750132,-25.3413965955853,-59.5261859181176,-34.9870552517721,-23.1813407708629
31-Jan-2025 15:55:58,32,27,-0.0141597171624502,0.367300707101822,0.0458930614093939,0.58897796869278,0.0595621700088183,-0.79825603167216,-0.111106466750304,-54.7895237466591,-62.5996352390948,-35.926903262796,-81.9158935512828,-44.0818785553822,-25.2715808157724,-52.0842336993,-34.095226167733,-22.2918743227261
31-Jan-2025 15:56:39,32,28,-0.0192368676265081,0.365018926064173,0.0468242727220058,0.590337951978048,0.0572889258464177,-0.794876368840535,-0.12802603940169,-51.7629478983849,-67.5878668610682,-37.4578068819915,-81.212715884029,-45.5909761193282,-26.5111483219364,-47.0917430748926,-31.2293665919841,-21.9871371159828
31-Jan-2025 15:57:23,32,29,-0.0216095361858606,0.365218106905619,0.0465218978623549,0.589504985014598,0.0357881469031175,-0.795194880167643,-0.137361668546995,-55.5829359620143,-71.6682900260992,-39.3538809028011,-80.4740709520669,-48.8195386250627,-28.4804074710889,-43.3239832476903,-31.8764917703804,-22.6497645299363
31-Jan-2025 15:58:08,32,30,-0.0259032629430294,0.364793056249619,0.045626807709535,0.589967183272044,0.0149604386960467,-0.794034032026927,-0.14568753739198,-57.4262059815956,-74.769808962659,-41.5075401244178,-79.5676923877508,-54.4828336016914,-30.6645124417357,-39.4185888190906,-30.9051093258494,-23.4960742542381
31-Jan-2025 15:58:54,32,31,-0.0299269073953231,0.365125077962875,0.0450957057376703,0.588357496261597,-0.00695231985300779,-0.793457678953807,-0.155602264404297,-61.5811169791527,-77.9068757849832,-44.314991946438,-78.9524470072577,-57.6134948137673,-33.6310403231295,-35.0693770897922,-31.6744730698546,-23.1592251337141
31-Jan-2025 15:59:43,32,32,-0.0333789549767971,0.36630864739418,0.0441979731122653,0.587014365196228,-0.0192439743628105,-0.794787005583445,-0.152831515669823,-64.2668484656978,-80.6117165501896,-47.97434006866,-78.332768218676,-62.1028391435667,-38.0387796598969,-33.5732567101444,-31.9642099081281,-23.1307965907772
31-Jan-2025 16:00:10,32,33,-0.0401303725938002,0.363839346170425,0.0414377485712369,0.587533231576284,-0.0216187247385581,-0.794036507606506,-0.154412961006165,-58.417990196737,-80.5504442868371,-43.8846363409829,-72.8358727260501,-66.2215250322279,-36.6421247243512,-24.5036820053219,-10.6391332935352,-9.00657833663396
31-Jan-2025 16:00:57,32,34,-0.0356252317627271,0.367352968454361,0.0441001005470753,0.584831070899963,-0.0420708894729614,-0.797309406598409,-0.143179747462273,-67.5473241397655,-82.6769905214659,-49.6469720145707,-75.7536019043317,-67.7966924476905,-39.2053058464181,-32.8125805900648,-32.4071889046043,-23.0508625230188
31-Jan-2025 16:01:35,32,35,-0.0364876853923003,0.369754282633464,0.0479201150437196,0.583406925201416,-0.062101603547732,-0.800601136684418,-0.121727447708448,-73.6805106439176,-84.674508498955,-54.2595447256838,-73.4395269066022,-69.9166952528684,-40.3548884004068,-36.4531155935141,-35.1590411524569,-24.1586992816022
31-Jan-2025 16:02:13,32,36,-0.0359129483501116,0.372779190540314,0.0498891909917196,0.580483571688334,-0.0822326386968295,-0.802578783035278,-0.110199467837811,-79.7406234286314,-86.9825123478742,-57.0972359555594,-73.4595498208671,-72.3091157529041,-41.9226716703562,-39.5594688063165,-37.8527917187013,-25.4733123262848
31-Jan-2025 16:02:55,32,37,-0.0343725174665451,0.376528016726176,0.0486422243217627,0.575578371683756,-0.100698596735795,-0.804701534907023,-0.104999113579591,-86.6112671644219,-88.8574453559368,-54.7962385913027,-75.4396216249463,-74.3331018842935,-43.9526427250207,-42.8166045618133,-39.721581791863,-27.1487677226498
31-Jan-2025 16:03:36,32,38,-0.0314752921462059,0.379656440019608,0.0446955998738607,0.570666865507762,-0.116558060546716,-0.806885786851247,-0.0984322731693586,-93.6136424703528,-86.984999831857,-50.0640208567367,-77.2532179070241,-76.6876924393973,-45.2996639586754,-46.0526948696483,-41.0133464446227,-28.2759171905396
31-Jan-2025 16:04:14,32,39,-0.0283340541025003,0.381318444013596,0.0395214351514975,0.564142044385274,-0.135550509889921,-0.809106230735779,-0.0933648367722829,-98.7318835613539,-82.1138650417059,-46.516192937016,-77.3335764281012,-79.0575852063584,-47.1302102818252,-47.5532624536525,-42.0165983871814,-28.9789136941918
31-Jan-2025 16:04:52,32,40,-0.0256914580861727,0.383713654677073,0.0351558824380239,0.557900087038676,-0.157502720753352,-0.809598155816396,-0.0921478882431984,-104.78305754489,-75.2183856185192,-43.185559924718,-78.4973160686779,-81.135129079248,-48.3025191497225,-48.7860686757412,-43.5505939746396,-28.9448337157252
31-Jan-2025 16:05:31,32,41,-0.0230392672121525,0.38638655145963,0.0310499485582113,0.551047098636627,-0.17653853793939,-0.810009026527405,-0.0952188720305761,-111.075697974694,-69.5607338788147,-40.7135243661313,-80.8027462690045,-83.366498505102,-49.7457092899936,-50.1099942168723,-46.1749613845477,-29.6672154961992
31-Jan-2025 16:06:10,32,42,-0.0235889837145805,0.38991925517718,0.0292927511036396,0.544684449831645,-0.196849340200424,-0.809821363290151,-0.093587205807368,-118.539071627631,-67.8219959808513,-40.0207875344003,-82.854021749206,-85.9747807074381,-51.3243400664516,-51.5544794175245,-47.6195147056806,-30.2428281561435
31-Jan-2025 16:06:51,32,43,-0.0257311108211676,0.391006857156754,0.0271774026254813,0.540071181456248,-0.198685592412949,-0.809650393327077,-0.115383909642696,-119.820006381936,-67.7549818360415,-39.1161538470974,-86.3211033533231,-88.3109862660829,-50.5452450098958,-49.2923477319358,-46.9973646310145,-30.9239784449763
31-Jan-2025 16:07:32,32,44,-0.0259994537880023,0.391939723491669,0.0238057644416889,0.539875678221385,-0.182638571659724,-0.809280117352804,-0.142278443773588,-118.131124442024,-65.6301961516669,-39.3313448415085,-92.0496462774089,-90.2164200188483,-49.5750101123867,-47.6228559612275,-46.7927610341547,-31.3434364536766
31-Jan-2025 16:08:13,32,45,-0.0249949044237534,0.392767586310705,0.0216372065246105,0.540851565202077,-0.163080782691638,-0.806994986534119,-0.172172456979752,-116.007334155003,-65.10152469751,-38.8314481767765,-99.058919861479,-89.881467868674,-48.884205294401,-45.4996841479593,-47.696930676198,-31.1820483223106
31-Jan-2025 16:08:56,32,46,-0.0244036852071683,0.394383271535238,0.0200903857747714,0.539089743296305,-0.139582697550456,-0.804224193096161,-0.207659207781156,-113.516089694428,-65.5959103584619,-38.4240076824731,-106.933558775541,-89.1013227670297,-48.1831155161769,-44.1996723134112,-48.5554869376928,-31.6302371209116
31-Jan-2025 16:09:38,32,47,-0.0226458425323168,0.395622626940409,0.0196354314684868,0.537123723824819,-0.1135713438193,-0.800834981600444,-0.239296971758207,-110.991118147077,-64.8018245769682,-38.1377952733838,-115.0908803546,-87.5735811896506,-47.6268832578337,-43.0862404682231,-49.1662365089135,-32.308214384496
31-Jan-2025 16:10:20,32,48,-0.0233584663520257,0.394897371530533,0.0210713213930527,0.539652379353841,-0.10267678151528,-0.798708657423655,-0.245555080970128,-108.200339268267,-64.7728381074932,-39.1645974487725,-116.455988324417,-86.4070444976533,-46.1833143463056,-42.3793328603687,-48.0804129874975,-31.0624840320725
31-Jan-2025 16:11:02,32,49,-0.0226151173313459,0.393272813161214,0.0202876170476278,0.541264426708221,-0.093390566110611,-0.798875025908152,-0.245172867178917,-105.363628617763,-62.6967337774068,-37.7467066454647,-115.641766960483,-84.9036086867223,-44.9634598147477,-41.8690702498544,-46.482637793513,-30.1367007958947
31-Jan-2025 16:11:47,32,50,-0.022015006095171,0.391382912794749,0.0213393161694209,0.543197437127431,-0.0844851339856783,-0.797284766038259,-0.249270523587863,-102.653952081412,-63.0470705170147,-37.2814693528087,-115.312880929673,-83.0067233163244,-43.7054624731749,-40.10713013801,-45.9788867632444,-29.82089111784
31-Jan-2025 16:12:28,32,51,-0.018162935351332,0.389006668329239,0.02300329344968,0.545364916324615,-0.0679195115963618,-0.795330695311228,-0.255759956439336,-95.8077926021369,-61.1606277914698,-33.8425588154787,-115.376662565426,-78.2131131661931,-38.9783937265947,-38.4693512755007,-45.7221478148338,-31.1600682188466
31-Jan-2025 16:13:12,32,52,-0.0196818932890892,0.386111623048782,0.029106026267012,0.554336794217428,-0.0497883088886738,-0.789074599742889,-0.259986857573191,-90.9433916514004,-63.0307953333484,-36.7918116558116,-114.21177803446,-70.5461406261951,-35.8167892775107,-35.9186530376591,-42.813914907352,-27.9267387093841
31-Jan-2025 16:14:04,32,53,-0.0216841507703066,0.384532930453618,0.0338691972196102,0.564867877960205,-0.0368520801266034,-0.783807981014252,-0.255365027983983,-87.219869964933,-67.0792680089388,-40.1601461849759,-113.107560420135,-69.3174868912638,-33.5879169771749,-35.7614951121514,-41.5799350203347,-26.9821558946868
31-Jan-2025 16:14:56,32,54,-0.021557858089606,0.38390044371287,0.0338996494809786,0.567484951019287,-0.0308297658960025,-0.782983672618866,-0.252877370516459,-84.2917879106001,-69.7418932513851,-38.0380215585559,-112.55867626413,-69.2829925588657,-31.6754107512132,-35.7511073428107,-40.2080816435497,-29.1319464273724
31-Jan-2025 16:15:39,32,55,-0.0210457121332486,0.380489220221837,0.0280451570947965,0.566377957661947,-0.00991090871393681,-0.784975119431814,-0.25086238582929,-77.5304622417201,-64.6320733609132,-34.0698885481682,-109.616735062555,-68.4643153944346,-32.7319381977861,-33.9661565960897,-37.8571105418552,-25.712815045734
31-Jan-2025 16:16:10,32,56,-0.0256235091636578,0.375876206159592,0.0241378692289193,0.569259556134542,0.00456337714567781,-0.783889997005463,-0.247869343558947,-71.2304964808737,-61.0132916121552,-34.8416407488845,-102.61362722556,-69.5191780806368,-34.6175571629525,-29.96789838841,-15.7841710677182,-11.5547770009413
31-Jan-2025 16:16:57,32,57,-0.021789908905824,0.375492604573568,0.019919249167045,0.567716002464294,0.00950906543682019,-0.790542646249135,-0.2294569114844,-70.7862106740441,-60.5400289342543,-33.4083355551527,-102.729936070855,-74.2108106921557,-38.8677218874156,-33.0379864502513,-35.7502474073608,-24.8022856245713
31-Jan-2025 16:17:39,32,58,-0.0225670346369346,0.374642918507258,0.0144048366695642,0.565848982334137,0.0213657797624667,-0.792086187998454,-0.227942890922228,-67.0447648442229,-58.7895257917818,-32.5225016641968,-102.280953257295,-77.3458282663329,-43.1751594915272,-32.5922476468532,-34.885831653893,-25.2775675824128
31-Jan-2025 16:18:18,32,59,-0.0225069212416808,0.372008240222931,0.00792918062458436,0.564432303110758,0.0298308348904053,-0.794567267100016,-0.22178639570872,-61.0547390029059,-54.9754024170236,-30.035403424629,-99.6743246143075,-81.1275383218393,-46.6862335354629,-30.5385954108354,-33.9561698538698,-24.99173620736
31-Jan-2025 16:18:57,32,60,-0.0222830507904291,0.370313433806101,0.000856078691625347,0.564924057324727,0.0462989086906115,-0.796295428276062,-0.211260162790616,-54.840423155841,-51.7044689261224,-28.0976730107552,-97.2638730566063,-84.6325946180102,-50.9241257993107,-30.8309864585077,-33.7438850305689,-24.25034816586
31-Jan-2025 16:19:37,32,61,-0.0213016739736001,0.36946422457695,-0.00555396728838484,0.568822308381398,0.0838597615559896,-0.792502311865489,-0.203344203035037,-47.3139623059022,-48.6301303771499,-26.8846265097283,-97.0515100415483,-87.7743240345135,-53.8754271731145,-33.3463991480251,-33.3652886956293,-24.1811817911365
31-Jan-2025 16:20:18,32,62,-0.0214433198173841,0.36808309952418,-0.00963262884567181,0.576730318864187,0.103667399287224,-0.790342370669047,-0.178869233528773,-41.5314289545264,-47.2290892991416,-26.708921965125,-92.6131912978118,-90.7343900111829,-55.8084331018964,-36.373322658465,-33.0535366048703,-24.3731262498012
31-Jan-2025 16:20:59,32,63,-0.0206699299315612,0.367679729064306,-0.0142083972071608,0.585739632447561,0.134962298472722,-0.782039856910706,-0.16464490989844,-35.1208593524322,-45.6146969566154,-26.2268883987334,-92.1368946897362,-94.0536242679353,-57.6822913081673,-39.8060015793662,-33.5252066362015,-23.9456261251601
31-Jan-2025 16:21:32,32,64,-0.0167989722142617,0.365692585706711,-0.0158946581184864,0.593093013763428,0.145720662673314,-0.780403912067413,-0.134074493249257,-24.8712716249787,-33.6186289818304,-18.6166903214477,-86.2916091494909,-96.0524426647293,-53.5265756531827,-42.991558205498,-31.3135877285779,-24.6334037088659
31-Jan-2025 16:22:04,32,65,-0.0151369879643122,0.364823345343272,-0.0145750780900319,0.60060996611913,0.145797960956891,-0.77882004181544,-0.107004581888517,-16.8271748348455,-25.806723190916,-13.6674099887149,-81.9618291431609,-98.6660531315441,-52.4310730675704,-45.8285536842451,-31.0603243514768,-24.6038201467453
31-Jan-2025 16:22:38,32,66,-0.0141078279664119,0.365081147352854,-0.014589205943048,0.608285407225291,0.146908495823542,-0.775969203313192,-0.0792374903957049,-9.6608235133726,-19.6368984919367,-9.97358852825864,-78.2398019037884,-101.737059633369,-52.6406770166443,-49.8412685892999,-31.4862387396371,-25.0405560117115
31-Jan-2025 16:23:01,32,67,-0.0217212879409393,0.363923176129659,-0.0158692979564269,0.609584939479828,0.140256127715111,-0.775177903970083,-0.0885077963272731,-12.3998779100247,-15.911964026646,-7.89498287119631,-75.2780794290612,-102.405287091808,-52.3626572260106,-46.6279808596531,-18.9887081686466,-14.566996192726
31-Jan-2025 16:23:49,32,68,-0.0193213680138191,0.367125451564789,-0.018612202256918,0.602149085203807,0.140942044059436,-0.778187716007233,-0.109433704614639,-30.2458686738418,-42.3350498343388,-6.8052419322031,-83.5682951460733,-104.575363558999,-58.4484140690485,-46.8211229865833,-31.9359720389715,-25.060016230512
31-Jan-2025 16:24:19,32,69,-0.0207892169555028,0.369709835449855,-0.0215660860141118,0.600218383471171,0.149257818857829,-0.775588174661001,-0.126186452309291,-26.2453276212415,-24.5071457785239,-5.30993335224444,-87.884479958955,-108.096364530567,-56.0160592289222,-46.9924800418019,-32.4056331299544,-26.161326196684
31-Jan-2025 16:25:08,32,70,-0.0232026666402817,0.371454634269079,-0.0197839979082346,0.597406351566315,0.126689931750298,-0.781872010231018,-0.125425218542417,-36.2215206604324,-46.353746790955,-28.4368409518029,-87.5886493197717,-111.542827754323,-61.3246485472137,-47.1529445611647,-35.4864928312661,-27.2917811270488
31-Jan-2025 16:25:50,32,71,-0.0236062632252773,0.372475862503052,-0.0215366347382466,0.5918558994929,0.114427153766155,-0.786141113440196,-0.136364212632179,-38.4860807455189,-47.2376003375092,-30.0498566411201,-88.5118109545558,-115.027022104172,-64.0537099447142,-44.8329628125997,-39.2729518377422,-27.8368085395101
31-Jan-2025 16:26:34,32,72,-0.0216694912562768,0.373644113540649,-0.0226464024434487,0.585252583026886,0.105457813044389,-0.790716699759165,-0.145345089832942,-40.2698243535533,-48.2150801511249,-30.3559263753166,-89.8944687263236,-118.005082017069,-65.5680073818191,-44.0477579300707,-44.3122104968006,-29.5891221930197
31-Jan-2025 16:27:16,32,73,-0.021463097507755,0.376514291763306,-0.021384458988905,0.588852957884471,0.102367685735226,-0.790252538522085,-0.135181394219399,-43.7144824668912,-50.8011396705826,-32.7841229446699,-91.2530521883899,-120.2791016437,-67.3816528313929,-47.8614581745486,-50.024192324983,-30.4754571650312
31-Jan-2025 16:27:58,32,74,-0.0193797618150711,0.379264946778615,-0.0187631120284398,0.592691512902578,0.101863360404968,-0.789377168814341,-0.123386965692043,-47.488936460966,-52.5856057568056,-34.848083025243,-92.7640096847022,-122.764087661093,-68.1041072908678,-52.6213526355356,-53.1618740663109,-31.9261136973047
31-Jan-2025 16:28:34,32,75,-0.0186344413707654,0.382554847002029,-0.0162781268358231,0.596937505404154,0.096928371489048,-0.788686700661977,-0.110651928683122,-52.1782883954093,-36.0442751264105,-37.6299248614261,-94.3511541981374,-124.754556873866,-68.8809662552933,-58.229344204777,-56.5124057642115,-32.4589310097092
31-Jan-2025 16:29:19,32,76,-0.017735343798995,0.386452972888947,-0.0139989202842116,0.595751527945201,0.0802959010004997,-0.792785898844401,-0.100614270567894,-59.9500893000369,-55.4900461377076,-38.3707075754142,-95.8263922201341,-126.72276768433,-69.685027472194,-63.2863843281457,-59.5193624403986,-34.6328287121792
31-Jan-2025 16:30:01,32,77,-0.015927654504776,0.389866938193639,-0.00954401840766271,0.596512019634247,0.070693605641524,-0.794871326287587,-0.0857640345891317,-64.9131146897565,-59.1793679698505,-40.7159607283047,-97.1706769964115,-127.77984929364,-70.1276898153324,-68.892948728578,-62.2795316057288,-36.802266609682
31-Jan-2025 16:30:44,32,78,-0.0145198347667853,0.392726469039917,-0.0062634963542223,0.595341801643372,0.0655372465650241,-0.796527540683746,-0.0825646877288818,-70.7217523220222,-61.890465212416,-41.5384491006464,-99.5744851498292,-128.531366302371,-70.5396527215896,-74.8492752675422,-64.4663070156307,-38.8944746047012
31-Jan-2025 16:31:16,32,79,-0.0106677900999784,0.39687256415685,-0.000355393441471582,0.594890356063843,0.0435814179480076,-0.799621379375458,-0.0693670695026716,-80.2531960755609,-43.0374501601922,-42.5745550827137,-101.458054991817,-121.105101010815,-64.4112659094063,-79.9304828757722,-66.0663855478184,-39.5230676484785
31-Jan-2025 16:31:59,32,80,-0.00949070447434982,0.399646939833959,0.00421115818123023,0.597396608193715,0.0461305759847164,-0.798730870087942,-0.0549388880530993,-84.3710428897361,-65.077378960575,-43.6424698696439,-103.68150567809,-125.114944569113,-67.2377042380027,-85.3241310186352,-67.973115641149,-40.994853216635
31-Jan-2025 16:32:41,32,81,-0.00864935802916686,0.403795152902603,0.00431465310975909,0.597578398386637,0.0360586454470952,-0.799763369560242,-0.0444793877502282,-90.3570912342296,-66.9887796872606,-45.9262890590054,-105.699896786506,-127.41784255234,-70.0415551369889,-90.7239994288146,-71.008171515051,-42.738235046981
31-Jan-2025 16:33:23,32,82,-0.00796305363376935,0.407211534182231,0.0058383629967769,0.597472810745239,0.0279222937921683,-0.800786475340525,-0.0314263418316841,-96.2272403438822,-71.1359163770977,-46.6430604495827,-107.015758105993,-128.94226774803,-71.63411232117,-96.2019779726524,-73.8573902792387,-44.6174150084218
31-Jan-2025 16:34:05,32,83,-0.0072127565741539,0.411066869894664,0.00854593235999346,0.598404665788015,0.0178521463026603,-0.800777006149292,-0.0186917634059985,-102.189439836114,-71.9759210485103,-48.7513079407678,-108.805354531015,-130.452456549953,-72.3960226479485,-101.419011583319,-76.6136904885693,-46.1144940354099
31-Jan-2025 16:34:48,32,84,-0.00992120535423358,0.413131793340047,0.00287762007986506,0.600151912371318,0.0383889436721802,-0.798461329936981,-0.0283465729405483,-100.62567358612,-72.8087696227435,-45.9921769366626,-113.478021851045,-132.731917958602,-74.2444834462204,-103.479206230438,-73.4049924654615,-44.1499316160564
31-Jan-2025 16:35:29,32,85,-0.0156884436806043,0.413837289810181,-0.00184103893116117,0.601554401715596,0.0464124547938506,-0.796650409698486,-0.0364189498126507,-99.3099199317707,-72.7398351923705,-45.7934149577093,-115.194122947458,-135.982820268808,-76.3352825301417,-103.336664644264,-66.7980648036395,-43.2523439630896
31-Jan-2025 16:36:11,32,86,-0.0176196159174045,0.414496972163518,-0.00697214867298802,0.601725721359253,0.0586785539984703,-0.79506432612737,-0.0485358749826749,-97.5931725752438,-72.5950092596944,-45.9748374913321,-117.756940932063,-139.044443029794,-78.5472507568876,-102.317754941444,-66.4420223224603,-42.9632436933163
31-Jan-2025 16:36:54,32,87,-0.0202479515224695,0.414677051703135,-0.0106734270229936,0.604685691992442,0.0775257378816605,-0.790490086873372,-0.0589104736844699,-92.7509283676281,-72.5622375758668,-46.2713522812429,-119.843117360765,-142.236426016169,-79.3198035550459,-101.5356611803,-65.0114224316025,-42.0783871151396
31-Jan-2025 16:37:36,32,88,-0.0214533718923728,0.414937184254328,-0.0166259632756313,0.604055710633596,0.0933034405112267,-0.78786260286967,-0.0753905902306239,-89.270935734468,-72.0604930164633,-44.4504131992978,-122.515973011514,-145.268589115239,-80.9476486389104,-99.5969753899949,-64.6935438359054,-42.8456523827614
31-Jan-2025 16:38:20,32,89,-0.0245182070881128,0.416230891148249,-0.0199957598000765,0.602581735452016,0.101917490859826,-0.786282122135162,-0.0909315034747124,-86.3970688885357,-72.0742620192721,-43.9707471814247,-125.557168273287,-147.620842270657,-83.6781398656279,-97.904993585109,-64.257025887789,-42.7889785732823
31-Jan-2025 16:39:04,32,90,-0.0273535247892141,0.416596392790476,-0.0244760612646739,0.605025259653727,0.119047250847022,-0.781012109915415,-0.098956206937631,-83.2262649362173,-72.1207878031871,-45.6617176955875,-127.057533340573,-150.608140454248,-87.484954163772,-97.3863637729327,-63.1611882634628,-41.8703352252528
31-Jan-2025 16:39:47,32,91,-0.0216513972729445,0.412402000029882,-0.0179191943258047,0.608339182535807,0.120478104551633,-0.780785564581553,-0.0760420595606168,-80.2179244115737,-70.5650339970739,-43.5373610527184,-121.526530862119,-146.023100304514,-82.368683141164,-99.1603664222705,-61.1222421518915,-41.7101663506187
31-Jan-2025 16:40:29,32,92,-0.0173240094135205,0.408365299304326,-0.0105405370394389,0.610588415463765,0.115603094299634,-0.78159867922465,-0.0540485988060633,-77.8103496103337,-68.3799693862373,-42.4431635428582,-115.947820835043,-139.459321411823,-77.8214928864127,-99.0902070697857,-60.0434661212675,-40.5470050913471
31-Jan-2025 16:41:09,32,93,-0.0154076524699728,0.404616512854894,-0.00570850679650903,0.612316234906514,0.114616138736407,-0.781487929821014,-0.03476554180185,-75.2531576707953,-66.330249373039,-40.5140455995025,-110.345257033656,-133.781173147655,-74.2338430155897,-98.8479667163896,-57.2697751311175,-39.5573476397567
31-Jan-2025 16:41:48,32,94,-0.0125866962596774,0.401125180721283,-0.00147736531216651,0.613114662965139,0.116540763278802,-0.78102988799413,-0.0223839780936638,-72.3211571621078,-64.5732016586598,-39.967467439399,-105.855766345114,-127.345840197747,-71.1259633367308,-98.1446858625379,-57.4736266612043,-38.4294420920068
31-Jan-2025 16:42:25,32,95,-0.00885989361753066,0.397787775595983,0.00307938808885713,0.612341936429342,0.118670309583346,-0.781609567006429,-0.00642066961154342,-69.3517523688458,-62.4374900936901,-39.1371591709217,-101.022812212994,-120.381914904969,-67.5079687538541,-97.8858847584583,-56.6162494514097,-38.6574124961773
31-Jan-2025 16:43:03,32,96,-0.00158792465614776,0.394407178958257,0.0094026359419028,0.611047399044037,0.114297710359097,-0.783140369256337,0.0157580445210139,-66.8136454332965,-60.2624466034253,-37.3399858482575,-96.3931263590847,-114.728693440757,-62.9599167189683,-98.0743235292648,-58.4532578716743,-38.5133208763079
31-Jan-2025 16:43:41,32,97,0.00261267957588037,0.391703947385152,0.0124288795515895,0.610935743649801,0.113536851108074,-0.782718320687612,0.0349136975904306,-64.6411874266035,-59.4927371505128,-36.2593799984997,-90.8900746442813,-108.905823890827,-59.1468359580781,-98.2613822375144,-63.1374591069685,-38.3331982444186
31-Jan-2025 16:44:16,32,98,0.00995568875223398,0.388572796185811,0.0177381324271361,0.607987364133199,0.11604440510273,-0.783756268024445,0.0511000437041124,-62.2015538843387,-57.1756947162766,-33.8120578851953,-86.0753399990307,-100.448130298039,-55.5512408341857,-97.9977509144855,-65.4952567497775,-40.0100601065193
31-Jan-2025 16:44:53,32,99,0.0154152952134609,0.387179495890935,0.0205565190563599,0.60729767481486,0.116567347447077,-0.782207481066386,0.0758489444851875,-60.453332574288,-56.1099857913784,-32.1063776401175,-81.5297638885565,-96.7480246838209,-51.9143885287921,-100.058774575817,-68.1898525963439,-40.965414215615
31-Jan-2025 16:45:30,32,100,0.0203905547658602,0.385326268275579,0.0256103605031967,0.604861680666606,0.109146495163441,-0.783013113339742,0.0954982052246729,-59.8008173803443,-54.8449436211493,-31.596518329153,-76.8937670454704,-90.4767130588885,-48.781907632648,-100.28212572933,-71.127847544789,-42.4600144482083
31-Jan-2025 16:46:59,23,1,0.00307954420956473,0.312672398487727,0.0440933013955752,0.593538864453634,-0.0218450929969549,-0.804468846321106,0.00801835227757692,-8.70000000000001,-12.15,-4.95000000000001,-5.40000000000001,-13.35,-5.02500000000001,-5.47500000000001,-6.90000000000001,-5.70000000000001
31-Jan-2025 16:47:31,23,2,0.00628380676110586,0.317341331640879,0.0408768489956856,0.592193603515625,0.0226785016556581,-0.805225157737732,0.0201216034591198,-6.87769672091842,-16.2054976577988,-6.40829859467934,-10.9100124641925,-17.0366022203189,-8.28635264861913,-15.243373275089,-10.8829650947685,-10.6845308273097
31-Jan-2025 16:48:05,23,3,0.0117345251142979,0.320939155419668,0.0369613361855348,0.591671148935954,0.0489250436425209,-0.803856829802195,0.0366851215561231,-6.36789344183682,-15.2734953155976,-6.96659718935865,-16.0075249283849,-21.5107044406379,-12.3164552972382,-24.3929965501779,-15.4659301895369,-13.9065616546195
31-Jan-2025 16:48:38,23,4,0.0151349438354373,0.323905261357625,0.0348210583130519,0.591747272014618,0.0830356359481812,-0.800361625353495,0.0485958906511466,-3.43934016275523,-18.6727429733964,-7.14989578403796,-20.1487873925774,-23.3035566609569,-14.8559329458573,-31.0582448252669,-20.1988952843054,-16.4723424819292
31-Jan-2025 16:49:12,23,5,0.0165392438570658,0.326710400978724,0.0325612805783749,0.590074908733368,0.116162010530631,-0.796862987677256,0.0576833950976531,-1.02641188367365,-21.3126156311952,-8.19569437871726,-23.6619248567698,-26.7557838812759,-17.0250980944764,-37.6063056003558,-25.2318603790739,-18.7849983092389
31-Jan-2025 16:49:49,23,6,0.0189054229607185,0.33039146065712,0.031280908981959,0.587860139211019,0.135007812579473,-0.795624705155691,0.0563446000218391,-0.371296104592057,-22.3728007889941,-10.3477429733965,-28.8109998209623,-29.6876986015949,-18.9341069930956,-42.9707726254448,-28.3898254738424,-21.9460916365486
31-Jan-2025 16:50:13,23,7,0.0229918045302232,0.331015604734421,0.0289866346865892,0.585506077607473,0.150269884864489,-0.794976965586344,0.0511198848485947,5.77991342448951,-7.19314219679307,-2.92791656807589,-30.8780435351547,-29.209457071914,-16.9630377667147,-43.8434427755339,-31.5102905686108,-19.9064037138584
31-Jan-2025 16:50:52,23,8,0.0217247692247232,0.337051449219386,0.0317544974386692,0.586177070935567,0.14368209540844,-0.795481904347738,0.054410108178854,-4.82083017142882,-25.2185617295919,-11.7221526627551,-36.5790716243472,-32.951137417233,-20.4019294778338,-49.8952144881228,-35.9620056633793,-24.0413251661681
31-Jan-2025 16:51:19,23,9,0.0258987312515577,0.338940552870433,0.029424619798859,0.583256228764852,0.165038163463275,-0.793355643749237,0.0562262666722139,5.75244967015273,-6.82152032489088,-2.67342000743451,-39.4470919010396,-34.452778700052,-19.2708016577029,-53.3615369819618,-40.1793457581478,-23.0885513059778
31-Jan-2025 16:52:04,23,10,0.0250675768901904,0.34630828499794,0.0319947163263957,0.584006357192993,0.162943883736928,-0.792230474948883,0.0689693098266919,-9.83725876951553,-31.3382484514401,-14.2532029771137,-44.3486082714821,-38.509400451621,-23.1296640719471,-63.1101348664258,-44.8794983529162,-26.9419297895376
31-Jan-2025 16:52:29,23,11,0.0281030488510927,0.347898304462433,0.0286147424330314,0.581668325265249,0.178803395231565,-0.79063200155894,0.0677670006950696,5.44153865019095,-8.38686134361382,-2.92224375929313,-47.4918726887995,-40.693512437565,-22.3585216033787,-65.7998704462023,-48.4710571976847,-26.3733844449723
31-Jan-2025 16:52:53,23,12,0.0301549429694811,0.350232712427775,0.033596466978391,0.575792368253072,0.19280707637469,-0.790831995010376,0.0766377116243045,7.83364674883277,-3.17811332962752,-0.780172529002613,-49.8776887675902,-37.7178196133793,-18.2665106828321,-71.2199324528207,-50.1923722218973,-27.1918159251874
31-Jan-2025 16:53:41,23,13,0.0315786649783452,0.354295462369919,0.0358743076523145,0.57566397190094,0.18644377887249,-0.791608746846517,0.0848844314614932,-13.1821186876815,-35.1898365070476,-15.747915751837,-52.1614418580996,-38.1364993477873,-22.2044985415824,-75.9627788832671,-53.0990388086098,-30.8422664483712
31-Jan-2025 16:54:23,23,14,0.0317796491086483,0.357295964161555,0.0371994579831759,0.574722802639008,0.186485726634661,-0.791342477003733,0.0932411387562752,-16.126820891774,-36.6867952801708,-18.2705662012339,-54.0191634544684,-38.9023653614921,-23.3324857899811,-80.0670175256277,-55.9983811765724,-33.1337264930394
31-Jan-2025 16:54:54,23,15,0.0372570375601451,0.358570045232773,0.03640141710639,0.570243465900421,0.202561745047569,-0.789984007676443,0.098572172721227,-13.3359914796556,-24.5763718511454,-12.5456702639121,-55.2888693037668,-39.0918245148453,-14.9554727332041,-82.8019522739452,-58.5940614351599,-35.5706912984498
31-Jan-2025 16:55:40,23,16,0.0355644506712755,0.359835475683212,0.0383489271004995,0.573307061195374,0.184041053056717,-0.793130131562551,0.0916107674439748,-18.4773962594317,-38.2872573210457,-19.9470011332309,-56.1145672795301,-40.343080238023,-24.400959523839,-82.0022350752414,-61.11291063906,-36.9554084842312
31-Jan-2025 16:56:22,23,17,0.0353573908408483,0.361239171028137,0.0391606993973255,0.573456160227458,0.180509845415751,-0.79324643611908,0.0965625618894895,-20.4599181351551,-40.4587972404091,-21.23644540587,-56.6432613185259,-41.4502342461131,-25.6576962381801,-83.5601919030267,-63.5183443156163,-37.8890018601982
31-Jan-2025 16:57:03,23,18,0.036827160914739,0.361764766772588,0.0395222735901674,0.573809198538462,0.173653481403987,-0.79536474943161,0.0893443420529366,-21.4629985588521,-41.8856643845039,-22.0199463801693,-56.8734533891378,-42.4853373966594,-26.1200579143742,-79.9219857440568,-67.2170702285007,-39.047033331258
31-Jan-2025 16:57:42,23,19,0.0337418672939142,0.361170307795207,0.0395804156859716,0.575505729516347,0.164874362945557,-0.796371229489644,0.0860379656155904,-23.0913923900019,-41.3466983751355,-21.5206745082054,-56.5224512630606,-41.848083285764,-25.9590133409815,-81.1447489047624,-66.2149114350887,-36.7354656234552
31-Jan-2025 16:58:21,23,20,0.0284065898507833,0.362749268611272,0.0393270805478096,0.57946404616038,0.153333019216855,-0.794690914948781,0.095795497794946,-27.7749258581451,-41.3715641719499,-21.2699168116565,-56.8468236448873,-42.5428164604823,-25.8618750080521,-83.318471318779,-63.1360757007587,-34.2925074394255
31-Jan-2025 16:58:58,23,21,0.0230719808489084,0.362529281775157,0.039597941438357,0.579907119274139,0.152470054229101,-0.794663568337758,0.0947125280896823,-29.111029144785,-43.2533458718557,-21.9684162028151,-57.2838832806662,-43.0785432780075,-25.5716897953542,-83.4926733594513,-58.6439014959697,-31.6338540172824
31-Jan-2025 16:59:34,23,22,0.0177665715416272,0.363802862167358,0.0399407776693503,0.582268257935842,0.137404050429662,-0.795447210470835,0.0966829439004262,-33.4984173406733,-43.3635855233073,-22.3165441378275,-58.302286543421,-43.9847669169363,-25.7849811427722,-84.0921152134514,-53.1450580559512,-30.0673529760826
31-Jan-2025 17:00:09,23,23,0.0121317261829972,0.363851906855901,0.0396132330099742,0.583803967634837,0.132290520270665,-0.795769361654917,0.0917785649498304,-35.1364479911858,-44.3880541505317,-23.3144863447667,-58.9363616196638,-45.301238966567,-25.8000107702481,-83.6291769741153,-45.192879998318,-27.6219281253545
31-Jan-2025 17:00:46,23,24,0.00472029248873393,0.364453136920929,0.0405390622715155,0.587871555487315,0.106466193497181,-0.797762167453766,0.08153262535731,-40.2747998690103,-47.8196372656426,-24.7123356876694,-59.3782726026506,-47.3478352215487,-27.290909537753,-81.2850486881112,-40.2890346318775,-25.3370413698622
31-Jan-2025 17:01:21,23,25,0.00271201756161948,0.364988170067469,0.0393520193795363,0.590841706593831,0.0891526033480962,-0.798409032821655,0.0741681789358457,-45.3633123604908,-46.7547776246967,-25.6351385985538,-59.4241015390094,-49.3844935792058,-29.2197428752723,-79.6503253787731,-39.6093556110332,-23.8824236619878
31-Jan-2025 17:01:57,23,26,0.000464124764160564,0.365644063552221,0.0373788952827454,0.593060465653737,0.0768973966439565,-0.798754672209422,0.0660079518953959,-48.1019051587994,-47.0416966057223,-27.2204182934291,-59.9468894520543,-53.1411829882006,-31.5925434977988,-77.995304557768,-39.241759762987,-24.2679404779223
31-Jan-2025 17:02:33,23,27,-0.00464588530982534,0.365824311971664,0.0377612633009752,0.593959764639537,0.0599427565932274,-0.801428437232971,0.0364851050078869,-51.033530754023,-50.2000021964158,-29.5580768597476,-61.7428633670731,-54.2724515934872,-32.6680014282473,-73.5155018528729,-37.4537132513315,-24.1086702608639
31-Jan-2025 17:03:09,23,28,-0.00769331799820065,0.367311455806096,0.0399744011461735,0.59331134557724,0.03128748635451,-0.804080601533254,0.0213814049959183,-56.9026764259535,-53.5087524426022,-32.0988546220639,-62.8330770262635,-56.2462279616082,-34.2294511799475,-70.5306247700609,-37.5061875328755,-24.2219336747578
31-Jan-2025 17:03:47,23,29,-0.0118085698535045,0.36817874511083,0.0397646948695183,0.592420554161072,0.00147180651159336,-0.805589862664541,0.00779306162148714,-62.9655821362375,-57.117725016535,-34.291191982379,-62.6704105575396,-61.7912582111463,-35.4338968422737,-66.4182104982906,-36.9789222110193,-24.9214639041278
31-Jan-2025 17:04:22,23,30,-0.0163042442252239,0.369402438402176,0.0403775644799074,0.589059885342916,-0.0336803505818049,-0.807026219367981,-0.0241405889391899,-68.5253678656983,-59.676808754341,-36.4593091416936,-64.8813040248586,-62.9719154013931,-37.5098404599128,-59.8670276320411,-37.961787087463,-24.4141275412359
31-Jan-2025 17:04:57,23,31,-0.0211867606888215,0.369383623202642,0.0419415240486463,0.587027704715729,-0.0492302062610785,-0.806703221797943,-0.0469550592203935,-70.9835936047475,-63.5109480740837,-39.3653162005078,-66.4039774601989,-65.0453860619943,-38.8215330552084,-52.7714604685521,-36.9997170630566,-24.728357882213
31-Jan-2025 17:05:35,23,32,-0.0249861761927605,0.370730300744375,0.0439396724104881,0.582477116584778,-0.0849818418423335,-0.805255520343781,-0.0711482336123784,-77.9660393485909,-70.2326151847947,-42.265268209072,-68.4075408795501,-69.2902634577725,-39.9761001393322,-47.5037011564432,-37.6151795882252,-25.6783715751246
31-Jan-2025 17:06:11,23,33,-0.0304597854614258,0.37103199561437,0.0441492329041163,0.579019649823507,-0.106293934583664,-0.80283579826355,-0.0943001528580984,-80.8355950948313,-73.5980461909898,-45.762192692511,-69.9015492909065,-72.1458442211393,-41.4271044678701,-41.9498457700244,-36.9944083881813,-25.6712769440035
31-Jan-2025 17:06:51,23,34,-0.0351941106220086,0.373250752687454,0.0459277287125587,0.576812863349915,-0.124183226625125,-0.799587158362071,-0.111919061839581,-86.0737058422703,-77.5353591449269,-50.9076034133875,-72.7907801982657,-75.0567766683004,-42.9513274186151,-38.2029423464507,-37.7055203255311,-25.410628150866
31-Jan-2025 17:07:21,23,35,-0.0352674295504888,0.372796299060186,0.0488551571965218,0.577671205997467,-0.127216665943464,-0.800296684106191,-0.0981689418355624,-84.4710940903087,-79.8086130727351,-47.2772572529828,-67.0776223536263,-72.8203849573587,-40.6121596804637,-38.8095149042995,-36.2325738315778,-17.8982022767204
31-Jan-2025 17:08:05,23,36,-0.0361569466690222,0.372883248329163,0.0544347723325094,0.580157927672068,-0.128339651226997,-0.799451124668121,-0.088451287150383,-85.8231210886466,-84.5498374874789,-53.0590326519374,-64.7132701329875,-73.3353311673656,-40.391296597864,-39.2678254528594,-36.9675981219729,-25.5098878620706
31-Jan-2025 17:08:40,23,37,-0.0397419050335884,0.371354526281357,0.0486957011123498,0.57997742096583,-0.109217729171117,-0.801855810483297,-0.093407429754734,-80.536452943916,-86.4169549831977,-49.2170818742381,-66.9820245166097,-78.4259068362155,-42.0663252171373,-37.7224526402004,-34.9991990536697,-15.1791839266453
31-Jan-2025 17:09:21,23,38,-0.0389765592912833,0.372296535968781,0.0444751421610514,0.584234742323558,-0.082088286181291,-0.801686763763428,-0.0960710972547531,-75.3884444867602,-89.2010651006505,-52.5281614863787,-70.837980306232,-83.5668169853025,-44.5334300002985,-40.3025143252192,-34.8577926814537,-26.3295078560939
31-Jan-2025 17:09:50,23,39,-0.0488902419805527,0.372595783074697,0.0360240700344245,0.586004523436228,-0.0641208310921987,-0.797953057289124,-0.125531301895777,-70.9097658733919,-91.6186715289701,-50.0407562934392,-74.7375367988545,-89.2578943745081,-46.7965728654038,-31.7452932590769,-15.3798826572812,-12.8203457179796
31-Jan-2025 17:10:38,23,40,-0.0425114594399929,0.376973211765289,0.0354670035342375,0.590650335947673,-0.0463397910197576,-0.797327689329783,-0.115123504896959,-75.6907521819173,-95.8780261127233,-55.8291086979596,-80.0838936429769,-96.424055383773,-52.707734771481,-43.269430817354,-37.4587208071308,-28.7564405460836
31-Jan-2025 17:11:19,23,41,-0.0426956410209338,0.378147540489833,0.0335785269737244,0.585533809661865,-0.0600095704197884,-0.800394304593404,-0.113657526671886,-78.4871527570709,-89.9630622312241,-49.0090713260436,-78.8889509544926,-97.6694741619735,-51.5025918738152,-43.6891515862492,-35.229210007172,-14.4981300352055
31-Jan-2025 17:11:42,23,42,-0.0437445434431235,0.377850029865901,0.028366548443834,0.571516970793406,-0.09258633852005,-0.804635508855184,-0.131749047835668,-83.448469562698,-84.3960353885832,-44.4454733534926,-77.7932083538833,-98.9086638451887,-51.3969537363924,-27.2292120112493,-16.7263862507182,-7.30113376588206
31-Jan-2025 17:12:34,23,43,-0.0370323931177457,0.382224718729655,0.0253163306663434,0.564591832955678,-0.1049791837732,-0.809432963530223,-0.122612047195435,-91.2172444835618,-87.4029770653716,-45.0600950806241,-83.1220657972115,-101.569738980911,-57.0910679790912,-43.6544422643018,-40.4119060160175,-30.5597946173357
31-Jan-2025 17:13:19,23,44,-0.0342250359555085,0.383619431654612,0.0210695367306471,0.555056492487589,-0.126524289449056,-0.813138449192047,-0.121283635497093,-96.864748462044,-78.0469030018745,-40.0888266575968,-83.0382232625084,-102.316756842888,-55.1100584118506,-43.5972574313808,-40.2665975421932,-30.4962840291782
31-Jan-2025 17:14:05,23,45,-0.0324190403024356,0.38582533399264,0.0184366083393494,0.546952176094055,-0.151370617747307,-0.813881866137187,-0.124605658650398,-103.326616969335,-71.6593210682348,-40.4996131594901,-84.2230307387897,-103.831746067991,-54.7664869396405,-43.1738650554729,-41.9308749488069,-30.4716877212149
31-Jan-2025 17:14:32,23,46,-0.0359567388892174,0.382979116837184,0.0216482667873303,0.547866876920064,-0.144925204912821,-0.81099853515625,-0.145327226320903,-96.3201890332736,-71.3873118632783,-38.2331235448751,-82.7622049081861,-96.7962069595009,-50.2529105965212,-36.5739247725148,-19.4102761871795,-14.8877470882731
31-Jan-2025 17:15:25,23,47,-0.0312728453427553,0.382620632648468,0.0261467838039001,0.563158961137136,-0.106156953175863,-0.805681268374125,-0.149868015448252,-94.0923522294143,-78.0449256907862,-41.8871476614902,-88.3310415803286,-96.6276606917925,-50.5361937771595,-40.86993260381,-41.3295738956623,-28.9385350253796
31-Jan-2025 17:16:04,23,48,-0.0273497966428598,0.379680993159612,0.0303204150249561,0.571216221650442,-0.0808537537852923,-0.801434552669525,-0.15772567987442,-85.2538109916561,-75.8673510345262,-39.3514286437205,-87.7397095038441,-86.692610844475,-44.8179067196765,-39.4389144922319,-40.0188198391998,-29.2316872475106
31-Jan-2025 17:16:34,23,49,-0.032430999726057,0.375805465380351,0.0343198232352734,0.578955984115601,-0.0607870000104109,-0.793009912967682,-0.179583430290222,-77.3099175369484,-75.1221821363823,-38.2958380587582,-88.4932930530461,-78.3243092073529,-40.148834543133,-32.9693834092168,-16.368039900264,-13.1960216121538
31-Jan-2025 17:17:23,23,50,-0.0310197975486517,0.375406100352605,0.0394653831919034,0.589562284946442,-0.0363329291343689,-0.785521757602692,-0.184531430403392,-75.9633479737661,-82.7432161172965,-41.8053116901998,-91.6443344150914,-76.0643816753285,-40.0543698070592,-34.7055958404835,-35.1722470200925,-25.6709470480528
31-Jan-2025 17:17:55,23,51,-0.0287340490768353,0.373057649532954,0.0437568781276544,0.597143812974294,-0.00557951321825385,-0.778130125999451,-0.194683585564295,-66.0654403563464,-79.7723515377397,-40.1723174298432,-93.2191046835584,-66.433641195853,-34.1472087912202,-32.744680028891,-32.4539476693028,-10.7761680195801
31-Jan-2025 17:18:19,23,52,-0.0348452419042587,0.369094121456146,0.0460115032891432,0.605143610636393,0.0231042665739854,-0.763205269972483,-0.225355567534765,-57.741863711808,-78.7805376779474,-39.4930892235875,-95.2807394052361,-58.2174942426519,-29.6086996354986,-17.310200095869,-10.3493950832036,-2.37153675892134
31-Jan-2025 17:19:10,23,53,-0.0304532288263241,0.370435676972071,0.0485619358718395,0.609279851118724,0.0480449584623178,-0.761030316352844,-0.217491667469343,-55.8304525537103,-85.9032491780373,-45.5907440443824,-98.1858063535193,-55.6586440525881,-31.6795164098358,-29.8639381021321,-31.0517158794504,-22.7119793821694
31-Jan-2025 17:19:31,23,54,-0.0359096551934878,0.36936735312144,0.0544358735283216,0.611507165431976,0.0223929504553477,-0.756605935096741,-0.230445261796315,-60.5095846456255,-81.0832193855273,-41.664633785602,-94.1733151503772,-48.1515258874194,-26.2918333640357,-16.3831071570856,-12.0425136144047,-9.717774464309
31-Jan-2025 17:20:15,23,55,-0.0262538985659679,0.371335240205129,0.0529810080925624,0.602570561567942,-0.0023005365083615,-0.768702018260956,-0.21447767217954,-66.8667581091508,-78.6668209329878,-39.8077442835843,-94.9466820038866,-50.721231913035,-22.3314818007504,-28.4618306968603,-31.9725296949457,-23.0723380174251
31-Jan-2025 17:20:44,23,56,-0.0273820729305347,0.371110028028488,0.0567848292489847,0.600510144233704,-0.0403952275713285,-0.770541588465373,-0.209813009699186,-73.5379522584812,-76.7022381504336,-38.6104651599479,-88.8879778857216,-41.1543500340427,-19.4597959787223,-26.3203314790457,-29.2221549482798,-11.3512858060299
31-Jan-2025 17:21:21,23,57,-0.0233199823647737,0.371660264333089,0.0589014428357283,0.597315359115601,-0.0840783690412839,-0.774482929706574,-0.190581855177879,-80.9661567507141,-75.6385632028721,-37.8929912255021,-84.0632382817195,-34.0691742027466,-16.682443027323,-26.5937208824365,-33.5065847880106,-23.2424257123786
31-Jan-2025 17:21:50,23,58,-0.0298313026626905,0.371214127540588,0.0623022012412548,0.59313104947408,-0.133105074365934,-0.770337645212809,-0.19250593384107,-88.1728664143984,-74.5753421728069,-37.4904198856516,-79.5554809347987,-27.7748513952985,-14.1772565112379,-16.37455459643,-17.6834169209394,-12.7396616775996
31-Jan-2025 17:22:43,23,59,-0.0265190826108058,0.374985281626383,0.0633608058094978,0.59064892133077,-0.155658544103305,-0.776952302455902,-0.152477612098058,-97.3688286638082,-81.5373481014898,-42.6452998430988,-78.9562147164187,-50.0009550997742,-24.03315321281,-29.9341104657246,-34.6314502004675,-23.8149456722564
31-Jan-2025 17:23:14,23,60,-0.0255481110264858,0.37590043147405,0.0661101788282394,0.585299483935038,-0.195580558975538,-0.774141291777293,-0.140989656249682,-103.959417206081,-76.9119675095468,-39.6289054491949,-73.411194062309,-31.1372720602122,-15.6945915232107,-28.98302741267,-35.7900840532952,-23.1042536816314
31-Jan-2025 17:23:39,23,61,-0.0303834686676661,0.375413868824641,0.0671154846747716,0.57812020778656,-0.241423936684926,-0.765686376889547,-0.145656555891037,-111.122318894785,-74.2178936572908,-38.0018738796154,-68.6182961903346,-19.2536956486312,-10.4088006380258,-18.6016248984408,-22.3790181927727,-14.5505736983655
31-Jan-2025 17:24:37,23,62,-0.0259766016155481,0.379592488209407,0.0655159418781598,0.57317564090093,-0.265831029415131,-0.766916426022847,-0.112440123657386,-120.371377156705,-77.9644731748784,-40.894523722198,-69.9014597094277,-51.360172551041,-30.4243951550477,-31.1050626536242,-37.008102475575,-24.5003997187789
31-Jan-2025 17:25:18,23,63,-0.0240215661625067,0.381473982334137,0.0641843661665916,0.566644084453583,-0.295485792557398,-0.762042411168416,-0.104374463359515,-127.063513705232,-74.2813793773878,-38.9970142708618,-68.2226539240545,-52.0616761104462,-15.5406823731735,-31.8009205435139,-37.3072618300398,-25.9269787410321
31-Jan-2025 17:25:55,23,64,-0.0241734206676483,0.382815500100454,0.0694047053654989,0.567634379863739,-0.311661156018575,-0.755630095799764,-0.0983956322073936,-131.573672528351,-78.4426680879976,-40.6423151337498,-66.8484321483311,-31.4664201986272,-11.3934599203545,-31.9552499857398,-39.6120802816578,-26.78552542323
31-Jan-2025 17:26:29,23,65,-0.0303590840349595,0.383628179629644,0.0754082098603249,0.559093169371287,-0.338492602109909,-0.753043508529663,-0.0759148418903351,-136.157100923122,-83.1090384698379,-43.002576173158,-59.4837180464912,-23.1574209510572,-10.2214106428113,-32.4576844616423,-37.9969175011914,-17.4132603558879
31-Jan-2025 17:27:01,23,66,-0.0319088826576869,0.385899974902471,0.0795606642961502,0.555727847417196,-0.350901224215825,-0.751630862553914,-0.0555514365434647,-141.002164103719,-88.6279496872934,-46.0203173008263,-57.373757781593,-21.2165500356117,-10.761947952906,-36.059171454383,-25.4967641046829,-25.8005894137756
31-Jan-2025 17:27:39,23,67,-0.0330378629267216,0.388447733720144,0.0847078993916512,0.552299169699351,-0.366143916050593,-0.747815934816996,-0.040934528162082,-145.903044677229,-94.5731313225564,-48.9917984726248,-55.1911744351657,-21.8597432862285,-11.7087785568197,-38.3601847055429,-40.929115400153,-26.7177155342783
31-Jan-2025 17:28:10,23,68,-0.0383843580881755,0.390537603696187,0.0919221952557564,0.538514904181163,-0.389063811302185,-0.747272272904714,-0.0146705970788995,-150.906833947195,-100.356448166723,-51.7901496664882,-49.8222795479738,-24.3949686198765,-13.1587558076429,-39.6359610859124,-41.2277190416128,-17.9747401860887
31-Jan-2025 17:28:48,23,69,-0.0409075240294139,0.394778054952621,0.0944767077763875,0.529359348615011,-0.399321756760279,-0.748542086283366,-0.00236639869399369,-156.412077565389,-106.058832615342,-54.7269358713842,-49.3852288903996,-27.87620999504,-15.3853063819208,-43.9991190308866,-41.8344488560673,-26.7517141035526
31-Jan-2025 17:29:42,23,70,-0.0425988857944806,0.398610369364421,0.094850185016791,0.520824960867564,-0.402535595496496,-0.752765504519145,0.00711297523230314,-161.568048357698,-111.795750866187,-58.6329395817964,-50.4391003476342,-55.905459390961,-38.7001436179259,-47.2059677581632,-45.3702417570193,-27.4136626538435
31-Jan-2025 17:30:28,23,71,-0.0440736956894398,0.402720588445663,0.0976406743129094,0.520952888329824,-0.407678047815959,-0.7499374071757,-0.000790761795360595,-166.549382737064,-117.699936018145,-61.7485520449668,-54.2634328622732,-56.9837127972612,-30.484124184795,-49.0846618765911,-48.49556620122,-29.2680985205477
31-Jan-2025 17:31:18,23,72,-0.0469521661599477,0.406373643875122,0.0989395742615064,0.510867877801259,-0.411099517345428,-0.754863925774892,0.013844299937288,-171.443398909958,-123.537754620659,-64.7689688845162,-54.2979959056145,-61.6114682087507,-27.5776764170958,-53.1492786905947,-49.165656417045,-29.8437780454588
31-Jan-2025 17:32:14,23,73,-0.0507173173129559,0.408684686819712,0.0996763403216998,0.508586331208547,-0.399925982952118,-0.762459552288055,0.00739220784356197,-172.650046841084,-127.371735731211,-71.2351439273579,-58.4826192400684,-64.3321566242245,-44.13878860653,-53.8732890381749,-50.6866161858421,-29.635505856776
31-Jan-2025 17:33:01,23,74,-0.0490788973867893,0.408241617679596,0.0991952379544576,0.508576881885529,-0.387799551089605,-0.768595711390177,0.0148900289088488,-169.709865220591,-130.851625204402,-67.8900200642943,-57.3698002066979,-63.0277205409957,-44.4397937123221,-55.5562800596491,-50.3937673975451,-30.4200445826449
31-Jan-2025 17:33:26,23,75,-0.0466978343824546,0.406189384063085,0.103762509425481,0.508968702952067,-0.380749444166819,-0.77146147886912,0.0287740639100472,-163.04626882429,-127.029468858913,-65.7142467482782,-41.3832599894153,-43.9607222084155,-29.7107452762935,-54.1937614180703,-50.9940143307012,-22.2509887657897
31-Jan-2025 17:34:18,23,76,-0.0447058372199535,0.40562729438146,0.0970719888806343,0.513317263126373,-0.356007770697276,-0.780325186252594,0.0292659312486649,-162.395965040085,-125.106289604084,-64.7231487057857,-55.8348591801765,-62.2124427511598,-44.066670069354,-59.4834879449649,-50.8408091245837,-30.9051356775723
31-Jan-2025 17:34:40,23,77,-0.0456084268788497,0.404161594311396,0.101214819649855,0.504564205805461,-0.34099170366923,-0.790523358186086,0.0649033303062121,-156.202307561927,-123.832598894585,-63.949388300055,-37.8055280749597,-40.1735227315661,-27.7400814769596,-64.4993370560963,-38.9858778488297,-23.520883953674
31-Jan-2025 17:35:40,23,78,-0.0406539998948574,0.405008798837662,0.0942294145623843,0.510933220386505,-0.303302651643753,-0.801167178153992,0.0713157301147779,-154.886973236793,-133.30865245775,-63.8842967127053,-54.1607318217539,-63.2392824308039,-44.5222361918375,-71.928247459346,-50.6050835382572,-32.567432911935
31-Jan-2025 17:36:03,23,79,-0.0402141551176707,0.404281226793925,0.098943970600764,0.502209846178691,-0.285552424192429,-0.808785339196523,0.110051719347636,-149.335800488171,-128.059578157248,-63.348539534546,-34.2332029945535,-37.3073819894566,-26.2587625603515,-78.9886885086549,-41.2613577102757,-25.6043822112759
31-Jan-2025 17:37:07,23,80,-0.0355734092493852,0.407204566399256,0.0928611834843953,0.50391134818395,-0.251871170600255,-0.817011578877767,0.122989332675934,-150.516708527805,-136.147939924912,-63.702449560982,-53.314307880356,-63.601651477818,-46.9474747556839,-87.4398948809934,-52.8611661235894,-34.6365316811565
31-Jan-2025 17:37:56,23,81,-0.0319410440822442,0.40375851392746,0.0898149276773135,0.507458500067393,-0.223585653305054,-0.821634701887767,0.131953603029251,-139.397361564771,-127.325834106061,-61.7803773782669,-50.9371219167169,-62.8831196326305,-46.5931137140746,-88.4987390456326,-51.8289698823238,-34.6706723475442
31-Jan-2025 17:38:25,23,82,-0.0319558516144752,0.398184132575989,0.0928625012437503,0.50764172077179,-0.199437047044436,-0.825066260496775,0.147615740696589,-129.098534798801,-121.163087304252,-60.1932219967007,-36.4120943813283,-35.4711302698688,-26.5392991291694,-84.2427745410293,-42.6451572013821,-26.7411130565669
31-Jan-2025 17:39:08,23,83,-0.0264503153661887,0.393769375483195,0.0882972101370494,0.518205269177755,-0.173455333709717,-0.825697139898936,0.14000298678875,-124.459968131363,-117.155020010963,-58.9985250157088,-45.588146060065,-56.9624121483215,-16.3607577726166,-85.5794057018046,-47.5355363006022,-30.5797037869071
31-Jan-2025 17:39:57,23,84,-0.0272861935198307,0.39152792096138,0.0894663199782371,0.518345197041829,-0.150706401467323,-0.830014685789744,0.140290729204814,-118.676531513192,-124.124292471934,-64.1500572350041,-44.5647373458645,-55.805329647381,-38.34485303024,-85.2123346952692,-47.0130112899033,-30.3273695279059
31-Jan-2025 17:40:44,23,85,-0.0297119567791621,0.389914345741272,0.0935467978318532,0.515738546848297,-0.126231226325035,-0.835481429100037,0.141598948836327,-111.645659919653,-127.657234810036,-67.674704054443,-42.7165984351954,-55.0990649567437,-38.0102665949515,-84.6684126050786,-46.4090342242448,-29.9045727742342
31-Jan-2025 17:41:29,23,86,-0.0270161488403877,0.38658459186554,0.0914042130112648,0.521045422554016,-0.108992179234823,-0.835707720120748,0.135000235835711,-104.51607083843,-127.522012086702,-60.7109081739537,-41.731094426292,-52.818209171258,-37.5413393132071,-82.7610649730602,-45.1643311311067,-30.4465447732271
31-Jan-2025 17:42:14,23,87,-0.0266526471823454,0.383670940001806,0.0916769752899806,0.525779219468435,-0.0837557067473729,-0.836499679088593,0.129651363690694,-97.4121230133663,-126.452706832652,-63.5028909435003,-41.4769078682714,-52.0750578383481,-36.1802416082346,-81.1470045701281,-45.3242650242286,-29.2209011485524
31-Jan-2025 17:42:59,23,88,-0.0248517207801342,0.380596017837524,0.0881487722198168,0.536871667702993,-0.0620185308158398,-0.83301362991333,0.11836735556523,-89.9459958163814,-123.416360313242,-62.9227630380649,-42.3383800356922,-52.2507587317261,-35.1980586916481,-79.229587781739,-45.2865174104806,-29.2114497120439
31-Jan-2025 17:43:42,23,89,-0.0214531718442837,0.379809065659841,0.0853385731577873,0.534762259324392,-0.0718947907288869,-0.830570832888285,0.13788621822993,-92.9997295264309,-116.212634179815,-60.7962661376627,-39.7579678191251,-51.1520440701856,-34.5950281684171,-81.5156986188753,-43.6429909579244,-28.5757411601255
31-Jan-2025 17:44:24,23,90,-0.0182265775899092,0.379690458377202,0.0819902842243512,0.532833941777547,-0.0849771430095037,-0.826931766668956,0.158274366458257,-96.1504183935001,-109.604647730047,-58.4642415685149,-37.5314702839183,-50.9205424652169,-33.7492263422826,-83.7259703596474,-42.1000441286506,-27.5315806552487
31-Jan-2025 17:45:07,23,91,-0.0142244314774871,0.379971526066462,0.0779798716306686,0.531766661008199,-0.0956625203291575,-0.821858457724253,0.18061455488205,-99.1995848390793,-102.31953112211,-56.1794531649944,-35.4819300893916,-51.2726473885343,-33.0820388646964,-87.1733225522374,-42.0323871110181,-27.4081941738927
31-Jan-2025 17:45:48,23,92,-0.00992305912077427,0.380392710367839,0.0735532661279043,0.53344901005427,-0.102714830140273,-0.81576650540034,0.198511613408724,-101.747990073913,-94.0958494350874,-53.6932828442875,-33.520868565205,-52.0665555759947,-32.6541585613843,-90.9392149707362,-42.5523749992062,-26.995194704297
31-Jan-2025 17:46:29,23,93,-0.0059266612244149,0.38201784491539,0.0688164323568344,0.534133438269297,-0.115252088507017,-0.808961359659831,0.216794689496358,-105.696014703375,-87.9528852085226,-48.5564215649874,-32.2040463761885,-52.5563653955265,-32.3459318452093,-95.6143775021896,-42.9161853403047,-27.4873887405815
31-Jan-2025 17:47:10,23,94,-0.00114726149477065,0.383485033114751,0.0651869008938471,0.536608390013377,-0.125444247325261,-0.801251892248789,0.233046385645866,-108.99384903015,-79.2502797121867,-44.0442148063908,-30.834343854757,-52.8191260310941,-31.3475319226029,-100.06917509012,-45.6769069078582,-27.3821795298061
31-Jan-2025 17:47:49,23,95,0.00427122885982196,0.385194905598958,0.0598184590538343,0.543752384185791,-0.130704975128174,-0.790822287400564,0.248695993423462,-112.341588205582,-67.2428535809652,-40.9693353081459,-31.013201167118,-55.3683620746797,-30.8290453967807,-104.788790206289,-47.0110840886394,-27.7282686955008
31-Jan-2025 17:48:27,23,96,0.00501603515197833,0.385721333821615,0.0574263711770376,0.547451297442118,-0.124826898177465,-0.789639977614085,0.247354121009509,-112.215331740944,-68.7728970051022,-38.4473454526758,-32.5579139661278,-56.0156854067706,-32.2922264377972,-106.00477143922,-47.663219548603,-28.4299083619131
31-Jan-2025 17:49:05,23,97,0.00650245708723863,0.385988662640254,0.0541550725698471,0.552607226371765,-0.110232731699944,-0.789241242408752,0.244074405233065,-110.189051488469,-67.8267352705179,-36.5471874122936,-35.5397667235858,-55.5846275908658,-33.4253858280098,-107.51195705421,-47.7337189118735,-28.7568726224429
31-Jan-2025 17:49:40,23,98,0.00692037375022968,0.385993645588557,0.0515780955553055,0.558685541152954,-0.0886724506815275,-0.790871278444926,0.233517218629519,-106.312759342077,-67.6674709565728,-35.2579452794554,-38.0401894602678,-55.4393792009635,-33.4185343928205,-108.03974486023,-47.8134002267974,-28.8964991800314
31-Jan-2025 17:50:17,23,99,0.00699293486153086,0.386567856868108,0.0501171129445235,0.563187909126282,-0.0734815607468287,-0.79304457505544,0.220227443178495,-104.661461248725,-67.4516553529473,-34.8741611003892,-41.8748971865618,-56.4870355240624,-34.1166775449301,-108.077833761765,-48.4226725175481,-30.0674568861494
31-Jan-2025 17:50:52,23,100,0.00818721111863852,0.385962812105815,0.0447441863516966,0.571875242392222,-0.0304663546383381,-0.793970453739166,0.204062319795291,-98.0476601818945,-64.7325641044818,-33.2181058982089,-47.5767474076619,-57.8311442036619,-34.5673179906893,-108.696073211058,-48.6967402962121,-30.479080166532
31-Jan-2025 17:52:20,254,1,0.00454660020768642,0.31041916012764,0.0402443257470926,0.583123600482941,0.0215735215693712,-0.812049786249797,-0.00875361611445745,-6.45000000000001,-11.7,-4.87500000000001,-4.87500000000001,-9.15,-5.17500000000001,-5.25000000000001,-6.90000000000001,-5.70000000000001
31-Jan-2025 17:52:51,254,2,0.00600741030648351,0.316696880261103,0.0439050912857056,0.586195373535156,-0.00162097987097998,-0.810168019930522,-0.000396703511554127,-16.157234335497,-14.8021382319756,-8.45611997397663,-8.36276478155868,-11.5255440334828,-6.29282642008975,-10.4025024327635,-11.9012548959243,-10.6431753342422
31-Jan-2025 17:53:26,254,3,0.00870847919334968,0.321834594011307,0.0475316223998864,0.586846288045247,-0.0131357071300348,-0.809418904781342,0.01673214075466,-23.164468670994,-20.0792764639511,-12.1309899479532,-9.88177956311733,-12.9260880669657,-7.42940284017947,-16.867504865527,-17.0525097918486,-15.2863506684844
31-Jan-2025 17:54:00,254,4,0.0104868231341243,0.324555913607279,0.0496599438289801,0.586678759256999,-0.0195727815230687,-0.809090884526571,0.0282296831409136,-26.1217030064911,-24.4189146959267,-15.7027349219299,-10.341419344676,-16.3141321004485,-8.20035426026917,-19.7887572982905,-23.403764687773,-18.7295260027266
31-Jan-2025 17:54:36,254,5,0.0113586723804474,0.328345320622126,0.0533276781439781,0.587411312262217,-0.0363040102024873,-0.807326833407084,0.043050999691089,-34.3289373419881,-28.9648029279023,-18.7729173959065,-10.4213716262346,-19.0459261339313,-10.2884931803588,-24.313134731054,-28.6300195836973,-21.9477013369688
31-Jan-2025 17:55:12,254,6,0.0126580954839786,0.330513471364975,0.0577224815885226,0.586984805266062,-0.0462381899356842,-0.806413022677104,0.0548538287480672,-37.6611716774852,-34.3638161598779,-22.2673186198831,-10.1614801577933,-19.7995951674142,-11.5352258504485,-26.4890746638175,-33.2187744796216,-26.4033766712109
31-Jan-2025 17:55:49,254,7,0.00719807452211777,0.33172386487325,0.0570600666105747,0.590109372138977,-0.0434831795593103,-0.806114081541697,0.007763362955302,-36.8091232898804,-38.0854645258075,-25.3394444543918,-17.4303543481969,-21.6399554328543,-13.2917076347125,-21.6560846801147,-34.9272785179512,-23.5646334669197
31-Jan-2025 17:56:28,254,8,-0.000274451177877684,0.334540816148122,0.0541472355524699,0.590067342917124,-0.0471956148743629,-0.805637474854787,-0.0232671794792016,-42.0133249022755,-42.020394141737,-26.5676249764006,-25.5892676011005,-23.2107844482944,-16.1503378564764,-19.8734853214119,-33.7014075562808,-20.2477652626285
31-Jan-2025 17:57:06,254,9,-0.00622393172234297,0.336350452899933,0.0542867501576742,0.592153135935465,-0.043391868720452,-0.80270756483078,-0.0559681636591752,-42.8956515146706,-45.6869643826666,-31.1488328421593,-32.8432003852541,-24.6468478387346,-15.6600422969904,-17.591081275209,-31.5333490946103,-17.8168345583374
31-Jan-2025 17:57:46,254,10,-0.0124295638253291,0.338570179541906,0.053209762275219,0.594354093074799,-0.0373157282670339,-0.797381687164307,-0.0976381262143453,-43.9420406270658,-51.6193549360961,-33.4315543797931,-40.6946429350328,-27.4405284166748,-16.3452838468794,-14.6837748852562,-28.5941968829399,-16.5788726040462
31-Jan-2025 17:58:24,254,11,-0.0195666793733835,0.340475845336914,0.054081791639328,0.598565292358398,-0.0254442738989989,-0.789989725748698,-0.130339731772741,-42.7454609894609,-55.2346556457757,-36.3650327533644,-48.3198403676239,-28.588017588365,-16.4182939514559,-12.0640173234284,-22.0444977962695,-15.1123950247549
31-Jan-2025 17:59:02,254,12,-0.0205119690547387,0.343236251672109,0.0544151412943999,0.596914132436117,-0.044356032460928,-0.789705840746562,-0.134501926104228,-50.2063015006759,-58.183513019192,-35.660324410951,-50.513345596814,-28.9662517893373,-18.3024927728205,-12.2250249249689,-22.1790629897881,-15.741812565049
31-Jan-2025 17:59:42,254,13,-0.023218318199118,0.346917289495468,0.057697856426239,0.594677495956421,-0.0732772241036097,-0.78902792930603,-0.135735363761584,-59.3563998243908,-60.9655979316708,-38.418305277522,-52.0877895467073,-30.6204381387472,-18.8336337328569,-13.0204197335406,-22.8734914645567,-16.201601199093
31-Jan-2025 18:00:25,254,14,-0.024602359905839,0.351563872893651,0.0601376240452131,0.591770724455516,-0.110412584245205,-0.788361231486003,-0.126897819836934,-69.3511270543558,-63.5892966136808,-40.4326307485852,-52.8277028569521,-33.7376005623758,-20.1132457622293,-15.858008145628,-24.1478515799503,-17.101575380012
31-Jan-2025 18:01:06,254,15,-0.0259304476281007,0.354661691188812,0.0624740079045296,0.590582879384359,-0.126920294761658,-0.788316130638123,-0.116879481077194,-75.8681687374458,-66.4338021804565,-42.5251285218944,-53.0753508473727,-35.3362510231138,-20.7170933262697,-18.4416933594731,-25.1871775156564,-17.8466423343685
31-Jan-2025 18:01:50,254,16,-0.0258607544004917,0.358970691760381,0.0649156952897708,0.585669247309367,-0.168214428424835,-0.785494867960612,-0.108135458827019,-87.0963676470983,-68.788711189615,-44.5817124463267,-53.1518661778812,-38.4256455024065,-22.1080586576441,-19.8484269741972,-28.8089863615187,-19.0392556754438
31-Jan-2025 18:02:35,254,17,-0.0266088077177604,0.362249575058619,0.066473613679409,0.582452094554901,-0.192042690515518,-0.782893657684326,-0.104626525441806,-94.755145170032,-72.6988219199648,-44.5203394463206,-53.4428151784336,-40.1604119909766,-22.6925828726854,-21.7166847893607,-30.8720366624591,-20.3056422098784
31-Jan-2025 18:03:17,254,18,-0.0286866129686435,0.362683739264806,0.0717317139108976,0.580185194810232,-0.214387353261312,-0.781852972507477,-0.0782888074715932,-98.681573361432,-75.9684887803286,-45.1082774986916,-46.7205747821168,-39.0292772550125,-23.0344047948612,-23.1451158288414,-29.5936597184574,-20.6452032346393
31-Jan-2025 18:03:59,254,19,-0.0294006238381068,0.36482407450676,0.0754727959632873,0.57064323425293,-0.255010209480921,-0.779219003518422,-0.0464097417891026,-106.665646206152,-79.2894560709902,-45.3167263199529,-40.201942803311,-39.8094855213676,-24.4121164379538,-25.2889279184319,-30.3630931382251,-20.7032075577401
31-Jan-2025 18:04:41,254,20,-0.03031572115918,0.364985364675522,0.0800512582063675,0.561461464564006,-0.277180526653926,-0.779547921816508,-0.0153963662063082,-109.928541377533,-82.8610735768007,-44.8854305256595,-34.2351150332606,-39.5953652888823,-24.9577729415048,-26.5154305330774,-30.9564317398776,-20.7704335300108
31-Jan-2025 18:05:21,254,21,-0.0320884021619956,0.365926444530487,0.0828945393363635,0.550749723116557,-0.294246202707291,-0.781042794386546,0.00812582212189833,-113.305847712243,-86.9330161901857,-41.2092624235887,-28.394189367588,-38.8090808069768,-25.6874018752849,-28.9332784102504,-29.8117229324725,-20.7672703268665
31-Jan-2025 18:05:45,254,22,-0.0334491548438867,0.366350821654002,0.086324705183506,0.540209702650706,-0.308605323235194,-0.782012188434601,0.0373247519135475,-115.990359628619,-80.005121357358,-39.0606581676292,-18.3412147541043,-26.1117142003613,-16.9090170241798,-32.0217989186871,-14.9729904205388,-11.0539125360147
31-Jan-2025 18:06:38,254,23,-0.0297356452792883,0.369772998491923,0.0807914674282074,0.54306157430013,-0.309525098403295,-0.780183827877045,0.0243220236152411,-121.253474335827,-86.1773078014239,-43.3758358347253,-28.6072156667149,-41.5088065313906,-27.0016252806317,-34.8456557427556,-31.7622460563405,-22.4354574513091
31-Jan-2025 18:07:23,254,24,-0.0314974511663119,0.372549637158712,0.0830580532550812,0.539898606141408,-0.3088381032149,-0.782347456614176,0.0325724611679713,-123.810528812945,-89.5154765522223,-48.7056122714581,-29.9634819771633,-43.5592277157756,-28.8575167570948,-38.3460080502219,-33.6935961077244,-22.8782408644998
31-Jan-2025 18:08:05,254,25,-0.0319692874948184,0.374980656305949,0.084843817849954,0.539713263511658,-0.303431236743927,-0.784397006034851,0.0368840808669726,-125.062233987771,-92.3036656222442,-52.7638341889548,-32.1994921691353,-45.1332636345718,-29.5811565104472,-41.9301944365961,-35.9569431960422,-23.4947499542272
31-Jan-2025 18:08:46,254,26,-0.0329793132841587,0.377061907450358,0.0859892224272092,0.538386340936025,-0.293514893452326,-0.788603202501933,0.0457622031370799,-125.661264511451,-95.5668648518777,-55.5862788468334,-34.1253743018692,-46.8441069205737,-31.0136704022443,-45.5562978624243,-36.811288802827,-24.1231218822228
31-Jan-2025 18:09:26,254,27,-0.0322960982720057,0.377504030863444,0.0850164487957954,0.543477022647858,-0.258816893895467,-0.797151140371958,0.0468687442441781,-121.283957709559,-98.4675691613171,-57.9408348749031,-37.3961924049839,-48.1733538901785,-32.3506213632637,-49.2033598079795,-38.0111336688453,-24.8324252293526
31-Jan-2025 18:10:04,254,28,-0.0317324670652549,0.378494505087535,0.0846583753824234,0.547578080495199,-0.228936142722766,-0.803391667207082,0.0480450736979644,-117.493482244879,-101.037026010659,-60.4364465880682,-40.0644784932891,-48.6368027015846,-32.8147908588943,-52.7859010133982,-39.6087281644803,-24.9821942860494
31-Jan-2025 18:10:42,254,29,-0.031573652724425,0.380243317286173,0.0843831419944763,0.551816280682882,-0.202547894914945,-0.807598237196604,0.0475210895140966,-114.596422448807,-104.190859129953,-62.7775861437811,-44.2314985741896,-50.8423524338914,-34.1175696218305,-58.4361818487486,-40.6551974749237,-26.5021961975298
31-Jan-2025 18:11:20,254,30,-0.0315838674704234,0.382048567136129,0.0830468083421389,0.556979926427205,-0.174445205926895,-0.810821787516276,0.043706718335549,-111.996070487038,-106.586880384223,-65.7164896207679,-49.2228856513876,-53.1689526266486,-35.5396530184194,-62.5703324990649,-42.1011041927712,-27.432314536402
31-Jan-2025 18:11:57,254,31,-0.030816172187527,0.383701884746552,0.0812880535920461,0.5629221479098,-0.148760985334714,-0.812176855405172,0.0368451605240504,-109.169072442421,-108.82899570598,-67.8292750583916,-53.7264562267344,-55.6310780496311,-35.8213887318348,-66.4714180568642,-44.1217296143209,-28.66749108897
31-Jan-2025 18:12:35,254,32,-0.0299767032265663,0.386259059111277,0.0814518560965856,0.565557948748271,-0.132103528579076,-0.813126921653748,0.0389548701544603,-109.153751356379,-111.144158061481,-69.1540014763338,-58.5111185511556,-56.060966087726,-37.4079506036634,-71.0059710684049,-46.5047143877216,-30.055196748386
31-Jan-2025 18:13:13,254,33,-0.0284390336523453,0.387766859928767,0.0811542088786761,0.569969320297241,-0.0980609620610873,-0.814815898736318,0.0399267673492432,-104.919268749626,-113.945843933855,-72.5596983844352,-63.4363267501141,-57.5747354333773,-38.2969255546985,-75.4822578068163,-48.9938788370478,-31.9691669612259
31-Jan-2025 18:13:50,254,34,-0.023778377721707,0.390624672174454,0.0806907837589582,0.568051362037659,-0.0675137281417847,-0.818110287189484,0.0587804958224297,-103.384823475608,-115.797580549133,-71.1355162008804,-66.0059919439221,-56.5208335262769,-39.9585422631019,-83.1169744150742,-52.1773616168126,-33.5431248680455
31-Jan-2025 18:14:30,254,35,-0.020698348308603,0.393207601706187,0.0803907483816147,0.563636084397634,-0.0403276932736238,-0.82149981657664,0.0763290305932363,-102.033087821412,-117.995948043629,-71.3940766398654,-68.6857936063644,-58.6629019460657,-41.2957622413069,-90.3996244550498,-56.1373893155588,-35.473648913221
31-Jan-2025 18:15:11,254,36,-0.0171473562717438,0.396634383996328,0.0789453372359276,0.562194995085398,-0.0293531610320012,-0.82130598227183,0.0923670947551727,-103.622706977127,-119.842630977734,-70.9940083901203,-71.1206635031239,-61.8029555292991,-42.3207838544128,-98.2562412108843,-58.7606894737956,-38.3324560275745
31-Jan-2025 18:15:52,254,37,-0.0139362700904409,0.399891066551208,0.0770946035782496,0.560154143969218,-0.0132903589556615,-0.821201729774475,0.108066766957442,-104.808003537797,-121.738471631644,-70.8646257960102,-73.5080675170419,-63.2670016942548,-43.4147062849692,-105.424841324648,-60.4906258617779,-40.3054046765171
31-Jan-2025 18:16:35,254,38,-0.00758695881813765,0.402329915761948,0.0774700358510017,0.553754679361979,0.0111158474658926,-0.821044397354126,0.138269085685412,-103.468099616451,-122.771214552765,-70.2525505426067,-73.0854743847803,-64.5510722424137,-43.422895979656,-113.232028813101,-67.5296594095502,-42.7016164244471
31-Jan-2025 18:17:16,254,39,0.000261285038626132,0.402812600135803,0.0736485997835795,0.549800022443136,0.0450020511945089,-0.818406422932943,0.160952576994896,-99.2521150463427,-119.916246903838,-67.9081467031119,-72.9510147818083,-64.741140936003,-43.7108108787053,-120.904712141037,-72.282852014759,-44.5388635560244
31-Jan-2025 18:17:58,254,40,0.00886418341348569,0.404290727774302,0.0705505991975466,0.547360897064209,0.0712673380970955,-0.813319762547811,0.183923935890198,-97.1980901518542,-116.467423969887,-65.5975785705716,-72.5856219434812,-64.9842087023076,-43.8385883799359,-128.810143388714,-76.6431241486859,-50.2216283794253
31-Jan-2025 18:18:40,254,41,0.0166207232822975,0.405910992622376,0.0694571832815806,0.542616192499797,0.089012598991394,-0.809152495861053,0.207163447141647,-95.6250450951754,-113.996673393423,-63.9039282915084,-71.9547624874764,-64.9537760049698,-43.5112971822572,-136.231948596261,-82.0069360469719,-54.2271520487379
31-Jan-2025 18:19:22,254,42,0.0255379690478245,0.408062066634496,0.0673899049560229,0.539196662108103,0.105614807705084,-0.801520188649495,0.235961653788884,-94.2924899574015,-110.139958995703,-62.4437369391838,-71.3411697226329,-65.9865930758109,-43.4064716351237,-143.636940783744,-86.0725178274374,-57.7690551410065
31-Jan-2025 18:20:02,254,43,0.0333804254730542,0.409677147865295,0.0659407441814741,0.532402964433034,0.13005405664444,-0.793467875321706,0.264654046297073,-88.5801797790801,-106.265262687355,-60.8002750502285,-70.43621030337,-66.0510350307413,-43.3378789132629,-151.558526461194,-90.6889845489927,-59.5791479447531
31-Jan-2025 18:20:41,254,44,0.0411362126469612,0.41164333820343,0.0647177944580714,0.527063143253326,0.150123150149981,-0.783826394875844,0.292033712069194,-85.4029920804848,-103.206575423693,-57.0401778929578,-69.3105675568973,-66.0062894277164,-43.5874026040385,-159.213408883628,-95.4308937410929,-62.3233356042387
31-Jan-2025 18:21:19,254,45,0.05041214376688,0.414108991622925,0.0625427673260371,0.525760388374329,0.164915470282237,-0.772329755624135,0.316046986977259,-83.9433656217527,-98.455892682374,-54.4717631015295,-68.7495831468199,-66.3569500457139,-42.7209845011322,-167.034939678555,-99.5605241684655,-66.7345706915937
31-Jan-2025 18:21:57,254,46,0.0551691087583701,0.413758862018585,0.0569576419889927,0.538223167260488,0.157288417220116,-0.761216199398041,0.325770032405853,-83.87673746951,-87.754936689342,-49.8609332528622,-66.8490964748586,-66.7436967442715,-42.4421685026917,-167.818903986552,-102.512221416362,-67.1448141106093
31-Jan-2025 18:22:35,254,47,0.0585202100376288,0.413263489802678,0.0537964567542076,0.54941934744517,0.149547819296519,-0.754953567186991,0.325298233826955,-83.4894996272331,-82.5184818268957,-45.7355239956555,-65.1647743869961,-66.3292949980845,-42.5218670558307,-166.844530387672,-105.535848973076,-68.6093193865922
31-Jan-2025 18:23:14,254,48,0.0619025394320488,0.412735044956207,0.0526578816274802,0.556126161416372,0.144620006283124,-0.750408971309662,0.326642191410065,-82.8669569399391,-80.6892775297422,-42.827825034179,-63.438534591183,-66.0393190295254,-43.0058228847595,-165.665987835353,-108.820441684199,-68.7259555910589
31-Jan-2025 18:23:54,254,49,0.0644683490196864,0.412735797961553,0.05233182584246,0.562689578533173,0.133965293566386,-0.746844351291656,0.328111668427785,-83.1767618301365,-78.1636985152352,-41.5039812205677,-61.8413359413947,-65.2865559497801,-43.2419073515831,-165.060360806316,-111.785516972527,-69.3686572597673
31-Jan-2025 18:24:33,254,50,0.0665796195467313,0.41246497631073,0.0527885305384795,0.56577133735021,0.12901025613149,-0.745234251022339,0.328458688656489,-83.1277405090797,-75.8899321420514,-40.6720649808889,-60.5336578646186,-64.6023993144418,-42.9790561373542,-163.541191538918,-114.740833549458,-70.0493916605968
31-Jan-2025 18:25:15,254,51,0.0681152914961179,0.412784093618393,0.0519511217872302,0.573703408241272,0.118744962414106,-0.744009904066722,0.321268272399902,-83.7993060823956,-74.6420720895296,-39.6361125281764,-60.7207400743488,-64.7775459013072,-43.2167370825991,-161.790251152341,-117.241270770689,-71.4241424274866
31-Jan-2025 18:25:59,254,52,0.0712350944677989,0.41287716627121,0.0530680000782013,0.575925449530284,0.115258255104224,-0.743336049715678,0.320120227336884,-83.6311651028981,-74.2821651973387,-39.4731419689471,-59.855202427332,-63.6573440992743,-43.1796841075808,-161.498425206174,-120.039268314071,-71.4959013774067
31-Jan-2025 18:26:45,254,53,0.0714669764041901,0.412763341267904,0.0528568955759207,0.576277995109558,0.116954056918621,-0.7456751704216,0.313359194993973,-83.1931708469937,-74.1412348853133,-40.1216623564593,-60.2633548519417,-64.2144681027923,-43.6052641724309,-160.361156480212,-123.436046018528,-71.8911644188419
31-Jan-2025 18:27:31,254,54,0.0725029463569323,0.412713674704234,0.0534186489880085,0.578739905357361,0.111883753538132,-0.749662935733795,0.300911384820938,-83.370249952886,-73.0597928633706,-40.2009282173424,-60.8583523123647,-62.7602550090858,-43.7371607572152,-158.351166364353,-126.007213803523,-73.2731795060347
31-Jan-2025 18:28:15,254,55,0.0653374234835307,0.409763425588608,0.0513545863330364,0.582749426364899,0.0954166357715925,-0.754390168190002,0.286695438623428,-84.7953062240362,-70.9226552893138,-38.6961194232475,-60.3771914910034,-63.1086801249054,-43.2196414379503,-153.598816104541,-121.405307743525,-68.9242086303899
31-Jan-2025 18:28:59,254,56,0.0558886140584946,0.406612833340963,0.051630611717701,0.578467377026876,0.0883172541856766,-0.76519650220871,0.268421103556951,-87.0866308356356,-72.9003897877775,-41.2114969974954,-60.8427419285954,-64.9792709664189,-43.0412012486688,-148.440785497255,-115.359499203662,-65.3844257661846
31-Jan-2025 18:29:41,254,57,0.0448140598833561,0.404637181758881,0.0484196665386359,0.580056889851888,0.074443174401919,-0.772249166170756,0.248240743080775,-90.1110896174595,-72.8105603225015,-40.8619677559147,-62.606647995664,-68.2859446707793,-42.8823006243791,-144.429914716232,-107.316739423866,-61.1992369076989
31-Jan-2025 18:30:24,254,58,0.0365812681615353,0.403754615783691,0.0449192754924297,0.57977108558019,0.0774623344341914,-0.775721263885498,0.236900066335996,-90.2771154843957,-71.9119488753556,-41.3299851064196,-65.244731877471,-70.7356598065632,-43.4831697825854,-143.317623848341,-99.8505040241032,-55.4913450520731
31-Jan-2025 18:31:05,254,59,0.0268190757681926,0.402442842721939,0.0421534135937691,0.581179455916087,0.0671533529957136,-0.782202657063802,0.214195947845777,-92.7639248938881,-72.1089464372747,-41.0067757529673,-67.7199046666472,-72.9818956580588,-43.5639238320395,-138.854622937014,-92.5975308143576,-52.1721016978772
31-Jan-2025 18:31:47,254,60,0.018024243041873,0.401232095559438,0.0401769737402598,0.581756297747294,0.0591728081305822,-0.787253379821777,0.195679125189781,-94.2361260746585,-72.4787485037264,-41.4129530475365,-71.1636219095079,-75.9513918674102,-43.8346203271177,-134.891267003971,-85.4511886996203,-47.6471825943962
31-Jan-2025 18:32:28,254,61,0.00973504701008399,0.40136421918869,0.0373449097077052,0.582254870732625,0.0539830955366294,-0.792901988824209,0.1713813940684,-96.326023141068,-72.3349528224443,-41.5088236661164,-75.2416113792108,-78.0825182556896,-44.8752880450078,-131.85273356007,-78.5831621323873,-43.7944256162728
31-Jan-2025 18:33:08,254,62,0.00227873007146021,0.401146038373311,0.0348383985459805,0.583264668782552,0.0412625901401043,-0.796265133221944,0.155118005474408,-98.199768150297,-73.4343582672955,-41.2245409467016,-76.636736962335,-83.244459733433,-46.1509413743039,-127.851611360738,-67.4292933389063,-42.302749700828
31-Jan-2025 18:33:51,254,63,-0.00184860728525867,0.401298721631368,0.0324615766604741,0.586543528238932,0.0315883092582226,-0.799360088507334,0.126460832357407,-99.5904371309357,-72.9053642752131,-41.8001815582895,-80.0654306021697,-86.6218087559083,-47.319087509303,-123.219194783693,-63.6575034323015,-41.2416143167226
31-Jan-2025 18:34:34,254,64,-0.00506015568971634,0.401232490936915,0.0288868403683106,0.588084268569946,0.0178198004762332,-0.80220334927241,0.101534214119116,-101.789568097279,-71.637170564664,-40.7807838353788,-82.4859082703597,-89.2568615507496,-48.5834800471536,-118.94613101779,-60.2767529691345,-40.7707491982869
31-Jan-2025 18:35:16,254,65,-0.00566887979706128,0.398949660857519,0.0227119812120994,0.592496724923452,0.0402656227350235,-0.80177712837855,0.0669313316543897,-95.5309814546078,-66.407827278909,-39.0889371156353,-86.0189200636423,-92.3004100132383,-50.0316627055649,-112.755572602005,-58.5219784299927,-39.6685923422418
31-Jan-2025 18:35:57,254,66,-0.00981246350953976,0.395952026049296,0.0185704480856657,0.594690561294556,0.0464684039354324,-0.80168118874232,0.038615054388841,-90.1495103083625,-65.1936840635374,-39.398330812267,-86.8623778640138,-95.3083844188185,-51.7289069646891,-106.242352389006,-56.0024637517104,-38.1140030526142
31-Jan-2025 18:36:38,254,67,-0.0116519338140885,0.393680292367935,0.0119359758372108,0.596296278635661,0.057188638796409,-0.800667802492777,0.00955383963882923,-85.0565969103303,-60.5121408833574,-37.4083447170865,-87.8610586679296,-99.5735717959445,-53.2506820241697,-100.0178012774,-54.1505790038578,-36.5581975461953
31-Jan-2025 18:37:18,254,68,-0.0131019742538532,0.391704306999842,0.00805986908574899,0.596632866064707,0.0698564325769742,-0.799253114064534,-0.018541606888175,-80.0329623864046,-59.3468977207733,-36.7436687259998,-90.2123509736177,-101.167365658843,-54.6847224838285,-94.3875847164908,-52.9325092212201,-35.3767839313807
31-Jan-2025 18:37:57,254,69,-0.015276816735665,0.389373181263606,0.00225747117462258,0.596184368928274,0.0907063101728757,-0.796641953786214,-0.0412095797558626,-71.8189672995322,-58.8148045669872,-36.2916477869601,-91.8899490301918,-103.675462764629,-58.4748956435764,-88.9045354309295,-51.3563469211898,-34.1575662623683
31-Jan-2025 18:38:37,254,70,-0.018901688978076,0.386461774508158,-0.00451681703949968,0.593075223763784,0.105213268597921,-0.794274032115936,-0.0795032252868017,-64.9347919311865,-57.6242864176001,-35.3459543739437,-93.9056999622091,-106.115711491857,-61.1931351533689,-80.4200697830422,-49.5261383624633,-32.919446566257
31-Jan-2025 18:39:15,254,71,-0.0209421244760354,0.384043194850286,-0.0106160892173648,0.590762380758921,0.127560320496559,-0.789906152089437,-0.103809806207816,-58.1905264221041,-55.5045557704124,-34.3784247239392,-95.7905273319478,-110.397036029807,-62.4754078381836,-74.034895953992,-46.4439066743886,-32.7968758565962
31-Jan-2025 18:39:54,254,72,-0.0242983331282934,0.382796877622604,-0.0177937274177869,0.588086140155792,0.140238792697589,-0.785961504777273,-0.129430759946505,-52.0412158426533,-53.5952188743244,-33.7749769554404,-97.6098929205473,-113.723898473118,-64.5396971105095,-67.9493680343604,-44.6856634216399,-32.0320796401607
31-Jan-2025 18:40:20,254,73,-0.0219074554741383,0.380037462711334,-0.0233556855469942,0.582973583539327,0.15442481637001,-0.783827678362529,-0.148016712069511,-42.3643827280184,-36.7160788537864,-23.0035701276947,-94.8965276185772,-108.92352986911,-60.0199946765911,-61.9386630694379,-43.2144143865541,-30.6461706703379
31-Jan-2025 18:40:44,254,74,-0.0233532978842656,0.377887233098348,-0.0238229651004076,0.580202730496724,0.149909885724386,-0.784527846177419,-0.159398656090101,-34.5237883457914,-27.8020372710233,-17.4231837703255,-94.4917968713223,-107.859545741441,-58.3582963895504,-55.8903695818701,-41.5116624602998,-25.2747053238214
31-Jan-2025 18:41:09,254,75,-0.0300924219191074,0.376493827501933,-0.0273552467425664,0.573244015375773,0.136040795842807,-0.786583669980367,-0.184852177898089,-27.4513133297684,-23.3205449071478,-14.5883076481444,-95.316383401425,-108.888753851943,-58.2006001759485,-46.0732818329797,-36.5431590884613,-22.110461788958
31-Jan-2025 18:41:59,254,76,-0.0269634825487932,0.380195420980454,-0.0227039599170287,0.569585267702738,0.136947485804558,-0.787078801790873,-0.193196759621302,-45.7910754255752,-51.5141429969247,-30.0364761500826,-102.918391983937,-113.394100912987,-62.6280579992158,-50.597058158693,-41.9759218440394,-30.3352816694465
31-Jan-2025 18:42:25,254,77,-0.0225945573300123,0.382114992539088,-0.0218848805874586,0.572401964664459,0.17012687822183,-0.777409958839417,-0.197602082292239,-29.7853673629332,-31.0533783914235,-18.421022210818,-108.915229885788,-107.922746033574,-58.1690163408429,-54.8911359190757,-43.8922467382215,-26.1744070028483
31-Jan-2025 18:43:17,254,78,-0.0228321834156911,0.386251060167948,-0.0177496780951818,0.573301223913829,0.171949619054794,-0.774895191192627,-0.203215384483337,-46.7819242210666,-54.0654324382836,-32.3487570509517,-115.834482447308,-112.838040183932,-60.4417249416498,-59.5203643967929,-45.8503527017055,-33.2956850627067
31-Jan-2025 18:43:41,254,79,-0.0214950216313203,0.387791870037715,-0.0183037069936593,0.574827492237091,0.204957682887713,-0.76251761118571,-0.214785002668699,-26.0546135395879,-29.1388958113236,-17.8730862807849,-122.164942338664,-106.146658849176,-55.8803086720466,-62.8171682331776,-43.4043491998405,-27.6080394857934
31-Jan-2025 18:44:41,254,80,-0.0207328314582507,0.392756724357605,-0.0114882652958234,0.57499080101649,0.204544341564178,-0.760126423835754,-0.223058350880941,-49.3903690883033,-59.2180638474548,-35.2457127054676,-129.701005894937,-109.776939771862,-57.2018299672384,-67.9977597488959,-48.581290965301,-34.4159320904943
31-Jan-2025 18:45:37,254,81,-0.0186226564149062,0.397044028838476,-0.0103351909046372,0.572967608769735,0.221274323264758,-0.75503617922465,-0.229491117596626,-51.3326577521159,-61.525084215131,-35.6174877275754,-136.864871283669,-110.46805182327,-57.1148200448277,-73.370245104281,-50.5197053644243,-36.5965937860023
31-Jan-2025 18:46:03,254,82,-0.011874450246493,0.398694109916687,-0.00860230090717475,0.566925716400146,0.260377750794093,-0.744782710075378,-0.236848923563957,-22.0282129734759,-28.4210307485784,-16.9138370483954,-143.01763758863,-102.564579439039,-52.5735445136157,-79.4386773794995,-52.4138560803789,-30.2386400269138
31-Jan-2025 18:47:04,254,83,-0.0134591872493426,0.400058615207672,-0.00426589998727043,0.578397492567698,0.248833801349004,-0.749522964159648,-0.204336607456207,-50.643335679671,-63.1206790835277,-37.0230167497402,-140.335238581441,-108.9458458545,-56.6045755586203,-84.3655181689364,-52.5013276996114,-37.9650287848196
31-Jan-2025 18:47:30,254,84,-0.0116240774591764,0.398672429720561,-0.00863272218654553,0.586328514417013,0.261733676989873,-0.748014469941457,-0.167894955476125,-26.9342750252523,-32.9800589599187,-19.963340025763,-133.23756480331,-109.50346616105,-56.5595402014246,-88.5663456883316,-49.0902333980517,-31.1817636790763
31-Jan-2025 18:48:27,254,85,-0.0121024102593462,0.400320835908254,-0.00708460525299112,0.595929455757141,0.249633219838142,-0.75176100730896,-0.131934656699498,-49.5881226905278,-63.7193046070327,-37.0442350891248,-131.957253639708,-113.374263413146,-62.1264716431288,-95.029166572706,-52.779856136096,-38.6686716415084
31-Jan-2025 18:48:53,254,86,-0.00707903311898311,0.400791295369466,-0.00957752205431461,0.599783106644948,0.258228637774785,-0.750732092062632,-0.0998973776896795,-28.7484245156495,-34.8984831395061,-20.9454160461562,-124.06062378337,-116.426649138015,-61.7243864842829,-100.37298413957,-56.6448373939422,-32.2156661380283
31-Jan-2025 18:49:48,254,87,-0.00975873600691557,0.402146192391713,-0.0110223796218634,0.612681047121684,0.239238428076108,-0.751316086451213,-0.0539543258647124,-52.0119534206952,-63.1476281146611,-37.6067399500223,-122.005834580664,-120.49482909927,-66.5877930251619,-105.982300047679,-55.6474979116894,-40.017703901592
31-Jan-2025 18:50:12,254,88,-0.00968817466249069,0.401919410626094,-0.0133486579482754,0.622967680295308,0.247292798757553,-0.742051903406779,-0.0107896917810043,-32.302095865702,-36.3067563111552,-22.0481353273059,-113.121965704774,-124.470906178718,-66.5839454159034,-110.97436512641,-51.8439980593871,-33.3472632986777
31-Jan-2025 18:51:10,254,89,-0.0147741882751385,0.403254123528798,-0.0157231543213129,0.623947775363922,0.232804198066394,-0.745386981964111,-0.0298272089411815,-51.8660710768892,-64.4000661558021,-37.842080463787,-118.733142814117,-126.921494236832,-71.1671709451091,-108.139699028393,-52.8318479103878,-39.7482174604363
31-Jan-2025 18:51:34,254,90,-0.0210518706589937,0.401182186603546,-0.0219571753094594,0.627846682071686,0.236361889044444,-0.739655387401581,-0.0533992936213811,-41.6366996730668,-37.3208718057829,-22.4435434686226,-118.812050005164,-121.811556574494,-65.7585829367805,-100.125720223031,-47.9056576688762,-31.6560520305755
31-Jan-2025 18:51:57,254,91,-0.0220462281256914,0.398838653167089,-0.0194943184653918,0.623713648319244,0.238868016997973,-0.739888445536296,-0.0805508404970169,-39.9106549617397,-24.2054253584315,-14.9237654076354,-120.399822237062,-117.87135605193,-62.6290881596846,-93.1970850639978,-44.5974473811083,-27.3423268049049
31-Jan-2025 18:52:24,254,92,-0.0152415276194612,0.396843504905701,-0.0143245087936521,0.610104596614838,0.237495581309001,-0.748231875896454,-0.107318766911825,-42.5112735966602,-18.1468528624141,-11.4933668137367,-122.817026989387,-114.816024099254,-60.5641399982051,-91.611121728128,-48.5482270702124,-37.2178216813294
31-Jan-2025 18:53:18,254,93,-0.0212788940717777,0.398052261273066,-0.0136521073679129,0.606123145421346,0.215395564834277,-0.752964735031128,-0.138793440659841,-50.3502239047045,-62.2667173420642,-36.2076579533821,-126.098948001925,-119.778126431521,-64.4314651445339,-85.4964943038402,-49.7535017477524,-37.4629266088014
31-Jan-2025 18:53:58,254,94,-0.0249222446233034,0.398844923575719,-0.013111835035185,0.597279270490011,0.189274453123411,-0.760539042949677,-0.170332097013791,-56.9083400493108,-61.5758003095476,-37.6442939597998,-128.838227144569,-119.22394590626,-65.4149269447667,-79.5175348353433,-51.0110239195103,-29.6678365617973
31-Jan-2025 18:54:41,254,95,-0.0253691559036573,0.399110261599223,-0.0106056599567334,0.585422972838084,0.16369461119175,-0.768252829710642,-0.200677978992462,-62.5260391121979,-62.7044925209475,-38.1671023996036,-131.531185352267,-118.311623952234,-66.0064570719516,-74.5814093447419,-51.8446698383772,-35.777649027555
31-Jan-2025 18:55:22,254,96,-0.0293763523300489,0.40028692483902,-0.00879163431624571,0.572850330670675,0.129514451821645,-0.774593166510264,-0.234678503870964,-68.9485296342256,-64.5179893543057,-39.3579970561004,-135.100983092491,-117.370231283827,-65.7270213626125,-69.3417008430883,-52.3913776307987,-27.9149127496937
31-Jan-2025 18:56:08,254,97,-0.0285622214277585,0.401260010401408,-0.00290853139013052,0.559553853670756,0.0978822921713193,-0.77973192135493,-0.263318661848704,-75.7734158858235,-65.5488884986431,-39.8329348209438,-137.609200598979,-115.514303258229,-63.5121027350114,-63.8002008359085,-53.1696163599974,-36.1659021000228
31-Jan-2025 18:56:47,254,98,-0.0271141981085142,0.402691229184469,-0.00227434422510366,0.541712164878845,0.0620126058657964,-0.787317176659902,-0.287809018294017,-85.7245000022065,-44.8134887984693,-38.9748941399604,-140.486627988598,-115.001107554035,-61.5294426482794,-58.7828050759657,-53.5386205575847,-37.3237542644472
31-Jan-2025 18:57:35,254,99,-0.0280949767678976,0.403978178898493,0.00427403102318446,0.536253555615743,0.0455456132690112,-0.786612566312154,-0.302652376890182,-91.1636830509821,-68.2449396760413,-41.0503642360636,-143.923660319783,-110.584278010543,-59.8129118319819,-56.6524614396413,-54.6030074893663,-36.8100378359192
31-Jan-2025 18:58:21,254,100,-0.0259517061213652,0.406036802132924,0.00727374016617735,0.528560475508372,0.0219579314192136,-0.787957918643951,-0.31506197253863,-98.0969155659539,-67.7848158424856,-41.4425897207102,-146.665495121751,-108.115631547403,-58.4544456509016,-54.5406438651261,-57.1400857882451,-37.260537110915
31-Jan-2025 18:59:52,247,1,0.00432602046057582,0.309536916017532,0.0425569946567218,0.587133371829987,-0.000994654418900609,-0.809489103158315,-0.000906212984894713,-4.87500000000001,-9.9,-5.02500000000001,-5.47500000000001,-11.475,-4.87500000000001,-4.05,-7.20000000000001,-5.85000000000001
31-Jan-2025 19:00:22,247,2,0.00456230749065677,0.316571058829625,0.0416260192791621,0.588572609424591,-0.0217701700826486,-0.80815091530482,-0.000706629691800723,-16.4451581819558,-13.8306352947152,-6.79088117682916,-10.4100293817242,-15.5689809908064,-8.01630655727436,-8.90949109440858,-11.5577892667507,-10.3794560401978
31-Jan-2025 19:00:54,247,3,0.00720105773458878,0.321553174654643,0.0423836536705494,0.589832651615143,-0.0269091421117385,-0.807041354974111,0.0075928080206116,-21.3590663639116,-18.7362705894303,-7.41301235365829,-14.8763087634484,-19.2317119816127,-10.2013631145487,-14.8189821888171,-16.2530785335014,-13.7839120803955
31-Jan-2025 19:01:27,247,4,0.0105079036826889,0.325974436601003,0.0433580053349336,0.590361404418945,-0.0246525656431913,-0.80653520822525,0.0191491396476825,-26.6948495458674,-21.5044058841455,-8.21326853048741,-18.5082131451725,-21.1038179724191,-11.7582946718231,-20.3534732832257,-24.0421178002521,-16.9258681205932
31-Jan-2025 19:02:01,247,5,0.0110867774114013,0.330350116888682,0.0438380112250646,0.591065470377604,-0.030310803403457,-0.805879259109497,0.0167799156159163,-32.1665702278232,-23.2787911788607,-10.6025872073165,-22.1729300268967,-23.2806114632255,-13.2261637290974,-24.0504643776342,-27.6780320670027,-19.6365741607909
31-Jan-2025 19:02:36,247,6,0.0116425121203065,0.334156940380732,0.0457061536610126,0.592341466744741,-0.0495731530090173,-0.80411567290624,0.00849422744164864,-39.356259659779,-27.106301473576,-12.8114371341456,-25.4040531586209,-23.959748704032,-15.0995015363717,-25.2537054720428,-31.1873838337534,-22.4316552009886
31-Jan-2025 19:03:12,247,7,0.0127318018426498,0.338142997026443,0.045987444370985,0.593179063002269,-0.0582231325407823,-0.802931423981984,0.00706108926484982,-43.8799334667348,-30.3103742682915,-14.0300526859747,-28.418379415345,-26.9650578198384,-16.7255737186461,-28.2100715664513,-35.3084543505041,-25.4189237411864
31-Jan-2025 19:03:48,247,8,0.0136781079073747,0.342073973019918,0.0472559660673142,0.593412478764852,-0.0626990516980489,-0.80238911708196,0.0101073520878951,-48.5705994611906,-32.152728313007,-16.1035510503038,-31.9243072345692,-28.6584528731448,-18.0030130884204,-32.1930001608599,-40.1853842422548,-28.1272860313841
31-Jan-2025 19:04:25,247,9,0.0109912943094969,0.342783347765605,0.0489458598196506,0.591829307874044,-0.0769559269150098,-0.802094344298045,0.0214609127491713,-51.9183293433721,-32.2555337690963,-16.7842772927073,-28.1253688491526,-28.7088480469615,-17.2092431740627,-34.3288390171575,-39.7715627126148,-25.033487843423
31-Jan-2025 19:05:03,247,10,0.00733630266040564,0.343749384085337,0.0501569593946139,0.58885995944341,-0.0999954715371132,-0.800590928395589,0.0479483490188917,-56.9953072724286,-32.6929095376855,-17.4162242382358,-24.1868308543609,-29.1437647051533,-17.52831505658,-39.0838184984551,-37.1842060267248,-22.5824630929619
31-Jan-2025 19:05:41,247,11,0.00546860421697299,0.344990491867065,0.0503813035786152,0.5850346326828,-0.121824092169603,-0.798214284578959,0.0758114794890086,-62.7869092249226,-33.4475704625246,-15.9237815353269,-19.6534930548818,-30.6709421055325,-17.4288078375347,-42.4483682922527,-31.1850817627098,-20.6778250612509
31-Jan-2025 19:06:20,247,12,0.00122678807626168,0.346185952425003,0.0529035607973735,0.576778137683868,-0.153661421934764,-0.795523063341777,0.10420273989439,-68.8608231891353,-34.5108739654888,-16.3691440081992,-15.6477553530589,-31.0942498770054,-17.7950110677083,-45.2677032423003,-27.2300737096322,-17.9213803889148
31-Jan-2025 19:06:56,247,13,0.00574041353538632,0.347594481706619,0.0505282491445541,0.582282058397929,-0.131954978903135,-0.796455121040344,0.0958893368641535,-67.2085737395698,-34.8690619836508,-15.5345916649187,-18.8733557464697,-31.0831727291501,-18.1337454529424,-46.9399739827162,-30.5514191499823,-20.5470810731344
31-Jan-2025 19:07:33,247,14,0.00714910455668966,0.349004977941513,0.0489500552415848,0.584705865383148,-0.112881625195344,-0.799116587638855,0.0823984861373901,-66.151902292934,-34.7794106463441,-17.2469906155835,-23.1308561642945,-32.9711281740682,-18.9264074504813,-48.3634410121946,-34.9837936430667,-22.3973300971979
31-Jan-2025 19:08:11,247,15,0.00946044207861026,0.350359739859899,0.0470789988835653,0.587184305985769,-0.0935725758473078,-0.801041972637176,0.0692138771216075,-64.5680198477631,-35.7408396313032,-18.057865213221,-27.8293065943264,-34.083599915373,-20.0960332541724,-49.4375061862042,-39.5216826625183,-24.4598532911832
31-Jan-2025 19:08:48,247,16,0.0125847625856598,0.351984477043152,0.0473464496433735,0.588923064867655,-0.0657422706484795,-0.80260226726532,0.0683900793393453,-62.1205319033246,-36.4028087773951,-19.0179776343449,-33.3482320304617,-34.5083298048714,-20.4041409609398,-52.8868704324794,-42.1623289451535,-26.6285135701294
31-Jan-2025 19:09:26,247,17,0.0137312849983573,0.353258383274078,0.0471398048102856,0.588942344983419,-0.0458936763306459,-0.804755798975627,0.0583853885531425,-59.6912412092523,-38.6400480040534,-20.5027089672119,-37.8523949696489,-36.0141887684665,-20.8814896192453,-54.1488842148874,-45.2043538593806,-28.7002423915561
31-Jan-2025 19:10:04,247,18,0.014786033394436,0.355072611570358,0.0474220273395379,0.588711035251617,-0.0245088881502549,-0.806921414534251,0.0411885586877664,-57.6460491403632,-41.139922270995,-23.0747497559505,-42.4491766603619,-37.38561226911,-21.8184587533197,-54.9922227653619,-49.3470680894035,-30.948505484223
31-Jan-2025 19:10:44,247,19,0.0154656828691562,0.356474866469701,0.0479668219884237,0.588632301489512,-0.00656349736576279,-0.808023202419281,0.0238214522600174,-55.8679063840655,-43.8461140580781,-25.2154452726248,-47.3922677268378,-38.6148180382778,-22.6852381252788,-54.9512236998696,-53.6651269773243,-33.2100357125101
31-Jan-2025 19:11:24,247,20,0.0166540324687958,0.357509072621663,0.0482810914516449,0.587440093358358,0.0125438004732132,-0.80916063785553,0.00399010482554634,-53.6232882840637,-47.3304646052321,-27.2154681532671,-52.2085134811952,-38.7979149417075,-24.11692261618,-54.6930558263939,-57.9958581941941,-35.9281995086072
31-Jan-2025 19:12:03,247,21,0.0170397603263458,0.357867497205734,0.0498280189931393,0.586190903186798,0.0192867257942756,-0.80947003364563,-0.0276864101489385,-50.0954325122097,-51.3538945324214,-29.5201547158933,-56.9613365794934,-39.2079574122683,-25.3060596665525,-48.5513035489265,-61.8079255755384,-39.8496800886093
31-Jan-2025 19:12:43,247,22,0.0210932575166225,0.359041235844294,0.0533144948383172,0.587304151058197,0.0128420331204931,-0.809096352259318,-0.0164934061467648,-51.3599659247643,-54.4296046414891,-31.4320599070249,-55.1380381484781,-39.7106059545124,-25.3770061823027,-50.0481042203902,-67.2969483121313,-42.5169792386528
31-Jan-2025 19:13:25,247,23,0.0266655298570792,0.360743757088979,0.0579071037471294,0.588174076875051,0.00947983413934708,-0.808238577842712,0.0266802533219258,-52.8286899193559,-58.0900845955656,-33.0076310186525,-48.573884053448,-39.3699908885392,-26.4373158379206,-58.5490087908558,-73.1438050898429,-45.8601075846726
31-Jan-2025 19:14:07,247,24,0.0310550171881914,0.362085282802582,0.0618375808000565,0.586191884676615,0.0149024553596973,-0.807260016600291,0.066994896531105,-52.7495092049659,-63.2429494721465,-35.4650350905281,-43.7643021264104,-39.8827440184573,-26.8673070634724,-65.6769653108225,-78.2695788881137,-49.2411505286805
31-Jan-2025 19:14:49,247,25,0.0358260251581669,0.363305948177973,0.0662558630108833,0.584839542706807,0.0152677324290077,-0.803851552804311,0.107481736938159,-53.1713761360852,-66.1420068099796,-37.7633556425277,-38.2570062833692,-40.0721812463211,-26.9071390739912,-71.8934478055397,-83.5598111966642,-52.4911507716824
31-Jan-2025 19:15:19,247,26,0.043279358992974,0.362599430481593,0.070638940234979,0.584221796194712,0.0120498680820068,-0.799473396937052,0.13921940823396,-51.4437668899591,-65.4391603784388,-35.0321344345894,-29.4758534823262,-17.149960523157,-12.4268914769935,-73.9041932876322,-88.0322727603546,-49.7506296641815
31-Jan-2025 19:16:06,247,27,0.0436590306460857,0.366893428564072,0.068071045478185,0.586449042956034,0.00753046398361524,-0.797518956661224,0.141366177797317,-56.7414195552103,-68.7103620622111,-39.911142346682,-33.9077722022821,-42.4469108244803,-29.2366040762374,-77.5620702634124,-93.6708489516148,-56.239847881429
31-Jan-2025 19:16:33,247,28,0.0481779433786869,0.367429633935293,0.0728859787185987,0.583632683753967,0.0154666772733132,-0.799193286895752,0.142911604046822,-54.5267031761502,-69.8435878036399,-37.7952648187901,-21.6962266827377,-19.3284466380461,-14.3662967736023,-76.0435129860364,-98.54248245666,-54.4439357610508
31-Jan-2025 19:17:26,247,29,0.0479194606343905,0.372876866658529,0.0682866290211677,0.583933059374491,0.0238242329408725,-0.799252947171529,0.140176034967105,-59.8058022749344,-73.057825573897,-45.306944570906,-40.0879490434428,-44.9772752077344,-31.8809795200275,-83.7117385820822,-104.680644618598,-59.7554584718597
31-Jan-2025 19:18:00,247,30,0.0515617378056049,0.373752967516581,0.0727600698669752,0.579225091139476,0.0310067502160867,-0.800884811083476,0.148729402820269,-58.1818091126408,-75.5875693585682,-42.1074029630257,-19.1813053442731,-21.5097501554827,-15.938157290983,-84.4983556148391,-109.502071108982,-59.0206985982622
31-Jan-2025 19:18:57,247,31,0.0523165345191956,0.379634213447571,0.0707498500744502,0.578033562501272,0.0367143459618092,-0.801065365473429,0.151074759165446,-63.1562698198082,-78.8250661504464,-49.5272506751474,-44.7754786151663,-48.1090482922622,-34.9415825742037,-91.6691683659513,-115.315129763589,-63.2877974324614
31-Jan-2025 19:19:29,247,32,0.05256539011995,0.379799185196559,0.0713890577356021,0.587357699871063,0.0125492440536618,-0.792928560574849,0.161609943707784,-66.0578931538849,-74.9181519418564,-43.1116902114815,-25.4906581636736,-25.88216718603,-19.2423771110412,-90.2204984767295,-112.304168310969,-59.8624484421373
31-Jan-2025 19:20:21,247,33,0.0554700888693333,0.38389759461085,0.0645190005501111,0.602030007044474,-0.00728802252560854,-0.782161823908488,0.160404849052429,-75.7091299553269,-71.863175985068,-39.5759770778161,-44.4185419546968,-50.8219918770561,-36.8797335259449,-95.2803775170965,-117.453614899405,-65.2625641287624
31-Jan-2025 19:20:46,247,34,0.059814665466547,0.386031874020894,0.0652570098638535,0.610621321201325,-0.0233287091056506,-0.77062847216924,0.180911962191264,-79.2101734904516,-68.4091691541806,-36.8801876091509,-29.2777778669777,-30.4201694667104,-22.0603708798818,-98.3445310222579,-120.458265508369,-60.0754121538621
31-Jan-2025 19:21:36,247,35,0.0554699644446373,0.388853498299917,0.0582341382900874,0.616759773095449,-0.0312331662823757,-0.76715354124705,0.173514733711878,-84.7361203924175,-70.2306468862436,-35.6543599729859,-45.2526898398874,-52.5225235056796,-40.8126487033353,-101.235821759817,-119.915518127597,-62.569626348199
31-Jan-2025 19:22:06,247,36,0.0528557640810808,0.388525813817978,0.0617662005126476,0.622565142313639,-0.0675780509908994,-0.757195583979289,0.185743579268455,-90.3745189778041,-64.5648668997818,-33.5885132530709,-33.5104398431117,-34.1519657693055,-25.7257467615471,-98.9406811135738,-109.799071751957,-57.6545236271547
31-Jan-2025 19:22:51,247,37,0.0480180787543456,0.390964772303899,0.0596347786486149,0.617225933074951,-0.0819517940282822,-0.761365298430125,0.180662572383881,-97.719143404901,-64.1554580540577,-37.9276569912809,-43.9096088614931,-55.3949521452604,-37.0692549371378,-102.97732477543,-112.220775878883,-60.2847624484196
31-Jan-2025 19:23:32,247,38,0.0458107670148214,0.39380854566892,0.0611936531960964,0.618893325328827,-0.101332821945349,-0.75703166325887,0.183318849404653,-103.441880752853,-65.9242347787023,-39.6942959585534,-45.3544873874533,-55.3447105773796,-38.3029681714183,-105.229860591337,-111.686555257092,-61.2876720408392
31-Jan-2025 19:24:10,247,39,0.0457584410905838,0.39590127269427,0.0608757783969243,0.62007474899292,-0.122436971465747,-0.751667511463165,0.188447601596514,-109.553674561233,-59.1071042885313,-39.0496825403572,-45.2472206672028,-57.1728550375808,-37.0317839350435,-107.115342484268,-110.274372260942,-61.5519170188362
31-Jan-2025 19:24:52,247,40,0.0386188636223475,0.398718615372976,0.0609424099326134,0.617332617441813,-0.146341608961423,-0.749662748972575,0.188388898968697,-117.284996599826,-68.0970201909525,-39.6744429294266,-47.2138813238469,-57.990192511823,-39.8331509633412,-109.042297415711,-107.523208077613,-60.9218296896218
31-Jan-2025 19:25:35,247,41,0.0335361542801062,0.401344805955887,0.0612075549860795,0.61370929479599,-0.170042418440183,-0.746070003509521,0.194489271442095,-123.876082753527,-70.8904592896697,-38.1588902221288,-47.7425056689384,-61.4521264930858,-40.995793623975,-111.814988866411,-104.852553300695,-59.2445762068017
31-Jan-2025 19:26:14,247,42,0.0341321850816409,0.401905506849289,0.0622125695149104,0.614967807133992,-0.174121487140656,-0.746874495347341,0.183506962656975,-125.753304874482,-71.9512452993,-40.0562035790583,-49.0670314750659,-61.8636582881427,-40.7404538369471,-109.902865973693,-107.587812501315,-59.5517992403739
31-Jan-2025 19:26:55,247,43,0.0307674718399843,0.402080166339874,0.0651551321148872,0.614003229141235,-0.181166380643845,-0.750634928544362,0.163480932513873,-127.195468024214,-75.3254121080044,-44.530938661896,-51.2320482033052,-62.2613392099548,-40.9379329580032,-107.039677210789,-109.330699053538,-60.4972307355447
31-Jan-2025 19:27:38,247,44,0.0303026477495829,0.403438510497411,0.0683002859354019,0.615368696053823,-0.186046611269315,-0.751779007911682,0.14675275683403,-129.170101688335,-78.6562693162457,-46.7693846076877,-53.6673103926005,-62.0520946951444,-41.3618215331014,-105.425955512793,-111.402399281562,-62.7367664615148
31-Jan-2025 19:28:21,247,45,0.0281039451559385,0.404164431492488,0.0707218959927559,0.615756630897522,-0.192237403988838,-0.752944831053416,0.130240859587987,-131.035970609649,-83.9904717242556,-49.0896859849565,-56.6126953124237,-63.714387462023,-42.2739148352207,-103.01196734725,-114.388506347486,-63.9733543028846
31-Jan-2025 19:29:06,247,46,0.0270966246724129,0.405089312791824,0.0733257298668226,0.618443914254506,-0.196324497461319,-0.75336712996165,0.10687294403712,-133.072457159561,-89.5763467321497,-50.7009150779639,-59.3631415975109,-63.3874488697459,-42.6051105008506,-100.122845947933,-116.706816832361,-65.2334682019541
31-Jan-2025 19:29:51,247,47,0.0263592420766751,0.406694247325261,0.0761352986097336,0.620775997638702,-0.200182613730431,-0.752688189347585,0.0895800486207008,-135.044252523772,-94.3880580399859,-55.4076080288405,-61.94111856523,-64.015894597891,-42.7208573482357,-98.7211579317305,-118.766229026712,-67.1053451298736
31-Jan-2025 19:30:38,247,48,0.0242344119896491,0.408054860432943,0.0799440562725067,0.620635906855265,-0.197187299529711,-0.754767100016276,0.0790880128741264,-136.158702295131,-100.087687497793,-60.3120329086517,-64.9578608742652,-64.1470324862472,-43.1788797864985,-97.7631866070843,-121.296192075799,-68.458103572218
31-Jan-2025 19:31:26,247,49,0.0211301418642203,0.408564517895381,0.0846126506725947,0.620998787879944,-0.196899529298147,-0.756371164321899,0.0591083792348703,-136.769479270065,-106.156276030586,-66.2903237529302,-67.9689858539583,-64.929516454709,-42.9080400202,-93.8020736282164,-123.461430552256,-69.7013027717749
31-Jan-2025 19:32:13,247,50,0.0141921068852146,0.406845055023829,0.0832561448216438,0.613443585236867,-0.182102326552073,-0.766878739992778,0.0492213549713294,-132.722630478157,-108.755621054394,-66.8941790763484,-70.0304394068017,-64.9068141251294,-43.0978325027188,-89.9225434090219,-119.118388045465,-66.0047560216168
31-Jan-2025 19:32:59,247,51,0.00777649817367395,0.40511953830719,0.0819694365064303,0.609338434537252,-0.167799061536789,-0.773949118455251,0.0394076826671759,-128.624863487143,-112.684705846949,-65.4790008908835,-71.2279886273096,-64.0344483155762,-43.6304094340972,-88.779727776272,-114.009164395516,-62.1683194607619
31-Jan-2025 19:33:45,247,52,0.00458642750357588,0.40332915186882,0.0791173726320267,0.604775285720825,-0.146840312083562,-0.781530984242757,0.0435214884579182,-124.276637396576,-112.628660523876,-63.354305950977,-71.5435856816498,-62.2872507660361,-43.8843785899053,-90.7302694367444,-107.541850173988,-57.7369379945585
31-Jan-2025 19:34:28,247,53,0.000864492034694801,0.401389084259669,0.0757605711619059,0.598721313476563,-0.123202199737231,-0.789905675252279,0.0490213647484779,-119.278181756232,-112.30505014299,-61.9998526338497,-71.9432066529061,-62.2776373465024,-43.0240438579283,-92.4274897438279,-101.070490666671,-53.4580840756808
31-Jan-2025 19:35:10,247,54,-0.00193338019307703,0.400342738628387,0.0722969075043996,0.594415358702342,-0.109888568520546,-0.794974660873413,0.0510902772347132,-117.029611340999,-109.897657233198,-60.730520128112,-73.3598395826204,-61.9368159919721,-42.8065571820588,-93.098049374217,-94.8221085164593,-49.9304939304661
31-Jan-2025 19:35:51,247,55,-0.00553888209785024,0.399110341072083,0.0700271060069402,0.591416649023692,-0.0883347560962041,-0.800072395801544,0.0480364014705022,-112.555983538323,-108.323373058952,-59.8037480280691,-76.5599784915638,-61.0553906699434,-41.635494534243,-93.4052786662589,-88.5352150448,-46.3285356720828
31-Jan-2025 19:36:29,247,56,-0.00783877549692988,0.397430646419525,0.0681021064519882,0.589207796255747,-0.0624628253281116,-0.804218884309133,0.0465250787635644,-107.344827041924,-106.19064325248,-57.4732561308736,-77.2768703901217,-59.9036633641654,-40.8876439004542,-94.0558427891271,-81.629065912417,-43.2143933571153
31-Jan-2025 19:37:05,247,57,-0.0106606444964806,0.395317484935125,0.0658844957749049,0.587443073590597,-0.0473493707676729,-0.806562109788259,0.0461116510132949,-103.339906198664,-103.928690629894,-56.8409043351019,-76.8271387834868,-58.6167850665131,-40.2763992736789,-93.1530743274086,-73.5132889496722,-40.1941590138555
31-Jan-2025 19:37:40,247,58,-0.0145197073618571,0.393144232034683,0.0649910082419713,0.587190262476603,-0.0316499873995781,-0.807857127984365,0.0396582352618376,-99.1131031819742,-102.652126599251,-57.7326225900419,-77.0690954242556,-58.3873312729236,-38.7584576504103,-91.1736395733967,-63.4426980717465,-38.8708786564497
31-Jan-2025 19:38:15,247,59,-0.0152436836933096,0.391390341520309,0.0618756726384163,0.587296338876088,-0.0142266113931934,-0.808460605144501,0.0356663587192694,-95.4503590785687,-100.068256864581,-56.3113758703379,-77.8068961887262,-58.6865897313655,-37.9871675288951,-90.6808716732381,-58.9197002362303,-36.9710752919709
31-Jan-2025 19:38:52,247,60,-0.0148985012123982,0.390031470855077,0.0600572975973288,0.587380349636078,0.00183486152285089,-0.808594433466593,0.0340002958973249,-91.1696444318057,-98.0307342778957,-55.9086466633118,-78.0426190150477,-59.4002043158232,-37.6642031582566,-90.3314372000061,-57.8454989219189,-35.8330104239555
31-Jan-2025 19:39:30,247,61,-0.0138566672801971,0.389742058515549,0.0546807753543059,0.58873747587204,0.00613358734796445,-0.80756311416626,0.0345302189389865,-90.3299445133638,-95.5913852652037,-53.6901762126247,-78.5523028722947,-62.1959969632887,-38.7654016630564,-91.0286694402375,-56.3956958682098,-36.1258148041719
31-Jan-2025 19:40:08,247,62,-0.0134284597511093,0.389091708262761,0.0503594408432643,0.589493934313456,0.0291483920067549,-0.806616838773092,0.0318837208052476,-85.9607519590825,-94.7511230395081,-51.0138351401072,-79.9489672450044,-64.8328786422581,-40.0536816055754,-91.7992350372005,-56.1830919448019,-35.6340538085041
31-Jan-2025 19:40:47,247,63,-0.013336926077803,0.3882228910923,0.0462785772979259,0.59055792093277,0.0479636857906977,-0.805014065901438,0.0298875502000252,-81.9268130868815,-92.1604042073107,-50.1335587566744,-81.1141218754454,-67.4653048369795,-41.435502266954,-92.0064673125293,-55.3140875865449,-35.3500101248943
31-Jan-2025 19:41:28,247,64,-0.0177157677710056,0.386760089794795,0.0547235188384851,0.588123023509979,0.005312437346826,-0.808265864849091,0.0280958109845718,-86.2467855684204,-95.0447148450291,-54.1198041288624,-75.889749715352,-63.7237424415422,-39.1590733882402,-86.3115755003216,-52.6646532989367,-33.6245707658455
31-Jan-2025 19:42:08,247,65,-0.0224274350951115,0.384550897280375,0.0631293257077535,0.585200413068136,-0.0304535663376252,-0.809725638230642,0.0309436049312353,-88.8130714704795,-98.3539113311219,-56.9050656733216,-69.8575001196915,-61.4060661750429,-37.2060296892414,-81.6008503577053,-49.701118902616,-31.9135607348113
31-Jan-2025 19:42:47,247,66,-0.0261008905867736,0.381968859831492,0.0696734194954236,0.584164619445801,-0.046231314043204,-0.80982045729955,0.0283760335296392,-88.1025140827985,-103.000550741402,-58.4148353039164,-64.7713118062474,-58.5253329730126,-35.4896785801,-76.7822085498847,-46.0555344519392,-31.4097653677842
31-Jan-2025 19:43:24,247,67,-0.0311559918026129,0.378450598319372,0.0765979672471682,0.580054092407227,-0.0783896957834562,-0.810392081737518,0.0256317786872387,-88.1535350502477,-106.890911613776,-59.961858977579,-56.7831541339116,-54.3130713032167,-33.5166737658873,-67.709608409462,-43.6439249740842,-29.1845773327608
31-Jan-2025 19:44:03,247,68,-0.0346318821112315,0.377016945679983,0.0848675414919853,0.573637123902639,-0.123327779273192,-0.809178507328033,0.0309982750564814,-93.0103451952617,-110.628133217196,-61.9025096727756,-49.6690117821298,-50.1100453995382,-32.840342099139,-61.3850291027382,-42.0743029826402,-27.6736929637392
31-Jan-2025 19:44:42,247,69,-0.0387644785145919,0.374890822172165,0.091750297943751,0.567625610033671,-0.150615270932515,-0.808546622594198,0.0369942915936311,-94.4200499290583,-114.888785186141,-64.864973878739,-42.6918770906251,-47.1866373789182,-31.7623470061228,-55.5344602128639,-39.3506747344017,-26.3699604277185
31-Jan-2025 19:45:23,247,70,-0.0379748019079367,0.372991325457891,0.089983590443929,0.565765166282654,-0.170951922734578,-0.805992730458577,0.0325727065404256,-95.923479196063,-112.237157733807,-61.1342065398439,-39.8247217938725,-46.2908762285185,-31.4977981660956,-51.6464883609915,-38.1286333755401,-25.5169578188627
31-Jan-2025 19:46:05,247,71,-0.0372460556526979,0.371124237775803,0.0899098331729571,0.562746691703796,-0.196277383963267,-0.802125112215678,0.0372387434045474,-98.6276321102633,-107.203887872855,-59.8338925786405,-36.5418184121892,-44.8150195488834,-30.2703334695014,-48.3645191133314,-37.3305904524798,-24.5282431682571
31-Jan-2025 19:46:47,247,72,-0.0356428243219852,0.370036272207896,0.0881109575430552,0.561564421653748,-0.220960738261541,-0.796582412719727,0.0357526158293088,-102.457146848061,-102.329796807593,-58.0988053062829,-33.6510409880405,-43.8741151046306,-28.7114108446238,-45.6105511677775,-36.4445467473203,-23.6216724967767
31-Jan-2025 19:47:31,247,73,-0.034234814842542,0.37001700202624,0.0856124257047971,0.556576645374298,-0.264654252926509,-0.786838229497274,0.0326530749599139,-110.449342497658,-95.8852951401762,-55.0963313783484,-30.7313265426591,-43.575686778069,-27.5867592556044,-42.5955838732767,-35.7395026511112,-22.6811738148588
31-Jan-2025 19:48:16,247,74,-0.0321613075832526,0.370318186283112,0.083034348487854,0.553111493587494,-0.298996984958649,-0.777129956086477,0.027157424762845,-117.297878603155,-90.3805881716821,-50.4101641226253,-29.0721435866614,-42.923496510353,-26.7542431845142,-39.8251169043024,-34.2999583593772,-23.0737111277221
31-Jan-2025 19:49:00,247,75,-0.0304538597663244,0.369619297981262,0.0802435204386711,0.55064533551534,-0.322642773389816,-0.769622373580933,0.0193075925111771,-121.024584936601,-85.7207785526493,-46.0071502030079,-27.7432263753555,-41.1944252720597,-25.3927948723885,-35.9019000980914,-33.2431639698808,-21.5077664379762
31-Jan-2025 19:49:40,247,76,-0.0321266176799933,0.368881893157959,0.0795035526156425,0.557606879870097,-0.294052396217982,-0.776242776711782,0.00741220669200023,-115.764221038785,-88.3153470808614,-47.8339240013691,-31.2697578369542,-42.3329071613625,-25.967123559856,-35.3220333683432,-32.5502076681887,-21.5710586289368
31-Jan-2025 19:50:22,247,77,-0.032539459814628,0.369548432032267,0.0782575493057569,0.567248018582662,-0.263387461503347,-0.780186740557353,-0.0128618499264121,-111.935899697956,-90.8211399464388,-48.9064861337567,-37.4663557347259,-43.5021688080209,-26.7092191870646,-35.4664791792857,-33.527938842056,-22.5322303192451
31-Jan-2025 19:51:02,247,78,-0.0323225028812885,0.369961724678675,0.0743226791421572,0.576453189055125,-0.235529128710429,-0.781105983257294,-0.0458391341070334,-107.773599635621,-84.657544980699,-49.9769424331575,-44.9229868505841,-44.1618203333572,-26.8601982841437,-34.0980812605737,-33.616013753703,-22.5173417592273
31-Jan-2025 19:51:46,247,79,-0.0316864773631096,0.369807285070419,0.0729389881094297,0.586100773016612,-0.2008648087581,-0.782002504666646,-0.0679066687822342,-103.144310212533,-90.5842560993005,-51.496345816065,-53.0846345754855,-44.7916667980325,-27.2406191161582,-34.5232614770344,-34.1592605342399,-23.1394230740464
31-Jan-2025 19:52:31,247,80,-0.0330340519547462,0.370242049296697,0.0714364384611448,0.593790260950724,-0.163664186994235,-0.782173975308736,-0.0939736947417259,-97.9065261090683,-94.5311202600726,-52.9402227407257,-59.8737906049085,-45.4816107323771,-28.1107608156403,-33.9702307610814,-34.5550932492218,-23.7049893262839
31-Jan-2025 19:52:53,247,81,-0.0386151321232319,0.368451068798701,0.068901867667834,0.602230914433797,-0.129316002130508,-0.774347408612569,-0.144849797089895,-87.4894946654154,-89.38806094193,-47.4463364362632,-66.7267007865923,-38.6266034015566,-22.3257629488563,-24.3030945789217,-13.5772189314256,-10.1422980472308
31-Jan-2025 19:53:45,247,82,-0.0321132317185402,0.372556511561076,0.066985443731149,0.609126448631287,-0.0964138522744179,-0.77324419816335,-0.147522115707397,-88.8828395516682,-97.1750398843301,-51.4585685172389,-74.9614880444065,-46.0741204381534,-28.9631952989391,-33.6289056636585,-36.2124910972413,-24.765478002532
31-Jan-2025 19:54:13,247,83,-0.0396204883853594,0.370992839336395,0.0628566066424052,0.614190157254537,-0.05514295399189,-0.764050153891246,-0.189623550573985,-77.656372602874,-92.9020379570016,-47.7738597909338,-82.4622138402859,-39.5978996584589,-23.0618427574554,-22.3011903818437,-13.6043365048621,-10.2065935750109
31-Jan-2025 19:55:08,247,84,-0.0341273042062918,0.374554151296616,0.0597695092360179,0.617615870634715,-0.00521506406366825,-0.762561810016632,-0.192413466175397,-76.1699997365563,-99.8490455948087,-52.9156806609883,-90.945908905198,-49.3348099706186,-30.9910977701883,-35.3717119167528,-35.8744685333862,-25.6066769560781
31-Jan-2025 19:55:35,247,85,-0.0416956250866254,0.37386260231336,0.0566677133242289,0.624056390921275,0.0345365802447001,-0.747162938117981,-0.22607151667277,-66.0536739114768,-96.5060580151837,-49.5707663292226,-98.4960886046263,-42.0532858287057,-24.3856565600298,-21.4913518600242,-12.7837438723612,-9.93624424143989
31-Jan-2025 19:56:26,247,86,-0.029737588763237,0.374455902973811,0.0450154478351275,0.61167627175649,0.0379139306644599,-0.75697908004125,-0.226709905266762,-66.8629563068521,-86.6662862207294,-44.059932496178,-100.79899694966,-50.7290076614899,-33.63694024198,-34.4731954331258,-36.0210048934409,-24.9506018950757
31-Jan-2025 19:56:49,247,87,-0.0323805491129557,0.370373662312826,0.0382695483664672,0.60947527885437,0.0527421377599239,-0.747620864709218,-0.258497939507167,-60.939750462537,-77.9665156219171,-39.3524148626784,-102.081026453323,-48.250120880756,-28.3795498682073,-19.2298186083181,-13.5680517421329,-10.2598305247853
31-Jan-2025 19:57:37,247,88,-0.0254915881901979,0.370647337039312,0.0328925343851248,0.60569859345754,0.0838868940869967,-0.75063784122467,-0.250270056724548,-57.3503004983766,-76.5867456209258,-38.9465553289513,-104.352616536301,-52.5689297932629,-31.7678224665732,-30.9738315845555,-32.8449915046318,-22.8664946425315
31-Jan-2025 19:58:09,247,89,-0.0218896626184384,0.369731773932775,0.026095192010204,0.595950170358022,0.0944220066070557,-0.748984750111898,-0.273769523700078,-54.2527284742937,-65.666975918845,-33.0415248451104,-107.868986908935,-53.3115865523903,-29.6539265510084,-27.7865394613156,-32.2618777240338,-9.82187650429627
31-Jan-2025 19:58:43,247,90,-0.0182359628379345,0.36802193125089,0.0185665901750326,0.585147837797801,0.100290896991889,-0.753209042549133,-0.283231256405512,-51.7010954202494,-56.5772063662194,-28.3619088862126,-107.957747426399,-55.4161672348279,-29.4389463784782,-25.608594788337,-31.9487371718874,-3.45161723807021
31-Jan-2025 19:59:08,247,91,-0.023066616182526,0.367030688126882,0.00917707172532876,0.578095416227976,0.101104628046354,-0.751464482148488,-0.301470772425334,-49.4974318512245,-48.3274368883214,-24.2200001897864,-109.482703016277,-58.2767098789206,-30.3234240774654,-11.4103238404892,-12.3455832339664,0.181462592151257
31-Jan-2025 19:59:56,247,92,-0.0175683440019687,0.37018056511879,0.00763985679174463,0.576318824291229,0.110810180008411,-0.758244252204895,-0.283977788686752,-50.1677530247092,-50.6226674477872,-20.871945124596,-112.025756142362,-64.6652335038409,-35.6576307122111,-28.6268897552066,-32.0724226031587,-22.7540472956294
31-Jan-2025 20:00:36,247,93,-0.0165535949170589,0.369614521662394,0.0042285063304007,0.574154317378998,0.127084982395172,-0.756395697593689,-0.28646426598231,-46.8000665694488,-38.3153980259349,-16.7958168750234,-113.27785803655,-66.967747619175,-35.4917018148362,-28.5508741012068,-31.5642586259075,-23.8738520424112
31-Jan-2025 20:01:15,247,94,-0.0194309424608946,0.37016523083051,0.000419031060300767,0.57520014444987,0.139764123161634,-0.75219783782959,-0.289498275518417,-43.9633762998158,-28.3068786134236,-13.0306520332598,-114.55948431479,-70.2272569797159,-36.400705151401,-28.4535676628483,-31.1385929754344,-10.4108042186939
31-Jan-2025 20:01:50,247,95,-0.0208056103438139,0.371075832843781,-0.0041171023932596,0.575271952152252,0.152277181545893,-0.749151651064555,-0.290939354896545,-41.6921841229965,-19.8977342055828,-9.27096889540064,-116.305872785056,-73.5152639628603,-38.1471746049356,-29.3956158323106,-31.0541764883504,-4.05633010972671
31-Jan-2025 20:02:34,247,96,-0.0187058849881093,0.372331517934799,-0.00612776170795163,0.57431546052297,0.165199053287506,-0.748964472611745,-0.286222436030706,-39.5537409925841,-11.9132773000772,-5.73902660949374,-118.209642351336,-77.2675197573064,-39.8623771169551,-31.8323413056833,-32.5653845829611,-24.4311428581345
31-Jan-2025 20:03:06,247,97,-0.0220046530167262,0.369922230641047,-0.0051107673595349,0.580555148919423,0.164980977773666,-0.746027036507924,-0.281390639146169,-37.1999543079334,-11.2190988308065,-5.61196828504837,-113.361898657917,-75.0707631311531,-38.6359239380437,-30.0079693668191,-14.9615324244012,-12.0787089561731
31-Jan-2025 20:04:01,247,98,-0.0198459674914678,0.369896407922109,-0.00443675086523096,0.581112643082937,0.149033785859744,-0.755401961008708,-0.263562069336573,-39.2668548848844,-45.9935922371196,-23.8418451735909,-111.703500238502,-78.9900687078252,-41.3391540237536,-31.5572667539324,-32.1815864112652,-23.4710967685554
31-Jan-2025 20:04:45,247,99,-0.0210181931654612,0.369144856929779,-0.00270945949790378,0.586519400278727,0.145581926902135,-0.756219001611074,-0.250866031646728,-39.1190990926363,-47.6524215812248,-25.6751896686276,-108.789774456088,-80.11740538591,-41.882225741774,-32.0933988040348,-31.563593470841,-23.4858954381096
31-Jan-2025 20:05:29,247,100,-0.0189099827160438,0.368082431952159,-0.00166079038754106,0.588212851683299,0.137013331055641,-0.761712276935577,-0.234579281012217,-39.5140151157885,-47.0034188942259,-25.0102679669113,-105.248384992175,-79.4737576147012,-41.8702182759497,-33.5479481856315,-33.0515770667727,-23.8868995362498
31-Jan-2025 20:06:58,33,1,0.00394159761878351,0.311269501845042,0.0427675421039263,0.59434327284495,-0.00255881917352478,-0.804143102963765,0.0101696175833543,-7.20000000000001,-12.375,-4.87500000000001,-5.77500000000001,-10.35,-4.65000000000001,-5.47500000000001,-7.80000000000001,-5.40000000000001
31-Jan-2025 20:07:31,33,2,0.00766722519571582,0.315394628047943,0.0453308654328187,0.593913276990255,-0.00368028609082103,-0.803496483961741,0.0405818631251653,-11.4362026079514,-17.2197977881125,-5.81538458223554,-4.82683508810354,-12.0673822057882,-5.77042932347295,-13.2119983892694,-11.5716416662328,-9.42255439864647
31-Jan-2025 20:08:04,33,3,0.0112660448998213,0.318319243192673,0.046842534840107,0.595213564236959,-0.0257859232525031,-0.800234774748484,0.0684123729666074,-17.6974052159027,-18.5208455762251,-5.91201916447106,-2.09742017620706,-14.3472644115763,-6.40335864694588,-18.6802467785388,-14.8557833324655,-12.8076087972929
31-Jan-2025 20:08:42,33,4,0.0162555971493324,0.321981767813365,0.049425462881724,0.594631361961365,-0.0285353790968657,-0.796197525660197,0.108022221922874,-23.9211078238541,-19.6250183643377,-6.86177874670656,0.397619735689435,-14.5833966173645,-7.84253797041879,-28.1891201678081,-19.2461749986983,-15.6489131959394
31-Jan-2025 20:09:19,33,5,0.0204720620065927,0.324947941303253,0.0485852162043254,0.59649803241094,-0.0311527591198683,-0.790432894229889,0.135777279734612,-27.0510604318054,-20.3307536524503,-2.08810082894209,2.77547214758593,-15.8976538231527,-9.45984229389168,-35.5183060570775,-24.4896916649311,-18.1433425945858
31-Jan-2025 20:09:49,33,6,0.0267401453107595,0.327223598957062,0.0513402755061785,0.59557923078537,-0.0183418570707242,-0.785382505257924,0.167700092991193,-26.0841380397568,-5.61227019056302,1.42229583882238,5.24473080948242,-3.20097352894101,-2.39120911736464,-43.4826481963468,-27.9097708311638,-20.6893344932322
31-Jan-2025 20:10:37,33,7,0.0262244199713071,0.330756421883901,0.0506714324156443,0.596151149272919,-0.0157150885711114,-0.787097028891246,0.157591672738393,-30.1937781477082,-24.7316773536757,-7.32394811841309,0.334692596378986,-17.6988244847291,-10.9296071908375,-45.9895684606162,-31.4681312473966,-22.8111076418787
31-Jan-2025 20:10:58,33,8,0.0274954990794261,0.331023559967677,0.0525006291766961,0.596500507990519,-0.0228273031612237,-0.782618733247121,0.176561598976453,-31.3666995056596,-6.02002982928835,0.0764876118513644,11.0100059457754,-1.84394106551744,-1.62152088931049,-47.8677777873857,-33.9706322886293,-20.5957714155252
31-Jan-2025 20:11:21,33,9,0.0245954227944215,0.333065797885259,0.0522751308977604,0.595770144462585,-0.0273383304476738,-0.780055673917135,0.189271628856659,-34.5632164685899,-1.67018053950938,-0.465268248775472,5.39257681921518,4.06864841056937,1.6736109213416,-52.0322418332263,-32.3387064373579,-17.9855026672808
31-Jan-2025 20:12:12,33,10,0.0225577971587578,0.337690790494283,0.0492192385097345,0.594566384951274,-0.00907993670552969,-0.782978264490763,0.182629264394442,-36.5755537440202,-27.3875675778553,-10.5078541875272,-3.41601441672002,-22.6305785195937,-14.2321361742562,-57.2770281446919,-36.4428157423366,-20.2909565752864
31-Jan-2025 20:12:53,33,11,0.020563605800271,0.341114230950673,0.046624568104744,0.594406588872274,0.00939465537667275,-0.788470530509949,0.157818878690402,-37.6958011757005,-30.1135727802637,-12.8508551653415,-11.7201867073427,-26.260713652882,-16.113322722979,-59.08697558897,-39.2149426254402,-21.3792718114171
31-Jan-2025 20:13:35,33,12,0.0181463198115428,0.344306643803914,0.0440678017834822,0.592401429017385,0.0366048316160838,-0.793903052806854,0.132055263717969,-37.0200036855059,-32.8188870647035,-14.0440636626871,-21.4971495253092,-28.4063028877328,-17.5822289982643,-61.2795035996543,-39.9710782976062,-22.9090177116102
31-Jan-2025 20:14:15,33,13,0.0157024616996447,0.346629776557287,0.0416628281275431,0.590249160925547,0.0585054929057757,-0.798374783992767,0.103830481072267,-34.0961837343737,-34.3138558901588,-15.5623759197983,-31.1855076069475,-30.4846191733647,-18.769995136831,-61.4883218935418,-40.0192183643036,-22.7094789438345
31-Jan-2025 20:14:54,33,14,0.0136334880565604,0.349711982409159,0.0390532334645589,0.588362443447113,0.0844473098715146,-0.80060920715332,0.0756521756450335,-33.4233525527728,-34.6786519861221,-17.1682400567923,-40.2295633204218,-33.1292989843873,-19.2171912070382,-63.6302853290309,-36.9383606282666,-22.6952978420745
31-Jan-2025 20:15:34,33,15,0.0102891750012835,0.353293504317602,0.0363357665638129,0.586330878734589,0.112924179434776,-0.800318042437235,0.0543624572455883,-32.9760157559375,-36.8033617173392,-17.9928801337277,-49.626467849814,-36.4321605581053,-20.0441022430658,-66.9638213353207,-35.3680039908624,-22.7737955733223
31-Jan-2025 20:16:14,33,16,0.00775569888452689,0.356254516045252,0.0349426177640756,0.583656541506449,0.1355305681626,-0.8000599304835,0.0296763723095258,-32.6414261514851,-39.2830282661832,-18.9519081806338,-58.0747967871652,-38.6391130131709,-20.9108707620035,-68.4931436270109,-34.3278979027747,-22.748632721074
31-Jan-2025 20:16:52,33,17,0.00568053796887398,0.358479402462641,0.0328535224000613,0.580194834868113,0.167957122127215,-0.796971702575684,-0.000716586189810187,-29.888210143224,-42.0151732238408,-20.0531302125253,-66.4238379284959,-40.5981109089102,-21.9475680223963,-69.8703590614013,-33.3279170893451,-23.1216395770777
31-Jan-2025 20:17:31,33,18,0.00387295853967468,0.360858245690664,0.030831021318833,0.578493634859721,0.193979193766912,-0.791887664794922,-0.0251228873928388,-27.7256809330587,-43.9735573859051,-21.5254492369095,-74.7982351718164,-43.1081315249865,-22.1692296535166,-70.7965210671419,-33.1729989132446,-23.2437312872073
31-Jan-2025 20:18:13,33,19,-0.00206243440819283,0.362029375632604,0.0348833521207174,0.582912453015645,0.159620127081871,-0.795248560110728,-0.048106594880422,-34.4588420375135,-48.0084381743014,-24.1185169683557,-76.7564383083147,-44.3221282709948,-22.6261175536339,-66.3982703804366,-32.1914997713209,-22.2068209809075
31-Jan-2025 20:18:56,33,20,-0.00538542913272977,0.362981057167053,0.0389609575271606,0.585248974959056,0.13281078239282,-0.79745579957962,-0.0625237966577212,-39.5021748414922,-50.9498787637995,-29.0168589479252,-78.0084804703104,-44.2488806970873,-23.1792465464331,-62.9372563365689,-32.7337662887295,-21.8571818881392
31-Jan-2025 20:19:40,33,21,-0.00842528852323691,0.363761885960897,0.0429296620190144,0.587466017405192,0.0988992512226105,-0.799892214934031,-0.0726299479603767,-45.2755934952328,-54.2445992538484,-32.8928380515562,-77.7074421450548,-43.6070109632218,-23.2554960855732,-59.1948606141199,-33.2879156358043,-21.5511784021367
31-Jan-2025 20:20:25,33,22,-0.011397156616052,0.364292107025782,0.0463190120955308,0.588957937558492,0.0731228813529015,-0.8009743531545,-0.0788776362935702,-51.7140550738545,-58.6159596941727,-36.257635717218,-76.7798635761736,-43.8808301493774,-24.4433058978838,-55.9867740523803,-33.3980063977121,-21.941992719517
31-Jan-2025 20:21:10,33,23,-0.0154019060234229,0.364500784873962,0.0495948570470015,0.589680544535319,0.0344099491834641,-0.801351718107859,-0.094489631553491,-57.6600381149166,-64.4256401096347,-38.3168426638952,-75.4640148854796,-43.8624937955435,-24.9868958467796,-49.5208420709954,-32.6860678670364,-22.3812159385887
31-Jan-2025 20:21:57,33,24,-0.0195746490110954,0.36492039958636,0.0549306775132815,0.591007006168365,-0.00683934241533279,-0.799188383420308,-0.109370288749536,-64.9347818871989,-70.5794805126656,-42.87325425108,-74.5540311338792,-43.9230796717148,-25.4333758639681,-43.8259873797879,-32.7631146900691,-21.8696436085062
31-Jan-2025 20:22:43,33,25,-0.0247875057160854,0.365000619490941,0.0607682603100936,0.592840977509816,-0.0417502040664355,-0.795233996709188,-0.11999749938647,-68.8239060250915,-76.3054009094808,-46.2782681585188,-73.0969798518256,-43.4981266628888,-25.4563009153028,-38.966671333669,-32.2596541899561,-21.9326735038465
31-Jan-2025 20:23:28,33,26,-0.0295524208496014,0.364480008681615,0.0659301817417145,0.595726342995961,-0.0563381041089694,-0.790553390979767,-0.130236436923345,-70.1952203457891,-82.2673613031883,-49.7075832260844,-71.5163948045453,-43.1304042115641,-25.4174484837108,-33.9251246100945,-31.4659400282701,-21.9830045118983
31-Jan-2025 20:24:16,33,27,-0.0342252204815547,0.365525501966476,0.0725526611010234,0.598494795958201,-0.0827066426475843,-0.785389828681946,-0.13463446299235,-75.0326297578892,-89.0973416953419,-53.4490488737136,-69.8740428746518,-42.41629703899,-24.8977073106553,-29.5424625477921,-31.4270990357978,-22.1019860763058
31-Jan-2025 20:25:03,33,28,-0.0339605001111825,0.365159128109614,0.0763341103990873,0.593641952673594,-0.105056104560693,-0.792291808128357,-0.0939477145671845,-77.5648427398291,-92.0963528514532,-54.8393052015093,-61.4011012568782,-42.1391097954687,-25.8677829194743,-32.4657135996011,-31.9168308277828,-22.2935660265841
31-Jan-2025 20:25:50,33,29,-0.0343001738190651,0.364685251315435,0.0813029383619626,0.586420814196269,-0.13694231013457,-0.796771466732025,-0.0501267649233341,-81.0010794946197,-95.499869007176,-55.2200991743209,-50.4377179184513,-41.512826371635,-26.4551363429274,-35.3286858167282,-31.6952809120712,-22.1648086159513
31-Jan-2025 20:26:36,33,30,-0.034678465873003,0.363582227627436,0.0860167145729065,0.576559929052989,-0.152605171998342,-0.802649716536204,-0.00661746819193164,-81.8143281358357,-99.2556376627045,-55.6961619696404,-40.9291137196978,-40.4119948576452,-26.4011286736977,-38.1615186165142,-30.9680901425111,-21.500882524863
31-Jan-2025 20:27:21,33,31,-0.035464291771253,0.362471987803777,0.0913568079471588,0.559761023521423,-0.163516421119372,-0.811494588851929,0.0375036319096883,-81.9910827202643,-102.737532568136,-56.9698591762139,-31.4728990907809,-39.2988892985773,-26.1014404581264,-40.8292817076298,-30.3630789460268,-21.019372093547
31-Jan-2025 20:27:44,33,32,-0.0353079843024413,0.359514697392782,0.0937142938375473,0.549526830514272,-0.148515761892001,-0.819108883539836,0.0708796476324399,-75.0245902762993,-95.0574905985189,-50.3923735884144,-18.5178792467823,-19.05464671697,-13.1539119693846,-43.5645099444101,-15.9441575360806,-11.4040694921171
31-Jan-2025 20:28:29,33,33,-0.0266301035881042,0.359809116522471,0.0839637885491053,0.551806128025055,-0.117112895846367,-0.821021076043447,0.0878579407930374,-72.6614743181374,-91.4714801913775,-47.4642966034285,-25.6384567952428,-37.2448356240936,-25.0824633440571,-52.5584707540228,-10.0682810194033,-20.9218708056302
31-Jan-2025 20:28:58,33,34,-0.0266116666297118,0.35873361825943,0.0892143706480662,0.543792442480723,-0.124053891499837,-0.822927820682526,0.108121322095394,-72.2250466028771,-89.632485565474,-45.9109239198492,-6.04683303993301,-17.2772402755822,-12.6240546504372,-53.1317978500517,-7.26392694936052,-12.3312240766149
31-Jan-2025 20:29:57,33,35,-0.0224252867201964,0.3615971326828,0.0827543849746386,0.544769152005513,-0.11640107134978,-0.823058633009593,0.110688130557537,-76.4314941386423,-94.7160995086683,-49.7855032825774,-24.545122043168,-38.2398383686497,-26.2177582637334,-58.5786156562738,-30.8282529521486,-21.8688623074568
31-Jan-2025 20:30:25,33,36,-0.0201155938208103,0.36015318830808,0.0834225565195084,0.537962524096171,-0.0978579471508662,-0.8249209801356,0.143267241120338,-71.069613735133,-86.6989673971721,-44.4787587206573,-8.01536072046068,-16.5504903978082,-12.2272218599567,-63.7577750341,-26.7729595665954,-16.9793885276667
31-Jan-2025 20:31:19,33,37,-0.0145808869972825,0.362760762373606,0.0774644846717517,0.544323587417603,-0.0797100981076558,-0.82126149336497,0.151286781827609,-73.2235693619863,-89.9064622583305,-47.3313521964131,-23.3965742347819,-39.0851693950128,-26.2945654476431,-70.6031051977281,-31.4078564868715,-23.8513587425604
31-Jan-2025 20:31:47,33,38,-0.00680218056465189,0.361822148164113,0.0795746778448423,0.538739788532257,-0.0582243415216605,-0.819882460435231,0.184829949339231,-67.885443004021,-81.1012706058163,-41.7386146910068,-5.98327516761756,-15.9318618762397,-11.6408490310615,-75.9565207542573,-33.5628485600624,-21.1540509547962
31-Jan-2025 20:32:42,33,39,-0.00102218620789548,0.365304992596308,0.0720505351821581,0.544508520762126,-0.0358101484676202,-0.815699863433838,0.191994355122248,-69.5262756536463,-83.6897356964658,-45.2732116950194,-24.4477198097104,-40.6595610994787,-26.5016026123455,-82.888979007237,-39.1278882097105,-26.5721041657029
31-Jan-2025 20:33:09,33,40,0.00832620648046335,0.36584263642629,0.0731860255201658,0.539267524083455,-0.0163905948400497,-0.810998551050822,0.226281467080116,-64.606587807067,-75.1000291586972,-39.0464759537415,-5.05103630643178,-15.6777636937226,-11.1195911925627,-88.660958608442,-44.1479516475873,-25.6978378759452
31-Jan-2025 20:34:05,33,41,0.0131734108552337,0.368367803096771,0.0662196755409241,0.543909454345703,0.0150024124110738,-0.80654335419337,0.231139082709948,-65.7816397123854,-76.5962368067195,-40.4640738398184,-26.0487887304677,-41.2162179734702,-27.3411972722462,-96.1776988837595,-51.3705269795784,-32.2524118358552
31-Jan-2025 20:34:30,33,42,0.0233740759392579,0.369041063388189,0.0661150187253952,0.543274188041687,0.0289687333007654,-0.798521145184835,0.257639227310816,-61.3790614936526,-68.5104015476373,-35.0538385395726,-4.39375911816035,-14.9147980959683,-10.989612101663,-101.566819496133,-56.8443582586266,-31.796405920599
31-Jan-2025 20:35:23,33,43,0.017389049132665,0.372653690973918,0.0640544141332308,0.547600181897481,0.0148886038611333,-0.800252624352773,0.243942924340566,-69.1304242938757,-71.6662663420839,-39.8456614704931,-28.3319354787006,-43.2895818477136,-29.4991157306687,-102.65195163526,-59.9337428541076,-33.0171868099989
31-Jan-2025 20:35:47,33,44,0.0186290324976047,0.373530564705531,0.066479104757309,0.552091558774312,-0.0167015856752793,-0.794949841499329,0.250939693053563,-75.037379563086,-69.2766204097544,-36.855526104833,-11.4944163301548,-20.3043970601457,-14.5903215471077,-101.892678858651,-63.1484414363528,-29.8228227306072
31-Jan-2025 20:36:40,33,45,0.0127632031217217,0.3761658847332,0.0650366604328156,0.559095331033071,-0.048241048057874,-0.796310472488403,0.225776174664497,-83.39713106679,-73.2642191140368,-39.3494115908826,-29.7690494270663,-45.1392280029226,-31.3473784572633,-99.8362036241737,-62.6007970119801,-32.6708861668198
31-Jan-2025 20:37:07,33,46,0.0111724611371756,0.376415105660756,0.0682577848434448,0.55782839457194,-0.0923474152882894,-0.791854111353556,0.230795415242513,-89.6832806877407,-71.1404401366251,-37.310307502787,-15.6497586467064,-23.6090668108707,-17.0623609142773,-97.2061271607625,-61.9719810842985,-29.0151633608345
31-Jan-2025 20:37:57,33,47,0.00600155337403218,0.378941476345062,0.0665194148818652,0.560415168603261,-0.116451582809289,-0.794466559092204,0.202969867984454,-98.0076293673148,-75.3359723183665,-40.2047086276188,-31.0835059277105,-46.6964095514055,-31.2813061447202,-94.1392500828843,-60.8525794049625,-31.6325474337503
31-Jan-2025 20:38:22,33,48,0.000403530350498234,0.37854517698288,0.0718943879008293,0.552483685811361,-0.162840875983238,-0.790166799227397,0.2094781011343,-104.426077576201,-73.3161600796844,-38.4408623589143,-19.7437722393971,-26.8425042582326,-18.502232761878,-90.6289726977726,-52.6628848497993,-27.9364849461166
31-Jan-2025 20:39:07,33,49,-0.00396308414638042,0.381163523594538,0.0677282735705376,0.552097495396932,-0.197653553883235,-0.789388799667358,0.181622678041458,-113.116575549742,-80.4136756307905,-38.5478923934416,-29.3672980664246,-48.8929749482068,-33.0241500723929,-86.9719951590442,-51.8880438567225,-31.2836991782081
31-Jan-2025 20:39:32,33,50,-0.0129275803764661,0.380398176113764,0.0739117756485939,0.54288995663325,-0.240418947736422,-0.786730762322744,0.168890371918678,-119.568098405612,-76.9198550767907,-38.4653605795849,-22.3224536511228,-30.3206336297537,-20.6965627295867,-79.5666675435075,-46.4206296446889,-27.2025517701623
31-Jan-2025 20:40:16,33,51,-0.0142545519396663,0.383903054396311,0.0728887125849724,0.543386387825012,-0.271566186348597,-0.781913006305695,0.139982507626216,-127.825133702646,-84.5553664702379,-41.9630478415362,-31.7684241146561,-49.7868863070876,-32.3692230601195,-78.7621648895665,-47.4569288231768,-29.3072235420478
31-Jan-2025 20:40:54,33,52,-0.0155490069960554,0.387382837136586,0.0706694528460503,0.538189482688904,-0.3104554216067,-0.773046886920929,0.127937830487887,-138.559925220261,-80.6555438374088,-41.4008446413914,-33.7098020176072,-53.0974359823149,-34.2920072273221,-77.5080747164235,-46.7200846969255,-30.2298049038989
31-Jan-2025 20:41:27,33,53,-0.0113013670469324,0.387664018074671,0.0725009113550186,0.544161820411682,-0.28964106241862,-0.774075957139333,0.144230434298515,-135.275562422368,-80.7536144719878,-45.1198101328713,-33.1455565938594,-54.2884719804833,-23.4098560072564,-81.8460171890169,-51.5429711576354,-31.1628259627977
31-Jan-2025 20:42:07,33,54,-0.0115844824661811,0.391020574172338,0.0717787474393845,0.542632877826691,-0.266929054260254,-0.780468420187632,0.158642737070719,-136.24813867962,-86.7803515999977,-50.1488030088272,-37.4926630299659,-56.990582228125,-35.8527357463579,-88.5465627818098,-52.6600717921606,-33.000324419188
31-Jan-2025 20:42:45,33,55,-0.0117746335764726,0.39393970767657,0.0733932306369146,0.541783944765727,-0.24416751563549,-0.785789767901103,0.171425974369049,-136.349184464444,-89.921421974723,-54.857809577021,-40.0954453959997,-58.7232296005034,-37.3081309650432,-95.5284099347024,-54.5492795135933,-34.0150615743239
31-Jan-2025 20:43:22,33,56,-0.0100715919708212,0.396620188156764,0.0744655941923459,0.538226962089539,-0.224343887964884,-0.788722594579061,0.19467472533385,-136.089465013055,-93.494658972806,-56.7068229913339,-40.7760657269971,-59.44614553525,-39.0447839235203,-102.500907867645,-57.2745407784798,-35.3684180788328
31-Jan-2025 20:43:58,33,57,-0.00838520297159751,0.399812364578247,0.0749561275045077,0.534004747867584,-0.195505825678507,-0.792681038379669,0.219711625576019,-135.124362943559,-96.6839792825679,-58.4758398287063,-42.2206050404763,-61.6891957511807,-40.5470657518934,-110.218731190612,-58.8428288150933,-37.041084258028
31-Jan-2025 20:44:35,33,58,-0.00763447629287839,0.403402310609818,0.0744248862067858,0.528755084673564,-0.177040466666222,-0.795216957728068,0.238127609093984,-136.65656956501,-99.5313412481692,-59.8298583776084,-44.6471038451964,-64.9173131077037,-42.5321620152144,-118.384217208592,-59.4576302375702,-38.7234052745664
31-Jan-2025 20:45:12,33,59,-0.0080226215844353,0.404272522528966,0.0750921924908956,0.532888221740723,-0.170855476458867,-0.79789711634318,0.22405079305172,-136.260889662899,-102.703414840038,-62.0715764113505,-48.5706394074006,-65.636496333538,-42.4927848754186,-117.549678552831,-61.8227157326739,-39.7464206295256
31-Jan-2025 20:45:51,33,60,-0.00869016591459513,0.40532896121343,0.0758048976461093,0.540534659226735,-0.166561404863993,-0.801394045352936,0.194543460011482,-136.002036933525,-105.264998845866,-64.9220448729751,-54.2396648424149,-66.5644463445203,-42.7991113443597,-114.389555570823,-64.0994295742435,-41.6343496938205
31-Jan-2025 20:46:28,33,61,-0.00904607139527798,0.405804741382599,0.0767925163110097,0.549111545085907,-0.162186182538668,-0.80371607542038,0.161903177698453,-134.836597790518,-108.496338058674,-67.1768885485409,-59.3564352138344,-66.3967797480766,-43.0532896176693,-111.041640425691,-67.381957589046,-43.6547356127833
31-Jan-2025 20:47:08,33,62,-0.0112444698810577,0.406293455759684,0.0766530945897102,0.559150874614716,-0.166841787099838,-0.803054332733154,0.120904312034448,-136.217865440696,-111.537554874972,-70.1089198310773,-65.7720780534564,-68.83130484792,-43.8063937931632,-105.874829198998,-73.9423926904649,-45.5163499590801
31-Jan-2025 20:47:46,33,63,-0.0113254342228174,0.406379544734955,0.0786622087160746,0.566677069664001,-0.154670737187068,-0.803804437319438,0.0940877144535383,-133.397486487466,-114.108710493015,-72.329544917099,-71.7121571271796,-68.3669257959069,-43.1589609197493,-103.173569931524,-76.8167813351921,-47.1485785190439
31-Jan-2025 20:48:24,33,64,-0.0125688946495454,0.406391491492589,0.0812415247162183,0.572910996278127,-0.145327174663544,-0.804066073894501,0.0642712285121282,-130.801284232532,-118.09483551193,-74.4194669048634,-76.0644543179535,-68.1030946679654,-43.6112595218813,-99.4550866436596,-79.5731467515734,-48.8911141858411
31-Jan-2025 20:49:05,33,65,-0.0138540746023258,0.407894259691238,0.081239719192187,0.577342240015666,-0.138643063108126,-0.803533180554708,0.0422908867398898,-131.017170326747,-122.263445231282,-77.2690373434991,-81.1228605672528,-69.2895375020599,-44.3884238617865,-98.1529913455999,-82.0455005537818,-51.2138034060551
31-Jan-2025 20:49:44,33,66,-0.0129574171577891,0.408205425739288,0.0835188488165537,0.586334228515625,-0.124924863874912,-0.80035449663798,0.00621963118513425,-128.214100595535,-126.373297300852,-78.7734320075704,-86.6093213458147,-69.1761173171723,-44.8030210705782,-93.4090900424425,-85.5008485489037,-54.8765694029774
31-Jan-2025 20:50:25,33,67,-0.013804276411732,0.40868460337321,0.0854413360357285,0.593142294883728,-0.104399771988392,-0.797748299439748,-0.029674726848801,-125.02655295161,-130.603770545531,-82.0802387843596,-92.3848093890079,-69.5377656227936,-45.4863347138131,-88.5942857367364,-88.4726936404823,-57.259373788254
31-Jan-2025 20:51:06,33,68,-0.0169720290849606,0.407846655448278,0.0863591402769089,0.59146896203359,-0.0920468673110008,-0.800302533308665,-0.0347523512939612,-121.618518185757,-133.182508151551,-82.4076377544804,-93.0033299217271,-68.1608191964689,-45.291351335749,-85.8007032718836,-88.5849356170835,-52.5311807861843
31-Jan-2025 20:51:45,33,69,-0.0207589300970236,0.406454197565714,0.084174736837546,0.592694214979808,-0.0854920441905657,-0.799739722410838,-0.042673875639836,-118.901863941725,-137.703901051347,-72.8731397527807,-93.0941072706041,-65.0651398927712,-47.1510470662957,-83.5893950563935,-84.6763018677989,-48.0454973812031
31-Jan-2025 20:52:24,33,70,-0.0248871449381113,0.404833849271139,0.0823920021454493,0.592971869309743,-0.0740172078212102,-0.800532893339793,-0.0453091288606326,-115.780899958605,-138.471621598033,-73.8576932651706,-92.7710130275601,-64.260094150387,-46.9630823511478,-82.8692239655849,-79.4322302555714,-44.2060687747663
31-Jan-2025 20:53:04,33,71,-0.0303852735708157,0.403440431753794,0.0841790755589803,0.594973607858022,-0.0726126025120417,-0.798973953723907,-0.0487280944983165,-113.35778110594,-138.787505968163,-74.7017725346055,-91.7909829885555,-63.9253651886599,-44.7012874131526,-80.869621437117,-71.8704397118725,-41.2897675676015
31-Jan-2025 20:53:42,33,72,-0.0339232082168261,0.402858525514603,0.0819489106535912,0.595089614391327,-0.0806661739945412,-0.798040632406871,-0.049924639860789,-114.208584818502,-131.152472250015,-73.9006146825627,-91.0074850515706,-64.2757946172612,-44.3275773637338,-79.7303031898194,-62.3247897024378,-39.9600300600728
31-Jan-2025 20:54:18,33,73,-0.0365883881847064,0.399683725833893,0.0776349604129791,0.596079460779826,-0.0629597201943397,-0.798700447877248,-0.0529433444142342,-108.296349813679,-130.491979487728,-73.4768382697811,-90.2472531655956,-64.8188032410269,-43.4729097586032,-77.596127083107,-57.6372099601353,-36.7235744023622
31-Jan-2025 20:54:58,33,74,-0.037044486651818,0.398528913656871,0.0773069580396017,0.598374927043915,-0.055989317347606,-0.797633306185405,-0.0509291549523671,-105.527595450162,-131.818757203372,-71.5167525766302,-88.8986543051256,-64.8581014623747,-42.8277633756167,-76.9895220466871,-55.2286653513988,-36.8087596695605
31-Jan-2025 20:55:39,33,75,-0.0378624180952708,0.397295453151067,0.0760188773274422,0.598407844702403,-0.049379458775123,-0.798201374212901,-0.0484184001882871,-103.130581407299,-132.114170157981,-70.6635122432946,-87.930871957408,-66.4455444825136,-42.7373776037022,-76.3217025454136,-53.3596383094453,-36.5297653992133
31-Jan-2025 20:56:19,33,76,-0.0365814725557963,0.394340304533641,0.0711485370993614,0.600197084744771,-0.0369570218026638,-0.797675255934397,-0.0459548190236092,-98.8194375247629,-129.268900732072,-69.8386945898666,-86.4784978660666,-68.807059902048,-42.4743721373237,-75.5482758117132,-51.8353700508834,-36.2186813600934
31-Jan-2025 20:57:02,33,77,-0.0382805223266284,0.393794689575831,0.0671414112051328,0.601217611630758,-0.0314571845034758,-0.796988089879354,-0.0485575951635838,-97.3762287223899,-128.678290115905,-69.4030882763925,-86.6588279029133,-74.4056115212801,-43.5500568237133,-74.5720454617994,-50.6334811840173,-36.3415524365872
31-Jan-2025 20:57:44,33,78,-0.0353712446987629,0.391958238681157,0.0606939122080803,0.600290771325429,-0.0254421636462212,-0.798152927557627,-0.0442223762472471,-95.3419874600985,-122.840008904609,-67.2870876328952,-85.2555100038541,-78.6976812403611,-44.2450865864868,-74.2444133037788,-50.4177820129994,-35.4064010708877
31-Jan-2025 20:58:29,33,79,-0.0359339351455371,0.39153102238973,0.0576094187796116,0.598649887243907,-0.0300567875305812,-0.798984475930532,-0.0483604083458583,-95.562229967848,-123.377892395747,-65.5308898243865,-85.085368136842,-81.9615100093666,-45.5747888874524,-73.8660802417049,-50.0201776899055,-35.7422384840918
31-Jan-2025 20:59:12,33,80,-0.0332946250836055,0.389563916126887,0.0483929251631101,0.602855384349823,-0.0046653860869507,-0.79537099202474,-0.0626788352926572,-89.4451574121888,-115.90733226588,-62.3535230042363,-87.6278218104356,-84.4121756829445,-46.1569987042955,-72.3821422709043,-48.598865132634,-35.0693850146543
31-Jan-2025 20:59:53,33,81,-0.0305384921530883,0.387747981150945,0.0397846192121506,0.605298523108164,0.0181583043187857,-0.791764763991038,-0.0799537315964699,-84.6792057990398,-107.068313311621,-56.4161068928333,-90.2910694920409,-86.3807811190035,-46.7478766556866,-70.4730290740903,-47.5445762873432,-33.9267787399426
31-Jan-2025 21:00:32,33,82,-0.0269309472292662,0.385829361279805,0.0305851242194573,0.606919777393341,0.0465126390258471,-0.787646432717641,-0.0953840985894203,-77.213814657146,-97.2450649451666,-51.8736661358038,-93.0147141776522,-87.733356436303,-47.6430886743517,-69.2513282642696,-45.8487992980429,-32.9992960625938
31-Jan-2025 21:01:11,33,83,-0.024306292211016,0.384608405828476,0.0229946014781793,0.605681649843852,0.0659717828035355,-0.784919162591298,-0.11269180526336,-72.3737037508797,-88.2797018726145,-47.8787130559611,-96.3685573652663,-89.1529166942228,-48.0154677266538,-67.7733336479456,-45.2572782367378,-31.9543751839266
31-Jan-2025 21:01:46,33,84,-0.0213955984761318,0.383526966969172,0.0172637912134329,0.603182621796926,0.0904446129997571,-0.781756933530172,-0.129794540007909,-67.1962329624272,-78.8432814470135,-43.5575038147118,-99.287499803882,-88.2059694224528,-48.8764302957743,-65.34219212837,-43.8678851394302,-30.6257352046
31-Jan-2025 21:02:21,33,85,-0.0204306658357382,0.381512276331584,0.007471145161738,0.601259541511536,0.117960346241792,-0.776344553629557,-0.147856197754542,-61.1000822328815,-69.171332344888,-39.8231664927591,-101.163991867998,-90.0507683858379,-49.6816846233042,-62.8844771571685,-42.9045560241215,-29.0802356749439
31-Jan-2025 21:02:56,33,86,-0.0179296044011911,0.381025673945745,0.00129520628446092,0.598816688855489,0.134361698230108,-0.773055597146352,-0.160469884673754,-56.8695915327893,-59.9816189045003,-36.8322651304548,-103.419258744865,-91.2664404668004,-50.1590848300386,-61.2384754601541,-42.4542588998124,-29.0763063701229
31-Jan-2025 21:03:33,33,87,-0.017520347982645,0.37950315674146,-0.00350635416495303,0.598152486483256,0.155464085936546,-0.767466894785563,-0.170408794283867,-50.3875096996406,-57.5079198090662,-34.2808233075791,-104.900925937107,-92.724888890007,-50.206521170665,-58.9951958060919,-41.0884107966231,-28.2999219930916
31-Jan-2025 21:04:11,33,88,-0.0185653702666362,0.377586861451467,-0.00638392195105553,0.598570231596629,0.168811029195786,-0.762186904748281,-0.179687609275182,-44.5593428738552,-55.6422796290666,-32.5902404746155,-105.164786832536,-93.8385555926079,-49.9469939810926,-55.7548444705764,-39.4758206911837,-27.758930172269
31-Jan-2025 21:04:52,33,89,-0.0194432649761438,0.376495110988617,-0.00875510821739833,0.594769140084585,0.166522069772085,-0.762756669521332,-0.191630820433299,-42.1331335517514,-54.9056689067842,-29.4550871366079,-105.269744579558,-94.1798314349061,-50.3589850264208,-52.6909572943344,-38.3398595846193,-27.7106346295509
31-Jan-2025 21:05:34,33,90,-0.0210135118414958,0.375438386201859,-0.0108976466581225,0.593706333637238,0.167239844799042,-0.761728000640869,-0.198277900616328,-40.2079029814885,-53.3835729133604,-28.5226485460784,-104.995250752378,-95.1099118470528,-51.1817351891992,-50.015302197729,-37.3672129774924,-27.158687225885
31-Jan-2025 21:06:05,33,91,-0.0182033192366362,0.376915272076925,-0.0145070198923349,0.596793353557587,0.185193007191022,-0.758468882242839,-0.185111341873805,-36.5245972416691,-40.4278634859314,-21.7504465072817,-106.166884791896,-99.1937251139423,-50.4188447728231,-53.8186685534749,-37.3443693921955,-28.105801355012
31-Jan-2025 21:06:37,33,92,-0.0178474453588327,0.379071356852849,-0.0159062481174866,0.599920968214671,0.186924492319425,-0.75792141755422,-0.175240442156792,-36.0790361898099,-33.613282740717,-18.4164231553545,-107.206155937864,-101.512239523294,-55.4961441358096,-58.05659292913,-39.987354431758,-28.7020025189021
31-Jan-2025 21:07:23,33,93,-0.0194387300560872,0.382722034056981,-0.0134980546931426,0.605682341257731,0.17915579477946,-0.75885040362676,-0.158739495277405,-44.6023474819308,-56.4942663366098,-33.9014891468619,-108.329245637056,-104.673104503877,-59.2935383884773,-63.7867963147397,-42.3882537837503,-30.0977472001736
31-Jan-2025 21:08:01,33,94,-0.0200228473792473,0.386087357997894,-0.0133367283269763,0.613259879748027,0.187699955701828,-0.755617153644562,-0.133130830526352,-46.5850949460417,-59.7980321030566,-35.6210998100868,-109.19424461286,-109.605144770075,-62.7509800859857,-73.9381392053267,-28.3181102919572,-31.368263640136
31-Jan-2025 21:08:47,33,95,-0.0202202140043179,0.389744905630747,-0.0145665567368269,0.616778882344564,0.180054697394371,-0.756325912475586,-0.123025344808896,-51.5225604961477,-61.1131889547802,-37.5079828091704,-110.605198226971,-114.597772679081,-66.3384455059144,-77.2250518484024,-47.4874453782717,-31.7511659594437
31-Jan-2025 21:09:31,33,96,-0.0199247498065233,0.392857193946838,-0.0176482030500968,0.622387631734212,0.180808241168658,-0.754104355971018,-0.106153935690721,-53.8123850892512,-61.5840413491422,-38.8035019761833,-111.314129160235,-119.92069440949,-70.2909227870533,-81.9547493677223,-50.05151975364,-33.3402612184241
31-Jan-2025 21:10:17,33,97,-0.0204893411447605,0.396418450276057,-0.0191950298845768,0.62811355193456,0.183197128772736,-0.751615655422211,-0.0835831825931867,-55.8283892038534,-64.5577415148235,-40.4783392271609,-111.597048753075,-125.933763050602,-74.2759059987972,-87.3308393251644,-52.0379637735351,-35.0824529472408
31-Jan-2025 21:11:06,33,98,-0.0197671823203564,0.397678967316945,-0.0221384098132451,0.630164361000061,0.192812194426854,-0.747214396794637,-0.0859478796521823,-53.9433300088069,-64.3055622438967,-38.6631064098965,-113.153873806923,-128.324566732663,-74.1023955195519,-88.6888676185609,-51.6638317740087,-37.049235041043
31-Jan-2025 21:11:31,33,99,-0.0197809938341379,0.39510772228241,-0.0233757288505634,0.633196020126343,0.20377575357755,-0.741244653860728,-0.0899700293938319,-46.4398156941351,-39.404094915799,-24.1177031136234,-109.279196025666,-120.687907142398,-66.399511522958,-83.6834940214878,-44.9202921856142,-29.3417912523043
31-Jan-2025 21:11:53,33,100,-0.0189518246799707,0.391533436377843,-0.0180443444599708,0.630568865935008,0.206330392758052,-0.741711203257243,-0.0983624085783958,-41.6770738196506,-26.3279835591164,-16.1822145778459,-108.013766826856,-115.012515915972,-61.7569407676897,-80.1464194791801,-45.4920488027856,-27.2972345222951
31-Jan-2025 21:13:24,244,1,0.00274651225966712,0.311712845166524,0.0421119906008244,0.591732148329417,-0.0132523241763314,-0.806007862091064,-0.00536730034897725,-8.55000000000001,-12.3,-4.80000000000001,-6.30000000000001,-11.7,-4.80000000000001,-4.95000000000001,-6.00000000000001,-6.22500000000001
31-Jan-2025 21:13:54,244,2,0.00153556951166441,0.317089468240738,0.0405370985468229,0.594788952668508,-0.0039936768822372,-0.803557749589284,-0.0224752111981312,-12.863408878486,-18.4138073989969,-8.31828443939821,-15.654453152335,-16.989242996801,-8.50600445414992,-8.34622129236673,-10.2296780741142,-9.96371791963879
31-Jan-2025 21:14:23,244,3,0.000864162707390885,0.322104301055272,0.0391977233191331,0.595876808961233,0.00583451688289642,-0.802029025554657,-0.0405740335583687,-16.5018177569721,-20.7776147979939,-11.7615688787964,-23.54640630467,-20.3284859936021,-12.0245089082998,-11.1424425847334,-14.3843561482283,-12.4461858392776
31-Jan-2025 21:14:54,244,4,0.000195378287753556,0.326762489477793,0.0368823615213235,0.596191612879435,0.0161664066215356,-0.800747895240784,-0.0556510110696157,-19.5777266354581,-24.3414221969908,-13.6673533181946,-30.782109457005,-24.1177289904032,-14.9242633624497,-15.2136638771002,-17.6015342223424,-14.3005287589163
31-Jan-2025 21:15:24,244,5,0.000360789939683552,0.331648804744085,0.0358811760942141,0.595649723211924,0.0176542260994514,-0.800377949078878,-0.0654592841863632,-24.5473855139441,-26.9302295959878,-15.0293877575928,-37.91468760934,-25.8069719872043,-17.8146428165996,-18.4223851694669,-21.0999622964565,-15.3908091785551
31-Jan-2025 21:15:55,244,6,-0.0020164155246069,0.33753901720047,0.0350463191668193,0.594450600941976,0.0149800794199109,-0.799313000837962,-0.086618959903717,-30.9139193924301,-29.7065369949848,-15.7445471969909,-45.820703261675,-29.0712149840054,-20.1753347707495,-21.9498564618336,-23.2390153705706,-16.2490583481939
31-Jan-2025 21:16:27,244,7,-0.00312367764612039,0.342443484067917,0.0341225735843182,0.594542344411214,0.0274394014229377,-0.797504429022471,-0.0987583344181379,-34.1538907709162,-33.3265943939818,-16.8862691363891,-53.81343766401,-33.3479579808065,-22.1211829748994,-25.4117027542003,-25.2233809446848,-17.5162918928326
31-Jan-2025 21:16:59,244,8,-0.00444540043051044,0.348015163342158,0.0320846947530905,0.592732052008311,0.0287292281786601,-0.796094954013824,-0.11864181359609,-41.0055808994022,-35.7185267929787,-18.0912723257873,-61.999531441345,-37.2309509776075,-24.0846093040493,-28.840736546567,-27.7304027687989,-18.9130176249714
31-Jan-2025 21:17:34,244,9,-0.00532295859108369,0.353322148323059,0.0324844020108382,0.591399268309275,0.0344807684421539,-0.794457181294759,-0.133775157729785,-45.9881304028882,-40.6463966919757,-20.5279161401855,-69.75730490618,-40.9920689744086,-26.0568246956992,-32.1033640889337,-30.798752717913,-19.9994894508602
31-Jan-2025 21:18:10,244,10,-0.00548270453388492,0.355030781030655,0.0303337545444568,0.588923362890879,0.0328799717128277,-0.794641371568044,-0.143642993768056,-47.2046537847701,-40.9354992963115,-19.931338640287,-72.9748598740158,-44.3427505547769,-28.1005093400669,-32.6013992562108,-32.7517362046915,-21.487147314058
31-Jan-2025 21:18:48,244,11,-0.00596360436951121,0.356515030066172,0.027777620156606,0.58642297188441,0.0191155167917411,-0.796117905775706,-0.148118268450101,-51.3663920104021,-41.2210862756475,-21.5926712966384,-74.2478347637267,-48.4129633851451,-30.8213912500596,-32.2328328609879,-35.40755172272,-22.1472417006934
31-Jan-2025 21:19:28,244,12,-0.00689944246162971,0.357091824213664,0.0256184148291747,0.58258490562439,0.000766466123362382,-0.79765989780426,-0.155990261832873,-54.150737657909,-42.0299154424836,-23.1079590311148,-73.798519614375,-54.5679418405133,-33.5808717928648,-30.0809656845151,-40.7397832563735,-23.2935543490474
31-Jan-2025 21:20:10,244,13,-0.00653820888449748,0.359755182266235,0.0229040133456389,0.579942341645559,-0.00140825946970532,-0.798683210213979,-0.160530618826548,-56.7713870163535,-42.7253657030698,-23.9502243046537,-76.8380594454921,-59.3653031083815,-36.2846516520762,-31.0874481174172,-43.7352227978395,-24.6079761282609
31-Jan-2025 21:20:50,244,14,-0.00279558237331609,0.362235343456268,0.023640243584911,0.584817441304525,0.00967459374417861,-0.800356153647105,-0.131624573469162,-58.3436288317154,-44.5485084193465,-25.0616074930133,-75.8456687487432,-62.1207268260193,-37.8799548821321,-38.876035572569,-46.7361685945005,-27.84434178943
31-Jan-2025 21:21:30,244,15,-0.00108855699654669,0.364343671003977,0.0238836931685607,0.590035287539164,0.00499340559666355,-0.802352476119995,-0.0897993634144465,-61.2624465748117,-46.4933064090606,-25.8172350661385,-72.5379917971115,-64.724246246782,-39.8738329412895,-45.1292104300645,-50.1654163931146,-29.9602347333139
31-Jan-2025 21:22:09,244,16,0.00217113442098101,0.367256031433741,0.0230022196968396,0.59178333679835,0.0165190398693085,-0.802028930187225,-0.0791785592834155,-62.6045522817751,-47.0739320354934,-25.8699848316466,-74.1476717180384,-68.0018135191072,-41.1669984149977,-50.5396789887319,-52.8338151927053,-33.0158913185552
31-Jan-2025 21:22:49,244,17,0.00382311595603824,0.370152310530345,0.0230185882498821,0.595666885375977,0.0246625694135825,-0.801026972134908,-0.0541159907976786,-63.9083019706722,-48.0974714802855,-26.8462956933461,-74.0910300752446,-71.0164047172136,-43.0848075959813,-60.0287943979852,-56.3217894927843,-35.6414297244752
31-Jan-2025 21:23:30,244,18,0.00789696698387464,0.373439967632294,0.0225782465189695,0.599718236923218,0.0366100378334522,-0.798976476987203,-0.0251866305867831,-65.042873650536,-49.9424678342573,-27.5343871031412,-74.1762276505904,-74.4245078782107,-44.7899386306026,-68.4072332325315,-60.2945515431074,-37.9019090407346
31-Jan-2025 21:24:08,244,19,0.0117293012018005,0.37490076025327,0.0221474667390188,0.600278421243032,0.0535226330161095,-0.797984206676483,-0.0047324071948727,-62.2678563258833,-52.0481926428189,-29.2783687869842,-73.7323448350061,-77.8793670206531,-46.3137305920428,-74.0553337797242,-64.6597074685526,-40.3548588121637
31-Jan-2025 21:24:47,244,20,0.0163296540578206,0.373729652166367,0.0237258683890104,0.603079013029734,0.0730780308445295,-0.793821668624878,0.0283284349987904,-56.5820686083306,-50.5358643855257,-27.8312452319614,-70.1839225319182,-76.3860707671057,-43.4162445942212,-77.6802102848516,-66.8164932392711,-39.5569185357189
31-Jan-2025 21:25:25,244,21,0.021210961168011,0.373371785879135,0.0267828814685345,0.601637721061707,0.103600209454695,-0.790283795197805,0.052446287125349,-51.3438836396489,-49.0887182418798,-27.9230942454506,-68.9782301310978,-71.9794635089195,-40.3609238281042,-82.8350022181406,-67.7963774787701,-40.1195958730664
31-Jan-2025 21:26:02,244,22,0.0234363577018181,0.373028029998143,0.0307694813857476,0.597826862335205,0.125036574403445,-0.788188072045644,0.0756869693597158,-47.6795000454025,-49.3241631550577,-27.1344295431957,-67.2189026814111,-67.091200748414,-37.3766856778397,-86.8797518655104,-67.8128109526593,-39.1125820173101
31-Jan-2025 21:26:38,244,23,0.0268362512191137,0.372669764359792,0.0334172847370307,0.592291645208995,0.146491412321726,-0.786827103296916,0.0929193223516146,-43.9020171383738,-47.9259035966473,-25.4555079830689,-66.3077577072913,-59.7121102367489,-34.4279888355013,-91.1194803699206,-67.3475190437437,-37.995722565002
31-Jan-2025 21:27:12,244,24,0.0304343381275733,0.371993368864059,0.0381712481379509,0.583824384212494,0.167876904209455,-0.785765628019969,0.116356478631496,-39.767984574954,-48.560791802443,-24.231457994006,-64.0957039709549,-51.3876058495039,-31.872062647126,-95.681698302851,-65.9663644434257,-37.6489403144179
31-Jan-2025 21:27:47,244,25,0.0316915780305862,0.371531732877096,0.0380155704915524,0.578649012247721,0.186820897459984,-0.782021148999532,0.136770579218864,-36.4306771833386,-47.3622538903417,-23.6098437904751,-62.3581958535102,-48.965394524469,-30.4875217857322,-100.330160950042,-64.6522784974064,-37.0121966646958
31-Jan-2025 21:28:25,244,26,0.0281616990764936,0.370957034826279,0.0392839230597019,0.57875372171402,0.181194195151329,-0.780908302466075,0.149649695555369,-36.9649439315925,-47.1834948824629,-23.8211565387996,-60.5728449056806,-48.1180227118264,-29.0514831559767,-101.403480406675,-61.5539284804714,-34.5475361938761
31-Jan-2025 21:29:04,244,27,0.0247075570126375,0.369162772099177,0.0411681575079759,0.57872352997462,0.173771971464157,-0.781978944937388,0.152942409118017,-36.9483919727974,-47.2588793451099,-24.1080782335071,-58.1186303625739,-47.3212241647364,-27.3832908579666,-100.248361041873,-57.7973456271111,-32.1228853732718
31-Jan-2025 21:29:45,244,28,0.019450007006526,0.369067392746607,0.0417922253410021,0.580936408042908,0.158633525172869,-0.782439573605855,0.158545433481534,-39.5814306604779,-48.4363355430199,-25.1828044014061,-56.4549840218287,-48.6497122504227,-27.4740217258292,-100.454022266354,-53.4116463555382,-29.9432393777754
31-Jan-2025 21:30:24,244,29,0.0151070381825169,0.367545010646184,0.043838270008564,0.580641317367554,0.149046023686727,-0.785841405391693,0.151968067884445,-39.9392646713962,-49.9398276085613,-26.5764328059009,-54.8866217822641,-47.1408436524974,-26.4192141766282,-97.1400737854762,-47.4363888748589,-27.6610957948327
31-Jan-2025 21:31:03,244,30,0.0123058093090852,0.365708069006602,0.0459944012264411,0.578866461912791,0.151083315412203,-0.787713436285655,0.146952442328135,-38.1094963439333,-51.4563376079184,-27.9795123286935,-54.11590159329,-44.2132967127661,-25.0916374188953,-94.4663204519189,-42.9913522896265,-26.0777034181671
31-Jan-2025 21:31:45,244,31,0.00715439431369305,0.363837164640427,0.0488476832707723,0.578718785444895,0.132365782062213,-0.791068565845489,0.147561586896578,-39.16092684728,-55.0043565741833,-30.137317410635,-50.444002429611,-43.4264106021319,-25.0526760568965,-91.212664692022,-39.2364261521174,-24.1686866446398
31-Jan-2025 21:32:30,244,32,0.00291318452606599,0.363777643442154,0.0513887000580629,0.578885344664256,0.112733921905359,-0.794590119520823,0.144254589080811,-41.8779567660313,-59.1181300239022,-31.397485272151,-47.3465137785796,-42.6598549060463,-25.0580223927648,-88.9440577189553,-36.8015552384701,-23.3718576726819
31-Jan-2025 21:33:10,244,33,0.00467457799240947,0.361965527137121,0.050914083669583,0.581633241971334,0.0851007476449013,-0.7934055407842,0.158013612031937,-44.8708718757353,-53.215972388533,-28.9124632286878,-41.2134060040582,-41.2576851302236,-23.3906658027021,-86.9620963395171,-35.9550422598617,-22.3358206317036
31-Jan-2025 21:33:51,244,34,0.00649654918039838,0.36125701268514,0.0505315552155177,0.585828105608622,0.0405834895869096,-0.789813983440399,0.17706590294838,-53.7926868392904,-47.7927533740273,-26.2780318801182,-35.2614008576987,-41.2480979580379,-22.4468861371062,-85.6013971567864,-35.2885430872188,-21.2778305411177
31-Jan-2025 21:34:32,244,35,0.00664758654311299,0.360356269280116,0.0500745800634225,0.58888889948527,0.000839447202937057,-0.787337279319763,0.182508127888044,-59.4539517297712,-44.9340036699533,-23.7188958789954,-30.2999470254201,-40.2098020876706,-21.9398949337437,-83.5013290724094,-34.6370508175586,-20.9588639257279
31-Jan-2025 21:35:14,244,36,0.00616551619023085,0.359821778535843,0.0512808675567309,0.589354407787323,-0.0449195432166258,-0.784436257680257,0.187892045577367,-66.1099415837147,-44.2574886210951,-21.872407551596,-25.308768850182,-39.8571518682127,-21.8762979614978,-81.0315765372094,-34.8180619993897,-20.4094090479362
31-Jan-2025 21:35:56,244,37,0.00598607715219259,0.359049228827159,0.0529096414645513,0.587693154811859,-0.0770847633481026,-0.780600194136302,0.198338210582733,-69.8132939193897,-43.9970908998449,-20.3822430610583,-19.8527285034641,-38.3473244742093,-21.2843981048103,-78.9769817765978,-33.4653249069665,-19.9697100389436
31-Jan-2025 21:36:39,244,38,0.00538178589195013,0.357894637187322,0.0551688502232234,0.585041189193726,-0.105024724205335,-0.778117215633392,0.203052298227946,-73.6153274959304,-43.7947518423987,-20.2702404889515,-15.6642570710063,-36.7089084929332,-20.353346805902,-76.7549659032805,-32.1707136774162,-19.1348889643505
31-Jan-2025 21:37:23,244,39,0.00468717692419887,0.358571108182271,0.0535794290403525,0.586947329839071,-0.1235726694266,-0.778087278207143,0.186555278301239,-77.6167016929039,-44.0714421168545,-13.4973188760601,-16.9845700956785,-37.0311982180208,-21.4277197858832,-74.6742394736102,-32.3301653793022,-20.2025068569571
31-Jan-2025 21:37:49,244,40,0.00614286636312803,0.357168567180634,0.0580781785150369,0.583522013823191,-0.157521707812945,-0.771334568659464,0.199328754345576,-81.4177462000939,-23.3626470572614,-7.59393774277641,-4.63427534891586,-17.93384079629,-11.5048049053093,-72.2891577657635,-31.1166485469065,-18.9963442331636
31-Jan-2025 21:38:40,244,41,0.00678575625643134,0.359446767965953,0.0530102029442787,0.589275443553925,-0.133070302009583,-0.775565683841705,0.183151997129122,-80.236517881648,-42.3899743025811,-8.10582409951516,-17.1056795381629,-36.6623074436489,-21.3046346799567,-74.7341662331976,-33.2508374628243,-22.673951123147
31-Jan-2025 21:39:07,244,42,0.0118962613865733,0.35732093056043,0.0545179483791192,0.588872830073039,-0.112801615397135,-0.769457296530406,0.220091070731481,-73.3052071407562,-28.3084302143886,-7.63509557615583,-5.30943178455149,-16.485862304303,-10.1301424894655,-78.0405858810875,-32.5667842451717,-19.7081128840305
31-Jan-2025 21:39:55,244,43,0.0149747489020228,0.359687030315399,0.0530134300390879,0.591163988908132,-0.0778511131803195,-0.770665788650513,0.224807928999265,-71.4488551886414,-42.8224504594398,-8.69805961274746,-15.2793580595105,-35.7319612716052,-20.4184893164047,-83.5027111192054,-36.9236099607339,-23.770552080364
31-Jan-2025 21:40:18,244,44,0.0241292296598355,0.360934805870056,0.0523375863830249,0.591351687908173,-0.0348725818097591,-0.759844827651978,0.267811340093613,-64.8549826309152,-30.7592528711132,-9.02786992931456,-3.80737134875496,-15.364332292231,-9.48825565205937,-92.8926891524373,-40.2008751429034,-23.0221299944224
31-Jan-2025 21:41:11,244,45,0.0238555374244849,0.36361030737559,0.0503570693234603,0.591596738497416,-0.00299081169068813,-0.764828892548879,0.255031690994898,-63.7673497703832,-42.6074463660973,-20.9911033858694,-19.6394281451419,-39.9148393395192,-23.3487317420715,-96.7465935832261,-46.9133600583766,-28.1182772673434
31-Jan-2025 21:41:36,244,46,0.0350626215338707,0.364109780391057,0.0507198957105478,0.594244587421417,0.0168710177143415,-0.753574995199839,0.28055927157402,-56.9578367584484,-33.2613354027372,-16.4210484124181,-5.02350669510038,-17.0994144001378,-10.5295627092626,-101.882461212793,-53.6934548405017,-28.1867092196956
31-Jan-2025 21:42:14,244,47,0.0394567809998989,0.367116357882818,0.0500855219860872,0.593099824587504,0.0463799610733986,-0.749797677993774,0.289628976583481,-54.4873836708121,-30.1180722102047,-15.1343492239638,-19.9585961218443,-9.07602346742191,-24.720571115043,-107.88431044175,-57.8823545559526,-34.1412835117634
31-Jan-2025 21:43:04,244,48,0.0424869321286678,0.370139177640279,0.0473238458236059,0.590174913406372,0.077548356850942,-0.74790297349294,0.293804347515106,-51.2614605453251,-45.376232903086,-14.9643279280079,-24.6191909869814,-42.7986495380395,-27.0666682401181,-113.044150470401,-62.4256567380665,-37.638928973689
31-Jan-2025 21:43:33,244,49,0.0537151078383128,0.371851015090942,0.0484454564750195,0.582075997193654,0.12038605461518,-0.740613317489624,0.313347508509954,-44.3578024009128,-38.5601055386743,-15.0526455783013,-25.2675385713149,-17.9692841103226,-12.0903097248408,-119.7329858989,-67.6711601535119,-41.7081100205434
31-Jan-2025 21:44:27,244,50,0.0544517283638318,0.375575610001882,0.0473449272414048,0.57621541817983,0.144876675804456,-0.741276526451111,0.31224306623141,-42.5152767470377,-47.781834145616,-22.1701327017192,-30.6597625152468,-44.1139229334398,-29.702723389387,-124.936319027322,-73.1177641856231,-46.1380588598624
31-Jan-2025 21:44:51,244,51,0.0630249137679736,0.375741597016652,0.0485385206838449,0.578807934125264,0.143350276350975,-0.73708377679189,0.318024549881617,-41.6256815868428,-38.9532834881408,-18.7073167296741,-16.0235894464501,-23.8675800857504,-16.4102470387555,-125.362509891781,-77.2720695887331,-50.604182919768
31-Jan-2025 21:45:42,244,52,0.0582506455481052,0.378132222096125,0.0482149466872215,0.579659338792165,0.140662163496017,-0.746920649210612,0.293800576527913,-44.8513695492822,-50.0716968235039,-23.6392931259101,-35.1233854675531,-45.3522383007699,-31.1774637330797,-124.367325181222,-80.9516501460095,-52.9854989277898
31-Jan-2025 21:46:10,244,53,0.0666482751568158,0.378647937377294,0.0487194033960501,0.583300499121348,0.139447005589803,-0.745840962727865,0.289890227715174,-43.9096990730388,-39.5135921552862,-19.7186657062868,-34.7911660336058,-29.9523970471431,-20.2245269498821,-123.261452683152,-85.6688682803692,-55.6744109098696
31-Jan-2025 21:46:56,244,54,0.0641433368126551,0.380973575512568,0.0497291572391987,0.584080950419108,0.129639739791552,-0.74912416934967,0.284351901213328,-47.7843493774539,-50.517228485278,-24.7967363787336,-36.9679388721334,-47.3353060591935,-31.6615134279233,-125.025236291328,-89.9299052032704,-57.6921208789784
31-Jan-2025 21:47:35,244,55,0.0663494616746902,0.382878802220027,0.0489745905001958,0.589578147729238,0.122437092661858,-0.750330936908722,0.27278254032135,-50.5421600721984,-50.1767353143747,-25.2241560972157,-38.8242078468986,-48.2595902040824,-33.5184615365841,-124.098847952627,-93.8128515204425,-61.6992298416018
31-Jan-2025 21:48:12,244,56,0.0680677061279615,0.384566384553909,0.0489013453324636,0.594232694307963,0.110115923980872,-0.752191162109375,0.262622300783793,-53.4165509621075,-51.8141773930238,-25.8762503387153,-40.5202248897826,-50.7045619153907,-34.8603904605546,-123.102373640487,-98.33175253475,-63.4760383009824
31-Jan-2025 21:48:49,244,57,0.0682912995417913,0.385548502206802,0.0485519600411256,0.594049243132273,0.110293538868427,-0.755397454897563,0.253605113426844,-54.3992319495989,-53.840587096449,-26.7156818417237,-42.3611159667259,-53.0098774099087,-35.64480979218,-122.370856341627,-103.168630897625,-65.4876965087417
31-Jan-2025 21:49:24,244,58,0.072023968398571,0.387110475699107,0.0492204969127973,0.595397488276164,0.108262687424819,-0.759271609783173,0.239348417520523,-55.4110579858814,-54.7864806122624,-27.7987819754865,-45.0994440606989,-53.4453647960315,-36.3004743276329,-121.396817549408,-107.714497934784,-68.8167795906902
31-Jan-2025 21:49:59,244,59,0.0710206061601639,0.388177229960759,0.049582785119613,0.594315977891286,0.109314036369324,-0.765584111213684,0.220726002256076,-56.8124565465596,-57.6671160342699,-28.7787164246264,-49.0364906631867,-54.3709381279568,-37.9417614649994,-119.776518010509,-110.689859309085,-71.3045751097335
31-Jan-2025 21:50:35,244,60,0.0730981682737668,0.390560948848724,0.0468296137948831,0.595674777030945,0.11318698177735,-0.771007978916168,0.194697194298108,-58.1086413694355,-58.4401224093745,-29.482068031455,-54.847896519932,-56.7415544327832,-39.9258599033229,-118.20808809827,-115.129967851957,-74.571726847324
31-Jan-2025 21:51:12,244,61,0.0721812084317207,0.391414640347163,0.0482635527849197,0.595588978131612,0.106092878182729,-0.774952709674835,0.182938182353973,-60.5039732058438,-59.1166155481164,-30.1477870044477,-57.1532492675824,-55.7872607117312,-39.3796563797355,-116.401642008446,-117.960383980275,-73.3420318385441
31-Jan-2025 21:51:50,244,62,0.069270928700765,0.393248498439789,0.0491420219341914,0.599996562798818,0.0837993239363035,-0.776937961578369,0.171316264073054,-65.3855016078015,-59.9037014251326,-31.6818602668626,-58.6146918287972,-55.7567277339045,-39.9691556813873,-114.795663325287,-120.331986900737,-71.819675884401
31-Jan-2025 21:52:29,244,63,0.0647412409385045,0.393091181914012,0.0515202425420284,0.596569955348969,0.072257107992967,-0.783342512448629,0.158926953872045,-68.4351282925339,-60.521083671286,-36.3501106739885,-59.5041792967941,-56.6380751276905,-39.4765063956587,-112.76491834546,-121.649183217269,-70.3009894575763
31-Jan-2025 21:53:07,244,64,0.0591295525431633,0.392340918382009,0.0548621339102586,0.591032604376475,0.0715324153502782,-0.789643553892771,0.148413775364558,-68.9938041186537,-63.453614102008,-39.6604496534699,-60.4076892181821,-56.2503627072827,-39.19278281624,-110.821790217299,-120.414176231837,-68.7091377944108
31-Jan-2025 21:53:45,244,65,0.0527954300244649,0.391860920190811,0.0569584367175897,0.592142128944397,0.0572568242748578,-0.792875607808431,0.132051632801692,-71.8320045154672,-68.2187186250142,-41.9918329191292,-61.9182103662657,-56.2031203797782,-40.0635220899761,-108.097470514972,-118.878067595424,-67.4557035130749
31-Jan-2025 21:54:26,244,66,0.0449680358171463,0.391215282678604,0.061673450221618,0.590626176198324,0.0473070186873277,-0.796319162845612,0.121649337808291,-74.0099671976275,-77.0501101941626,-45.1837383278773,-62.9072371276971,-56.1761130987253,-40.4614927902897,-106.032555025561,-117.341408133519,-65.8464779226539
31-Jan-2025 21:55:09,244,67,0.0389394049843152,0.392430688937505,0.0658102403084437,0.592212589581807,0.024473625048995,-0.797278829415639,0.114156843225161,-80.8078110224612,-81.614645286382,-50.9809048081698,-63.7105166958023,-56.6842233408983,-39.348079203892,-104.747341642608,-115.579473258868,-64.8093566776902
31-Jan-2025 21:55:51,244,68,0.0299912480016549,0.390891834100087,0.0691955457131068,0.59395744005839,0.0021638221728305,-0.798720121383667,0.0962084626158079,-83.9753010491518,-85.6358429531831,-52.956018217077,-63.1529863350973,-55.9052568843973,-38.4319267303147,-100.203885077635,-110.01791192303,-61.320064214367
31-Jan-2025 21:56:31,244,69,0.0228097134580215,0.389709452788035,0.0695904860893885,0.600513577461243,-0.0265431633840005,-0.795078519980113,0.080802908539772,-87.7727613615108,-88.7403265007519,-51.2324468938704,-62.3240191760607,-54.9600698087027,-38.8254281850595,-94.8428540392772,-104.625031734005,-58.5737978374082
31-Jan-2025 21:57:15,244,70,0.0138866748039921,0.390147054195404,0.0707226206858953,0.603351541360219,-0.0776154687007268,-0.790967404842377,0.0656762023766835,-98.0352068167039,-90.8614529887045,-53.5845332046068,-61.8093336178583,-55.0567724234112,-38.3737566039655,-89.5230357642262,-98.1164921183865,-55.9740445036315
31-Jan-2025 21:57:56,244,71,0.00738481124863029,0.389416301250458,0.0715175911784172,0.603016531467438,-0.100380306442579,-0.789258360862732,0.058018364260594,-101.180144843314,-93.3909009468492,-51.2244483323148,-60.5517888600731,-54.6994198833214,-37.949498504952,-86.0988238708289,-92.7001227894718,-51.572547691446
31-Jan-2025 21:58:35,244,72,0.000240639233379625,0.387999081611633,0.0737450142701467,0.602652215957642,-0.143747458855311,-0.784016291300456,0.0382814317941666,-106.391329155633,-94.3245096400898,-52.8082778685085,-58.9228145024965,-54.1150397658324,-36.8639471469788,-79.1224151682584,-86.8548386039088,-47.245179140056
31-Jan-2025 21:59:16,244,73,-0.00533450869843364,0.388646141688029,0.0744339356819789,0.600457747777303,-0.188176377614339,-0.776679718494415,0.0284383361538251,-115.110636610806,-94.5351987008784,-51.5640646089451,-58.1581253450241,-53.3421458596438,-37.0977491595257,-74.0449080611013,-81.2450969900216,-44.2298747190637
31-Jan-2025 21:59:56,244,74,-0.0127108054856459,0.38844687740008,0.0771067673961321,0.59679665962855,-0.229443396131198,-0.768829377492269,0.00953267682343721,-121.609005637406,-95.134427945441,-53.7058299515031,-57.0755787876039,-54.2749950591054,-36.0412278573327,-67.3668517516509,-75.1531266619724,-40.9706023632704
31-Jan-2025 22:00:36,244,75,-0.0192646579196056,0.388560914993286,0.0790926625331243,0.593048723538717,-0.261022822062174,-0.76165380080541,-0.00661695223922531,-126.99690544972,-95.5529272818907,-54.5405845951219,-55.9841035302097,-54.5607158113921,-35.0895448977697,-61.7635208410538,-68.8200419768421,-38.2643460400765
31-Jan-2025 22:01:16,244,76,-0.0272696428000927,0.38871505856514,0.0796964918573697,0.585233656565348,-0.294419991970062,-0.75518981218338,-0.0225130591541529,-132.95457065489,-95.9560616642838,-55.546833889271,-55.4131639228286,-54.6728723400914,-34.6402811095218,-55.7975526298835,-60.9414001131713,-35.2345977331823
31-Jan-2025 22:01:57,244,77,-0.0315489267309507,0.388105291128159,0.0810663019617399,0.582613639036814,-0.288371336460114,-0.759628129005432,-0.0191958770155907,-131.046989398865,-99.1184399866519,-56.1407880381911,-54.236960565239,-55.0700293658914,-34.8841125323828,-55.1542941494896,-54.2470645974351,-33.1276402240446
31-Jan-2025 22:02:37,244,78,-0.0336943147083123,0.386341478427251,0.0842225884397825,0.583859872817993,-0.267457381884257,-0.766437685489655,-0.0121440584460894,-126.506849491054,-102.426977070506,-57.2651158497439,-52.5533911201527,-52.0862953357944,-33.6410487480725,-54.6828763439524,-49.3788397870637,-30.7523097189818
31-Jan-2025 22:03:21,244,79,-0.0364155985414982,0.384897756576538,0.0874640986323357,0.583836424350739,-0.249956021706263,-0.772419567902883,-0.00500068664550781,-121.700430257349,-106.483593535103,-60.979630492613,-51.216138631318,-51.312115777749,-33.6045373601766,-54.5973788758436,-47.1486703293747,-29.5177927159565
31-Jan-2025 22:04:05,244,80,-0.0371122439702352,0.382897434631983,0.0891144881645838,0.582284073034922,-0.231651495893796,-0.779238271713257,0.00840193374703328,-116.685871360699,-110.014249690071,-60.7392385511402,-48.6270446206091,-49.2427134557294,-33.346302170488,-55.0798415764489,-45.037528548027,-28.7036824639498
31-Jan-2025 22:04:51,244,81,-0.0389250164230665,0.382189202308655,0.0913780356446902,0.580121652285258,-0.222321476538976,-0.783429463704427,0.0164415127287308,-113.742242632575,-113.731925690226,-62.3463933174965,-46.4620298489631,-49.0006997517226,-33.4272050799029,-55.0962843614112,-43.7359006048498,-28.4747755874526
31-Jan-2025 22:05:41,244,82,-0.040869116038084,0.381248980760574,0.0946606323122978,0.577026323477427,-0.20831613043944,-0.789198752244314,0.0284676014135281,-110.109078988714,-117.018111612973,-65.7773214377673,-44.0590546968486,-48.9223803567224,-33.6776770388696,-55.8547171885522,-43.1390295807579,-27.78847039871
31-Jan-2025 22:06:27,244,83,-0.0400164797902107,0.378793899218241,0.0955373366673787,0.578914209206899,-0.183232314387957,-0.793905401229858,0.0315991600354513,-102.531147886986,-122.263552497016,-60.1451362349955,-42.3620993544998,-46.0009081162253,-33.0379335226122,-55.2591450367823,-41.394537016209,-27.4734660538448
31-Jan-2025 22:07:18,244,84,-0.0416656116644541,0.37759969830513,0.0990086709459623,0.57608749071757,-0.173030895988146,-0.797852722803752,0.0401821300387383,-99.1308330563226,-125.938620861708,-64.1563943707022,-40.3431539170339,-45.6328594529799,-32.6280822687428,-55.1115703955572,-40.5012336814314,-27.4191121309183
31-Jan-2025 22:08:10,244,85,-0.0448304563760757,0.376565390825272,0.101905814309915,0.574479957421621,-0.145800484220187,-0.804404465357463,0.0406013436615467,-92.4943263611926,-129.353502966723,-69.2393741756483,-39.3632134320094,-44.1415225783602,-32.8581771460673,-54.6629945096043,-38.8335249615396,-26.0700834189611
31-Jan-2025 22:08:59,244,86,-0.0426489129662514,0.37620526154836,0.096397735675176,0.582961897055308,-0.148010273774465,-0.798624161879222,0.0211627647280693,-94.0895339559517,-126.213862222286,-67.8368155614144,-43.0194521028674,-45.9134396845934,-32.8240097382669,-52.8526566752242,-39.8524192293317,-26.6014357586172
31-Jan-2025 22:09:46,244,87,-0.0410859314103921,0.376603456338247,0.0909633626540502,0.589309740066528,-0.154752876361211,-0.792946954568227,0.000868960322501759,-96.488193584594,-122.25917491293,-64.7521873644905,-47.2729420118357,-48.192034737983,-33.549828863265,-51.454568529662,-40.527712150845,-27.3716194010158
31-Jan-2025 22:10:32,244,88,-0.0394635863602161,0.378142273426056,0.0862734824419022,0.595699465274811,-0.156708991527557,-0.787310834725698,-0.0269460760056973,-98.9135792301779,-119.321964321114,-62.5515243762214,-53.0250575398592,-48.6239687649508,-34.0556412546623,-49.737605228509,-41.031204399219,-27.6612186947854
31-Jan-2025 22:11:17,244,89,-0.0376030730704466,0.378682438532511,0.0825403576095899,0.599341531594594,-0.165749447544416,-0.781712504227956,-0.0473540412882964,-102.177327884233,-113.968492088069,-62.2178439922798,-58.1764858774103,-50.1575722787078,-33.3264502792593,-48.2362043495604,-42.1237963110234,-27.8605258142407
31-Jan-2025 22:11:59,244,90,-0.0350039936602116,0.380468082427979,0.0757698372006416,0.602089977264404,-0.169745419422785,-0.77687660853068,-0.0716722965240479,-105.485258042523,-109.206889034408,-59.3676549105019,-64.7525706197252,-51.9420105358594,-34.3797576204561,-47.4425846817141,-42.6859380545429,-28.6146868465388
31-Jan-2025 22:12:40,244,91,-0.0322298966348171,0.381772549947103,0.0700978403290113,0.603885149955749,-0.16875873307387,-0.772776794433594,-0.0982814903060595,-107.915278952931,-103.916220570441,-56.6092114798059,-71.140983564422,-52.7268661647083,-34.0743141199528,-45.8778556194189,-43.5828547139199,-28.7462748352582
31-Jan-2025 22:13:20,244,92,-0.0301034687707822,0.382709920406342,0.0636396040519079,0.604520654678345,-0.165604541699092,-0.768608256181081,-0.127950366338094,-109.381345239397,-98.1360194013191,-54.8716408746509,-77.5855606103097,-54.1369304794059,-34.2894951985994,-44.4525718598993,-44.2721588312258,-28.2665763021884
31-Jan-2025 22:13:59,244,93,-0.0278707920263211,0.384879297018051,0.0569744870066643,0.60141198237737,-0.163877406716347,-0.766592995325724,-0.154217410087585,-112.315434213893,-92.6360518796207,-51.0195066822663,-84.1332197067929,-56.2345991370278,-35.139988566821,-43.6970107517675,-45.4576566774961,-28.6812345082239
31-Jan-2025 22:14:38,244,94,-0.0259871562321981,0.387730824947357,0.050823100656271,0.595905443032583,-0.168479396899541,-0.764607377847036,-0.178569424152374,-116.583534532404,-85.5512011816339,-47.8350906962669,-90.4324198285739,-61.5260699661118,-36.2331380798301,-42.7513109693296,-46.8912513882486,-29.693071083812
31-Jan-2025 22:15:14,244,95,-0.0245964962989092,0.390018836657206,0.0447048316399256,0.589290650685628,-0.16810027162234,-0.763187126318614,-0.204998319347699,-118.818640522922,-80.8989088955029,-44.4595338134602,-97.2073904630037,-64.2894418809269,-37.222615665233,-41.3355418497386,-48.2238945312422,-30.7034968441765
31-Jan-2025 22:15:51,244,96,-0.021606308221817,0.393438418706258,0.0381942247351011,0.581096935272217,-0.161160005132357,-0.766015406449636,-0.22265268266201,-121.537249349444,-74.9128958152998,-42.4134064822497,-103.995246353758,-66.3887643386076,-39.5102572868327,-42.909738061571,-51.4560618903564,-31.1882171969292
31-Jan-2025 22:16:31,244,97,-0.0228016211340825,0.396989770730337,0.0345581057171027,0.576475151379903,-0.158206567168236,-0.76661034822464,-0.234426291783651,-124.272609593968,-74.3350223380606,-41.0319939268375,-109.964544872674,-70.631062067721,-41.3219809265308,-44.4789169391152,-52.6379913575309,-31.935084845876
31-Jan-2025 22:17:15,244,98,-0.0243517292042573,0.400241011381149,0.031960574289163,0.571630541483561,-0.151802085836728,-0.76670712629954,-0.249709626038869,-127.016345547493,-76.2362186623034,-42.5329387593242,-116.574564705672,-74.8198474325509,-43.3457455752782,-45.8205871495153,-54.5948018787355,-33.4130261429198
31-Jan-2025 22:17:56,244,99,-0.0238831490278244,0.403500229120255,0.0269934053222338,0.565685482819875,-0.139849848548571,-0.76896192630132,-0.262943943341573,-127.964269355518,-63.1019498872872,-43.1500622857605,-123.12994519571,-79.2068766152389,-46.3755307285501,-47.6485030263432,-56.6390529269552,-35.1815042640121
31-Jan-2025 22:18:33,244,100,-0.0236095445851485,0.404285061359406,0.0213003030667702,0.556721456845601,-0.118143082161744,-0.775930666923523,-0.272093838453293,-122.118157779965,-63.5536235757125,-43.4083825177315,-126.501978806653,-84.9899296724533,-47.5880469689075,-48.5475263267999,-57.4647227589267,-36.3828699092752
31-Jan-2025 22:20:04,218,1,0.00370050058700144,0.310908617575963,0.0400972413520018,0.592972950140635,0.0196712523698807,-0.804971710840861,-0.00408449082945784,-6.22500000000001,-12.6,-4.72500000000001,-6.52500000000001,-9.45,-5.25000000000001,-5.55000000000001,-6.30000000000001,-6.30000000000001
31-Jan-2025 22:20:35,218,2,0.00571891184275349,0.316761346658071,0.0382144207755725,0.593428484598796,0.0417226125796636,-0.803661338488261,0.0151769037048022,-8.01591050407749,-17.7095789314838,-6.77824735889036,-12.5173839985252,-14.7917022376728,-8.76931122783446,-15.7908655012684,-9.31662184498787,-10.7567669583243
31-Jan-2025 22:21:08,218,3,0.00717855809877316,0.320615633328756,0.0353835061192512,0.593438371022542,0.067553041378657,-0.801681407292684,0.0239675141870975,-7.72557100815496,-20.3816578629677,-7.80024471778071,-18.0785179970505,-19.0834044753455,-12.5511224556689,-22.3942310025367,-12.9332436899757,-12.7760339166486
31-Jan-2025 22:21:40,218,4,0.00774345410366853,0.324265750249227,0.0336732921501001,0.59177071650823,0.0871232474843661,-0.801279918352763,0.0129410421475768,-7.66960651223243,-21.6849867944515,-9.05661707667104,-23.8740269955757,-20.3751067130183,-15.1891836835033,-27.7788465038051,-15.4998655349636,-14.326550874973
31-Jan-2025 22:22:12,218,5,0.0109575289612015,0.328231275081635,0.0310229767113924,0.590230866273244,0.112699911991755,-0.799248162905375,0.0113438349838058,-7.3558295163099,-22.4539407259354,-9.53017693556137,-29.4117234941009,-23.2418089506911,-16.8803699113378,-33.4540870050734,-20.9164873799514,-15.7926928332973
31-Jan-2025 22:22:46,218,6,0.0125296741724014,0.332382758458455,0.0303573445727428,0.588591396808624,0.136403767267863,-0.796671148141225,0.0164101969450712,-7.13814627038737,-25.3557071574193,-12.0873305444517,-34.9705137426262,-25.6210111883639,-18.6231186391722,-40.7746400063418,-25.2831092249392,-16.8416472916216
31-Jan-2025 22:23:21,218,7,0.0132695217927297,0.336856053272883,0.0290988272676865,0.586750972270966,0.16289489865303,-0.793125387032827,0.0118620508660873,-6.21850989946485,-29.5488798389032,-12.236281028342,-41.2148508661514,-28.7314634260367,-19.8666486170067,-46.6678492576102,-30.699731069927,-18.5070079999459
31-Jan-2025 22:23:44,218,8,0.0150898958245913,0.338762887318929,0.0270991439620654,0.584325873851776,0.189328696330388,-0.789022938410441,0.0126786301533381,-1.79789696604235,-13.9877556453873,-6.0061299497324,-45.1019614271766,-28.3825406637095,-17.6355692198411,-50.6473866338785,-27.2663529149149,-15.7555718332703
31-Jan-2025 22:24:23,218,9,0.012616771273315,0.344885194301605,0.0290596513698498,0.585271588961283,0.183936845262845,-0.789528107643127,0.016425131012996,-10.2517957513698,-33.1744830143712,-14.3614280898727,-51.2604587069519,-33.1289304013823,-21.6171851351756,-57.2700880726469,-31.1829747599028,-18.7457372290946
31-Jan-2025 22:24:58,218,10,0.0114748102302353,0.347180720170339,0.0316242940723896,0.586835972468058,0.165870772798856,-0.792341566085815,0.0174727066109578,-16.019025803709,-34.5647797032996,-17.225362204834,-51.9669877244842,-35.1696478961613,-22.1795718405622,-58.8610956543723,-34.5722416660656,-21.0816173901731
31-Jan-2025 22:25:32,218,11,0.0138632497439782,0.349232389529546,0.0342855642239253,0.589214889208476,0.141667314370473,-0.794864789644877,0.030760582536459,-22.5298837857358,-35.3045392828529,-16.9481586244828,-51.028863421704,-34.8466935159404,-22.5701323740739,-61.0378942517228,-36.4615085722283,-22.8653979418766
31-Jan-2025 22:26:05,218,12,0.0126445937901735,0.349961117903392,0.0366458470622698,0.592144966125488,0.110408614575863,-0.797616064548492,0.0313512141505877,-28.1375557326064,-36.6940303077187,-18.4003861964754,-49.0434124587676,-35.8169031982194,-22.424779821648,-59.6075883568857,-39.7757754783911,-24.1481286888927
31-Jan-2025 22:26:39,218,13,0.0129082774743438,0.351781549056371,0.0404718918104966,0.594771869977315,0.0779432584842046,-0.79903173049291,0.0414680600166321,-35.1686346618988,-37.4333870552409,-19.8173293446399,-47.1342981657531,-35.6336949117484,-21.9364707262534,-60.5737302159549,-41.8525423845539,-25.0303345335649
31-Jan-2025 22:27:13,218,14,0.0119773055116336,0.353773639599482,0.0436132033665975,0.597178777058919,0.0513724158207575,-0.799371341864268,0.0417597196996212,-40.8114170824022,-40.3226766640911,-21.6666302808903,-47.0633522076995,-36.0737776409025,-21.5766833593745,-60.4130959519772,-44.5105592907166,-25.6372779270653
31-Jan-2025 22:27:48,218,15,0.0109698349609971,0.354839597145716,0.047039008885622,0.598367615540822,0.0171178427835306,-0.800103203455607,0.0387046066423257,-49.435051248511,-41.5119327036055,-24.3321101111836,-45.2864904171263,-36.375505877869,-21.4311568567533,-58.1140736264761,-46.3342011968794,-27.2315900949798
31-Jan-2025 22:28:22,218,16,0.00939552467316389,0.355316412448883,0.05080203662316,0.599836579958598,-0.0207283568878969,-0.798717121283213,0.0426308912535508,-56.0991112874226,-44.2511719584519,-27.3306793884985,-41.1566707102934,-37.2080568687418,-21.9927607862611,-55.7958572702133,-47.7406556030422,-28.9445866501013
31-Jan-2025 22:28:57,218,17,0.0069566633241872,0.3564994653066,0.0564786233007908,0.599602917830149,-0.0635049516956012,-0.796317950884501,0.0481790353854497,-64.1833842627355,-50.4654028209642,-30.945793389324,-37.8753720453307,-36.6560192365677,-22.8329299318332,-54.2930438985696,-49.838516259205,-29.8919253988263
31-Jan-2025 22:29:33,218,18,0.0134947271396716,0.355773870150248,0.0561853503187497,0.59968672990799,-0.0490784217913946,-0.796553913752238,0.0588983525832494,-60.9635726812581,-50.3459423923129,-28.9511486787076,-36.3485374538488,-36.0944131835723,-22.1213071050897,-55.6006348467468,-52.7636250717754,-32.7522702343578
31-Jan-2025 22:30:10,218,19,0.0188052230825027,0.355952994028727,0.0547042436897755,0.598682049910227,-0.0373450095454852,-0.796873152256012,0.0719607522090276,-59.1863143338811,-47.8702298655781,-28.3106401489689,-35.6713331228344,-36.6866599748151,-21.7043255823623,-58.8370765410787,-56.4990854468458,-35.5337006182902
31-Jan-2025 22:30:49,218,20,0.026192743703723,0.355774768193563,0.0539955909053485,0.600658897558848,-0.0348073927064737,-0.795414857069651,0.0728874052564303,-57.2303326035543,-45.4913912898016,-27.1471997096691,-34.7439439220538,-36.8808331881774,-21.8846647116429,-58.2379436084881,-61.3147216031662,-40.4506737764231
31-Jan-2025 22:31:28,218,21,0.0335117605825265,0.355829588572184,0.0528735940655073,0.602302114168803,-0.0301497568686803,-0.794134930769603,0.0753187114993731,-55.6349891817525,-43.6859896895042,-25.4222933155886,-33.7664622863901,-36.5759696125993,-22.2136641669275,-58.1210233624362,-67.2704456501116,-43.4354183216562
31-Jan-2025 22:32:06,218,22,0.0260901960233847,0.353330437342326,0.0544874360164007,0.599559454123179,-0.0227425129463275,-0.799186408519745,0.0362270491818587,-50.0837406505721,-48.1277833414402,-26.8804378810548,-36.6246780470196,-35.1570431894514,-21.6932671133545,-49.1024336305869,-67.6077427514882,-39.3933586696888
31-Jan-2025 22:32:46,218,23,0.0189201121528943,0.35214697321256,0.0552151178320249,0.596993064880371,-0.00983190058420102,-0.802152256170909,0.00737840899576743,-47.022651696523,-51.4004362372459,-27.9732159578259,-39.7703706989284,-33.3508575690683,-21.8100351412825,-44.7043970703722,-64.5175618255209,-35.8057418644964
31-Jan-2025 22:33:28,218,24,0.0114360669627786,0.350470465421677,0.0545718063910802,0.594497795899709,0.00207726191729307,-0.803873479366302,-0.0188561826944351,-43.7816425310395,-57.0885187549865,-29.1083107902494,-42.7598017964767,-32.7010423500676,-22.1703857099611,-41.1166370959748,-60.9136418858818,-32.2953464826916
31-Jan-2025 22:34:10,218,25,0.00483954067652424,0.349744669596354,0.0552346381048361,0.59418892065684,0.019520436724027,-0.803402849038442,-0.0332022480666637,-40.7506732598388,-60.5343160836946,-31.3895640004992,-47.6211021168448,-32.1794123317581,-21.1525275490148,-39.7340154144861,-55.9278524394068,-28.9735618125806
31-Jan-2025 22:34:49,218,26,0.000385706437130769,0.350966676076253,0.0529853957394759,0.595151074727376,0.00450376234948635,-0.802130711078644,-0.0485926866531372,-44.7652407269891,-60.2113374830804,-30.3028631115203,-50.7040041601012,-32.7236117708969,-21.4167168310689,-38.0611389164158,-50.6145735842454,-25.9355885499434
31-Jan-2025 22:35:27,218,27,-0.00523685785010457,0.350991264979045,0.050729667643706,0.593443163235982,-0.0127193776890635,-0.800851631164551,-0.0793733085195223,-49.8448181677101,-59.1402875852081,-29.6902018169979,-53.9923735090625,-32.9248575102084,-21.5238539307168,-32.9270469915729,-45.1433273523749,-23.4322679652297
31-Jan-2025 22:36:02,218,28,-0.00921783571441968,0.351007469495138,0.048300734659036,0.59173682530721,-0.0233691714704037,-0.797666776180267,-0.114145236214002,-52.0069005952165,-54.7702020387068,-29.3895603197039,-57.8334765108763,-33.7046263996062,-20.5024649391615,-27.7123473533434,-40.26809743215,-21.6462737194777
31-Jan-2025 22:36:35,218,29,-0.0123959246401985,0.350894558429718,0.0457421908775965,0.590121134122213,-0.0212684523314238,-0.794331570466359,-0.142625656723976,-51.8102355161156,-52.575598667891,-28.5699287210239,-61.9509463391164,-33.4986568640474,-19.8918129020048,-24.3323438584208,-32.6908756677479,-19.6939426432066
31-Jan-2025 22:37:07,218,30,-0.0169197272509336,0.35188098748525,0.0430975794792175,0.588002689679464,-0.0288123495876789,-0.78903743426005,-0.175620701909065,-54.5591966837111,-51.0187363849178,-27.9408020716511,-66.5065995805695,-34.7498181160103,-19.4115293420473,-19.3946884351516,-27.5876579812571,-17.5834431516758
31-Jan-2025 22:37:41,218,31,-0.0177404115597407,0.35338193376859,0.0408147578438123,0.583610526720683,-0.0399394114812215,-0.786366395155589,-0.198573749264081,-57.7309709746547,-48.5057446458661,-27.1819278969318,-71.2813445286292,-35.829544761734,-19.5964300206893,-16.8282070477091,-26.571442333722,-16.9688594525153
31-Jan-2025 22:38:18,218,32,-0.0155767291784286,0.356554875771205,0.0389513688782851,0.57861762046814,-0.0463212206959724,-0.786475686232249,-0.210978641112645,-62.9141518272723,-46.114688178775,-27.4081799595392,-75.7906353299922,-37.9485541043381,-20.3389228186312,-17.2473126781799,-29.3987277056647,-17.6272336495399
31-Jan-2025 22:38:44,218,33,-0.0182300084580978,0.355554046233495,0.0353740279873212,0.573620740572611,-0.0437221864859263,-0.782060607274373,-0.239643204212189,-60.4030359607271,-40.2595993476643,-22.5769951408101,-79.6421990580069,-33.2372047953824,-18.060211676223,-12.0342118176073,-13.0727635873465,-8.7970867946571
31-Jan-2025 22:39:28,218,34,-0.0143416305383046,0.357841128110886,0.0324582961698373,0.573018634319305,-0.0260050204892953,-0.785915338993073,-0.23089069823424,-60.9861485942477,-42.8729086404356,-23.0377506166008,-82.1672415277756,-38.9899322797715,-22.3559782054444,-17.6797817795121,-28.0132931298934,-17.7646901990607
31-Jan-2025 22:39:52,218,35,-0.0180557001382112,0.355615991353989,0.0254308513055245,0.567158957322439,-0.0235094248006741,-0.783907520771027,-0.2515294333299,-56.8331870479777,-30.670209842202,-16.1966468720573,-83.1778522292072,-39.4350701012707,-21.6214437495781,-5.19230011865621,-11.7655102998754,-8.27266334048755
31-Jan-2025 22:40:42,218,36,-0.014121400937438,0.359441594282786,0.0271050702780485,0.570019201437632,-0.0108748455842336,-0.787609227498372,-0.233734047412872,-59.7621884118122,-42.3345069984658,-21.6796135173467,-85.6062470464703,-44.1264130913249,-25.8717588011682,-19.1882926464197,-29.1985712835746,-19.1008213504258
31-Jan-2025 22:41:18,218,37,-0.0147815960769852,0.359324393669764,0.021540463467439,0.567979872226715,0.00421331456551949,-0.788084208965302,-0.237285484870275,-55.3571712306991,-24.8323021319786,-12.4746153575527,-86.7185339216491,-47.1158586656566,-25.6394986064863,-19.276022268493,-27.9970541741327,-8.06407179462004
31-Jan-2025 22:41:59,218,38,-0.0153529163450003,0.359791231155396,0.017972714950641,0.566676231225332,0.016620076323549,-0.787924110889435,-0.240369375546773,-52.9101447771122,-13.1468462541157,-6.42563479521687,-88.5977668257858,-51.2793555321271,-26.7659507886685,-20.2846204377215,-27.60324801812,-17.969868455942
31-Jan-2025 22:42:31,218,39,-0.0195621378719807,0.360108172893524,0.0129011967529853,0.564365033308665,0.0267374703039726,-0.78621275027593,-0.25029323498408,-51.0671136872883,-4.36976487056501,-1.72966303161016,-90.5604727444014,-55.5048780446669,-28.4967591592827,-18.9786528805273,-8.41329733882178,-6.09693822582806
31-Jan-2025 22:43:13,218,40,-0.016459679727753,0.361421859264374,0.0104821259155869,0.563831961154938,0.0393448109428088,-0.787299358844757,-0.246384324630102,-49.7510802793459,2.65312926582959,1.989804332632,-92.2649151702565,-60.5864133802414,-30.379745624113,-21.6154024601221,-29.4002743978813,-19.2596445499959
31-Jan-2025 22:43:56,218,41,-0.0166979023565849,0.364559596776962,0.00988544368495544,0.562400531768799,0.0351159557700157,-0.788560076554616,-0.246262411276499,-54.9813220075252,-2.55544734399142,-0.852007277610773,-94.983802098826,-64.580513799881,-31.489438685809,-24.1152455968852,-31.1590974609581,-22.490198432208
31-Jan-2025 22:44:38,218,42,-0.0173589988301198,0.367177242040634,0.0130322260782123,0.560185662905375,0.0243500986446937,-0.789241540431976,-0.250393488009771,-60.4183131561748,-8.46507076560146,-3.90044498769469,-98.7631231542055,-63.4636174252793,-32.187176271059,-25.7632680178454,-32.9871524586241,-10.3796614529908
31-Jan-2025 22:45:11,218,43,-0.0208915572613478,0.368728516499201,0.0149328346053759,0.55774126847585,0.00323012764565647,-0.789724095662435,-0.255441027879715,-65.6586790150596,-14.125217593106,-7.12719574769917,-99.5476612729898,-62.8662226535569,-32.678936118086,-24.9603800809041,-14.3748234235843,-4.47357904305877
31-Jan-2025 22:45:40,218,44,-0.0220927113046249,0.370896146694819,0.0167830767730872,0.553305264314016,-0.0193645114699999,-0.789707374572754,-0.264273695151011,-71.100732229062,-20.1106261235578,-10.2181030326639,-101.084807923477,-62.6785786832742,-32.3177070960015,-23.6820369650119,-6.24230237219207,-2.19472391776934
31-Jan-2025 22:46:06,218,45,-0.0208937558035056,0.373885895808538,0.0194126840680838,0.552738563219706,-0.0302324559539556,-0.790518796443939,-0.26200407743454,-76.4936291206233,-26.1836655054832,-13.4660885801088,-103.073258839815,-63.1458101137113,-32.9549836393612,-26.4409662596445,-2.67468531262358,-0.979482434801205
31-Jan-2025 22:46:56,218,46,-0.0149528435741862,0.376706341902415,0.0232431679964066,0.551420613129934,-0.0449137243131797,-0.791942830880483,-0.258349863688151,-82.0869478509639,-32.4505203131454,-16.6426132587938,-104.762361889078,-63.4904792445084,-33.4165129654431,-29.3435317595395,-40.6145202489673,-27.0710477729935
31-Jan-2025 22:47:43,218,47,-0.0159331231067578,0.37971864938736,0.0255906245360772,0.552093740304311,-0.0592932797968388,-0.791685406366984,-0.254776455958684,-87.4054775006942,-38.4392828336761,-19.9334075030988,-106.751791004805,-64.2238672254853,-34.015168682886,-31.9429153620657,-41.1830811832668,-28.3410165217663
31-Jan-2025 22:48:25,218,48,-0.01869193178912,0.381858932971954,0.0269535813480616,0.550624680519104,-0.0719060485561689,-0.789598782857259,-0.261104943354925,-92.9616126101193,-44.5139992106409,-23.1313365302139,-108.891383153763,-64.5516146315523,-34.5323875960095,-31.9907080159074,-40.8410051165441,-16.2251869758294
31-Jan-2025 22:48:55,218,49,-0.0238278164217869,0.383049066861471,0.0276765033602715,0.545117338498433,-0.0967140952746073,-0.784137439727783,-0.280396064122518,-98.4115504493919,-50.6316925158229,-26.3578329487339,-110.806056819336,-65.1265417501643,-33.8838881069732,-19.3627051954069,-23.0936105493101,-10.8414582825375
31-Jan-2025 22:49:41,218,50,-0.0196465943008661,0.388679860035578,0.0310593957702319,0.549033768971761,-0.103994652628899,-0.786105918884277,-0.264167702198029,-104.933389653588,-62.0958742851134,-29.8986130629564,-114.108271243218,-67.7750587250488,-38.3525294168571,-36.0218046377352,-46.818556731821,-30.723780015568
31-Jan-2025 22:50:26,218,51,-0.0198189770181974,0.391426593065262,0.0361937088270982,0.552500907580058,-0.112367337445418,-0.781264225641886,-0.267848066488902,-109.741179540246,-65.8083002864582,-32.9965350250302,-116.604256046253,-67.1103706280694,-37.279741126201,-36.8744552114781,-49.8046732892042,-33.0891269617598
31-Jan-2025 22:51:07,218,52,-0.0230895072221756,0.393974854548772,0.0408450702826182,0.556345129013062,-0.127085188031197,-0.776484413941701,-0.267210485537847,-115.416944768135,-70.5198484038301,-36.2480279110297,-118.247126038865,-66.8140799951583,-36.511238035275,-38.5988813509282,-50.3713750340234,-20.9959865145324
31-Jan-2025 22:51:44,218,53,-0.026465388884147,0.395326701800028,0.0432949416339397,0.563522990544637,-0.117095621923606,-0.776491582393646,-0.256498122215271,-114.720458491848,-76.8537046072805,-40.1807667805737,-118.483990051378,-69.6796316900788,-37.7642863496621,-41.8124133789224,-48.8842394480537,-15.5071244158913
31-Jan-2025 22:52:27,218,54,-0.0285087360690037,0.396627440055211,0.0436931719382604,0.567658869425456,-0.108228228986263,-0.777347254753113,-0.248558516303698,-114.203466050868,-83.6248413397378,-44.0018983810992,-118.957575361285,-72.7122827510164,-39.2059059639818,-44.5313892983435,-49.642250158943,-32.6536404688951
31-Jan-2025 22:53:10,218,55,-0.0290964609632889,0.39869371453921,0.0460669718682766,0.573299876848857,-0.0946070685982704,-0.775918865203857,-0.245614965756734,-113.476220527542,-90.6896183366984,-47.9922263471153,-120.749521319889,-75.9034834949625,-40.8168112282677,-47.3030871634779,-52.6478340182619,-35.1678455977215
31-Jan-2025 22:53:54,218,56,-0.0344690752526124,0.400933802127838,0.0483087790509065,0.581318759918213,-0.0827720761299133,-0.772338267167409,-0.242303404211998,-112.793848463042,-97.9012154659108,-57.0921524958769,-122.825647602841,-82.9989590804129,-42.7373593175367,-49.8011460014691,-51.8272044517954,-35.8408952644593
31-Jan-2025 22:54:33,218,57,-0.0374633327126503,0.402050469319026,0.0511812038719654,0.586805586020152,-0.0782128517826398,-0.77054789463679,-0.236215917269389,-112.058913127957,-105.036222661249,-58.396877736011,-121.743864047968,-84.2465720866153,-44.3627288192973,-51.4123853258886,-51.4184681724363,-35.2183672001528
31-Jan-2025 22:55:15,218,58,-0.0390963047742844,0.40397099852562,0.0497797052065531,0.585500657558441,-0.0858125403523445,-0.777030960718791,-0.214588324228923,-117.04985750636,-107.874548747306,-62.966096494589,-121.563631769648,-88.5077371174845,-49.5880377283785,-55.813520210772,-53.003548975926,-36.2207725339009
31-Jan-2025 22:55:56,218,59,-0.0414924291272958,0.404322648048401,0.0469071708619595,0.58375970919927,-0.0896285558740298,-0.780650758743286,-0.204391140739123,-117.227661067116,-111.031227349895,-63.7490150260102,-119.356422031872,-93.4819365035417,-53.1270519905826,-57.1429502172625,-53.1166031011927,-37.424283434888
31-Jan-2025 22:56:37,218,60,-0.0404038123786449,0.403858345746994,0.0423156450192134,0.582961324850718,-0.0751018881797791,-0.788384219010671,-0.181565929452578,-114.023894219049,-112.997082210749,-61.0637834438529,-117.110723564367,-97.687653067193,-56.2729189293481,-61.5865277845566,-52.9436438873478,-38.5033471194946
31-Jan-2025 22:57:19,218,61,-0.0398415004213651,0.403167659044266,0.0359663943449656,0.578153363863627,-0.0723965048789978,-0.798520048459371,-0.151205866535505,-112.27934216657,-111.442525200736,-58.7444768049064,-112.220780731998,-102.634128219641,-61.9972122063943,-65.4121791322524,-52.9276780039472,-38.5451871959109
31-Jan-2025 22:57:59,218,62,-0.0387892439961433,0.40143293539683,0.032072435071071,0.578437701861064,-0.0620194479823113,-0.803967074553172,-0.123289720217387,-108.339397511885,-108.952762255289,-56.9081326375654,-106.683715717198,-107.050982666488,-63.4607186525809,-68.4038673701492,-52.3902087857686,-38.6684154682322
31-Jan-2025 22:58:40,218,63,-0.0368031991024812,0.400767757495244,0.0246145746360222,0.577195044358571,-0.0454008221626282,-0.80915398200353,-0.100272203485171,-104.726756556098,-105.620396342126,-54.4132697060271,-103.748089611181,-111.128026760534,-66.9938316833376,-72.2535740531464,-51.7419879002011,-38.6823378385059
31-Jan-2025 22:59:23,218,64,-0.0345818179349105,0.400366981824239,0.0188076220452785,0.579945425192515,-0.0216926751037439,-0.811447028319041,-0.0688948328296344,-101.052767449759,-102.466728945105,-52.5641473923901,-100.388182959556,-115.71016567818,-69.4617480063795,-77.0572899586938,-51.4883911809391,-38.8666072577558
31-Jan-2025 23:00:05,218,65,-0.0324006093045076,0.400884356101354,0.010323759354651,0.581077031294505,-0.0048917641552786,-0.808548299471537,-0.0926025395592054,-98.4564207743634,-97.0104670853206,-50.2171589140464,-105.039957985053,-118.452843397562,-70.6512970572917,-75.978855512558,-51.6617666467787,-39.3261156392275
31-Jan-2025 23:00:46,218,66,-0.0309713790814082,0.40228286186854,0.0023229806839178,0.57730473279953,-0.000489165560187151,-0.807888722419739,-0.118468695382277,-98.50723706133,-88.9363798545721,-47.9941055901781,-110.110662874148,-121.359294822844,-72.0995469312751,-74.1639233720598,-51.8212981541946,-39.1907107829432
31-Jan-2025 23:01:26,218,67,-0.0313046168535948,0.401888636747996,-0.00369903482496738,0.574406051635742,0.0110101240997513,-0.806247727076213,-0.141071256995201,-95.8316348294777,-83.6033799383412,-45.8330198435475,-112.690832695042,-124.947633101077,-73.0021472167942,-71.3807423843804,-51.9739076823986,-38.6828493077809
31-Jan-2025 23:02:05,218,68,-0.031487454722325,0.402007778485616,-0.0118167825664083,0.57136538028717,0.0345222177604834,-0.802649358908335,-0.167642049988111,-89.467823338216,-78.8909236793692,-44.0029178855357,-117.475734981835,-128.126914805784,-73.0319227080812,-68.3384369731103,-51.7480562209967,-38.7387595231796
31-Jan-2025 23:02:46,218,69,-0.0319311251242956,0.40329150557518,-0.0174794659018517,0.565650153160095,0.0514875926077366,-0.798711824417114,-0.198616155982018,-85.5349072172496,-75.1637392490266,-43.3133078218333,-123.738003501578,-130.951668223729,-73.225285802252,-65.616569350045,-52.3079742647919,-38.9265555838588
31-Jan-2025 23:03:28,218,70,-0.0321827299892902,0.405182272195816,-0.0226330455392599,0.557581722736359,0.0672915200392405,-0.79453508456548,-0.230842870473862,-83.6424387814307,-71.5541907329987,-42.4439437052856,-130.138955137796,-132.399157498292,-74.4754426978648,-63.279920621082,-52.7357770611856,-38.2802945671783
31-Jan-2025 23:04:13,218,71,-0.0333532979091008,0.407419176896413,-0.0270277130107085,0.553544406096141,0.0945628022154172,-0.787156939506531,-0.255010678370794,-81.1201941881857,-71.3784601741281,-42.8347025623152,-137.284248332252,-134.883014701165,-74.9789964941986,-62.9358813391701,-52.5725222338785,-38.7170050118179
31-Jan-2025 23:04:58,218,72,-0.033675387998422,0.409415537118912,-0.0289764675001303,0.549161501725515,0.112916898230712,-0.780428596337636,-0.27677182952563,-78.7330615162276,-71.4196385938362,-42.8805229061336,-143.001712305826,-135.860055868193,-75.8592487408928,-62.9131467807838,-52.7887385947211,-39.0202011871176
31-Jan-2025 23:05:45,218,73,-0.0336830166478952,0.410897318522135,-0.030010890463988,0.547807927926381,0.132618650794029,-0.772282381852468,-0.29308486978213,-76.938484804913,-70.5192715028337,-43.3538739933462,-148.305261668959,-136.533689017297,-76.7778502127673,-63.3510645841603,-54.0946905496385,-38.3566402277473
31-Jan-2025 23:06:21,218,74,-0.0379357169071833,0.413123683134715,-0.0342322121063868,0.539107743899027,0.151456987857819,-0.762749512990316,-0.323476143678029,-74.69018607392,-71.998131656476,-31.3659904522562,-155.801853726872,-137.355618157441,-76.8156262972319,-61.6943085684183,-38.2455103015932,-25.7347007010422
31-Jan-2025 23:07:14,218,75,-0.033873484035333,0.416843414306641,-0.0335722592969735,0.541277682781219,0.184855798880259,-0.751666593551636,-0.328396322329839,-72.440026333088,-73.0916054324408,-42.7724895970145,-163.269967132175,-138.626695293104,-77.9129896879916,-67.9152156431168,-34.2187639520667,-40.5085718906693
31-Jan-2025 23:08:07,218,76,-0.0330148349205653,0.419457161426544,-0.035848306119442,0.529485849539439,0.200791875521342,-0.74631040096283,-0.349783043066661,-70.1139360873363,-72.8673860195669,-29.1261800846974,-170.198841211173,-139.072346426527,-77.9651467318988,-68.5499542630359,-55.5282345517995,-41.3803484384629
31-Jan-2025 23:08:37,218,77,-0.0391361152132352,0.419268830617269,-0.0363395949204763,0.528962560494741,0.211148372292519,-0.729667429129283,-0.378418205181758,-64.4498805891249,-45.5843200122728,-20.3534662438423,-175.283095627019,-131.905284558829,-71.8697006023799,-49.8166086555652,-42.7058136261622,-29.0760776653396
31-Jan-2025 23:09:46,218,78,-0.0341083355247974,0.4234650293986,-0.030931784833471,0.530691452821096,0.219686498244603,-0.725895651181539,-0.378391255935033,-71.2918424646835,-74.5218307077701,-44.1675502387182,-181.995040211288,-136.081866190571,-76.2004528861477,-69.2492209343996,-56.9924469378395,-41.3087832317577
31-Jan-2025 23:10:25,218,79,-0.0309890548388163,0.422707223892212,-0.0340859234333038,0.520542164643606,0.227840521931648,-0.728779180844625,-0.382106655836105,-65.3175733260948,-46.2678726164903,-27.9229494769223,-182.528587268235,-135.519209702892,-74.7500693365362,-68.68276330416,-57.4811286776322,-41.5075325172236
31-Jan-2025 23:10:54,218,80,-0.0293381215383609,0.417635224262873,-0.0260095397631327,0.532557260990143,0.23278840581576,-0.723830719788869,-0.371835190057755,-62.5448085309487,-32.2565587009084,-19.7500481740591,-174.956556867288,-123.767464090073,-67.3937353902465,-65.9202951454965,-55.1845739767537,-34.040525887575
31-Jan-2025 23:11:26,218,81,-0.0251230402539174,0.41460164586703,-0.0208321880549192,0.53046551545461,0.20711990793546,-0.736102251211802,-0.36587041815122,-66.9227959075238,-25.2165668731753,-15.6129966006622,-174.131737737394,-123.671173914684,-65.8594262456176,-64.6098217226212,-55.7704010555395,-40.6656413003689
31-Jan-2025 23:12:17,218,82,-0.0282420160869757,0.41350536942482,-0.0177978439877431,0.545065220197042,0.209543550014496,-0.731760617097219,-0.351456761360168,-67.7511593699595,-70.2622360893674,-40.6438698919984,-171.205524243027,-121.752611458009,-63.9361295018192,-65.52534566764,-55.7724190241575,-37.7618177343842
31-Jan-2025 23:13:00,218,83,-0.0202352091670036,0.411071505149206,-0.0106089922909935,0.546420355637868,0.202845683693886,-0.741439437866211,-0.33248460094134,-68.1547108753255,-70.9257358275216,-40.9587056157013,-166.328613566423,-118.322912860693,-62.4933389584359,-67.9288682966058,-59.6825324376915,-40.3685246790102
31-Jan-2025 23:13:41,218,84,-0.0109655977537235,0.40890909632047,-0.00568829930076996,0.546536513169606,0.196864518523216,-0.754710916678111,-0.304883066813151,-68.2708564021567,-69.1231508266566,-40.3155225555875,-162.351354298701,-114.812646193055,-60.6158015152603,-71.0763902675452,-65.9216935736836,-42.2804968789415
31-Jan-2025 23:14:23,218,85,-0.00439725493391355,0.40804207722346,0.000274041795637459,0.549820919831594,0.194251055518786,-0.763855413595835,-0.276565392812093,-68.6932989397204,-70.212523456282,-40.1683301035654,-158.298920735419,-110.662095490256,-58.7458906221884,-74.8209119094713,-71.3003785709046,-44.7451017065255
31-Jan-2025 23:15:03,218,86,0.00329115727605919,0.406930820147196,0.00657408932844798,0.549259209632874,0.186890826622645,-0.773445399602254,-0.25528110464414,-69.2688899826505,-68.0978749011526,-41.319132955589,-153.533900024358,-105.741402769877,-56.5047930041685,-77.3639333868909,-77.5238254987402,-47.9360228479358
31-Jan-2025 23:15:45,218,87,0.0111659543588758,0.406124091148376,0.0113418164352576,0.551728749275208,0.181426485379537,-0.782938142617544,-0.222907391190529,-70.2210552782637,-66.6312157536458,-39.7439334596357,-148.712585739407,-101.335639040708,-54.5281020236745,-82.2312047820571,-83.0446533918831,-52.9901021462592
31-Jan-2025 23:16:26,218,88,0.019088460629185,0.405821770429611,0.0171991607795159,0.551605264345805,0.178953940669696,-0.790337586402893,-0.197670558094978,-70.1615077002184,-66.6135513099503,-39.2057327896938,-144.538124667511,-96.8873398071437,-52.0836143619435,-85.4106011360966,-87.6141717676796,-56.7257605230393
31-Jan-2025 23:17:08,218,89,0.0260571935524543,0.406008944908778,0.0216749475648006,0.556233712037404,0.178348432977994,-0.795397837956746,-0.161673031250636,-70.421103685344,-66.2703842181604,-39.3360315327576,-140.387090202142,-93.6177728213819,-49.7802283595939,-90.8960599695728,-93.0580353848028,-60.7022084390476
31-Jan-2025 23:17:49,218,90,0.0331421641012033,0.406551331281662,0.0274272153774897,0.557214339574178,0.17610623439153,-0.800157511234283,-0.135080641508102,-70.990271452055,-67.1144658023235,-39.4255799823242,-136.697769040038,-86.5125719595215,-47.7723931869352,-95.5845500427674,-99.0140716225895,-63.5240511246701
31-Jan-2025 23:18:30,218,91,0.0396393023431301,0.407343870401382,0.0314131940404574,0.556162329514821,0.176001262664795,-0.8045307914416,-0.111522495249907,-70.8892251095586,-66.002171724463,-39.1947532851423,-133.839304529565,-81.6145541596116,-45.9123334291217,-99.1995557358211,-104.551194170708,-66.8935911950996
31-Jan-2025 23:19:12,218,92,0.0458931043744087,0.408471224705378,0.0367719881236553,0.554407203197479,0.173617127537727,-0.810014998912811,-0.079784069955349,-72.0280717124586,-67.5866898155906,-40.6037390145861,-129.896268344908,-77.445127890677,-45.476161378731,-103.627819238804,-110.178859873992,-69.5619799579327
31-Jan-2025 23:19:52,218,93,0.053998140245676,0.409222429990768,0.0391751026113828,0.554207217693329,0.17076140443484,-0.813084677855174,-0.0508747821052869,-71.6868647880568,-66.0946139912124,-38.7826309573428,-125.410946323159,-73.8649973872301,-44.2519331820516,-106.887711646753,-115.626797154859,-72.9297930669676
31-Jan-2025 23:20:35,218,94,0.0594343731800715,0.410150895516078,0.041862974067529,0.555841767787933,0.167576796809832,-0.813977007071177,-0.0199850957840681,-72.105631100004,-66.6642412090812,-39.3214760067559,-120.429481382865,-73.279514766527,-44.1336769122278,-110.163418507183,-121.209870224518,-76.3473183491033
31-Jan-2025 23:21:15,218,95,0.0687473103404045,0.411973168452581,0.042132385323445,0.565088848272959,0.161256661017736,-0.808919688065847,0.017884469901522,-72.8293840301258,-67.4397199480736,-26.4152976094973,-115.124944983297,-71.3413560871958,-44.8684066058319,-114.272032593855,-127.085511188572,-81.4396997177895
31-Jan-2025 23:21:57,218,96,0.0639138201872508,0.412891145547231,0.0430789974828561,0.561545105775197,0.157943106691043,-0.811833544572194,0.0254435574014982,-75.0626106824631,-68.1965823831054,-40.7936822501892,-115.142487742842,-75.2621128270553,-45.7151017989501,-117.173222931989,-129.073008408448,-80.3451410776104
31-Jan-2025 23:22:38,218,97,0.0623331020275752,0.41490919192632,0.04175174087286,0.564054846763611,0.158331350485484,-0.809589187304179,0.0365878388285637,-77.259583989344,-70.7299076984182,-42.2108110292133,-116.129262637568,-78.4697005522578,-48.0125434829252,-120.882640076684,-130.833647601922,-80.2692964590688
31-Jan-2025 23:23:15,218,98,0.0617774561047554,0.417448655764262,0.0362122888366381,0.572156051794688,0.161416905124982,-0.802400227387746,0.0523060150444508,-79.4384306234967,-73.0264644538715,-28.1473118774036,-116.775653599886,-82.5207037701318,-51.1103584123288,-126.421170624659,-133.080857782196,-79.3528088513461
31-Jan-2025 23:23:59,218,99,0.059107997516791,0.419675310452779,0.0334467406074206,0.571533850828807,0.170177694161733,-0.79981160958608,0.0684834688901901,-80.9332139212853,-73.3296369293949,-42.9434987601766,-117.626852595998,-91.1934147343416,-53.9333599644467,-132.274257874275,-135.79635345587,-78.0909997490328
31-Jan-2025 23:24:42,218,100,0.0579692078133424,0.422980940341949,0.0309271349261204,0.574402038256327,0.175633593400319,-0.795250229040782,0.0824150318900744,-82.9109655508919,-74.4361172649535,-44.7945286602413,-119.105455609009,-95.7269795717192,-56.3939548279217,-137.68462347471,-138.370991876243,-78.3815298994242
31-Jan-2025 23:26:12,343,1,0.00196105275147905,0.309365377823512,0.0431949983040492,0.595597759882609,-0.0081521254653732,-0.803207556406657,0.00738142306605975,-5.47500000000001,-12.075,-5.02500000000001,-5.10000000000001,-10.35,-5.10000000000001,-4.42500000000001,-6.45000000000001,-5.92500000000001
31-Jan-2025 23:26:43,343,2,0.00397710995748639,0.316458328564962,0.0437723817924658,0.594081894556681,-0.00733857645342747,-0.803876078128815,0.028215628489852,-12.4644374776657,-15.7395291210368,-7.9424246585012,-8.7056842402968,-14.4141263038239,-6.47347578229442,-14.171588426377,-9.79807877949157,-10.2404473650794
31-Jan-2025 23:27:14,343,3,0.00483831111341715,0.321630555391312,0.0461995537082354,0.594329770406087,-0.00899917290856441,-0.803101476033529,0.0414632832010587,-17.8226249553314,-19.5353082420736,-11.1410993170024,-12.1988684805936,-17.8782526076479,-7.13445156458882,-20.186926852754,-13.7836575589831,-12.6996447301589
31-Jan-2025 23:27:45,343,4,0.00524147994195422,0.325704056024551,0.0475423430403074,0.592391014099121,0.000659372125907491,-0.803799871603648,0.0545735177894433,-20.7901874329971,-23.6217123631105,-14.7053989755036,-15.6358027208904,-19.7673789114718,-9.08917734688319,-28.3866402791309,-16.5129863384747,-14.8307170952383
31-Jan-2025 23:28:18,343,5,0.00590144569675128,0.329781772692998,0.0483356796205044,0.59103410243988,0.0127666311959426,-0.803759062290192,0.0669858008623123,-23.2374374106628,-26.5034289841473,-18.0775111340048,-18.5946119611871,-23.4940052152958,-10.4907781291776,-35.4285412055079,-19.8141901179663,-16.3477269603177
31-Jan-2025 23:28:50,343,6,0.00675263376906514,0.332849669456482,0.0492782597740491,0.59070413907369,0.0136425379042824,-0.803576024373372,0.071750375131766,-25.9495311383285,-29.9828018551841,-18.353529542506,-20.4143587014839,-23.1143815191198,-12.3658164114719,-39.4165358818849,-22.9513313974578,-17.8577055753971
31-Jan-2025 23:29:26,343,7,0.00805478567878405,0.337136965990067,0.0525989549855391,0.588325432936351,0.0141248639672995,-0.803875847657522,0.0863557130098343,-30.2190467409942,-36.4610028512209,-20.9815010760072,-21.8895741917807,-24.9566328229438,-14.4025734437663,-45.1025774332619,-29.3814414269493,-19.0641685654766
31-Jan-2025 23:30:03,343,8,0.0076041327478985,0.340928190946579,0.054579035192728,0.58594526052475,0.0170533655832211,-0.803535838921865,0.103477062781652,-33.2422732811599,-42.2636179097578,-23.6604491720084,-23.4925240570775,-27.0098216267679,-16.4451898510606,-51.1126424221389,-34.6830358314409,-20.118873743056
31-Jan-2025 23:30:38,343,9,0.00158322510930399,0.344262105226517,0.0556952513754368,0.584797783692678,0.00512420165662964,-0.804626429080963,0.102769898871581,-38.9323273069582,-44.8402205304673,-26.706580498678,-26.0988244205131,-28.9051263688928,-17.857361691563,-53.6598490964314,-30.3172759328251,-18.144458575688
31-Jan-2025 23:31:12,343,10,-0.00219625526418289,0.347182663281759,0.0553257976969083,0.583499979972839,0.00116704377966623,-0.805028867721558,0.107027971744537,-44.0108090671315,-47.8854266668017,-27.3654559659726,-27.9870583776987,-30.8531654860177,-18.7459983758153,-57.2255616300989,-26.9443871279593,-16.8446039551949
31-Jan-2025 23:31:45,343,11,-0.00290825914901992,0.349270894130071,0.054532844076554,0.583286341031392,-0.00207357523031533,-0.804378163814545,0.112909299135208,-46.7585046944923,-49.5149345609487,-28.0307035035796,-29.2162591317594,-33.2775717906426,-19.8228674819426,-60.3255270934539,-26.6179338699685,-17.1570296081394
31-Jan-2025 23:32:19,343,12,-0.00230434996386369,0.351761589447657,0.0527750971416632,0.584846723079681,-0.00510339519629876,-0.803353929519653,0.112030205130577,-49.7658072554469,-50.511593334002,-28.399137076343,-31.6159432842575,-37.5151616890176,-21.8938527990074,-62.3676190216526,-29.1646983854152,-18.8005953978025
31-Jan-2025 23:32:55,343,13,-0.0025656465596209,0.354732908805211,0.0500673418243726,0.586668757597605,-0.0144919514656067,-0.802070824305216,0.110870004693667,-54.4779132831983,-51.1168275465083,-28.5441636666845,-34.0008691359744,-41.6093433842675,-25.436896221541,-65.0807741822732,-31.7980717875806,-19.5347312558251
31-Jan-2025 23:33:32,343,14,-0.00224739698072275,0.358200279871623,0.0462013286848863,0.589314079284668,-0.0128519842401147,-0.800834349791209,0.105868421494961,-58.2424210443482,-50.8513494787413,-29.177486765815,-37.7284158373006,-44.956820977955,-29.0409686968089,-68.2044609591048,-33.7997496331056,-20.5641521480273
31-Jan-2025 23:34:09,343,15,-0.00594682823866606,0.357741053899129,0.0432615290085475,0.59221693277359,0.00598193475355705,-0.801994709173838,0.0777679269512494,-54.420288224495,-52.1127119789396,-29.8080423502516,-44.0046497380776,-48.6410487675014,-29.2900926986247,-65.1368037105147,-30.8576039994297,-20.4867135837397
31-Jan-2025 23:34:44,343,16,-0.00841846093535423,0.35711345076561,0.0412720628082752,0.593305774529775,0.0211946959296862,-0.80373260974884,0.0394077983995279,-50.9237558379915,-53.5313964090695,-29.7356720618855,-50.0540388512569,-49.7761005316571,-29.6669739636241,-60.0342793659774,-29.7450344765936,-20.6330962779971
31-Jan-2025 23:35:18,343,17,-0.0114174819240967,0.357043639818827,0.0393407228092353,0.595314546426137,0.0284390761206547,-0.80294900337855,-0.00804402952392896,-48.4900236681627,-54.3537418041652,-29.986838837118,-56.7400055706375,-52.1865642831176,-30.0327338602153,-53.9143214734665,-29.1722530091774,-20.7413896015269
31-Jan-2025 23:35:54,343,18,-0.0145084186767538,0.357783420880636,0.0354961807529132,0.597235532601674,0.0327247443298499,-0.79945516983668,-0.055769785741965,-48.0126916066713,-54.6529176817439,-30.3997741441499,-63.5192610931185,-55.0847340282304,-31.0679330726023,-46.2356468069687,-29.5443655694711,-20.6806382396929
31-Jan-2025 23:36:29,343,19,-0.0179195985198021,0.357583151261012,0.0328234406809012,0.595681099096934,0.0390035293996334,-0.794773856798808,-0.109440856178602,-46.1135595993487,-55.515508800564,-30.6685937170814,-70.9451610171499,-56.5767567701694,-31.4628519428873,-39.3526137534776,-28.3639251436199,-20.610364535177
31-Jan-2025 23:37:06,343,20,-0.0215753725419442,0.358163968722026,0.0293321099132299,0.592968392372131,0.0450320951640606,-0.787358776728312,-0.162563157081604,-45.6035276191104,-56.1348075400048,-31.8403554229627,-78.9943831419564,-58.1907060105214,-32.6626306421213,-32.1924015064897,-28.5822082246962,-20.6853296593202
31-Jan-2025 23:37:42,343,21,-0.0243892782678207,0.359754027922948,0.0264710747947296,0.590877985954285,0.0602136296530565,-0.779133001963297,-0.200472753246625,-44.7380456524142,-57.157460089756,-31.588588195319,-86.3802663671505,-59.79061850008,-33.4398392558297,-27.5935996627535,-27.3248530592362,-20.382914197793
31-Jan-2025 23:38:17,343,22,-0.0211443372070789,0.359481366475423,0.0323968042929967,0.589237749576569,0.0590695711473624,-0.77722882827123,-0.212661742170652,-45.2341744630215,-55.4138870164911,-30.815916261636,-88.757948972764,-49.6616336518165,-28.6946343703717,-25.9105103469153,-26.8527890185978,-18.5406745922843
31-Jan-2025 23:38:53,343,23,-0.0186492901295424,0.358441460132599,0.0356468141078949,0.58778669834137,0.0663691595196724,-0.772490012645721,-0.231000261505445,-43.3914407770144,-53.6586523958038,-30.2123620945717,-91.0822968534744,-41.7416396158547,-24.0687869635324,-23.3677736318901,-27.0618154163253,-17.991589840358
31-Jan-2025 23:39:29,343,24,-0.0194752562791109,0.358446317911148,0.0350229936341445,0.587153283754985,0.0761566296219826,-0.767835291226705,-0.244704261422157,-42.0292758427001,-52.4225870014053,-30.2183668108169,-94.0549773717333,-41.4511409860436,-22.2776182960023,-22.1952132172713,-25.1363870332358,-17.3390825152229
31-Jan-2025 23:40:05,343,25,-0.0208410660425822,0.360956637064616,0.0402437686920166,0.587626616160075,0.0407709295550982,-0.770797872543335,-0.242700063188871,-51.9239141781883,-55.3577857823596,-33.0492104370059,-94.3656445740637,-42.1769606721737,-22.6062939917447,-22.203869090912,-27.7391253257053,-18.6092806236521
31-Jan-2025 23:40:44,343,26,-0.0218240725497405,0.363433200120926,0.0436608582735062,0.588946310679118,0.0169351841012637,-0.772971506913503,-0.23530949652195,-59.2011947015998,-59.1352768698861,-36.4449437840222,-93.8633949357813,-43.6851542098416,-24.1686393723145,-23.2300690396543,-30.7832499229706,-19.5536230887792
31-Jan-2025 23:41:20,343,27,-0.0229234629621108,0.365382007757823,0.0457628004252911,0.591491059462229,0.00588945538426439,-0.773855209350586,-0.226388591527939,-62.8447963189729,-65.8089141106988,-35.6981219914523,-93.9296868771924,-44.6845346732784,-25.747819595298,-25.7400410259474,-30.5980676726337,-21.3850377322552
31-Jan-2025 23:41:58,343,28,-0.023449706658721,0.368435883522034,0.0475022944311301,0.589876127243042,-0.0227977735300859,-0.774761581420898,-0.226430870095889,-69.6215584833267,-68.7556244281544,-36.5550226290892,-94.6552496084502,-46.4795085995997,-27.1854172394883,-26.441899031016,-32.7732319984958,-22.3849884649056
31-Jan-2025 23:42:36,343,29,-0.0251594755798578,0.370621623595556,0.0521027833223343,0.593057703971863,-0.0383023594816526,-0.774406266212463,-0.217049426833789,-74.964900921171,-73.2138712839316,-39.9387844818294,-94.0604477346315,-47.3222792573633,-27.502223594282,-28.7147000454722,-33.7285696124574,-23.6442072421432
31-Jan-2025 23:43:19,343,30,-0.0271545505772034,0.375522665182749,0.0591585583984852,0.59434267282486,-0.0849646136164665,-0.774839770793915,-0.197891870141029,-86.8665334957604,-79.7028864088695,-46.6859769421214,-92.5804635582744,-48.963948280848,-29.7336343043774,-31.9979725646223,-36.9989938704686,-24.8080600416744
31-Jan-2025 23:44:02,343,31,-0.027787367378672,0.376025589307149,0.0629903063178062,0.592555089791616,-0.121220690508684,-0.77834099928538,-0.168431994318962,-93.4740196672594,-82.8063495680809,-49.3402920144919,-85.7826012368412,-50.4805663904918,-30.5109725022291,-33.3463307572875,-39.1073174882896,-25.352783229701
31-Jan-2025 23:44:43,343,32,-0.0237343680113554,0.374402076005936,0.065624379614989,0.592403733730316,-0.140923968950907,-0.782057706514994,-0.132604750990868,-94.8585783729447,-83.4550047945825,-46.6104647387503,-78.1259433397734,-48.0344090915657,-30.5669617889061,-35.7723068261262,-41.1194127671231,-26.5861649233009
31-Jan-2025 23:45:23,343,33,-0.0177994458625714,0.374602568149567,0.0646621644496918,0.5908855676651,-0.150424512227376,-0.786628802617391,-0.0971694886684418,-96.7066733457232,-81.0012560547292,-43.8135662889526,-73.2648876548883,-48.0318640883547,-30.3372766199959,-41.2870918330515,-47.2083938764627,-27.7888758696876
31-Jan-2025 23:46:04,343,34,-0.0117052476853132,0.375009447336197,0.0643725961446762,0.589279858271281,-0.172788961728414,-0.787074979146322,-0.0583629295229912,-100.361536452048,-77.8213053316984,-42.033132252127,-66.8766330760945,-47.9761252330013,-30.8647542232921,-45.0462813090203,-52.0358179010554,-30.0262514424676
31-Jan-2025 23:46:44,343,35,-0.00708281568561991,0.375291148821513,0.0644949903090795,0.585799837112427,-0.202108640472094,-0.784617654482524,-0.0191265964259704,-104.919783625147,-72.853253617079,-40.3859304217873,-58.8997790503464,-47.6687894515767,-30.9458132126914,-49.0526730195107,-55.3324633832748,-31.9559593284443
31-Jan-2025 23:47:22,343,36,0.000181278308931117,0.374813630183538,0.0653176382184029,0.5861741065979,-0.210834649205208,-0.78202451467514,0.0196564537783464,-106.029722831632,-67.5911514066652,-38.9553446946906,-50.9536253011212,-46.5606552071164,-29.5286628951423,-53.1826658472619,-58.3887195943074,-34.5568333710193
31-Jan-2025 23:47:59,343,37,0.00565402551243703,0.373948613802592,0.0651822909712791,0.585402683417002,-0.228273626168569,-0.7764386455218,0.0483518076439699,-107.66550805481,-61.9570239483542,-37.2580670192155,-44.0728216901574,-46.9271217311384,-29.087407924119,-56.3994592336436,-60.6497811697466,-36.5182904918935
31-Jan-2025 23:48:36,343,38,0.0116777151202162,0.374415870507558,0.0652184943358103,0.587864776452382,-0.237357225020727,-0.769803015391032,0.0740262493491173,-109.414216286335,-58.5368838660947,-36.102443369551,-38.6246931483243,-46.2308886394015,-28.1591006263587,-61.0346528993405,-63.4882454273892,-38.9100391519172
31-Jan-2025 23:49:01,343,39,0.0181905721624692,0.372610306739807,0.0657562797268232,0.594664712746938,-0.252498336633046,-0.757563614845276,0.0933588236570358,-107.094386022033,-51.1987374718608,-29.817646732792,-28.1929021410566,-27.9033057397849,-17.5372671652298,-58.654046704695,-65.4154110261334,-37.4669335815158
31-Jan-2025 23:49:47,343,40,0.0205144646267096,0.376458835601807,0.0630327130357424,0.597006217638652,-0.236549535393715,-0.760580992698669,0.0956267133355141,-111.365286509818,-55.7765879216397,-31.2432636024857,-36.4192799010714,-44.8600479362287,-28.7686706224165,-66.9405405798783,-69.7369272954284,-41.8314008959018
31-Jan-2025 23:50:11,343,41,0.0206420047829549,0.376562410593033,0.0667563527822495,0.59343509276708,-0.228802908460299,-0.760252980391184,0.132285432020823,-107.562156810014,-56.5628187839477,-34.3188069345869,-25.7753632707375,-26.8792398199031,-17.8188648222815,-73.0073869572144,-68.1781473839303,-38.6679476085672
31-Jan-2025 23:50:57,343,42,0.018085657308499,0.379984082778295,0.0639181350668271,0.59147744178772,-0.205427178740501,-0.770290799935659,0.120856276651224,-110.506709798232,-60.1030488572588,-38.3094536433014,-38.4334888322241,-50.0070129775929,-30.8948682517252,-76.4160083520077,-72.2054551400699,-41.1938875424295
31-Jan-2025 23:51:23,343,43,0.0168331356098255,0.379590388139089,0.0682574028770129,0.588350693384806,-0.203419815500577,-0.768691698710124,0.146890795230865,-106.70010413046,-63.9702785360716,-36.7576520403225,-25.3176354896213,-28.9640767722898,-18.4837762959586,-79.0955172555296,-68.6008067300283,-37.9395240868901
31-Jan-2025 23:52:12,343,44,0.0136847942446669,0.38377677599589,0.0660885766148567,0.582473854223887,-0.173038007815679,-0.77950165271759,0.152181683977445,-109.492919134693,-70.1010080176351,-41.8096262814968,-40.7147926949733,-50.7857858854909,-33.9041366475865,-85.8354699134158,-72.1301802368962,-40.64500893665
31-Jan-2025 23:52:41,343,45,0.012500522720317,0.384004376331965,0.0730492830276489,0.573563400904338,-0.165886681278547,-0.779970864454905,0.187488927443822,-105.46044447493,-74.8134874005741,-41.4634884447478,-24.9934551743033,-28.8648176579434,-19.665223152912,-90.4806444484842,-67.9765647022188,-37.2554179390595
31-Jan-2025 23:53:11,343,46,0.0128836397702495,0.386296206712723,0.0726775055130323,0.569045054912567,-0.129718363285065,-0.786810648441315,0.200723590453466,-103.040324983167,-80.6168417342007,-45.5432945690371,-39.0878702906218,-17.9975107600219,-12.7966727350861,-97.8284299221436,-71.6814546467687,-39.6682890177938
31-Jan-2025 23:53:36,343,47,0.0150142828623454,0.388672874371211,0.0749855558077494,0.564136362075806,-0.106688365340233,-0.788093137741089,0.221984236439069,-102.251383075406,-86.0656335431712,-46.4360726738456,-23.1651617254349,-12.2070345269135,-8.86330385568459,-103.902520865099,-74.6655973309322,-42.3573911346905
31-Jan-2025 23:54:37,343,48,0.010631396745642,0.391074359416962,0.0727498138944308,0.561745727062225,-0.10259907891353,-0.792462972799937,0.214284034570058,-105.88483929998,-89.0822383748844,-48.5763696049824,-43.2784194800414,-53.4398305615457,-38.2334399066953,-106.043815622734,-75.5959825322938,-41.3314025378973
31-Jan-2025 23:54:59,343,49,0.00807961629082759,0.38953577876091,0.0728769282499949,0.558930178483327,-0.126615909735362,-0.788454953829447,0.223392522335052,-108.088589920555,-82.1852025754336,-43.244909531249,-16.699896314271,-23.7918342623802,-17.8248713423121,-101.904186747693,-69.2211809185589,-36.7369717006448
31-Jan-2025 23:56:02,343,50,0.00820290458699067,0.390998121102651,0.0671880915760994,0.563752440611521,-0.137515475352605,-0.786514886220296,0.211345836520195,-112.05248773913,-84.2063464604007,-43.5525709550805,-41.4004826883132,-54.8534417963176,-38.6769504702322,-103.924096056314,-72.0937858972756,-39.3583197431625
31-Jan-2025 23:56:29,343,51,0.00722661083564162,0.389277631044388,0.072130278746287,0.560594522953033,-0.162207579612732,-0.781743331750234,0.219772205750147,-114.496459156704,-77.0365801875769,-42.7797931276944,-9.99062383226022,-20.3448512468043,-16.0343534443033,-99.7987744567655,-67.3650941722183,-35.2375572255654
31-Jan-2025 23:56:53,343,52,0.00933681254585584,0.388733476400375,0.0662955125172933,0.564013787110647,-0.177956823507945,-0.773734617233276,0.227056310574214,-117.080467373779,-71.0463588358575,-37.1917956746995,8.59945763883958,-0.751161655566662,-3.06941834145036,-101.750837403133,-65.0607540952738,-32.9957394279109
31-Jan-2025 23:58:03,343,53,0.00195432827652742,0.388185423612595,0.0677325854698817,0.565552198886871,-0.193518622716268,-0.781055740515391,0.180701918403308,-118.533579427468,-76.9197976425671,-42.1761925964757,-38.3281516237066,-53.3455259298386,-35.4016762319579,-93.2867506121003,-67.4865283563845,-35.3579235858641
31-Jan-2025 23:58:29,343,54,-0.00350634478963912,0.384241052468618,0.0754690299431483,0.563608888785044,-0.2225072234869,-0.779098339875539,0.160752508044243,-115.971700681032,-76.1131226795528,-39.5442846118496,-9.86070523248972,-19.6686154436776,-14.1283496032339,-80.2670099575466,-60.8808905295235,-31.1398439238029
31-Jan-2025 23:59:19,343,55,-0.00329293313746651,0.381291361649831,0.0719933529694875,0.574597771962484,-0.230459123849869,-0.77626051902771,0.118935438493888,-114.402326534533,-76.8413908316765,-38.8792241740224,-36.695731014393,-47.2560675773023,-3.7022307148944,-75.3194423712324,-63.1095466586766,-32.2566323517345
31-Jan-2025 23:59:43,343,56,-0.00880539392431577,0.377583110332489,0.078656659523646,0.571593042214712,-0.251307078202566,-0.773450938860575,0.109086121122042,-112.804204688003,-78.4121305413692,-39.0475875095947,-10.0319928828547,-16.900701020818,1.52528430325277,-66.9079613190379,-56.0303497658367,-28.2408548246625
01-Feb-2025 00:00:46,343,57,-0.0139797510579228,0.377434464295705,0.0783939058581988,0.573391075929006,-0.257644852002462,-0.774539017677307,0.0702219615379969,-116.216708991457,-84.7541060298465,-43.0826627318668,-35.7438727945972,-44.7239251192809,-31.6965026136963,-58.4145235339032,-58.1722263620003,-30.0587943200887
01-Feb-2025 00:01:10,343,58,-0.0204801360766093,0.373154389858246,0.0873748635252317,0.574230976899465,-0.289033470551173,-0.764931019147237,0.0399874739348888,-112.459526369903,-84.481699407716,-42.3010938974886,-10.5435617279786,-15.8364445452157,-12.5929404981933,-44.3301073822986,-50.8246397026658,-25.9435923267641
01-Feb-2025 00:01:57,343,59,-0.0199852060526609,0.371291426817576,0.082977985839049,0.578662010033925,-0.281867098808289,-0.764866288503011,0.0260921994845072,-110.367500285846,-85.7771017302817,-42.5612030347855,-31.2121551721808,-40.9436116348881,-3.32670386646432,-41.8502020474588,-52.6073214155821,-26.886819589064
01-Feb-2025 00:02:53,343,60,-0.0227494244774183,0.3719558040301,0.085191902021567,0.577902825673421,-0.282940785090129,-0.765147264798482,0.0228586619098981,-113.908052470536,-88.6814085251954,-47.6921511579197,-32.1402008717928,-41.0731025564287,-28.1541299766224,-41.1975521210014,-51.8301373146238,-26.7592614791761
01-Feb-2025 00:03:16,343,61,-0.0212899961819251,0.370101553201675,0.0891278430819511,0.582695062955221,-0.280554586648941,-0.762514873345693,0.0180751617997885,-108.344415948902,-88.3918764742821,-45.6186348192555,-11.9906211774874,-15.9063712567352,-11.9589569754237,-37.2644287601671,-52.553902811961,-27.0085135220941
01-Feb-2025 00:04:11,343,62,-0.0179449961831172,0.373420212666194,0.0855932340025902,0.583220970630646,-0.266128712892532,-0.766834104061127,0.0315324624379476,-112.851423994455,-91.7295705414559,-50.9878282270506,-33.818404547035,-42.9202209150099,-30.3496996596968,-44.7381192514284,-56.8752018558296,-31.6025692219652
01-Feb-2025 00:04:38,343,63,-0.010214168826739,0.372072714567184,0.0900331854820251,0.590507543087006,-0.249712396661441,-0.766574700673421,0.0361637761195501,-105.143754323601,-90.5808776676731,-47.8533765080755,-15.5098694485085,-18.6993610522672,-14.1334001867058,-44.4902166687375,-62.3202676729639,-32.7440267503127
01-Feb-2025 00:05:32,343,64,-0.0057439627746741,0.374473887681961,0.0849689483642578,0.594239866733551,-0.216242989897728,-0.773477013905843,0.0430263678232829,-105.878745794544,-93.8639913234121,-52.9171022257151,-37.5831751159456,-43.4111464290172,-32.0635796350827,-52.2315175490704,-68.252216876731,-37.7841851928986
01-Feb-2025 00:06:00,343,65,0.00281303441151977,0.373814433813095,0.0873858580986659,0.596670099099477,-0.194448933998744,-0.776324848333995,0.0591119416058064,-99.1350678363852,-92.3880082439119,-49.2549166616622,-20.1474011663638,-20.5892544255122,-16.1419985441435,-54.5924201609154,-73.3776077738145,-39.2986940926036
01-Feb-2025 00:06:55,343,66,0.0077857494354248,0.377516456445058,0.0828797767559687,0.596894439061483,-0.160000728567441,-0.78315847714742,0.0691347817579905,-100.052055163676,-96.4074767967922,-53.904775456763,-41.0070874082732,-45.025523731881,-33.7695371835464,-63.6381236385163,-80.5747195175563,-46.4753782208681
01-Feb-2025 00:07:28,343,67,0.0147290886690219,0.376885006825129,0.0850569327672323,0.595314955711365,-0.141731791694959,-0.785919376214345,0.0885606830318769,-93.6993751336908,-94.0996711658627,-50.2606564314407,-24.6145037459277,-23.2658736931855,-17.9966356881202,-66.4262275489952,-86.2576916846271,-46.8831499634125
01-Feb-2025 00:08:22,343,68,0.018268333375454,0.381984053055445,0.0816516031821569,0.592733748753866,-0.118306509157022,-0.790340042114258,0.100164567927519,-97.3618614250681,-99.3532284430284,-54.8445484959067,-43.595785131455,-49.1332639819591,-37.2735141252796,-77.110531675913,-93.1335940633626,-52.4564655130967
01-Feb-2025 00:08:54,343,69,0.0267527895669142,0.382089346647263,0.0859426483511925,0.591262137889862,-0.101772488156954,-0.792002213001251,0.113066211839517,-89.7569308771266,-96.2374671742415,-51.242446105267,-28.6639990409186,-27.039174434466,-20.8252825287316,-78.3929359110504,-99.2559615479302,-53.3375529663508
01-Feb-2025 00:09:45,343,70,0.031218762944142,0.385239926973979,0.0803665275375048,0.591090778509776,-0.0682289600372314,-0.794804938634237,0.11933825413386,-90.4682919095257,-101.612046632478,-55.3973464870744,-47.1756792123505,-49.3643449688405,-39.1644959153301,-84.4243902002975,-105.526561585414,-58.92252637139
01-Feb-2025 00:10:19,343,71,0.0392130615810553,0.386514814694722,0.0828385248780251,0.586816779772441,-0.0445134902993838,-0.796427722771962,0.139167173703512,-83.9377987320951,-98.1067964542273,-51.9557482551054,-33.1340925147664,-29.0241455441481,-22.7724317935018,-88.6303695165995,-111.346277899356,-59.8844427523216
01-Feb-2025 00:11:11,343,72,0.0416913583874702,0.390846512715022,0.0792117868860563,0.587048534552256,-0.0169852931052446,-0.79734560251236,0.13901626765728,-84.5863784497496,-103.961631457732,-56.4159007162481,-52.8408723826744,-52.376261139923,-41.36472891746,-95.898611346429,-117.990552351527,-67.0848306211995
01-Feb-2025 00:11:45,343,73,0.0439971772332986,0.392262989282608,0.0838626101613045,0.578797074158986,-0.010632535815239,-0.796944558620453,0.172511659065882,-84.0336866192047,-101.16499494052,-54.8037814882935,-32.2532920661247,-28.6756344473749,-22.7298667851781,-102.174166159074,-114.68120871691,-62.3016156762437
01-Feb-2025 00:12:47,343,74,0.0409488360087077,0.397326989968618,0.0784270644187927,0.571441984176636,0.00699175649012128,-0.800564138094584,0.18028379380703,-89.7757630124309,-105.808379718746,-61.3170999336168,-55.7278033909484,-57.4105865099444,-42.9535949643429,-110.2277866001,-119.49050461685,-67.0280186032745
01-Feb-2025 00:13:21,343,75,0.0414311056335767,0.399085889259974,0.0828598519166311,0.55998264948527,0.0143938340867559,-0.800060478846232,0.214745190739632,-89.5152235175429,-104.271775144692,-56.5181372155791,-29.983360536458,-29.3383279500712,-22.4566182992309,-117.295439855318,-112.534120284069,-60.4592304662987
01-Feb-2025 00:13:50,343,76,0.0420434688528379,0.401849444707235,0.0805921738346418,0.550557561715444,0.0330263748764992,-0.799203809102376,0.238890958825747,-90.9033760785976,-104.520175894498,-59.2630339158609,-15.554440592311,-14.6374640789774,-12.1242892119805,-125.745109517631,-117.544895834928,-61.0678467973194
01-Feb-2025 00:14:50,343,77,0.0391479464868704,0.406323573986689,0.07894480129083,0.541315432389577,0.0563548550009727,-0.803808200359345,0.240196015437444,-92.8158746676238,-107.236079306233,-63.0048603253024,-60.2582821033366,-59.4972975522742,-6.199283913661,-134.060787383492,-117.139251327606,-62.1151653623385
01-Feb-2025 00:15:18,343,78,0.0341790770490964,0.407695021231969,0.0801788290341695,0.529760591189067,0.0561976537108421,-0.799041732152303,0.278797042369843,-95.5155462706357,-107.960734048934,-58.7701515893238,-26.8285043419467,-27.7124796977645,-2.62794050980694,-141.334469351126,-106.900396791194,-55.5818350443567
01-Feb-2025 00:16:29,343,79,0.0285996577392022,0.413013762235641,0.075421287616094,0.53282032807668,0.0509063181777795,-0.793143232663473,0.290576859315236,-103.10880438064,-110.914764457117,-62.6221752806351,-60.8319169443512,-64.4053361793538,-46.1334280531861,-149.287153369648,-108.094937240236,-55.9831802848745
01-Feb-2025 00:17:03,343,80,0.0269065905362368,0.414057656129201,0.083332884311676,0.52957528034846,0.0230317341784636,-0.79194548924764,0.303054221471151,-108.244022243528,-111.528726052418,-64.2689652840809,-31.1519628054282,-33.1998140420002,-24.7750015979869,-149.735702724455,-103.291684382958,-57.0483963264187
01-Feb-2025 00:18:09,343,81,0.0212772662440936,0.416719184319178,0.0802063981691996,0.538765160242716,0.00120450004469603,-0.794643517335256,0.27977192401886,-115.465136733163,-114.23753156409,-69.3999383943492,-62.6553062574548,-68.6137104886726,-45.5607828795965,-148.329002591984,-107.609280272043,-59.5847812575877
01-Feb-2025 00:18:41,343,82,0.0172941278666258,0.417583819230398,0.0854088544845581,0.53808087905248,-0.0474334048728148,-0.78929268916448,0.29195215900739,-122.829199536173,-114.693759033947,-64.1230030580288,-36.0252985049542,-38.0373162273554,-25.6936680296097,-144.869677715873,-102.53730053431,-55.1317506335693
01-Feb-2025 00:19:44,343,83,0.0141459568714102,0.420664785305659,0.0804409235715866,0.546332279841105,-0.0749082292119662,-0.789864691098531,0.268372044960658,-130.78973649587,-118.073697482896,-68.2671134984139,-63.0536151501917,-70.0907766120459,-50.2251051138255,-145.484040467944,-107.320532983167,-57.309012231957
01-Feb-2025 00:20:18,343,84,0.0100465613106887,0.421732479333878,0.0859512736399968,0.539306143919627,-0.113104108969371,-0.786658851305644,0.278431592384974,-138.44851053391,-118.565491421392,-65.3467468271519,-40.2610939942967,-41.5841643197379,-29.6058181651417,-141.610247034104,-102.631371525321,-54.3264199415479
01-Feb-2025 00:21:19,343,85,0.00756629013145963,0.42621190349261,0.0843754236896833,0.543067340056101,-0.15974133014679,-0.783800498644511,0.255376938978831,-150.831403111122,-121.138213104662,-71.8691416000663,-63.5081539378369,-73.0225156889328,-50.8361692000089,-143.367375507309,-108.131013114122,-56.7139007067403
01-Feb-2025 00:21:55,343,86,0.00343703095180293,0.427994022766749,0.0940798044204712,0.533076747258504,-0.184019196033478,-0.783226505915324,0.261767778793971,-155.97635495792,-122.726398660317,-76.0629170950688,-44.3750044310935,-46.3083488888772,-32.1663392266509,-143.064964934037,-103.950056226247,-58.7114179997334
01-Feb-2025 00:22:53,343,87,0.00142417491103212,0.431334215402603,0.0901197006305059,0.53614768187205,-0.211764300862948,-0.781319971879323,0.239250181118647,-163.877336439511,-125.397316152167,-78.7173829511154,-66.8267501992092,-76.5429230041983,-50.6214187491808,-142.182784837527,-109.178800100033,-61.938953556627
01-Feb-2025 00:23:34,343,88,0.00318420322922369,0.433105152845383,0.0955747420589129,0.536125751336416,-0.240270271897316,-0.773103121916453,0.239062651991844,-170.756332738499,-125.984599612112,-80.7521939876841,-64.320943604754,-50.8768675772057,-33.7889530196544,-141.460719979397,-111.462394354651,-63.7564982454707
01-Feb-2025 00:24:01,343,89,-0.00474889936546485,0.433753716945648,0.0944264898697535,0.52778076728185,-0.278762390216192,-0.768786279360453,0.229579184452693,-178.024336446184,-126.355066056106,-73.927177614514,-50.9113608290134,-39.2604973790574,-25.5627146640999,-135.043712740457,-105.448413799684,-58.5690475002896
01-Feb-2025 00:24:58,343,90,-0.00582835997144381,0.436547448237737,0.0934713025887807,0.533220195770264,-0.30792270898819,-0.76214009920756,0.200005787611008,-185.636843858219,-128.567123992125,-79.2472475364742,-69.3998899626301,-78.2439697953318,-51.4895899955314,-135.454234311112,-109.085645839925,-62.104099038096
01-Feb-2025 00:25:20,343,91,-0.00157485199160874,0.434241638580958,0.0916037037968636,0.540050474802653,-0.303654154141744,-0.757674364248912,0.2051075309515,-179.447986379062,-122.41439277697,-70.5797010203593,-57.9929805120895,-54.6496196277977,-35.3242830878986,-131.372072461264,-105.692645757074,-58.66761537
01-Feb-2025 00:26:19,343,92,0.00575259712835153,0.432231148084005,0.0844874481360118,0.558210142453512,-0.280878035227458,-0.756930176417033,0.191221577922503,-176.870254825993,-125.309559434821,-71.0984260780269,-68.1355990388881,-76.2552301138697,-52.8597546020123,-132.896792813814,-112.662448823024,-63.4867572726509
01-Feb-2025 00:26:58,343,93,0.0121361364300052,0.431322000424067,0.0870221182703972,0.568126638730367,-0.262275280555089,-0.75514696041743,0.195440243681272,-172.048086235967,-124.703675029176,-69.2352869225859,-67.7529815543566,-72.9858209267443,-37.1456153269992,-133.699954267564,-115.738653463376,-66.2837119606752
01-Feb-2025 00:27:43,343,94,0.0179988873501619,0.429986910025279,0.0806301762660344,0.58044593334198,-0.236366962393125,-0.756076987584432,0.188575741648674,-167.078699127463,-121.222265091782,-66.2562156605905,-69.7577460641599,-74.6789019030201,-50.7816706574226,-133.992336271913,-118.668058890928,-68.4445730413862
01-Feb-2025 00:28:23,343,95,0.0229035864273707,0.428611034154892,0.0763552819689115,0.591323737303416,-0.220138470331828,-0.753827881813049,0.183354504903158,-161.73570275972,-116.228092388513,-62.494178345318,-70.9312015711306,-74.8032279609966,-51.0428232905645,-133.429328551563,-121.07406471208,-69.6873873184406
01-Feb-2025 00:29:03,343,96,0.028994952638944,0.426868724822998,0.0703952983021736,0.601946973800659,-0.197045713663101,-0.755192291736603,0.168871042132378,-156.880901762358,-110.327538302308,-59.6156580034068,-73.489002576685,-74.6681765598234,-50.0165245750655,-132.213625968862,-123.068370730032,-70.8461781936666
01-Feb-2025 00:29:42,343,97,0.0350980731348197,0.426178604364395,0.0642309332887332,0.611005008220673,-0.172970631718636,-0.756517779827118,0.15631661315759,-152.495198450185,-101.648793524634,-56.4288961481764,-76.5139763315313,-74.4034364290754,-49.9215001852461,-131.496575954986,-125.081826846384,-72.5629573679786
01-Feb-2025 00:30:21,343,98,0.0409079099694888,0.42527981599172,0.0599158522983392,0.616211918989817,-0.141585119565328,-0.760943905512492,0.145605374375979,-146.394043980608,-96.2309534012255,-54.7380135362864,-79.7725364610235,-74.3738519335399,-48.6421129582665,-130.578852225523,-127.554858011937,-73.8837306918334
01-Feb-2025 00:31:00,343,99,0.0452880876759688,0.424545383453369,0.0550145844618479,0.618205074469248,-0.112564608454704,-0.765956564744314,0.135875873764356,-140.410163932329,-90.7185656049501,-52.5950705460665,-82.6228897778387,-74.6868452556107,-48.2705443127068,-129.860791638266,-130.107676702089,-74.6315010904597
01-Feb-2025 00:31:38,343,100,0.0491449279089769,0.423626166582108,0.0501486480236053,0.618872022628784,-0.0840799083312353,-0.770608933766683,0.126846028367678,-134.259921094698,-83.5839039722411,-50.7510973666816,-86.9191396883153,-75.3211274864847,-47.7528849578571,-129.242562622112,-131.425389154542,-74.2677700264717
01-Feb-2025 00:33:09,258,1,0.00139705985008428,0.31018160978953,0.0407211405535539,0.592310460408529,0.0192138367642959,-0.805374244848887,-0.0130955434093873,-5.92500000000001,-15.2249999999999,-4.80000000000001,-4.57500000000001,-9.15,-4.87500000000001,-5.55000000000001,-7.42500000000001,-5.62500000000001
01-Feb-2025 00:33:38,258,2,0.00127943597423534,0.31628276904424,0.0394505716860294,0.593702757358551,0.0242822032421827,-0.804301325480143,0.00518123020107547,-10.8355765879859,-16.240692708658,-9.02262514930618,-8.68847678498962,-14.0273707936266,-7.93471596447019,-15.2678776563968,-8.79777309122746,-8.56366385473648
01-Feb-2025 00:34:10,258,3,0.00167002953433742,0.322466427087784,0.0380680181086063,0.595759936173757,0.0312177014847596,-0.802393345038096,0.0161412419130405,-16.3649031759717,-20.912635417316,-8.93275029861236,-16.4207035699792,-16.8797415872532,-13.8256819289404,-22.6982553127935,-12.8517961824549,-9.23357770947294
01-Feb-2025 00:34:43,258,4,-0.00161879215544711,0.329037628571192,0.0355226904153824,0.596548179785411,0.0329639335473378,-0.801620507240295,0.0211716937522093,-22.8786047639575,-25.987703125974,-9.46162544791853,-21.8373053549688,-21.7196123808799,-17.6072728934105,-31.9848829691903,-9.47144427368231,-9.2191165642094
01-Feb-2025 00:35:19,258,5,-0.000938682743192961,0.334902572631836,0.0341499723494053,0.597690586249034,0.0280452522138755,-0.80102680126826,0.0183171139409145,-29.5094938519433,-27.5143333346321,-10.7498755972247,-27.9710946399584,-26.9532331745065,-20.6341763578807,-36.874635625587,-17.7489048649097,-10.8874679189459
01-Feb-2025 00:35:57,258,6,-0.000720063950090359,0.338894142707189,0.033981737246116,0.597886411348979,0.0321343141297499,-0.800686271985372,0.0200202575574319,-33.0489766899291,-31.7667447932901,-12.3428132465308,-31.913477674948,-31.7837289681331,-22.9087360723509,-41.8159507819838,-21.2052717061371,-12.9472255236823
01-Feb-2025 00:36:36,258,7,-0.000103003555947604,0.343473255634308,0.031689839810133,0.59885192712148,0.0522551198800405,-0.798761240641276,0.0250237433860699,-33.992756402915,-33.8570468769483,-14.238094645837,-37.9851575849375,-36.1876622617598,-25.407123911821,-48.0580471883806,-23.1510916723645,-14.7526862534187
01-Feb-2025 00:37:17,258,8,-0.000478725892025977,0.348832044998805,0.0323027983307838,0.599374341964722,0.0450363879402479,-0.798606995741526,0.030805945644776,-40.2386845534008,-35.5412942731065,-16.9595479201431,-41.1464859324271,-40.8283143053864,-28.0174258137912,-53.9755342197774,-27.1166382010919,-16.8059985456552
01-Feb-2025 00:38:00,258,9,-0.000116136376891518,0.353322354952494,0.0307781467835108,0.599813548723857,0.0561406157910824,-0.79749315182368,0.032812641064326,-42.7606869226366,-39.0475143255148,-18.5190871319493,-46.3776384986667,-45.512325724013,-30.2336847470114,-59.7307165636742,-29.9170480110693,-18.9082366191416
01-Feb-2025 00:38:42,258,10,0.000540878313283126,0.356252415974935,0.0287282448261976,0.601450796922048,0.0630492354432742,-0.794593664010366,0.0538764494160811,-44.1707264012475,-41.2147207060481,-20.0226693125054,-47.0187031742814,-50.8930168301396,-32.6279221958566,-66.3797465638209,-31.9098894616718,-20.509937583253
01-Feb-2025 00:39:25,258,11,0.000299762708406585,0.359974894920985,0.027083557471633,0.602598226070404,0.0703896269202232,-0.792102344830831,0.0670417288939158,-46.5997844345459,-43.3874202506438,-21.8732729774366,-49.6397239045835,-57.8220477800162,-35.0361489025143,-72.5007003920927,-33.1989467325868,-22.386369992677
01-Feb-2025 00:40:07,258,12,0.00222171852365136,0.362625229358673,0.0272412660221259,0.602853794892629,0.0827083736658096,-0.789125506083171,0.0837115426858266,-47.3341981845239,-44.0703373867416,-21.8346063532979,-51.1746482553389,-59.9842283185833,-34.3018417628135,-77.810409517429,-34.4607721461207,-23.3209831908503
01-Feb-2025 00:40:45,258,13,0.00514423092827201,0.364097956816355,0.0281549864759048,0.60151260693868,0.106118177870909,-0.785609785715739,0.0986853132645289,-45.3983665731738,-44.6046278138548,-22.0701951002531,-52.6420616197661,-57.3959938180879,-33.3085319375658,-82.9880995997966,-35.6216515147328,-24.4367792503517
01-Feb-2025 00:41:21,258,14,0.00816035407284896,0.365168203910192,0.0308946476628383,0.599028484026591,0.124681699772676,-0.781712766488393,0.120600971082846,-43.2524122811597,-45.5146048864759,-22.217911532755,-52.6507194910294,-53.5575517980612,-32.7857207695447,-87.4997801606798,-37.332057860884,-23.9931667405171
01-Feb-2025 00:41:58,258,15,0.0119254321480791,0.366163601477941,0.0333870234588782,0.594011199474335,0.145675185322762,-0.78007345199585,0.131965333223343,-41.1513966488136,-46.6124252818508,-22.6216918080305,-54.2549996157105,-51.044006018269,-31.7481589301369,-92.3534559608208,-39.8422276958047,-26.1448499460146
01-Feb-2025 00:42:33,258,16,0.0165814553697904,0.367509329319,0.0345878963669141,0.588926108678182,0.162220844626427,-0.778631524244944,0.143469228347143,-39.8978503463014,-46.6791673386027,-22.9285040046926,-54.8570908671007,-50.0179083585939,-30.3782217550357,-96.9281293805907,-43.9522792751101,-28.7691810091781
01-Feb-2025 00:43:09,258,17,0.0220020291705926,0.369504443804423,0.0370199660460154,0.583946812152863,0.170208432277044,-0.777278645833333,0.160851347446442,-40.2680387087062,-47.355370226043,-22.9618321620481,-55.1080876818454,-48.3855347589774,-29.7420969120878,-102.413301610175,-49.537271726608,-31.1798360011747
01-Feb-2025 00:43:45,258,18,0.0271291775008043,0.372067318360011,0.038836928208669,0.578953528404236,0.182358340422312,-0.775439405441284,0.173930881420771,-40.2500944035695,-48.2613035288276,-23.9084182997503,-56.5335372782673,-47.3500231893901,-29.5478782352166,-107.003723244667,-55.559734614202,-33.9336529575877
01-Feb-2025 00:44:21,258,19,0.0333059452474117,0.374073521296183,0.0394017457962036,0.572069708506266,0.206429108977318,-0.770505340894063,0.190905211369197,-37.638083764662,-48.8321020392843,-24.8616334276258,-57.6462132655278,-47.9629426348176,-29.7246126413837,-112.121769581612,-58.6509327198441,-37.6090508962089
01-Feb-2025 00:44:58,258,20,0.0392677893241247,0.376632535457611,0.0403318107128143,0.567640360196431,0.21484115421772,-0.767521329720815,0.206249185403188,-36.8790399588692,-50.5103331535771,-24.993163050588,-58.0775024482076,-49.2500775877523,-30.68682358907,-116.828628269784,-64.1014984345103,-41.1452393259343
01-Feb-2025 00:45:24,258,21,0.0473759012917678,0.379613922039668,0.0408200934529305,0.560537501176198,0.235219541192055,-0.766174280643463,0.208438150087992,-31.6464795696337,-34.8172805697879,-18.7138499210936,-61.0180982285971,-38.3493202944408,-23.7917728075159,-122.079893133569,-69.1567479536885,-46.1118230012118
01-Feb-2025 00:46:12,258,22,0.0468134202063084,0.384298753738403,0.0420357850690683,0.563986313343048,0.217023729284604,-0.764401177565257,0.224746520320574,-41.2021608886768,-55.2885861369578,-25.8041154153708,-61.3883473078414,-52.4046168780059,-33.4430911613415,-127.603361085161,-75.5143393751227,-50.8936042992652
01-Feb-2025 00:46:52,258,23,0.0476435244083405,0.382772580782572,0.0446536613007387,0.569839882850647,0.188101576765378,-0.767967263857524,0.223889863491058,-44.040203514229,-55.203160540324,-26.5785670540843,-56.4431985059816,-51.1978724268069,-33.3914120484478,-123.047242630128,-78.2474012447113,-51.6639861094121
01-Feb-2025 00:47:31,258,24,0.0490182469288508,0.38111890355746,0.0469611791272958,0.580128475030263,0.149567626913389,-0.767068799336751,0.229534232616425,-48.5503065668509,-54.5963244814299,-26.0454133487408,-50.5554630288354,-49.6676414448271,-33.2013252193991,-119.271674947047,-81.4185485898639,-52.9881673252529
01-Feb-2025 00:48:11,258,25,0.0517829924821854,0.379830181598663,0.0489307105541229,0.589428548018138,0.113999484479427,-0.763849866390228,0.236878675222397,-52.0964398330077,-53.2037831914056,-25.8334569713688,-44.7214342140461,-49.2506671974568,-33.0920345322729,-115.211382649941,-84.9587386727986,-53.8392482439408
01-Feb-2025 00:48:49,258,26,0.0548301902910074,0.37851847410202,0.0506184324622154,0.601428548494975,0.0756167059143384,-0.760216212272644,0.233745898803075,-56.5855882059318,-51.1183892858163,-25.6320992579825,-38.9142587304352,-47.1403213173914,-32.6481419161079,-110.558728045823,-88.1584501246242,-54.7537790140522
01-Feb-2025 00:49:16,258,27,0.0589680545032024,0.376072706778844,0.0546426425377528,0.612760782241821,0.0373576660950979,-0.75394104719162,0.233883640170097,-58.9212441322397,-39.0115690724446,-20.5610408765891,-29.8205099124136,-31.5082896209785,-22.2119483354236,-105.009892288199,-91.6379222608953,-54.3500347098753
01-Feb-2025 00:50:01,258,28,0.0566629740099112,0.376177885135015,0.0518902602295081,0.619006748994192,0.0202994018793106,-0.758164286613464,0.203974413871765,-64.3051538352395,-49.9440357051814,-19.0551321611921,-35.7334744271865,-44.6654150163916,-31.9046042724795,-100.437965953822,-94.0572747393892,-55.4621528685543
01-Feb-2025 00:50:40,258,29,0.0625696212053299,0.377587127685547,0.0527807051936785,0.620402403672536,0.029587076852719,-0.755282839139303,0.209220717350642,-61.3090251175259,-50.2996566833242,-17.0071911208227,-35.9724194814321,-44.5908523907807,-31.7971890657906,-102.034672257582,-97.5614204200111,-58.8007661550233
01-Feb-2025 00:51:21,258,30,0.0673241501053174,0.377999812364578,0.0521520840624968,0.618682936827342,0.0448993424574534,-0.758302625020345,0.200480965773265,-58.2124598439854,-49.9275993729941,-25.1880374969523,-37.3005428688764,-45.2260790381265,-32.7469862385368,-101.438105917154,-102.675536186189,-63.3808450572062
01-Feb-2025 00:51:58,258,31,0.0764846647779147,0.379419658581416,0.0487448746959368,0.621339996655782,0.064287531375885,-0.757938023408254,0.187972541650136,-53.7906762925313,-37.4167029184277,-19.4332775813316,-39.69825542292,-46.2912003219506,-33.9253896010006,-100.644903254632,-109.419636995144,-68.881656767246
01-Feb-2025 00:52:40,258,32,0.0844714572032293,0.380669681231181,0.0491730118791262,0.620608802636464,0.0820937390128771,-0.757525261243184,0.185096953312556,-49.9062836021205,-48.3113868917429,-16.4607145198356,-40.3057625602634,-45.6212689240138,-33.7180960583231,-100.878382431063,-116.678730325489,-73.1928348812144
01-Feb-2025 00:53:10,258,33,0.0838645100593567,0.380036429564158,0.0520954564213753,0.623637040456136,0.0698093309998512,-0.753074101607005,0.197693964838982,-50.3407526582395,-43.2789544764876,-18.5435546374695,-34.4763605874537,-28.7513917184298,-21.5185023830153,-100.037057116697,-122.427248398462,-64.3669184914378
01-Feb-2025 00:53:57,258,34,0.0733766774336497,0.380515456199646,0.0526454771558444,0.615606244405111,0.0567379308243593,-0.767696217695872,0.168678086002668,-55.4095694296193,-50.9979171682026,-27.7719439686346,-41.3244072604688,-46.1352513424058,-34.734984481422,-96.9774022620692,-122.417014601783,-64.7310937026433
01-Feb-2025 00:54:25,258,35,0.0660122722387314,0.37678684592247,0.0599664280811946,0.615913101037343,0.0340475196639697,-0.766637702782949,0.17820903758208,-56.7955600586295,-50.9925774134028,-27.5981079065653,-34.4111782563965,-30.3959793811616,-22.4845044666862,-90.6335826373106,-109.402404870277,-57.8403147143399
01-Feb-2025 00:54:55,258,36,0.0582199824353059,0.374720172087351,0.06283970028162,0.609954905509949,0.0214450137068828,-0.773228045304616,0.172085951765378,-59.3401376164549,-54.6250864353457,-31.7981591478788,-35.3173114137804,-23.2951416273074,-17.000543395379,-90.8976806274866,-109.910607171359,-58.272058626282
01-Feb-2025 00:55:37,258,37,0.0497100713352362,0.375686738888423,0.0594803050160408,0.609977801640828,0.0125271990895271,-0.777509025732676,0.152479303876559,-62.9890086386878,-59.5515198456599,-33.2351540408837,-39.4581256518924,-44.8885209771479,-33.799841795786,-90.0407374251298,-106.530215488733,-58.0900639883469
01-Feb-2025 00:56:20,258,38,0.0396571633716424,0.376173160473506,0.0662974750002225,0.604409591356913,-0.0100191626076897,-0.782333330313365,0.150144175688426,-69.9650263931246,-67.9749154501597,-39.4406207597343,-39.8912804303684,-45.4290088788362,-32.7157699320503,-89.4482736265066,-102.480526814255,-57.1512000754731
01-Feb-2025 00:56:55,258,39,0.0368741529683272,0.3748552997907,0.0746349409222603,0.60181272427241,-0.0288146244982878,-0.780667543411255,0.16597981651624,-71.4046175136633,-72.7467921517523,-40.5303233915077,-33.4456054790265,-32.6680510564483,-23.0650129362433,-88.3130495297503,-98.2461896438495,-56.28390152513
01-Feb-2025 00:57:23,258,40,0.0265946711103121,0.375011740128199,0.0768334622184435,0.595483370621999,-0.0397215540210406,-0.78517492612203,0.16529407898585,-74.350995317253,-78.5429094018913,-42.6621439797426,-29.9355156627756,-27.1313703720222,-18.5809133744005,-88.0314452839274,-94.7445282254809,-48.4023856560523
01-Feb-2025 00:58:11,258,41,0.0233187280595303,0.380296194553375,0.0741806894540787,0.599161430199941,-0.071488626797994,-0.783060212930044,0.150703941782316,-85.5202046900229,-83.0195812452042,-49.001810187619,-39.7557534507173,-48.6575230761816,-34.5455594213024,-90.1195499159816,-97.0164339308994,-53.0199452334521
01-Feb-2025 00:58:47,258,42,0.0210273468246063,0.380667581160863,0.0807511036594709,0.599164334932963,-0.0993321244915326,-0.779748713970184,0.152076182762782,-89.8286107335556,-84.5273132256537,-46.8645058846107,-28.0348875224318,-28.8272450648316,-20.6018698266957,-87.4710595107692,-93.7715085743271,-50.0714504811682
01-Feb-2025 00:59:38,258,43,0.0200739741325378,0.383811897039413,0.0780035763978958,0.605432653427124,-0.115043949584166,-0.777658800284068,0.12435039828221,-96.9316151124697,-88.2255752746714,-52.7887163261601,-42.6684697360325,-51.5437516957271,-35.8040124113342,-86.2792715869235,-99.1681676867593,-55.7149285640425
01-Feb-2025 01:00:13,258,44,0.0180167852590481,0.384049795071284,0.0862202043334643,0.607906277974447,-0.150139384468397,-0.770337955156962,0.120364221433798,-101.906918659074,-89.4191023579733,-50.6686841399883,-25.7042760205766,-26.9086506477447,-19.3040710855958,-79.7408349037611,-98.6106190336939,-52.9793930644958
01-Feb-2025 01:00:33,258,45,0.0159724997977416,0.385097905000051,0.0853272020816803,0.615990022818247,-0.183215966820717,-0.760438211758931,0.0933913518985112,-107.768371789525,-91.3102619584173,-49.026530639956,-15.4411943405923,-12.7977457603236,-9.90308780466866,-76.4540738409405,-101.97596649788,-52.6543507737387
01-Feb-2025 01:01:35,258,46,0.010882980003953,0.389998873074849,0.0808813686172167,0.614628191788991,-0.20619703233242,-0.757570155461629,0.0761738777160645,-118.00424094266,-94.0732696625297,-53.7008653376896,-47.5842845822284,-52.0592682746595,-38.1227811390326,-78.4429989637933,-100.868513770111,-53.2459638942339
01-Feb-2025 01:02:06,258,47,0.00190892616131653,0.388166278600693,0.0879519204298655,0.609641122817993,-0.240432953834534,-0.751696376005809,0.0740424672762553,-121.036647491756,-93.7106854959276,-50.844669706958,-30.3276528327321,-29.9768398291349,-22.1047139845994,-72.0948429917316,-89.6042850716543,-47.1277003169264
01-Feb-2025 01:02:58,258,48,-0.00375998282494644,0.390804531176885,0.0878986229499181,0.604093837738037,-0.248558921615283,-0.75438539981842,0.064744142194589,-126.092322738833,-99.2853053939683,-58.4732089119939,-46.2711600876698,-51.697435903681,-35.8677665857674,-74.0281464722126,-88.4866683878545,-46.6544983907176
01-Feb-2025 01:03:21,258,49,-0.0143919534981251,0.389803598324458,0.0930687725543976,0.594048448403676,-0.288822613159815,-0.748291377226512,0.0612200786670049,-130.659632334901,-97.5535273243303,-54.0941155349135,-31.1147368448245,-32.0195442382616,-22.2963790647364,-67.5021796789649,-76.9173577113829,-40.8288272900581
01-Feb-2025 01:03:45,258,50,-0.0144891790424784,0.390486598014832,0.0917188341418902,0.590120335419973,-0.315911797682444,-0.740478877226512,0.060405188302199,-136.032759105463,-97.118550270853,-52.1862058667749,-24.4833483530877,-23.3674087028599,-16.0577714826057,-67.3965777488529,-74.7472000385753,-40.0519216021733
01-Feb-2025 01:04:43,258,51,-0.0163765352219343,0.391062198082606,0.0876113906502724,0.592124442259471,-0.2952343861262,-0.748705001672109,0.0408184319734573,-134.150847427174,-102.966263498184,-55.8678238907529,-45.3644732826722,-51.4210607452842,-36.506299577615,-65.5725457888424,-74.8467698196794,-39.8337650479973
01-Feb-2025 01:05:29,258,52,-0.0173095105836789,0.388846675554911,0.0882946953177452,0.594719088077545,-0.293153770764669,-0.747962745030721,0.0303615971157948,-131.495390042508,-103.250676979555,-55.5922378419663,-44.3393569000339,-50.1311518202129,-36.2505226573496,-61.6786050446157,-74.0711278516994,-39.452799847015
01-Feb-2025 01:06:09,258,53,-0.0129647185405095,0.385119503736496,0.085695373515288,0.600791815916697,-0.287937827905019,-0.745356218020121,0.024189759666721,-127.778159804655,-94.003440587946,-50.0380497567975,-42.1111198612843,-45.8694624113936,-32.8425932294467,-57.949709908281,-72.5578800091775,-38.6904303226294
01-Feb-2025 01:06:54,258,54,-0.0122102644915382,0.382086491584778,0.0835935850938161,0.60177636941274,-0.282540939251582,-0.746732560793559,0.0206477383772532,-124.430043140207,-95.0653792598471,-50.6195606534375,-40.556322494479,-44.8468827607004,-32.5835875477252,-54.0033375758923,-71.2758292293846,-38.1123586365423
01-Feb-2025 01:07:18,258,55,-0.0204029268274705,0.377904107173284,0.0889810432990392,0.591714874903361,-0.301951289176941,-0.746676599979401,0.0342489448686441,-121.357341955446,-86.8675410945514,-45.5058642422691,-30.2745949413897,-25.0490477974599,-18.2457640290525,-48.6416135180123,-57.1912739462991,-30.5865097380391
01-Feb-2025 01:08:02,258,56,-0.0245175349215666,0.377769190073013,0.0840312858422597,0.580717213948568,-0.306918579339981,-0.753172957897186,0.0360419521729151,-124.189419164036,-90.0219966951332,-49.2385925765529,-33.0987273062864,-44.0859902737513,-29.0701714469249,-49.7880201611187,-50.8895179288959,-28.9192352991104
01-Feb-2025 01:08:39,258,57,-0.0239812937875589,0.378303474187851,0.0802262077728907,0.574313851197561,-0.322421167294184,-0.751235926151276,0.0430439492066701,-127.498885569302,-83.0275991786537,-43.8945332835628,-31.9007896301762,-44.7403214698085,-28.0256943330701,-50.4384921547183,-46.3041615443338,-27.4062480899689
01-Feb-2025 01:09:22,258,58,-0.025360377257069,0.379911136627197,0.0798619280258814,0.568265040715536,-0.332050383090973,-0.751346393426259,0.047916941344738,-130.672046572905,-86.1087751036436,-45.0370801769358,-32.3668169335624,-45.7283470257485,-30.3467749533517,-52.0409968235646,-45.3520049761922,-27.0204044957211
01-Feb-2025 01:10:05,258,59,-0.0230207990854979,0.380742826064428,0.0769492377837499,0.568570756912231,-0.333242917060852,-0.750745395819346,0.0453632558385531,-131.902054875678,-86.3527377493681,-41.0229301634903,-34.4148267266969,-46.28321976163,-30.6006344407014,-52.8445178300341,-45.0914483162608,-28.2481327089201
01-Feb-2025 01:10:50,258,60,-0.0236077092587948,0.380728181203206,0.0789679621656736,0.565723331769307,-0.341702769200007,-0.748788158098857,0.0501267157495022,-133.960486828035,-84.42809375546,-43.7304316966355,-32.3038277647056,-45.871516087482,-29.8958833615852,-52.8735470053153,-45.3266916104348,-26.7576468258426
01-Feb-2025 01:11:36,258,61,-0.0213506411761045,0.381617373228073,0.077372537056605,0.564744810263316,-0.351201190551122,-0.745110205809275,0.0503172253568967,-136.658130605184,-82.4691464417356,-42.6737590030762,-32.6883244251513,-46.3265242083195,-29.6868269992361,-53.2653302650024,-46.0348348816616,-27.2080538946267
01-Feb-2025 01:12:17,258,62,-0.026541060830156,0.381310264269511,0.0797005832195282,0.564528489112854,-0.35094686349233,-0.746354556083679,0.0331482045352459,-135.79899945439,-86.3164711619529,-44.0805668468525,-34.4490583043969,-45.9709808291111,-30.4625201002641,-49.6757234122164,-44.0197268958292,-26.8954126203121
01-Feb-2025 01:12:55,258,63,-0.0295672569423914,0.379529625177383,0.0809557432929675,0.569571673870087,-0.332180194060008,-0.751579491297404,0.0193060277650754,-131.537171259794,-89.6302200522162,-46.1588311339526,-36.2336660892518,-45.9071153986491,-30.6121368804839,-46.4018050805319,-41.9353439042597,-26.4679945839629
01-Feb-2025 01:13:35,258,64,-0.0325749928752581,0.379183616240819,0.0782251104712486,0.573541907469432,-0.315169835090637,-0.756089345614115,-0.00682854003583391,-128.498994543296,-92.8271810275024,-47.9728236427146,-39.8302108269113,-47.6390889425602,-32.6987155002995,-43.3607310093981,-42.0663234098218,-26.2831881665964
01-Feb-2025 01:14:17,258,65,-0.0349768271048864,0.379741543531418,0.0762665867805481,0.577674829959869,-0.292079440752665,-0.76195338567098,-0.0202109367897113,-125.622643565849,-95.5907480453001,-49.6546802623076,-44.6327240409731,-50.718981973658,-34.3287750399131,-43.7360790685397,-41.1299841639496,-26.5196875587212
01-Feb-2025 01:14:42,258,66,-0.0414895460009575,0.377507891257604,0.0742129772901535,0.577569699287415,-0.283820364872615,-0.764514382680257,-0.0371074954668681,-118.477205457926,-89.9626180843536,-46.4704689373161,-43.7382214932361,-52.972834748349,-31.8305750394257,-34.1196381928189,-23.5349855423602,-15.6418398555918
01-Feb-2025 01:15:29,258,67,-0.0358791140218576,0.37901814977328,0.0690972492098808,0.582116361459096,-0.250673923889796,-0.773039050896962,-0.026717139283816,-119.322223784765,-97.013639634035,-52.4782236400323,-48.6202110645996,-61.2636673948367,-36.1182452688878,-44.5573028496669,-41.4856572329124,-27.5568186048351
01-Feb-2025 01:16:03,258,68,-0.041261584063371,0.378273300329844,0.0655992696682612,0.582217892011007,-0.237366378307343,-0.776431302229563,-0.0428251477579276,-112.162470328986,-93.3792369390303,-49.3569613566024,-50.7654466955134,-64.0229899772227,-35.6988506133246,-42.1470202727994,-23.8091640795352,-16.068210580265
01-Feb-2025 01:16:46,258,69,-0.0372016082207362,0.378801238536835,0.0591926073034604,0.586369721094767,-0.208157781759898,-0.780869289239248,-0.0555345786114534,-112.175330981897,-93.8521221216825,-53.3711905800994,-55.9673053562024,-70.1665575275578,-39.7509235152487,-43.7377640790741,-41.4190885041936,-28.3528091687878
01-Feb-2025 01:17:25,258,70,-0.0414785005152225,0.378578088680903,0.0541539286573728,0.585519965489705,-0.192010575532913,-0.784780240058899,-0.0664700254797936,-105.574498689154,-94.4286512431632,-51.2781655570599,-58.8724755317789,-74.2522475618675,-40.4137301959166,-42.7540210769199,-38.1972217178695,-17.1990110638575
01-Feb-2025 01:18:04,258,71,-0.0409089838465055,0.377887479464213,0.0488645521303018,0.58878561258316,-0.162717600663503,-0.788007434209188,-0.076803716023763,-100.766819923583,-96.2570023340582,-50.8565134107522,-62.1293014647993,-79.7089988381645,-42.2319037659562,-42.8830346705515,-39.2594593260544,-11.1260146122005
01-Feb-2025 01:18:38,258,72,-0.0435722539822261,0.379925545056661,0.0447650889555613,0.590581770737966,-0.149539073308309,-0.786027149359385,-0.104940996567408,-102.284306920131,-96.1380960344148,-50.3032295241007,-70.2373706310937,-81.7606710597608,-43.0892219517478,-42.0157280600359,-25.1814092206251,-9.58401504065901
01-Feb-2025 01:19:16,258,73,-0.0364244389037291,0.383652661244074,0.0433164914449056,0.596770966053009,-0.12764971156915,-0.782658112049103,-0.12254078189532,-104.212582298473,-96.2946452271249,-50.2427888566321,-79.1083537367492,-83.7801085918538,-44.5353818598823,-46.1516105984668,-43.4493852138231,-31.5122158824357
01-Feb-2025 01:19:56,258,74,-0.0385277596612771,0.387403253714244,0.040203857421875,0.597152328491211,-0.118720762431622,-0.778799875577291,-0.15094803571701,-106.421251867711,-96.5889221660118,-50.353769798755,-87.6857938120851,-86.0084287791953,-45.7509626291883,-46.4140877113708,-35.5153742563346,-33.2255169308716
01-Feb-2025 01:20:27,258,75,-0.041533242414395,0.390703219175339,0.0352912391225497,0.594548793633779,-0.109683645268281,-0.775566748778025,-0.181596972544988,-108.470118532398,-96.9520629779871,-50.7754615456737,-96.1914623722612,-88.7161902941609,-46.85125382908,-45.1898621115115,-26.5553698235031,-22.7313680826372
01-Feb-2025 01:21:07,258,76,-0.0348843072851499,0.39554324944814,0.0354719231526057,0.59753391345342,-0.0837595105171204,-0.773406724135081,-0.19436988333861,-110.589083744809,-97.8746357265066,-55.4025086949902,-104.811245174857,-90.9136724729387,-49.1689002442646,-51.6222851552704,-51.1323686529999,-35.0084942860675
01-Feb-2025 01:21:50,258,77,-0.0360877215862274,0.399623644351959,0.0349613572160403,0.599083681901296,-0.0713568076491356,-0.768288878599803,-0.213867162664731,-112.743098231082,-98.7769244432982,-60.2572335455056,-113.338085098664,-93.2310149836225,-50.7452242670956,-53.7080325208385,-53.5528691136611,-36.0212580153302
01-Feb-2025 01:22:33,258,78,-0.039095647384723,0.404139723380407,0.0355793197949727,0.59928156932195,-0.0635116636753082,-0.761429671446482,-0.238857134183248,-116.414637354286,-101.469071144226,-62.9757972466205,-122.268453583075,-96.0582876602594,-51.7258870937498,-54.7454420473112,-54.5701203899042,-35.5268405075092
01-Feb-2025 01:23:09,258,79,-0.0377870800594489,0.408125887314479,0.0298323528220256,0.594114808241526,-0.0477510526776314,-0.759164373079936,-0.261566241582235,-118.069938795955,-100.181146837222,-57.9512803730351,-130.875586347789,-98.3905254198728,-52.7087193223157,-57.2836826542362,-55.9357470739383,-26.3288323811463
01-Feb-2025 01:23:44,258,80,-0.0373146926363309,0.412483827273051,0.0271013412624598,0.589428118864695,-0.0321510843932629,-0.752152589956919,-0.292928816874822,-120.142121396857,-100.728187026251,-59.4802232120996,-140.146101252654,-100.625245720974,-54.3676362518373,-58.2473388013873,-42.025561461868,-39.3290289455123
01-Feb-2025 01:24:15,258,81,-0.0353614961107572,0.413095090786616,0.0205060834685961,0.579930281639099,-0.0302777403344711,-0.755927483240763,-0.302221401532491,-118.962398218667,-93.4541975022636,-52.891186491749,-142.890448858327,-101.560977333662,-54.7515271170348,-58.2098332191639,-56.800531819456,-30.2769054788755
01-Feb-2025 01:24:45,258,82,-0.03431474690636,0.415168450276057,0.0153279202679793,0.567947602272034,-0.0369055623809497,-0.7600781361262,-0.313615630070368,-122.611895330286,-90.6514491022844,-51.3530146995608,-146.775641999038,-104.197329581721,-58.8294391574713,-58.191181521997,-60.406549103018,-26.5868331849209
01-Feb-2025 01:25:20,258,83,-0.0309030573815107,0.417243991295497,0.00987007363388936,0.559425775210063,-0.0325767735640208,-0.766935614744822,-0.312716086705526,-123.501002586809,-87.4593212643094,-51.0652753714539,-149.356257907268,-108.583992147467,-64.5293617855272,-61.4069567673584,-54.828089849567,-40.5027864773073
01-Feb-2025 01:25:52,258,84,-0.031788648168246,0.418677685658137,0.00418715647732218,0.550924321015676,-0.0293097623934348,-0.768861774603526,-0.32322583993276,-123.309914915783,-84.2225037073366,-50.3527522753876,-152.109585199257,-112.120809872055,-67.0652897073928,-60.389945483984,-51.5573923276095,-40.6467525628643
01-Feb-2025 01:26:29,258,85,-0.0307449605315924,0.420001856486003,0.000989231055912872,0.543275316556295,-0.0206750754266977,-0.771981445948283,-0.329346535603205,-122.728729780984,-82.5383412908648,-50.5528372953415,-155.699268183127,-115.232705176065,-68.4692202761633,-61.3815409362415,-64.6655756713987,-41.1797250450066
01-Feb-2025 01:27:06,258,86,-0.0310925179471572,0.42142415245374,-0.00295560130228599,0.541370022296906,-0.00478771297882001,-0.773364702860514,-0.329852459828059,-121.277495914298,-81.7805064446434,-50.3092263733056,-158.057129012935,-119.557139269786,-69.3071521683863,-63.6024397563152,-64.8131994480613,-42.2072007254416
01-Feb-2025 01:27:45,258,87,-0.0286596316844225,0.422843837738037,-0.00501951289673646,0.538210078080495,0.011016456844906,-0.774978140989939,-0.331085300445557,-119.691237681668,-82.5358353835474,-49.6937674802748,-161.449078765714,-121.787842758362,-70.2370847223354,-65.9879902602968,-67.8555434411605,-43.3319280050229
01-Feb-2025 01:28:23,258,88,-0.0274526773641507,0.424624454975128,-0.00582409789785743,0.537929701805115,0.0221329358716806,-0.774017103513082,-0.333225673437119,-119.462467266066,-81.4977462150142,-50.9173846017465,-164.083072979978,-124.171680944366,-71.1380176071477,-68.4558666062324,-71.0702475424781,-43.6802810841774
01-Feb-2025 01:29:02,258,89,-0.0243794277310371,0.425668017069499,-0.00898577185968558,0.535042011737824,0.0399886568387349,-0.776018098990123,-0.331552237272263,-117.662440758979,-81.0629479927626,-50.2105397304695,-166.188089424984,-126.557086479083,-72.0244506573916,-71.1149058731451,-74.7461316979049,-44.5404470631184
01-Feb-2025 01:29:45,258,90,-0.0204771553476652,0.427260410785675,-0.00594385598475734,0.538400896390279,0.054930658141772,-0.776491796970367,-0.322750043869019,-117.626786206149,-81.6797952436517,-52.0634638628182,-169.153616985362,-126.918275688158,-72.5286337903512,-75.8195266005462,-80.9026058803862,-46.2565194919528
01-Feb-2025 01:30:28,258,91,-0.0171126389255126,0.429119954506556,-0.00629803851867715,0.538063685099284,0.0741383632024129,-0.777106046676636,-0.317957899967829,-116.373317630447,-82.4474652311112,-52.7962724969799,-171.424400103425,-128.142356734411,-73.0666919646687,-79.9719380581916,-84.6993750763949,-48.7005451457338
01-Feb-2025 01:31:15,258,92,-0.0148184661443035,0.430771672725678,-0.00540889122833808,0.538597742716471,0.0852150435249011,-0.777984921137492,-0.312074281771978,-116.310942043309,-83.3655465868559,-53.644023382048,-174.022811000331,-129.197883699253,-73.5466876596652,-83.1732448809591,-86.7912917791672,-50.4585474119881
01-Feb-2025 01:31:59,258,93,-0.010142974058787,0.428442668914795,-0.00689689066881935,0.541156248251597,0.109095293780168,-0.778600382804871,-0.29837831457456,-107.965026535025,-80.6671117803104,-51.6826147831531,-170.679878941535,-128.302401950179,-72.0060165921956,-84.1547998673141,-88.9305649002018,-50.5901596307193
01-Feb-2025 01:32:42,258,94,-0.00781905908758442,0.42549271384875,-0.00663126818835735,0.551169939835866,0.124573435386022,-0.779204440116882,-0.271170943975449,-101.454384273881,-77.6312798158361,-50.7249417469846,-164.943853827449,-126.802281680752,-71.2383299048958,-86.3235786949496,-89.1061248979274,-49.7627660025689
01-Feb-2025 01:33:26,258,95,-0.00565908184895913,0.422266781330109,-0.00644141497711341,0.563151506582896,0.142030498385429,-0.780067578951518,-0.232770982384682,-95.7863786363081,-76.6767492723973,-50.0441364921794,-158.086282185719,-126.274842151149,-70.2571354076808,-89.6859694432254,-89.4998283339984,-49.0558694509777
01-Feb-2025 01:34:11,258,96,-0.003647050804769,0.419132335980733,-0.00595275231947502,0.575211556752523,0.157720904548963,-0.778811832269033,-0.194185284773509,-90.3146913105204,-75.5628694394763,-49.2767651280559,-150.967937280167,-126.008742991458,-70.4441870055083,-94.6201661518212,-89.1776034892422,-48.0342214376661
01-Feb-2025 01:34:57,258,97,-0.00335305728949606,0.416832129160563,-0.00711940241356691,0.585425265630086,0.171818708380063,-0.775123345851898,-0.164132245381673,-84.4911631406253,-73.9193149618143,-48.6911107092732,-146.119205742703,-126.248314016722,-69.640361650857,-97.8652658405772,-88.4224145040723,-47.2301976934942
01-Feb-2025 01:35:44,258,98,-0.0011065282781298,0.414231292406718,-0.00682478236655394,0.593681927522024,0.19064278503259,-0.769523747762044,-0.137950469056765,-78.4167145486766,-72.9109231617817,-47.9713147631609,-140.755280889283,-125.765720134465,-69.6910978199663,-100.265817019413,-86.4007434486956,-48.7099860838922
01-Feb-2025 01:36:30,258,99,0.000510426373997082,0.411079603433609,-0.00779209785784284,0.603762865066528,0.198293613394101,-0.765118797620138,-0.103649847706159,-73.266805745701,-71.4701127005638,-45.9094480533837,-134.083759377886,-126.422043798446,-68.6691147509559,-101.419093943289,-86.1458313582156,-46.9066805415752
01-Feb-2025 01:37:15,258,100,0.00344384357643624,0.408724306027095,-0.00924162734299898,0.611207930246989,0.19934879442056,-0.762370880444845,-0.0739971394340197,-69.6291668372119,-68.5380929087532,-43.7015459617742,-127.0584395375,-126.222826235547,-68.6107720628856,-102.848733739685,-84.8992987501838,-47.2118280329007
01-Feb-2025 01:38:46,109,1,0.00254594205568234,0.310768365859985,0.0426618270576,0.594998093446096,-0.0096759036804239,-0.803647983074188,0.00579402639220158,-8.32500000000001,-12.525,-4.87500000000001,-5.85000000000001,-10.8,-5.02500000000001,-4.87500000000001,-7.05000000000001,-5.47500000000001
01-Feb-2025 01:39:18,109,2,0.000874875819620987,0.31671275695165,0.0438110562662284,0.595873053868612,-0.0116904265557726,-0.802904172738393,0.0119824551045895,-14.9782729597469,-17.3083168654822,-9.82677924976196,-10.0881915857389,-15.5137334942041,-6.51074009652253,-10.7265696870408,-8.96354395835673,-8.44814067355004
01-Feb-2025 01:39:52,109,3,-0.000759439663185428,0.321217779318492,0.0478485768040021,0.59240361849467,-0.0204433040072521,-0.80490182240804,0.0278047320743402,-22.8127959194938,-21.8478837309645,-13.6723084995239,-11.5513831714779,-16.5524669884082,-7.07773019304503,-16.6718893740817,-10.9895879167134,-8.62753134710007
01-Feb-2025 01:40:25,109,4,-0.00358249104271332,0.324962476889292,0.051346081495285,0.588842411835988,-0.0362113458414872,-0.806517962614695,0.0384990312159061,-29.4379438792407,-27.4655755964468,-17.3397127492859,-12.8270747572168,-16.5037004826124,-8.16034528956752,-20.5640840611225,-11.1218818750701,-8.0850470206501
01-Feb-2025 01:41:01,109,5,-0.00649534979214271,0.328007217248281,0.0550907211999098,0.585587561130524,-0.0410983701546987,-0.807807608445485,0.0533389786879222,-33.0584043389876,-33.1723299619291,-20.1680544990478,-13.1090163429557,-18.4611839768165,-9.65077288608999,-24.7797162481633,-11.8073008334268,-7.18162519420013
01-Feb-2025 01:41:40,109,6,-0.00870402399450541,0.331288508574168,0.0595182215174039,0.583362722396851,-0.0548529545466105,-0.807885718345642,0.0632439156373342,-38.7015210487345,-39.0736155774114,-26.7768649988097,-13.9440829286947,-22.0217924710207,-11.4201067326125,-29.4570671852042,-14.2692822917835,-9.02273461775014
01-Feb-2025 01:42:21,109,7,-0.0107490574320157,0.334743696451187,0.0634832123915354,0.580662667751312,-0.0730429172515869,-0.80763912598292,0.0722125336527824,-43.9309658834814,-47.9221668178937,-31.2259098735716,-14.4557120144336,-23.6089634652249,-13.4038937041349,-32.565277497245,-16.5695450001402,-10.8861096663001
01-Feb-2025 01:43:03,109,8,-0.0121828972051541,0.337887521584829,0.0665676439801852,0.577139258384705,-0.0751779347658157,-0.808957477410634,0.0827428077658017,-47.6035747807283,-52.919350870876,-35.1950719358335,-15.1806223501725,-24.2844157094292,-15.4949072381574,-36.8389174967858,-18.7889483334969,-11.9356175273501
01-Feb-2025 01:43:46,109,9,-0.0126220984384418,0.340569269657135,0.0633696421980858,0.580873143672943,-0.0859223832686742,-0.80637698173523,0.0704266384243965,-52.1543680136075,-51.3456791968149,-34.2365941185154,-18.3546743733758,-27.1760906794047,-15.9354601647326,-37.1494475354425,-19.169851112985,-12.5015460774317
01-Feb-2025 01:44:25,109,10,-0.0116998271395763,0.341496870915095,0.0600102546314398,0.584184424082438,-0.10389585395654,-0.803579688072205,0.0468391160170237,-56.1659522621116,-47.4966657258787,-32.8206455980723,-21.2070467090791,-27.4023359618802,-16.2903197319329,-32.4638349959743,-20.2055390487232,-12.5640078306382
01-Feb-2025 01:45:03,109,11,-0.0115479278067748,0.342419489224752,0.0565082582334677,0.587511440118154,-0.120988692343235,-0.799935177961985,0.0171987671405077,-60.4329320184283,-43.6349813565051,-28.6259617260668,-24.7235792010323,-28.1708664006056,-16.0773326194456,-28.6551511674435,-21.3436195625863,-12.6747361854073
01-Feb-2025 01:45:39,109,12,-0.0102261567488313,0.3439981341362,0.0535462801655134,0.589695938428243,-0.148123999436696,-0.793807109196981,-0.0137208719427387,-66.8526095286512,-39.1669615379128,-25.36691017828,-30.0721917711106,-27.6355394174562,-15.5054221671147,-24.6099316943815,-22.9828963655119,-12.2845978409576
01-Feb-2025 01:46:17,109,13,-0.0108747850482663,0.345091621081034,0.0508250986536344,0.588576626777649,-0.168543643752734,-0.789408866564433,-0.0447694818178813,-71.4236359158272,-38.220773994711,-22.5006747926026,-34.2368443802513,-29.2232837233692,-16.4790500448618,-20.1464443990539,-22.9977713129688,-12.9190261468985
01-Feb-2025 01:46:55,109,14,-0.0127906026318669,0.346408406893412,0.0482140364746253,0.587949724992116,-0.170243427157402,-0.785899058977763,-0.0877212107181549,-73.5703367414798,-37.6855025892045,-21.2558474879798,-40.5845170089233,-30.0725636738135,-16.650447087648,-15.9988231925935,-23.7754453326913,-13.3157377780348
01-Feb-2025 01:47:31,109,15,-0.0141159957274795,0.348089039325714,0.0468988907833894,0.585688710212708,-0.183777719736099,-0.782216107845306,-0.106454085807006,-77.4298747863707,-39.0056892525457,-19.1717242238844,-43.8986996473609,-30.1026114465234,-18.6707287129537,-12.9841350305666,-22.4595188885467,-13.5935910717686
01-Feb-2025 01:48:07,109,16,-0.0129652510086695,0.349741790692012,0.0435447553793589,0.582307155927022,-0.192659961183866,-0.781168417135874,-0.116518028577169,-80.6458314408807,-26.0286049503108,-13.2179529800527,-46.8961372906814,-31.7480431303661,-20.0404526295192,-12.4109133907566,-22.4967922124684,-14.4120151968014
01-Feb-2025 01:48:37,109,17,-0.0207087423652411,0.34819366534551,0.0445721832414468,0.578428737322489,-0.204469378789266,-0.777697177728017,-0.137111562490463,-80.8399974002004,-17.4528851652879,-9.0043577463528,-45.3852024364433,-30.6011667697753,-18.0848976917146,-2.18342501205495,-10.3856654204235,-7.40072473748358
01-Feb-2025 01:49:14,109,18,-0.0135267068321506,0.348113524913788,0.0383398349086444,0.583216337362925,-0.16902148326238,-0.784779361883799,-0.124144340058168,-75.7272583573096,-11.5250675506595,-6.52689874521494,-48.2707669085747,-34.9854770211068,-21.3478119153963,-11.2373018822455,-20.225152235926,-13.7544220903578
01-Feb-2025 01:50:00,109,19,-0.0146806422621012,0.346876569588979,0.034968114644289,0.583928124109904,-0.140557231505712,-0.789178582032522,-0.128330836693446,-69.1090716406212,-34.7475910653338,-16.78448374661,-49.3917382563164,-37.92171026133,-24.1919064254855,-11.5026120677133,-19.8275390224369,-13.9881907971443
01-Feb-2025 01:50:41,109,20,-0.0160772706071536,0.344747976462046,0.0294240232557058,0.585665917396545,-0.105144203205903,-0.793471018473307,-0.127843212087949,-62.263161087034,-34.37028514466,-16.8345907492715,-49.7054130418633,-43.7339049959989,-26.4515910787784,-11.7236389108196,-19.111375794452,-13.486995180887
01-Feb-2025 01:51:19,109,21,-0.0157056834548712,0.347538199027379,0.0362751324971517,0.584621934096018,-0.126091454426448,-0.788519215583801,-0.143372334043185,-67.5320617135075,-36.1863723241857,-18.1846633777195,-53.2255596918557,-38.0761532202367,-24.1846578910624,-11.0512516909815,-21.4881348296604,-13.4639667545447
01-Feb-2025 01:51:56,109,22,-0.0142767891908685,0.350276943047841,0.0394315687318643,0.586799617608388,-0.125812459985415,-0.78435746828715,-0.156910206874212,-70.7565313807562,-39.2650021448743,-18.0703665064842,-58.0438822012995,-35.9123918180859,-22.0716222391473,-11.7927936355531,-22.5102563612449,-14.8696972474414
01-Feb-2025 01:52:34,109,23,-0.0142944927016894,0.353612571954727,0.040580494950215,0.587938038508097,-0.117342497905095,-0.782253817717234,-0.16922952234745,-73.7087855683926,-41.6999032861443,-19.3238848854071,-63.5112926404688,-35.8706256027408,-20.4105353551327,-14.4413001623295,-24.5800591410173,-15.9398071999576
01-Feb-2025 01:53:16,109,24,-0.0142806852857272,0.357343016068141,0.0395396041373412,0.586531190077464,-0.112248798211416,-0.780791139602661,-0.18370242814223,-76.8999320162229,-42.837940087705,-20.8863108894092,-70.203247044501,-38.6898569807985,-20.9254228550683,-16.6932889802083,-26.4237025448838,-17.3671068822836
01-Feb-2025 01:53:54,109,25,-0.0144092349956433,0.358414709568024,0.037465051561594,0.585295617580414,-0.0896696716547012,-0.779212745030721,-0.205465128024419,-74.1065507339263,-43.7200920467495,-20.7287581970876,-75.6450214242244,-39.7651953453117,-21.9078954693235,-16.5400411099513,-27.8121944890674,-18.1937593711171
01-Feb-2025 01:54:31,109,26,-0.0139954783643285,0.359784503777822,0.0342986685534318,0.584610323111216,-0.0623850328226884,-0.780100997289022,-0.213965690135956,-70.8853925166782,-44.9155279208666,-21.0984324110358,-80.8304317951634,-40.8057831081756,-23.9218616795664,-18.1251638124699,-28.4691465892746,-18.5847092924031
01-Feb-2025 01:55:07,109,27,-0.0142140754808982,0.360676922400792,0.0304574771473805,0.582454820473989,-0.0280768201996883,-0.779647926489512,-0.228270047903061,-66.5503458319543,-44.31760575252,-21.8067200781189,-85.9626601617104,-44.0789955702149,-26.001574687803,-19.2294718013762,-28.9853287674934,-18.6078079299152
01-Feb-2025 01:55:44,109,28,-0.0152873378867904,0.362420344352722,0.0256884882847468,0.578861474990845,0.00215566988723973,-0.778205382823944,-0.243538871407509,-63.5333549134925,-43.7230045629417,-23.4343144717694,-91.7432975260612,-47.1935203818418,-28.8641610950364,-20.8433724334765,-30.0311259847182,-18.7469809255405
01-Feb-2025 01:56:20,109,29,-0.0158582242826621,0.363968543211619,0.0226006412257751,0.577374478181203,0.0259128026664257,-0.77539161046346,-0.254430987437566,-61.2503918781618,-43.5800638627474,-24.6215622287037,-97.023139389314,-50.4537013682626,-30.9181842017684,-22.4120693871738,-31.6417307214461,-19.4691911002223
01-Feb-2025 01:56:55,109,30,-0.0170992527157068,0.366299015283585,0.0179948398222526,0.574117887020111,0.0582032819588979,-0.769579382737478,-0.273401959737142,-55.5094427843966,-45.5379534072452,-25.2136366672798,-103.177583502018,-53.3367104420803,-33.0929256582495,-24.0331645016695,-32.1097392179254,-20.1829198644324
01-Feb-2025 01:57:34,109,31,-0.0181175990651051,0.368763571977615,0.0121173139661551,0.574770239988963,0.100716525316238,-0.761822883288066,-0.28128502368927,-50.3645006614142,-46.371258074089,-26.7831244466768,-109.169328739447,-60.4561335595964,-36.0780262896053,-27.4054586965644,-32.6064495942804,-21.3424079234067
01-Feb-2025 01:58:12,109,32,-0.0181485787034035,0.371350252628326,0.00980551186949015,0.578714005152384,0.135600019494692,-0.753988448778788,-0.279650086164475,-46.8675620238232,-48.8922703021058,-28.8413188964843,-114.479724539239,-64.8937636989618,-38.5683065083983,-32.5533524316589,-34.3175109105733,-22.499775629763
01-Feb-2025 01:58:51,109,33,-0.0215479942659537,0.37318615714709,0.00593838036681215,0.58032869497935,0.170044500629107,-0.740629708766937,-0.292867130041122,-42.0196251289279,-52.782136310709,-29.643866681497,-120.424445620212,-68.3654973492518,-41.03617652091,-33.9390459368532,-33.8607476968352,-23.2060831598103
01-Feb-2025 01:59:32,109,34,-0.0214913114905357,0.376745510101318,-0.000165447257040796,0.577713561058044,0.186156509319941,-0.736767319838206,-0.297937492529551,-41.2961891053803,-54.5064292096056,-27.7935911341124,-125.711329341777,-74.4292827550041,-43.6428414302811,-37.6436393270975,-35.0950722180815,-25.7118606017032
01-Feb-2025 02:00:09,109,35,-0.0200158335268497,0.37566003203392,-0.00946560321996609,0.571679818630219,0.194622057676315,-0.737122329076131,-0.303241042296092,-36.4593141433351,-44.3986811810982,-23.2525472641921,-125.361827328346,-78.4532889820371,-43.9737717897949,-35.2172682750606,-34.2443630963762,-24.5748547742353
01-Feb-2025 02:00:34,109,36,-0.0200470411529144,0.372925090789795,-0.00598170515149832,0.579067718982696,0.199366559584936,-0.735991934935252,-0.288529719909032,-26.2785643991268,-35.924539875164,-18.6857975611725,-118.660365975063,-74.0878081479357,-39.9894008735237,-35.0956221942862,-15.3289259084167,-11.7377164247289
01-Feb-2025 02:01:26,109,37,-0.0185944675157468,0.37264358997345,-0.00255657997913659,0.580148136615753,0.16931832532088,-0.748961158593496,-0.271692277987798,-38.8508772638369,-46.2672019305164,-24.3811949416031,-116.957924951854,-77.7525837832671,-41.9473793193598,-35.9013385991431,-34.2561246873305,-24.400511814203
01-Feb-2025 02:02:11,109,38,-0.0192520161469777,0.371307875712713,-0.00369007177650928,0.586192735036214,0.172073707977931,-0.749745996793111,-0.254263031482697,-36.8497214330063,-46.8182656665121,-24.8576658637589,-113.854994093682,-80.2574876533149,-42.7515324462496,-37.0207362468156,-34.454641449681,-23.7882740731675
01-Feb-2025 02:02:47,109,39,-0.0174260854721069,0.370179464419683,-0.00921261248489221,0.588628121217092,0.181659718354543,-0.750345881779989,-0.239786944786708,-19.4618312544055,-28.5235302428297,-14.9246735567774,-110.351818318029,-82.7824556407208,-43.2787729136662,-38.3719745158958,-32.9388172037496,-24.4885197668772
01-Feb-2025 02:03:19,109,40,-0.014040763117373,0.368650617202123,-0.00509150121361017,0.591991937160492,0.185577004154523,-0.752396953105926,-0.221371882160505,-8.1055739019194,-15.8808952393081,-8.26194963522712,-107.623520083635,-76.7674556868059,-39.7675570513464,-40.36413309568,-31.3158224536773,-25.0950071779595
01-Feb-2025 02:03:42,109,41,-0.0150057495882114,0.365610595544179,-0.00131354150750364,0.601685543855031,0.195055637756983,-0.749795627593994,-0.194253088037173,-0.0651329624907397,-6.51431044586689,-3.2343599063925,-99.2826606198698,-74.0574717622306,-37.9121130241582,-42.2267518308161,-13.5142424515344,-11.7796154477282
01-Feb-2025 02:04:52,109,42,-0.0145524782439073,0.366025815407435,-0.000301531760487705,0.603417984644572,0.170975077152252,-0.758719615141551,-0.176064765453339,-31.2576002295909,-44.0107507574663,-23.0993372739155,-98.7855205414199,-79.149995852325,-40.8595549145359,-43.7246006436282,-32.1733698233565,-23.9782841468398
01-Feb-2025 02:05:48,109,43,-0.0154472606877486,0.36590494910876,-0.000386218643203999,0.607477986812592,0.164756129185359,-0.760636691252391,-0.158926968773206,-31.9665215999557,-44.713703621586,-24.1355981896175,-96.2102401556274,-81.4687739497543,-42.3834397636965,-44.9650644952783,-32.3128508821611,-23.5089830606231
01-Feb-2025 02:06:31,109,44,-0.0115694712847471,0.36478244860967,0.00209824161914488,0.609591658910116,0.179338162144025,-0.758284664154053,-0.145740210016569,-29.5435455930005,-19.5455966437974,-23.4458216910446,-94.4636404171067,-76.7339261623235,-40.2001485187037,-47.5562304607596,-31.9831920375708,-22.9265175790183
01-Feb-2025 02:07:20,109,45,-0.00857505754878124,0.362436638275782,0.00726563806335131,0.610363272825877,0.18424695233504,-0.7596319993337,-0.128331697980563,-26.7746831118613,-42.6666178041397,-21.2363660795163,-90.9600056017504,-71.3056418767264,-37.8484680134068,-49.3705501859504,-31.5611216147261,-22.1020596510814
01-Feb-2025 02:08:04,109,46,-0.00486778533086181,0.36088024576505,0.0119032359371583,0.610328328609467,0.189991576472918,-0.761442732810974,-0.107738058269024,-24.7328773936299,-41.6322030335469,-19.9170709115104,-87.5528532479763,-66.3556393420461,-34.8875928779577,-53.571446790996,-30.6428454027544,-21.6816054999785
01-Feb-2025 02:08:34,109,47,0.00442800233140588,0.358287672201792,0.0157777108252048,0.606829369068146,0.214227032661438,-0.761211220423381,-0.0801397879918416,-9.17960005685263,-20.1200702974859,-9.6678559652658,-84.0439421249933,-60.7447776828243,-28.2471204274325,-56.7906318359689,-31.1264662962191,-21.9881532372926
01-Feb-2025 02:09:18,109,48,0.00765380132943392,0.358247619867325,0.0213424897442261,0.605077823003133,0.20012594461441,-0.768763287862142,-0.0532305459181468,-20.0205869108023,-40.1190785786918,-5.45368112990173,-79.5091516174058,-54.5034864613318,-27.1918493193693,-60.1939611009055,-37.1110357424019,-23.0332019188151
01-Feb-2025 02:10:01,109,49,0.0123744289701184,0.357400145133336,0.0277953196316957,0.599906373023987,0.200509812434514,-0.773598372936249,-0.0381277600924174,-19.8337058601156,-39.4736573685307,-19.6320263499778,-76.1114214175161,-47.1219804587038,-25.4041788825371,-62.1143624758239,-39.771079464944,-25.4225010724419
01-Feb-2025 02:10:42,109,50,0.0189483607808749,0.356063199043274,0.031189061080416,0.594239016373952,0.203283231457074,-0.777926337718964,-0.019660934433341,-17.0578908571108,-38.1810214126861,-17.8066315977741,-72.3822213714753,-41.1953670655082,-22.5753087813204,-64.1932999057333,-45.2688603256655,-26.5339254621207
01-Feb-2025 02:11:04,109,51,0.0264394291987022,0.352583406368891,0.0341709174215794,0.589000145594279,0.2063567618529,-0.78134214480718,-0.000429304015900319,-7.8126088779469,-21.4897780839996,-9.92936685943057,-63.9872864023589,-29.3961999770287,-15.9258388479114,-61.2515053631382,-45.7355097554769,-25.0564124698257
01-Feb-2025 02:11:30,109,52,0.0299041291077932,0.351533933480581,0.0326732397079468,0.589136147499084,0.194572304685911,-0.784080290794373,0.0166851781308651,-3.73259341070343,-14.3492310688923,-6.90116712801705,-61.4344839717048,-35.3607560409072,-11.6410689984063,-60.7493448342908,-50.0615934698331,-29.0344307865437
01-Feb-2025 02:11:54,109,53,0.0349163857599099,0.350245837370555,0.0389338724315167,0.588473157087962,0.184361855189006,-0.786404259999593,0.0357540234923363,-2.08521119942017,-10.8590322105748,-5.24749990006851,-54.9777478102818,-20.5071736809649,-7.56364919085319,-62.0670013123173,-53.6173943264618,-29.2152147577682
01-Feb-2025 02:12:45,109,54,0.0349699266254902,0.352783916393916,0.0389384853343169,0.590435266494751,0.166170013944308,-0.788225487867991,0.0497424051165581,-17.7791456161169,-34.7690074306518,-17.1810989238524,-55.3440447834743,-34.7695221091119,-20.5399044042759,-66.0195662937807,-59.0380537542267,-33.4973815562459
01-Feb-2025 02:13:09,109,55,0.0458974368870258,0.351908161242803,0.0408116807540258,0.587866560618083,0.168822202086449,-0.787938439846039,0.0711686710516612,-10.4937383468038,-22.7290696899265,-11.1583310735027,-48.4718583239746,-14.3148359313039,-9.0429971281867,-66.5645855269625,-63.8911424675596,-34.2802397683503
01-Feb-2025 02:13:47,109,56,0.0511501165727774,0.353271305561066,0.0414700205127398,0.592129071553548,0.155642815430959,-0.784843357404073,0.0958092525601387,-7.61866023448575,-17.6891754687999,-8.83237978608601,-46.3054301481288,-32.6766324505184,-20.9345086073413,-70.1308318860036,-70.2604458236767,-40.288443687268
01-Feb-2025 02:14:34,109,57,0.0498592165609201,0.358119336764018,0.042052665601174,0.592946942647298,0.153891502817472,-0.781612618764241,0.11752902418375,-22.2193987092721,-36.5238340887552,-18.2809105819534,-47.6403957425969,-37.9951164296891,-23.5707607810168,-77.6947665737293,-72.4702209466969,-43.339310943524
01-Feb-2025 02:15:08,109,58,0.0535631564756235,0.362133636077245,0.0409205213189125,0.591200884183248,0.172061122457186,-0.774484276771545,0.145088292161624,-20.9352194733074,-24.1085035886104,-12.6411455185541,-48.2018009079786,-39.3302210831152,-25.4916176435032,-86.0140080429199,-75.809049730413,-46.1215146264833
01-Feb-2025 02:15:52,109,59,0.0525991020103296,0.366310729583104,0.042302459726731,0.591651459534963,0.168732199072838,-0.771505987644196,0.162038630247116,-26.9335813819669,-42.7931785284152,-10.4072325255215,-49.6514258588169,-41.5236360736689,-28.1797768503951,-92.8359029028428,-78.3624053444772,-47.2693865227944
01-Feb-2025 02:16:34,109,60,0.0533493628104528,0.370382448037465,0.0428769007325172,0.593312207857768,0.163958235581716,-0.766537952423096,0.183079115549723,-31.3982138629387,-44.3278561881952,-9.35124556767219,-50.0451607023837,-43.1712062327865,-29.5265872294898,-100.109124458132,-81.1230243737154,-48.4250925257812
01-Feb-2025 02:17:15,109,61,0.0547976265350978,0.373925356070201,0.0426652848720551,0.591474743684133,0.172459345062574,-0.760689918200175,0.204367942611376,-33.6709816300666,-45.9875352079626,-9.18422162741453,-51.3359504923146,-45.445853976186,-30.9527231946859,-107.158009361104,-83.3122751105405,-49.059715582106
01-Feb-2025 02:18:01,109,62,0.0538105393449465,0.377379312117894,0.0437689470748107,0.587013510862986,0.180827865004539,-0.756401077906291,0.224886312087377,-35.5978170402725,-47.8597149077238,-23.4116791959526,-52.2502677554276,-46.7590405117267,-32.5685219529326,-113.944725937918,-83.6408417011592,-49.7337971650997
01-Feb-2025 02:18:43,109,63,0.0540020063519478,0.380332809686661,0.0424326993525028,0.587118979295095,0.186320959528287,-0.747711670398712,0.247998195886612,-37.4266862720175,-50.5131449474819,-16.4113775188887,-52.6763487551317,-49.0914964433378,-34.1291521077047,-121.275358351653,-84.1640662186747,-49.6026080114279
01-Feb-2025 02:19:23,109,64,0.0575983881950378,0.383855708440145,0.0427700864772002,0.58188438018163,0.201959013938904,-0.743603825569153,0.260147112607956,-37.321836338399,-51.7376042427168,-13.8573922401874,-55.4038533564968,-50.9387748869308,-34.9347858461371,-127.491638658824,-87.2591505435786,-51.6885428898178
01-Feb-2025 02:20:08,109,65,0.0569426412383715,0.387582166989644,0.0446786219875018,0.581046398480733,0.195764681696892,-0.743943782647451,0.265723492701848,-41.9174948601652,-55.2948761229511,-26.2089671500854,-57.7842988920098,-53.1533706795414,-36.2141274337008,-132.606397925225,-89.5028993502068,-55.3731600840412
01-Feb-2025 02:20:30,109,66,0.0610537993411223,0.388643230994542,0.0454276877144972,0.573963876565297,0.217211623986562,-0.73770577510198,0.281380059321721,-33.188407609624,-38.7185542956846,-19.4633221542833,-57.5912148945966,-37.701625146661,-25.0553229458303,-137.845396671241,-90.420980397697,-51.8321184361815
01-Feb-2025 02:21:21,109,67,0.0610464461147785,0.394149327278137,0.0450839261213938,0.575177303949992,0.211499578754107,-0.73390843073527,0.292946132024129,-44.4219474729287,-58.6504356146682,-28.594067205631,-60.2363661307204,-55.4167089510349,-38.6524454202424,-144.346515157065,-94.6512275656183,-57.9532473672802
01-Feb-2025 02:21:43,109,68,0.0676337028543154,0.39693177541097,0.0445937670767307,0.571074990431468,0.226245613892873,-0.727821294466654,0.304897497097651,-36.0868008931567,-42.3864185067765,-21.8880072805537,-61.3006349836126,-37.590207424036,-25.5525313757961,-149.303693512792,-98.8875577937551,-55.5554615878581
01-Feb-2025 02:22:37,109,69,0.0672021215160688,0.402341071764628,0.0459259723623594,0.573929882049561,0.218019054333369,-0.725627120335897,0.310704823335012,-49.2423110918461,-63.2244521854475,-28.7885448672638,-65.4744626448891,-58.9929132313509,-41.9290990719203,-155.888901803472,-104.551929552,-63.7482184531756
01-Feb-2025 02:23:27,109,70,0.0712842320402463,0.408132334550222,0.0465305835008621,0.577498082319895,0.211880762378375,-0.720155918598175,0.320901882648468,-54.7681496797663,-66.5385112573997,-31.0923812098677,-68.8780697103576,-62.9602227058228,-43.7189076383301,-162.088125061627,-110.030322075298,-69.6612466408628
01-Feb-2025 02:24:19,109,71,0.0751892144481341,0.412799310684204,0.0447206854820251,0.583203534285227,0.21549126903216,-0.713676301638285,0.322650434573491,-57.7541524623019,-68.2905830259925,-29.9728669304184,-73.1715664779223,-65.409834013873,-46.3153366398827,-168.61935580352,-115.415724981123,-74.5094104897349
01-Feb-2025 02:24:41,109,72,0.0799212217330933,0.415088840325673,0.0452147424221039,0.580594690640767,0.22514609793822,-0.706758697827657,0.335724892218908,-46.3452373421454,-52.0866611429054,-24.8916773399426,-72.6600080965349,-39.9505962387116,-28.1650758590064,-172.391590287283,-120.604633078212,-70.0501421691996
01-Feb-2025 02:25:42,109,73,0.0794579396645228,0.420099381605784,0.0465891564885775,0.588160490989685,0.210253819823265,-0.701781666278839,0.34258295694987,-62.6888632706424,-72.7297424339786,-32.1546500939535,-75.8209221406716,-67.5119339219458,-49.741470186916,-178.834326641979,-126.595293770933,-77.7371577639604
01-Feb-2025 02:26:30,109,74,0.079754497607549,0.420653154452642,0.0462825650970141,0.59180436929067,0.212275675932566,-0.706106245517731,0.325761671861013,-62.0829427904206,-73.5881742042019,-32.0924919199607,-78.3642726287519,-67.8748773636747,-50.5462145375853,-176.041090777475,-128.739704763762,-80.580615771234
01-Feb-2025 02:27:18,109,75,0.0763746569554011,0.419536832968394,0.0448236472904682,0.594377652804057,0.204164490103722,-0.718506801128387,0.297959808508555,-64.5151575723623,-72.9708567679652,-32.9788743320896,-80.9257412232132,-69.1179646700021,-50.1076226654509,-170.240480380704,-130.9720539055,-80.0106447573316
01-Feb-2025 02:28:02,109,76,0.076129590968291,0.418502934773763,0.044826869169871,0.590485433737437,0.206613102555275,-0.731604965527852,0.27090988556544,-64.0414399853858,-71.8406647284985,-34.7895270372793,-83.196268870865,-69.2261239086285,-49.1223626819145,-165.786182717799,-133.023372121691,-79.0839592328413
01-Feb-2025 02:28:46,109,77,0.0749324068427086,0.41744343439738,0.0450867506364981,0.593067880471547,0.19435449441274,-0.743749650319417,0.239443756143252,-65.26475621395,-71.9540353874168,-34.7373148889995,-85.6213260451121,-68.6168191134045,-49.8137686426772,-158.630041421829,-135.884174875109,-79.6289164530569
01-Feb-2025 02:29:30,109,78,0.0743896206219991,0.417323305209478,0.0451212460796038,0.593009841442108,0.183516116937002,-0.753327929973602,0.217159434159597,-68.0115893502848,-71.3391873955276,-36.6036703139849,-87.3736479826568,-70.1237823012554,-49.3185075755896,-154.847978309324,-137.799719897141,-79.8596950456256
01-Feb-2025 02:30:14,109,79,0.0729652985930443,0.416740224758784,0.0459587144354979,0.594948077201843,0.169293280442556,-0.760788865884145,0.196409955620766,-70.5451809405047,-71.6352300782347,-37.9293095256028,-89.5396023018503,-70.1388794806439,-50.1799129945768,-149.752954288554,-140.29263605348,-78.9583843243708
01-Feb-2025 02:30:57,109,80,0.0720620200037956,0.416597050428391,0.0450725821157296,0.598936978975932,0.150101841489474,-0.767922834555308,0.170406759778659,-74.4721517576672,-69.5367180982398,-38.7595906305371,-91.9873728118682,-70.9080436558012,-50.3696516566015,-144.151449813649,-141.874237776972,-80.1910289462042
01-Feb-2025 02:31:41,109,81,0.0699882909655571,0.416317168871562,0.0468413377801577,0.59997038046519,0.125769259532293,-0.777501837412516,0.140387032429377,-78.5708121883011,-71.8659287868941,-40.5421926821295,-93.9760514172983,-72.0542413288428,-49.4735569401448,-138.071705111679,-144.05018228404,-79.4156512395817
01-Feb-2025 02:32:23,109,82,0.0648658449451129,0.415329903364182,0.045598941296339,0.604136757055918,0.102596293886503,-0.782520079612732,0.110250469048818,-82.9053174256705,-72.734000809873,-40.850955207051,-96.1101840704345,-73.3889557508267,-51.0345455344475,-131.527840296174,-144.498298182898,-79.5112623687314
01-Feb-2025 02:32:57,109,83,0.0625332196553548,0.41545198559761,0.0412689253687859,0.606632618109385,0.0807318235437075,-0.786624737580617,0.0818585167328517,-88.6327450664078,-45.6465035000132,-40.8727979686371,-98.3170437474237,-77.5179285472817,-50.9740757841299,-125.726915423904,-144.532499777649,-79.292367915767
01-Feb-2025 02:33:33,109,84,0.0583250443140666,0.415802258253098,0.0402303775151571,0.606464199225108,0.0607327292362849,-0.791044147809347,0.0525541231036186,-93.856633908829,-33.606221523735,-43.6761808485555,-100.71026693634,-80.1190305309722,-51.9778768615021,-120.97246052325,-145.034744220347,-78.7662206717457
01-Feb-2025 02:34:20,109,85,0.051898933450381,0.415534619490306,0.0399856835603714,0.605233152707418,0.0411019076903661,-0.794552000363668,0.0262790342171987,-97.8537533520922,-73.2645472142482,-45.1703337876401,-103.271671881219,-83.1561971082805,-52.8388133527192,-115.841240608404,-144.046010087019,-78.6114470321959
01-Feb-2025 02:35:04,109,86,0.0466839365661144,0.4130035897096,0.0424797035753727,0.605744032065074,0.0236800691733758,-0.79517742395401,0.0143639317403237,-99.5708916825013,-74.0222257763492,-43.6691381953544,-102.343620021325,-80.4002548972494,-49.5694889282352,-111.029731503156,-137.830592482477,-75.0485050232322
01-Feb-2025 02:35:46,109,87,0.0401714488863945,0.410304377476374,0.0456295482814312,0.60734760761261,0.0033601869828999,-0.794421478112539,0.00347976111806929,-101.506337663121,-73.7920562551475,-43.6781351178603,-100.520113600422,-77.0033288346227,-46.9394483572124,-106.94903114436,-131.242430233929,-71.8034064153864
01-Feb-2025 02:36:28,109,88,0.0351439880828063,0.407084365685781,0.0478443615138531,0.610169895490011,-0.0181937796374162,-0.792060367266337,-0.00145503027209391,-103.025937468846,-71.9429626922944,-43.0922282977619,-97.7988798990141,-73.0609108461982,-44.4040497129203,-102.18373515879,-123.942895663377,-68.1922295080996
01-Feb-2025 02:37:10,109,89,0.0313505587478479,0.404388340314229,0.0486495040357113,0.613607176144918,-0.0399670965969563,-0.788591015338898,-0.00362596636017164,-104.637614187123,-71.1594071086156,-40.5588696063615,-94.5537825573542,-70.2707468948748,-42.8909720319934,-98.6511413598325,-117.337674931824,-65.0730134510922
01-Feb-2025 02:37:54,109,90,0.0270098713537057,0.40211217602094,0.0503400114675363,0.613949795564016,-0.0587270217637221,-0.787110404173533,-0.00860477077464263,-106.145329361677,-69.9336205145241,-40.72678497931,-92.0967533955681,-67.306709962102,-41.8890548327492,-94.609898654182,-111.22961111977,-61.9747778192246
01-Feb-2025 02:38:35,109,91,0.0309692562868198,0.402513100703557,0.0532701132198175,0.617141143480937,-0.071086448431015,-0.783483533064524,0.015400057968994,-108.065783578676,-70.1879626626209,-39.404288270879,-87.409870061839,-63.6434610607438,-41.0824088981646,-97.1538676966712,-112.758991425626,-63.3522939917559
01-Feb-2025 02:39:15,109,92,0.0358111162980398,0.401297827561696,0.0542731838921706,0.620837640762329,-0.0970990265409152,-0.776861151059469,0.0402391356726487,-110.335247409745,-67.5942470581144,-37.7446100785353,-79.6575037730784,-64.5117439140233,-40.5910530840006,-96.8706745124871,-115.387660961357,-64.0225552705721
01-Feb-2025 02:39:57,109,93,0.0378619054953257,0.401304624478022,0.0584364210565885,0.622899468739827,-0.114973814288775,-0.771513764063517,0.0595298700034618,-112.254216047847,-70.4765025773063,-39.2913411442352,-73.597396006802,-63.5207926446216,-41.1573423300469,-97.4239002149663,-117.590975112026,-65.1641891025309
01-Feb-2025 02:40:36,109,94,0.0417072395483653,0.400816490252813,0.0613010538121065,0.627834566434224,-0.1344917456309,-0.762457048892975,0.0799687832593918,-114.447937089468,-68.7467436583475,-40.1162768389568,-67.8584175017678,-60.3252243138793,-40.5274541061985,-98.0953353607772,-118.831611570164,-66.6165092110608
01-Feb-2025 02:41:16,109,95,0.046479387084643,0.40128605167071,0.063089789946874,0.634098025163015,-0.150744631886482,-0.752121969064077,0.0975107113520304,-116.629034332846,-68.2359775203134,-38.7053148481895,-62.2050036273546,-58.7273474524667,-40.5744771474026,-99.3508752282538,-121.765909182035,-68.2991724578764
01-Feb-2025 02:41:57,109,96,0.0489500212172667,0.40170391201973,0.0649684935808182,0.638676734765371,-0.162268274029096,-0.744390388329824,0.107907516757647,-118.428819677104,-68.9347077727418,-39.3264040146775,-58.8443720682519,-57.7033163257191,-40.434955821133,-99.7734674565634,-124.197037370774,-69.2720072738348
01-Feb-2025 02:42:22,109,97,0.0508467972278595,0.40015025138855,0.0688570350408554,0.643606150150299,-0.17632026274999,-0.734696646531423,0.122078298528989,-118.687949071802,-63.4881862204013,-34.9635187597933,-48.0801316668045,-36.7912080663039,-25.3521623111267,-94.8295858652895,-118.876580847947,-64.1149278743646
01-Feb-2025 02:43:16,109,98,0.0456778220832348,0.401299148797989,0.0663916076223055,0.639464251200358,-0.180548642079035,-0.740012923876444,0.104252503315608,-120.80175049172,-70.9440387656764,-39.958646294223,-56.4890868441847,-61.2100612405554,-41.3477327092518,-97.7774673642238,-125.805331969336,-67.5928913671801
01-Feb-2025 02:44:04,109,99,0.0488240078091621,0.403625828027725,0.0682110210259756,0.640587004025777,-0.175553891062737,-0.740027503172557,0.105775584777196,-122.417887924247,-70.3010783597593,-43.6327802233095,-58.5096398109786,-32.8443951316392,-40.6324850614428,-100.171230408262,-127.758686912834,-70.7383763061384
01-Feb-2025 02:44:33,109,100,0.0478717761735121,0.402640585104624,0.0734457045793533,0.643090164661407,-0.192717117071152,-0.732783842086792,0.111008993784587,-124.085193363079,-70.7837114782462,-40.2714173497246,-39.0359916724797,-16.6364693811397,-21.5868283906667,-95.9129342248527,-124.299343767386,-66.2176219681682
01-Feb-2025 02:46:03,43,1,0.000664220948237926,0.310527032613754,0.0410838089883327,0.594634465376536,0.000520544491397838,-0.803903031349182,-0.0122290110215545,-6.75000000000001,-11.625,-4.72500000000001,-5.92500000000001,-9.675,-5.02500000000001,-5.47500000000001,-7.35000000000001,-5.55000000000001
01-Feb-2025 02:46:35,43,2,0.00346824075095356,0.316713263591131,0.0410834563275178,0.595586045583089,0.015820100903511,-0.802992220719655,0.0151828544214368,-10.0929207550618,-16.5329154680512,-8.42027066047519,-8.9034223328208,-14.0631588091577,-7.82289528549464,-16.4140241887877,-12.7999737424279,-8.97254732123953
01-Feb-2025 02:47:06,43,3,0.00490728709846735,0.320933947960536,0.0437115795910358,0.592527707417806,0.0237035853167375,-0.803863954544067,0.046387908111016,-13.2858415101236,-21.1970809361023,-9.73429132095035,-9.57559466564158,-16.1450676183153,-9.06454057098926,-26.1717983775754,-15.6249474848557,-11.420094642479
01-Feb-2025 02:47:40,43,4,0.00722343390807509,0.326249585549037,0.0446162290871143,0.593297859032949,0.0179022153218587,-0.801259585221608,0.0752347712715467,-19.9287622651854,-20.9393714041536,-10.8326869814255,-10.9696419984624,-18.573851427473,-9.37806085648388,-35.9389475663631,-16.9124212272836,-13.6801419637185
01-Feb-2025 02:48:13,43,5,0.00856219952305158,0.330706264575322,0.0452893927693367,0.593418594201406,0.0194103813419739,-0.796906077861786,0.111437609791756,-24.7716830202471,-23.9207243722048,-11.3732701419007,-11.3746268312831,-21.7760727366306,-10.5025186419785,-45.6357842551508,-19.1561449697115,-14.646439284958
01-Feb-2025 02:48:46,43,6,0.0129420423259338,0.334588356812795,0.0429174254337947,0.593299043178558,0.0359724725286166,-0.791187286376953,0.14396155277888,-25.6396037753089,-24.546608590256,-8.55994705237585,-11.9600804141039,-22.8900127957883,-12.4824451774731,-55.0724646939385,-21.5029937121394,-14.9658616061975
01-Feb-2025 02:49:22,43,7,0.0128719563906391,0.337817847728729,0.045425928880771,0.589608077208201,0.0480219073593616,-0.787039577960968,0.174999828139941,-27.0700245303707,-29.4697584333072,-10.969670837851,-12.1107683719247,-25.284812229946,-13.1651060879677,-64.1540670077262,-22.5514049545673,-16.011846427437
01-Feb-2025 02:49:57,43,8,0.0129896915828188,0.338536032040914,0.0428384892642498,0.590985651810964,0.0572811357676983,-0.788455172379812,0.160603018601735,-26.1957731019928,-30.8880116613938,-11.4878879899697,-15.5146046321024,-27.6750748718633,-15.3253826345017,-63.1765573693519,-25.7307683146729,-17.2099350518152
01-Feb-2025 02:50:32,43,9,0.0138914633542299,0.338755925496419,0.0381333204607169,0.592436269919078,0.0731898258129756,-0.790823594729106,0.135131840904554,-23.7371466736149,-29.1430812957304,-11.1368668608383,-19.22224948603,-28.6230523575306,-18.2863427747856,-61.1727781997277,-27.6480222997784,-19.5646643011933
01-Feb-2025 02:51:08,43,10,0.0125298243636886,0.339160732428233,0.0345752817889055,0.592591770490011,0.0813604677716891,-0.792724970976512,0.117484502991041,-22.286332745237,-29.2665591331921,-12.601226591082,-22.3317986368327,-32.8998872650729,-20.5976447119446,-59.4808642644784,-30.359221597384,-19.7977138630714
01-Feb-2025 02:51:45,43,11,0.0127221758166949,0.340070009231567,0.0307382963597774,0.591857155164083,0.0941870977481206,-0.795040782292684,0.0935100177923838,-20.8894250668592,-29.2742410722162,-13.1732767510131,-28.5922999360729,-36.0661508835527,-22.9591175475411,-57.6448829464166,-35.1173935512396,-20.0949235811996
01-Feb-2025 02:52:22,43,12,0.0118061603978276,0.339656772216161,0.0269107966373364,0.590597633520762,0.103373426695665,-0.797763613859812,0.0638875136772792,-18.3194705134813,-30.5740250620216,-14.049172125788,-30.5032773095318,-42.6521288575012,-25.4956758323563,-53.7868679369486,-38.4990518332202,-21.3242133774527
01-Feb-2025 02:53:03,43,13,0.0119174816335241,0.340800662835439,0.0216135285794735,0.587647247314453,0.115706986188889,-0.800649523735046,0.0155875523264209,-16.7379925226034,-28.4698600772177,-15.3769901079847,-40.0644927201,-46.1479640091841,-28.6447768417809,-48.8428360817775,-41.1174532792633,-22.9445432127684
01-Feb-2025 02:53:41,43,14,0.0103061142067115,0.340721056858699,0.017259269580245,0.583398183186849,0.118659091989199,-0.803227321306864,-0.0198105086882909,-14.8257528129755,-29.8387206051091,-15.6557693938924,-43.700827149223,-50.4987277497342,-31.3501492135102,-43.7307958037549,-44.2542263073376,-24.0853930676153
01-Feb-2025 02:54:24,43,15,0.00895674408723911,0.34231856862704,0.012731120797495,0.580833999315898,0.109745261569818,-0.805597651004791,-0.0400036565959454,-16.8731322439726,-29.9440938893482,-14.9600293316556,-47.3747210876233,-55.7269557847179,-34.5836572663918,-39.5847513143064,-46.6001851264276,-24.9865029322278
01-Feb-2025 02:55:01,43,16,0.00833591328312953,0.34453501701355,0.0134317388137182,0.580768593152364,0.103999998172124,-0.806250842412313,-0.04302845398585,-19.8607876451489,-31.1855538879744,-18.2281188318077,-49.6788188871961,-59.1494449619714,-36.2886717257308,-40.8003523842378,-49.3687491346943,-26.8939230169122
01-Feb-2025 02:55:39,43,17,0.00831268678108851,0.34734175602595,0.0140757494916519,0.579717727502187,0.0903706774115562,-0.808338403701782,-0.0484718513985475,-24.9258478314814,-33.3861420756874,-20.1650784949237,-51.9923065640882,-62.8288002128333,-37.8257201053578,-41.6199524013127,-52.464609590715,-29.1914081040381
01-Feb-2025 02:56:19,43,18,0.00604236824437976,0.352417169014613,0.0154067800069849,0.579346632957458,0.0558955393731594,-0.811902650197347,-0.0452468832333883,-35.754610410392,-35.391294357944,-21.8114732395216,-54.6104891796401,-65.8115885004994,-40.4787854451289,-45.2415518919594,-54.4491182706126,-31.3839256923846
01-Feb-2025 02:56:57,43,19,0.00583513006567955,0.356022375822067,0.0155405278628071,0.579368837674459,0.0471287541091442,-0.812561853726705,-0.0430571819345156,-40.6902241855917,-38.3487286874723,-23.6125855248605,-57.6810192645217,-69.7960933065676,-41.889859264972,-47.564151119392,-57.0029510624487,-33.3739595313415
01-Feb-2025 02:57:38,43,20,0.00463886378953854,0.360823659102122,0.0154828811064363,0.57715113957723,0.0420833674569925,-0.813481179873149,-0.0580857229729493,-45.6792635589359,-41.8573040406365,-25.1910565805699,-63.3027230840682,-73.4564563718368,-43.5799373248511,-50.5122502152175,-59.841445910254,-35.5627514956035
01-Feb-2025 02:58:20,43,21,0.00497061672310034,0.365706094106038,0.015846577907602,0.577082657814026,0.0257639732211828,-0.814407698313395,-0.0552451911071936,-53.2450157313524,-43.5414499056187,-26.4332070214646,-67.2750137709472,-77.3297485667066,-45.4095175047482,-53.8480992452394,-62.9722717860439,-37.9259225225182
01-Feb-2025 02:58:54,43,22,0.00612955934678515,0.368618396917979,0.0163825564086437,0.575388936201731,-0.000200645196794843,-0.815982822577159,-0.0556738627453645,-62.774124303305,-16.5633810265087,-28.782197154952,-68.2475978914925,-81.4595053263766,-47.0088487446544,-54.1528232423597,-66.6242631758261,-39.9262830807591
01-Feb-2025 02:59:38,43,23,0.00555799612775445,0.370669217904409,0.0160142190754414,0.574262924989065,-0.0218891877681017,-0.816185140609741,-0.059873291105032,-67.0599110750257,-47.9292047753547,-30.4846071347357,-69.2953287288709,-85.1174943684468,-49.018055514565,-53.616984723029,-70.9118373226045,-41.8952384046632
01-Feb-2025 03:00:21,43,24,0.0109347860639294,0.373817531267802,0.0169048264622688,0.579264616966248,-0.0114748628810048,-0.814328781763713,-0.0344894520938396,-68.1031713113948,-49.3932023570435,-31.429463548987,-69.4061180200377,-88.0990883377839,-49.5520671943979,-61.4054807271819,-75.8318174214153,-46.2959211500526
01-Feb-2025 03:01:06,43,25,0.0144402437532941,0.377074285348256,0.0187575458238522,0.582220629851023,-0.00837824872384469,-0.812741410732269,-0.0200092555334171,-71.473101097706,-51.3056730957208,-33.6751749248124,-70.9231939904127,-90.362740377721,-49.8510477567319,-68.271336102222,-80.7606932094751,-50.6887525868578
01-Feb-2025 03:01:49,43,26,0.0201083737115065,0.379821948210398,0.0200490885724624,0.589186231295268,0.00943262713650862,-0.80786980787913,0.0108163625001907,-70.9063656589881,-52.5423804128922,-34.4713137814248,-70.6684133003919,-91.8174214529582,-49.5825127603165,-76.4758711627058,-85.9190168421594,-53.8776583693709
01-Feb-2025 03:02:32,43,27,0.0261103792736928,0.383073578278224,0.0217197136332591,0.593448948860168,0.025571974242727,-0.803796601295471,0.0327946173648039,-70.9962976077558,-53.9662060193107,-34.6176663784307,-71.9277042801732,-93.1676170458453,-49.2552199845264,-83.6997460659114,-90.742064397156,-56.9146013247379
01-Feb-2025 03:03:16,43,28,0.0304993964731693,0.386677732070287,0.0226607864101728,0.598304490248362,0.0346162408590317,-0.798292009035746,0.0596937753260136,-71.8645632502662,-53.9085907703527,-36.5391258456333,-72.2190310948555,-95.9655698975575,-49.5735483190489,-90.9582908904779,-95.6224739133087,-59.8755628665319
01-Feb-2025 03:04:00,43,29,0.030132640277346,0.386860815684001,0.0171001418183247,0.597515984376272,0.0739455511172613,-0.796572013696035,0.0545871595541636,-64.6344575028668,-53.3833533385315,-35.5219976948293,-73.4073708786503,-98.3239259530657,-51.1077593204021,-92.8039517794538,-97.7166243268716,-57.353373484438
01-Feb-2025 03:04:44,43,30,0.0300736663242181,0.386444469292959,0.012216486223042,0.597849448521932,0.120701724787553,-0.789604377746582,0.0673209970196088,-57.0364351789031,-52.3002556928662,-34.3111462615745,-74.6912196211704,-99.9192213232802,-52.4658755993334,-97.7332801487699,-96.4876152307236,-55.5246887489509
01-Feb-2025 03:05:31,43,31,0.0274843439459801,0.38713703751564,0.0089914004628857,0.595864987373352,0.155302333831787,-0.786311010519663,0.0504096110661825,-51.2044545666572,-52.3632279402789,-34.8784331870942,-82.097822843053,-101.282986350848,-53.4359445170537,-98.8794422582561,-95.6220263797201,-51.7927563367671
01-Feb-2025 03:05:58,43,32,0.022347146893541,0.384679239988327,0.00479853792736928,0.600517888863881,0.166098030408223,-0.780864644050598,0.0451672481993834,-39.7304948102703,-29.2992351342298,-19.6847892920014,-78.9158033046171,-97.7309862070921,-51.2119897541687,-94.6840212378274,-84.6631476512889,-45.3092000862351
01-Feb-2025 03:06:49,43,33,0.0167878830184539,0.386545119682948,0.00334100821055472,0.602521999677022,0.168999437491099,-0.778887768586477,0.0417173648873965,-48.3105454818127,-52.4217598014512,-34.2606799866019,-83.9394723860217,-103.121103477675,-54.6660231509809,-98.3178086524413,-85.5326239841438,-45.7748319165289
01-Feb-2025 03:07:17,43,34,0.0129778831576308,0.385489523410797,-0.00116063366876915,0.60792719523112,0.183656043807666,-0.771344172954559,0.041510908305645,-30.6926013673199,-30.9875432053067,-20.3713379760497,-83.0909857773467,-101.057279455426,-53.1590506276417,-96.2662002845764,-75.9662778476419,-40.5650577872356
01-Feb-2025 03:07:54,43,35,0.0101955551033219,0.387758708000183,-0.00295462369297942,0.609936424096425,0.18437565167745,-0.769808328151703,0.0371260354916255,-47.3756598598096,-21.7749559774799,-14.1493796129207,-87.5564213236319,-106.066484786763,-57.6465751442268,-100.146894025472,-76.0320204764614,-42.1175806781487
01-Feb-2025 03:08:45,43,36,0.0109924079850316,0.389066135883331,-0.000839309891064962,0.615453064441681,0.182326537370682,-0.763731880982717,0.0684704308708509,-48.1020808828255,-53.9552540785021,-33.6803554603172,-84.74989491206,-108.610795275241,-57.7463504854184,-105.46582948821,-77.5697384887532,-42.3449246440398
01-Feb-2025 03:09:35,43,37,0.0121686961501837,0.391374297936757,0.00323651928144197,0.618437778949738,0.173490566015244,-0.75967865784963,0.101607659955819,-52.491252557587,-55.4409595216038,-35.4031772195697,-83.0093490392282,-108.385863102117,-57.5447500865909,-111.480340478138,-78.7029786923754,-42.4253428649826
01-Feb-2025 03:09:58,43,38,0.0162616840253274,0.390014930566152,0.00454065448914965,0.621208568414052,0.197874742746353,-0.744578945636749,0.143344347675641,-37.1867995582212,-26.8793686357442,-17.6469219347502,-76.1017934357665,-101.75130959819,-52.9174618177541,-117.917639231661,-71.0089799916628,-37.7822982134511
01-Feb-2025 03:10:51,43,39,0.0174391761422157,0.391808857520421,0.00955853269745906,0.621018779277801,0.185865645607313,-0.738934512933095,0.183753702044487,-50.2105342217916,-54.1691295854055,-34.2511281278946,-73.9607329669897,-103.461945428862,-54.1023296139125,-125.616331866982,-73.3013618387828,-41.0525221256826
01-Feb-2025 03:11:36,43,40,0.0120376009494066,0.392669415473938,0.00393172570814689,0.623846483230591,0.191373876730601,-0.741889667510986,0.154244488477707,-50.7158886582366,-55.5741738184317,-33.152766756582,-80.1364328376757,-105.874866812538,-56.3555188991789,-122.360717082517,-67.5513364735752,-41.1339795904319
01-Feb-2025 03:12:20,43,41,0.00451800506561995,0.392715519666672,0.00141218054729203,0.624437216917674,0.197855144739151,-0.744755578041077,0.1275566081206,-49.7532900104156,-56.0545560103376,-34.3070207547603,-84.3162564920329,-108.236585529863,-57.8867472006942,-119.420450768502,-61.4854062453257,-40.381254196122
01-Feb-2025 03:13:02,43,42,-0.000716803180209051,0.39197926123937,-0.00263260767484705,0.626917513211568,0.193609310189883,-0.746567420164744,0.11012267669042,-49.3317148204618,-56.8226071816833,-33.9625824376841,-84.7981420382257,-110.122702914013,-59.8069950103338,-114.612858689711,-58.7865235855554,-38.8364373722824
01-Feb-2025 03:13:45,43,43,-0.00785808584963282,0.391702153285344,-0.0019693380764996,0.625516585508982,0.183670763174693,-0.753773407141368,0.0825817997256915,-51.2056513594415,-58.259492842749,-35.5687979629806,-87.2560585303364,-111.396019631576,-61.6967525740356,-110.446603728533,-54.6961647100245,-37.495574833678
01-Feb-2025 03:14:28,43,44,-0.0112760326514641,0.392700483401616,-0.00398902396361033,0.62163903315862,0.160610305269559,-0.765171205997467,0.0477732422451178,-56.7023437628879,-58.5307957486746,-34.7003404094636,-90.026990495406,-113.862936015845,-63.4212650147686,-105.776017326161,-52.3850677266134,-38.0566894376912
01-Feb-2025 03:15:13,43,45,-0.0145930875713627,0.393193288644155,-0.00339276799932122,0.619377958774567,0.149981427192688,-0.770433918635051,0.0175542949388425,-59.7354140985677,-59.1943072770302,-36.7195463165398,-93.329430196955,-114.976652233467,-64.3131548940171,-101.378265203192,-54.7886016892621,-36.0437926130132
01-Feb-2025 03:15:58,43,46,-0.0171718408664068,0.393901743491491,-0.00540049973254403,0.613677092393239,0.134180510044098,-0.777952718734741,-0.0136227699617545,-62.6616734003642,-60.5789231166008,-35.9075839539126,-96.8226237667437,-115.488768367765,-65.6887334925233,-96.8169302199241,-53.8494511249408,-36.9438900739896
01-Feb-2025 03:16:44,43,47,-0.0191111757109563,0.395069974660873,-0.00643887215604385,0.608450031280518,0.117087552448114,-0.783951012293498,-0.0387287303805351,-65.8345271852191,-61.649091111779,-36.4550374564336,-99.1361942706523,-117.500084460402,-66.7811564506585,-92.7738038065073,-55.6639582971344,-36.9754846777932
01-Feb-2025 03:17:29,43,48,-0.0219405700763067,0.395596933364868,-0.00460680322721601,0.603887569904327,0.108040701349576,-0.787245345115662,-0.0623842264215152,-68.4556782116031,-62.7120351847608,-37.3821988915289,-101.834953241621,-117.861000532208,-67.2820015886081,-89.139781678016,-55.2552943375858,-36.4978278530104
01-Feb-2025 03:18:11,43,49,-0.0222721467415492,0.392711297671,-0.000154527529957704,0.597328853607178,0.0858167126774788,-0.791861522197723,-0.0937503690520922,-71.5286858151837,-60.0569003785224,-38.2423915314852,-102.138579481813,-113.264371701124,-63.8712960678623,-80.9540268207112,-54.9610798025722,-35.1289735067727
01-Feb-2025 03:18:52,43,50,-0.0212326653301716,0.390949326753616,0.00187397977182021,0.586085935433706,0.064528481165568,-0.797657513618469,-0.126814295848211,-73.6387677291467,-60.287459591735,-35.5975111545851,-103.738502838771,-108.592642864831,-60.50019609207,-73.9205480346379,-52.8735724846228,-34.9453063033883
01-Feb-2025 03:19:34,43,51,-0.0191464008142551,0.390084145466487,0.00836750982950131,0.580592083930969,0.039738059292237,-0.801209342479706,-0.139274506767591,-77.7423867983007,-59.4108658146732,-35.7000942692568,-104.036574754111,-102.533364025935,-56.6988988887546,-70.2382072841801,-52.7394187752057,-34.0042326714306
01-Feb-2025 03:20:14,43,52,-0.0185589921971162,0.388986223936081,0.0115212945267558,0.571650123596191,0.0192306221773227,-0.803260020414988,-0.166191699107488,-80.2177744450504,-59.0306955424742,-34.1764091297143,-105.483720948642,-97.5053101857363,-52.5325030716776,-64.4814355515303,-51.7069418700546,-33.5094558251863
01-Feb-2025 03:20:51,43,53,-0.0189477236320575,0.387368716796239,0.0164701583484809,0.568464724222819,0.0101848843197028,-0.801269237200419,-0.186310971776644,-80.5290463805978,-59.1237370227066,-34.9145898630648,-106.455404282768,-90.967868844887,-49.2335579477198,-58.5874483277843,-50.3753033670366,-31.7378273717986
01-Feb-2025 03:21:28,43,54,-0.0204066505034765,0.38590690890948,0.0226187499860923,0.566107392311096,-0.00208003772422671,-0.797584501902262,-0.208271678288778,-81.8582604605441,-61.6283843791547,-36.2587035328618,-107.489356186693,-85.0257337537123,-46.0683381703216,-52.9248533584903,-49.5690840650851,-30.6027731148393
01-Feb-2025 03:22:05,43,55,-0.0237420589973529,0.384390425682068,0.0290481196095546,0.566782641410828,-0.0126804914325476,-0.792271208763123,-0.225617005427678,-82.4214456126899,-64.1388346737107,-37.7557836708819,-107.804442375516,-78.1812517873748,-43.0449810662032,-47.2279545164223,-47.6755743636668,-29.5610059560942
01-Feb-2025 03:22:40,43,56,-0.0254538302620252,0.383248732487361,0.036467990030845,0.567923661073049,-0.0277547673632701,-0.787271424134572,-0.238529018561045,-84.1766163009354,-68.8271864373206,-39.2543470430138,-107.610095706789,-69.0105963834559,-40.0175552987247,-42.7139037379673,-45.4634194625151,-27.7408823464561
01-Feb-2025 03:23:19,43,57,-0.0262218274176121,0.383868086338043,0.0444775824745496,0.571842114130656,-0.0384701117873192,-0.782921342055003,-0.241972862680753,-86.6027797572307,-72.5794889354574,-42.7036520322013,-107.836032609287,-61.3768542607464,-39.1630951995661,-41.4912769913187,-45.7169419614968,-27.0315805113716
01-Feb-2025 03:23:51,43,58,-0.0222495224326849,0.381465858221054,0.0497908626993497,0.577189966042836,-0.0275960558404525,-0.781427685419718,-0.235501519838969,-83.0644395975511,-71.5887668008578,-40.0783278299169,-105.197111297397,-52.1865687786416,-31.7451179345675,-40.9393622605734,-42.7783031605452,-27.2526895635639
01-Feb-2025 03:24:27,43,59,-0.0229877606034279,0.380528901020686,0.0478675313293934,0.57684264977773,-0.0379676977793376,-0.782432758808136,-0.231538481513659,-84.4681965735196,-70.9982817090788,-38.5822570805796,-103.205067655027,-56.1092137877507,-26.0466765411937,-39.5577339334506,-41.5833716069472,-27.2145913771435
01-Feb-2025 03:25:11,43,60,-0.0265462140242259,0.380934739112854,0.0544693743189176,0.581545535723368,-0.0712222541371981,-0.781461040178935,-0.214594523111979,-89.2183276454944,-80.0970404591155,-41.9800290333744,-99.3343094590605,-55.3677229570109,-32.4698558563598,-39.3562836103037,-41.2403997283658,-27.2590959125423
01-Feb-2025 03:25:52,43,61,-0.0264442225297292,0.380577083428701,0.0572581887245178,0.583083470662435,-0.0932093779246012,-0.782082215944926,-0.199181133508682,-93.3166457654723,-82.8654211300602,-40.6247223372351,-95.0491939862954,-53.1191642063468,-33.0288455257958,-38.6949222891448,-41.4734076872928,-27.4199018088508
01-Feb-2025 03:26:35,43,62,-0.0260032560676336,0.381547127167384,0.0591345255573591,0.58066676457723,-0.136150078972181,-0.781096319357554,-0.184872463345528,-101.064057409452,-79.9186127614589,-40.1928763166288,-90.481899875131,-52.8170714957205,-32.6807403723669,-38.2536054689797,-41.6944055649739,-27.488858385614
01-Feb-2025 03:27:08,43,63,-0.0257151804864407,0.37975376645724,0.0643450324734052,0.582632311185201,-0.149620422720909,-0.780369253953298,-0.170813290278117,-101.336015815432,-78.9142098730846,-40.147760633789,-85.548516444767,-30.9882118051132,-19.3540878075056,-36.7973108993117,-40.8593984020321,-26.7618903026046
01-Feb-2025 03:27:54,43,64,-0.0279745972404877,0.378617086013158,0.0674725671609243,0.582474382718404,-0.173151015241941,-0.778902912139893,-0.155088990926743,-103.495247602413,-80.1560097248238,-44.4960101198325,-80.6570883548032,-49.8459686245156,-11.388161536928,-35.2085274548921,-40.0963887187789,-26.311959889709
01-Feb-2025 03:28:25,43,65,-0.033776584515969,0.377439711491267,0.0725987846652667,0.57863521973292,-0.206153430541356,-0.776794115702311,-0.138827199737231,-106.373116079893,-81.0209109466197,-43.0909421903175,-72.1866379350395,-22.7470336989222,-5.2775984134923,-32.1284995730968,-28.6443777753701,-18.1255483118702
01-Feb-2025 03:29:24,43,66,-0.0303562119603157,0.379164803028107,0.0716836606462797,0.573932603995005,-0.230010115106901,-0.778729049364726,-0.106197216610114,-112.619008958717,-86.0289884349859,-45.9554703488371,-69.7907441294628,-50.6920159116215,-30.998790374065,-37.1750412290683,-39.5615778394473,-26.0706939753846
01-Feb-2025 03:30:03,43,67,-0.0307618870089451,0.37562512755394,0.0725906426707904,0.574952268600464,-0.218338327606519,-0.782862599690755,-0.0942575936516126,-104.044561010165,-83.9303412658662,-43.7441691534671,-64.5875947414361,-49.7478251880717,-20.9588231214234,-35.7362717756959,-37.7565275884858,-24.9192193476632
01-Feb-2025 03:30:33,43,68,-0.0321538920203845,0.370214535792669,0.078546242415905,0.573798604806264,-0.215793025493622,-0.786870467662811,-0.0708761175473531,-98.1849426479259,-82.2533317680037,-42.1449532811522,-54.0808175621845,-37.1340479963973,-17.1132762621745,-31.9548467676516,-32.5903521800048,-13.8194345743241
01-Feb-2025 03:31:03,43,69,-0.0338818368812402,0.365513235330582,0.0821539243062337,0.569933422406514,-0.218886205554008,-0.79045801560084,-0.0494053932527701,-93.5327390788431,-81.3871411057697,-41.301780070365,-45.7972264873203,-33.6854775706607,-16.5149395996219,-29.4020939822713,-29.0436141927641,-7.42049472817597
01-Feb-2025 03:31:38,43,70,-0.0319386638700962,0.362092504898707,0.0847274959087372,0.567676961421967,-0.218881634871165,-0.793114646275838,-0.0283354129642248,-89.7092429063384,-81.1513598613499,-40.8366281903416,-38.7002284646499,-34.7445105278931,-17.5402080354175,-28.213677308223,-28.9315949161434,-19.7969773456232
01-Feb-2025 03:32:17,43,71,-0.03437403490146,0.359734992186228,0.0827055742343267,0.562552158037821,-0.212717747688293,-0.798760378360748,-0.0163743034005165,-85.8501004321227,-81.0057833258373,-40.7854869757001,-35.1965269680764,-38.05734517661,-19.3772790203872,-27.5574286898407,-25.8869349948329,-18.3861711948683
01-Feb-2025 03:32:57,43,72,-0.034907848884662,0.356304101149241,0.0808168242375056,0.553402475516001,-0.207050544023514,-0.806706702709198,0.0100046110649904,-82.4981348070516,-80.9803091447783,-40.4913510937495,-27.8644737345514,-42.2720806710691,-21.695251279944,-27.6172640992914,-25.8009547511776,-19.2317206600123
01-Feb-2025 03:33:34,43,73,-0.0354985199868679,0.358898133039474,0.0795491089423497,0.555253922939301,-0.21587198873361,-0.803175115585327,-0.00147906611673534,-87.5349172263832,-83.0733912164903,-41.7842091989032,-31.2558454334841,-44.019175414549,-22.6486173728558,-28.6779595457519,-26.1695563826481,-20.2473077342416
01-Feb-2025 03:34:13,43,74,-0.0373156823217869,0.363082158565521,0.0805422147115072,0.551486456394196,-0.230173708995183,-0.801798955599467,0.00111639911774546,-95.4734938580009,-90.6714988768157,-47.9663186372297,-33.502629198179,-47.4167453694645,-27.8097087844143,-31.2301759991707,-28.7778279335324,-21.4894837124457
01-Feb-2025 03:34:52,43,75,-0.0378619968891144,0.369035212198893,0.0803714508811633,0.5506862560908,-0.243954117099444,-0.798229821523031,-0.00775785902515054,-103.437967595762,-93.5221193314478,-52.1680537421425,-39.3021189957548,-50.1395529300977,-31.3246628552962,-35.4281529560686,-33.1809344441237,-22.9949541426371
01-Feb-2025 03:35:28,43,76,-0.0387601810197035,0.372938491900762,0.0814315994580587,0.551387544473012,-0.246333300073942,-0.796986003716787,-0.0102468825255831,-107.365389886594,-95.7989961832332,-55.7546016803485,-43.4279618097712,-52.6749792935898,-32.6665482558398,-38.6490101647061,-36.1564584345684,-24.3320717988223
01-Feb-2025 03:36:04,43,77,-0.0404756776988506,0.376835888624191,0.0819996491074562,0.548372117678324,-0.254005726178487,-0.796656537055969,-0.0103683885186911,-112.574286453962,-98.6140012335953,-59.183556035201,-46.4169811320079,-56.0917150585114,-35.0968993212143,-41.6063074992134,-38.1181911649397,-25.2850130680042
01-Feb-2025 03:36:40,43,78,-0.0408124854167302,0.380313642819723,0.0834389805793762,0.546533012390137,-0.256804949045181,-0.797089258829753,-0.00126892577391118,-116.773920159598,-101.323070383246,-62.3087135983769,-48.6125887083548,-59.8741055241476,-36.1214832190042,-45.4068248966555,-40.5480282652745,-26.6458661436846
01-Feb-2025 03:37:17,43,79,-0.0403426217536132,0.384918198982875,0.0816747312744459,0.542881727218628,-0.261315600077311,-0.798102382818858,0.00512071593354146,-122.268922434368,-104.05417158254,-63.1819727657144,-51.9864904117566,-62.6393233401413,-38.4681835330017,-50.9789523255651,-43.2119175505909,-27.6856751226142
01-Feb-2025 03:37:55,43,80,-0.0399034105241299,0.389334833621979,0.0826708108186722,0.539124592145284,-0.266582413514455,-0.79879504442215,0.0143168050174912,-127.811608993705,-107.096288806657,-63.9792827351328,-54.6745391786861,-64.8959548313136,-39.6009420551032,-56.5368847702084,-45.6928329283981,-29.2399620531684
01-Feb-2025 03:38:32,43,81,-0.0378285830219587,0.393740012248357,0.0829154660304387,0.54217099348704,-0.267888150612513,-0.796319647630056,0.0127128214885791,-132.853137695325,-108.943914043185,-65.4886181055916,-59.2696614773792,-67.8732931600752,-36.9017296812566,-61.9377197227186,-48.9072613524508,-31.4264879595349
01-Feb-2025 03:39:09,43,82,-0.0390068093935649,0.39715859691302,0.0820187593499819,0.532846017678579,-0.274790839354197,-0.799786531925201,0.0301107905805111,-138.019087468087,-112.069293285918,-67.6539661765706,-59.8683205419543,-70.3859849076316,-41.8115318594359,-67.0350059291622,-50.6884462996262,-31.6791333538075
01-Feb-2025 03:39:49,43,83,-0.0348897779981295,0.395880770683289,0.0828582694133123,0.528155430157979,-0.273885788520177,-0.80210120677948,0.0516916289925575,-136.224505957866,-111.377517873616,-63.7437494503479,-56.5997322687491,-66.087478496361,-41.6733485611233,-69.0397839074409,-50.650119363087,-31.2628381010026
01-Feb-2025 03:40:28,43,84,-0.030743999282519,0.393734902143478,0.0835126608610153,0.527222510178884,-0.265859127044678,-0.804246703783671,0.0673989623785019,-133.411029715429,-107.030180962865,-61.5725358992552,-52.9320281870144,-60.2853104397891,-40.0249189008172,-71.5311746992031,-50.7034815573284,-29.9880727201742
01-Feb-2025 03:41:06,43,85,-0.0274524400631587,0.390999929110209,0.0811134606599808,0.525517988204956,-0.26057035724322,-0.805220401287079,0.0869141653180122,-130.313106106886,-102.58006330289,-57.8708239357276,-48.8397662010149,-58.7563115605665,-37.6963660595143,-72.9908718977069,-48.62768831696,-28.9590722753341
01-Feb-2025 03:41:46,43,86,-0.0219852776577075,0.38869550426801,0.0772589847445488,0.528161211808522,-0.243343899647395,-0.806181542078654,0.109090848267078,-126.772958815289,-97.1785552683033,-54.5288627659825,-45.285225262883,-57.9388972700185,-35.9277516277131,-76.4847222995815,-47.5873173592868,-28.6529542984881
01-Feb-2025 03:42:24,43,87,-0.0180105539659659,0.386740805705388,0.0736835067470868,0.528873638312022,-0.234465057651202,-0.805397216478984,0.129050969084104,-123.686699682165,-91.5263520464102,-50.0917769931287,-41.4745448486849,-57.3272752738079,-34.8141064006627,-78.8206493031415,-47.1396575429613,-28.4082775556392
01-Feb-2025 03:43:01,43,88,-0.0145900641257564,0.383807615439097,0.0716837813456853,0.529806931813558,-0.22489877641201,-0.804775222142537,0.145127699772517,-120.377384628277,-85.523801230864,-46.8321289187205,-37.5357946964537,-54.1185494247659,-32.9779457759876,-79.9776146075443,-45.2633532973097,-27.1443214297888
01-Feb-2025 03:43:38,43,89,-0.0101516143108408,0.381189729770025,0.0689412295818329,0.533593277136485,-0.217452304561933,-0.802151731650035,0.156669576962789,-117.481541614008,-76.5710766184913,-43.3361996935351,-35.108009675206,-52.1612716493083,-31.0055274525003,-80.3950990623684,-44.397726836995,-26.4957256124377
01-Feb-2025 03:44:14,43,90,-0.00720525200789173,0.379163122177124,0.0655989383657773,0.535202411810557,-0.21619071662426,-0.800090944766998,0.163323335846265,-114.942434619548,-70.3432651077053,-39.6471298929611,-32.16070721945,-51.0547179106429,-30.3149802796069,-80.2178430924032,-44.1124392693488,-25.8548099493362
01-Feb-2025 03:44:50,43,91,-0.00291234116690854,0.376785886287689,0.0619547766943773,0.541202867031097,-0.204558812578519,-0.797224966684977,0.172300838430723,-111.531695634993,-62.8529101477127,-36.2364898046928,-29.7786460464398,-49.7735261903735,-28.0153686820103,-80.7932169100434,-42.9173211480368,-25.5927343633596
01-Feb-2025 03:45:29,43,92,0.000364582190134873,0.376005401213964,0.0598725820581118,0.543860093752543,-0.200976544618607,-0.794293757279714,0.181444439291954,-109.635140655389,-61.5562834631168,-32.7400645725774,-27.6792055148026,-48.1050154793024,-28.7362248720623,-81.7449056214862,-42.0922877498919,-26.3450788159453
01-Feb-2025 03:46:05,43,93,0.00740934312343597,0.37375356554985,0.0549845360219479,0.552498614788055,-0.185841687520345,-0.789618106683095,0.191602236032486,-102.570677678262,-49.4065209162193,-26.2757467685384,-25.7210753038518,-47.6678452728304,-26.0923149559384,-82.5847517798303,-42.6522967133306,-27.3796332878122
01-Feb-2025 03:46:26,43,94,0.00795769573499759,0.369801646471024,0.057208310564359,0.55284739335378,-0.178365581234296,-0.787617083390554,0.20543806552887,-96.8972607023735,-40.0801904381709,-21.6274826785376,-14.6836002532444,-24.5213453186576,-14.2660219867268,-79.6186766616252,-39.9298268575611,-23.9052927693198
01-Feb-2025 03:47:14,43,95,0.0049314413840572,0.371238267421722,0.0579805925488472,0.554966104030609,-0.188420130809148,-0.790928900241852,0.175903326272964,-102.951818636384,-56.4827104909477,-26.0702732612719,-24.63506421921,-45.0130041540347,-25.2694098901867,-77.6596717398244,-43.162988696219,-26.6244008751791
01-Feb-2025 03:47:37,43,96,0.000337188875225062,0.368419835964839,0.0641857028007507,0.552335095405579,-0.207802492380142,-0.790789504845937,0.162468606233597,-101.554138070703,-55.2160885609369,-27.0670772725157,-12.1416919752616,-22.9273305524863,-13.5772020303747,-69.0491864988864,-41.9005308300748,-24.1662852334485
01-Feb-2025 03:48:26,43,97,-0.00151511485843609,0.371129983663559,0.0645264565944672,0.557365063826243,-0.217957813541094,-0.790690771738688,0.129022069772085,-106.480338255177,-60.8648956395323,-34.1408879980143,-27.9509016263559,-44.0529907324759,-25.3371962889266,-68.5879610983796,-45.8902631115296,-27.294557717923
01-Feb-2025 03:48:52,43,98,-0.0061087271819512,0.368496592839559,0.0721974124511083,0.555463413397471,-0.23949388563633,-0.787636363506317,0.117183769245942,-105.793478814729,-63.6714172224307,-33.8282020806404,-11.2614022249719,-20.6343178032336,-12.3732916066607,-59.4513656180886,-45.1560904667839,-25.3410242655
01-Feb-2025 03:49:43,43,99,-0.00832052131493886,0.370594282944997,0.0733157475789388,0.561248282591502,-0.245869573950768,-0.785738754272461,0.084635528922081,-108.750089561819,-72.1817960574806,-39.0472678418301,-29.5475482973486,-43.7184783193763,-27.0224374539855,-56.0270850979053,-51.8849653589379,-28.3465878446283
01-Feb-2025 03:50:07,43,100,-0.0116474418590466,0.368660906950633,0.0817543899019559,0.562880599498749,-0.265679136912028,-0.779769015312195,0.0673819820086161,-108.278435402679,-75.2941035186063,-39.0822094423016,-9.59651710660557,-18.5790555582105,-12.5781085661062,-48.108962057776,-50.1203640195418,-26.5566999395322
01-Feb-2025 03:51:36,25,1,0.00369120390775303,0.311217258373896,0.0407086983323097,0.591290410359701,0.0171584441016118,-0.806275939941406,-0.000621748467286428,-6.45000000000001,-12.375,-4.80000000000001,-5.32500000000001,-9.825,-5.10000000000001,-7.20000000000001,-7.12500000000001,-5.70000000000001
01-Feb-2025 03:52:10,25,2,0.00178119853759805,0.311992752552032,0.0440604331592719,0.591739090283712,-0.0125219198564688,-0.805975568294525,0.00956308580935001,-11.1602419238891,-15.5743272592143,-6.74634533216895,-2.37492658049148,-10.5869428077058,-5.26515901534711,-7.08998462905044,-7.14176749713754,-5.56756049828255
01-Feb-2025 03:52:45,25,3,0.000886300997808576,0.312108566363653,0.0467171428104242,0.587997388839722,-0.0423468743761381,-0.80738130013148,0.0245208486914635,-17.4079838477781,-16.3174045184287,-5.39269066433788,1.60639683901707,-9.5301356154116,-4.15531803069419,-6.75496925810086,-5.63978499427504,-4.38512099656506
01-Feb-2025 03:53:21,25,4,-0.000232754251919687,0.312366612752279,0.0478025073806445,0.585391998291016,-0.073448583483696,-0.805934727191925,0.0488952793180943,-23.5244757716671,-15.3073567776431,-3.96403599650681,6.32834525852561,-9.51395342311739,-2.93297704604127,-7.95745388715126,-3.45342749141254,-2.37768149484758
01-Feb-2025 03:53:55,25,5,-0.00170365205655495,0.313634451230367,0.0426932858924071,0.587254432837168,-0.0563840642571449,-0.806407423814138,0.0407452118893464,-21.8074756669076,-15.0942580591602,-3.46561477709697,3.44066727065916,-13.797913528399,-6.41277273851365,-9.17390126074438,-1.68291015245545,-3.0927384652006
01-Feb-2025 03:54:29,25,6,-0.00271003874950111,0.315950042009354,0.0369206999739011,0.591076763470968,-0.0332302207748095,-0.805833832422892,0.0124853218595187,-18.4076630621482,-15.1928780906774,-2.61094355768713,-4.62435446720726,-17.4795298836806,-9.67694343098603,-9.49972363433751,-3.56629906349834,-3.03904543555362
01-Feb-2025 03:55:04,25,7,-0.0041828622110188,0.317777576049169,0.0318054047723611,0.592150942484538,-0.0019353915238753,-0.805754594008128,-0.0106337533021967,-15.2164442073888,-17.1723574971945,-2.92814733827728,-10.7780480800737,-20.8599743639623,-13.5083016234584,-10.7302335079306,-5.10164109954124,-3.42597740590665
01-Feb-2025 03:55:38,25,8,-0.00579417791838447,0.31866308649381,0.0243393530448278,0.592583481470744,0.0150821294014653,-0.805070865154266,-0.0218696011851231,-12.8045222276294,-16.1172665912117,-3.30628861886743,-14.4760776304401,-26.414832906744,-17.1732535659308,-10.8380871315238,-6.08795969808413,-3.88322187625967
01-Feb-2025 03:56:16,25,9,-0.00686633633449674,0.32136621872584,0.0194998767226934,0.593886570135752,0.0452206211785475,-0.802347906430562,-0.0386226584513982,-10.55724868537,-18.0448905289789,-5.51489864945755,-22.3462751495565,-33.3568984807756,-21.1300023834032,-13.3846126301169,-8.37476657787702,-5.57562259661268
01-Feb-2025 03:56:54,25,10,-0.0102486241608858,0.322681907812754,0.0146862441673875,0.595072547594706,0.0623076724509398,-0.800023420651754,-0.0443728749950727,-8.54229936186064,-20.3388718886212,-6.91374305504767,-25.027556653048,-40.9175675704322,-24.7826496383755,-14.3754740662101,-8.16181759829493,-6.1606014419657
01-Feb-2025 03:57:29,25,11,-0.0119258426129818,0.325661675135295,0.0123683237781127,0.593611510594686,0.0739728018641472,-0.798683075110118,-0.0652592649062475,-9.64293933576648,-21.6201939824631,-8.84232635041519,-31.9916837616412,-43.3920976680222,-27.4555664278047,-15.6722660682148,-9.63218633243556,-8.25350786217017
01-Feb-2025 03:58:03,25,12,-0.0106116338943442,0.330103339751561,0.00987575476368268,0.588968376318614,0.094288757443428,-0.795947587490082,-0.103408659497897,-10.5391603643598,-23.1806054317737,-2.01846823953281,-43.0210818663281,-46.5462786445185,-28.8149578266089,-16.3926420545945,-12.8776161017324,-10.7070588136246
01-Feb-2025 03:58:41,25,13,-0.0113671369850636,0.333504261573156,0.00924008705963691,0.587026913960775,0.106033332149188,-0.793064188957214,-0.123310867945353,-11.7831719202969,-26.3055615588187,-11.8933894255253,-50.0831154690619,-49.5902850604679,-30.5675865301005,-17.4248100331617,-15.5105763886074,-12.2159320307041
01-Feb-2025 03:59:17,25,14,-0.0131678558265169,0.337253270546595,0.00794486583520969,0.586716250578562,0.117512266337872,-0.789483249187469,-0.136642466982206,-12.9760787399058,-29.912790024731,-14.2177002599553,-56.2864668208191,-52.8042041961438,-31.991833885936,-19.6628740078227,-17.9123019342715,-13.1774663805961
01-Feb-2025 03:59:44,25,15,-0.0109645551691453,0.34091193874677,0.00156074958698203,0.580038293202718,0.128706719477971,-0.788240734736125,-0.160208404064178,-14.2934331913507,-10.3611546600764,-4.59170591860421,-63.410477047088,-56.328079691683,-33.7768905679433,-20.7038859805306,-21.3234101093301,-14.8403312968944
01-Feb-2025 04:00:25,25,16,-0.0125187726070484,0.344962380329768,0.00197205812049409,0.577291039625804,0.137831660111745,-0.784579535325368,-0.179366824030876,-15.2980114587136,-31.805087380139,-16.1405589893623,-71.6698167106128,-59.8569333671539,-35.0673519130365,-22.4963719522618,-24.639209599086,-16.4788614963957
01-Feb-2025 04:00:57,25,17,-0.0135825875525673,0.350546381870906,0.000909247726667672,0.571488098303477,0.142553434769313,-0.78184548219045,-0.204444619019826,-19.8212016340354,-11.8718041425597,-18.9268357661751,-80.6468210927655,-62.7882761325905,-37.0105155896727,-24.2895949235048,-27.9823547461904,-18.5552243374986
01-Feb-2025 04:01:20,25,18,-0.00999736003577709,0.353491864601771,-0.000505992906012883,0.562139228979747,0.163985806703567,-0.777351800600688,-0.229852845271428,-15.6786977633368,-2.37491292615965,-7.88182439601545,-89.0076578342322,-61.8208634430101,-34.1800304320804,-25.1081863945037,-31.4141727219692,-16.7255034994024
01-Feb-2025 04:02:06,25,19,-0.0120763078331947,0.359583882490794,0.00133812091468523,0.560245144367218,0.165215300520261,-0.77377925713857,-0.245142765839895,-24.5283468696278,-38.0712177203496,-21.1211689523692,-98.2604107553559,-65.0540730259212,-37.4377208573739,-29.1144621153805,-34.4403271120852,-20.6677408217065
01-Feb-2025 04:02:31,25,20,-0.00907331990698973,0.363275563716888,-0.00129169401091834,0.547267134984334,0.183015736937523,-0.767989687124888,-0.277841297785441,-19.3990724644138,-16.5641205198339,-9.30269147198004,-106.534121766308,-65.587593745078,-35.6394990741102,-29.2395799611962,-39.5136497093697,-19.9209572242108
01-Feb-2025 04:03:15,25,21,-0.0119038183862964,0.369631932179133,-0.00205064038746059,0.543371574083964,0.185870418945948,-0.762515485286713,-0.297942399978638,-29.7053363034471,-41.6803223219661,-22.8303029732191,-116.418311822174,-68.3712700323576,-39.6383211865679,-32.3741188694815,-41.8605564102386,-20.8046631668152
01-Feb-2025 04:03:39,25,22,-0.0165569187452396,0.37182603875796,-0.00862447023391724,0.544168702761332,0.193284830451012,-0.757706197102865,-0.303978129227956,-24.7669039537947,-20.5710653247497,-12.0336939848695,-120.359741167123,-74.7511542701876,-40.7800195000637,-33.4101862809532,-38.1927281118285,-19.7491395238669
01-Feb-2025 04:04:28,25,23,-0.0185211706906557,0.377463754018148,-0.00858157264689604,0.549360839525859,0.186568899949392,-0.759831706682841,-0.293343657255173,-36.8498561652041,-46.1801330781958,-25.6486072419268,-124.0662902733,-83.7185774000482,-47.8334787874898,-40.2986089580422,-40.2557958393145,-26.6387382659436
01-Feb-2025 04:05:14,25,24,-0.0221051206191381,0.38303827047348,-0.013075930873553,0.551970346768697,0.184546257058779,-0.760455874602,-0.288059538602829,-41.4685006571444,-49.7733632069728,-28.0692816216878,-127.880399260092,-92.7047699759243,-53.942818561881,-45.1632092679399,-41.2093115797485,-28.3508982005329
01-Feb-2025 04:05:43,25,25,-0.0231955510874589,0.385191891590754,-0.0190781341244777,0.548804517587026,0.193573478857676,-0.757585986455282,-0.295645741621653,-33.4299912893503,-27.5836745234144,-16.0428365628007,-130.39828818719,-99.750347274808,-55.3800985797549,-45.5658983942421,-42.1330513266565,-29.1243387313784
01-Feb-2025 04:06:09,25,26,-0.0282087218016386,0.385350263118744,-0.0228098209947348,0.548927219708761,0.188662564754486,-0.75442062218984,-0.306487971544266,-30.9244829172584,-21.7794960007134,-12.3479824934389,-130.829052939361,-102.014965351272,-54.7301888527456,-41.6241412124334,-35.4201707953589,-22.409219344968
01-Feb-2025 04:07:00,25,27,-0.0246616305162509,0.388995865980784,-0.0198259739826123,0.55138688882192,0.185647590955098,-0.760859747727712,-0.287402168909709,-44.8296860802327,-54.604587774929,-30.653848564415,-133.373262676609,-105.031929608488,-59.774764186607,-49.8419062347257,-45.1248462656796,-31.0969201076216
01-Feb-2025 04:07:43,25,28,-0.0264608475069205,0.391938010851542,-0.0212579087664684,0.552736882368724,0.179891521732012,-0.762523190180461,-0.284041146437327,-48.9402450107401,-57.1693146976028,-32.5100747055601,-135.324194906395,-108.65006695608,-65.3415820509037,-52.5144323590686,-47.6632997368095,-31.5860309448073
01-Feb-2025 04:08:15,25,29,-0.0236698156843583,0.393599132696788,-0.024248955026269,0.551492810249329,0.198308390378952,-0.758708421389262,-0.284413508574168,-42.5284818250143,-45.8788591945056,-25.4664808817897,-138.02848838245,-110.91879084886,-61.7945211804181,-55.3393390344368,-48.0436422083442,-33.225846819259
01-Feb-2025 04:08:47,25,30,-0.0219509261349837,0.39588211774826,-0.0226008328298728,0.553636904557546,0.20714935362339,-0.756587437788645,-0.27955459356308,-40.5305575811718,-43.485812478523,-24.0979770755616,-139.98446248164,-113.337808014234,-60.7405209425413,-59.2154359853176,-48.6949291800812,-35.5160152123436
01-Feb-2025 04:09:20,25,31,-0.0221459668129683,0.398384590943654,-0.0237592152009408,0.553656009833018,0.207560815413793,-0.756901295979818,-0.278359264135361,-40.8145528082709,-45.4664701560977,-24.3670182781046,-141.866276892397,-118.156971815905,-61.2330510209689,-62.2671280739548,-48.8816884019196,-37.9063598647448
01-Feb-2025 04:10:03,25,32,-0.0242696775744359,0.401428693532944,-0.0249859929084778,0.556777858734131,0.19599198102951,-0.760811873277028,-0.269723709424337,-54.0895077708407,-60.8089800304509,-26.2048319850331,-143.111011458938,-120.651208935724,-66.7738462575487,-65.5066177314701,-51.2361837488086,-37.6467926468044
01-Feb-2025 04:10:45,25,33,-0.0259531260778507,0.403717569510142,-0.0240409633765618,0.567529686292013,0.202690111597379,-0.755955302715302,-0.255652926365534,-56.009942601146,-63.4824160031936,-36.8520319441544,-144.187206103371,-123.557982714618,-71.0887740732046,-70.4150061734244,-52.949547158223,-37.9372694936931
01-Feb-2025 04:11:26,25,34,-0.0270012348890305,0.406447507937749,-0.02390033553044,0.575658961137136,0.205777508020401,-0.754586545626322,-0.238477626442909,-58.703117365319,-66.196315025131,-39.0039250293721,-145.404130786749,-126.221024823049,-75.2407681783985,-75.0328440075983,-53.8923445989001,-38.3527683729964
01-Feb-2025 04:11:51,25,35,-0.024295461922884,0.402625769376755,-0.0251930392036835,0.586896578470866,0.21575562953949,-0.751144134998322,-0.211622834205627,-48.5845007081756,-57.8872361209961,-32.5547530603157,-135.454846660915,-121.725910798653,-67.6613433875767,-74.4268837379076,-33.2879500165028,-23.193016857167
01-Feb-2025 04:12:42,25,36,-0.022664138302207,0.4010770936807,-0.0199675603459279,0.593543259302775,0.200965052843094,-0.757385547955831,-0.183539135257403,-54.1840690344989,-62.1882729791597,-37.4067543727833,-133.415745044817,-125.419863856642,-68.2536851691393,-77.1982858162718,-52.4659139419217,-37.689520849441
01-Feb-2025 04:13:08,25,37,-0.0207701973617077,0.39776544769605,-0.0199368314196666,0.600095601876577,0.21503758529822,-0.752336871623993,-0.166232833266258,-42.8927298525559,-51.4943677184728,-29.309342326013,-124.006734683588,-117.908350455823,-62.5069102368941,-76.5583690686634,-37.0100571212482,-25.0141525957671
01-Feb-2025 04:13:58,25,38,-0.0187128437062105,0.394853285948435,-0.0130416246131063,0.603934772809346,0.197891254226367,-0.75962256193161,-0.138113807638486,-49.6309369164795,-61.2779913983604,-35.4372235996236,-121.787769949793,-120.3941038256,-62.8905769477451,-79.9877929080688,-49.5372899275286,-37.0778482191189
01-Feb-2025 04:14:22,25,39,-0.0165318951010704,0.391057497262955,-0.0131760821988185,0.60861630042394,0.209636850158374,-0.755884532133738,-0.119486991564433,-37.0339171033365,-46.7253795485355,-26.1777515334249,-113.038828029714,-112.053490580675,-58.0894644801442,-79.451887040981,-40.0560675472862,-26.9360757809839
01-Feb-2025 04:15:09,25,40,-0.0140248630816738,0.389342993497849,-0.00679218446214994,0.611482505003611,0.193910811344783,-0.761964023113251,-0.0888740971684456,-46.4942838516601,-56.7546499338541,-33.3746027973213,-111.149897516495,-112.474694028399,-60.4459624233173,-82.3333163206466,-48.2206175737822,-33.3665693121052
01-Feb-2025 04:15:32,25,41,-0.0119579748560985,0.385271596908569,-0.00685941381379962,0.61595805088679,0.207944801449776,-0.756957530975342,-0.0661056349674861,-32.1083438807172,-39.6248614367447,-22.6246157262655,-102.190972706704,-104.826805822448,-55.0562655718774,-81.298413173689,-43.6080538036476,-27.2331958278549
01-Feb-2025 04:16:19,25,42,-0.00684140361845493,0.384120736519496,-0.0010888572394227,0.613373057047526,0.198528503378232,-0.763281182448069,-0.0419735369582971,-41.4242505501408,-54.4405434984211,-29.8262094877333,-100.347050748628,-105.669371789659,-55.693471323131,-84.3803438134197,-48.1319331351976,-32.9678888359186
01-Feb-2025 04:16:44,25,43,0.0029371605720371,0.380851058165232,0.00136578145126502,0.613470355669657,0.205579915642738,-0.762456695238749,-0.00712768888721863,-25.6910805397479,-34.0789608394906,-18.8535936654632,-91.4856302164097,-97.7821648434506,-51.0191283757313,-86.5206913464946,-52.1990340175898,-29.2616150901394
01-Feb-2025 04:17:35,25,44,0.00392524649699529,0.380851890643438,0.00724794029568632,0.611293733119965,0.187966723243396,-0.768549859523773,0.0178781433651845,-40.4833721894465,-53.6537458202568,-28.9438730513239,-88.6404603971198,-99.5550714405331,-51.7140110790051,-89.3902473262415,-57.3877456754033,-34.1098579674387
01-Feb-2025 04:18:22,25,45,0.0092993192995588,0.381197951237361,0.00783236942564448,0.610222852230072,0.179699485500654,-0.770829669634501,0.034026941905419,-41.7383946691913,-50.4467146208712,-29.0156000412501,-85.9534159342942,-98.8080348092609,-51.0435066076155,-91.7244075293246,-60.2122627209273,-37.6103591562773
01-Feb-2025 04:18:45,25,46,0.0143937344352404,0.376230563720067,0.00985813830047846,0.612454652786255,0.184366017580032,-0.766238339742025,0.0615407044688861,-20.4747825639587,-25.1987753314092,-14.8530508332092,-76.1454341497008,-89.3010265638114,-46.0903085488943,-88.5408698440756,-60.5796824603066,-34.8119895008855
01-Feb-2025 04:19:39,25,47,0.0178579294433196,0.37660471200943,0.0154480495179693,0.610225768884023,0.170086762309074,-0.769084660212199,0.0848753233750661,-39.1018531662378,-48.55538199691,-27.7733635261845,-74.1019837042235,-89.7390325112732,-46.4957636965072,-93.6984832146607,-64.0685535466136,-38.5391844233786
01-Feb-2025 04:20:04,25,48,0.020931276679039,0.374312996864319,0.0182066557308038,0.603966244061788,0.200242008765539,-0.766742253303528,0.085054158171018,-19.9508641905777,-24.7669321466398,-14.6152264520031,-73.3394487800416,-77.0217731038532,-40.0329432505791,-92.024658451135,-59.2823394543357,-33.5650402377503
01-Feb-2025 04:20:54,25,49,0.0197181943804026,0.375566961367925,0.0239779205371936,0.595619964599609,0.204691503445307,-0.771988602479299,0.0858597343166669,-33.9100458917954,-49.4296187851109,-26.1903048530756,-76.8805466906386,-72.828267244661,-39.1847861062344,-97.2361214515678,-63.0764881987897,-34.3472871965932
01-Feb-2025 04:21:18,25,50,0.0224091780682405,0.373372995853424,0.0262260029713313,0.58614223798116,0.236282526453336,-0.770495069026947,0.0833379159371058,-18.1493129314521,-25.7178736679514,-14.1319909917754,-77.7734610186252,-61.0466381595827,-32.6689606126816,-95.7652283339799,-55.4858183616097,-29.9077297276717
01-Feb-2025 04:21:44,25,51,0.0242691566546758,0.37448627948761,0.0289260531465213,0.577832925319672,0.253937202692032,-0.771387227376302,0.0811590681473414,-10.7786226403283,-14.2689126729773,-8.33198099928867,-80.5672835553065,-57.3959474615614,-27.7443009445246,-100.403157157382,-57.3527392336127,-31.482270044868
01-Feb-2025 04:22:10,25,52,0.02310141560932,0.375997030735016,0.0299452645083268,0.574356130758921,0.265606770912806,-0.769716986020406,0.0842845911780993,-7.45295368381422,-8.87634373909585,-5.66112294120866,-83.1865601963352,-54.8857259570685,-23.3902241890656,-103.520496951278,-54.1984554602071,-31.4138592551231
01-Feb-2025 04:23:06,25,53,0.0163196947425604,0.378519761562347,0.0307794012129307,0.576037609577179,0.262433340152105,-0.770401748021444,0.0760957002639771,-28.5747953946048,-52.5619708357613,-24.2048408503319,-86.4685638895375,-55.7207390493398,-31.9214388899555,-105.052542230422,-51.3085693640973,-30.7489729119078
01-Feb-2025 04:23:40,25,54,0.017100232342879,0.378966190417608,0.0258082397282124,0.574405415852865,0.282251205046972,-0.765580908457438,0.0654108792543411,-17.2203924390481,-28.611695947699,-13.980846743057,-90.0069311088268,-55.3783694399932,-32.8702993190199,-105.79194025219,-49.4508821066354,-29.4108487919571
01-Feb-2025 04:24:00,25,55,0.0137119206910332,0.378411515553792,0.0273903391013543,0.572888620694478,0.29240674773852,-0.763320755958557,0.0603188797831535,-11.6778671503176,-16.6684700672735,-8.87299662758286,-91.9484800911594,-33.1473084798379,-20.1279826121716,-105.535014645269,-40.4592942684975,-23.4611057836389
01-Feb-2025 04:24:56,25,56,0.0143452120323976,0.380510520935059,0.0290253368516763,0.573415772120158,0.279419662555059,-0.767581228415171,0.0627540866533915,-28.0011171339773,-53.2409324959207,-17.7155167911614,-92.3989656700898,-56.3600231297918,-32.1078543606491,-107.202608708331,-48.4536284915829,-30.3557058874429
01-Feb-2025 04:25:40,25,57,0.0183035792162021,0.381224393844604,0.0324162696798642,0.569465494155884,0.272144563992818,-0.771846258640289,0.0768098577857017,-29.9898365343437,-53.515157176477,-26.0745729526901,-90.125246689781,-55.7630649420433,-32.3399318251485,-109.071121864221,-52.3019875694994,-32.197401269155
01-Feb-2025 04:26:23,25,58,0.0221909333020449,0.381838119029999,0.0345882753531138,0.568809409936269,0.256628356377284,-0.775576412677765,0.0952837720513344,-32.9112906430633,-53.4902629829877,-26.391897113194,-86.7894254298526,-55.3362703354438,-32.9231121476588,-110.515094566525,-58.8023590748313,-33.7626442898212
01-Feb-2025 04:27:05,25,59,0.0250141903758049,0.381833972533544,0.037071664383014,0.570057900746663,0.235960570971171,-0.778529258569082,0.115103459358215,-36.4491121059596,-54.2158093524756,-26.6633552731854,-82.7725530301145,-55.3695575194188,-33.5318438991746,-111.671797042035,-62.503736793871,-35.7896611299644
01-Feb-2025 04:27:46,25,60,0.0278961210201184,0.381813305616379,0.0384511825939019,0.572889443238576,0.216518127918243,-0.779309924443563,0.132640931010246,-39.1701172459442,-54.0415760034521,-26.3118804329206,-78.5651550604715,-55.932885598681,-34.378351365193,-112.68486440415,-65.0306176197646,-37.8225648798461
01-Feb-2025 04:28:26,25,61,0.029412555322051,0.383243622382482,0.0408639458318551,0.575202016035716,0.1960996200641,-0.779983659585317,0.149375796318054,-43.282714224473,-55.2174527951729,-27.8239390925277,-76.362494305876,-57.5862341255868,-35.4937466884629,-114.151114209566,-67.3452499990851,-38.8834120845971
01-Feb-2025 04:29:08,25,62,0.0302911207079887,0.384662548700968,0.0410366962353389,0.579507859547933,0.177187739809354,-0.779167675971985,0.160227670272191,-48.0161071222738,-56.7683846572659,-28.9927645020708,-73.8122021588043,-60.3095928763144,-36.8935859403584,-115.243955236633,-69.8537581551191,-41.1082310167827
01-Feb-2025 04:29:50,25,63,0.0311870742589235,0.386982913812002,0.0410503660639127,0.586973595619202,0.143846374750137,-0.773828832308451,0.189629019300143,-55.6098979797107,-56.931844054545,-29.7649732865818,-69.9630943154945,-63.1179567389529,-38.5856471565668,-119.375091874525,-72.3842041995099,-42.4900358126856
01-Feb-2025 04:30:32,25,64,0.0321648287276427,0.387845971186956,0.0408102288842201,0.592896699905396,0.123283336063226,-0.769754727681478,0.201872231562932,-59.9838878169656,-57.5265672194171,-31.0138737585769,-66.5895786240656,-65.5938231575468,-39.8238193549316,-120.52537631783,-75.525619188079,-44.2753335404472
01-Feb-2025 04:31:14,25,65,0.034595064073801,0.389576667547226,0.0416767321527004,0.598166950543721,0.0999121601382891,-0.764020419120789,0.220196924606959,-64.6229771441295,-58.9369222680857,-31.751120074314,-61.1288590085773,-68.5034408541185,-40.7600470443746,-122.510234663841,-78.4475186487372,-48.9623777341381
01-Feb-2025 04:31:54,25,66,0.03713791569074,0.389338715871175,0.0414884425699711,0.605352580547333,0.0697808161377907,-0.75567543109258,0.240069882074992,-69.8446162162478,-57.3050932586525,-33.6575393119221,-55.3745374310591,-70.9549341896791,-42.1453024793567,-122.512379961206,-81.3346603454401,-51.5002951607936
01-Feb-2025 04:32:36,25,67,0.0445993455747763,0.389695360263189,0.0418530968328317,0.60760106643041,0.076673353711764,-0.751132122675578,0.246460357308388,-66.7341456332149,-56.1086599764597,-31.2624376642404,-54.1865742539598,-69.8288035273943,-40.8664396540676,-123.796111866346,-86.7899609636594,-54.5795668813077
01-Feb-2025 04:33:17,25,68,0.0510967426002026,0.388274522622426,0.0418426513671875,0.607845882574717,0.0903468489646912,-0.753190453847249,0.234659350911776,-62.1568124864205,-55.4641806797415,-29.8721292470264,-54.3877105863531,-67.9506417748567,-40.1123337651633,-121.096665509323,-91.8615721408898,-57.5340569100629
01-Feb-2025 04:33:57,25,69,0.0578926575680574,0.387452574570974,0.0423759991923968,0.606158709526062,0.104136276741823,-0.756335973739624,0.222897157073021,-57.8960480577454,-53.8956783757604,-28.8342174450464,-55.0583966734926,-65.2464644771927,-39.0206063444513,-118.580630021221,-97.2663385976258,-60.8761560929388
01-Feb-2025 04:34:37,25,70,0.0640445445974668,0.386374121904373,0.0433447269101938,0.603209551175435,0.118444322546323,-0.758977063496908,0.214622901876767,-52.96856798813,-53.515164568148,-28.0475039506833,-54.8388576380053,-62.5042794069656,-38.5850681578356,-115.931299967577,-103.512682694115,-64.1870598528749
01-Feb-2025 04:35:16,25,71,0.0719347596168518,0.385927605628967,0.0443074246247609,0.60067526102066,0.130140137672424,-0.761214057604472,0.206895978252093,-48.3827300980445,-51.7036450087199,-26.7863896101287,-54.7742060412045,-59.6680904504568,-37.952624588268,-113.590322631164,-108.52981561048,-67.7073659013411
01-Feb-2025 04:35:56,25,72,0.0743729790051778,0.384833949804306,0.0453722799817721,0.604196401437124,0.122342376907667,-0.765115996201833,0.1859476963679,-46.8177132977238,-51.576622573384,-25.6630748464783,-54.7869981637471,-56.3348995508072,-37.3717283272243,-106.303521653365,-113.982342936783,-71.2573730940725
01-Feb-2025 04:36:28,25,73,0.0840284670392672,0.385696345567703,0.0449885124961535,0.608703458309174,0.11742819348971,-0.765307033061981,0.173193242152532,-45.5631070422855,-29.0418487000936,-14.9336598712801,-54.3135121459612,-54.8532076795873,-37.0416057204428,-105.918808854874,-120.177567468056,-74.2972308589364
01-Feb-2025 04:36:56,25,74,0.0915919860204061,0.387149715423584,0.0499187710384528,0.605143761634827,0.1247719998161,-0.767302596569061,0.171696599324544,-32.8387060592886,-18.4031991078267,-10.126194790308,-54.4218870580112,-47.1722653225822,-29.3368699407923,-106.135140146036,-126.219140601813,-77.5320139098665
01-Feb-2025 04:37:22,25,75,0.0967311973373095,0.390425705909729,0.0516186957557996,0.623526922861735,0.116446450849374,-0.744333247343699,0.20885986884435,-33.9613142638046,-19.5966062130182,-12.5734900464714,-50.7780575781119,-43.0868587593964,-25.5691962046124,-112.247660393558,-129.438338394987,-81.2182728944666
01-Feb-2025 04:38:11,25,76,0.0877764567732811,0.390823396046956,0.050258536140124,0.620592208703359,0.109912843008836,-0.750996847947439,0.196947299440702,-49.4664737864308,-53.4265443884655,-26.0262727761913,-52.7921933306716,-53.5391395747642,-38.5578691752152,-108.760441663494,-132.056623338783,-82.1407632005833
01-Feb-2025 04:38:52,25,77,0.0947772641976674,0.393698668479919,0.0497672242422899,0.631878797213236,0.104409505426884,-0.740210092067718,0.204735975464185,-51.1629089681123,-54.0747480990408,-23.1567992426895,-52.3103116994607,-54.2352640794089,-39.2247154992094,-113.673353444636,-134.299451857889,-84.1563691674583
01-Feb-2025 04:39:17,25,78,0.0951636681954066,0.393502151966095,0.0529731618861357,0.632037417093913,0.105042594671249,-0.734057943026225,0.225063851475716,-50.5299819793213,-48.1820845771801,-23.0011975775768,-48.1804213763646,-43.9033104286921,-29.5306484998993,-117.011330481382,-132.979552164651,-76.2935329647125
01-Feb-2025 04:39:57,25,79,0.089733565847079,0.395880575974782,0.0511056674023469,0.624611000219981,0.108291101455688,-0.743605530261993,0.212567591667175,-54.1323739052942,-56.4189874391014,-28.7775318466587,-54.1515267073258,-55.2823177002944,-40.681124838937,-118.886840145929,-136.10328836524,-81.0414756771562
01-Feb-2025 04:40:30,25,80,0.0890231043100357,0.395605532328288,0.0571917834381262,0.625413946310679,0.0920064121484756,-0.741899236043294,0.223557043075562,-56.6274252886489,-56.9456734929137,-29.6448340828378,-47.9981298653157,-42.8668054330565,-29.7038728471488,-117.931116124377,-135.073842512743,-75.5948078471947
01-Feb-2025 04:41:10,25,81,0.085090542336305,0.398713835080465,0.0545220201214155,0.624500179290772,0.0929410398006439,-0.746583906809489,0.209699754913648,-61.4188064006945,-62.8422511426714,-32.1076203025656,-57.0074819368199,-57.0290333963981,-42.6877566899473,-121.109775259776,-138.417805633703,-81.7008347460306
01-Feb-2025 04:41:44,25,82,0.0816144863764445,0.399117630720139,0.063350880642732,0.620662681261698,0.0759545907378197,-0.748250110944112,0.221654121081034,-64.5833523770857,-66.848774590402,-35.1431485140677,-48.6232084650814,-42.03013147503,-29.9272084500395,-121.855625973649,-137.573473241392,-76.7082090092652
01-Feb-2025 04:42:28,25,83,0.0758662829796473,0.403069829940796,0.0612835332751274,0.614270452658335,0.0766757220029831,-0.75789798895518,0.205872098604838,-70.9094807856495,-75.9102709371189,-38.765047721457,-61.0171222217213,-61.6506646113067,-43.2194441687783,-125.360072476761,-140.934993092445,-80.8662569546991
01-Feb-2025 04:43:02,25,84,0.0714028338591258,0.403817196687063,0.0694926629463832,0.610189433892568,0.0586685026685397,-0.759128363927205,0.218977173169454,-74.9164004102998,-80.8242537333289,-42.1551324267898,-49.8251295925507,-42.4809152764059,-29.4130718668406,-126.943816874491,-140.249439065179,-77.1496417412327
01-Feb-2025 04:43:50,25,85,0.0680629859368006,0.408335324128469,0.0699313193559647,0.599756705760956,0.0668707142273585,-0.770265658696493,0.206182132164637,-79.2637156429932,-87.8644797542856,-52.4793098810945,-66.2151837704745,-64.8910247059165,-44.4323955545644,-131.017210219531,-143.615348098755,-83.8206949483161
01-Feb-2025 04:44:22,25,86,0.0613144775231679,0.407870447635651,0.0769059419631958,0.601515976587931,0.033517482628425,-0.768529180685679,0.215448322892189,-86.1767788575252,-89.2654309140099,-50.4368458587076,-55.0652296564107,-43.4765549842131,-29.5248233560351,-126.09206120678,-138.244074525608,-76.921635682728
01-Feb-2025 04:45:16,25,87,0.0565999872982502,0.409448977311452,0.0726212138930957,0.605752046902974,0.0137238750234246,-0.77277957201004,0.188912345965703,-93.6249409740681,-94.3104428799209,-54.9654050235637,-66.7857872441203,-66.5445499536129,-47.3611751549211,-126.251824430857,-143.748166717671,-79.4444935222773
01-Feb-2025 04:45:51,25,88,0.0499992405374845,0.409084455172221,0.081693775455157,0.607292993863424,-0.0319534741342068,-0.769396344820658,0.195457137624423,-101.115652541616,-95.8524852489252,-53.4044757820413,-58.1416006827168,-43.3787772685636,-30.7944889525148,-119.879043773347,-134.964941792339,-72.9533099143954
01-Feb-2025 04:46:20,25,89,0.0368405324717363,0.407835604747136,0.0854305684566498,0.604058317343394,-0.0788809155424436,-0.772362812360128,0.179852679371834,-108.402638834667,-97.8930428194762,-59.8238023373296,-55.2150420467568,-31.52112075629,-22.6012837494623,-114.889991175045,-129.013058308309,-69.0051055827978
01-Feb-2025 04:47:03,25,90,0.0338173441588879,0.410024245580037,0.0835104867815971,0.606927410761515,-0.101376934846242,-0.77319362560908,0.153406253457069,-116.03776249047,-100.7828579908,-61.6832567910233,-64.7472973735184,-65.1425223304048,-17.8448190460868,-115.467802606346,-132.876845544931,-71.1283908893424
01-Feb-2025 04:47:49,25,91,0.0287975372125705,0.41292134920756,0.085265968243281,0.611905173460643,-0.144844908515612,-0.764094662666321,0.144053484002749,-126.021954827648,-104.547301962511,-64.2627751939196,-65.6589596816409,-67.9534529477137,-45.4817245925497,-113.654046052448,-133.173468141878,-71.9374210149581
01-Feb-2025 04:48:33,25,92,0.0223661401619514,0.414564553896586,0.087738972902298,0.613175268967946,-0.179300213853518,-0.758355359236399,0.129478401939074,-133.805681505514,-108.374060334416,-67.9523255714173,-66.4603254804438,-69.6091480866193,-45.5903152639319,-111.619505505951,-131.386508418989,-71.3393235501093
01-Feb-2025 04:49:18,25,93,0.0171781677752733,0.416292083263397,0.090782438715299,0.614027273654938,-0.208856343229612,-0.752343503634135,0.115450499951839,-141.614175353723,-111.556975906417,-70.4718919362156,-67.8815430245869,-70.0872254863234,-45.1347484977737,-108.949572963155,-129.38275753618,-70.1126622900283
01-Feb-2025 04:50:02,25,94,0.00880520890156428,0.418053553501765,0.0930389856298765,0.612434605757395,-0.238790845870972,-0.747687876224518,0.094157729546229,-149.060052787105,-114.042970078466,-72.1814662946643,-70.1376864414002,-70.7264940164266,-45.5221030128453,-106.261944422209,-125.620611073413,-67.7467191323312
01-Feb-2025 04:50:45,25,95,0.00212235643217961,0.419723131259282,0.095084569354852,0.611979273955027,-0.272275765736898,-0.739756862322489,0.0640864138801893,-155.874622013073,-116.33050355054,-74.3860446499382,-72.7362927945485,-70.4713581117294,-46.5559181685319,-99.2904678821884,-121.954266820665,-66.986135025826
01-Feb-2025 04:51:30,25,96,-0.00357087380252779,0.422982136408488,0.0965315570433935,0.608966620763143,-0.30362370411555,-0.731135181585948,0.0491292797029018,-164.998537135333,-119.643806672625,-75.4131250036246,-75.7311306158643,-71.794019989632,-46.7879636445259,-98.05206734263,-118.710823672928,-65.5282304449168
01-Feb-2025 04:52:13,25,97,-0.00948143377900124,0.424914783239365,0.0981284027298292,0.606483324368795,-0.332407766580582,-0.721919171015422,0.0227116324007511,-172.802125205741,-122.494994619717,-76.6014563565174,-78.2490841712638,-72.2555807588345,-46.9941242806736,-93.830204803303,-115.753831077696,-63.4966656268056
01-Feb-2025 04:52:57,25,98,-0.0139880420019229,0.422777702411016,0.0992547695835431,0.60086571375529,-0.331018515427907,-0.727006753285726,0.0291264911492666,-170.033604688033,-126.018016606965,-76.7397047308376,-75.7710804860018,-70.4322734862803,-46.7405294611922,-91.0816091103673,-109.395212964145,-58.6111910008047
01-Feb-2025 04:53:38,25,99,-0.0215737037360668,0.419634161392848,0.100544352332751,0.595774586995443,-0.326748700936635,-0.733403245608012,0.0201898542543252,-165.735002407361,-129.275509800465,-76.0182658549593,-73.8488557342607,-68.0561909365508,-47.0429634317492,-85.5621479174895,-102.17070748872,-53.9198013155033
01-Feb-2025 04:54:20,25,100,-0.0266873359680176,0.417553802331289,0.101766286293666,0.591617091496785,-0.313183228174845,-0.742676651477814,0.0183544668058554,-160.821359245208,-132.925238597091,-76.6669833539818,-72.3545204492801,-65.7787207482339,-46.0484117973253,-83.0822539746407,-95.0382583323574,-50.6004541005516
01-Feb-2025 04:55:54,249,1,0.000857257101840029,0.311632239818573,0.0411164194345474,0.593483197689056,-0.000150759031142419,-0.80475047826767,-0.0124236532797416,-8.32500000000001,-13.35,-5.17500000000001,-6.22500000000001,-10.05,-5.32500000000001,-5.32500000000001,-7.87500000000001,-5.40000000000001
01-Feb-2025 04:56:27,249,2,0.00330829710389177,0.318733576933543,0.0418461653093497,0.595085660616557,0.0117762739459674,-0.803520969549815,0.00940234245111545,-13.8782157421375,-16.4253584301168,-8.8362095103738,-10.3745467808091,-14.7853282771497,-6.85369696628987,-16.2284228421197,-12.5489186730955,-9.61673750921397
01-Feb-2025 04:57:01,249,3,0.00547225012754401,0.323516438404719,0.0441489254434903,0.594777393341064,0.0255551348129908,-0.802785893281301,0.0334905450542768,-16.4501814842749,-21.3007168602336,-11.6536690207476,-13.6428435616181,-17.9081565542994,-7.35114393257972,-25.9130956842394,-16.2665873461909,-12.6709750184279
01-Feb-2025 04:57:35,249,4,0.00707555087283254,0.327508385976156,0.0437554284930229,0.594122473398844,0.0361758167545001,-0.801985681056976,0.0502871339519819,-18.7315222264123,-24.6760752903504,-13.4492535311214,-16.5455153424272,-20.8247348314491,-9.05796589886954,-33.6383935263591,-19.6561310192863,-15.2189625276418
01-Feb-2025 04:58:11,249,5,0.01013194664071,0.332506181796392,0.0442453742027283,0.592981398105621,0.0616054865221183,-0.7988729596138,0.0798741027712822,-19.7425504685498,-27.9764337204673,-15.1089005414951,-18.8903746232362,-23.1881881085988,-10.6194753651594,-45.1840038684788,-23.1066121923818,-17.4388250368558
01-Feb-2025 04:58:46,249,6,0.0132771122579773,0.336298823356628,0.0445239822069804,0.58992060025533,0.0839224219322205,-0.795402912298838,0.110837564865748,-20.2684224606873,-27.7142921505842,-17.4505788018689,-20.2063276540453,-25.4250788857486,-11.2833285814492,-54.4397704605985,-26.3625621154772,-19.7196250460697
01-Feb-2025 04:59:21,249,7,0.016325585419933,0.339406597614288,0.0445506349205971,0.587646114826202,0.0959630772471428,-0.793756167093913,0.124154330790043,-21.4517163278248,-29.270900580701,-18.5582726872427,-22.4328275598543,-26.9236884128985,-13.448353672739,-60.3756151777182,-29.6712464135727,-21.7308938052837
01-Feb-2025 04:59:57,249,8,0.0185391024996837,0.343154587348302,0.0447774954140186,0.584451274077098,0.115080067515373,-0.790972634156545,0.139769728978475,-21.6887211324623,-31.8118840108179,-20.3239743851165,-25.4896009031634,-28.7281573150485,-15.1639647015288,-68.1014989573379,-32.7812978991681,-23.5323969394976
01-Feb-2025 05:00:32,249,9,0.0237927190959454,0.345458283027013,0.0441644397874673,0.582706451416016,0.127065012852351,-0.791614353656769,0.132869870464007,-21.7398564113107,-33.8223361546718,-19.8945227645946,-30.1223244786255,-29.8325522655609,-16.5030665155862,-70.6351348317966,-39.9275988690542,-27.4965044976169
01-Feb-2025 05:01:07,249,10,0.0267338749021292,0.349009937047958,0.0424484257896741,0.583743687470754,0.129709786176682,-0.791208763917287,0.128091416756312,-24.1794194245341,-34.8788820485256,-20.1170730971978,-34.7376164134626,-32.3259120598234,-18.6673148140187,-73.6912804718802,-46.1617416358153,-30.7331706494862
01-Feb-2025 05:01:44,249,11,0.0320660610993703,0.352175972859065,0.0420237883925438,0.581989773114522,0.138108197848002,-0.791084468364716,0.128060273329417,-25.0381963049451,-36.8834748173794,-20.2906244063635,-39.0441925279872,-34.3137542759608,-20.1941363546386,-76.9336809947763,-52.8398053010139,-36.9061160982304
01-Feb-2025 05:02:20,249,12,0.0361384811500708,0.355447832743327,0.0409562413891157,0.579857488473256,0.148842546343803,-0.791699969768524,0.121747114260991,-25.7815801189498,-38.7620910237332,-20.5896762038104,-42.8214107323555,-37.0238377030357,-21.6272445163522,-79.6692089590787,-58.9148294154312,-40.4222011954122
01-Feb-2025 05:02:57,249,13,0.0400899601479371,0.359830127159754,0.0404271182914575,0.577477749188741,0.159323379397392,-0.791053386529287,0.123976157605648,-27.7422673997513,-40.127718948837,-21.1764782453979,-47.0839499816457,-39.4200417355793,-23.1634959886128,-84.5513006440842,-65.2883337544579,-43.3598561168127
01-Feb-2025 05:03:35,249,14,0.0438302926719189,0.364243316650391,0.0406394193569819,0.573407773176829,0.17018640935421,-0.791642804940542,0.124666719138622,-28.9616064139513,-43.1868527333158,-22.5821554090557,-51.7391497533969,-41.5843060708573,-24.9013191161468,-88.8566741894412,-71.5110782057894,-47.2832959503226
01-Feb-2025 05:04:13,249,15,0.049162232875824,0.368952502806981,0.0390263274312019,0.570771555105845,0.182839623093605,-0.790193065007528,0.128001763423284,-30.1102712948505,-44.6927394474821,-18.6972701337488,-56.1406797863785,-43.7076005575025,-27.1899280713175,-94.973688664974,-77.9584427132731,-50.7246282398872
01-Feb-2025 05:04:52,249,16,0.0510943445066611,0.373707584540049,0.0397944356004397,0.569601102670034,0.179881079991659,-0.792966854572296,0.120004258056482,-34.5985991090993,-47.5220026264922,-22.1421036389593,-61.5403749499753,-46.0354101198313,-29.3789299403066,-98.8465236055947,-84.743117248833,-54.3749067574792
01-Feb-2025 05:05:16,249,17,0.0593752555549145,0.37684379418691,0.0415455569823583,0.558807639280955,0.195562429229418,-0.798962930838267,0.105582371354103,-30.931758390023,-36.7629540379243,-18.7517965344287,-66.0141526788798,-30.3904772200017,-19.6681282662049,-100.397268778759,-91.321446798431,-57.5296583890848
01-Feb-2025 05:06:04,249,18,0.0566855015854041,0.38143213391304,0.0407635241746902,0.564143141110738,0.180768106381098,-0.799461273352305,0.0996348897616069,-40.812333404284,-51.984749565567,-26.1939191250274,-71.2249716904381,-50.1591730890932,-32.7324248205576,-102.436969068196,-97.9466038550481,-60.2116465776972
01-Feb-2025 05:06:27,249,19,0.0630928148825963,0.38395120104154,0.0403084690372149,0.553644255797068,0.196900883316994,-0.804666944344838,0.084966242313385,-35.4166162852137,-38.7219671513155,-20.7522565631909,-75.2293113433233,-34.3096833426451,-22.6092704891379,-103.221146915769,-105.720174665175,-59.8072530448132
01-Feb-2025 05:07:03,249,20,0.0636514892180761,0.388195151090622,0.0361643309394519,0.554437108834585,0.195090987284978,-0.805600794156392,0.0744738921523094,-33.6327530994778,-32.3668957661167,-18.5437014251367,-80.4304113168719,-55.2511007884273,-36.5173907148315,-105.327563542409,-112.192952352056,-64.2346686511808
01-Feb-2025 05:07:57,249,21,0.0631322249770165,0.390993040800095,0.0410315511127313,0.559331365426381,0.178323135773341,-0.805634196599325,0.07939047118028,-47.9091042194526,-56.34646040888,-30.9334290178403,-81.5796339017824,-56.4250515288983,-37.3885268305177,-107.504816512997,-114.416006116933,-67.994663909132
01-Feb-2025 05:08:47,249,22,0.066767044365406,0.392967442671458,0.0406878034273783,0.561341937383016,0.182530230283737,-0.80196537176768,0.0918124948938688,-48.388418822761,-56.6654528089068,-29.1689334664894,-81.7530465668588,-55.9217290674267,-39.2424815854823,-110.387629178351,-116.726361600999,-70.3001114518962
01-Feb-2025 05:09:10,249,23,0.0666802187760671,0.39211045106252,0.0408851365248362,0.554924253622691,0.195804004867872,-0.803313287099202,0.091693236430486,-28.7692151677363,-32.1791590875647,-17.0273263431115,-81.9635542720181,-43.779770004984,-28.5378456600863,-108.223221691089,-115.255367944659,-66.178285137067
01-Feb-2025 05:10:13,249,24,0.0671084160606066,0.394448530673981,0.042476964990298,0.559208210309347,0.184533777832985,-0.801625923315684,0.103098787367344,-48.6757523835452,-58.5152223055392,-31.5721634337198,-81.5926094972188,-56.0434926420555,-38.9289143945096,-113.360204127519,-118.943699718116,-69.5678218934409
01-Feb-2025 05:10:39,249,25,0.0688512603441874,0.393570683399836,0.0427581245700518,0.552596815427144,0.203745084007581,-0.797610501448313,0.130162339409192,-29.4390097170871,-32.9762779565657,-18.2722817991375,-76.5871545675969,-43.509534378675,-28.1727267698567,-117.863662118574,-111.699468646696,-61.7495795916471
01-Feb-2025 05:11:29,249,26,0.0650773132840792,0.394626577695211,0.0428202420473099,0.55467434724172,0.206844637791316,-0.788518249988556,0.166705299417178,-45.1712022683374,-21.8679228424213,-30.3190112180517,-75.6738365179853,-54.7019965401729,-37.6904653101585,-125.054967590552,-115.082568932725,-62.521678057654
01-Feb-2025 05:12:23,249,27,0.0636449734369914,0.397007185220718,0.041851901759704,0.560583329200745,0.206208244959513,-0.778268106778463,0.193709329764048,-48.7628624284421,-57.274862345692,-18.2140461637143,-73.5065869083789,-55.7076689141102,-39.5701669329378,-132.690196802992,-112.454334897479,-62.0389469075613
01-Feb-2025 05:13:12,249,28,0.0612618125975132,0.398809230327606,0.0424607033530871,0.557080638408661,0.219471627473831,-0.770151364803314,0.219909585515658,-48.9092563929738,-59.91444915767,-15.708233872751,-73.1123715187751,-55.8949463942671,-39.8058500969558,-139.572387885662,-109.445433701595,-60.7038009494189
01-Feb-2025 05:14:01,249,29,0.0600123507281144,0.397847545146942,0.0430757597088814,0.557330942153931,0.212830843528112,-0.775620353221893,0.206151298681895,-49.413876765396,-60.4302926506725,-30.3272967078249,-73.5203176412604,-56.589586757728,-39.5856364277049,-136.729346960213,-109.754235693358,-61.5417982022486
01-Feb-2025 05:14:42,249,30,0.0617269533375899,0.397209189335505,0.0409795572360357,0.561976623535156,0.207932401696841,-0.77619446516037,0.19613416492939,-48.907180588925,-58.5667979708514,-22.1086477337425,-74.7840223187464,-57.0796283977439,-39.8169181437636,-134.260546502323,-110.680370894961,-61.6416917530659
01-Feb-2025 05:15:27,249,31,0.0613775690396627,0.396793069442113,0.043654165416956,0.559731249014537,0.20311802426974,-0.781389117240906,0.186748669544856,-49.4698261380075,-60.3136342046188,-30.7461428550817,-74.7506062737327,-56.6423706760373,-39.6739475524771,-131.828866278211,-112.140172701484,-61.972533452877
01-Feb-2025 05:16:08,249,32,0.060672236730655,0.396574238936106,0.0447320180634658,0.559923867384593,0.196881918112437,-0.78536647160848,0.175847404201825,-50.1921425498667,-61.3156358951802,-31.3867100241319,-75.3436298674692,-56.1164632734694,-39.5688508075181,-129.115746170988,-113.866807810468,-62.643849227185
01-Feb-2025 05:16:52,249,33,0.0593386756877104,0.397024263938268,0.0448964804410934,0.567404456933339,0.171096912026405,-0.789630281925201,0.158940468231837,-55.6442943931143,-60.2952203141389,-32.9038132170375,-77.2998732805807,-56.746231030471,-40.3826909857228,-125.13690612221,-115.351859570681,-63.7854020387414
01-Feb-2025 05:17:33,249,34,0.0571180721124013,0.397284251451492,0.0452609265844027,0.569457340240479,0.158163739244143,-0.79545050462087,0.134018943707148,-59.1113639520561,-61.2635960972963,-34.1091844218708,-80.2377266033797,-57.2038363672572,-40.0059996255093,-121.275206102654,-116.26611965651,-64.262073368922
01-Feb-2025 05:18:13,249,35,0.0562976909180482,0.39638870159785,0.0478322645028432,0.577249463399251,0.128636303544044,-0.796577934424082,0.125297325849533,-62.860892368845,-63.076367562553,-34.108689632668,-78.0413848810226,-57.0503604939358,-40.6840424960868,-116.12207609771,-118.094983905146,-64.5563039584148
01-Feb-2025 05:18:54,249,36,0.0530398843189081,0.397094307343165,0.0489812858402729,0.582516280810038,0.102107559641202,-0.799872616926829,0.102238223950068,-68.1766502145574,-64.7863368688594,-36.5802618464471,-80.4779456360873,-58.0913440155606,-41.2144524820598,-112.123231100071,-118.656150235186,-65.2093141775636
01-Feb-2025 05:19:36,249,37,0.0490285292267799,0.397825028498968,0.0511721489330133,0.587213142712911,0.0710169365008672,-0.802148063977559,0.0818281541268031,-76.6005227747316,-66.2199050956906,-38.7128675617172,-81.705957629863,-59.0545572346585,-40.9210460257305,-108.251528606085,-119.183467605928,-65.9667142115404
01-Feb-2025 05:20:18,249,38,0.0462647507588069,0.39750498731931,0.0539588605364164,0.592164520422618,0.0408519315222899,-0.801805977026621,0.0691340814034144,-80.5034526921366,-69.9152727827843,-42.2509900277327,-80.1546952429942,-61.853885302493,-40.8907313482501,-104.368397363926,-121.043860497021,-66.1763091529312
01-Feb-2025 05:20:59,249,39,0.042815957715114,0.398165255784988,0.0590194083750248,0.597694480419159,0.0112727026765545,-0.79967299302419,0.0561904432872931,-86.6459112881572,-73.9165402000091,-44.766870869121,-80.2887956658031,-61.1462707946957,-41.2919625601942,-100.929551747679,-122.295791148289,-66.8620015480291
01-Feb-2025 05:21:44,249,40,0.0386455535888672,0.399901074171066,0.0614471887548765,0.600586235523224,-0.0112573651596904,-0.798597967624664,0.0375601408382257,-93.4581342234854,-80.9207574822996,-47.1466308981957,-83.0655774934508,-61.8351849990825,-41.9839667168505,-99.0628489443894,-123.318490679645,-67.9357426699804
01-Feb-2025 05:22:27,249,41,0.0396508686244488,0.400387456019719,0.0659489512443543,0.602101230621338,-0.0237236720820268,-0.79426467816035,0.0778135185440381,-95.8463398644813,-84.2608938931506,-48.8362989681292,-75.2791427230145,-60.7949405638381,-42.143392197003,-103.2179594497,-123.732209051991,-68.0295717048335
01-Feb-2025 05:23:10,249,42,0.0406259285906951,0.400886344909668,0.069242932399114,0.600970737139384,-0.0316885446508725,-0.789519850413005,0.120367930829525,-97.0144865903041,-87.9017677702681,-49.1419368349843,-69.165878303788,-61.2288283066397,-42.5255109133335,-108.141105658249,-123.826119644359,-68.2204129214
01-Feb-2025 05:23:53,249,43,0.0397256001830101,0.401251075665156,0.0714511747161547,0.600247097015381,-0.048843498279651,-0.783664274215698,0.152276372909546,-100.04760385854,-90.5680103805187,-50.7805596003002,-63.4391990601664,-62.0247821384644,-43.1689762477531,-111.423269718419,-123.535126346738,-67.9347602288231
01-Feb-2025 05:24:19,249,44,0.0416831177969774,0.400717063744863,0.0763247385621071,0.58942228158315,-0.0289602424949408,-0.779579774538676,0.209757277369499,-93.5882063979834,-90.121937357336,-48.8856748148465,-54.0808124043472,-37.0517690147997,-25.7181148912171,-119.284942704398,-114.351681104123,-61.4858605816746
01-Feb-2025 05:25:10,249,45,0.0365370439986388,0.403352892398834,0.0734772513310114,0.584013493855794,-0.0192897734542688,-0.785309934616089,0.204559174180031,-98.1325515730298,-93.7447065174365,-55.724036254008,-60.2315720424291,-62.1192724133919,-42.8700901892034,-123.211370153281,-118.57200988901,-64.1053374572403
01-Feb-2025 05:25:45,249,46,0.0374976639946302,0.402628298600515,0.0802078535159429,0.571807837486267,-0.000806174365182718,-0.786142094930013,0.234554534157117,-92.0537680658779,-95.5768967691787,-53.5790208054771,-46.5369048274617,-37.2070340731111,-26.0234838144508,-127.120174833618,-111.644225687649,-59.4090025941631
01-Feb-2025 05:26:08,249,47,0.0336543761193752,0.403062361478806,0.0788834805289904,0.559786208470662,0.0232297960668802,-0.790206468105316,0.24834132194519,-89.0634202176269,-97.8637975667418,-52.9423169131,-36.6445241859696,-25.0299248633945,-17.4525866033288,-132.37016812968,-107.917384993164,-57.1297618617644
01-Feb-2025 05:27:09,249,48,0.0327958332995574,0.408021342754364,0.0766922901074092,0.554003401597341,0.0405625348289808,-0.79425964752833,0.246143423517545,-94.7422901988262,-102.478053637215,-60.3347687987998,-62.8532868312153,-63.0203802189606,-43.394543974022,-139.265755733606,-115.241016052116,-62.434068194705
01-Feb-2025 05:27:43,249,49,0.0350450597703457,0.409377201398214,0.0834387977917989,0.535862716039022,0.0625450367728869,-0.79580082098643,0.275027789672216,-89.6807690947508,-104.955987344144,-57.791798573538,-38.6376211198296,-37.9696178571669,-26.442928635623,-144.809140491463,-109.189882987787,-58.2551480603152
01-Feb-2025 05:28:08,249,50,0.0239715537677209,0.406652355194092,0.0824302280942599,0.532518140474955,0.0542512672642867,-0.798326981067657,0.27596241235733,-89.6719694227803,-104.793999397265,-56.0102027349342,-33.5479311427928,-30.6234240041436,-20.3720813045588,-141.970885683854,-100.912999259174,-53.6178960690943
01-Feb-2025 05:28:49,249,51,0.022176951294144,0.40605167945226,0.0774062211314837,0.540223852793376,0.0557901027301947,-0.797399075826009,0.263059665759404,-90.7280719794912,-105.1104308595,-55.38225136859,-60.4396340765981,-60.6544257217807,-18.8778407962215,-141.719580164728,-100.46742449974,-54.1473374610409
01-Feb-2025 05:29:14,249,52,0.0222070127725601,0.404586889346441,0.0813279355565707,0.537066141764323,0.0423121355473995,-0.796240989367167,0.275263347228368,-92.2416256505427,-105.216072026292,-55.2561222383756,-48.6470334658247,-47.1990252247478,-19.2969036992477,-140.361749289844,-98.2375042248962,-53.6601255445712
01-Feb-2025 05:29:58,249,53,0.0134122585877776,0.404856113592784,0.0795406421025594,0.537315324942271,0.0341634467244148,-0.801939809322357,0.258877742290497,-95.1089048787645,-108.216318045363,-61.6059042262261,-58.3872810827617,-61.8004236203799,-43.1726183079555,-138.15065573708,-94.5904111923473,-51.6895869738932
01-Feb-2025 05:30:40,249,54,0.00527348409717282,0.405666369199753,0.0808225149909655,0.537723712126414,0.00283263719951113,-0.804815808931986,0.251230355103811,-101.278046885571,-111.313866490572,-65.3436417731091,-58.343952813554,-63.3552214623447,-43.2266587695042,-135.962930845377,-89.4097317809458,-49.1273850761113
01-Feb-2025 05:31:16,249,55,-0.00264376858249307,0.406405119101206,0.08310906291008,0.534867827097575,-0.0253252394497395,-0.80705304145813,0.248878386616707,-106.698120281671,-114.235066148852,-68.0003570995082,-57.5338366012741,-65.0617190274757,-43.3698621574734,-133.711890284203,-84.137259180118,-46.4943515147773
01-Feb-2025 05:31:52,249,56,-0.0092915582160155,0.407397401332855,0.0832400158047676,0.533681643009186,-0.0366029078761737,-0.811424346764882,0.235445764660835,-110.018659372417,-116.768091413666,-68.3915613156655,-58.9653264174579,-65.64406645419,-44.0826470086529,-131.954191888295,-78.8938899845772,-43.6759021216672
01-Feb-2025 05:32:27,249,57,-0.0137813008700808,0.408748265107473,0.0816871027151744,0.535818874835968,-0.0413749193151792,-0.81300718386968,0.224066086610158,-112.139431310486,-119.857029481747,-68.7000099767018,-61.2926192478737,-67.9143388116958,-44.8552225914374,-130.81816457502,-72.6150724916797,-42.8647448126692
01-Feb-2025 05:33:03,249,58,-0.0182006555298964,0.409418437878291,0.0801012059052785,0.540375451246897,-0.0512021442254384,-0.813542898495992,0.208616156379382,-114.410319672216,-122.623923951462,-68.8920808601777,-63.8428135854054,-70.6535736345974,-45.4326935400245,-128.94297280306,-67.918530850104,-43.2072335457271
01-Feb-2025 05:33:41,249,59,-0.0209348781655232,0.410296320915222,0.077307798465093,0.545883961518606,-0.0590457081794739,-0.813855036099752,0.190169150630633,-116.531266245778,-124.479796621994,-69.2509628548734,-67.5544586764951,-74.0022896901968,-46.5876121715129,-126.773198801759,-66.6381271341891,-43.4515452998131
01-Feb-2025 05:34:21,249,60,-0.0241986230015755,0.411880934238434,0.0747936780254046,0.551315426826477,-0.0643397241830826,-0.815210481484731,0.165358873208364,-118.652241925254,-126.480158392935,-69.3932504051789,-72.2218291443637,-76.9807463621453,-48.3312546444519,-124.531133685787,-65.9407923811046,-43.871768564413
01-Feb-2025 05:35:01,249,61,-0.0260258467247089,0.412797602017721,0.0724374110500018,0.555348440011342,-0.0750471646587054,-0.814834976196289,0.14832402964433,-120.623232157689,-126.077764714079,-69.8022407332894,-76.9170623006219,-79.7740733422682,-49.6942590381163,-121.952923012479,-66.1349921094354,-43.8549475842699
01-Feb-2025 05:35:40,249,62,-0.0292425483465195,0.413177784283956,0.0682875628272692,0.558740723133087,-0.0885168100396792,-0.8144144932429,0.129238654176394,-122.819229666602,-126.123993310326,-69.3695824503023,-78.4012268010748,-84.2748354764783,-51.7669443921433,-119.056639560504,-65.4999590784739,-44.2196044817554
01-Feb-2025 05:36:22,249,63,-0.0307730551809072,0.413983198006948,0.0650807455182076,0.562924671173096,-0.0960725088914235,-0.813686875502268,0.108625962336858,-124.902730813755,-126.919533044124,-69.7160998617665,-82.6298569736251,-89.4043151877321,-53.8944702263516,-116.376319719195,-65.8753096678665,-44.4000003180551
01-Feb-2025 05:37:04,249,64,-0.0334429504970709,0.415148051579793,0.0605240859091282,0.564120960235596,-0.102156168222427,-0.814298621813456,0.0908265024423599,-126.929983780027,-128.089728346697,-69.2522051204563,-85.230719982224,-93.4981536875076,-56.1994163006506,-114.028981683219,-65.180852067436,-43.5132656237619
01-Feb-2025 05:37:45,249,65,-0.0364311543603738,0.414781717459361,0.0545795174936453,0.564309815565745,-0.121111013988654,-0.815042543411255,0.0509137831628323,-128.44264225809,-125.899699842514,-67.6460993551805,-88.4004505609854,-96.8101031309255,-58.3728091176795,-107.65048583793,-63.4911413446963,-42.5620619984675
01-Feb-2025 05:38:28,249,66,-0.036744570483764,0.413869885603587,0.0489809818565845,0.565918902556101,-0.135134186347326,-0.8132972240448,0.00470897583290935,-129.866238690933,-123.728335230524,-65.9123905517111,-93.1507393487589,-100.838142271474,-60.2530569947311,-99.9677354439746,-63.8964785745008,-43.856575740525
01-Feb-2025 05:39:08,249,67,-0.0405695726474126,0.413000162442525,0.0424848218758901,0.56111794312795,-0.154257120688756,-0.812629810969035,-0.0313727222383022,-131.845304101166,-119.466302564632,-62.8398802291449,-95.5413072410386,-106.349226260587,-62.6617324017941,-91.3328577756859,-62.2743397805773,-42.8239481662583
01-Feb-2025 05:39:48,249,68,-0.041311231503884,0.412934096654256,0.0339015456537406,0.556941405932109,-0.160980341831843,-0.81060239871343,-0.0826158195734024,-132.902104000093,-115.433935871788,-60.4479691470304,-100.952014685571,-110.201832673984,-66.1596215738627,-81.6219164702305,-62.1134629747899,-42.8027499338295
01-Feb-2025 05:40:31,249,69,-0.0453604931632678,0.413356524705887,0.0263263426721096,0.545888066291809,-0.176206215222677,-0.808680339654287,-0.130359955628713,-134.772771143369,-111.291402165468,-59.3713576851416,-106.59779190623,-113.900200299521,-71.4021176284341,-73.6229433461917,-59.9832171630704,-41.5622663723196
01-Feb-2025 05:41:07,249,70,-0.0456363673011462,0.413180653254191,0.0179940012594064,0.538355549176534,-0.171215685208639,-0.812950964768728,-0.14131257434686,-130.975371908818,-100.49378495241,-58.1273960333657,-108.086104014953,-117.446448531129,-74.2919171242569,-71.1299543128613,-42.2432868483845,-39.9371401462693
01-Feb-2025 05:41:44,249,71,-0.0433400884270668,0.414466694990794,0.0115632283190886,0.530730517705282,-0.173484938343366,-0.813112910588582,-0.164546333750089,-134.618939485353,-97.4686259859831,-56.2747592866462,-113.495683567707,-121.141637065773,-76.1553683407055,-68.239957324885,-30.123514282216,-41.0446925879487
01-Feb-2025 05:42:23,249,72,-0.0403749443590641,0.412893348932266,0.00478650645042459,0.535730063915253,-0.132844329873721,-0.815773256619771,-0.172799601157506,-126.586189563347,-89.9005466964048,-53.9375071775096,-115.35393892604,-123.813745260874,-75.853667080225,-68.6338335403367,-27.9317896731874,-39.9743658132219
01-Feb-2025 05:43:02,249,73,-0.0403063466151555,0.41168817281723,-0.00066589293613409,0.542112823327382,-0.0879418298602104,-0.812926721572876,-0.193726835648219,-118.201181344112,-89.1130819684842,-52.2730862946371,-119.355011145381,-127.198088531734,-76.870378749901,-67.728457767127,-27.2201045012882,-39.9997087054275
01-Feb-2025 05:43:35,249,74,-0.0358189361790816,0.409765466054281,-0.00611822347467144,0.547345240910848,-0.0325841121375561,-0.806339943408966,-0.221737187107404,-106.040043976264,-82.4159245213925,-50.0450810248967,-124.802491795226,-124.188549340473,-70.4462968846552,-66.3984559995865,-27.3234390479536,-40.0478864310993
01-Feb-2025 05:44:07,249,75,-0.0375321524838607,0.405864232778549,-0.010447679956754,0.553799935181936,-0.00280999649936954,-0.799596881866455,-0.232255415121714,-95.5158420341078,-77.4139207147153,-48.0602835617222,-120.548176660323,-122.782068918152,-67.2768182519485,-62.0061412348807,-53.3342834539012,-27.3574815735044
01-Feb-2025 05:44:52,249,76,-0.0357020015517871,0.405459147691727,-0.0167412942896287,0.556969062487284,0.0367419376969337,-0.797288497289022,-0.229709751407305,-88.2101078047984,-76.7094937282452,-46.1220900018308,-125.017963633046,-131.627117880301,-71.7346412355114,-64.0326699715922,-53.4488827894902,-38.5227854242757
01-Feb-2025 05:45:32,249,77,-0.0329933556417624,0.405351887146632,-0.0299789392699798,0.554062088330587,0.0848702584703763,-0.793477793534597,-0.237076479196548,-78.4636074319122,-69.9038551518788,-40.3071983935809,-127.324801659582,-135.097931534685,-75.8061150272089,-64.6936204590125,-53.4403595898996,-38.5159436292305
01-Feb-2025 05:46:10,249,78,-0.0297145564109087,0.402465011676153,-0.0305349852889776,0.556801187992096,0.118092574179173,-0.784598366419474,-0.245829170942307,-69.3717239872377,-64.3226107805642,-36.3039577611518,-126.450165213024,-128.681627535186,-70.309414222974,-62.9467818217871,-52.3202751227193,-38.8480290112769
01-Feb-2025 05:46:43,249,79,-0.02815790536503,0.397626608610153,-0.022942615672946,0.56042206287384,0.120802248517672,-0.778855435053508,-0.254397757848104,-65.455842871047,-61.8770661472623,-34.3439897957902,-125.487142379074,-118.450503489376,-63.9186913725011,-58.0261144152251,-51.5013686358822,-26.153753150352
01-Feb-2025 05:47:12,249,80,-0.0290846649557352,0.393452652295431,-0.0168881438672543,0.560949369271596,0.130267343918482,-0.770715689659119,-0.27269690434138,-61.7411159869091,-59.9626200652234,-32.9119345743838,-125.528750926851,-109.947600030094,-58.9609248730451,-52.5784997275018,-35.3295718321478,-19.3942090837
01-Feb-2025 05:47:51,249,81,-0.0246928447236617,0.392369339863459,-0.0145470762625337,0.560188380877177,0.14807797173659,-0.765277254581451,-0.28037948012352,-58.2019662187978,-58.3137232588159,-32.0438357249551,-129.147675165491,-110.933806864078,-54.9446365490976,-52.5674113991977,-46.5063298699644,-32.3270309141843
01-Feb-2025 05:48:30,249,82,-0.0229181844741106,0.390941343704859,-0.00850110873579979,0.56014635960261,0.163266151150068,-0.755582312742869,-0.297784469525019,-54.8256050086997,-57.3226010902242,-34.9827150615151,-132.455257249563,-104.739568844693,-51.0990873129042,-50.0245862506033,-46.0823653285567,-31.9310356932369
01-Feb-2025 05:49:02,249,83,-0.022148339326183,0.388066291809082,-0.00520580584804217,0.55891676346461,0.173069460193316,-0.749895970026652,-0.308731112877528,-51.1556380776081,-55.3103662405404,-31.9500834910695,-130.65716825635,-93.0051083986254,-47.3389076205879,-46.8158926918637,-43.233039497537,-21.1956319465736
01-Feb-2025 05:49:32,249,84,-0.0237007789313793,0.382418157656988,-0.0061695721000433,0.56413916349411,0.170660600066185,-0.751847541332245,-0.295545496543249,-45.2395728556261,-50.7108678790498,-28.2211482777213,-123.137679184821,-90.1755793485792,-46.5992394011226,-43.3892919726826,-26.0990869840166,-13.8573563144357
01-Feb-2025 05:50:13,249,85,-0.0215402939667304,0.379923699299494,-0.0147444431359569,0.564371426900228,0.170618789394697,-0.759516394138336,-0.274789037307103,-39.6626062033957,-46.4185913472861,-25.2118353376217,-120.191772343972,-97.735994691862,-52.0309135676266,-42.6462241509652,-38.9212941480929,-26.7717285508686
01-Feb-2025 05:50:48,249,86,-0.0261507283896208,0.376358020305634,-0.0145705983042717,0.568721783161163,0.162627084056536,-0.757369379202525,-0.276585378249486,-34.1051888360412,-42.054925730386,-23.3123335341464,-111.957656618461,-92.4163822318094,-48.3982589271153,-28.7699227779798,-20.1465811509679,-14.5624247215871
01-Feb-2025 05:51:33,249,87,-0.0222262424727281,0.375726310412089,-0.0155856017023325,0.572707064946492,0.163476342956225,-0.764548818270365,-0.246469577153524,-28.1825461111246,-37.5055655709176,-21.3677372989833,-111.42943645062,-97.831755870089,-51.3334398830962,-41.77700462936,-36.1984080732421,-26.0162828594483
01-Feb-2025 05:52:08,249,88,-0.0272019304335117,0.371296455462774,-0.0157578160365423,0.576126945018768,0.148096373677254,-0.765159698327382,-0.246324154734612,-22.4522907074269,-33.388358140165,-18.4255938479762,-101.704164061614,-92.1146225575347,-47.8025386373234,-26.7507780929234,-15.2135049552159,-12.101721980881
01-Feb-2025 05:53:09,249,89,-0.0227576784789562,0.375869445006053,-0.0112112364421288,0.576169502735138,0.148872803648313,-0.768072851498922,-0.236494635542234,-39.9951593107405,-49.3473861171791,-25.6438787047218,-109.33115026848,-98.6030102197334,-50.5036059097287,-42.123606040883,-37.151460756742,-26.6276859579206
01-Feb-2025 05:53:38,249,90,-0.0288759057720502,0.376547606786092,-0.0185558856775363,0.569604102770487,0.165479139486949,-0.755772586663564,-0.277444567282995,-26.3861247443591,-37.6269522763723,-19.0002767575064,-115.933873420054,-94.9207711442237,-48.4381526316956,-19.9256068918882,-14.6177340481926,-11.5990451808532
01-Feb-2025 05:54:48,249,91,-0.0242046295354764,0.382605783144633,-0.0127765085548162,0.568832619984945,0.174024509390195,-0.754489489396413,-0.277291478713353,-41.4511385931298,-52.7917875266547,-28.8257314083104,-124.049465043982,-101.60321869986,-52.0144390784433,-44.4171941944167,-39.9731660846063,-28.2181020267322
01-Feb-2025 05:55:16,249,92,-0.0295232264945904,0.384759960571925,-0.0180224216232697,0.56007084051768,0.189333978295326,-0.740630888938904,-0.319278993209203,-23.978176649477,-36.6242573224822,-18.9857143581243,-131.496490904088,-97.7180095710685,-49.7865953875814,-16.428574722706,-13.6731774935004,-11.3860076840844
01-Feb-2025 05:56:11,249,93,-0.0205836856116851,0.389422925313314,-0.0130868314454953,0.551424368222554,0.212051573395729,-0.737662422657013,-0.326832461357117,-13.6362268096122,-27.590544391082,-14.3129614574431,-139.734233882282,-96.5739721000639,-48.9316866279146,-47.0248518638771,-43.0704785886361,-30.4033377471733
01-Feb-2025 05:56:46,249,94,-0.0268728210280339,0.385051816701889,-0.0118237469966213,0.556833306948344,0.201133635640144,-0.733709152539571,-0.333395528793335,-14.2636630528472,-29.1927112271583,-16.0009649175037,-133.117927383774,-92.6110574558151,-46.6486525532211,-20.5130563828454,-15.817811731334,-12.4012123357963
01-Feb-2025 05:57:08,249,95,-0.0254671558737755,0.381327631076177,-0.0111536980296175,0.562019817034404,0.191972030202548,-0.73969741264979,-0.316430276632309,-16.4113523220292,-32.8783323814276,-17.0307844149406,-126.624300164788,-89.2209357260129,-45.0838522113264,-8.64748505503415,-2.37696729559239,-3.66144302585334
01-Feb-2025 05:58:14,249,96,-0.0208122084538142,0.379655112822851,-0.00728302104398608,0.564507166544596,0.171358501911163,-0.754154014587402,-0.288478225469589,-40.7691681041845,-49.9806806947934,-26.4315119310655,-124.092012585564,-91.6672104534341,-47.3281687358311,-40.6300258038335,-38.6670340706316,-26.4028517666274
01-Feb-2025 05:58:55,249,97,-0.0187880830218395,0.375578596194585,-0.00501490021124482,0.572134800752004,0.17896845638752,-0.755302234490712,-0.264859602848689,-33.6320471428268,-48.0663925877075,-24.5676934565346,-115.81539482622,-86.1566834094668,-43.9020436935355,-40.9116225909378,-35.9225564510606,-26.4098495327602
01-Feb-2025 05:59:26,249,98,-0.0256167035549879,0.370039004087448,0.000654689463165899,0.582207457224528,0.165653595328331,-0.753506553173065,-0.256556532780329,-32.1224578097125,-49.6937862703958,-24.7966019866756,-108.191611976816,-81.9177554798054,-41.5406978678397,-35.0177473971942,-12.7608066341838,-10.7746418115722
01-Feb-2025 06:00:05,249,99,-0.023416872570912,0.367538336912791,0.00866092400004466,0.586040504773458,0.146586524446805,-0.759985621770223,-0.239772387345632,-34.1766342907198,-53.0920208479711,-26.4468740191527,-101.569246582382,-78.614627107297,-39.4117416504439,-33.8361362130269,-32.0404207186552,-21.8183313467237
01-Feb-2025 06:00:47,249,100,-0.0257311788698037,0.366504991054535,0.0125503620132804,0.592533755302429,0.127483164270719,-0.764789474010467,-0.218515143791835,-36.437693678788,-57.60067587299,-28.3578278027977,-100.022589915434,-83.8793985133649,-38.298980237198,-34.1106570336478,-30.0157167538003,-23.3264695100451
01-Feb-2025 06:02:17,280,1,0.00211940283576647,0.311976095040639,0.0427418164908886,0.59353635708491,-0.0219821145137151,-0.804503242174784,0.00243533939744035,-8.40000000000001,-12.075,-4.57500000000001,-6.30000000000001,-12.525,-4.80000000000001,-4.57500000000001,-6.97500000000001,-5.55000000000001
01-Feb-2025 06:02:48,280,2,0.00112987420676897,0.318585592508316,0.0423216804862022,0.59333256483078,-0.0223449795196454,-0.804601625601451,-0.00856844509641329,-15.6255279922304,-16.4148860102911,-8.50482003503314,-15.7454080389141,-16.8487924573722,-7.89677547442342,-9.13346325607705,-10.7756995124997,-9.73522492881944
01-Feb-2025 06:03:20,280,3,0.000400864332914352,0.324455966552099,0.0443062742551168,0.594266585508982,-0.0324779560168584,-0.803258216381073,-0.0238466817885637,-23.6010559844608,-22.4235220205821,-11.8533900700663,-22.0408160778282,-20.3288349147445,-9.38105094884681,-12.3231765121541,-15.6826490249994,-12.7954498576389
01-Feb-2025 06:03:53,280,4,-0.000222960024257191,0.328803672393163,0.0445385031402111,0.595199394226074,-0.0240093068530162,-0.802354129155477,-0.0372710391879082,-27.9015839766913,-26.9415330308732,-15.5863351050994,-29.0862241167424,-23.4620023721168,-10.8840764232702,-16.0285147682311,-19.4927235374991,-14.3181747864583
01-Feb-2025 06:04:26,280,5,-0.00091511495023345,0.334109904368718,0.0437965241571267,0.595180992285411,-0.0245952293276787,-0.801676392555237,-0.0496955707669258,-33.9646119689217,-28.1642315411643,-18.0114676401325,-36.0566321556565,-26.5717323294891,-12.0964768976936,-18.9416655243082,-22.6793605499988,-16.0471497152777
01-Feb-2025 06:04:58,280,6,-0.00149898140225559,0.337911899884542,0.0432554786403974,0.595865174134572,-0.0128699149315556,-0.800173338254293,-0.0670949419339498,-35.8838899611522,-31.1892738014555,-20.1576939251656,-42.5395401945706,-29.2197435368614,-13.988564872117,-21.7587225303852,-25.8542788124984,-17.4292496440971
01-Feb-2025 06:05:32,280,7,-0.00259438060844938,0.342703231175741,0.0428968504071236,0.595746147632599,-0.0120032319799066,-0.798726900418599,-0.08353311419487,-40.3812929533826,-33.8404879367466,-22.0894670851987,-49.9036982334847,-32.3118953692337,-15.8454965965403,-24.3027326614622,-28.8733376999981,-18.6379120729165
01-Feb-2025 06:06:06,280,8,-0.0032390869067361,0.347286572058996,0.041714904208978,0.594889867305756,-0.00580166671425104,-0.79750516017278,-0.100289169947306,-44.0677584456131,-37.1297880095377,-23.9890136827319,-57.1834812723988,-35.026117514106,-17.3848501959637,-26.8602193550393,-31.2144668999978,-20.134855751736
01-Feb-2025 06:06:40,280,9,-0.00416478424643477,0.351196738084157,0.0410330265760422,0.593458227316539,0.000968490304270138,-0.796032500267029,-0.11890614926815,-46.8987551878435,-40.3631310510789,-26.022446999015,-63.6710768113129,-38.3763748152284,-19.2154147328871,-28.9744443298663,-34.4916312562475,-21.6259400555554
01-Feb-2025 06:07:15,280,10,-0.00744340475648642,0.351709419488907,0.0447032814224561,0.592363977432251,-0.0295997320363919,-0.796651991208394,-0.116509128610293,-52.6920791148745,-43.6752978938316,-27.8411033385421,-61.6557065258364,-37.1934125904856,-20.0058424761663,-27.3015891574262,-34.1622509961046,-20.7791939373847
01-Feb-2025 06:07:51,280,11,-0.0104037310928106,0.351970909039179,0.0516086791952451,0.592191727956136,-0.0571516970793406,-0.797334559758504,-0.101490221420924,-56.9215358544054,-50.0859754787719,-30.1432313577566,-58.0172893653599,-35.1569591548052,-19.4440729538205,-27.3179185552986,-32.8668795250242,-20.2309829754639
01-Feb-2025 06:08:29,280,12,-0.0149746431658665,0.352986152966817,0.0559491582214832,0.588836709658305,-0.108676140507062,-0.795409409205119,-0.0937268599867821,-66.2190590001863,-54.6709084348058,-31.7870952168149,-53.3423487673834,-35.7687601136561,-20.7562047986622,-25.1038402383273,-31.838512448475,-20.2070395916682
01-Feb-2025 06:09:07,280,13,-0.0182119026780128,0.353743908802668,0.0609423679610093,0.587329451243083,-0.140810060501099,-0.792236904303233,-0.0870481972893079,-71.5256153490923,-61.3429690763867,-32.7268269957952,-50.4741464506568,-35.7546882697727,-20.9052873270977,-23.7245580639341,-30.7936475691915,-20.5952299969349
01-Feb-2025 06:09:44,280,14,-0.0218995959808429,0.354257947206497,0.066408704717954,0.584307571252187,-0.170909557739894,-0.790078409512838,-0.0717685098449389,-76.5616882995607,-65.3835935607409,-34.4394927347363,-44.4593132745553,-35.277680024522,-21.1478451973301,-22.7626739608299,-30.3405337885408,-20.0644872967329
01-Feb-2025 06:10:24,280,15,-0.0251408096402884,0.356201714277267,0.0704607556263606,0.577682840824127,-0.218829865256945,-0.784106822808584,-0.0597707512478034,-86.2625195508104,-69.3084999664819,-36.0136254536579,-39.4211646687663,-35.4692035785878,-21.7371407384608,-21.5594888933703,-29.4332955572065,-20.1992780437965
01-Feb-2025 06:11:03,280,16,-0.0265272351602713,0.354744676748912,0.0729014356931051,0.571282354990641,-0.229624179999034,-0.787454267342885,-0.028722907975316,-86.4842897254496,-67.6634338549782,-37.5004251894748,-33.4853745836755,-34.3533858035045,-21.0419917665114,-23.2768938336495,-26.8191367809993,-17.6398966206015
01-Feb-2025 06:11:43,280,17,-0.0253059928615888,0.35321577390035,0.0739879657824834,0.565906278292338,-0.238268561164538,-0.789272089799245,-0.00527132277687391,-86.3347494752842,-67.3019382238211,-35.5775916702867,-27.4937556411627,-32.9922009782501,-20.5085272122865,-23.8089735328399,-25.6289468921213,-17.0468985592229
01-Feb-2025 06:12:23,280,18,-0.0237867028762897,0.350600769122442,0.0744671498735746,0.562484741210938,-0.233395086725553,-0.792976768811544,0.0180417563766241,-83.0745540127165,-65.5572278328373,-36.4499415235963,-21.924222269939,-30.8333326279102,-19.530904866924,-25.0233906114858,-24.0257414469078,-16.0870921787525
01-Feb-2025 06:13:06,280,19,-0.0223145332187414,0.350571266810099,0.0758095433314641,0.558346048990885,-0.228073397278786,-0.796418416500092,0.0441585389276346,-81.8590309439475,-66.4209100619402,-34.2948830631546,-18.3657316843598,-28.8756225150278,-19.2312036259926,-28.9789763798595,-23.1910282235265,-15.6938816387362
01-Feb-2025 06:13:48,280,20,-0.0191510575513045,0.348733802636464,0.0718645413716634,0.558276800314585,-0.221331595381101,-0.798070673147837,0.0492198618749777,-79.640844072078,-63.9387886010865,-30.0261204458373,-16.6377624916029,-28.518491520874,-18.8954629372768,-28.9801464930971,-22.6655611110615,-15.733969018947
01-Feb-2025 06:14:28,280,21,-0.0191689769426982,0.346693287293116,0.0747593382994334,0.557906262079875,-0.215192978580793,-0.79939382870992,0.0583276584744453,-76.9963252986582,-62.9337652952544,-31.0755057500822,-13.2750539952571,-26.6366500860846,-13.2917025246688,-28.4291087787667,-20.4947170540546,-14.6407053592713
01-Feb-2025 06:15:10,280,22,-0.0165551479905844,0.348338504632314,0.0718209753433863,0.558239654699961,-0.194478508830071,-0.802912632624308,0.0766672869523366,-75.7038241939748,-62.4022301965164,-31.3387255176039,-15.0001174412781,-29.0797786280955,-18.0848857863778,-34.4657327457283,-22.9990927351997,-15.5670112225681
01-Feb-2025 06:15:41,280,23,-0.0116609431182345,0.346742316087087,0.0677984873453776,0.561589749654134,-0.161519706249237,-0.805740050474803,0.0964953700701396,-68.1922401139039,-55.1149696365338,-31.0189822655162,-13.616496061402,-29.3417295599475,-10.9110641171139,-41.1893047557978,-22.0171241802094,-14.8974793258932
01-Feb-2025 06:16:17,280,24,-0.00751427325109641,0.346499158938726,0.0644087667266528,0.562358868122101,-0.127519639333089,-0.807573362191518,0.123760059475899,-64.2461145461391,-54.1998463459288,-30.1827575036237,-12.7785322685772,-29.4130916867201,-18.0787399823634,-47.2813507874213,-23.0419835071513,-15.6800285492326
01-Feb-2025 06:16:38,280,25,-0.00505045580988129,0.345310656229655,0.065092001358668,0.557736480236053,-0.120350577930609,-0.804612270991008,0.164453282952309,-61.5577182345275,-48.8207916900128,-25.7882919868289,-5.16339726927822,-16.939159410953,-10.4421646148697,-52.4576338298218,-18.8452567750594,-11.788618332579
01-Feb-2025 06:17:18,280,26,0.00116433595151951,0.349478083848953,0.0584764731427034,0.563057208061218,-0.0948145081599553,-0.803254361947378,0.169585505127907,-63.4731865509924,-50.3597713514411,-24.1147060925829,-11.859676666742,-30.4425799339159,-18.3534636310043,-60.2510353776108,-25.7627370134505,-17.185228395929
01-Feb-2025 06:17:49,280,27,0.00509651557852825,0.349017574389776,0.0601259186863899,0.560236489772797,-0.0826277489463488,-0.798130758603414,0.205657671888669,-60.4155871814955,-45.8327681715417,-22.3765600096113,-4.71166326258721,-16.3596768562441,-10.1886998389532,-66.3529961780941,-25.6373207370832,-15.4508485992808
01-Feb-2025 06:18:29,280,28,0.00798742727686961,0.354115903377533,0.0548992904524008,0.564763943354289,-0.0635118812322617,-0.795917439460754,0.208622631430626,-63.7214539690178,-48.0977735709783,-22.1061338322769,-13.7415034576231,-34.0836119782547,-20.085904642809,-74.0842366049244,-30.5404562033366,-20.6509738726334
01-Feb-2025 06:18:59,280,29,0.0151448740934332,0.354713575045268,0.0565981698532899,0.562750367323558,-0.0408129461109638,-0.788493057092031,0.244795918464661,-59.5590538350497,-43.783783260083,-21.1445676077611,-5.66027045225439,-17.2359662001066,-10.7390937446185,-81.1301168449284,-33.4578675409004,-20.0183516809865
01-Feb-2025 06:19:43,280,30,0.0173506781458855,0.360709810256958,0.0537752715249856,0.565704540411631,-0.00891949217766523,-0.786322474479675,0.248185024658839,-61.8625202403363,-46.8302950940217,-24.4124313596546,-18.4985008466832,-37.5525299718793,-21.3202749954046,-88.8083169915191,-39.1324168141194,-24.7943557568398
01-Feb-2025 06:20:09,280,31,0.0261165139575799,0.361483063300451,0.0537310247619947,0.565936692555745,0.0081388088564078,-0.776200310389201,0.27778139313062,-58.0239199152503,-42.5320580003775,-21.9200100997527,-8.1964629410111,-17.951198518612,-10.8904523206793,-95.5276770914032,-43.110535055166,-24.8496729664432
01-Feb-2025 06:20:54,280,32,0.0221948061138392,0.365814125537872,0.0547616976002852,0.565631377696991,0.0115849720314145,-0.782139933109283,0.261120798190435,-62.6219202176418,-50.942320685526,-26.472688829269,-21.8198057867427,-40.6210672605329,-24.1175069610754,-98.4589257248847,-50.3602775737899,-28.8518720137771
01-Feb-2025 06:21:20,280,33,0.0201932482421398,0.365412892897924,0.0628572722276052,0.5574951171875,0.00840761866420508,-0.788319925467173,0.260154203573863,-61.0344038374402,-56.8038961387788,-29.0602963058364,-9.59558155744922,-17.9114621961934,-11.4293106200939,-96.9129643466895,-51.6359123343708,-28.1113993445486
01-Feb-2025 06:22:11,280,34,0.0141349846497178,0.368919177850087,0.064930667479833,0.556792179743449,0.000365685723954812,-0.796122976144155,0.237003288666407,-67.0791291159419,-65.8911279760837,-38.1653681559295,-26.7475737906429,-42.6371202287246,-27.3334887884231,-97.103397962656,-55.5494932159301,-31.9745908170388
01-Feb-2025 06:22:39,280,35,0.0129314466069142,0.368580933411916,0.072339462240537,0.551427229245504,-0.00310929187883933,-0.801406482855479,0.231659263372421,-64.5649752237954,-72.4661880054147,-38.8291721927853,-11.8626742550805,-17.58040980969,-12.1588542114082,-94.1870290757033,-57.8570471579787,-31.3896143603884
01-Feb-2025 06:23:34,280,36,0.00792393628507853,0.372183038791021,0.0731334944566091,0.554345019658407,-0.0211972869932652,-0.806892720858256,0.202919769287109,-73.2213817463247,-81.6851621307587,-47.0473423230224,-31.8843288351398,-44.4325151648738,-30.4948132617209,-92.492258937291,-61.9865876302718,-36.0805539391676
01-Feb-2025 06:23:55,280,37,0.00734573959683379,0.370678969224294,0.0820562288165092,0.551330586274465,-0.023787184804678,-0.814487556616465,0.179105416933695,-68.413068476192,-88.8510933041092,-47.1926954999504,-14.3842604730101,-17.1390284071653,-12.8610691256975,-84.4332881731491,-66.9521213676873,-35.1594515356617
01-Feb-2025 06:24:52,280,38,0.00310548203997314,0.374875102440516,0.0827319319049517,0.557073458035787,-0.0448911095658938,-0.815570584932963,0.149995299180349,-76.9723953097281,-98.140503001463,-54.2516402002236,-37.748330639786,-44.0727455930123,-33.0424733965062,-84.3672170961421,-69.8606517376639,-39.1573281410133
01-Feb-2025 06:25:25,280,39,0.00633745069305102,0.373434841632843,0.0879023094971975,0.561144677797953,-0.0618950689832369,-0.813771673043569,0.138062692681948,-76.6762264477989,-97.2800276653098,-51.1226879787915,-18.4022836618115,-17.2812593943981,-14.3731686569882,-77.5926839658329,-74.6222706399031,-39.7666088231608
01-Feb-2025 06:26:24,280,40,0.00690033712113897,0.376958854993184,0.0847770248850187,0.574663507938385,-0.0877017289400101,-0.806732062498728,0.106083323558172,-84.7844676117869,-101.187921960157,-56.3971336381957,-41.5597713160637,-45.6340741816735,-34.7076510191785,-77.5788757573074,-81.0821387002826,-46.2181342575226
01-Feb-2025 06:26:58,280,41,0.0091569888095061,0.376209030548732,0.0899468476573626,0.582438317934672,-0.115621415277322,-0.79895232518514,0.0952495808402697,-86.7449137887336,-99.4550010705054,-52.4482782380181,-21.3940262864286,-18.5340394618922,-15.3690269322225,-70.1454300096739,-86.7411313397322,-46.3657820679917
01-Feb-2025 06:27:56,280,42,0.0124116361141205,0.379668740431468,0.0870556309819221,0.595549400647481,-0.127091105779012,-0.789697666962942,0.0744740337133408,-92.8314624721596,-104.276672588604,-56.4127723080495,-44.8166649148506,-46.9575799885841,-36.6438496206938,-71.3771654924863,-93.3496862687169,-51.6864910665143
01-Feb-2025 06:28:24,280,43,0.0107672476520141,0.379958693186442,0.0891915534933408,0.594605811436971,-0.143949276208878,-0.786543051401774,0.0840985725323359,-95.7636046080797,-97.1698621104291,-51.1184810136987,-26.3951439967089,-22.6421981443807,-18.4499697004001,-69.2397236347144,-87.5018892403109,-46.8030931085717
01-Feb-2025 06:29:19,280,44,0.00906074363738298,0.382733565568924,0.0829444333910942,0.591462512811025,-0.149873427549998,-0.786645571390788,0.0943335066239039,-100.66477237062,-100.551699734192,-54.3275270869,-43.8832189930815,-49.1452101117964,-37.1094514739634,-75.981077084554,-89.8789827842887,-46.8879604476424
01-Feb-2025 06:29:49,280,45,0.00588521603494883,0.382904952764511,0.0838051786025365,0.587235458691915,-0.180342211325963,-0.781476088364919,0.109207751353582,-105.125452946469,-91.6278614089242,-48.5132418438776,-29.3010919467112,-27.2574189850202,-20.8706140944549,-74.0368281881994,-80.5435216144583,-42.1819604352198
01-Feb-2025 06:30:40,280,46,0.00373293403536081,0.385305974880854,0.077437424659729,0.58398730357488,-0.190433902541796,-0.781022123495738,0.112686451772849,-111.240889928974,-93.3511851091404,-50.1122909427432,-42.0338638789692,-51.4492263111493,-36.0826171384106,-80.7247781187477,-81.1767830877239,-42.1305267470506
01-Feb-2025 06:31:07,280,47,0.00240189313578109,0.386320773760478,0.0799726744492849,0.574737580617269,-0.212064014871915,-0.777363495031993,0.14286919037501,-115.708705114807,-85.023089822099,-49.1930072125528,-31.8240853005418,-32.23083286373,-22.7700403940985,-83.3288274627473,-78.1694058825374,-37.506376221008
01-Feb-2025 06:31:52,280,48,-0.000385771631651248,0.388969703515371,0.0722161625822385,0.570586983362834,-0.222498329480489,-0.777668166160584,0.141976065436999,-121.077709402303,-83.1442850414285,-48.6645570678345,-40.8930314667714,-54.0823390295373,-36.4451737556522,-86.0659265134727,-72.816709338125,-38.1708672760287
01-Feb-2025 06:32:30,280,49,-0.00365073209007581,0.390865166982015,0.0706841667493184,0.561412592728933,-0.243731330831846,-0.776228809356689,0.151260701815287,-126.82230824063,-80.4401255139436,-47.5815237158521,-40.7763400053297,-56.4187950019577,-35.0391621701392,-88.2695504175609,-68.0163531240995,-36.6796791215812
01-Feb-2025 06:33:07,280,50,-0.00630610749746362,0.392400946219762,0.0677734524011612,0.55311328570048,-0.263588802019755,-0.773944942156474,0.159987166523933,-132.304704354374,-78.5232886130515,-45.6211987602378,-40.2668297300522,-57.8477258776844,-35.6925781110927,-90.2814367483306,-60.7171670752676,-35.3106513623994
01-Feb-2025 06:33:45,280,51,-0.00667086793109775,0.394158377250036,0.0645962243278821,0.550383667151133,-0.277165655295054,-0.770961785316467,0.160857019821803,-137.130999105826,-74.1501130254558,-45.2472280028074,-41.2859100478569,-61.2978942050645,-36.0257078152794,-91.672454292441,-60.5685661090324,-33.1027038008506
01-Feb-2025 06:34:21,280,52,-0.0131440225367745,0.395321470499039,0.0704209153850873,0.541018231709798,-0.303160220384598,-0.770689745744069,0.14639156460762,-142.237476440021,-77.9779138230086,-48.2228811024793,-41.1128173546033,-60.0774201958716,-34.6499377636431,-87.5351504247114,-57.3565360114908,-32.272809395576
01-Feb-2025 06:35:00,280,53,-0.0187695425003767,0.397045713663101,0.0756925384203593,0.53336808681488,-0.325578639904658,-0.76955642302831,0.131529415647189,-147.817428433643,-87.0416299488855,-50.1701227516972,-42.2593723096202,-58.6872555495921,-36.4940961528151,-84.255129360317,-56.3821521845985,-32.2831850397096
01-Feb-2025 06:35:31,280,54,-0.0231288524965445,0.397559096415838,0.0784730598330498,0.528535350163778,-0.351188399394353,-0.765236186981201,0.108308328191439,-151.384117756979,-89.2733037389244,-49.4281586756881,-43.0157510887723,-58.0372455847693,-26.0732187623914,-78.8537496975901,-55.6265914930308,-32.2636957085473
01-Feb-2025 06:36:12,280,55,-0.0280273756633202,0.399981198708216,0.0820656766494115,0.523116099834442,-0.37129318912824,-0.761611473560333,0.0918634345134099,-156.719175745171,-94.8389563610444,-55.2915917370655,-45.4520417799921,-58.1323129606748,-37.9448234821695,-74.6416907356971,-55.0554423691254,-31.854273889737
01-Feb-2025 06:36:38,280,56,-0.032816003014644,0.400930041074753,0.0905086482564608,0.514216681321462,-0.397083938121796,-0.754745507240295,0.0909110248088837,-160.463418065791,-99.6715983992049,-55.3077233671361,-38.3032884272458,-40.5999190069443,-27.0626692570489,-71.8492921242209,-52.6264990290511,-31.3248858271028
01-Feb-2025 06:37:17,280,57,-0.0371881946921349,0.404221282402674,0.091215206682682,0.514418685436249,-0.411815166473389,-0.749924699465434,0.0582637019455433,-165.137252552626,-105.412735145386,-57.1252042815534,-48.0370130525162,-56.7787943883961,-21.4536355594788,-68.0417236879532,-54.2936585808923,-32.3855146425566
01-Feb-2025 06:38:03,280,58,-0.0426022735734781,0.407034717003504,0.0918208648761114,0.508825302124023,-0.422813665866852,-0.748880044619242,0.038783227900664,-170.500883122568,-112.583119245576,-59.7683598381439,-51.5119766667951,-60.4133044374391,-41.3561621256837,-64.5515703392897,-54.4088695786914,-32.2161518970544
01-Feb-2025 06:38:29,280,59,-0.0551447334388892,0.409614688158035,0.101802984873454,0.492932945489883,-0.448303737243017,-0.744889406363169,0.0343605635066827,-174.634411734064,-118.668127022772,-62.2993527158211,-40.7575597755784,-41.3506318202773,-29.7644688237765,-56.9451245344284,-43.9231062994695,-26.3317933710742
01-Feb-2025 06:39:16,280,60,-0.0489007294178009,0.414321740468343,0.0993451371788979,0.501286951700846,-0.436554052432378,-0.746238958835602,0.0354882267614206,-178.902889366336,-125.260446638471,-66.6492642540417,-55.7384526316136,-62.0143678700136,-22.525665587813,-66.030532501468,-56.4868558817368,-32.139936954855
01-Feb-2025 06:40:00,280,61,-0.0484945843617121,0.412923606236776,0.096567868689696,0.502446734905243,-0.424144852161407,-0.752584671974182,0.0355633810162544,-177.118992342962,-122.5447410975,-65.1324079902068,-56.079294337283,-63.8374423095329,-43.9659878186218,-65.538069549939,-55.9913595771348,-32.3569438403427
01-Feb-2025 06:40:46,280,62,-0.0511170469224453,0.41237188577652,0.10049029737711,0.508508797486623,-0.401629654566447,-0.760896877447764,0.0338881860176722,-172.368832574783,-128.430863516154,-72.7327813915078,-57.3414634797655,-63.9671189157766,-44.7070325659166,-66.5185700413854,-56.9082414879053,-31.7095762532706
01-Feb-2025 06:41:31,280,63,-0.0507395582894484,0.410721218585968,0.100188999871413,0.51390118598938,-0.375042333205541,-0.770637742678324,0.0369638207058112,-165.760541434201,-129.992899914621,-73.7917696253767,-57.7142963406544,-63.8500966053825,-44.8484385714545,-68.0855522543194,-57.3313125063619,-31.3800214299187
01-Feb-2025 06:42:14,280,64,-0.0476554418603579,0.408224513133367,0.0954774086674055,0.52705591917038,-0.334186343352,-0.780799559752146,0.0297254044562578,-157.923184607417,-129.842893302995,-71.8800652755295,-59.9674610607466,-63.9847248366694,-44.6150252061138,-69.8707753279972,-56.3074780786616,-31.4343729884268
01-Feb-2025 06:42:58,280,65,-0.0438528331617514,0.406228764851888,0.0927066246668498,0.541423932711283,-0.293794926007589,-0.787338244915009,0.0253602505971988,-151.421294937533,-128.461865186321,-72.0830146338243,-63.0107917104405,-64.6201783387969,-43.9692021553338,-72.5901188320469,-57.0351909278828,-33.105677737865
01-Feb-2025 06:43:42,280,66,-0.039598968376716,0.404970119396846,0.0893474797407786,0.550688695907593,-0.258845374981562,-0.79308670759201,0.0274688011656205,-145.737138846098,-125.715326317125,-72.2182908461901,-65.3992053249352,-64.4560444763446,-43.9421742618343,-75.0265225512826,-57.8136774155648,-33.5604590827682
01-Feb-2025 06:44:27,280,67,-0.0358529649674892,0.403933372100194,0.084642668068409,0.560149296124776,-0.223953197399775,-0.797346989313761,0.0177630968391895,-139.786849543888,-125.811032071667,-69.7697304855915,-72.1851604218302,-64.7921169316025,-43.6995439469749,-77.0214563781112,-57.9425507224772,-35.5819787254038
01-Feb-2025 06:45:11,280,68,-0.0337019776304563,0.403001566727956,0.0814257418115934,0.566529210408529,-0.191256573796272,-0.801430261135101,0.0132350914180279,-133.403493636291,-124.552860138077,-69.3292518385105,-74.7948862599254,-65.0782925457154,-43.5741124214356,-79.0956552587364,-57.8966174390048,-35.1618675169058
01-Feb-2025 06:45:53,280,69,-0.0290597710758448,0.401757305860519,0.0758235812187195,0.574044557412465,-0.151532850662867,-0.804594608147939,0.0117551510532697,-126.878604426,-119.542749360423,-68.3178140481885,-78.6164974686208,-65.1895197392559,-42.7572802905564,-83.2344866662597,-57.91328086034,-35.8459408828408
01-Feb-2025 06:46:35,280,70,-0.025789874792099,0.400824397802353,0.0696385771036148,0.579822476704915,-0.107314175864061,-0.807630821069082,0.00470012680937847,-119.907948564361,-116.331669160736,-65.5208966862459,-82.9690513626162,-65.1382727225101,-42.8697478570071,-85.2556343372322,-57.061242634079,-36.0321065359925
01-Feb-2025 06:47:17,280,71,-0.0224824789911509,0.400354001919428,0.0657857785622279,0.585399218400319,-0.0640251939495405,-0.808206351598104,-0.00332394122766952,-112.48940937705,-115.220104250032,-63.556239538493,-87.2120765992616,-65.2307886006213,-42.9968652721229,-87.4179401399293,-57.0498535840199,-36.8693183327524
01-Feb-2025 06:47:59,280,72,-0.0207155251254638,0.400053014357885,0.06213781585296,0.589711205164592,-0.0213891497502724,-0.807211641470591,-0.0138788005337119,-105.896928526901,-111.93329698382,-63.1327124978349,-92.300337507232,-65.6951859261608,-42.8313076115712,-90.0258250084886,-57.9087891220617,-36.0820532013164
01-Feb-2025 06:48:39,280,73,-0.0173403035849333,0.399798679351807,0.0571026953558127,0.593508807818095,0.0196608240405718,-0.804300022125244,-0.0215000335127115,-100.092476845335,-107.633868539854,-61.7547505107243,-97.136216250865,-65.9705239754146,-42.4444124131858,-92.7814994099791,-58.602886954154,-36.5825496057826
01-Feb-2025 06:49:19,280,74,-0.0142939525966843,0.399708302815755,0.0514254900316397,0.596180299917857,0.0691827893257141,-0.799182796478272,-0.0330101499954859,-92.3570397480588,-104.928129507012,-57.2745710503875,-101.920903912329,-67.0513323865256,-42.5468484458835,-95.6860685779351,-57.6395659332716,-37.7269267781997
01-Feb-2025 06:49:57,280,75,-0.0169993533442418,0.399680219093959,0.0513695910573006,0.596784325440725,0.059660500784715,-0.798628159364065,-0.0498216258982817,-93.8742766787863,-104.569927382033,-55.9134391000694,-103.58966465713,-66.6525504231874,-42.3600974619143,-92.1694682492715,-56.7067015362801,-36.5051375052618
01-Feb-2025 06:50:34,280,76,-0.018298846979936,0.398930170138677,0.0513847030699253,0.597730310757955,0.0614002044002215,-0.796493899822235,-0.0674239526192347,-92.3962672555864,-104.572647609836,-55.6517527814447,-105.50812763139,-66.0051360503134,-41.8831792857159,-88.8025916122242,-56.3344824260448,-35.3693184243116
01-Feb-2025 06:51:10,280,77,-0.0212225186328093,0.397974226872126,0.0529395041366418,0.598180544376373,0.0508651986718178,-0.794039352734884,-0.0953639293710391,-92.8706346554229,-105.505829014029,-56.6897892786667,-106.876441720378,-65.0084054726718,-41.7111775134029,-83.4855768209852,-55.4175859591878,-34.9514844393553
01-Feb-2025 06:51:47,280,78,-0.0252426515022914,0.397613475720088,0.0523466281592846,0.599591851234436,0.0375802680850029,-0.790202112992605,-0.121070139606794,-94.2461904667776,-107.054241006417,-56.7276871838121,-108.56968136673,-67.5870167926463,-42.1416339430326,-78.3934929526502,-53.1033508140198,-35.4176430023959
01-Feb-2025 06:52:22,280,79,-0.0295708280056715,0.395899309714635,0.0499973078568776,0.599368373552958,0.0246328259507815,-0.78631888628006,-0.14782906472683,-93.5973404838914,-109.060268292903,-56.1905157929191,-108.925383791765,-70.9782990614289,-43.3983194736336,-71.1638745457674,-52.3404463296963,-34.675797839435
01-Feb-2025 06:52:59,280,80,-0.034848926961422,0.394577342271805,0.0470892921090126,0.600295344988505,0.0112645745898287,-0.780477217833201,-0.174281240502993,-93.6612876038847,-110.770103226438,-57.015809754007,-109.737317606141,-77.0259168046155,-45.6681195547203,-63.5404888696105,-50.1782071757951,-34.5299508134733
01-Feb-2025 06:53:36,280,81,-0.0387573830783367,0.393952486912409,0.0432106740772724,0.598781216144562,-0.000160230845600987,-0.778037877877553,-0.19004763563474,-93.9316332753178,-110.606841983497,-56.6473363910853,-110.102367115187,-80.9517022850041,-47.8444769110499,-57.8952195588166,-49.0413006871051,-33.9321028560113
01-Feb-2025 06:54:17,280,82,-0.041715248922507,0.394376172622045,0.0416130073368549,0.599179633458455,-0.00136485552260031,-0.777418311436971,-0.191318316260974,-94.0801782224707,-111.907032652318,-58.6819793661588,-110.543974471569,-83.8915716339938,-50.7241129050008,-56.3140084307043,-47.9670605310206,-33.2582544327991
01-Feb-2025 06:55:01,280,83,-0.042507275690635,0.394818033774694,0.0390522646407286,0.598668086528778,-2.89942418021383e-05,-0.778286556402842,-0.189384791254997,-93.9428228074837,-112.88894927702,-60.5681805102299,-110.648860751618,-88.513482917284,-54.0303882177625,-56.6148263939326,-48.7241535412389,-33.8964057767117
01-Feb-2025 06:55:24,280,84,-0.0488521471619606,0.392954411109289,0.0330643470088641,0.597415014108022,-0.00141997043974698,-0.776915995279948,-0.198732978105545,-87.8875172114266,-103.886728879663,-55.1801607387999,-105.935386493501,-92.7014151677244,-52.5999831899295,-40.9816589028315,-32.8469131346087,-22.590557004187
01-Feb-2025 06:56:14,280,85,-0.0434805708626906,0.394427247842153,0.0275178083529075,0.593317170937856,0.00343105550855398,-0.783861370881399,-0.183096521099408,-91.9982365248345,-107.817439971276,-57.1800305096192,-109.012731966301,-99.0723579017399,-58.9262379917992,-57.2814986845654,-48.102506019554,-33.8877081734432
01-Feb-2025 06:56:50,280,86,-0.0452707027395566,0.394139031569163,0.0227064467966557,0.591394400596619,0.00650739452491204,-0.78608283996582,-0.179677846034368,-87.0169682929749,-102.089616807374,-53.7238450515632,-105.56048730456,-104.434805877543,-58.1058227085203,-56.0978421027172,-44.1245155502873,-21.4613593135903
01-Feb-2025 06:57:36,280,87,-0.0439506406585376,0.396538917223612,0.0220076414446036,0.593787348270416,0.0176086178670327,-0.781959557533264,-0.188800982634226,-88.6629683720257,-101.048699508121,-56.6644705491914,-112.471073577824,-107.080214291147,-56.8974283650397,-58.4322516382537,-47.1932081943542,-34.7342499083213
01-Feb-2025 06:58:05,280,88,-0.0492022432386875,0.398177818457286,0.0183351473261913,0.588982319831848,0.0178019487609466,-0.775785036881765,-0.22569984793663,-91.3359715647596,-100.330648644988,-54.7160822396008,-119.099262317453,-106.435999015199,-56.264866500272,-41.2457870828942,-32.4785049998681,-23.4762654957752
01-Feb-2025 06:58:53,280,89,-0.0445469128588835,0.404286495844523,0.018129916364948,0.589704819520315,0.0314058072865009,-0.773751723766327,-0.229282013575236,-96.9224763143351,-108.099030999917,-59.0981870264007,-126.936252290265,-110.071971894473,-64.0202208748607,-62.2238854820872,-51.7721038861054,-37.1528435795903
01-Feb-2025 06:59:28,280,90,-0.0430549191931884,0.407253579298655,0.0172669820487499,0.58383891582489,0.0335041706760724,-0.769674634933472,-0.256145652135213,-99.6157318423313,-105.410629963875,-56.670538361396,-134.552642879667,-108.72303885136,-60.3695333691277,-61.7842653585563,-52.6698538127045,-25.2717029115862
01-Feb-2025 07:00:14,280,91,-0.0401496368149916,0.412257957458496,0.0192018155008554,0.583701185385386,0.044993931800127,-0.762378903230031,-0.27576603492101,-103.187362759538,-105.443837232349,-59.6880129704889,-142.883733777365,-112.756652847052,-59.5658249232337,-65.5607859736634,-55.3196792594845,-40.1367028676722
01-Feb-2025 07:00:42,280,92,-0.0482543187836806,0.415314988295237,0.0179461561143398,0.577527463436127,0.0400875474015872,-0.749684492746989,-0.320668226480484,-106.89818137135,-106.31284865308,-61.6030492166306,-150.747174829211,-111.156540362147,-59.1356060072593,-47.5953769580892,-38.6705424663548,-27.0497731358036
01-Feb-2025 07:01:20,280,93,-0.0421539490421613,0.421093853314718,0.0172884590923786,0.571298929055532,0.0484512368837992,-0.75188322464625,-0.325486824909846,-112.628593830464,-109.849762149941,-62.8168662812967,-158.976790958131,-115.289564636944,-63.3171318562446,-67.9590031271749,-30.9719245532703,-40.6368785599574
01-Feb-2025 07:02:07,280,94,-0.0395413604875406,0.420290021101634,0.0140579345325629,0.568818493684133,0.0556866462032,-0.75401109457016,-0.323746506373088,-110.516312294745,-102.782266945837,-60.0148424034081,-159.331055335457,-115.868567521624,-63.3856837204233,-68.2718282137178,-59.4880512571773,-40.8096926683037
01-Feb-2025 07:02:52,280,95,-0.0374416450659434,0.418691845734914,0.0120735331748923,0.567432069778442,0.0616185411810875,-0.754931775728861,-0.322958272695541,-107.408929220852,-104.256747260767,-57.4875137301507,-158.089363482052,-114.54335459623,-62.1696717758419,-67.6669120964255,-58.7418076810957,-41.0135155656557
01-Feb-2025 07:03:32,280,96,-0.0359457977116108,0.416173605124156,0.0125037243589759,0.570473325252533,0.072676283121109,-0.753337975343068,-0.318998829523722,-103.428995377872,-102.202215335212,-55.4725326592087,-156.274693513281,-111.891033765799,-59.9363779268806,-66.3031253772156,-40.9643789650192,-40.3328428575106
01-Feb-2025 07:04:18,280,97,-0.0333141619960467,0.412472846110662,0.00991603725900253,0.568144484361013,0.0794171800216039,-0.753076843420664,-0.32214910586675,-99.0877861503474,-95.6831772894152,-53.1887253894246,-153.273534486827,-108.800158982849,-58.0944431257291,-62.6849033570467,-55.921357678946,-38.9849223466168
01-Feb-2025 07:05:01,280,98,-0.0310680375744899,0.408625143766403,0.00832428578287363,0.566889655590057,0.0928603738546371,-0.752098743120829,-0.323048780361811,-93.7409392305515,-89.5568861834976,-49.7205050202194,-151.254130931532,-103.915007223639,-56.1481878484827,-59.8894636863985,-54.3205401078742,-36.9283779343488
01-Feb-2025 07:05:43,280,99,-0.0281813704719146,0.404673155148824,0.0100106507539749,0.566705393791199,0.10155227681001,-0.750669066111247,-0.324080415566762,-85.4912734646198,-83.8519685475195,-47.0100781013035,-148.750605111816,-99.4827169763002,-53.6997723331888,-56.4554151905105,-53.215824394303,-35.1175215713937
01-Feb-2025 07:06:21,280,100,-0.0240231289217869,0.399449040492376,0.00839395994941394,0.565339581171672,0.1396238108476,-0.743831129868825,-0.328042107820511,-75.1901982756201,-75.4327376465112,-44.4535479075325,-146.455018159889,-89.3518574848963,-47.7752766988712,-53.1520622820027,-49.134159609482,-32.2295092330949
01-Feb-2025 07:07:53,110,1,0.00428487025201321,0.310674061377843,0.04168910831213,0.592724466323853,0.0104880233605703,-0.805266877015432,0.0106288228183985,-5.77500000000001,-12.75,-4.80000000000001,-5.62500000000001,-10.275,-5.25000000000001,-6.37500000000001,-6.07500000000001,-6.00000000000001
01-Feb-2025 07:08:22,110,2,0.00276847685066362,0.316651819149653,0.0385813352962335,0.591243402163188,0.0231394158055385,-0.806157008806864,-0.00259331717776755,-9.47196306292137,-12.5950372736291,-7.8649317303068,-15.9592521826489,-15.6375977668456,-8.46746358844209,-11.2599888560944,-8.66161742715517,-8.65447045629311
01-Feb-2025 07:08:55,110,3,0.000452445973254119,0.322055693467458,0.0361387826502323,0.592902680238088,0.0520746740202109,-0.803380966186523,-0.0182676752408346,-10.5251761258427,-20.7650745472581,-9.50486346061359,-24.9247543652977,-19.4439455336912,-12.4724271768842,-16.8012277121887,-10.2919848543103,-9.5089409125862
01-Feb-2025 07:09:28,110,4,-0.000627146851426611,0.327160410086314,0.0334510544935862,0.593504957358042,0.0704525763789813,-0.800687928994497,-0.0410750272373358,-13.1815141887641,-23.8726118208871,-10.5072951909204,-34.5558815479466,-23.1471683005368,-14.7711407653262,-20.120591568283,-13.2442272814654,-9.68841136887929
01-Feb-2025 07:10:01,110,5,-0.00113651152544965,0.331055603424708,0.0312946838637193,0.592528835932414,0.0937662973999977,-0.79789099295934,-0.0590545723835627,-13.7894147516854,-26.8488990945162,-11.6409769212271,-42.0448212305954,-25.5238285673824,-16.5917293537683,-23.4540179243774,-15.2824072086206,-9.83038182517238
01-Feb-2025 07:10:34,110,6,-0.00247332452175518,0.335235500335693,0.0292375095188618,0.59170800447464,0.114258198440075,-0.794357860088348,-0.07630408902963,-14.9480965646068,-29.0095613681453,-12.5402836515339,-50.7126671632443,-26.9372075842281,-18.6232554422104,-26.7194755304717,-16.5635558857757,-9.95360228146547
01-Feb-2025 07:11:08,110,7,-0.00349551655041675,0.339185831944148,0.0274272592117389,0.589745593070984,0.144929364323616,-0.788355751832326,-0.0984421089291573,-14.2821690025281,-32.2624111417744,-13.2474028818407,-59.9699662208931,-29.6689459760737,-19.6352502806525,-30.4009487615661,-17.6911889379308,-10.5924477377586
01-Feb-2025 07:11:43,110,8,-0.00332662910223007,0.343587213754654,0.025120006625851,0.586950675646464,0.165047198534012,-0.783358462651571,-0.120821606119474,-14.5789367529495,-34.1113546654035,-14.5334283621475,-68.621991841042,-32.4598640554194,-21.3374794940945,-33.0904298051604,-20.317064177586,-12.1641056940516
01-Feb-2025 07:12:20,110,9,-0.00327762910164893,0.348312292496363,0.0220788079003493,0.583651884396871,0.182483591636022,-0.778364892800649,-0.142120837171872,-15.7320521596209,-36.3083450640326,-15.8089069674542,-77.5713807424409,-35.880371978515,-23.0098258950366,-36.4089147550048,-23.3170605109911,-14.7271699003447
01-Feb-2025 07:12:54,110,10,-0.00319735865729551,0.35285458167394,0.0180606750150522,0.577740037441254,0.204489239056905,-0.771602849165599,-0.17038091023763,-15.8133413944172,-37.4793589001617,-11.3041121352611,-87.4944512844647,-38.5656748234856,-24.2172308897287,-38.9169016579741,-24.5541173912713,-16.0609372316378
01-Feb-2025 07:13:33,110,11,-0.00435513913010557,0.357858977715174,0.0174057605365912,0.575027211507161,0.215102953712145,-0.76656520764033,-0.188287690281868,-18.3587175432761,-39.2623844550408,-17.7841805843178,-95.5793626468011,-43.1333751293938,-26.0921651812958,-42.219639537506,-27.4597045449889,-17.9050561254308
01-Feb-2025 07:14:02,110,12,-0.000423764575195188,0.362875201304754,0.0171419840306044,0.56220440864563,0.245769000053406,-0.758774308363597,-0.218598692615827,-14.0361371491662,-25.601415869295,-12.2816806739996,-106.495194419294,-41.5172741657707,-23.9508641213004,-45.2447529053191,-31.1245568354253,-19.8543508004739
01-Feb-2025 07:14:53,110,13,-0.00323128524857263,0.364263834555944,0.0204913005232811,0.56929098367691,0.232006681958834,-0.760889188448588,-0.207673654953639,-21.409442209463,-44.1533820170179,-19.5366955432775,-105.820092310471,-44.6942156215639,-25.6752483584808,-47.9238303243503,-31.3609346992103,-20.9085142768064
01-Feb-2025 07:15:25,110,14,0.0028561362841477,0.36408339937528,0.0186444864918788,0.56422469218572,0.247029776374499,-0.763357905546824,-0.194708709915479,-4.19075813401781,-18.4193496295843,-8.79606832271176,-104.802720304188,-45.4252067599744,-22.4580737577707,-52.2585016154518,-32.087128847175,-22.7014716984515
01-Feb-2025 07:15:47,110,15,0.00194988492100189,0.362430022160212,0.0222324784845114,0.569944190979004,0.256030108531316,-0.764093406995138,-0.160540986061096,7.99892050929851,-2.19231797457253,-0.532620057224131,-99.5642133491738,-41.6332227396935,-20.7451197381152,-56.6709698425884,-15.9582311372296,-11.2888260927529
01-Feb-2025 07:16:58,110,16,0.00131995864212513,0.364028219381968,0.0245321712146203,0.57660665512085,0.23326610426108,-0.770392481486003,-0.140025533239047,-21.4759035634499,-44.4937866857726,-20.6577612692753,-98.8901389197946,-44.4297511400668,-24.284276008987,-59.3223365377427,-32.5017874983291,-21.4733789733822
01-Feb-2025 07:17:28,110,17,0.00742528702442845,0.362511986494064,0.0210365584741036,0.576773965358734,0.244168250759443,-0.771671430269877,-0.110620618363221,-0.905900848240442,-15.4489998189688,-6.79014452028717,-92.6037747047858,-46.3049498476289,-24.2348946542982,-62.5694842244678,-32.9663594234933,-22.2171255421917
01-Feb-2025 07:18:26,110,18,0.000732469946766893,0.364809475342433,0.0211225350697835,0.587081384658813,0.22449044585228,-0.771828043460846,-0.0960260813434919,-23.0770238120476,-45.323838043719,-20.7946751406835,-92.6710186211856,-51.4397766603546,-28.9860408722412,-65.1513565281972,-32.9365448664188,-22.8476717325833
01-Feb-2025 07:18:50,110,19,-0.000923801966321965,0.362366032600403,0.0139016342659791,0.592097520828247,0.234099124868711,-0.767304841677348,-0.0765602191289266,-2.04370961536223,-16.0084888142441,-6.96027944577252,-85.1150666032898,-54.9794175256621,-29.2374508765001,-63.7255911404289,-27.3345370682251,-16.746617733766
01-Feb-2025 07:19:45,110,20,0.000202806998277083,0.364293434222539,0.0160847879946232,0.595947110652924,0.215922380487124,-0.771419684092204,-0.0560022997359435,-23.7581768384314,-43.7230458576586,-21.5064205932074,-85.5975166182461,-60.5714654172605,-33.163992773917,-68.3960069069117,-33.1964326494715,-23.779763640344
01-Feb-2025 07:20:12,110,21,0.0017646809341386,0.362924385070801,0.0117730825518568,0.60153538386027,0.221379052599271,-0.767305612564087,-0.0197153450300296,-3.02153477137709,-15.877556037516,-7.41783016181575,-76.9741676496286,-65.1647168220043,-34.0531006179129,-72.13951325052,-33.0902799204382,-20.4300094996199
01-Feb-2025 07:21:07,110,22,0.00108822494900475,0.365237615505854,0.0116637616728743,0.603830361366272,0.201115047931671,-0.771163121859233,-0.015782829746604,-25.9343380592618,-43.3520427855966,-22.8118739410103,-79.322919189224,-71.1335699833209,-37.9984914351982,-73.6945648826911,-37.2001030362649,-25.9138053352447
01-Feb-2025 07:21:32,110,23,0.00480318308497469,0.364259155591329,0.00678491139163574,0.611553434530894,0.195805071791013,-0.766191021601359,0.0247814265390237,-4.37186402461525,-15.5365178177871,-8.17223482549845,-69.907720982926,-75.6902240229238,-38.8970237391283,-76.2553891591436,-40.7179140745217,-24.1893761590438
01-Feb-2025 07:22:27,110,24,0.00441831809779008,0.367488177617391,0.00722468656798204,0.613332398732503,0.180187954505285,-0.768278861045837,0.0332155642410119,-29.6467513287039,-43.4009869920343,-23.965754262633,-72.8355479036813,-80.4407785016699,-43.2971267863808,-79.2440997577368,-48.1397190739934,-25.7608344769302
01-Feb-2025 07:22:53,110,25,0.00651631088306506,0.365748039881388,0.00172737916000187,0.620715626080831,0.165966468056043,-0.764276826381683,0.0552104962368806,-6.64031930215926,-15.930453237308,-8.85085297609102,-62.1348873879632,-85.5882831999875,-44.3480152052945,-76.5967535174004,-51.0635210540727,-26.8052365418602
01-Feb-2025 07:23:50,110,26,0.00989886025587718,0.36916236281395,0.00905578695237636,0.615206356843313,0.159253509839376,-0.769836461544037,0.0592562320331732,-33.6423248850485,-44.388201785775,-25.7242115883175,-67.8156914956784,-85.724833297511,-44.9266598315165,-82.3662688953119,-56.4990161775323,-32.0860361836181
01-Feb-2025 07:24:18,110,27,0.0189618214964867,0.368219776948293,0.010916721696655,0.610591113567352,0.17710453470548,-0.769596048196157,0.0594506551822027,-9.53650063527862,-17.1621996019978,-10.0829650196249,-66.2643737442753,-76.4731209499274,-39.4930008006539,-81.3642700634909,-61.3350105461437,-32.4350717621369
01-Feb-2025 07:24:40,110,28,0.0300630529721578,0.36802804072698,0.0198334030807018,0.597935740152995,0.180586157242457,-0.77863001426061,0.0599732607603073,2.09823853082011,-4.0193220520993,-2.48441586047269,-67.021995063313,-69.0522773797903,-35.4031899412489,-82.6765141268038,-67.1462545373311,-37.7432253090362
01-Feb-2025 07:25:39,110,29,0.0329018307228883,0.371805121501287,0.0265363761534293,0.593310058116913,0.174159859617551,-0.783185005187988,0.0653668786088626,-34.1275648449172,-46.068006819141,-26.1322154060905,-71.1090859175711,-69.7468681983763,-35.7353031675728,-86.5708796376836,-72.9201233398065,-41.7059378401256
01-Feb-2025 07:26:07,110,30,0.0414455153048039,0.372986116011937,0.0302470825612545,0.581360646088918,0.199966364105542,-0.785100682576497,0.0751681263248126,-10.7336394915716,-18.5874727446512,-10.8031893040937,-71.9859115394394,-59.724176211324,-30.5533784367611,-91.2313058723468,-77.3253045479258,-41.6209298633102
01-Feb-2025 07:27:01,110,31,0.0417408396800359,0.37611789504687,0.0353300355374813,0.577559006214142,0.190974400440852,-0.790560114383698,0.0704919879635175,-34.6298497736855,-49.1923292493973,-26.6107503782892,-75.0076045451128,-55.5178428214525,-34.3894347273815,-93.5747624689017,-82.9211419588672,-47.4620616325424
01-Feb-2025 07:27:28,110,32,0.0510008352498213,0.377196143070857,0.0371147712071737,0.565957887967428,0.208524169524511,-0.794650332132975,0.0688493738571803,-11.6711278735281,-20.7898810437596,-11.3366050405812,-76.7017312426888,-46.7196887301714,-27.0594815287181,-94.8347342464025,-87.6123074712195,-46.8912632747983
01-Feb-2025 07:28:28,110,33,0.049989377707243,0.381509691476822,0.0384810249010722,0.567638711134593,0.198550983270009,-0.795918464660645,0.0698400944471359,-37.6599398822362,-51.7587804829319,-27.3216064969211,-79.8320747862161,-53.0256242881854,-34.6965235854126,-99.0779636143762,-93.3511370342773,-52.1144998535661
01-Feb-2025 07:28:51,110,34,0.0560561520357927,0.383428726593653,0.0373922387758891,0.560792187849681,0.211169197161992,-0.797606607278188,0.068871941169103,-13.9475188453758,-22.5633537445072,-11.9111813502853,-81.8805267527189,-39.5086046708471,-24.2420632697863,-100.762821777586,-98.2637986226879,-51.9097539005898
01-Feb-2025 07:29:12,110,35,0.0547921575605869,0.384439392884572,0.0406223269800345,0.556964667638143,0.221436232328415,-0.795232820510864,0.091439214348793,-5.65889358770089,-11.9374047798325,-6.59396820344422,-79.2190465986732,-32.7526333030241,-19.1557195566042,-105.859628888425,-92.4481326133367,-48.0734997465315
01-Feb-2025 07:30:20,110,36,0.0491903056701024,0.385076908270518,0.0398794737954934,0.564978082974752,0.206259285410245,-0.792210149765015,0.103247402111689,-39.4324600686344,-54.0328742707598,-27.777898405859,-79.6995935503714,-54.1909231413627,-35.3465002503417,-107.691843198073,-95.6884246103237,-48.7677499595371
01-Feb-2025 07:30:43,110,37,0.0494109434386094,0.383472955226898,0.0411700477202733,0.558203224341075,0.229530239105225,-0.786667450269063,0.129920380314191,-22.4621224188716,-31.6640529894867,-16.612400282902,-75.8261540549415,-37.1513435827826,-23.2508431475392,-110.891761107125,-85.5316956104798,-43.7772523560747
01-Feb-2025 07:31:38,110,38,0.0421597525477409,0.382622609535853,0.0394699941078822,0.563735802968343,0.219995910922686,-0.785182193915049,0.131501571337382,-36.4448327037608,-53.7130863221144,-26.9971879972588,-75.8507213359476,-52.3978293257428,-33.9869671464665,-110.500530815879,-85.7764561122203,-43.5193808443783
01-Feb-2025 07:32:21,110,39,0.040087828040123,0.382056472698847,0.0368652271727721,0.567245586713155,0.22225655913353,-0.781590235233307,0.133982107043266,-36.1290669559761,-50.6460469616921,-18.7571186302729,-75.8742920051717,-51.8373477194734,-32.8139816962589,-111.088726424485,-82.6719613647532,-41.8778223785649
01-Feb-2025 07:33:05,110,40,0.0348308431605498,0.381141390403112,0.0382480576634407,0.565020938714345,0.227467035253843,-0.78162727355957,0.134420787294706,-34.6640631918545,-52.7959712547447,-25.9546207226153,-75.7473643685047,-51.3983824385892,-32.5114415214838,-111.266634983016,-76.6928389926822,-39.9194204356929
01-Feb-2025 07:33:46,110,41,0.0314179938286543,0.379523990551631,0.0376285615066687,0.565268548329671,0.229777331153552,-0.779581888516744,0.14115924735864,-33.5244404195645,-51.4043773745347,-25.8709085446219,-73.5201875788923,-50.9451753203976,-31.5941239844249,-111.08940001651,-70.7014028083093,-38.1025967542918
01-Feb-2025 07:34:27,110,42,0.0278727987160285,0.378042896588643,0.0379253782331943,0.566593917210897,0.226956600944201,-0.777008310953776,0.1540134648482,-33.2225081431902,-51.4670244076936,-24.9215892314608,-71.2928862128071,-51.1598472835523,-30.2194177662241,-111.484593287486,-65.6788097177854,-35.681562203626
01-Feb-2025 07:35:11,110,43,0.0213503965487083,0.377921076615651,0.039175367106994,0.569621682167053,0.215310057004293,-0.775809864203135,0.165202238162359,-36.3394211147737,-53.306791897537,-25.4144663507157,-69.6655225584856,-51.8584587873801,-30.1910172074524,-112.691000677202,-58.3656381741861,-32.8834222183279
01-Feb-2025 07:35:50,110,44,0.0198502251257499,0.376290881633759,0.0436042360961437,0.572986284891764,0.177838811278343,-0.782973277568817,0.164356190959613,-41.0987435715493,-53.3837695943591,-26.7771224636936,-64.7532230449232,-49.1013426830813,-29.0737765773605,-108.561806027983,-57.0235671472314,-32.0042801755016
01-Feb-2025 07:36:29,110,45,0.0172971670826276,0.374746640523275,0.0473343441883723,0.576948050657908,0.133942769964536,-0.785105180740356,0.181108302871386,-46.6752773403143,-54.4300274053523,-28.0503276847755,-56.3909079593018,-48.5277114639507,-28.8181123621259,-106.060414908449,-55.1088515070079,-31.5183617740172
01-Feb-2025 07:37:06,110,46,0.0158009181420008,0.373090881109238,0.0519284506638845,0.57760423819224,0.104085971415043,-0.787289170424143,0.188984910647074,-49.9604167650741,-56.6359252734311,-30.5538074599094,-50.2785850876508,-46.5708226874042,-27.5682363543199,-103.172925553758,-54.4828135601499,-31.1540551932038
01-Feb-2025 07:37:46,110,47,0.0112045944978793,0.372106250127157,0.0553463863829772,0.579358243942261,0.0627675960461299,-0.791549853483836,0.183992270628611,-58.1748590178312,-59.7216431700526,-32.7724245120693,-46.416258322985,-46.0223051321497,-28.2962544502282,-98.6673870814881,-53.0761144599747,-31.0755545227259
01-Feb-2025 07:38:24,110,48,0.00769063718616962,0.370625245571136,0.0588606926302115,0.578741113344828,0.0276312285413345,-0.794203154246012,0.183130065600077,-62.553952684587,-62.6472710809456,-34.2486102027423,-41.6539296118118,-44.6779731875413,-28.2882195979937,-93.8028240504289,-51.8790847831409,-30.6899568074157
01-Feb-2025 07:39:03,110,49,0.00384501099276046,0.369202440977097,0.0642059778173765,0.576400132973989,-0.024360288058718,-0.794796593983968,0.188329071799914,-68.0903720583422,-67.9678539989742,-36.7785802126717,-36.5165999273849,-44.4357340482559,-27.9121582716877,-88.458748739975,-52.2118898179778,-29.8508105696894
01-Feb-2025 07:39:41,110,50,0.00168674950643132,0.367581647634506,0.0713150531053543,0.572982398668925,-0.0508503260711829,-0.797330594062805,0.182672790686289,-70.305454285597,-74.6359144205706,-39.2354423822294,-31.3417697563312,-40.9945413116319,-27.2770837083461,-83.9999172898237,-52.48461220865,-29.684890070755
01-Feb-2025 07:40:05,110,51,-0.00443551608671745,0.365753545363744,0.0762481446067492,0.567273493607839,-0.0815825308362643,-0.798572218418121,0.183922613660494,-73.1848679396017,-71.102713593951,-37.2307506316012,-22.8481893419641,-24.1038717763387,-16.4625025264866,-80.0587077698238,-45.7522932772399,-25.5805824412167
01-Feb-2025 07:40:49,110,52,-0.00799346957355738,0.367685403426488,0.0741537854075432,0.570389072100321,-0.105945893128713,-0.798921541372935,0.158607004086177,-79.3214473069812,-77.9938821432234,-41.39528192088,-29.1952338059402,-41.0634638417109,-27.2581680353681,-76.9013092148995,-45.7174536847887,-27.1570812463762
01-Feb-2025 07:41:15,110,53,-0.0152240972345074,0.365842978159587,0.0799907043576241,0.56644758383433,-0.142822405695915,-0.798490929603577,0.145434412360191,-83.3366095310483,-77.1972353804417,-40.3944247301124,-16.637590709088,-24.3231867074159,-16.6089568896203,-67.2358161425131,-41.5313537618169,-23.8489832688848
01-Feb-2025 07:41:56,110,54,-0.0170856047421694,0.367014622688293,0.0753523339827855,0.569132288297017,-0.191778782010078,-0.792602574825287,0.105311515430609,-93.0648864260214,-80.1112673773618,-37.349807033058,-27.9994267627122,-41.909686603406,-26.437303757489,-61.2906826083663,-39.2399288453909,-25.695380011843
01-Feb-2025 07:42:33,110,55,-0.0210220977663994,0.367078713575999,0.0774346441030502,0.5663760582606,-0.221879843870799,-0.788416039943695,0.0915841897328695,-98.2878090351664,-79.3783455462683,-38.826342215992,-27.3975909261295,-40.7212191994792,-25.9919314617004,-55.8560254448539,-37.2606888463347,-24.3331275591384
01-Feb-2025 07:43:10,110,56,-0.022460247327884,0.367920581499735,0.0759898588061333,0.562095808982849,-0.253596591949463,-0.782697419325511,0.0843910450736682,-104.333054501397,-75.846946801168,-39.0384538389201,-26.6639191444432,-42.2952681455941,-25.7346995840832,-52.7766064666586,-35.4375413059634,-23.3915505086024
01-Feb-2025 07:43:46,110,57,-0.0209815330803394,0.368015263477961,0.0731439858675003,0.559467267990112,-0.294490919510523,-0.771661599477132,0.0693533579508464,-111.464461396171,-72.4913095990645,-34.8683536818454,-25.9393293902051,-40.8255752667297,-25.1215379155516,-47.724806581122,-34.1424399949346,-22.4353111591507
01-Feb-2025 07:44:20,110,58,-0.0226383332163095,0.368522306283315,0.0739512900511424,0.556048544247945,-0.331194321314494,-0.760748469829559,0.048806818574667,-117.863949005217,-66.0735531684592,-35.4071476347691,-25.9692806496912,-40.1590114753757,-23.1304113515628,-42.8868162419148,-33.936361798577,-20.5717406602412
01-Feb-2025 07:44:55,110,59,-0.0236455318828424,0.369135789076487,0.0713235179583232,0.551878221829732,-0.35953982869784,-0.751978202660878,0.0262750579665105,-123.222476971398,-62.3247371236031,-34.6253886426922,-26.9015024160393,-41.394012227777,-24.2753023398455,-37.5557306758721,-33.224795159555,-20.2795045866027
01-Feb-2025 07:45:32,110,60,-0.0250610376397769,0.367564968268077,0.0725516160329183,0.559726711114248,-0.348282831907272,-0.751930765310923,0.00227632802755882,-120.350724182667,-63.4852155172018,-35.384119353636,-29.7428916989381,-40.2390213591135,-22.8811692105237,-32.1499260455858,-32.5623388329557,-19.7247170452083
01-Feb-2025 07:46:07,110,61,-0.0220809571444988,0.364946250120799,0.0637193903326988,0.566689284642537,-0.323881409565608,-0.757316740353902,-0.0208676934242249,-114.293731483219,-58.8254290072379,-31.8752118283297,-33.4098486085524,-40.5719216263888,-23.2460404692697,-29.0208476085905,-31.5485103956904,-19.1877631101317
01-Feb-2025 07:46:37,110,62,-0.0217362520595392,0.362211018800735,0.0655558412273725,0.575777276357015,-0.307352880636851,-0.756105037530263,-0.0481656104326248,-108.819118828414,-56.7305100454926,-29.9824851848983,-36.2895893315244,-28.5987674616336,-16.5404139220498,-24.2551322682409,-29.458995903092,-11.459725978214
01-Feb-2025 07:47:03,110,63,-0.0271017358948787,0.360839378833771,0.064829375843207,0.579813003540039,-0.28464963833491,-0.759367179870605,-0.0784406423568726,-103.93569619593,-57.2680248578566,-33.2478489824044,-41.0257219611754,-22.7725860808631,-13.1245384718468,-11.3210984762141,-13.7816383828272,-7.4111472478757
01-Feb-2025 07:47:59,110,64,-0.0218716628849506,0.365312639872233,0.0613912920157115,0.583635294437408,-0.266906354824702,-0.763862721125285,-0.0681512708465258,-107.672868574606,-60.3217565572752,-35.0422580003792,-46.9150505441657,-41.1698910920847,-23.0535385701522,-27.7529054583485,-32.7103593487291,-19.452297718327
01-Feb-2025 07:48:21,110,65,-0.0282904084771872,0.361849097410838,0.0609054525693258,0.587102663516998,-0.249663856625557,-0.762389914194743,-0.108351474006971,-98.9203384588623,-58.8585967002212,-31.8261896285883,-50.4559771038258,-28.8539392993028,-15.9549764427119,-7.11763282756392,-12.7671195577143,-7.81331278917335
01-Feb-2025 07:49:12,110,66,-0.0223674029111862,0.366329028209051,0.0585820019245148,0.593708678086599,-0.212625276048978,-0.769183170795441,-0.10323664645354,-101.172758894546,-62.9933597812739,-35.4107511439747,-57.1303604045271,-41.9697443726423,-23.639510060349,-27.9274710013594,-33.2397416271268,-20.5003655035483
01-Feb-2025 07:49:42,110,67,-0.0265274939437707,0.366586244106293,0.0574817381799221,0.593622692426046,-0.208188166220983,-0.763805830478668,-0.144466157754262,-97.6777537066253,-62.8488999732085,-33.5801933119198,-62.9551431993958,-39.3072352449811,-21.6671531215497,-22.5955392719249,-16.8818735073101,-11.1423843680221
01-Feb-2025 07:50:18,110,68,-0.0202175877988338,0.368975263834,0.0545271329581738,0.598136115074158,-0.174797978997231,-0.767863031228383,-0.148543767134349,-95.8090357069019,-64.014828720584,-33.5420758061441,-69.7051257413482,-41.6555690168193,-22.5163509045323,-27.8177225908755,-34.2337602928788,-22.2618863075451
01-Feb-2025 07:51:03,110,69,-0.0220140751451254,0.371270974477132,0.048155315220356,0.596229382356008,-0.150346117218335,-0.77023766040802,-0.169235260287921,-95.2784613012772,-65.31095174568,-33.8001784635081,-76.8427081568424,-48.8343242384073,-24.6263260484057,-28.8669634340187,-35.2905245311402,-23.3701297845929
01-Feb-2025 07:51:42,110,70,-0.0242253029098113,0.373635158936183,0.043706284960111,0.594600721200307,-0.131856950124105,-0.770998009045919,-0.186080174644788,-94.5169586927019,-67.0471719096362,-34.5813912024419,-83.0490905091076,-52.6532901848702,-27.5166898727245,-30.3047330392582,-34.3497274957479,-13.9227440304031
01-Feb-2025 07:52:20,110,71,-0.0247225984930992,0.376619682709376,0.0405509558816751,0.594497009118398,-0.11020266910394,-0.770745714505514,-0.200947080055873,-94.4649919826513,-68.6284406430225,-35.5491589821606,-89.1648728297583,-58.6173614937705,-30.722248037266,-32.3867670255458,-37.2101498235289,-9.6975436605945
01-Feb-2025 07:52:57,110,72,-0.0261491050322851,0.379539553324381,0.0355218457678954,0.591836738586426,-0.0920416206121445,-0.771589823563894,-0.214258662859599,-94.542793221863,-70.5072336611239,-36.6102042822718,-95.3853551346017,-65.0539854838895,-34.0104033719189,-34.6409332023575,-38.8211818328964,-8.23343598297643
01-Feb-2025 07:53:47,110,73,-0.0302269967893759,0.380477299292882,0.0385372544328372,0.601474261283874,-0.0613473904629548,-0.768654870986939,-0.208889805277189,-90.2999425869383,-79.1141630383625,-43.9123561515126,-97.5375811887442,-69.2664516239619,-39.5019208968431,-37.8230952820408,-40.7303256884927,-26.4035588547147
01-Feb-2025 07:54:22,110,74,-0.0370484362045924,0.380184032519658,0.0417127127448718,0.608686689535777,-0.0432664627830187,-0.764662317434947,-0.207171583175659,-86.0520339393292,-85.5829734867799,-45.6878274008514,-95.4409822389349,-71.272055934339,-38.9390877142951,-37.8232904093551,-22.1521219644854,-15.0389548995007
01-Feb-2025 07:55:05,110,75,-0.0353287267188231,0.381056960423787,0.0470730875929197,0.619208021958669,-0.0161784800390402,-0.762682708104451,-0.186104268829028,-81.4265962853779,-93.4577244707866,-52.4999583402394,-95.1199707871497,-73.5992293298684,-39.624079178011,-42.6075020604851,-40.2802444506766,-28.6569875308105
01-Feb-2025 07:55:51,110,76,-0.0395547352731228,0.381663846969604,0.0453030154109001,0.624587361017863,0.00560956411063671,-0.758428812026978,-0.18613141477108,-77.2873941282555,-100.160445722588,-53.5054191246519,-98.6117530843765,-78.187187267974,-40.7829829648589,-43.7837219735228,-40.011530041967,-29.0413384553822
01-Feb-2025 07:56:35,110,77,-0.0393275044858456,0.378742990891139,0.0455690423647563,0.625961617628733,0.0116356090332071,-0.761245222886403,-0.168945083022118,-72.6739658612337,-99.0246048320435,-51.1186670583228,-93.7036002533061,-78.0064534178037,-41.9916967483586,-43.2675443232774,-39.1933558344856,-28.733223715792
01-Feb-2025 07:57:18,110,78,-0.038977158566316,0.375073214371999,0.0492764644324779,0.630802659193675,0.0131832125907143,-0.761667001247406,-0.147572553157806,-67.5445964684191,-98.1207565084477,-49.5302474532499,-87.2361458594887,-77.4909157032774,-37.3188886126413,-42.3368687385089,-34.7134724032789,-28.8666885495174
01-Feb-2025 07:57:51,110,79,-0.0421005512277285,0.37316290140152,0.04605401729544,0.625990152359009,-0.00352808297611773,-0.765056749184926,-0.151036659876506,-67.5191339107669,-94.5155197741296,-47.4115505590328,-82.1346435836273,-78.6759102197553,-38.8060354262326,-26.7125853939758,-34.2452226334701,-13.5714361338569
01-Feb-2025 07:58:19,110,80,-0.0422069112459819,0.371704302231471,0.0401818866531054,0.618157172203064,-0.0140965469802419,-0.772647019227346,-0.143873591224353,-67.5521860716664,-90.8182811815487,-45.6049367801298,-79.1558159170792,-81.9897037701442,-40.9978017600197,-23.322177565812,-32.48654555773,-6.59907861152519
01-Feb-2025 07:58:51,110,81,-0.042176025857528,0.371430583794912,0.0356132445236047,0.615025126934052,-0.0154941070824862,-0.777522234121958,-0.13024295270443,-67.6894955918419,-88.3500416598364,-48.0793645588838,-78.0633255551877,-85.9928968374886,-43.5418778539046,-39.1737074958329,-32.5576548290242,-2.66316853585797
01-Feb-2025 07:59:36,110,82,-0.0389558151364326,0.375496238470078,0.0286390879501899,0.606038041909536,-0.0259263078371684,-0.783802644411723,-0.133038153251012,-73.8789337916553,-84.9213016735584,-47.8943131164663,-82.6390038456245,-92.1407896633107,-49.1871088278385,-42.9712063049462,-37.2936572738357,-28.4454821835227
01-Feb-2025 08:00:19,110,83,-0.0399599350988865,0.376755219697952,0.0235452270756165,0.599440785249074,-0.0335574741164843,-0.788807209332784,-0.131635265549024,-77.3194363312876,-89.2623114549975,-47.654522063463,-82.9237664622254,-97.9360323683717,-55.1829172417968,-43.1416895536058,-38.7371063054058,-29.4119076928538
01-Feb-2025 08:00:58,110,84,-0.0398107359806697,0.37846160531044,0.0179512432465951,0.598755971590678,-0.0248634637643894,-0.791182863712311,-0.122076975305875,-75.6354710408295,-88.9381961202951,-46.5623612051669,-83.2380712419084,-103.779950013052,-58.6540143757673,-46.1486650220384,-39.8092786303552,-30.5703891330179
01-Feb-2025 08:01:41,110,85,-0.0396488753457864,0.376907712221146,0.0258671378095945,0.600610756874084,-0.0301415599882603,-0.788516513506571,-0.128840815027555,-75.8673622131404,-92.3252442800883,-47.6778812178069,-82.5557741764583,-100.355351489716,-55.1908317981304,-43.710095149373,-39.3343820738599,-30.4936860218309
01-Feb-2025 08:02:24,110,86,-0.0393395970265071,0.376538950204849,0.0314231862624486,0.602425956726074,-0.0343577762444814,-0.787780729929606,-0.123709565897783,-77.0681364279286,-93.8710111608462,-47.3053087791237,-81.3183626517787,-96.3804217012849,-50.5339714004965,-44.1181483316509,-38.2041663407093,-29.9399968933521
01-Feb-2025 08:03:06,110,87,-0.0380871256192525,0.375783296426137,0.0397713380555312,0.603942282994588,-0.0443795365591844,-0.78597469329834,-0.12461138466994,-78.6783521639556,-95.5461374020864,-48.5886901147789,-80.5533938974844,-88.6803262803061,-47.0052720928641,-43.0995130414004,-38.3212910192312,-29.1478147562275
01-Feb-2025 08:03:45,110,88,-0.035855591793855,0.374661576747894,0.0473533645272255,0.607243104775747,-0.0458369630078475,-0.783242809772491,-0.125241759419441,-78.1682886606018,-95.8609433235677,-49.2000483376033,-79.9496465283827,-80.4676480430536,-42.3156533302325,-42.3425335148858,-37.8620859035892,-28.53638611478
01-Feb-2025 08:04:25,110,89,-0.0338699070115884,0.373988199234009,0.0547527874509494,0.609354472160339,-0.0546965750555197,-0.781846837202708,-0.120045496026675,-79.3730855375578,-97.1455890851697,-50.3003950040123,-78.3015098518773,-71.6236783976642,-38.0205748401013,-41.9413818702391,-37.2647158908654,-27.715334221171
01-Feb-2025 08:05:04,110,90,-0.0336829068760077,0.37328652938207,0.0628211423754692,0.614279278119405,-0.0503913263479869,-0.779326220353444,-0.11301483909289,-77.9103126046686,-99.2901547668319,-52.0952358922136,-76.6561785216701,-61.7890630482063,-34.8977664862203,-42.7681441665263,-35.3982634296005,-26.7144707014812
01-Feb-2025 08:05:44,110,91,-0.0330633523563544,0.373421182235082,0.069354389111201,0.614630496501923,-0.0542557666699092,-0.779733459154765,-0.106307969987392,-78.4887547668568,-100.889680408524,-52.962323891311,-75.3122498646119,-52.9591248467142,-33.2610932004644,-43.0088634332804,-35.5972697440652,-25.6237013687511
01-Feb-2025 08:06:27,110,92,-0.0325680166482925,0.37332151333491,0.069653989871343,0.615148937702179,-0.0513726467887561,-0.779408979415894,-0.107118111352126,-77.6128044765838,-101.841686030232,-52.5405354458565,-75.4690225441283,-51.4565252192049,-32.5924874487709,-43.1815611852681,-35.7790054463947,-25.6129791295008
01-Feb-2025 08:07:12,110,93,-0.03152108391126,0.373307305574417,0.0700157796343168,0.615451407432556,-0.051200644671917,-0.779450078805288,-0.10514586965243,-77.8096579600801,-102.019931641947,-51.6993087781261,-75.176145891932,-50.9175948786871,-32.0329154641088,-43.6202481798725,-35.8021058426567,-25.6922804369904
01-Feb-2025 08:07:56,110,94,-0.0344851481417815,0.371877616643906,0.0723365883032481,0.620216345787048,-0.0281421318650246,-0.776821875572205,-0.10529712587595,-71.7929133304611,-105.111297248665,-53.4233629992577,-74.6584445738793,-50.7854991816653,-31.3028603629623,-42.6919297957853,-34.5458885858848,-25.14159351785
01-Feb-2025 08:08:44,110,95,-0.03554684172074,0.371382160981496,0.0754765863219897,0.619399893283844,-0.0347910051544507,-0.778139098485311,-0.0981476714213689,-72.1943696442844,-106.659222852886,-54.7050576648202,-72.8283309228984,-48.5318208063915,-31.1625637035736,-42.1301087223523,-34.4500125025961,-24.8759124853946
01-Feb-2025 08:09:33,110,96,-0.0358845715721448,0.371309502919515,0.0765049909551938,0.62016696135203,-0.0347225030263265,-0.777838655312856,-0.0956783413887024,-71.9799264298289,-106.760428455858,-55.8405725525983,-72.5170111054534,-48.7423510919918,-30.9421462650639,-42.2765363042463,-34.1093070060489,-24.6777343962816
01-Feb-2025 08:10:24,110,97,-0.0364189354081949,0.37091908454895,0.0768150503436724,0.619280350208282,-0.0379121591647466,-0.77835279305776,-0.096028449634711,-71.907533451234,-107.113274058205,-55.9279975514841,-71.3900882047764,-47.7099857080291,-31.2816684369939,-41.9520882138039,-34.2461868028726,-24.4383077788399
01-Feb-2025 08:11:09,110,98,-0.0353557067612807,0.373276778062185,0.0755743265151978,0.615504666169484,-0.0672954693436623,-0.77871827284495,-0.101109966138999,-79.6204929003091,-101.448425663629,-57.6011286412108,-72.9030539692712,-48.5924369700583,-32.3883006881227,-41.9090452715811,-36.5918637031577,-24.8697671592143
01-Feb-2025 08:11:57,110,99,-0.0373899683356285,0.376179109017054,0.0753432621558507,0.614031477769216,-0.0839886501431465,-0.777540600299835,-0.106498293081919,-85.3439649083494,-106.683987268896,-58.3372372587143,-74.399618962958,-51.1141643146966,-33.7099178418614,-42.6107834112741,-37.2194369267855,-25.5534144075065
01-Feb-2025 08:12:42,110,100,-0.0375254636009534,0.378939475615819,0.0759754359722137,0.610648787021637,-0.117430452505747,-0.774977405865987,-0.11281932691733,-93.5226931958722,-109.644753874086,-52.9798346401064,-75.0629835712408,-53.3305297006394,-35.2140274469049,-41.7349120919251,-39.0129583120847,-27.4881555897576
